2.961224489795918302e+01
3.412244897959183731e+01
1.175510204081632715e+01
1.689795918367346772e+01
1.665306122448979664e+01
2.073469387755102034e+01
1.142857142857142883e+01
1.479591836734693899e+01
3.210204081632652873e+01
4.259183673469387799e+01
1.477551020408163218e+01
2.477551020408163396e+01
1.357142857142857117e+01
1.136734693877551017e+01
1.073469387755102034e+01
1.361224489795918302e+01
1.977551020408163396e+01
1.991836734693877631e+01
2.253061224489795933e+01
1.926530612244897966e+01
2.648979591836734571e+01
9.816326530612244028e+00
1.187755102040816269e+01
1.234693877551020336e+01
1.638775510204081698e+01
4.606122448979591866e+01
1.595918367346938815e+01
7.979591836734694077e+00
2.081632653061224403e+01
3.485714285714285410e+01
2.020408163265306101e+01
1.893877551020408134e+01
2.148979591836734571e+01
1.565306122448979664e+01
2.351020408163265429e+01
3.955102040816326792e+01
1.710204081632653228e+01
3.516326530612244738e+01
3.193877551020408134e+01
2.187755102040816269e+01
1.561224489795918302e+01
3.128571428571428470e+01
1.395918367346938815e+01
2.526530612244897966e+01
1.167346938775510168e+01
1.251020408163265252e+01
2.051020408163265429e+01
1.028571428571428648e+01
1.120408163265306101e+01
2.173469387755102034e+01
3.008163265306122369e+01
1.108163265306122369e+01
1.110204081632653050e+01
1.130612244897959151e+01
2.669387755102040671e+01
1.681632653061224403e+01
1.153061224489795933e+01
1.804081632653061362e+01
1.334693877551020336e+01
3.324489795918367463e+01
9.836734693877550839e+00
2.055102040816326436e+01
2.185714285714285765e+01
3.340816326530612201e+01
2.120408163265306101e+01
1.495918367346938815e+01
1.271428571428571352e+01
2.797959183673469497e+01
1.067346938775510168e+01
2.002040816326530503e+01
1.193877551020408134e+01
1.306122448979591866e+01
3.495918367346938993e+01
1.367346938775510168e+01
2.971428571428571530e+01
1.228571428571428648e+01
2.424489795918367463e+01
1.534693877551020336e+01
3.712244897959183731e+01
2.665306122448979664e+01
1.048979591836734748e+01
1.224489795918367285e+01
4.210204081632652873e+01
3.102040816326530503e+01
3.712244897959183731e+01
1.848979591836734571e+01
1.477551020408163218e+01
8.326530612244898322e+00
2.438775510204081698e+01
1.704081632653061362e+01
2.212244897959183731e+01
1.869387755102040671e+01
1.557142857142857117e+01
2.975510204081632537e+01
1.591836734693877631e+01
3.012244897959183731e+01
1.597959183673469319e+01
2.236734693877551194e+01
1.181632653061224403e+01
2.238775510204081698e+01
1.789795918367346772e+01
3.740816326530612201e+01
2.638775510204081698e+01
1.571428571428571352e+01
1.736734693877551194e+01
2.363265306122448806e+01
1.783673469387755262e+01
1.851020408163265429e+01
1.914285714285714235e+01
1.318367346938775597e+01
1.924489795918367463e+01
9.602040816326530148e+01
2.506122448979591866e+01
1.057142857142857117e+01
1.634693877551020336e+01
1.400000000000000000e+01
1.834693877551020336e+01
1.044897959183673386e+01
1.534693877551020336e+01
2.557142857142857295e+01
1.738775510204081698e+01
1.055102040816326614e+01
3.928571428571428470e+01
2.816326530612244738e+01
9.877551020408162685e+00
1.518367346938775597e+01
2.846938775510204067e+01
1.910204081632653228e+01
2.659183673469387799e+01
1.420408163265306101e+01
1.267346938775510168e+01
1.410204081632653050e+01
1.887755102040816269e+01
1.310204081632653050e+01
1.687755102040816269e+01
2.110204081632653228e+01
1.689795918367346772e+01
2.159183673469387799e+01
1.653061224489795933e+01
2.140816326530612201e+01
2.026530612244897966e+01
3.261224489795918657e+01
1.473469387755102034e+01
2.483673469387755262e+01
1.540816326530612201e+01
1.453061224489795933e+01
2.589795918367346772e+01
2.428571428571428470e+01
2.142857142857142705e+01
1.273469387755102034e+01
1.965306122448979664e+01
1.789795918367346772e+01
1.465306122448979664e+01
2.734693877551020336e+01
1.430612244897959151e+01
2.334693877551020336e+01
3.140816326530612201e+01
1.681632653061224403e+01
2.373469387755102034e+01
1.122448979591836782e+01
1.885714285714285765e+01
1.540816326530612201e+01
1.287755102040816269e+01
2.479591836734693899e+01
1.834693877551020336e+01
1.842857142857142705e+01
2.095918367346938638e+01
1.959183673469387799e+01
1.857142857142857295e+01
2.608163265306122369e+01
2.128571428571428470e+01
1.716326530612244738e+01
1.995918367346938638e+01
2.891836734693877631e+01
1.897959183673469497e+01
1.657142857142857295e+01
1.389795918367346950e+01
1.908163265306122369e+01
5.516326530612244738e+01
1.465306122448979664e+01
1.193877551020408134e+01
2.216326530612244738e+01
3.020408163265306101e+01
1.914285714285714235e+01
1.583673469387755084e+01
2.730612244897959329e+01
2.555102040816326436e+01
2.748979591836734571e+01
4.140816326530612201e+01
1.869387755102040671e+01
3.251020408163265074e+01
2.161224489795918302e+01
2.000000000000000000e+01
1.761224489795918302e+01
1.726530612244897966e+01
1.661224489795918302e+01
2.720408163265306101e+01
2.495918367346938638e+01
3.257142857142856940e+01
1.540816326530612201e+01
1.522448979591836782e+01
2.924489795918367463e+01
1.508163265306122369e+01
2.397959183673469497e+01
1.693877551020408134e+01
1.434693877551020336e+01
2.310204081632653228e+01
2.736734693877551194e+01
2.679591836734693899e+01
3.002040816326530503e+01
1.512244897959183731e+01
2.267346938775510168e+01
1.061224489795918302e+01
2.959183673469387799e+01
2.859183673469387799e+01
1.853061224489795933e+01
1.900000000000000000e+01
1.118367346938775597e+01
3.567346938775510523e+01
1.208163265306122369e+01
3.538775510204081343e+01
1.720408163265306101e+01
9.673469387755101678e+00
2.622448979591836604e+01
2.587755102040816269e+01
1.804081632653061362e+01
2.214285714285714235e+01
1.673469387755102034e+01
2.569387755102040671e+01
1.706122448979591866e+01
3.271428571428571530e+01
1.495918367346938815e+01
1.059183673469387799e+01
1.326530612244897966e+01
2.361224489795918302e+01
1.946938775510204067e+01
2.951020408163265429e+01
1.910204081632653228e+01
2.679591836734693899e+01
1.865306122448979664e+01
1.938775510204081698e+01
1.716326530612244738e+01
2.508163265306122369e+01
2.187755102040816269e+01
1.734693877551020336e+01
3.506122448979591866e+01
1.381632653061224403e+01
1.455102040816326614e+01
1.728571428571428470e+01
1.520408163265306101e+01
1.577551020408163218e+01
1.634693877551020336e+01
2.142857142857142705e+01
2.228571428571428470e+01
1.961224489795918302e+01
1.438775510204081698e+01
1.926530612244897966e+01
2.177551020408163396e+01
2.951020408163265429e+01
1.081632653061224403e+01
1.208163265306122369e+01
1.467346938775510168e+01
3.085714285714285765e+01
1.765306122448979664e+01
1.136734693877551017e+01
1.895918367346938638e+01
1.469387755102040849e+01
3.200000000000000000e+01
2.708163265306122369e+01
1.689795918367346772e+01
1.373469387755102034e+01
1.583673469387755084e+01
1.734693877551020336e+01
1.338775510204081698e+01
2.061224489795918302e+01
1.838775510204081698e+01
1.469387755102040849e+01
3.593877551020408134e+01
3.300000000000000000e+01
2.095918367346938638e+01
1.918367346938775597e+01
1.893877551020408134e+01
5.148979591836734926e+01
2.895918367346938638e+01
1.404081632653061185e+01
1.826530612244897966e+01
1.097959183673469319e+01
1.565306122448979664e+01
2.485714285714285765e+01
1.410204081632653050e+01
1.493877551020408134e+01
1.459183673469387799e+01
2.102040816326530503e+01
1.367346938775510168e+01
2.185714285714285765e+01
1.410204081632653050e+01
1.622448979591836604e+01
3.242857142857143060e+01
1.865306122448979664e+01
1.953061224489795933e+01
1.775510204081632537e+01
1.071428571428571352e+01
1.771428571428571530e+01
1.057142857142857117e+01
3.679591836734693544e+01
1.375510204081632715e+01
1.783673469387755262e+01
1.891836734693877631e+01
1.224489795918367285e+01
2.700000000000000000e+01
2.371428571428571530e+01
3.191836734693877631e+01
1.959183673469387799e+01
1.208163265306122369e+01
1.434693877551020336e+01
2.167346938775510168e+01
1.587755102040816269e+01
2.318367346938775597e+01
1.293877551020408134e+01
1.706122448979591866e+01
1.589795918367346950e+01
1.340816326530612201e+01
1.193877551020408134e+01
2.267346938775510168e+01
2.677551020408163396e+01
1.612244897959183731e+01
2.628571428571428470e+01
1.848979591836734571e+01
4.144897959183673208e+01
3.014285714285714235e+01
1.816326530612244738e+01
1.136734693877551017e+01
1.483673469387755084e+01
2.908163265306122369e+01
3.283673469387755262e+01
2.387755102040816269e+01
1.902040816326530503e+01
1.661224489795918302e+01
2.316326530612244738e+01
2.497959183673469497e+01
2.879591836734693899e+01
1.571428571428571352e+01
1.706122448979591866e+01
1.273469387755102034e+01
1.648979591836734571e+01
1.785714285714285765e+01
1.206122448979591866e+01
1.942857142857142705e+01
2.734693877551020336e+01
1.726530612244897966e+01
1.561224489795918302e+01
3.038775510204081698e+01
8.918367346938776308e+00
2.983673469387755262e+01
1.185714285714285765e+01
1.310204081632653050e+01
2.804081632653061362e+01
1.665306122448979664e+01
3.587755102040816269e+01
2.059183673469387799e+01
1.306122448979591866e+01
2.591836734693877631e+01
2.048979591836734571e+01
1.616326530612244738e+01
1.987755102040816269e+01
1.095918367346938815e+01
2.277551020408163396e+01
1.548979591836734748e+01
2.636734693877551194e+01
2.073469387755102034e+01
1.595918367346938815e+01
2.387755102040816269e+01
3.371428571428571530e+01
1.179591836734693899e+01
4.704081632653061007e+01
2.463265306122448806e+01
6.420408163265305745e+01
1.269387755102040849e+01
2.236734693877551194e+01
1.746938775510204067e+01
1.514285714285714235e+01
3.985714285714285410e+01
2.387755102040816269e+01
1.412244897959183731e+01
1.165306122448979664e+01
1.689795918367346772e+01
1.130612244897959151e+01
1.369387755102040849e+01
2.248979591836734571e+01
3.102040816326530503e+01
2.222448979591836604e+01
1.261224489795918302e+01
2.173469387755102034e+01
8.959183673469388154e+00
1.467346938775510168e+01
1.418367346938775597e+01
3.304081632653061007e+01
1.942857142857142705e+01
1.506122448979591866e+01
1.710204081632653228e+01
1.661224489795918302e+01
2.330612244897959329e+01
1.524489795918367285e+01
1.938775510204081698e+01
3.524489795918367463e+01
2.430612244897959329e+01
1.246938775510204067e+01
1.459183673469387799e+01
2.014285714285714235e+01
1.769387755102040671e+01
2.561224489795918302e+01
8.387755102040816979e+00
1.416326530612244916e+01
2.404081632653061362e+01
1.577551020408163218e+01
1.540816326530612201e+01
1.695918367346938638e+01
1.371428571428571352e+01
1.248979591836734748e+01
9.938775510204081343e+00
2.740816326530612201e+01
1.077551020408163218e+01
1.906122448979591866e+01
3.167346938775510168e+01
1.824489795918367463e+01
3.373469387755102389e+01
4.695918367346938993e+01
2.126530612244897966e+01
1.995918367346938638e+01
1.193877551020408134e+01
2.508163265306122369e+01
1.448979591836734748e+01
2.591836734693877631e+01
2.297959183673469497e+01
8.367346938775510168e+00
2.126530612244897966e+01
2.304081632653061362e+01
2.071428571428571530e+01
1.624489795918367463e+01
2.073469387755102034e+01
2.083673469387755262e+01
2.671428571428571530e+01
1.071428571428571352e+01
1.738775510204081698e+01
1.808163265306122369e+01
1.736734693877551194e+01
2.510204081632653228e+01
3.826530612244897611e+01
1.126530612244897966e+01
1.308163265306122369e+01
2.279591836734693899e+01
2.418367346938775597e+01
1.038775510204081698e+01
1.928571428571428470e+01
2.504081632653061362e+01
1.665306122448979664e+01
1.983673469387755262e+01
2.169387755102040671e+01
1.530612244897959151e+01
2.102040816326530503e+01
2.548979591836734571e+01
3.179591836734693899e+01
1.902040816326530503e+01
2.257142857142857295e+01
1.085714285714285765e+01
1.616326530612244738e+01
1.383673469387755084e+01
4.712244897959183731e+01
1.883673469387755262e+01
2.926530612244897966e+01
2.785714285714285765e+01
1.538775510204081698e+01
1.297959183673469319e+01
1.118367346938775597e+01
2.028571428571428470e+01
1.230612244897959151e+01
7.653061224489795222e+01
1.914285714285714235e+01
1.565306122448979664e+01
3.873469387755102389e+01
1.336734693877551017e+01
1.218367346938775597e+01
2.153061224489795933e+01
2.820408163265306101e+01
2.410204081632653228e+01
2.432653061224489832e+01
1.655102040816326436e+01
1.483673469387755084e+01
1.936734693877551194e+01
1.173469387755102034e+01
1.459183673469387799e+01
3.379591836734693544e+01
2.461224489795918302e+01
1.367346938775510168e+01
2.124489795918367463e+01
2.357142857142857295e+01
1.122448979591836782e+01
1.612244897959183731e+01
2.416326530612244738e+01
3.342857142857143060e+01
2.520408163265306101e+01
2.114285714285714235e+01
2.275510204081632537e+01
2.159183673469387799e+01
1.700000000000000000e+01
1.234693877551020336e+01
1.532653061224489832e+01
1.497959183673469319e+01
1.116326530612244916e+01
2.634693877551020336e+01
1.761224489795918302e+01
1.665306122448979664e+01
9.836734693877550839e+00
1.510204081632653050e+01
1.663265306122448806e+01
1.126530612244897966e+01
1.967346938775510168e+01
1.410204081632653050e+01
1.289795918367346950e+01
1.567346938775510168e+01
1.873469387755102034e+01
2.746938775510204067e+01
1.461224489795918302e+01
1.138775510204081698e+01
1.891836734693877631e+01
1.079591836734693899e+01
1.397959183673469319e+01
1.885714285714285765e+01
4.263265306122448806e+01
1.338775510204081698e+01
1.602040816326530503e+01
1.271428571428571352e+01
4.706122448979591866e+01
1.822448979591836604e+01
9.265306122448979664e+00
1.681632653061224403e+01
2.361224489795918302e+01
1.783673469387755262e+01
2.269387755102040671e+01
2.146938775510204067e+01
2.038775510204081698e+01
1.732653061224489832e+01
2.985714285714285765e+01
4.591836734693877276e+01
2.432653061224489832e+01
1.351020408163265252e+01
1.857142857142857295e+01
2.395918367346938638e+01
2.248979591836734571e+01
1.440816326530612201e+01
2.142857142857142705e+01
1.332653061224489832e+01
3.571428571428571530e+01
2.081632653061224403e+01
1.559183673469387799e+01
2.108163265306122369e+01
1.459183673469387799e+01
2.940816326530612201e+01
2.553061224489795933e+01
1.887755102040816269e+01
2.020408163265306101e+01
2.502040816326530503e+01
2.777551020408163396e+01
2.202040816326530503e+01
2.002040816326530503e+01
2.475510204081632537e+01
2.230612244897959329e+01
1.714285714285714235e+01
1.283673469387755084e+01
1.181632653061224403e+01
3.306122448979591866e+01
1.683673469387755262e+01
1.432653061224489832e+01
2.475510204081632537e+01
2.851020408163265429e+01
1.144897959183673386e+01
2.559183673469387799e+01
2.038775510204081698e+01
3.628571428571428470e+01
1.263265306122448983e+01
2.171428571428571530e+01
2.965306122448979664e+01
2.171428571428571530e+01
9.183673469387755972e+00
3.902040816326530859e+01
2.069387755102040671e+01
1.908163265306122369e+01
2.553061224489795933e+01
1.528571428571428648e+01
1.828571428571428470e+01
1.106122448979591866e+01
1.630612244897959329e+01
1.512244897959183731e+01
9.469387755102040671e+00
1.765306122448979664e+01
3.383673469387755262e+01
1.842857142857142705e+01
1.255102040816326614e+01
1.600000000000000000e+01
1.875510204081632537e+01
1.418367346938775597e+01
1.702040816326530503e+01
2.528571428571428470e+01
1.573469387755102034e+01
1.681632653061224403e+01
2.389795918367346772e+01
2.385714285714285765e+01
1.469387755102040849e+01
2.297959183673469497e+01
1.322448979591836782e+01
3.677551020408163396e+01
1.289795918367346950e+01
3.593877551020408134e+01
1.814285714285714235e+01
2.067346938775510168e+01
1.797959183673469497e+01
1.730612244897959329e+01
2.930612244897959329e+01
1.289795918367346950e+01
2.359183673469387799e+01
2.293877551020408134e+01
3.422448979591836604e+01
2.151020408163265429e+01
2.418367346938775597e+01
1.008163265306122369e+01
2.397959183673469497e+01
1.457142857142857117e+01
1.748979591836734571e+01
2.100000000000000000e+01
1.291836734693877631e+01
2.479591836734693899e+01
1.667346938775510168e+01
1.838775510204081698e+01
2.234693877551020336e+01
1.448979591836734748e+01
2.620408163265306101e+01
3.479591836734693544e+01
1.146938775510204067e+01
2.542857142857142705e+01
1.430612244897959151e+01
3.351020408163265074e+01
1.408163265306122369e+01
1.983673469387755262e+01
2.579591836734693899e+01
1.802040816326530503e+01
1.348979591836734748e+01
1.834693877551020336e+01
1.655102040816326436e+01
1.773469387755102034e+01
1.704081632653061362e+01
2.167346938775510168e+01
1.367346938775510168e+01
1.618367346938775597e+01
1.497959183673469319e+01
2.238775510204081698e+01
7.367346938775510168e+00
1.500000000000000000e+01
2.920408163265306101e+01
4.520408163265306456e+01
1.665306122448979664e+01
3.777551020408163396e+01
1.395918367346938815e+01
1.357142857142857117e+01
2.026530612244897966e+01
2.544897959183673564e+01
1.495918367346938815e+01
3.440816326530612201e+01
2.087755102040816269e+01
1.912244897959183731e+01
1.200000000000000000e+01
1.744897959183673564e+01
1.900000000000000000e+01
1.481632653061224403e+01
2.214285714285714235e+01
1.202040816326530681e+01
2.697959183673469497e+01
1.424489795918367285e+01
3.293877551020408134e+01
2.736734693877551194e+01
1.612244897959183731e+01
1.118367346938775597e+01
1.267346938775510168e+01
1.608163265306122369e+01
1.069387755102040849e+01
1.416326530612244916e+01
1.875510204081632537e+01
4.553061224489795933e+01
2.961224489795918302e+01
1.910204081632653228e+01
4.820408163265306456e+01
4.173469387755102389e+01
1.836734693877551194e+01
1.875510204081632537e+01
2.014285714285714235e+01
2.842857142857142705e+01
1.553061224489795933e+01
2.289795918367346772e+01
1.930612244897959329e+01
1.408163265306122369e+01
1.597959183673469319e+01
4.418367346938775597e+01
2.512244897959183731e+01
6.500000000000000000e+01
1.895918367346938638e+01
2.020408163265306101e+01
4.422448979591836604e+01
1.126530612244897966e+01
1.940816326530612201e+01
8.224489795918367818e+00
1.608163265306122369e+01
1.636734693877551194e+01
4.420408163265306456e+01
1.946938775510204067e+01
1.314285714285714235e+01
1.536734693877551017e+01
2.069387755102040671e+01
2.581632653061224403e+01
1.824489795918367463e+01
2.434693877551020336e+01
1.440816326530612201e+01
2.079591836734693899e+01
2.426530612244897966e+01
1.322448979591836782e+01
1.569387755102040849e+01
1.951020408163265429e+01
1.504081632653061185e+01
2.100000000000000000e+01
2.228571428571428470e+01
1.353061224489795933e+01
1.500000000000000000e+01
1.934693877551020336e+01
1.416326530612244916e+01
2.097959183673469497e+01
1.553061224489795933e+01
1.706122448979591866e+01
4.414285714285714590e+01
1.767346938775510168e+01
1.404081632653061185e+01
2.063265306122448806e+01
1.912244897959183731e+01
2.136734693877551194e+01
1.551020408163265252e+01
3.832653061224489477e+01
1.808163265306122369e+01
1.095918367346938815e+01
2.404081632653061362e+01
1.993877551020408134e+01
2.167346938775510168e+01
1.208163265306122369e+01
2.175510204081632537e+01
1.283673469387755084e+01
1.867346938775510168e+01
1.446938775510204067e+01
1.169387755102040849e+01
1.259183673469387799e+01
4.702040816326530859e+01
1.673469387755102034e+01
1.259183673469387799e+01
1.918367346938775597e+01
1.767346938775510168e+01
1.583673469387755084e+01
1.669387755102040671e+01
2.667346938775510168e+01
2.079591836734693899e+01
3.985714285714285410e+01
2.018367346938775597e+01
2.179591836734693899e+01
2.824489795918367463e+01
1.093877551020408134e+01
1.189795918367346950e+01
2.238775510204081698e+01
2.687755102040816269e+01
1.561224489795918302e+01
2.320408163265306101e+01
1.728571428571428470e+01
2.187755102040816269e+01
1.463265306122448983e+01
1.234693877551020336e+01
1.536734693877551017e+01
2.791836734693877631e+01
1.848979591836734571e+01
1.510204081632653050e+01
3.242857142857143060e+01
2.065306122448979664e+01
1.514285714285714235e+01
1.479591836734693899e+01
9.632653061224489832e+00
1.324489795918367285e+01
2.100000000000000000e+01
1.657142857142857295e+01
3.534693877551020336e+01
3.495918367346938993e+01
2.912244897959183731e+01
1.740816326530612201e+01
1.234693877551020336e+01
2.053061224489795933e+01
1.708163265306122369e+01
1.869387755102040671e+01
1.571428571428571352e+01
2.097959183673469497e+01
1.671428571428571530e+01
1.430612244897959151e+01
1.361224489795918302e+01
2.046938775510204067e+01
2.177551020408163396e+01
1.340816326530612201e+01
1.779591836734693899e+01
2.532653061224489832e+01
6.783673469387754551e+01
1.724489795918367463e+01
1.367346938775510168e+01
1.648979591836734571e+01
1.718367346938775597e+01
9.918367346938776308e+00
5.055102040816326792e+01
1.269387755102040849e+01
1.489795918367346950e+01
2.838775510204081698e+01
1.455102040816326614e+01
1.385714285714285765e+01
2.348979591836734571e+01
2.659183673469387799e+01
2.028571428571428470e+01
4.648979591836734926e+01
3.332653061224489477e+01
3.155102040816326436e+01
1.742857142857142705e+01
1.581632653061224403e+01
1.893877551020408134e+01
1.373469387755102034e+01
2.267346938775510168e+01
2.338775510204081698e+01
2.571428571428571530e+01
1.710204081632653228e+01
1.797959183673469497e+01
1.751020408163265429e+01
1.851020408163265429e+01
9.387755102040816979e+00
2.479591836734693899e+01
2.789795918367346772e+01
1.489795918367346950e+01
1.555102040816326614e+01
1.208163265306122369e+01
1.248979591836734748e+01
3.402040816326530859e+01
2.646938775510204067e+01
1.400000000000000000e+01
2.044897959183673564e+01
1.177551020408163218e+01
1.134693877551020336e+01
3.100000000000000000e+01
1.522448979591836782e+01
1.365306122448979664e+01
1.379591836734693899e+01
2.306122448979591866e+01
2.844897959183673564e+01
1.683673469387755262e+01
2.093877551020408134e+01
2.700000000000000000e+01
1.295918367346938815e+01
2.024489795918367463e+01
1.467346938775510168e+01
1.616326530612244738e+01
2.655102040816326436e+01
3.340816326530612201e+01
1.373469387755102034e+01
1.655102040816326436e+01
1.738775510204081698e+01
1.851020408163265429e+01
1.667346938775510168e+01
1.532653061224489832e+01
2.222448979591836604e+01
1.320408163265306101e+01
4.079591836734693544e+01
1.653061224489795933e+01
1.579591836734693899e+01
1.748979591836734571e+01
1.385714285714285765e+01
2.183673469387755262e+01
1.516326530612244916e+01
4.483673469387755262e+01
2.163265306122448806e+01
2.500000000000000000e+01
1.667346938775510168e+01
1.642857142857142705e+01
3.857142857142856940e+01
1.534693877551020336e+01
1.612244897959183731e+01
1.310204081632653050e+01
1.975510204081632537e+01
1.214285714285714235e+01
1.548979591836734748e+01
2.100000000000000000e+01
1.451020408163265252e+01
1.385714285714285765e+01
2.157142857142857295e+01
3.324489795918367463e+01
1.193877551020408134e+01
1.373469387755102034e+01
1.457142857142857117e+01
1.591836734693877631e+01
2.283673469387755262e+01
1.567346938775510168e+01
1.763265306122448806e+01
1.071428571428571352e+01
1.240816326530612201e+01
1.597959183673469319e+01
1.573469387755102034e+01
2.240816326530612201e+01
1.638775510204081698e+01
2.308163265306122369e+01
1.875510204081632537e+01
2.369387755102040671e+01
2.751020408163265429e+01
1.544897959183673386e+01
4.700000000000000000e+01
2.365306122448979664e+01
1.040816326530612201e+01
1.587755102040816269e+01
2.959183673469387799e+01
1.959183673469387799e+01
1.997959183673469497e+01
2.187755102040816269e+01
1.853061224489795933e+01
4.169387755102040671e+01
2.504081632653061362e+01
1.822448979591836604e+01
1.287755102040816269e+01
3.367346938775510523e+01
2.134693877551020336e+01
1.093877551020408134e+01
2.524489795918367463e+01
2.371428571428571530e+01
1.189795918367346950e+01
2.161224489795918302e+01
1.508163265306122369e+01
1.251020408163265252e+01
2.063265306122448806e+01
8.918367346938776308e+00
1.644897959183673564e+01
1.489795918367346950e+01
1.359183673469387799e+01
2.046938775510204067e+01
4.655102040816326792e+01
1.448979591836734748e+01
1.659183673469387799e+01
1.736734693877551194e+01
1.402040816326530681e+01
2.067346938775510168e+01
1.389795918367346950e+01
4.646938775510204067e+01
1.146938775510204067e+01
3.210204081632652873e+01
3.802040816326530859e+01
1.606122448979591866e+01
1.802040816326530503e+01
1.353061224489795933e+01
1.116326530612244916e+01
1.185714285714285765e+01
2.406122448979591866e+01
1.079591836734693899e+01
1.761224489795918302e+01
1.677551020408163396e+01
2.540816326530612201e+01
2.893877551020408134e+01
2.751020408163265429e+01
1.824489795918367463e+01
3.167346938775510168e+01
1.814285714285714235e+01
1.677551020408163396e+01
1.765306122448979664e+01
2.661224489795918302e+01
4.855102040816326792e+01
1.567346938775510168e+01
1.214285714285714235e+01
1.251020408163265252e+01
2.073469387755102034e+01
1.122448979591836782e+01
2.159183673469387799e+01
1.597959183673469319e+01
1.608163265306122369e+01
2.791836734693877631e+01
1.522448979591836782e+01
9.714285714285713524e+00
3.638775510204081343e+01
1.636734693877551194e+01
1.528571428571428648e+01
1.077551020408163218e+01
1.479591836734693899e+01
2.540816326530612201e+01
1.334693877551020336e+01
2.538775510204081698e+01
1.734693877551020336e+01
1.677551020408163396e+01
1.485714285714285765e+01
2.516326530612244738e+01
2.428571428571428470e+01
1.628571428571428470e+01
2.485714285714285765e+01
1.328571428571428648e+01
2.102040816326530503e+01
1.653061224489795933e+01
1.479591836734693899e+01
1.081632653061224403e+01
2.873469387755102034e+01
1.630612244897959329e+01
2.777551020408163396e+01
3.122448979591836604e+01
1.012244897959183731e+01
1.618367346938775597e+01
3.420408163265306456e+01
1.734693877551020336e+01
1.212244897959183731e+01
2.087755102040816269e+01
2.436734693877551194e+01
9.224489795918367818e+00
1.077551020408163218e+01
2.538775510204081698e+01
1.957142857142857295e+01
1.083673469387755084e+01
2.306122448979591866e+01
1.453061224489795933e+01
1.293877551020408134e+01
1.318367346938775597e+01
1.281632653061224403e+01
1.424489795918367285e+01
1.336734693877551017e+01
1.522448979591836782e+01
1.740816326530612201e+01
1.542857142857142883e+01
2.567346938775510168e+01
1.251020408163265252e+01
1.510204081632653050e+01
1.346938775510204067e+01
3.442857142857143060e+01
2.222448979591836604e+01
1.771428571428571530e+01
1.542857142857142883e+01
1.930612244897959329e+01
2.034693877551020336e+01
3.424489795918367463e+01
1.604081632653061362e+01
2.695918367346938638e+01
1.848979591836734571e+01
1.410204081632653050e+01
3.412244897959183731e+01
1.822448979591836604e+01
1.342857142857142883e+01
2.959183673469387799e+01
1.538775510204081698e+01
1.857142857142857295e+01
1.602040816326530503e+01
2.516326530612244738e+01
1.695918367346938638e+01
1.304081632653061185e+01
3.602040816326530859e+01
1.987755102040816269e+01
1.993877551020408134e+01
1.391836734693877631e+01
1.361224489795918302e+01
1.683673469387755262e+01
1.579591836734693899e+01
1.422448979591836782e+01
1.667346938775510168e+01
1.744897959183673564e+01
3.434693877551020336e+01
1.436734693877551017e+01
1.428571428571428648e+01
3.028571428571428470e+01
1.812244897959183731e+01
3.032653061224489832e+01
2.338775510204081698e+01
1.461224489795918302e+01
2.440816326530612201e+01
2.253061224489795933e+01
1.740816326530612201e+01
1.614285714285714235e+01
3.493877551020408134e+01
1.216326530612244916e+01
2.848979591836734571e+01
1.232653061224489832e+01
1.530612244897959151e+01
1.991836734693877631e+01
2.022448979591836604e+01
2.718367346938775597e+01
2.540816326530612201e+01
1.951020408163265429e+01
1.269387755102040849e+01
1.393877551020408134e+01
3.342857142857143060e+01
2.222448979591836604e+01
1.359183673469387799e+01
2.102040816326530503e+01
1.000000000000000000e+01
2.620408163265306101e+01
2.820408163265306101e+01
2.687755102040816269e+01
3.236734693877551194e+01
2.218367346938775597e+01
1.763265306122448806e+01
1.263265306122448983e+01
2.740816326530612201e+01
1.571428571428571352e+01
1.269387755102040849e+01
2.738775510204081698e+01
1.363265306122448983e+01
2.504081632653061362e+01
1.293877551020408134e+01
2.795918367346938638e+01
1.995918367346938638e+01
1.414285714285714235e+01
1.532653061224489832e+01
9.428571428571428825e+00
2.126530612244897966e+01
2.197959183673469497e+01
1.781632653061224403e+01
2.391836734693877631e+01
3.377551020408163396e+01
1.442857142857142883e+01
2.800000000000000000e+01
4.046938775510204067e+01
1.571428571428571352e+01
1.181632653061224403e+01
1.628571428571428470e+01
2.318367346938775597e+01
1.385714285714285765e+01
1.771428571428571530e+01
2.824489795918367463e+01
1.842857142857142705e+01
3.387755102040816269e+01
2.110204081632653228e+01
2.257142857142857295e+01
1.751020408163265429e+01
2.957142857142857295e+01
1.632653061224489832e+01
1.636734693877551194e+01
3.173469387755102034e+01
1.312244897959183731e+01
1.185714285714285765e+01
1.536734693877551017e+01
2.442857142857142705e+01
2.440816326530612201e+01
1.446938775510204067e+01
1.236734693877551017e+01
1.324489795918367285e+01
2.297959183673469497e+01
1.183673469387755084e+01
1.473469387755102034e+01
2.171428571428571530e+01
2.128571428571428470e+01
1.367346938775510168e+01
1.418367346938775597e+01
1.989795918367346772e+01
1.810204081632653228e+01
1.489795918367346950e+01
1.446938775510204067e+01
1.902040816326530503e+01
1.502040816326530681e+01
1.165306122448979664e+01
2.493877551020408134e+01
1.610204081632653228e+01
1.795918367346938638e+01
1.453061224489795933e+01
1.918367346938775597e+01
2.206122448979591866e+01
1.285714285714285765e+01
1.240816326530612201e+01
1.287755102040816269e+01
2.085714285714285765e+01
4.634693877551020336e+01
3.416326530612244738e+01
1.112244897959183731e+01
2.377551020408163396e+01
1.910204081632653228e+01
2.912244897959183731e+01
1.842857142857142705e+01
1.434693877551020336e+01
2.118367346938775597e+01
1.789795918367346772e+01
2.167346938775510168e+01
1.389795918367346950e+01
2.434693877551020336e+01
1.369387755102040849e+01
3.183673469387755262e+01
1.624489795918367463e+01
1.414285714285714235e+01
1.332653061224489832e+01
3.169387755102040671e+01
2.242857142857142705e+01
1.383673469387755084e+01
1.630612244897959329e+01
1.295918367346938815e+01
1.428571428571428648e+01
1.920408163265306101e+01
2.579591836734693899e+01
5.871428571428571530e+01
2.955102040816326436e+01
9.918367346938776308e+00
2.702040816326530503e+01
1.381632653061224403e+01
1.502040816326530681e+01
1.704081632653061362e+01
1.871428571428571530e+01
2.028571428571428470e+01
1.416326530612244916e+01
5.895918367346938993e+01
3.661224489795918657e+01
1.693877551020408134e+01
2.220408163265306101e+01
1.630612244897959329e+01
1.553061224489795933e+01
2.073469387755102034e+01
4.071428571428571530e+01
1.526530612244897966e+01
1.200000000000000000e+01
2.006122448979591866e+01
2.587755102040816269e+01
2.306122448979591866e+01
7.130612244897959329e+01
1.844897959183673564e+01
2.728571428571428470e+01
2.257142857142857295e+01
1.426530612244897966e+01
1.587755102040816269e+01
2.387755102040816269e+01
4.206122448979591866e+01
1.389795918367346950e+01
2.575510204081632537e+01
1.687755102040816269e+01
2.340816326530612201e+01
9.693877551020408490e+00
2.557142857142857295e+01
1.724489795918367463e+01
1.110204081632653050e+01
1.583673469387755084e+01
1.679591836734693899e+01
1.202040816326530681e+01
1.210204081632653050e+01
1.777551020408163396e+01
3.155102040816326436e+01
1.728571428571428470e+01
2.542857142857142705e+01
2.459183673469387799e+01
1.338775510204081698e+01
1.763265306122448806e+01
2.004081632653061362e+01
2.044897959183673564e+01
1.644897959183673564e+01
1.340816326530612201e+01
1.048979591836734748e+01
1.579591836734693899e+01
1.302040816326530681e+01
3.010204081632653228e+01
1.100000000000000000e+01
1.926530612244897966e+01
1.726530612244897966e+01
1.512244897959183731e+01
1.361224489795918302e+01
3.259183673469387799e+01
1.853061224489795933e+01
1.434693877551020336e+01
3.426530612244897611e+01
1.312244897959183731e+01
2.685714285714285765e+01
1.575510204081632715e+01
2.687755102040816269e+01
1.930612244897959329e+01
1.155102040816326614e+01
1.900000000000000000e+01
1.451020408163265252e+01
3.730612244897959329e+01
1.467346938775510168e+01
4.371428571428571530e+01
1.879591836734693899e+01
1.204081632653061185e+01
1.671428571428571530e+01
2.138775510204081698e+01
4.344897959183673208e+01
1.373469387755102034e+01
1.787755102040816269e+01
1.095918367346938815e+01
2.767346938775510168e+01
2.265306122448979664e+01
1.730612244897959329e+01
1.259183673469387799e+01
2.377551020408163396e+01
3.114285714285714235e+01
2.991836734693877631e+01
1.514285714285714235e+01
5.132653061224489477e+01
1.420408163265306101e+01
3.410204081632652873e+01
1.281632653061224403e+01
1.518367346938775597e+01
1.918367346938775597e+01
1.622448979591836604e+01
1.997959183673469497e+01
1.802040816326530503e+01
3.193877551020408134e+01
1.608163265306122369e+01
1.657142857142857295e+01
1.353061224489795933e+01
1.487755102040816269e+01
1.324489795918367285e+01
5.734693877551020336e+01
4.063265306122448806e+01
2.773469387755102034e+01
1.304081632653061185e+01
1.742857142857142705e+01
1.700000000000000000e+01
1.275510204081632715e+01
9.938775510204081343e+00
1.312244897959183731e+01
1.346938775510204067e+01
1.536734693877551017e+01
2.371428571428571530e+01
1.671428571428571530e+01
1.514285714285714235e+01
1.293877551020408134e+01
2.291836734693877631e+01
1.922448979591836604e+01
2.187755102040816269e+01
2.924489795918367463e+01
1.963265306122448806e+01
1.936734693877551194e+01
1.824489795918367463e+01
2.314285714285714235e+01
1.281632653061224403e+01
5.932653061224489477e+01
2.220408163265306101e+01
1.767346938775510168e+01
1.169387755102040849e+01
1.197959183673469319e+01
1.448979591836734748e+01
1.481632653061224403e+01
1.310204081632653050e+01
1.471428571428571352e+01
2.126530612244897966e+01
1.479591836734693899e+01
1.802040816326530503e+01
1.920408163265306101e+01
1.610204081632653228e+01
4.630612244897959329e+01
2.440816326530612201e+01
7.979591836734694077e+00
1.402040816326530681e+01
2.069387755102040671e+01
2.079591836734693899e+01
2.008163265306122369e+01
2.318367346938775597e+01
9.653061224489796643e+00
1.144897959183673386e+01
2.377551020408163396e+01
2.348979591836734571e+01
1.057142857142857117e+01
2.473469387755102034e+01
1.720408163265306101e+01
3.326530612244897611e+01
1.310204081632653050e+01
3.246938775510204067e+01
1.693877551020408134e+01
1.738775510204081698e+01
1.418367346938775597e+01
8.816326530612244028e+00
2.538775510204081698e+01
3.163265306122448806e+01
2.028571428571428470e+01
1.465306122448979664e+01
2.032653061224489832e+01
1.728571428571428470e+01
2.416326530612244738e+01
2.157142857142857295e+01
1.389795918367346950e+01
1.661224489795918302e+01
1.351020408163265252e+01
1.942857142857142705e+01
2.146938775510204067e+01
1.734693877551020336e+01
1.075510204081632715e+01
2.640816326530612201e+01
1.591836734693877631e+01
1.712244897959183731e+01
2.465306122448979664e+01
2.820408163265306101e+01
2.510204081632653228e+01
2.030612244897959329e+01
1.546938775510204067e+01
4.208163265306122724e+01
1.624489795918367463e+01
2.495918367346938638e+01
1.387755102040816269e+01
1.459183673469387799e+01
1.534693877551020336e+01
1.936734693877551194e+01
3.693877551020408134e+01
1.212244897959183731e+01
1.646938775510204067e+01
3.316326530612244738e+01
1.469387755102040849e+01
1.326530612244897966e+01
1.508163265306122369e+01
1.300000000000000000e+01
1.448979591836734748e+01
2.453061224489795933e+01
2.348979591836734571e+01
1.255102040816326614e+01
1.636734693877551194e+01
1.753061224489795933e+01
3.008163265306122369e+01
2.120408163265306101e+01
1.644897959183673564e+01
2.669387755102040671e+01
1.448979591836734748e+01
1.818367346938775597e+01
2.697959183673469497e+01
2.053061224489795933e+01
2.442857142857142705e+01
1.971428571428571530e+01
1.473469387755102034e+01
2.120408163265306101e+01
1.855102040816326436e+01
1.759183673469387799e+01
4.151020408163265074e+01
9.918367346938776308e+00
1.761224489795918302e+01
1.375510204081632715e+01
2.363265306122448806e+01
1.873469387755102034e+01
1.191836734693877631e+01
1.597959183673469319e+01
1.187755102040816269e+01
2.479591836734693899e+01
1.579591836734693899e+01
2.202040816326530503e+01
1.159183673469387799e+01
1.636734693877551194e+01
2.063265306122448806e+01
2.428571428571428470e+01
2.471428571428571530e+01
2.291836734693877631e+01
1.253061224489795933e+01
1.436734693877551017e+01
2.526530612244897966e+01
3.885714285714285410e+01
1.659183673469387799e+01
8.408163265306122014e+00
2.083673469387755262e+01
1.789795918367346772e+01
2.838775510204081698e+01
1.544897959183673386e+01
1.485714285714285765e+01
2.338775510204081698e+01
3.606122448979591866e+01
1.075510204081632715e+01
1.342857142857142883e+01
1.248979591836734748e+01
2.153061224489795933e+01
2.061224489795918302e+01
1.404081632653061185e+01
1.475510204081632715e+01
1.146938775510204067e+01
1.695918367346938638e+01
1.836734693877551194e+01
1.824489795918367463e+01
1.744897959183673564e+01
3.481632653061224403e+01
2.134693877551020336e+01
2.751020408163265429e+01
2.620408163265306101e+01
3.432653061224489477e+01
2.583673469387755262e+01
2.122448979591836604e+01
1.406122448979591866e+01
1.944897959183673564e+01
2.869387755102040671e+01
1.977551020408163396e+01
1.522448979591836782e+01
1.200000000000000000e+01
2.679591836734693899e+01
1.969387755102040671e+01
4.300000000000000000e+01
1.665306122448979664e+01
1.993877551020408134e+01
1.261224489795918302e+01
1.585714285714285765e+01
1.567346938775510168e+01
1.187755102040816269e+01
2.346938775510204067e+01
1.904081632653061362e+01
2.895918367346938638e+01
1.689795918367346772e+01
1.602040816326530503e+01
1.257142857142857117e+01
3.867346938775510523e+01
2.800000000000000000e+01
1.420408163265306101e+01
7.065306122448978954e+01
1.408163265306122369e+01
1.459183673469387799e+01
3.406122448979591866e+01
3.995918367346938993e+01
1.022448979591836782e+01
1.444897959183673386e+01
2.338775510204081698e+01
3.938775510204081343e+01
1.044897959183673386e+01
1.563265306122448983e+01
3.571428571428571530e+01
3.314285714285714590e+01
2.385714285714285765e+01
2.634693877551020336e+01
1.785714285714285765e+01
1.702040816326530503e+01
2.738775510204081698e+01
1.991836734693877631e+01
3.924489795918367463e+01
2.461224489795918302e+01
2.663265306122448806e+01
3.155102040816326436e+01
2.157142857142857295e+01
1.144897959183673386e+01
1.038775510204081698e+01
2.189795918367346772e+01
1.248979591836734748e+01
9.040816326530611846e+00
1.200000000000000000e+01
1.263265306122448983e+01
2.302040816326530503e+01
1.928571428571428470e+01
1.426530612244897966e+01
1.210204081632653050e+01
1.400000000000000000e+01
1.524489795918367285e+01
1.971428571428571530e+01
1.573469387755102034e+01
1.363265306122448983e+01
1.573469387755102034e+01
1.400000000000000000e+01
1.695918367346938638e+01
1.836734693877551194e+01
1.136734693877551017e+01
5.295918367346938993e+01
1.897959183673469497e+01
2.304081632653061362e+01
1.465306122448979664e+01
1.773469387755102034e+01
1.455102040816326614e+01
1.702040816326530503e+01
2.048979591836734571e+01
2.093877551020408134e+01
1.532653061224489832e+01
3.012244897959183731e+01
1.587755102040816269e+01
2.475510204081632537e+01
1.146938775510204067e+01
1.524489795918367285e+01
1.208163265306122369e+01
1.930612244897959329e+01
2.326530612244897966e+01
2.859183673469387799e+01
1.565306122448979664e+01
1.442857142857142883e+01
1.504081632653061185e+01
1.773469387755102034e+01
2.024489795918367463e+01
1.773469387755102034e+01
1.428571428571428648e+01
2.212244897959183731e+01
1.665306122448979664e+01
1.726530612244897966e+01
2.848979591836734571e+01
1.867346938775510168e+01
2.418367346938775597e+01
1.789795918367346772e+01
1.348979591836734748e+01
9.612244897959183021e+00
2.212244897959183731e+01
2.220408163265306101e+01
2.928571428571428470e+01
2.008163265306122369e+01
1.724489795918367463e+01
2.185714285714285765e+01
4.793877551020408134e+01
1.385714285714285765e+01
1.718367346938775597e+01
3.665306122448979664e+01
3.038775510204081698e+01
1.291836734693877631e+01
1.767346938775510168e+01
1.740816326530612201e+01
2.036734693877551194e+01
1.777551020408163396e+01
2.520408163265306101e+01
1.993877551020408134e+01
1.438775510204081698e+01
1.753061224489795933e+01
1.412244897959183731e+01
1.316326530612244916e+01
1.195918367346938815e+01
1.430612244897959151e+01
1.963265306122448806e+01
1.342857142857142883e+01
1.322448979591836782e+01
2.871428571428571530e+01
1.508163265306122369e+01
1.477551020408163218e+01
1.630612244897959329e+01
1.387755102040816269e+01
1.532653061224489832e+01
1.363265306122448983e+01
1.483673469387755084e+01
1.787755102040816269e+01
1.330612244897959151e+01
2.146938775510204067e+01
1.728571428571428470e+01
1.818367346938775597e+01
1.563265306122448983e+01
3.879591836734693544e+01
1.238775510204081698e+01
2.644897959183673564e+01
2.297959183673469497e+01
1.404081632653061185e+01
2.130612244897959329e+01
1.751020408163265429e+01
1.604081632653061362e+01
1.471428571428571352e+01
3.077551020408163396e+01
2.057142857142857295e+01
2.651020408163265429e+01
1.569387755102040849e+01
1.510204081632653050e+01
1.648979591836734571e+01
1.263265306122448983e+01
2.440816326530612201e+01
1.938775510204081698e+01
1.753061224489795933e+01
2.008163265306122369e+01
2.228571428571428470e+01
2.526530612244897966e+01
1.546938775510204067e+01
1.659183673469387799e+01
1.395918367346938815e+01
9.816326530612244028e+00
1.367346938775510168e+01
1.757142857142857295e+01
2.346938775510204067e+01
2.412244897959183731e+01
3.516326530612244738e+01
2.618367346938775597e+01
1.877551020408163396e+01
2.865306122448979664e+01
2.404081632653061362e+01
2.495918367346938638e+01
1.642857142857142705e+01
2.420408163265306101e+01
2.216326530612244738e+01
1.763265306122448806e+01
1.918367346938775597e+01
2.059183673469387799e+01
2.257142857142857295e+01
2.728571428571428470e+01
1.083673469387755084e+01
1.381632653061224403e+01
1.375510204081632715e+01
1.908163265306122369e+01
2.530612244897959329e+01
1.179591836734693899e+01
1.667346938775510168e+01
1.402040816326530681e+01
1.757142857142857295e+01
9.061224489795918657e+00
1.734693877551020336e+01
1.714285714285714235e+01
1.406122448979591866e+01
1.491836734693877631e+01
1.810204081632653228e+01
2.426530612244897966e+01
2.220408163265306101e+01
1.853061224489795933e+01
2.059183673469387799e+01
2.036734693877551194e+01
1.453061224489795933e+01
2.095918367346938638e+01
2.730612244897959329e+01
2.659183673469387799e+01
2.324489795918367463e+01
2.204081632653061362e+01
1.440816326530612201e+01
2.130612244897959329e+01
1.338775510204081698e+01
1.902040816326530503e+01
1.257142857142857117e+01
1.332653061224489832e+01
3.155102040816326436e+01
1.714285714285714235e+01
4.075510204081632537e+01
1.642857142857142705e+01
2.993877551020408134e+01
1.924489795918367463e+01
2.234693877551020336e+01
3.393877551020408134e+01
1.800000000000000000e+01
1.791836734693877631e+01
1.516326530612244916e+01
1.275510204081632715e+01
4.393877551020408134e+01
2.459183673469387799e+01
3.132653061224489832e+01
1.414285714285714235e+01
4.657142857142856940e+01
1.557142857142857117e+01
1.559183673469387799e+01
1.322448979591836782e+01
5.255102040816326792e+01
1.506122448979591866e+01
1.700000000000000000e+01
1.657142857142857295e+01
2.173469387755102034e+01
1.910204081632653228e+01
1.665306122448979664e+01
2.332653061224489832e+01
1.573469387755102034e+01
1.663265306122448806e+01
2.438775510204081698e+01
1.540816326530612201e+01
2.712244897959183731e+01
1.491836734693877631e+01
1.136734693877551017e+01
3.136734693877551194e+01
1.910204081632653228e+01
2.518367346938775597e+01
2.573469387755102034e+01
2.106122448979591866e+01
2.112244897959183731e+01
1.510204081632653050e+01
1.800000000000000000e+01
2.300000000000000000e+01
1.426530612244897966e+01
4.102040816326530859e+01
2.393877551020408134e+01
1.208163265306122369e+01
1.385714285714285765e+01
3.124489795918367463e+01
1.112244897959183731e+01
2.114285714285714235e+01
2.442857142857142705e+01
3.095918367346938638e+01
1.534693877551020336e+01
1.738775510204081698e+01
1.602040816326530503e+01
2.016326530612244738e+01
2.569387755102040671e+01
2.473469387755102034e+01
1.865306122448979664e+01
2.291836734693877631e+01
1.569387755102040849e+01
2.800000000000000000e+01
1.246938775510204067e+01
2.422448979591836604e+01
3.246938775510204067e+01
2.206122448979591866e+01
1.669387755102040671e+01
1.100000000000000000e+01
2.718367346938775597e+01
2.097959183673469497e+01
2.185714285714285765e+01
1.638775510204081698e+01
2.714285714285714235e+01
1.995918367346938638e+01
1.928571428571428470e+01
4.740816326530612201e+01
3.116326530612244738e+01
1.475510204081632715e+01
1.814285714285714235e+01
1.057142857142857117e+01
1.304081632653061185e+01
1.608163265306122369e+01
1.724489795918367463e+01
1.622448979591836604e+01
1.979591836734693899e+01
2.487755102040816269e+01
3.769387755102040671e+01
2.567346938775510168e+01
3.465306122448979664e+01
2.095918367346938638e+01
2.122448979591836604e+01
2.142857142857142705e+01
1.522448979591836782e+01
1.497959183673469319e+01
2.404081632653061362e+01
1.591836734693877631e+01
1.046938775510204067e+01
1.957142857142857295e+01
1.530612244897959151e+01
1.640816326530612201e+01
1.359183673469387799e+01
1.102040816326530681e+01
2.373469387755102034e+01
2.395918367346938638e+01
2.728571428571428470e+01
1.148979591836734748e+01
1.340816326530612201e+01
1.979591836734693899e+01
1.697959183673469497e+01
9.693877551020408490e+00
3.065306122448979664e+01
2.163265306122448806e+01
2.195918367346938638e+01
3.040816326530612201e+01
2.220408163265306101e+01
2.397959183673469497e+01
2.455102040816326436e+01
4.014285714285714590e+01
9.653061224489796643e+00
2.338775510204081698e+01
1.471428571428571352e+01
1.446938775510204067e+01
2.777551020408163396e+01
1.904081632653061362e+01
1.530612244897959151e+01
1.314285714285714235e+01
2.402040816326530503e+01
9.142857142857142350e+00
1.340816326530612201e+01
1.365306122448979664e+01
1.597959183673469319e+01
1.697959183673469497e+01
1.846938775510204067e+01
1.428571428571428648e+01
1.983673469387755262e+01
1.357142857142857117e+01
2.377551020408163396e+01
1.761224489795918302e+01
5.308163265306122724e+01
1.497959183673469319e+01
1.604081632653061362e+01
1.910204081632653228e+01
8.387755102040816979e+00
1.408163265306122369e+01
1.200000000000000000e+01
2.567346938775510168e+01
1.420408163265306101e+01
1.185714285714285765e+01
1.736734693877551194e+01
1.106122448979591866e+01
1.371428571428571352e+01
1.400000000000000000e+01
1.689795918367346772e+01
1.338775510204081698e+01
2.689795918367346772e+01
2.785714285714285765e+01
1.567346938775510168e+01
1.353061224489795933e+01
1.428571428571428648e+01
2.010204081632653228e+01
7.897959183673469497e+00
1.620408163265306101e+01
1.067346938775510168e+01
1.469387755102040849e+01
1.504081632653061185e+01
1.702040816326530503e+01
1.616326530612244738e+01
1.769387755102040671e+01
1.975510204081632537e+01
1.585714285714285765e+01
2.897959183673469497e+01
1.353061224489795933e+01
2.359183673469387799e+01
1.320408163265306101e+01
1.138775510204081698e+01
9.918367346938776308e+00
1.534693877551020336e+01
1.597959183673469319e+01
1.416326530612244916e+01
9.877551020408162685e+00
1.383673469387755084e+01
1.875510204081632537e+01
1.755102040816326436e+01
3.869387755102040671e+01
1.865306122448979664e+01
2.424489795918367463e+01
1.108163265306122369e+01
1.516326530612244916e+01
8.857142857142857650e+00
1.463265306122448983e+01
3.244897959183673208e+01
3.930612244897959329e+01
1.744897959183673564e+01
1.636734693877551194e+01
3.355102040816326792e+01
2.746938775510204067e+01
2.571428571428571530e+01
1.659183673469387799e+01
1.751020408163265429e+01
1.544897959183673386e+01
1.395918367346938815e+01
1.934693877551020336e+01
1.579591836734693899e+01
1.857142857142857295e+01
2.916326530612244738e+01
2.075510204081632537e+01
1.836734693877551194e+01
2.138775510204081698e+01
1.700000000000000000e+01
2.046938775510204067e+01
2.416326530612244738e+01
1.728571428571428470e+01
1.469387755102040849e+01
1.987755102040816269e+01
2.657142857142857295e+01
1.206122448979591866e+01
2.369387755102040671e+01
2.397959183673469497e+01
2.361224489795918302e+01
2.804081632653061362e+01
6.444897959183673208e+01
1.142857142857142883e+01
1.989795918367346772e+01
2.304081632653061362e+01
1.710204081632653228e+01
2.765306122448979664e+01
1.224489795918367285e+01
9.591836734693877986e+00
2.012244897959183731e+01
1.240816326530612201e+01
2.440816326530612201e+01
1.320408163265306101e+01
2.065306122448979664e+01
2.106122448979591866e+01
1.673469387755102034e+01
2.497959183673469497e+01
2.375510204081632537e+01
3.414285714285714590e+01
2.042857142857142705e+01
3.102040816326530503e+01
2.316326530612244738e+01
1.869387755102040671e+01
8.857142857142857650e+00
3.724489795918367463e+01
1.159183673469387799e+01
1.497959183673469319e+01
3.095918367346938638e+01
1.559183673469387799e+01
1.559183673469387799e+01
1.863265306122448806e+01
2.424489795918367463e+01
2.520408163265306101e+01
2.132653061224489832e+01
1.379591836734693899e+01
3.834693877551020336e+01
9.326530612244898322e+00
1.789795918367346772e+01
1.995918367346938638e+01
1.153061224489795933e+01
3.224489795918367463e+01
1.495918367346938815e+01
1.836734693877551194e+01
1.222448979591836782e+01
1.336734693877551017e+01
1.183673469387755084e+01
2.424489795918367463e+01
1.916326530612244738e+01
1.651020408163265429e+01
1.791836734693877631e+01
1.742857142857142705e+01
1.242857142857142883e+01
1.414285714285714235e+01
1.671428571428571530e+01
1.963265306122448806e+01
1.269387755102040849e+01
1.179591836734693899e+01
2.187755102040816269e+01
2.185714285714285765e+01
1.606122448979591866e+01
1.761224489795918302e+01
7.591836734693877986e+00
1.404081632653061185e+01
1.946938775510204067e+01
1.540816326530612201e+01
1.108163265306122369e+01
1.606122448979591866e+01
1.208163265306122369e+01
2.389795918367346772e+01
2.114285714285714235e+01
9.306122448979591510e+00
2.706122448979591866e+01
3.206122448979591866e+01
1.418367346938775597e+01
1.379591836734693899e+01
1.867346938775510168e+01
1.595918367346938815e+01
1.291836734693877631e+01
3.387755102040816269e+01
2.057142857142857295e+01
1.591836734693877631e+01
2.930612244897959329e+01
1.377551020408163218e+01
1.246938775510204067e+01
9.979591836734693189e+00
1.959183673469387799e+01
1.461224489795918302e+01
1.889795918367346772e+01
2.010204081632653228e+01
1.334693877551020336e+01
2.373469387755102034e+01
2.016326530612244738e+01
2.169387755102040671e+01
1.514285714285714235e+01
1.277551020408163218e+01
2.424489795918367463e+01
2.006122448979591866e+01
1.097959183673469319e+01
2.465306122448979664e+01
1.234693877551020336e+01
2.242857142857142705e+01
1.493877551020408134e+01
1.589795918367346950e+01
1.448979591836734748e+01
2.783673469387755262e+01
1.551020408163265252e+01
4.138775510204081343e+01
1.353061224489795933e+01
1.210204081632653050e+01
1.240816326530612201e+01
1.855102040816326436e+01
4.185714285714285410e+01
4.455102040816326792e+01
1.083673469387755084e+01
1.104081632653061185e+01
2.283673469387755262e+01
1.357142857142857117e+01
1.289795918367346950e+01
1.651020408163265429e+01
1.926530612244897966e+01
3.479591836734693544e+01
1.675510204081632537e+01
1.285714285714285765e+01
5.581632653061224403e+01
1.528571428571428648e+01
2.116326530612244738e+01
1.869387755102040671e+01
3.681632653061224403e+01
1.257142857142857117e+01
1.779591836734693899e+01
1.406122448979591866e+01
5.940816326530612201e+01
1.593877551020408134e+01
2.075510204081632537e+01
9.510204081632652517e+00
2.806122448979591866e+01
3.126530612244897966e+01
1.385714285714285765e+01
4.165306122448979664e+01
1.589795918367346950e+01
2.422448979591836604e+01
1.457142857142857117e+01
1.487755102040816269e+01
2.681632653061224403e+01
1.200000000000000000e+01
1.830612244897959329e+01
2.191836734693877631e+01
1.873469387755102034e+01
1.516326530612244916e+01
3.546938775510204067e+01
2.563265306122448806e+01
1.326530612244897966e+01
1.577551020408163218e+01
1.546938775510204067e+01
1.185714285714285765e+01
1.630612244897959329e+01
1.130612244897959151e+01
1.324489795918367285e+01
3.522448979591836604e+01
4.967346938775510523e+01
2.495918367346938638e+01
2.285714285714285765e+01
1.938775510204081698e+01
9.653061224489796643e+00
1.877551020408163396e+01
1.712244897959183731e+01
2.522448979591836604e+01
1.785714285714285765e+01
2.589795918367346772e+01
1.210204081632653050e+01
1.320408163265306101e+01
2.465306122448979664e+01
1.148979591836734748e+01
1.910204081632653228e+01
3.434693877551020336e+01
2.281632653061224403e+01
2.142857142857142705e+01
2.012244897959183731e+01
1.708163265306122369e+01
1.334693877551020336e+01
1.665306122448979664e+01
2.806122448979591866e+01
1.216326530612244916e+01
1.579591836734693899e+01
1.163265306122448983e+01
2.067346938775510168e+01
1.426530612244897966e+01
1.232653061224489832e+01
2.397959183673469497e+01
1.557142857142857117e+01
1.604081632653061362e+01
1.614285714285714235e+01
2.063265306122448806e+01
1.957142857142857295e+01
9.877551020408162685e+00
1.836734693877551194e+01
1.761224489795918302e+01
2.087755102040816269e+01
1.675510204081632537e+01
4.406122448979591866e+01
2.157142857142857295e+01
2.536734693877551194e+01
1.642857142857142705e+01
2.134693877551020336e+01
1.487755102040816269e+01
1.738775510204081698e+01
1.869387755102040671e+01
2.159183673469387799e+01
3.079591836734693899e+01
1.267346938775510168e+01
1.059183673469387799e+01
3.261224489795918657e+01
1.534693877551020336e+01
1.146938775510204067e+01
1.314285714285714235e+01
3.165306122448979664e+01
2.083673469387755262e+01
3.912244897959183731e+01
2.261224489795918302e+01
2.002040816326530503e+01
3.130612244897959329e+01
1.887755102040816269e+01
1.330612244897959151e+01
1.351020408163265252e+01
1.422448979591836782e+01
2.483673469387755262e+01
1.481632653061224403e+01
3.236734693877551194e+01
2.891836734693877631e+01
9.979591836734693189e+00
1.418367346938775597e+01
1.755102040816326436e+01
1.630612244897959329e+01
1.171428571428571352e+01
3.506122448979591866e+01
1.040816326530612201e+01
1.775510204081632537e+01
3.010204081632653228e+01
2.391836734693877631e+01
1.693877551020408134e+01
1.781632653061224403e+01
2.520408163265306101e+01
3.044897959183673564e+01
1.385714285714285765e+01
2.312244897959183731e+01
2.330612244897959329e+01
2.404081632653061362e+01
2.320408163265306101e+01
1.553061224489795933e+01
1.471428571428571352e+01
2.181632653061224403e+01
1.406122448979591866e+01
1.112244897959183731e+01
1.389795918367346950e+01
1.312244897959183731e+01
2.026530612244897966e+01
1.673469387755102034e+01
1.875510204081632537e+01
3.504081632653061007e+01
2.306122448979591866e+01
2.255102040816326436e+01
2.622448979591836604e+01
2.191836734693877631e+01
1.867346938775510168e+01
2.044897959183673564e+01
9.755102040816327147e+00
1.518367346938775597e+01
1.220408163265306101e+01
1.297959183673469319e+01
1.312244897959183731e+01
9.040816326530611846e+00
2.085714285714285765e+01
1.824489795918367463e+01
1.932653061224489832e+01
2.855102040816326436e+01
1.291836734693877631e+01
1.618367346938775597e+01
1.626530612244897966e+01
1.297959183673469319e+01
2.093877551020408134e+01
1.218367346938775597e+01
1.767346938775510168e+01
2.606122448979591866e+01
1.383673469387755084e+01
1.683673469387755262e+01
2.959183673469387799e+01
2.348979591836734571e+01
1.459183673469387799e+01
1.516326530612244916e+01
1.420408163265306101e+01
2.142857142857142705e+01
2.587755102040816269e+01
1.655102040816326436e+01
1.679591836734693899e+01
1.306122448979591866e+01
1.508163265306122369e+01
2.187755102040816269e+01
1.089795918367346950e+01
2.195918367346938638e+01
1.495918367346938815e+01
1.485714285714285765e+01
1.251020408163265252e+01
1.728571428571428470e+01
1.295918367346938815e+01
2.208163265306122369e+01
1.534693877551020336e+01
3.112244897959183731e+01
1.614285714285714235e+01
1.400000000000000000e+01
1.155102040816326614e+01
3.444897959183673208e+01
2.081632653061224403e+01
1.624489795918367463e+01
1.444897959183673386e+01
3.512244897959183731e+01
2.563265306122448806e+01
2.059183673469387799e+01
1.128571428571428648e+01
1.538775510204081698e+01
2.024489795918367463e+01
1.293877551020408134e+01
1.093877551020408134e+01
1.281632653061224403e+01
1.328571428571428648e+01
1.802040816326530503e+01
2.589795918367346772e+01
3.689795918367347127e+01
2.700000000000000000e+01
1.297959183673469319e+01
1.448979591836734748e+01
1.175510204081632715e+01
2.014285714285714235e+01
2.138775510204081698e+01
1.553061224489795933e+01
9.653061224489796643e+00
1.922448979591836604e+01
3.965306122448979664e+01
2.359183673469387799e+01
1.373469387755102034e+01
1.765306122448979664e+01
1.083673469387755084e+01
1.204081632653061185e+01
2.497959183673469497e+01
2.277551020408163396e+01
1.628571428571428470e+01
1.432653061224489832e+01
1.771428571428571530e+01
1.783673469387755262e+01
1.148979591836734748e+01
1.567346938775510168e+01
1.528571428571428648e+01
1.863265306122448806e+01
3.128571428571428470e+01
2.624489795918367463e+01
2.167346938775510168e+01
2.589795918367346772e+01
7.714285714285714413e+00
7.510204081632653406e+00
2.236734693877551194e+01
3.391836734693877276e+01
3.134693877551020336e+01
1.781632653061224403e+01
2.544897959183673564e+01
2.048979591836734571e+01
2.079591836734693899e+01
2.063265306122448806e+01
4.689795918367347127e+01
1.457142857142857117e+01
1.481632653061224403e+01
2.204081632653061362e+01
1.393877551020408134e+01
3.051020408163265429e+01
1.814285714285714235e+01
1.077551020408163218e+01
1.683673469387755262e+01
1.724489795918367463e+01
1.118367346938775597e+01
2.526530612244897966e+01
1.189795918367346950e+01
3.881632653061224403e+01
2.061224489795918302e+01
2.036734693877551194e+01
2.283673469387755262e+01
8.795918367346938993e+00
2.012244897959183731e+01
1.426530612244897966e+01
1.881632653061224403e+01
1.297959183673469319e+01
1.463265306122448983e+01
2.661224489795918302e+01
1.797959183673469497e+01
3.322448979591836604e+01
1.326530612244897966e+01
2.489795918367346772e+01
1.314285714285714235e+01
1.412244897959183731e+01
1.569387755102040849e+01
1.591836734693877631e+01
1.442857142857142883e+01
1.063265306122448983e+01
1.393877551020408134e+01
2.204081632653061362e+01
2.271428571428571530e+01
2.002040816326530503e+01
1.746938775510204067e+01
1.116326530612244916e+01
2.191836734693877631e+01
1.451020408163265252e+01
1.285714285714285765e+01
1.304081632653061185e+01
1.706122448979591866e+01
1.622448979591836604e+01
9.163265306122449161e+00
1.295918367346938815e+01
1.134693877551020336e+01
2.189795918367346772e+01
2.132653061224489832e+01
1.281632653061224403e+01
3.316326530612244738e+01
1.702040816326530503e+01
1.989795918367346772e+01
3.753061224489795933e+01
1.724489795918367463e+01
2.802040816326530503e+01
1.081632653061224403e+01
1.840816326530612201e+01
2.383673469387755262e+01
1.767346938775510168e+01
2.128571428571428470e+01
1.181632653061224403e+01
2.218367346938775597e+01
2.448979591836734571e+01
1.851020408163265429e+01
1.120408163265306101e+01
9.040816326530611846e+00
2.269387755102040671e+01
1.179591836734693899e+01
1.306122448979591866e+01
2.126530612244897966e+01
2.751020408163265429e+01
1.891836734693877631e+01
1.514285714285714235e+01
1.959183673469387799e+01
7.163265306122449161e+00
1.944897959183673564e+01
2.712244897959183731e+01
1.873469387755102034e+01
1.655102040816326436e+01
2.144897959183673564e+01
1.775510204081632537e+01
1.608163265306122369e+01
3.026530612244897966e+01
1.761224489795918302e+01
2.455102040816326436e+01
2.102040816326530503e+01
3.091836734693877631e+01
9.224489795918367818e+00
3.630612244897959329e+01
1.579591836734693899e+01
1.767346938775510168e+01
1.144897959183673386e+01
1.136734693877551017e+01
1.718367346938775597e+01
1.940816326530612201e+01
1.677551020408163396e+01
1.963265306122448806e+01
1.363265306122448983e+01
1.857142857142857295e+01
2.340816326530612201e+01
2.385714285714285765e+01
1.830612244897959329e+01
2.889795918367346772e+01
1.004081632653061185e+01
1.834693877551020336e+01
3.106122448979591866e+01
2.873469387755102034e+01
1.614285714285714235e+01
2.024489795918367463e+01
1.430612244897959151e+01
5.951020408163265074e+01
2.244897959183673564e+01
3.467346938775510523e+01
2.232653061224489832e+01
1.791836734693877631e+01
2.338775510204081698e+01
1.448979591836734748e+01
2.614285714285714235e+01
1.338775510204081698e+01
2.412244897959183731e+01
1.187755102040816269e+01
1.826530612244897966e+01
1.193877551020408134e+01
1.918367346938775597e+01
2.387755102040816269e+01
2.028571428571428470e+01
1.455102040816326614e+01
1.106122448979591866e+01
1.769387755102040671e+01
1.334693877551020336e+01
1.416326530612244916e+01
1.542857142857142883e+01
1.314285714285714235e+01
1.775510204081632537e+01
1.575510204081632715e+01
1.942857142857142705e+01
5.193877551020408134e+01
2.183673469387755262e+01
1.706122448979591866e+01
1.479591836734693899e+01
2.640816326530612201e+01
1.120408163265306101e+01
2.104081632653061362e+01
2.316326530612244738e+01
1.246938775510204067e+01
1.322448979591836782e+01
1.336734693877551017e+01
2.222448979591836604e+01
2.044897959183673564e+01
2.069387755102040671e+01
2.506122448979591866e+01
2.265306122448979664e+01
2.024489795918367463e+01
2.210204081632653228e+01
1.165306122448979664e+01
3.126530612244897966e+01
1.565306122448979664e+01
2.697959183673469497e+01
2.667346938775510168e+01
1.381632653061224403e+01
1.118367346938775597e+01
3.306122448979591866e+01
3.381632653061224403e+01
2.106122448979591866e+01
1.259183673469387799e+01
1.030612244897959151e+01
2.467346938775510168e+01
1.646938775510204067e+01
1.316326530612244916e+01
2.081632653061224403e+01
2.106122448979591866e+01
1.508163265306122369e+01
1.142857142857142883e+01
1.983673469387755262e+01
1.161224489795918302e+01
1.485714285714285765e+01
2.053061224489795933e+01
1.248979591836734748e+01
2.497959183673469497e+01
1.775510204081632537e+01
1.295918367346938815e+01
1.524489795918367285e+01
1.093877551020408134e+01
1.134693877551020336e+01
3.412244897959183731e+01
2.108163265306122369e+01
2.495918367346938638e+01
3.514285714285714590e+01
2.248979591836734571e+01
1.787755102040816269e+01
1.573469387755102034e+01
1.579591836734693899e+01
2.785714285714285765e+01
1.489795918367346950e+01
1.610204081632653228e+01
1.418367346938775597e+01
1.644897959183673564e+01
2.424489795918367463e+01
2.297959183673469497e+01
2.097959183673469497e+01
2.663265306122448806e+01
1.540816326530612201e+01
4.751020408163265074e+01
2.130612244897959329e+01
1.657142857142857295e+01
1.338775510204081698e+01
1.708163265306122369e+01
2.212244897959183731e+01
2.008163265306122369e+01
4.642857142857143060e+01
2.422448979591836604e+01
2.512244897959183731e+01
2.510204081632653228e+01
1.300000000000000000e+01
2.932653061224489832e+01
2.475510204081632537e+01
2.312244897959183731e+01
2.887755102040816269e+01
1.514285714285714235e+01
1.553061224489795933e+01
2.234693877551020336e+01
2.616326530612244738e+01
1.565306122448979664e+01
1.544897959183673386e+01
1.542857142857142883e+01
1.334693877551020336e+01
2.551020408163265429e+01
1.875510204081632537e+01
2.502040816326530503e+01
2.461224489795918302e+01
1.426530612244897966e+01
1.581632653061224403e+01
2.118367346938775597e+01
1.346938775510204067e+01
2.534693877551020336e+01
1.418367346938775597e+01
1.330612244897959151e+01
1.736734693877551194e+01
1.473469387755102034e+01
1.534693877551020336e+01
1.967346938775510168e+01
2.057142857142857295e+01
1.881632653061224403e+01
1.508163265306122369e+01
1.236734693877551017e+01
3.108163265306122369e+01
2.085714285714285765e+01
1.626530612244897966e+01
2.134693877551020336e+01
1.622448979591836604e+01
3.742857142857143060e+01
2.377551020408163396e+01
1.379591836734693899e+01
1.581632653061224403e+01
1.183673469387755084e+01
3.204081632653061007e+01
1.524489795918367285e+01
2.304081632653061362e+01
1.612244897959183731e+01
1.495918367346938815e+01
2.128571428571428470e+01
4.134693877551020336e+01
1.095918367346938815e+01
1.442857142857142883e+01
2.034693877551020336e+01
3.673469387755102389e+01
3.108163265306122369e+01
2.777551020408163396e+01
1.573469387755102034e+01
1.181632653061224403e+01
2.995918367346938638e+01
2.085714285714285765e+01
3.426530612244897611e+01
1.295918367346938815e+01
2.177551020408163396e+01
2.891836734693877631e+01
2.061224489795918302e+01
9.489795918367347483e+00
1.481632653061224403e+01
1.471428571428571352e+01
2.367346938775510168e+01
2.065306122448979664e+01
1.573469387755102034e+01
1.416326530612244916e+01
1.969387755102040671e+01
1.481632653061224403e+01
4.079591836734693544e+01
1.206122448979591866e+01
1.553061224489795933e+01
1.583673469387755084e+01
2.695918367346938638e+01
3.730612244897959329e+01
2.426530612244897966e+01
2.230612244897959329e+01
2.436734693877551194e+01
1.310204081632653050e+01
9.836734693877550839e+00
2.973469387755102034e+01
2.224489795918367463e+01
2.467346938775510168e+01
2.283673469387755262e+01
3.436734693877551194e+01
2.438775510204081698e+01
4.391836734693877276e+01
1.240816326530612201e+01
1.842857142857142705e+01
2.559183673469387799e+01
3.736734693877551194e+01
1.889795918367346772e+01
1.916326530612244738e+01
1.381632653061224403e+01
4.679591836734693544e+01
1.759183673469387799e+01
2.391836734693877631e+01
1.444897959183673386e+01
2.057142857142857295e+01
1.634693877551020336e+01
2.214285714285714235e+01
1.444897959183673386e+01
2.248979591836734571e+01
2.095918367346938638e+01
1.330612244897959151e+01
3.916326530612244738e+01
2.963265306122448806e+01
2.140816326530612201e+01
8.510204081632652517e+00
1.004081632653061185e+01
3.248979591836734926e+01
2.151020408163265429e+01
2.502040816326530503e+01
1.787755102040816269e+01
1.500000000000000000e+01
1.177551020408163218e+01
1.495918367346938815e+01
1.230612244897959151e+01
1.371428571428571352e+01
1.928571428571428470e+01
2.689795918367346772e+01
2.342857142857142705e+01
1.914285714285714235e+01
1.785714285714285765e+01
2.381632653061224403e+01
1.989795918367346772e+01
2.012244897959183731e+01
2.840816326530612201e+01
1.104081632653061185e+01
1.691836734693877631e+01
2.061224489795918302e+01
1.242857142857142883e+01
3.700000000000000000e+01
1.938775510204081698e+01
1.224489795918367285e+01
1.814285714285714235e+01
1.457142857142857117e+01
2.085714285714285765e+01
1.165306122448979664e+01
2.010204081632653228e+01
1.471428571428571352e+01
2.193877551020408134e+01
1.559183673469387799e+01
1.746938775510204067e+01
8.102040816326530503e+00
1.587755102040816269e+01
3.569387755102040671e+01
1.261224489795918302e+01
2.555102040816326436e+01
3.726530612244897611e+01
9.877551020408162685e+00
2.067346938775510168e+01
1.848979591836734571e+01
1.128571428571428648e+01
2.371428571428571530e+01
3.081632653061224403e+01
1.536734693877551017e+01
1.373469387755102034e+01
2.834693877551020336e+01
2.571428571428571530e+01
1.651020408163265429e+01
2.875510204081632537e+01
9.469387755102040671e+00
1.806122448979591866e+01
3.191836734693877631e+01
1.548979591836734748e+01
3.526530612244897611e+01
1.742857142857142705e+01
2.173469387755102034e+01
1.659183673469387799e+01
1.948979591836734571e+01
9.800000000000000000e+01
3.016326530612244738e+01
1.357142857142857117e+01
1.200000000000000000e+01
1.763265306122448806e+01
1.551020408163265252e+01
4.914285714285714590e+01
2.004081632653061362e+01
1.651020408163265429e+01
1.485714285714285765e+01
1.173469387755102034e+01
2.424489795918367463e+01
3.781632653061224403e+01
1.851020408163265429e+01
2.046938775510204067e+01
1.818367346938775597e+01
9.938775510204081343e+00
3.500000000000000000e+01
2.261224489795918302e+01
1.395918367346938815e+01
1.691836734693877631e+01
1.795918367346938638e+01
2.110204081632653228e+01
2.383673469387755262e+01
2.171428571428571530e+01
1.173469387755102034e+01
2.195918367346938638e+01
2.291836734693877631e+01
1.304081632653061185e+01
2.365306122448979664e+01
1.377551020408163218e+01
1.438775510204081698e+01
2.055102040816326436e+01
1.328571428571428648e+01
1.587755102040816269e+01
2.338775510204081698e+01
1.353061224489795933e+01
1.563265306122448983e+01
2.326530612244897966e+01
2.293877551020408134e+01
1.771428571428571530e+01
1.426530612244897966e+01
1.059183673469387799e+01
2.451020408163265429e+01
1.634693877551020336e+01
1.522448979591836782e+01
3.889795918367347127e+01
3.428571428571428470e+01
1.355102040816326614e+01
2.665306122448979664e+01
1.336734693877551017e+01
1.622448979591836604e+01
1.902040816326530503e+01
1.585714285714285765e+01
6.500000000000000000e+01
1.997959183673469497e+01
1.642857142857142705e+01
1.655102040816326436e+01
1.569387755102040849e+01
2.175510204081632537e+01
1.518367346938775597e+01
2.606122448979591866e+01
1.859183673469387799e+01
1.875510204081632537e+01
1.420408163265306101e+01
2.046938775510204067e+01
2.585714285714285765e+01
1.734693877551020336e+01
2.434693877551020336e+01
1.761224489795918302e+01
1.097959183673469319e+01
1.857142857142857295e+01
1.834693877551020336e+01
1.912244897959183731e+01
1.179591836734693899e+01
1.797959183673469497e+01
1.353061224489795933e+01
1.138775510204081698e+01
2.375510204081632537e+01
1.381632653061224403e+01
1.665306122448979664e+01
2.344897959183673564e+01
2.702040816326530503e+01
1.322448979591836782e+01
1.506122448979591866e+01
1.451020408163265252e+01
1.146938775510204067e+01
1.789795918367346772e+01
1.251020408163265252e+01
1.936734693877551194e+01
1.232653061224489832e+01
2.879591836734693899e+01
1.895918367346938638e+01
1.583673469387755084e+01
1.516326530612244916e+01
1.667346938775510168e+01
1.287755102040816269e+01
1.479591836734693899e+01
2.306122448979591866e+01
1.114285714285714235e+01
3.095918367346938638e+01
1.624489795918367463e+01
1.685714285714285765e+01
3.140816326530612201e+01
2.342857142857142705e+01
1.424489795918367285e+01
1.518367346938775597e+01
1.124489795918367285e+01
1.967346938775510168e+01
1.475510204081632715e+01
2.565306122448979664e+01
1.469387755102040849e+01
2.012244897959183731e+01
1.759183673469387799e+01
2.383673469387755262e+01
2.216326530612244738e+01
2.079591836734693899e+01
1.275510204081632715e+01
1.263265306122448983e+01
1.702040816326530503e+01
1.591836734693877631e+01
1.640816326530612201e+01
8.734693877551020336e+00
2.893877551020408134e+01
1.165306122448979664e+01
2.446938775510204067e+01
2.475510204081632537e+01
1.140816326530612201e+01
2.251020408163265429e+01
1.487755102040816269e+01
6.010204081632652873e+01
2.181632653061224403e+01
1.612244897959183731e+01
2.326530612244897966e+01
2.220408163265306101e+01
1.946938775510204067e+01
1.661224489795918302e+01
2.622448979591836604e+01
2.040816326530612201e+01
2.171428571428571530e+01
2.048979591836734571e+01
1.161224489795918302e+01
3.563265306122448806e+01
1.563265306122448983e+01
2.463265306122448806e+01
1.393877551020408134e+01
1.293877551020408134e+01
1.244897959183673386e+01
2.044897959183673564e+01
1.828571428571428470e+01
1.595918367346938815e+01
1.820408163265306101e+01
1.914285714285714235e+01
1.593877551020408134e+01
3.030612244897959329e+01
1.685714285714285765e+01
2.232653061224489832e+01
1.646938775510204067e+01
1.991836734693877631e+01
1.018367346938775597e+01
1.538775510204081698e+01
1.940816326530612201e+01
1.238775510204081698e+01
1.546938775510204067e+01
2.893877551020408134e+01
1.906122448979591866e+01
1.661224489795918302e+01
2.120408163265306101e+01
1.693877551020408134e+01
1.777551020408163396e+01
2.391836734693877631e+01
2.928571428571428470e+01
1.391836734693877631e+01
2.510204081632653228e+01
1.600000000000000000e+01
1.795918367346938638e+01
1.063265306122448983e+01
2.408163265306122369e+01
1.459183673469387799e+01
9.032653061224489477e+01
1.885714285714285765e+01
1.544897959183673386e+01
1.265306122448979664e+01
1.393877551020408134e+01
1.114285714285714235e+01
1.955102040816326436e+01
1.720408163265306101e+01
1.516326530612244916e+01
5.512244897959183731e+01
2.081632653061224403e+01
1.463265306122448983e+01
1.040816326530612201e+01
1.224489795918367285e+01
2.493877551020408134e+01
2.742857142857142705e+01
1.397959183673469319e+01
1.422448979591836782e+01
1.620408163265306101e+01
2.353061224489795933e+01
1.340816326530612201e+01
1.575510204081632715e+01
2.214285714285714235e+01
1.851020408163265429e+01
2.508163265306122369e+01
1.804081632653061362e+01
1.271428571428571352e+01
1.663265306122448806e+01
2.246938775510204067e+01
1.251020408163265252e+01
1.087755102040816269e+01
2.616326530612244738e+01
2.500000000000000000e+01
2.042857142857142705e+01
3.071428571428571530e+01
1.981632653061224403e+01
1.440816326530612201e+01
5.561224489795918657e+01
5.295918367346938993e+01
1.734693877551020336e+01
7.789795918367346417e+01
2.459183673469387799e+01
1.851020408163265429e+01
1.744897959183673564e+01
2.044897959183673564e+01
1.834693877551020336e+01
1.612244897959183731e+01
1.289795918367346950e+01
1.557142857142857117e+01
1.279591836734693899e+01
1.871428571428571530e+01
1.620408163265306101e+01
1.732653061224489832e+01
1.359183673469387799e+01
1.426530612244897966e+01
1.806122448979591866e+01
2.287755102040816269e+01
1.438775510204081698e+01
1.306122448979591866e+01
1.542857142857142883e+01
9.693877551020408490e+00
1.765306122448979664e+01
9.979591836734693189e+00
2.189795918367346772e+01
1.904081632653061362e+01
1.516326530612244916e+01
1.228571428571428648e+01
2.365306122448979664e+01
2.912244897959183731e+01
1.273469387755102034e+01
2.512244897959183731e+01
1.287755102040816269e+01
2.036734693877551194e+01
4.018367346938775597e+01
1.755102040816326436e+01
5.057142857142856940e+01
4.291836734693877276e+01
1.977551020408163396e+01
1.565306122448979664e+01
2.604081632653061362e+01
1.604081632653061362e+01
3.781632653061224403e+01
5.091836734693877276e+01
2.879591836734693899e+01
1.077551020408163218e+01
3.781632653061224403e+01
1.993877551020408134e+01
1.681632653061224403e+01
2.538775510204081698e+01
1.451020408163265252e+01
1.391836734693877631e+01
3.038775510204081698e+01
2.324489795918367463e+01
2.383673469387755262e+01
1.914285714285714235e+01
1.279591836734693899e+01
2.228571428571428470e+01
2.379591836734693899e+01
2.322448979591836604e+01
1.285714285714285765e+01
1.344897959183673386e+01
2.261224489795918302e+01
1.997959183673469497e+01
2.167346938775510168e+01
2.071428571428571530e+01
3.412244897959183731e+01
2.969387755102040671e+01
1.826530612244897966e+01
2.355102040816326436e+01
1.812244897959183731e+01
1.077551020408163218e+01
1.869387755102040671e+01
2.295918367346938638e+01
2.036734693877551194e+01
2.242857142857142705e+01
2.487755102040816269e+01
1.795918367346938638e+01
2.312244897959183731e+01
2.532653061224489832e+01
3.046938775510204067e+01
2.648979591836734571e+01
1.883673469387755262e+01
2.271428571428571530e+01
1.326530612244897966e+01
2.046938775510204067e+01
2.289795918367346772e+01
1.126530612244897966e+01
1.536734693877551017e+01
1.018367346938775597e+01
9.346938775510203357e+00
3.122448979591836604e+01
2.714285714285714235e+01
1.479591836734693899e+01
1.861224489795918302e+01
1.618367346938775597e+01
3.097959183673469497e+01
2.208163265306122369e+01
1.495918367346938815e+01
3.016326530612244738e+01
1.083673469387755084e+01
1.295918367346938815e+01
1.755102040816326436e+01
2.244897959183673564e+01
2.406122448979591866e+01
1.397959183673469319e+01
1.569387755102040849e+01
1.293877551020408134e+01
1.606122448979591866e+01
1.797959183673469497e+01
1.434693877551020336e+01
1.781632653061224403e+01
2.814285714285714235e+01
1.418367346938775597e+01
2.636734693877551194e+01
1.032653061224489832e+01
2.467346938775510168e+01
1.675510204081632537e+01
3.597959183673469141e+01
8.755102040816327147e+00
1.942857142857142705e+01
2.208163265306122369e+01
1.202040816326530681e+01
1.657142857142857295e+01
1.624489795918367463e+01
1.112244897959183731e+01
2.446938775510204067e+01
1.091836734693877631e+01
1.842857142857142705e+01
1.620408163265306101e+01
1.438775510204081698e+01
1.983673469387755262e+01
1.353061224489795933e+01
1.634693877551020336e+01
2.338775510204081698e+01
1.355102040816326614e+01
1.812244897959183731e+01
2.497959183673469497e+01
2.028571428571428470e+01
1.734693877551020336e+01
2.630612244897959329e+01
1.155102040816326614e+01
2.438775510204081698e+01
1.365306122448979664e+01
2.955102040816326436e+01
3.293877551020408134e+01
2.995918367346938638e+01
2.638775510204081698e+01
3.634693877551020336e+01
1.597959183673469319e+01
2.428571428571428470e+01
1.189795918367346950e+01
2.755102040816326436e+01
1.697959183673469497e+01
8.408163265306122014e+00
1.632653061224489832e+01
9.612244897959183021e+00
4.565306122448979664e+01
2.395918367346938638e+01
8.040816326530611846e+00
1.951020408163265429e+01
1.977551020408163396e+01
2.289795918367346772e+01
2.471428571428571530e+01
1.079591836734693899e+01
1.863265306122448806e+01
1.412244897959183731e+01
1.557142857142857117e+01
1.426530612244897966e+01
1.367346938775510168e+01
1.259183673469387799e+01
1.234693877551020336e+01
3.185714285714285765e+01
1.269387755102040849e+01
3.479591836734693544e+01
2.030612244897959329e+01
1.324489795918367285e+01
1.967346938775510168e+01
2.061224489795918302e+01
2.461224489795918302e+01
4.622448979591836604e+01
1.400000000000000000e+01
1.595918367346938815e+01
3.134693877551020336e+01
2.067346938775510168e+01
8.020408163265306811e+00
2.197959183673469497e+01
1.246938775510204067e+01
1.830612244897959329e+01
3.081632653061224403e+01
1.779591836734693899e+01
1.765306122448979664e+01
1.369387755102040849e+01
2.218367346938775597e+01
1.414285714285714235e+01
1.557142857142857117e+01
1.704081632653061362e+01
2.534693877551020336e+01
1.565306122448979664e+01
1.279591836734693899e+01
1.608163265306122369e+01
1.657142857142857295e+01
1.677551020408163396e+01
9.163265306122449161e+00
3.087755102040816269e+01
1.283673469387755084e+01
2.961224489795918302e+01
1.751020408163265429e+01
4.153061224489795933e+01
1.510204081632653050e+01
1.881632653061224403e+01
1.297959183673469319e+01
1.275510204081632715e+01
2.346938775510204067e+01
2.338775510204081698e+01
1.506122448979591866e+01
1.273469387755102034e+01
1.510204081632653050e+01
1.746938775510204067e+01
1.800000000000000000e+01
1.828571428571428470e+01
1.157142857142857117e+01
1.069387755102040849e+01
2.379591836734693899e+01
1.238775510204081698e+01
1.185714285714285765e+01
1.400000000000000000e+01
1.471428571428571352e+01
1.202040816326530681e+01
1.018367346938775597e+01
2.932653061224489832e+01
1.946938775510204067e+01
1.818367346938775597e+01
1.548979591836734748e+01
1.387755102040816269e+01
1.328571428571428648e+01
1.593877551020408134e+01
1.746938775510204067e+01
2.208163265306122369e+01
2.867346938775510168e+01
2.357142857142857295e+01
1.967346938775510168e+01
2.969387755102040671e+01
1.573469387755102034e+01
2.820408163265306101e+01
2.875510204081632537e+01
2.089795918367346772e+01
2.330612244897959329e+01
1.175510204081632715e+01
1.742857142857142705e+01
1.771428571428571530e+01
2.295918367346938638e+01
1.297959183673469319e+01
1.740816326530612201e+01
2.100000000000000000e+01
1.014285714285714235e+01
1.377551020408163218e+01
1.422448979591836782e+01
2.108163265306122369e+01
8.673469387755101678e+00
2.022448979591836604e+01
1.520408163265306101e+01
1.963265306122448806e+01
1.495918367346938815e+01
2.663265306122448806e+01
1.924489795918367463e+01
9.602040816326530148e+01
1.634693877551020336e+01
1.712244897959183731e+01
1.085714285714285765e+01
1.724489795918367463e+01
1.879591836734693899e+01
1.544897959183673386e+01
1.569387755102040849e+01
1.975510204081632537e+01
1.212244897959183731e+01
2.516326530612244738e+01
2.793877551020408134e+01
1.679591836734693899e+01
1.506122448979591866e+01
2.524489795918367463e+01
1.542857142857142883e+01
9.673469387755101678e+00
1.361224489795918302e+01
4.291836734693877276e+01
1.834693877551020336e+01
9.775510204081632182e+00
1.571428571428571352e+01
1.455102040816326614e+01
2.163265306122448806e+01
2.334693877551020336e+01
1.873469387755102034e+01
1.765306122448979664e+01
1.681632653061224403e+01
1.720408163265306101e+01
1.708163265306122369e+01
1.308163265306122369e+01
2.534693877551020336e+01
1.875510204081632537e+01
2.500000000000000000e+01
1.391836734693877631e+01
2.393877551020408134e+01
1.873469387755102034e+01
1.797959183673469497e+01
1.508163265306122369e+01
1.624489795918367463e+01
2.010204081632653228e+01
2.081632653061224403e+01
1.365306122448979664e+01
1.110204081632653050e+01
2.485714285714285765e+01
1.820408163265306101e+01
3.087755102040816269e+01
1.091836734693877631e+01
1.848979591836734571e+01
1.616326530612244738e+01
1.855102040816326436e+01
3.912244897959183731e+01
1.808163265306122369e+01
1.348979591836734748e+01
1.722448979591836604e+01
1.087755102040816269e+01
3.593877551020408134e+01
1.108163265306122369e+01
2.067346938775510168e+01
2.730612244897959329e+01
3.553061224489795933e+01
9.836734693877550839e+00
1.897959183673469497e+01
1.948979591836734571e+01
3.591836734693877276e+01
2.285714285714285765e+01
1.489795918367346950e+01
1.914285714285714235e+01
2.171428571428571530e+01
1.414285714285714235e+01
2.051020408163265429e+01
1.338775510204081698e+01
5.822448979591836604e+01
1.348979591836734748e+01
2.124489795918367463e+01
2.559183673469387799e+01
2.232653061224489832e+01
1.826530612244897966e+01
2.634693877551020336e+01
1.410204081632653050e+01
2.132653061224489832e+01
1.991836734693877631e+01
1.100000000000000000e+01
1.522448979591836782e+01
1.216326530612244916e+01
1.502040816326530681e+01
1.146938775510204067e+01
1.755102040816326436e+01
1.414285714285714235e+01
2.291836734693877631e+01
4.008163265306122724e+01
2.263265306122448806e+01
1.436734693877551017e+01
1.057142857142857117e+01
1.832653061224489832e+01
2.281632653061224403e+01
1.728571428571428470e+01
1.542857142857142883e+01
3.036734693877551194e+01
1.377551020408163218e+01
1.228571428571428648e+01
1.471428571428571352e+01
1.471428571428571352e+01
1.606122448979591866e+01
1.271428571428571352e+01
1.338775510204081698e+01
1.310204081632653050e+01
2.146938775510204067e+01
2.373469387755102034e+01
1.475510204081632715e+01
2.634693877551020336e+01
2.724489795918367463e+01
3.579591836734693544e+01
2.244897959183673564e+01
2.116326530612244738e+01
3.059183673469387799e+01
1.557142857142857117e+01
1.157142857142857117e+01
1.224489795918367285e+01
1.726530612244897966e+01
3.595918367346938993e+01
1.697959183673469497e+01
2.736734693877551194e+01
1.714285714285714235e+01
2.326530612244897966e+01
1.481632653061224403e+01
3.095918367346938638e+01
1.844897959183673564e+01
1.483673469387755084e+01
2.206122448979591866e+01
1.718367346938775597e+01
1.671428571428571530e+01
6.042857142857143060e+01
1.738775510204081698e+01
1.420408163265306101e+01
1.726530612244897966e+01
2.116326530612244738e+01
1.846938775510204067e+01
2.904081632653061362e+01
1.100000000000000000e+01
2.275510204081632537e+01
1.769387755102040671e+01
2.157142857142857295e+01
1.906122448979591866e+01
1.538775510204081698e+01
1.791836734693877631e+01
2.661224489795918302e+01
2.310204081632653228e+01
3.973469387755102389e+01
1.424489795918367285e+01
1.722448979591836604e+01
2.691836734693877631e+01
1.497959183673469319e+01
2.646938775510204067e+01
1.202040816326530681e+01
1.512244897959183731e+01
9.122448979591837315e+00
4.000000000000000000e+01
2.461224489795918302e+01
2.271428571428571530e+01
1.579591836734693899e+01
1.595918367346938815e+01
1.879591836734693899e+01
1.922448979591836604e+01
2.593877551020408134e+01
1.655102040816326436e+01
1.814285714285714235e+01
1.569387755102040849e+01
1.208163265306122369e+01
2.736734693877551194e+01
8.571428571428571175e+00
2.130612244897959329e+01
1.151020408163265252e+01
1.422448979591836782e+01
1.612244897959183731e+01
3.365306122448979664e+01
6.389795918367347127e+01
2.381632653061224403e+01
1.748979591836734571e+01
2.022448979591836604e+01
1.495918367346938815e+01
2.842857142857142705e+01
1.528571428571428648e+01
1.767346938775510168e+01
4.593877551020408134e+01
2.034693877551020336e+01
2.487755102040816269e+01
1.904081632653061362e+01
1.779591836734693899e+01
1.783673469387755262e+01
2.477551020408163396e+01
1.161224489795918302e+01
7.591836734693877986e+00
1.500000000000000000e+01
1.795918367346938638e+01
1.718367346938775597e+01
1.477551020408163218e+01
1.091836734693877631e+01
1.812244897959183731e+01
1.312244897959183731e+01
2.020408163265306101e+01
1.130612244897959151e+01
1.189795918367346950e+01
2.981632653061224403e+01
2.228571428571428470e+01
1.402040816326530681e+01
2.004081632653061362e+01
1.591836734693877631e+01
1.712244897959183731e+01
2.924489795918367463e+01
1.428571428571428648e+01
1.318367346938775597e+01
2.632653061224489832e+01
2.130612244897959329e+01
1.979591836734693899e+01
3.946938775510204067e+01
1.493877551020408134e+01
1.171428571428571352e+01
2.879591836734693899e+01
2.159183673469387799e+01
1.522448979591836782e+01
1.620408163265306101e+01
1.816326530612244738e+01
3.426530612244897611e+01
1.902040816326530503e+01
1.897959183673469497e+01
1.989795918367346772e+01
1.306122448979591866e+01
1.891836734693877631e+01
1.893877551020408134e+01
1.430612244897959151e+01
1.687755102040816269e+01
1.828571428571428470e+01
1.406122448979591866e+01
1.259183673469387799e+01
1.297959183673469319e+01
3.057142857142857295e+01
1.822448979591836604e+01
1.395918367346938815e+01
1.765306122448979664e+01
1.526530612244897966e+01
1.532653061224489832e+01
1.683673469387755262e+01
2.673469387755102034e+01
2.083673469387755262e+01
2.879591836734693899e+01
1.771428571428571530e+01
1.926530612244897966e+01
1.051020408163265252e+01
1.365306122448979664e+01
1.887755102040816269e+01
1.369387755102040849e+01
1.834693877551020336e+01
2.534693877551020336e+01
8.489795918367347483e+00
3.261224489795918657e+01
2.536734693877551194e+01
3.955102040816326792e+01
2.573469387755102034e+01
1.455102040816326614e+01
1.220408163265306101e+01
2.000000000000000000e+01
1.463265306122448983e+01
2.222448979591836604e+01
1.646938775510204067e+01
1.136734693877551017e+01
1.328571428571428648e+01
3.212244897959183731e+01
1.881632653061224403e+01
3.967346938775510523e+01
2.583673469387755262e+01
1.430612244897959151e+01
2.104081632653061362e+01
1.695918367346938638e+01
2.444897959183673564e+01
3.777551020408163396e+01
1.575510204081632715e+01
2.395918367346938638e+01
1.257142857142857117e+01
4.206122448979591866e+01
1.820408163265306101e+01
1.214285714285714235e+01
1.795918367346938638e+01
1.781632653061224403e+01
1.306122448979591866e+01
1.161224489795918302e+01
1.340816326530612201e+01
1.483673469387755084e+01
1.916326530612244738e+01
2.348979591836734571e+01
2.216326530612244738e+01
1.524489795918367285e+01
1.046938775510204067e+01
1.481632653061224403e+01
1.253061224489795933e+01
1.714285714285714235e+01
1.646938775510204067e+01
1.730612244897959329e+01
1.061224489795918302e+01
1.624489795918367463e+01
1.018367346938775597e+01
1.300000000000000000e+01
1.004081632653061185e+01
1.877551020408163396e+01
2.467346938775510168e+01
2.089795918367346772e+01
2.236734693877551194e+01
2.244897959183673564e+01
3.024489795918367463e+01
2.775510204081632537e+01
1.791836734693877631e+01
1.865306122448979664e+01
2.887755102040816269e+01
1.634693877551020336e+01
1.716326530612244738e+01
1.273469387755102034e+01
1.218367346938775597e+01
2.504081632653061362e+01
2.267346938775510168e+01
1.936734693877551194e+01
1.340816326530612201e+01
2.712244897959183731e+01
2.693877551020408134e+01
1.212244897959183731e+01
3.083673469387755262e+01
1.934693877551020336e+01
1.932653061224489832e+01
2.853061224489795933e+01
1.400000000000000000e+01
1.663265306122448806e+01
1.418367346938775597e+01
1.026530612244897966e+01
9.000000000000000000e+00
1.106122448979591866e+01
1.553061224489795933e+01
2.177551020408163396e+01
1.924489795918367463e+01
1.734693877551020336e+01
1.283673469387755084e+01
2.377551020408163396e+01
1.700000000000000000e+01
2.661224489795918302e+01
1.559183673469387799e+01
3.110204081632653228e+01
2.834693877551020336e+01
1.548979591836734748e+01
1.081632653061224403e+01
1.971428571428571530e+01
2.004081632653061362e+01
1.569387755102040849e+01
1.612244897959183731e+01
1.022448979591836782e+01
1.232653061224489832e+01
1.530612244897959151e+01
1.573469387755102034e+01
1.663265306122448806e+01
1.377551020408163218e+01
2.159183673469387799e+01
2.526530612244897966e+01
2.304081632653061362e+01
3.124489795918367463e+01
1.183673469387755084e+01
2.087755102040816269e+01
1.669387755102040671e+01
2.504081632653061362e+01
1.563265306122448983e+01
1.434693877551020336e+01
1.540816326530612201e+01
3.408163265306122724e+01
4.210204081632652873e+01
5.589795918367347127e+01
3.691836734693877276e+01
1.591836734693877631e+01
1.300000000000000000e+01
1.508163265306122369e+01
1.495918367346938815e+01
1.379591836734693899e+01
1.059183673469387799e+01
1.465306122448979664e+01
2.857142857142857295e+01
2.024489795918367463e+01
2.100000000000000000e+01
3.383673469387755262e+01
1.181632653061224403e+01
1.800000000000000000e+01
1.128571428571428648e+01
2.116326530612244738e+01
1.875510204081632537e+01
1.332653061224489832e+01
1.028571428571428648e+01
3.736734693877551194e+01
1.183673469387755084e+01
2.583673469387755262e+01
1.430612244897959151e+01
3.875510204081632537e+01
2.046938775510204067e+01
2.918367346938775597e+01
2.073469387755102034e+01
1.242857142857142883e+01
2.414285714285714235e+01
1.375510204081632715e+01
2.434693877551020336e+01
2.148979591836734571e+01
1.769387755102040671e+01
2.338775510204081698e+01
2.281632653061224403e+01
1.897959183673469497e+01
2.518367346938775597e+01
1.600000000000000000e+01
1.422448979591836782e+01
1.108163265306122369e+01
1.916326530612244738e+01
2.122448979591836604e+01
8.551020408163266140e+00
2.563265306122448806e+01
1.471428571428571352e+01
2.316326530612244738e+01
8.979591836734693189e+00
3.777551020408163396e+01
2.489795918367346772e+01
1.459183673469387799e+01
4.071428571428571530e+01
1.500000000000000000e+01
1.814285714285714235e+01
1.814285714285714235e+01
2.434693877551020336e+01
1.336734693877551017e+01
2.010204081632653228e+01
1.263265306122448983e+01
1.951020408163265429e+01
1.769387755102040671e+01
1.275510204081632715e+01
3.008163265306122369e+01
1.461224489795918302e+01
1.624489795918367463e+01
2.393877551020408134e+01
1.255102040816326614e+01
1.777551020408163396e+01
1.769387755102040671e+01
1.414285714285714235e+01
3.230612244897959329e+01
1.626530612244897966e+01
1.922448979591836604e+01
1.044897959183673386e+01
1.665306122448979664e+01
2.255102040816326436e+01
1.067346938775510168e+01
1.897959183673469497e+01
1.612244897959183731e+01
9.918367346938776308e+00
1.475510204081632715e+01
1.230612244897959151e+01
1.979591836734693899e+01
4.883673469387755262e+01
1.083673469387755084e+01
3.677551020408163396e+01
3.820408163265306456e+01
1.008163265306122369e+01
1.981632653061224403e+01
1.683673469387755262e+01
3.608163265306122724e+01
2.118367346938775597e+01
1.122448979591836782e+01
2.481632653061224403e+01
2.681632653061224403e+01
1.991836734693877631e+01
2.561224489795918302e+01
1.787755102040816269e+01
3.487755102040816269e+01
2.263265306122448806e+01
1.924489795918367463e+01
1.461224489795918302e+01
2.275510204081632537e+01
1.385714285714285765e+01
1.506122448979591866e+01
1.336734693877551017e+01
2.120408163265306101e+01
1.489795918367346950e+01
2.106122448979591866e+01
2.436734693877551194e+01
1.259183673469387799e+01
1.893877551020408134e+01
2.351020408163265429e+01
1.763265306122448806e+01
1.748979591836734571e+01
2.255102040816326436e+01
1.657142857142857295e+01
8.734693877551020336e+00
3.393877551020408134e+01
2.138775510204081698e+01
1.406122448979591866e+01
1.387755102040816269e+01
2.783673469387755262e+01
1.740816326530612201e+01
4.006122448979591866e+01
1.567346938775510168e+01
2.051020408163265429e+01
2.602040816326530503e+01
4.089795918367347127e+01
1.426530612244897966e+01
2.318367346938775597e+01
1.232653061224489832e+01
1.136734693877551017e+01
1.271428571428571352e+01
2.928571428571428470e+01
1.657142857142857295e+01
1.930612244897959329e+01
2.085714285714285765e+01
2.377551020408163396e+01
3.022448979591836604e+01
1.500000000000000000e+01
1.875510204081632537e+01
2.304081632653061362e+01
1.534693877551020336e+01
2.169387755102040671e+01
1.928571428571428470e+01
1.475510204081632715e+01
1.197959183673469319e+01
3.122448979591836604e+01
2.106122448979591866e+01
1.814285714285714235e+01
1.365306122448979664e+01
1.457142857142857117e+01
1.969387755102040671e+01
1.081632653061224403e+01
2.740816326530612201e+01
1.630612244897959329e+01
2.738775510204081698e+01
1.612244897959183731e+01
2.275510204081632537e+01
1.263265306122448983e+01
3.310204081632652873e+01
1.573469387755102034e+01
2.469387755102040671e+01
1.720408163265306101e+01
2.204081632653061362e+01
1.171428571428571352e+01
2.344897959183673564e+01
1.993877551020408134e+01
3.600000000000000000e+01
3.279591836734693544e+01
2.159183673469387799e+01
2.712244897959183731e+01
4.495918367346938993e+01
1.632653061224489832e+01
1.748979591836734571e+01
1.732653061224489832e+01
1.463265306122448983e+01
1.563265306122448983e+01
2.393877551020408134e+01
2.928571428571428470e+01
1.808163265306122369e+01
1.193877551020408134e+01
2.622448979591836604e+01
1.544897959183673386e+01
2.004081632653061362e+01
1.255102040816326614e+01
1.414285714285714235e+01
1.385714285714285765e+01
2.810204081632653228e+01
2.520408163265306101e+01
1.712244897959183731e+01
4.146938775510204067e+01
1.657142857142857295e+01
1.310204081632653050e+01
2.416326530612244738e+01
1.918367346938775597e+01
1.279591836734693899e+01
1.593877551020408134e+01
2.318367346938775597e+01
1.361224489795918302e+01
1.759183673469387799e+01
2.389795918367346772e+01
1.761224489795918302e+01
1.495918367346938815e+01
2.075510204081632537e+01
1.814285714285714235e+01
2.861224489795918302e+01
3.226530612244897611e+01
2.834693877551020336e+01
2.644897959183673564e+01
2.365306122448979664e+01
1.902040816326530503e+01
1.295918367346938815e+01
1.495918367346938815e+01
2.985714285714285765e+01
1.377551020408163218e+01
2.436734693877551194e+01
1.281632653061224403e+01
1.232653061224489832e+01
1.434693877551020336e+01
1.785714285714285765e+01
1.887755102040816269e+01
1.444897959183673386e+01
2.683673469387755262e+01
2.569387755102040671e+01
4.512244897959183731e+01
2.328571428571428470e+01
1.642857142857142705e+01
2.134693877551020336e+01
2.038775510204081698e+01
2.236734693877551194e+01
2.416326530612244738e+01
1.891836734693877631e+01
1.669387755102040671e+01
1.412244897959183731e+01
1.308163265306122369e+01
3.342857142857143060e+01
1.400000000000000000e+01
1.846938775510204067e+01
1.077551020408163218e+01
1.536734693877551017e+01
1.612244897959183731e+01
1.712244897959183731e+01
2.908163265306122369e+01
3.269387755102040671e+01
2.108163265306122369e+01
2.004081632653061362e+01
2.432653061224489832e+01
1.702040816326530503e+01
2.059183673469387799e+01
1.326530612244897966e+01
1.508163265306122369e+01
1.963265306122448806e+01
2.046938775510204067e+01
1.718367346938775597e+01
1.559183673469387799e+01
1.463265306122448983e+01
1.757142857142857295e+01
1.642857142857142705e+01
1.283673469387755084e+01
3.732653061224489477e+01
1.328571428571428648e+01
1.769387755102040671e+01
1.826530612244897966e+01
3.855102040816326792e+01
1.391836734693877631e+01
1.902040816326530503e+01
1.571428571428571352e+01
1.181632653061224403e+01
1.983673469387755262e+01
1.826530612244897966e+01
1.185714285714285765e+01
1.495918367346938815e+01
1.069387755102040849e+01
2.208163265306122369e+01
1.751020408163265429e+01
1.679591836734693899e+01
1.297959183673469319e+01
1.826530612244897966e+01
1.753061224489795933e+01
4.055102040816326792e+01
2.689795918367346772e+01
1.416326530612244916e+01
2.057142857142857295e+01
3.236734693877551194e+01
1.953061224489795933e+01
2.002040816326530503e+01
6.159183673469387799e+01
1.283673469387755084e+01
1.561224489795918302e+01
1.032653061224489832e+01
1.142857142857142883e+01
2.138775510204081698e+01
1.124489795918367285e+01
1.457142857142857117e+01
1.344897959183673386e+01
1.632653061224489832e+01
3.410204081632652873e+01
1.932653061224489832e+01
1.853061224489795933e+01
1.997959183673469497e+01
1.332653061224489832e+01
1.475510204081632715e+01
2.344897959183673564e+01
9.734693877551020336e+00
2.014285714285714235e+01
3.848979591836734926e+01
1.308163265306122369e+01
1.369387755102040849e+01
2.810204081632653228e+01
1.926530612244897966e+01
1.777551020408163396e+01
7.148979591836734926e+01
1.340816326530612201e+01
1.563265306122448983e+01
1.640816326530612201e+01
1.228571428571428648e+01
1.773469387755102034e+01
2.197959183673469497e+01
1.489795918367346950e+01
1.253061224489795933e+01
1.695918367346938638e+01
1.422448979591836782e+01
1.079591836734693899e+01
1.526530612244897966e+01
2.636734693877551194e+01
1.820408163265306101e+01
1.816326530612244738e+01
2.208163265306122369e+01
1.651020408163265429e+01
2.261224489795918302e+01
2.371428571428571530e+01
1.687755102040816269e+01
2.736734693877551194e+01
1.312244897959183731e+01
2.730612244897959329e+01
1.455102040816326614e+01
1.287755102040816269e+01
1.142857142857142883e+01
1.820408163265306101e+01
1.516326530612244916e+01
2.124489795918367463e+01
1.155102040816326614e+01
1.024489795918367285e+01
2.381632653061224403e+01
1.848979591836734571e+01
1.144897959183673386e+01
1.951020408163265429e+01
2.040816326530612201e+01
1.214285714285714235e+01
2.424489795918367463e+01
1.432653061224489832e+01
3.473469387755102389e+01
1.689795918367346772e+01
1.451020408163265252e+01
1.287755102040816269e+01
2.881632653061224403e+01
3.630612244897959329e+01
1.418367346938775597e+01
1.628571428571428470e+01
2.534693877551020336e+01
3.906122448979591866e+01
1.867346938775510168e+01
1.312244897959183731e+01
4.230612244897959329e+01
3.346938775510204067e+01
1.812244897959183731e+01
1.391836734693877631e+01
2.142857142857142705e+01
1.071428571428571352e+01
1.693877551020408134e+01
2.212244897959183731e+01
1.377551020408163218e+01
1.438775510204081698e+01
2.467346938775510168e+01
2.446938775510204067e+01
1.671428571428571530e+01
1.728571428571428470e+01
1.522448979591836782e+01
1.704081632653061362e+01
2.257142857142857295e+01
1.712244897959183731e+01
1.763265306122448806e+01
1.036734693877551017e+01
1.612244897959183731e+01
1.846938775510204067e+01
1.744897959183673564e+01
3.859183673469387799e+01
2.895918367346938638e+01
1.587755102040816269e+01
1.934693877551020336e+01
8.122448979591837315e+00
3.334693877551020336e+01
2.557142857142857295e+01
2.310204081632653228e+01
1.771428571428571530e+01
1.348979591836734748e+01
2.357142857142857295e+01
1.551020408163265252e+01
1.144897959183673386e+01
1.651020408163265429e+01
1.479591836734693899e+01
1.026530612244897966e+01
1.773469387755102034e+01
2.304081632653061362e+01
1.240816326530612201e+01
1.167346938775510168e+01
1.136734693877551017e+01
1.563265306122448983e+01
1.916326530612244738e+01
1.406122448979591866e+01
1.683673469387755262e+01
1.332653061224489832e+01
2.420408163265306101e+01
2.428571428571428470e+01
1.214285714285714235e+01
1.430612244897959151e+01
1.157142857142857117e+01
1.300000000000000000e+01
2.534693877551020336e+01
1.955102040816326436e+01
1.583673469387755084e+01
1.797959183673469497e+01
4.708163265306122724e+01
1.879591836734693899e+01
5.540816326530612201e+01
1.151020408163265252e+01
1.738775510204081698e+01
1.687755102040816269e+01
1.810204081632653228e+01
1.373469387755102034e+01
1.122448979591836782e+01
1.673469387755102034e+01
2.675510204081632537e+01
2.467346938775510168e+01
9.061224489795918657e+00
1.375510204081632715e+01
2.095918367346938638e+01
1.579591836734693899e+01
1.514285714285714235e+01
1.738775510204081698e+01
2.436734693877551194e+01
3.920408163265306456e+01
2.538775510204081698e+01
4.600000000000000000e+01
1.593877551020408134e+01
2.848979591836734571e+01
1.342857142857142883e+01
1.512244897959183731e+01
2.236734693877551194e+01
1.381632653061224403e+01
1.185714285714285765e+01
9.387755102040816979e+00
1.812244897959183731e+01
2.381632653061224403e+01
1.618367346938775597e+01
2.148979591836734571e+01
2.355102040816326436e+01
3.073469387755102034e+01
2.028571428571428470e+01
1.767346938775510168e+01
2.151020408163265429e+01
1.112244897959183731e+01
2.955102040816326436e+01
1.946938775510204067e+01
2.781632653061224403e+01
1.736734693877551194e+01
1.522448979591836782e+01
1.481632653061224403e+01
1.516326530612244916e+01
1.326530612244897966e+01
2.538775510204081698e+01
1.271428571428571352e+01
9.897959183673469497e+00
