3 567
246 249 1414 1417 2197 2200 3328 3331 3722 3725 4097 4100 4104 4107 5472 5475 6097 6100 6260 6263 6731 6734 7897 7900 7991 7994 14151 14154 16619 16622 16897 16900 19297 19300 22253 22256 23263 23266 25110 25113 27887 27890 28108 28111 29203 29206 31027 31030 31085 31088 32826 32829 36697 36700 36997 37000 40411 40414 43745 43748 43769 43772 44597 44600 45012 45015 48697 48700 49697 49700 50837 50840 52611 52614 54297 54300 56540 56543 58779 58782 60397 60400 61719 61722 63512 63515 66322 66325 67697 67700 70497 70500 71097 71100 73014 73017 73897 73900 78497 78500 79097 79100 79797 79800 81941 81944 82311 82314 82797 82800 86997 87000 87997 88000 89597 89600 93430 93433 95141 95144 99446 99449 99487 99490 100097 100100 100482 100485 101860 101863 102597 102600 105857 105860 107397 107400 112158 112161 112873 112876 113426 113429 113597 113600 113897 113900 116349 116352 116477 116480 117618 117621 122697 122700 126833 126836 127797 127800 128397 128400 129197 129200 129260 129263 132987 132990 134297 134300 137887 137890 138397 138400 138704 138707 140552 140555 140740 140743 141430 141433 141597 141600 142253 142256 147497 147500 148097 148100 148791 148794 149207 149210 149297 149300 152917 152920 153434 153437 153997 154000 154197 154200 154766 154769 154773 154776 154997 155000 156511 156514 157997 158000 158186 158189 160609 160612 162104 162107 164819 164822 168497 168500 173066 173069 174125 174128 174497 174500 174894 174897 176102 176105 177627 177630 179363 179366 179404 179407 180797 180800 181635 181638 182980 182983 183097 183100 183138 183141 185316 185319 185332 185335 185388 185391 186483 186486 186731 186734 188771 188774 189897 189900 193673 193676 196997 197000 197679 197682 199166 199169 201064 201067 201155 201158 203397 203400 205597 205600 207552 207555 207897 207900 209197 209200 209497 209500 209697 209700 210220 210223 210909 210912 211206 211209 211233 211236 211583 211586 211588 211591 211797 211800 214714 214717 215289 215292 215997 216000 216559 216562 216997 217000 218180 218183 219697 219700 219953 219956 221597 221600 225860 225863 227697 227700 227797 227800 231197 231200 231305 231308 231806 231809 232497 232500 242797 242800 243397 243400 243790 243793 243997 244000 245570 245573 246097 246100 246539 246542 247197 247200 247797 247800 247831 247834 248525 248528 252080 252083 252650 252653 253791 253794 254274 254277 256875 256878 257187 257190 257397 257400 258197 258200 258297 258300 258872 258875 259451 259454 262094 262097 264997 265000 268350 268353 270480 270483 273471 273474 273487 273490 274997 275000 275797 275800 277319 277322 277397 277400 277968 277971 278797 278800 279119 279122 280375 280378 281170 281173 281346 281349 282997 283000 284197 284200 285035 285038 285797 285800 285910 285913 286950 286953 287144 287147 287997 288000 288072 288075 290732 290735 291197 291200 292402 292405 293159 293162 294065 294068 294212 294215 294397 294400 295597 295600 296297 296300 301597 301600 301776 301779 302297 302300 302906 302909 303443 303446 303482 303485 305766 305769 308146 308149 308197 308200 309649 309652 309776 309779 309813 309816 311867 311870 312797 312800 314279 314282 314968 314971 315820 315823 319325 319328 319397 319400 319807 319810 320284 320287 321197 321200 321454 321457 321948 321951 323297 323300 325033 325036 325061 325064 326597 326600 328062 328065 331244 331247 332204 332207 332632 332635 333668 333671 335197 335200 335664 335667 336497 336500 336697 336700 339430 339433 340518 340521 341368 341371 341732 341735 343787 343790 344509 344512 345938 345941 346029 346032 347697 347700 349012 349015 351403 351406 351440 351443 352597 352600 353872 353875 354297 354300 354685 354688 354893 354896 356794 356797 358197 358200 358329 358332 358521 358524 359008 359011 359430 359433 361582 361585 363575 363578 365132 365135 365397 365400 365520 365523 365697 365700 369777 369780 369789 369792 372523 372526 373731 373734 376897 376900 378497 378500 381097 381100 382084 382087 382090 382093 382295 382298 382685 382688 384097 384100 389851 389854 390081 390084 390107 390110 390959 390962 391139 391142 398097 398100 398597 398600 398997 399000 400497 400500 400797 400800 402197 402200 403897 403900 404297 404300 404797 404800 405733 405736 407345 407348 407597 407600 408513 408516 409897 409900 412931 412934 413177 413180 413197 413200 419303 419306 421197 421200 422292 422295 423273 423276 423283 423286 423414 423417 429597 429600 433597 433600 436811 436814 437292 437295 437297 437300 437491 437494 437497 437500 438497 438500 439033 439036 440205 440208 440652 440655 440709 440712 442321 442324 443511 443514 444273 444276 444297 444300 445680 445683 448266 448269 449716 449719 450110 450113 451052 451055 451283 451286 451418 451421 454410 454413 454597 454600 455586 455589 457909 457912 459762 459765 459929 459932 463497 463500 464985 464988 465046 465049 465057 465060 465852 465855 467004 467007 467240 467243 467397 467400 469102 469105 471197 471200 472712 472715 477457 477460 477797 477800 479910 479913 484697 484700 486739 486742 486904 486907 488743 488746 488783 488786 488791 488794 488923 488926 490102 490105 490148 490151 490197 490200 490295 490298 490433 490436 492558 492561 496022 496025 496686 496689 496977 496980 497743 497746 497922 497925 497984 497987 499897 499900 501852 501855 506397 506400 507071 507074 508081 508084 508197 508200 508897 508900 511197 511200 514278 514281 514542 514545 516797 516800 516858 516861 516871 516874 519897 519900 520416 520419 520897 520900 521324 521327 527094 527097 528039 528042 529397 529400 529709 529712 529947 529950 530290 530293 531943 531946 532503 532506 532578 532581 534381 534384 535397 535400 537697 537700 539157 539160 539888 539891 540328 540331 541345 541348 542195 542198 542997 543000 545744 545747 545769 545772 545937 545940 546292 546295 548336 548339 549597 549600 553297 553300 554680 554683 556323 556326 556795 556798 558136 558139 558697 558700 560539 560542 561597 561600 562752 562755 563739 563742 565085 565088 565197 565200 566964 566967 566997 567000 568720 568723 569245 569248 570930 570933 571788 571791 572224 572227 572759 572762 573897 573900 574169 574172 575459 575462 575751 575754 575797 575800 578097 578100 578997 579000 584397 584400 587097 587100 587197 587200 588397 588400 588408 588411 590578 590581 590762 590765 591434 591437 595297 595300 596228 596231 597455 597458 598707 598710 598844 598847 600505 600508 607997 608000 609669 609672 609741 609744 610197 610200 610836 610839 610997 611000 612397 612400 613497 613500 615897 615900 616452 616455 616597 616600 620275 620278 622540 622543 624307 624310 626445 626448 626806 626809 626915 626918 627625 627628 627795 627798 631269 631272 632797 632800 632897 632900 633897 633900 634080 634083 634513 634516 635915 635918 636835 636838 638054 638057 639797 639800 640452 640455 641297 641300 642172 642175 642297 642300 643097 643100 643232 643235 644446 644449 646397 646400 646489 646492 647040 647043 648724 648727 648729 648732 648744 648747 650333 650336 650733 650736 652088 652091 653097 653100 653890 653893 655597 655600 656873 656876 658722 658725 659897 659900 665297 665300 667313 667316 667497 667500 667746 667749 669176 669179 671789 671792 671815 671818 678035 678038 681497 681500 682224 682227 682297 682300 682563 682566 684921 684924 687208 687211 688197 688200 688426 688429 691386 691389 692491 692494 693872 693875 694632 694635 697342 697345 698776 698779 700397 700400 701897 701900 702082 702085 702879 702882 703015 703018 703597 703600 703797 703800 704640 704643 706580 706583 708609 708612 708617 708620 708662 708665 710697 710700 710891 710894 712311 712314 714038 714041 714259 714262 715097 715100 715594 715597 717079 717082 718088 718091 
4 555
2760 2764 3253 3257 3567 3571 3596 3600 6925 6929 7792 7796 10996 11000 11776 11780 13496 13500 13896 13900 14396 14400 15396 15400 16132 16136 20378 20382 20404 20408 20886 20890 21508 21512 21894 21898 22596 22600 24286 24290 24968 24972 25095 25099 27486 27490 27996 28000 30171 30175 31288 31292 31352 31356 32380 32384 33896 33900 35196 35200 36982 36986 37513 37517 37915 37919 39796 39800 40146 40150 40496 40500 42709 42713 44142 44146 46066 46070 47782 47786 48884 48888 51896 51900 55308 55312 56531 56535 57276 57280 59296 59300 59696 59700 60196 60200 65696 65700 67008 67012 69696 69700 71463 71467 72596 72600 76496 76500 79305 79309 79785 79789 80511 80515 82196 82200 83086 83090 87265 87269 87927 87931 90172 90176 91983 91987 92106 92110 92430 92434 92896 92900 93822 93826 94533 94537 96782 96786 102152 102156 102296 102300 103046 103050 103496 103500 103856 103860 105896 105900 107375 107379 109812 109816 111987 111991 113417 113421 113514 113518 113534 113538 115022 115026 116096 116100 117096 117100 117133 117137 119428 119432 119441 119445 120396 120400 121228 121232 125356 125360 125396 125400 125982 125986 126737 126741 127791 127795 129796 129800 132796 132800 134828 134832 136896 136900 137780 137784 138696 138700 142073 142077 143126 143130 143190 143194 150432 150436 150526 150530 151219 151223 151596 151600 151796 151800 152769 152773 156177 156181 156796 156800 159313 159317 159632 159636 160396 160400 160496 160500 160928 160932 161732 161736 162152 162156 162468 162472 163596 163600 165937 165941 166641 166645 166919 166923 167696 167700 168306 168310 169020 169024 171045 171049 171766 171770 172196 172200 172296 172300 174066 174070 174332 174336 177313 177317 177386 177390 177432 177436 178696 178700 180196 180200 180219 180223 181363 181367 182083 182087 182246 182250 182275 182279 182925 182929 183118 183122 185342 185346 185510 185514 185796 185800 186075 186079 188792 188796 190896 190900 191213 191217 191534 191538 195369 195373 195532 195536 195588 195592 196930 196934 197192 197196 197796 197800 198418 198422 200259 200263 200796 200800 203215 203219 203959 203963 205570 205574 210673 210677 212260 212264 212704 212708 215150 215154 215625 215629 218292 218296 218987 218991 220147 220151 221996 222000 225396 225400 226596 226600 229907 229911 230196 230200 230863 230867 232170 232174 232904 232908 237096 237100 238779 238783 239614 239618 240149 240153 243296 243300 245049 245053 245575 245579 247355 247359 247622 247626 248533 248537 250896 250900 254596 254600 254796 254800 255074 255078 256642 256646 256678 256682 260561 260565 262818 262822 262996 263000 266177 266181 266296 266300 266369 266373 267896 267900 268361 268365 268561 268565 268918 268922 271696 271700 272196 272200 272996 273000 275545 275549 277096 277100 278435 278439 280349 280353 281325 281329 281733 281737 285049 285053 286986 286990 287173 287177 287345 287349 289096 289100 290216 290220 290737 290741 293516 293520 294796 294800 296879 296883 298681 298685 306371 306375 308170 308174 308796 308800 309229 309233 309289 309293 310149 310153 310196 310200 311256 311260 312774 312778 314896 314900 315961 315965 316091 316095 317096 317100 317996 318000 318109 318113 318315 318319 318467 318471 320372 320376 322952 322956 326356 326360 328296 328300 328788 328792 330906 330910 330918 330922 330925 330929 331280 331284 331367 331371 331711 331715 332032 332036 332519 332523 334769 334773 337087 337091 337196 337200 337933 337937 337996 338000 338196 338200 341147 341151 342474 342478 344088 344092 344096 344100 346096 346100 347479 347483 347862 347866 352096 352100 355623 355627 357496 357500 357572 357576 358536 358540 361576 361580 361983 361987 364110 364114 365525 365529 366142 366146 366282 366286 367596 367600 367920 367924 368086 368090 369196 369200 369613 369617 371296 371300 371591 371595 372327 372331 372496 372500 372976 372980 386262 386266 389831 389835 390939 390943 392391 392395 392796 392800 392990 392994 395346 395350 396508 396512 397924 397928 398296 398300 400733 400737 401696 401700 403125 403129 403665 403669 404196 404200 405615 405619 406576 406580 408527 408531 409238 409242 411836 411840 411857 411861 413016 413020 417162 417166 418649 418653 419296 419300 423971 423975 429185 429189 430568 430572 433450 433454 433775 433779 434004 434008 435770 435774 435796 435800 437402 437406 437484 437488 437796 437800 438088 438092 438367 438371 440702 440706 441396 441400 441953 441957 442396 442400 442732 442736 443563 443567 443847 443851 444104 444108 447996 448000 448296 448300 451391 451395 452085 452089 452653 452657 455596 455600 456949 456953 458721 458725 459796 459800 463996 464000 467674 467678 469581 469585 472787 472791 472983 472987 476014 476018 477117 477121 477448 477452 479851 479855 480196 480200 483208 483212 483277 483281 486696 486700 487196 487200 487769 487773 490888 490892 491056 491060 492468 492472 495196 495200 495645 495649 497096 497100 498323 498327 498791 498795 499096 499100 500325 500329 501096 501100 502596 502600 504920 504924 507552 507556 507903 507907 507933 507937 508396 508400 508650 508654 508796 508800 509532 509536 510693 510697 510740 510744 513468 513472 513954 513958 514283 514287 514574 514578 514583 514587 517561 517565 518184 518188 518296 518300 518437 518441 519504 519508 520596 520600 524408 524412 525196 525200 525950 525954 525996 526000 533219 533223 542855 542859 545396 545400 545719 545723 546566 546570 546942 546946 547603 547607 551525 551529 552062 552066 553745 553749 554529 554533 554796 554800 556167 556171 556553 556557 559096 559100 559403 559407 561870 561874 561876 561880 563067 563071 563450 563454 563834 563838 564996 565000 566435 566439 566458 566462 566465 566469 566664 566668 567106 567110 567996 568000 568622 568626 569860 569864 572027 572031 572211 572215 573365 573369 573484 573488 574396 574400 576885 576889 577866 577870 578085 578089 578505 578509 579111 579115 581181 581185 582344 582348 586696 586700 588034 588038 588265 588269 589236 589240 590267 590271 591356 591360 592419 592423 592596 592600 595112 595116 595896 595900 596296 596300 596581 596585 597494 597498 598021 598025 598733 598737 599174 599178 604196 604200 605562 605566 606623 606627 607881 607885 608967 608971 609037 609041 610849 610853 611557 611561 611914 611918 613396 613400 613585 613589 619246 619250 620328 620332 625361 625365 625682 625686 626896 626900 630528 630532 630934 630938 630962 630966 631170 631174 631814 631818 632136 632140 634130 634134 634281 634285 635381 635385 636173 636177 637196 637200 637270 637274 641127 641131 641486 641490 643080 643084 643252 643256 644178 644182 644196 644200 644666 644670 647514 647518 650858 650862 651196 651200 651596 651600 652570 652574 652918 652922 653933 653937 653941 653945 654096 654100 656878 656882 657046 657050 658222 658226 658803 658807 659960 659964 660880 660884 661612 661616 661944 661948 662244 662248 662296 662300 663615 663619 668515 668519 668696 668700 668902 668906 669996 670000 671355 671359 672196 672200 672338 672342 672348 672352 672896 672900 674375 674379 675233 675237 675276 675280 675426 675430 679441 679445 679482 679486 680096 680100 681003 681007 683796 683800 685881 685885 685896 685900 688472 688476 689684 689688 690096 690100 691710 691714 696421 696425 697008 697012 697052 697056 698677 698681 700166 700170 702853 702857 704353 704357 704396 704400 704720 704724 704787 704791 704796 704800 706615 706619 706679 706683 706862 706866 710668 710672 711070 711074 711570 711574 712596 712600 714178 714182 715796 715800 719386 719390 
5 684
1165 1170 1795 1800 1895 1900 2884 2889 2895 2900 3228 3233 3320 3325 6666 6671 7875 7880 9115 9120 13131 13136 14142 14147 14988 14993 16710 16715 16736 16741 17638 17643 18995 19000 19209 19214 19216 19221 20488 20493 21355 21360 24924 24929 26895 26900 27684 27689 29077 29082 31123 31128 32831 32836 36095 36100 36489 36494 36734 36739 38810 38815 39775 39780 39990 39995 40176 40181 40795 40800 43081 43086 44670 44675 46592 46597 47753 47758 47944 47949 48911 48916 49871 49876 51413 51418 52295 52300 53544 53549 54542 54547 54551 54556 55395 55400 59012 59017 61745 61750 63434 63439 63550 63555 63795 63800 64195 64200 70408 70413 71790 71795 73195 73200 74095 74100 76995 77000 77711 77716 79746 79751 81891 81896 82808 82813 86195 86200 87111 87116 87816 87821 87911 87916 88233 88238 88407 88412 88895 88900 88995 89000 89773 89778 90161 90166 91095 91100 91695 91700 91820 91825 92131 92136 92195 92200 93889 93894 99695 99700 100495 100500 100824 100829 105743 105748 107280 107285 107569 107574 107635 107640 108621 108626 108795 108800 110414 110419 112879 112884 113140 113145 115795 115800 115848 115853 117293 117298 119421 119426 120454 120459 121038 121043 121763 121768 123020 123025 123395 123400 123523 123528 125972 125977 126717 126722 127095 127100 129460 129465 129727 129732 129960 129965 130549 130554 130595 130600 131395 131400 133195 133200 133586 133591 134795 134800 135827 135832 139288 139293 140388 140393 142109 142114 143395 143400 143879 143884 144718 144723 146995 147000 147838 147843 148563 148568 148740 148745 149835 149840 150056 150061 150625 150630 150895 150900 152112 152117 153464 153469 154909 154914 155642 155647 157060 157065 158481 158486 160795 160800 160895 160900 161145 161150 162812 162817 162891 162896 163095 163100 164695 164700 166810 166815 167129 167134 169911 169916 170528 170533 171447 171452 172308 172313 172471 172476 173041 173046 173595 173600 173877 173882 174325 174330 174425 174430 175095 175100 176779 176784 177762 177767 177795 177800 179452 179457 181571 181576 181655 181660 183632 183637 183653 183658 184924 184929 185271 185276 185284 185289 186386 186391 186723 186728 189439 189444 189513 189518 189545 189550 190861 190866 191383 191388 193795 193800 194483 194488 195049 195054 198225 198230 198447 198452 200095 200100 201576 201581 201969 201974 202421 202426 203079 203084 203590 203595 208738 208743 209061 209066 211473 211478 211595 211600 211995 212000 212095 212100 212352 212357 215184 215189 215918 215923 218283 218288 219728 219733 219961 219966 220689 220694 223795 223800 224380 224385 226942 226947 228070 228075 230119 230124 230747 230752 231524 231529 232179 232184 233007 233012 235714 235719 237761 237766 238768 238773 241395 241400 241650 241655 242895 242900 244017 244022 244061 244066 244195 244200 244343 244348 245514 245519 246895 246900 247615 247620 247713 247718 249295 249300 249766 249771 250419 250424 252036 252041 252641 252646 256684 256689 257427 257432 258059 258064 259924 259929 260036 260041 260095 260100 263062 263067 263123 263128 264491 264496 265995 266000 266167 266172 268228 268233 268338 268343 268494 268499 268927 268932 269085 269090 269274 269279 270485 270490 270743 270748 272873 272878 273495 273500 275231 275236 275375 275380 275507 275512 275521 275526 276475 276480 278295 278300 278634 278639 279886 279891 280508 280513 281376 281381 282795 282800 283259 283264 283541 283546 284616 284621 285895 285900 286128 286133 287160 287165 287609 287614 288384 288389 288795 288800 289044 289049 289610 289615 290482 290487 290793 290798 290923 290928 290930 290935 292371 292376 294195 294200 294360 294365 296995 297000 297491 297496 298513 298518 299134 299139 299155 299160 299478 299483 300457 300462 301068 301073 302515 302520 302620 302625 303552 303557 304595 304600 304795 304800 306434 306439 307095 307100 307804 307809 308271 308276 308995 309000 309931 309936 315170 315175 315195 315200 317295 317300 317603 317608 320459 320464 320884 320889 322909 322914 325123 325128 325923 325928 325932 325937 329695 329700 330950 330955 333695 333700 334278 334283 336055 336060 337035 337040 339295 339300 341186 341191 342231 342236 342480 342485 343686 343691 345128 345133 345231 345236 345687 345692 345891 345896 345965 345970 346057 346062 346614 346619 347239 347244 347295 347300 350917 350922 351695 351700 352860 352865 353771 353776 354095 354100 354655 354660 357368 357373 357995 358000 358229 358234 358795 358800 359245 359250 365633 365638 365671 365676 366833 366838 367470 367475 367835 367840 368314 368319 369539 369544 369766 369771 370095 370100 370395 370400 371127 371132 371862 371867 372595 372600 376095 376100 378195 378200 378488 378493 378695 378700 379795 379800 380795 380800 380963 380968 381634 381639 386081 386086 386851 386856 386869 386874 386895 386900 389120 389125 390015 390020 392582 392587 393695 393700 395551 395556 396895 396900 398693 398698 399103 399108 400286 400291 400902 400907 401495 401500 403371 403376 403621 403626 404068 404073 404738 404743 404807 404812 405248 405253 405951 405956 406592 406597 406656 406661 406750 406755 410395 410400 411894 411899 411963 411968 412562 412567 415286 415291 417139 417144 417904 417909 418030 418035 418076 418081 422595 422600 422695 422700 423962 423967 424914 424919 424995 425000 425720 425725 426218 426223 427733 427738 427975 427980 428090 428095 428480 428485 432495 432500 436130 436135 436404 436409 436695 436700 437244 437249 440222 440227 441509 441514 442510 442515 445395 445400 445974 445979 448829 448834 449193 449198 451261 451266 452078 452083 454437 454442 455904 455909 458556 458561 458785 458790 461828 461833 462507 462512 463918 463923 468417 468422 468616 468621 468629 468634 469195 469200 470574 470579 476095 476100 477688 477693 479386 479391 480685 480690 480795 480800 481383 481388 482288 482293 482549 482554 484064 484069 484495 484500 485340 485345 487761 487766 488415 488420 489995 490000 490254 490259 490426 490431 490584 490589 490784 490789 491040 491045 491062 491067 493395 493400 494195 494200 496716 496721 498524 498529 500060 500065 500395 500400 502756 502761 504361 504366 504491 504496 505895 505900 506538 506543 507049 507054 507816 507821 507910 507915 508074 508079 510721 510726 514566 514571 514995 515000 515684 515689 516909 516914 517822 517827 518005 518010 518632 518637 519081 519086 522155 522160 522179 522184 523795 523800 524041 524046 524495 524500 524656 524661 525142 525147 526741 526746 526995 527000 528072 528077 528495 528500 529535 529540 529940 529945 531395 531400 531895 531900 533395 533400 534080 534085 534386 534391 535577 535582 536924 536929 538223 538228 538556 538561 538635 538640 540876 540881 542070 542075 543282 543287 543465 543470 545372 545377 545895 545900 546466 546471 549470 549475 550081 550086 550467 550472 551695 551700 553877 553882 554195 554200 554535 554540 554691 554696 554823 554828 555820 555825 556718 556723 556856 556861 557531 557536 557563 557568 557846 557851 558095 558100 560516 560521 560973 560978 563911 563916 565255 565260 565295 565300 565595 565600 566448 566453 566494 566499 567295 567300 568993 568998 569495 569500 570139 570144 575185 575190 575467 575472 575544 575549 577650 577655 578779 578784 579736 579741 580154 580159 582014 582019 582023 582028 582304 582309 582557 582562 585855 585860 586185 586190 586895 586900 587022 587027 587717 587722 589524 589529 589926 589931 590095 590100 590967 590972 591080 591085 591584 591589 595395 595400 595794 595799 596234 596239 596812 596817 597259 597264 597395 597400 598330 598335 599118 599123 599195 599200 599795 599800 600195 600200 600224 600229 600755 600760 602095 602100 602395 602400 602425 602430 603106 603111 605149 605154 605626 605631 607330 607335 609081 609086 609468 609473 610395 610400 610457 610462 611064 611069 616416 616421 616423 616428 621095 621100 621259 621264 621747 621752 622446 622451 624166 624171 624336 624341 624592 624597 624906 624911 625086 625091 627920 627925 627987 627992 629817 629822 632256 632261 632784 632789 632912 632917 633324 633329 634123 634128 634255 634260 634626 634631 635981 635986 636629 636634 637516 637521 637885 637890 639195 639200 639789 639794 639951 639956 640021 640026 640742 640747 643220 643225 643981 643986 644155 644160 647589 647594 647779 647784 647865 647870 648302 648307 648737 648742 651795 651800 652927 652932 653241 653246 656495 656500 656825 656830 656861 656866 657395 657400 658228 658233 658895 658900 659692 659697 659969 659974 662637 662642 662647 662652 662793 662798 662815 662820 662895 662900 665143 665148 665543 665548 665942 665947 665994 665999 666542 666547 670218 670223 676295 676300 676592 676597 676623 676628 676836 676841 679488 679493 680132 680137 682091 682096 685863 685868 686037 686042 688336 688341 688411 688416 689563 689568 689992 689997 690103 690108 690739 690744 690871 690876 692022 692027 693095 693100 694230 694235 694559 694564 694567 694572 695261 695266 695575 695580 695619 695624 697307 697312 697757 697762 697795 697800 698783 698788 699435 699440 699495 699500 700043 700048 700959 700964 701852 701857 702895 702900 704247 704252 704362 704367 704664 704669 706119 706124 708790 708795 709194 709199 709430 709435 710686 710691 712588 712593 714045 714050 714695 714700 714895 714900 714919 714924 715429 715434 719287 719292 
6 539
574 580 3728 3734 4924 4930 6421 6427 7594 7600 8511 8517 10377 10383 10494 10500 10794 10800 11219 11225 13925 13931 14877 14883 16556 16562 17653 17659 19746 19752 20744 20750 20781 20787 21713 21719 22194 22200 22773 22779 25086 25092 27194 27200 29128 29134 30042 30048 30659 30665 35166 35172 38319 38325 38419 38425 39920 39926 40155 40161 40251 40257 40488 40494 43060 43066 47594 47600 47951 47957 51424 51430 53451 53457 54133 54139 56733 56739 60824 60830 64594 64600 64982 64988 64994 65000 67015 67021 67063 67069 72194 72200 72767 72773 73394 73400 78920 78926 79311 79317 80794 80800 84365 84371 86616 86622 88286 88292 89424 89430 91165 91171 93407 93413 95336 95342 96674 96680 97715 97721 99175 99181 108358 108364 108759 108765 113117 113123 114249 114255 116482 116488 117228 117234 118394 118400 118844 118850 119694 119700 119881 119887 122329 122335 123375 123381 123419 123425 123820 123826 123828 123834 126894 126900 128131 128137 129156 129162 129741 129747 130276 130282 132094 132100 135294 135300 138586 138592 142386 142392 143483 143489 143804 143810 145019 145025 145194 145200 146839 146845 149984 149990 152222 152228 152994 153000 153132 153138 154294 154300 157621 157627 158494 158500 161155 161161 162069 162075 164584 164590 166416 166422 167764 167770 168094 168100 168194 168200 169965 169971 170766 170772 171029 171035 171792 171798 172340 172346 172444 172450 173943 173949 175352 175358 177361 177367 179694 179700 180551 180557 181880 181886 183394 183400 183660 183666 183683 183689 186241 186247 186764 186770 188717 188723 188983 188989 189504 189510 191374 191380 191594 191600 191894 191900 193094 193100 195416 195422 195921 195927 197649 197655 199794 199800 200354 200360 202319 202325 203846 203852 204281 204287 206770 206776 207394 207400 209670 209676 211394 211400 214594 214600 215280 215286 215781 215787 216571 216577 216882 216888 219627 219633 221394 221400 222688 222694 225994 226000 226913 226919 229689 229695 231814 231820 232222 232228 233108 233114 236980 236986 239474 239480 239818 239824 239879 239885 240374 240380 241331 241337 242694 242700 243480 243486 243511 243517 243754 243760 244113 244119 248010 248016 248694 248700 252012 252018 252494 252500 253908 253914 254394 254400 256061 256067 256253 256259 257439 257445 258881 258887 259462 259468 259909 259915 261672 261678 262073 262079 264959 264965 268504 268510 271537 271543 271612 271618 272692 272698 272831 272837 274765 274771 275221 275227 276694 276700 276742 276748 278171 278177 280053 280059 283045 283051 284532 284538 284607 284613 285928 285934 287354 287360 287939 287945 288738 288744 289052 289058 289148 289154 293009 293015 293175 293181 297083 297089 297369 297375 301994 302000 302668 302674 303823 303829 303925 303931 304459 304465 307045 307051 309135 309141 309210 309216 310206 310212 311829 311835 312856 312862 313394 313400 313527 313533 314583 314589 314594 314600 315825 315831 317165 317171 318684 318690 320238 320244 320394 320400 320822 320828 321874 321880 326462 326468 327516 327522 328248 328254 328894 328900 329371 329377 330813 330819 332194 332200 335616 335622 337078 337084 337323 337329 338380 338386 339778 339784 339894 339900 341533 341539 341826 341832 342013 342019 342561 342567 344878 344884 345112 345118 345177 345183 350394 350400 351413 351419 352294 352300 354137 354143 354344 354350 355919 355925 356103 356109 357285 357291 360845 360851 363162 363168 363294 363300 364173 364179 366949 366955 367120 367126 370761 370767 371031 371037 371119 371125 371538 371544 372333 372339 373071 373077 374394 374400 375739 375745 376858 376864 377667 377673 378394 378400 380514 380520 380894 380900 381694 381700 382394 382400 386334 386340 386494 386500 386876 386882 387551 387557 393677 393683 395614 395620 398022 398028 398083 398089 399670 399676 399688 399694 400923 400929 401342 401348 405041 405047 405682 405688 405746 405752 406894 406900 407958 407964 409056 409062 409216 409222 414316 414322 415079 415085 417094 417100 417537 417543 419494 419500 420294 420300 426711 426717 430475 430481 430529 430535 431668 431674 432194 432200 433433 433439 433475 433481 436637 436643 436818 436824 438404 438410 438434 438440 439153 439159 439766 439772 440426 440432 442518 442524 442718 442724 445214 445220 445494 445500 448912 448918 449986 449992 450694 450700 451238 451244 453359 453365 454023 454029 454894 454900 455124 455130 455225 455231 456549 456555 457651 457657 458794 458800 458894 458900 461053 461059 461149 461155 462354 462360 463875 463881 466103 466109 470124 470130 471691 471697 472279 472285 474070 474076 474825 474831 475615 475621 475719 475725 479194 479200 479294 479300 479407 479413 480154 480160 483051 483057 483114 483120 484045 484051 490228 490234 490774 490780 494512 494518 496678 496684 497973 497979 498494 498500 499294 499300 500979 500985 501894 501900 505015 505021 505259 505265 506337 506343 507408 507414 507510 507516 509208 509214 509293 509299 511821 511827 511832 511838 515525 515531 516508 516514 518024 518030 520994 521000 521284 521290 523073 523079 523359 523365 523405 523411 523549 523555 524380 524386 525942 525948 526294 526300 529236 529242 531904 531910 532394 532400 533634 533640 535451 535457 539162 539168 539194 539200 540418 540424 541335 541341 541824 541830 545450 545456 545725 545731 545774 545780 545837 545843 546804 546810 546986 546992 548764 548770 549911 549917 549937 549943 551159 551165 552594 552600 554121 554127 556976 556982 557221 557227 557394 557400 559410 559416 559523 559529 561126 561132 562243 562249 562873 562879 564955 564961 565036 565042 565063 565069 565844 565850 566670 566676 567182 567188 569175 569181 571167 571173 571611 571617 571683 571689 573419 573425 574881 574887 575286 575292 575990 575996 576519 576525 576834 576840 578974 578980 580007 580013 580194 580200 581215 581221 581794 581800 583434 583440 584076 584082 585312 585318 585940 585946 586018 586024 589154 589160 589221 589227 590151 590157 592680 592686 594394 594400 594559 594565 595278 595284 596052 596058 596194 596200 597463 597469 597846 597852 598341 598347 598874 598880 601091 601097 605225 605231 607194 607200 607642 607648 607857 607863 608174 608180 608578 608584 611082 611088 613486 613492 616324 616330 616406 616412 616482 616488 616890 616896 617743 617749 618094 618100 619980 619986 620662 620668 622253 622259 622959 622965 623737 623743 625255 625261 625440 625446 626333 626339 626826 626832 627944 627950 628252 628258 628261 628267 628271 628277 629577 629583 630009 630015 631375 631381 632904 632910 633214 633220 634294 634300 637080 637086 637594 637600 637749 637755 639694 639700 640360 640366 643244 643250 643722 643728 644378 644384 645794 645800 646568 646574 647294 647300 647535 647541 647644 647650 649694 649700 650313 650319 650747 650753 652191 652197 656243 656249 656294 656300 659638 659644 661960 661966 664936 664942 668821 668827 668994 669000 674807 674813 676551 676557 676582 676588 677821 677827 678933 678939 678941 678947 682590 682596 684207 684213 688934 688940 689194 689200 690894 690900 692013 692019 692345 692351 693011 693017 694084 694090 694221 694227 695341 695347 697175 697181 697689 697695 699271 699277 699730 699736 700951 700957 701724 701730 704310 704316 705250 705256 705657 705663 705954 705960 708730 708736 708738 708744 709592 709598 711506 711512 719577 719583 
7 512
254 261 593 600 1402 1409 3057 3064 6440 6447 8093 8100 9660 9667 12950 12957 13821 13828 14193 14200 15478 15485 15943 15950 16681 16688 18570 18577 18579 18586 25193 25200 25893 25900 28017 28024 30532 30539 30543 30550 31093 31100 34693 34700 36655 36662 36806 36813 37954 37961 41033 41040 41093 41100 41346 41353 43733 43740 44762 44769 45973 45980 49183 49190 51156 51163 51844 51851 56278 56285 58093 58100 58393 58400 61346 61353 61590 61597 66726 66733 68793 68800 72050 72057 73774 73781 80382 80389 86182 86189 89434 89441 92093 92100 93702 93709 94444 94451 95151 95158 95327 95334 98429 98436 101259 101266 103093 103100 103834 103841 104193 104200 104393 104400 104613 104620 104903 104910 105702 105709 106508 106515 108642 108649 109837 109844 111580 111587 111693 111700 116740 116747 121484 121491 128866 128873 128976 128983 134524 134531 136525 136532 142367 142374 145893 145900 147426 147433 148054 148061 148361 148368 152438 152445 153845 153852 154793 154800 155428 155435 160449 160456 165208 165215 166272 166279 170963 170970 171516 171523 172723 172730 173230 173237 175593 175600 177193 177200 177350 177357 177421 177428 178048 178055 180383 180390 183693 183700 183893 183900 183955 183962 186655 186662 187573 187580 187781 187788 189479 189486 189786 189793 195024 195031 195090 195097 195540 195547 195884 195891 197393 197400 197893 197900 200563 200570 201307 201314 201821 201828 203386 203393 205793 205800 207590 207597 209876 209883 216525 216532 216593 216600 216740 216747 218880 218887 220193 220200 222324 222331 224293 224300 229393 229400 230326 230333 232116 232123 233571 233578 236453 236460 238352 238359 238539 238546 239355 239362 240157 240164 241636 241643 242280 242287 242413 242420 242470 242477 245761 245768 246608 246615 246671 246678 247820 247827 249993 250000 250464 250471 250473 250480 251476 251483 251830 251837 253725 253732 253922 253929 255013 255020 256882 256889 257135 257142 257227 257234 257447 257454 259941 259948 260282 260289 260381 260388 261093 261100 261465 261472 263312 263319 263325 263332 263393 263400 267412 267419 267680 267687 268957 268964 269545 269552 273443 273450 276378 276385 278209 278216 279827 279834 280588 280595 281356 281363 281422 281429 281806 281813 283085 283092 284493 284500 285878 285885 286119 286126 286377 286384 287080 287087 287670 287677 287681 287688 293762 293769 294008 294015 297345 297352 298420 298427 299164 299171 300318 300325 300681 300688 301667 301674 302493 302500 303159 303166 307818 307825 308967 308974 309178 309185 309684 309691 310108 310115 310410 310417 311163 311170 311808 311815 312412 312419 312752 312759 312762 312769 315265 315272 318376 318383 318675 318682 318719 318726 318731 318738 319670 319677 320318 320325 320833 320840 321444 321451 322690 322697 322919 322926 325046 325053 325130 325137 327422 327429 329314 329321 330522 330529 330659 330666 331313 331320 331377 331384 333341 333348 336135 336142 338987 338994 340479 340486 340737 340744 342035 342042 343036 343043 343793 343800 344815 344822 345140 345147 345424 345431 345433 345440 347224 347231 347372 347379 348519 348526 348543 348550 349270 349277 350514 350521 353393 353400 353879 353886 355544 355551 355614 355621 356975 356982 358135 358142 358372 358379 358972 358979 359749 359756 360210 360217 360448 360455 362016 362023 363616 363623 363775 363782 367825 367832 368716 368723 369719 369726 370771 370778 373871 373878 375893 375900 378764 378771 380773 380780 380971 380978 381104 381111 383240 383247 385493 385500 387141 387148 387193 387200 387536 387543 390668 390675 392557 392564 395125 395132 396914 396921 397130 397137 400083 400090 402120 402127 404157 404164 406373 406380 406666 406673 407793 407800 408728 408735 408740 408747 409044 409051 409161 409168 409341 409348 411490 411497 412110 412117 415093 415100 419353 419360 419983 419990 420793 420800 422268 422275 426823 426830 428013 428020 428593 428600 430821 430828 431693 431700 435943 435950 437970 437977 438357 438364 440681 440688 441785 441792 441927 441934 443575 443582 444263 444270 446175 446182 448923 448930 449042 449049 449252 449259 449934 449941 451877 451884 454070 454077 455893 455900 456135 456142 456471 456478 457828 457835 458019 458026 462573 462580 465864 465871 465893 465900 468751 468758 470914 470921 471331 471338 473268 473275 473493 473500 474093 474100 476286 476293 476379 476386 476642 476649 476681 476688 476823 476830 477439 477446 477780 477787 478264 478271 478350 478357 479730 479737 479793 479800 480128 480135 481141 481148 481973 481980 483029 483036 483293 483300 483848 483855 486825 486832 493313 493320 494793 494800 497954 497961 498372 498379 498760 498767 499141 499148 499593 499600 501438 501445 502512 502519 505034 505041 505728 505735 506993 507000 512308 512315 514663 514670 517811 517818 519066 519073 520880 520887 524645 524652 528982 528989 529156 529163 530543 530550 530585 530592 531934 531941 533893 533900 534813 534820 535984 535991 536716 536723 536823 536830 537804 537811 539385 539392 540337 540344 540925 540932 541182 541189 541352 541359 541435 541442 542157 542164 542559 542566 543693 543700 544010 544017 545381 545388 546473 546480 546489 546496 546557 546564 547987 547994 548393 548400 553093 553100 556921 556928 557243 557250 558405 558412 567170 567177 567520 567527 569845 569852 572266 572273 573988 573995 574819 574826 578058 578065 578375 578382 578862 578869 579758 579765 580260 580267 581328 581335 584713 584720 585181 585188 586686 586693 589212 589219 589846 589853 595093 595100 595219 595226 595228 595235 595910 595917 597410 597417 601753 601760 603158 603165 604869 604876 607315 607322 608725 608732 609423 609430 609674 609681 610493 610500 613593 613600 614520 614527 615458 615465 615743 615750 616279 616286 617293 617300 619273 619280 621914 621921 624114 624121 625578 625585 627093 627100 627703 627710 627973 627980 629043 629050 629250 629257 630802 630809 631193 631200 631276 631283 633423 633430 633965 633972 634030 634037 634059 634066 634450 634457 634518 634525 635847 635854 635993 636000 637158 637165 638071 638078 640370 640377 640422 640429 640458 640465 641493 641500 645827 645834 647113 647120 647319 647326 651159 651166 652776 652783 653029 653036 653040 653047 653211 653218 653515 653522 653533 653540 656815 656822 657013 657020 659286 659293 659425 659432 661288 661295 661711 661718 661776 661783 663893 663900 667160 667167 668419 668426 670493 670500 674331 674338 674754 674761 675720 675727 676866 676873 677915 677922 683118 683125 683859 683866 686863 686870 686945 686952 687540 687547 688950 688957 691859 691866 693512 693519 693524 693531 695633 695640 696016 696023 698249 698256 698621 698628 699321 699328 699563 699570 701415 701422 702884 702891 703756 703763 704645 704652 704738 704745 706129 706136 706593 706600 709977 709984 710256 710263 710634 710641 712553 712560 713817 713824 714054 714061 714271 714278 714537 714544 714555 714562 716135 716142 718793 718800 719132 719139 719341 719348 
8 424
3027 3035 3067 3075 3092 3100 3392 3400 3636 3644 4992 5000 6530 6538 8392 8400 9122 9130 9418 9426 9583 9591 9992 10000 12292 12300 17234 17242 20592 20600 31670 31678 32952 32960 41157 41165 42792 42800 48592 48600 50022 50030 54667 54675 56509 56517 58377 58385 59309 59317 60611 60619 64185 64193 71221 71229 73511 73519 73534 73542 75976 75984 78255 78263 79758 79766 80446 80454 80544 80552 82032 82040 85080 85088 86150 86158 87492 87500 87592 87600 89558 89566 91356 91364 91492 91500 92060 92068 95560 95568 96562 96570 97875 97883 102134 102142 103966 103974 108247 108255 109558 109566 111046 111054 112055 112063 113521 113529 114063 114071 119160 119168 120992 121000 124718 124726 125992 126000 126288 126296 127877 127885 133571 133579 133608 133616 136487 136495 136537 136545 138679 138687 141152 141160 141453 141461 143150 143158 144009 144017 144413 144421 146392 146400 147779 147787 149252 149260 149974 149982 150515 150523 150686 150694 150854 150862 151504 151512 151707 151715 152357 152365 154671 154679 157047 157055 158648 158656 158892 158900 159149 159157 160482 160490 160771 160779 164558 164566 166479 166487 166935 166943 169092 169100 171716 171724 173347 173355 175008 175016 177268 177276 177331 177339 180120 180128 182529 182537 183639 183647 184677 184685 185973 185981 187533 187541 188118 188126 188913 188921 189148 189156 192948 192956 194657 194665 201560 201568 202306 202314 203092 203100 203334 203342 206033 206041 206855 206863 207274 207282 210328 210336 213972 213980 215602 215610 215792 215800 217918 217926 222881 222889 223216 223224 224316 224324 225122 225130 228269 228277 228279 228287 228483 228491 229667 229675 229869 229877 232777 232785 235942 235950 236462 236470 239426 239434 239535 239543 240321 240329 242069 242077 243376 243384 243445 243453 244145 244153 246516 246524 246723 246731 247329 247337 248373 248381 251520 251528 251712 251720 253250 253258 253992 254000 257565 257573 259257 259265 259812 259820 261178 261186 262050 262058 263877 263885 265174 265182 270825 270833 272314 272322 272839 272847 276615 276623 277285 277293 277592 277600 278408 278416 281766 281774 287470 287478 289030 289038 290851 290859 292246 292254 292592 292600 293785 293793 297179 297187 298560 298568 299856 299864 310216 310224 310702 310710 312592 312600 318185 318193 319609 319617 319622 319630 319814 319822 321187 321195 323129 323137 323140 323148 323152 323160 323719 323727 324134 324142 326540 326548 328973 328981 329379 329387 330489 330497 331322 331330 334316 334324 337131 337139 339929 339937 341556 341564 344407 344415 346292 346300 347392 347400 347485 347493 349018 349026 353035 353043 353558 353566 354636 354644 355573 355581 358063 358071 358125 358133 359707 359715 361858 361866 361882 361890 362735 362743 365650 365658 366922 366930 367481 367489 371092 371100 373021 373029 373092 373100 375792 375800 378092 378100 379741 379749 380392 380400 380916 380924 385247 385255 385690 385698 386443 386451 389354 389362 389838 389846 390041 390049 392643 392651 393774 393782 396481 396489 396580 396588 398718 398726 399112 399120 401019 401027 403781 403789 404033 404041 404146 404154 404648 404656 404658 404666 406167 406175 406918 406926 407919 407927 414972 414980 417826 417834 424858 424866 428470 428478 429192 429200 430679 430687 431316 431324 431392 431400 431676 431684 434221 434229 436140 436148 436729 436737 436756 436764 437232 437240 437613 437621 440139 440147 441867 441875 444792 444800 455213 455221 456119 456127 456589 456597 457104 457112 458728 458736 459728 459736 460141 460149 460388 460396 462092 462100 462534 462542 463035 463043 471542 471550 472072 472080 472178 472186 472775 472783 482278 482286 484323 484331 486873 486881 487892 487900 491712 491720 492492 492500 492772 492780 494765 494773 500362 500370 500967 500975 501403 501411 508338 508346 508715 508723 508726 508734 509486 509494 513192 513200 513455 513463 513883 513891 515892 515900 520292 520300 522960 522968 523528 523536 525246 525254 525671 525679 526492 526500 531810 531818 532628 532636 532726 532734 532736 532744 533865 533873 534140 534148 535592 535600 537681 537689 537848 537856 538939 538947 540174 540182 541692 541700 544492 544500 545276 545284 545424 545432 546792 546800 546969 546977 547292 547300 547519 547527 547647 547655 549529 549537 550363 550371 559420 559428 561082 561090 561209 561217 569481 569489 571127 571135 572248 572256 573665 573673 575439 575447 575888 575896 576507 576515 578534 578542 578550 578558 580017 580025 580992 581000 582830 582838 585592 585600 585843 585851 587160 587168 589021 589029 589685 589693 590392 590400 591266 591274 591339 591347 591572 591580 596244 596252 597782 597790 606218 606226 606271 606279 607343 607351 608492 608500 610976 610984 611092 611100 612382 612390 614177 614185 614431 614439 616656 616664 616945 616953 618311 618319 618321 618329 622092 622100 622311 622319 622436 622444 622514 622522 622557 622565 623992 624000 625509 625517 626167 626175 626214 626222 626377 626385 628384 628392 630568 630576 630578 630586 635803 635811 636789 636797 637603 637611 638770 638778 640841 640849 641973 641981 643032 643040 643347 643355 643592 643600 649392 649400 650323 650331 651034 651042 651492 651500 652724 652732 655820 655828 656834 656842 657052 657060 661007 661015 662780 662788 665964 665972 667792 667800 669118 669126 669605 669613 669631 669639 669781 669789 670192 670200 671769 671777 672072 672080 673311 673319 674320 674328 676854 676862 681083 681091 681642 681650 682869 682877 685924 685932 688892 688900 689621 689629 690033 690041 691192 691200 693537 693545 693892 693900 699417 699425 700470 700478 700623 700631 705170 705178 705266 705274 706103 706111 708057 708065 710523 710531 714955 714963 716353 716361 717886 717894 
9 411
561 570 1062 1071 4191 4200 7416 7425 11283 11292 11833 11842 12548 12557 12917 12926 14886 14895 19278 19287 21155 21164 21553 21562 21981 21990 22356 22365 22526 22535 24389 24398 30016 30025 36518 36527 36664 36673 36791 36800 37059 37068 37550 37559 40163 40172 41447 41456 43330 43339 43785 43794 48981 48990 50586 50595 55191 55200 59491 59500 60957 60966 66203 66212 66268 66277 69508 69517 71277 71286 71473 71482 72091 72100 73809 73818 75345 75354 76421 76430 76911 76920 84929 84938 84981 84990 88502 88511 90431 90440 94418 94427 94432 94441 96486 96495 96915 96924 101291 101300 102576 102585 105729 105738 113155 113164 116782 116791 117624 117633 122914 122923 125165 125174 125622 125631 129088 129097 137160 137169 137173 137182 140312 140321 140978 140987 142133 142142 143826 143835 144491 144500 145081 145090 145109 145118 145378 145387 149264 149273 149517 149526 149948 149957 152126 152135 152480 152489 152906 152915 153081 153090 155511 155520 156657 156666 156669 156678 157651 157660 159672 159681 160731 160740 162727 162736 165680 165689 168064 168073 168625 168634 171061 171070 172733 172742 173554 173563 174111 174120 175055 175064 178924 178933 180370 180379 181351 181360 181853 181862 181938 181947 182288 182297 182403 182412 182841 182850 184018 184027 184168 184177 184181 184190 185518 185527 187811 187820 189412 189421 189555 189564 193886 193895 193942 193951 193981 193990 197665 197674 199029 199038 199503 199512 201713 201722 201766 201775 201781 201790 206291 206300 207130 207139 207182 207191 209068 209077 211664 211673 213366 213375 217569 217578 218491 218500 219030 219039 220732 220741 221326 221335 221914 221923 224346 224355 228445 228454 229791 229800 230091 230100 230764 230773 237442 237451 239837 239846 239946 239955 240308 240317 242115 242124 243556 243565 243575 243584 244779 244788 248148 248157 250737 250746 253191 253200 254582 254591 257208 257217 258975 258984 260081 260090 260842 260851 262715 262724 264112 264121 264177 264186 270712 270721 270991 271000 271929 271938 272855 272864 275249 275258 276312 276321 277770 277779 282519 282528 284691 284700 286549 286558 287709 287718 288521 288530 289191 289200 292410 292419 292442 292451 294072 294081 298291 298300 299872 299881 305368 305377 310291 310300 313140 313149 314569 314578 315157 315166 318485 318494 318749 318758 320330 320339 324311 324320 328234 328243 329612 329621 332591 332600 333313 333322 335164 335173 337641 337650 340544 340553 341541 341550 342572 342581 342736 342745 344424 344433 346406 346415 348583 348592 351080 351089 351091 351100 355754 355763 358961 358970 359491 359500 363580 363589 363885 363894 366102 366111 366935 366944 367028 367037 369547 369556 371520 371529 373176 373185 374164 374173 374943 374952 376837 376846 381577 381586 383449 383458 390378 390387 392726 392735 398706 398715 403610 403619 403672 403681 408571 408580 409578 409587 411323 411332 414053 414062 415147 415156 416991 417000 419310 419319 419553 419562 421183 421192 424876 424885 428068 428077 430577 430586 431079 431088 436827 436836 436839 436848 438957 438966 440270 440279 441091 441100 444155 444164 444711 444720 447538 447547 449469 449478 450429 450438 452154 452163 452561 452570 453832 453841 454274 454283 454456 454465 456765 456774 458568 458577 459556 459565 462325 462334 463735 463744 465737 465746 466140 466149 468187 468196 470561 470570 470874 470883 470950 470959 473545 473554 475091 475100 475491 475500 476312 476321 478287 478296 481339 481348 481365 481374 483175 483184 483859 483868 484407 484416 484468 484477 485750 485759 488472 488481 488813 488822 490111 490120 490236 490245 498113 498122 502763 502772 503359 503368 504382 504391 504848 504857 510414 510423 511163 511172 513813 513822 513837 513846 515491 515500 518621 518630 522126 522135 522909 522918 523081 523090 523444 523453 524426 524435 526963 526972 527420 527429 532830 532839 535853 535862 535891 535900 537633 537642 541652 541661 542183 542192 544073 544082 544434 544443 545591 545600 545666 545675 548063 548072 550091 550100 551552 551561 552717 552726 552937 552946 552950 552959 553303 553312 560318 560327 560709 560718 561515 561524 562230 562239 563317 563326 565050 565059 565182 565191 565403 565412 566646 566655 567591 567600 567969 567978 568539 568548 568559 568568 570584 570593 571773 571782 574337 574346 574653 574662 576556 576565 578248 578257 580414 580423 580909 580918 584454 584463 586537 586546 588213 588222 588575 588584 589278 589287 591369 591378 595879 595888 597248 597257 597303 597312 601369 601378 601733 601742 602276 602285 603019 603028 604122 604131 604185 604194 609091 609100 609815 609824 611240 611249 611536 611545 615183 615192 615986 615995 619936 619945 620977 620986 621431 621440 622391 622400 622730 622739 628224 628233 628240 628249 629673 629682 630266 630275 631257 631266 633974 633983 634243 634252 634264 634273 637670 637679 637791 637800 639119 639128 639133 639142 640214 640223 641552 641561 644452 644461 645722 645731 645891 645900 648184 648193 650273 650282 651531 651540 654610 654619 655240 655249 656033 656042 656631 656640 656913 656922 659911 659920 663186 663195 666761 666770 666778 666787 667147 667156 668322 668331 669391 669400 670542 670551 673279 673288 677644 677653 677791 677800 677939 677948 680891 680900 682002 682011 684928 684937 688923 688932 691044 691053 691822 691831 693160 693169 693569 693578 694478 694487 694613 694622 695831 695840 695891 695900 696791 696800 700791 700800 701433 701442 701809 701818 708164 708173 710963 710972 712025 712034 714280 714289 716273 716282 717010 717019 717227 717236 
10 393
539 549 2866 2876 3573 3583 5690 5700 6055 6065 6571 6581 15490 15500 16763 16773 17490 17500 18590 18600 21122 21132 21329 21339 22290 22300 23370 23380 26843 26853 28005 28015 35916 35926 36445 36455 38178 38188 39010 39020 39290 39300 41115 41125 44744 44754 51541 51551 54165 54175 55168 55178 56373 56383 57728 57738 60168 60178 60182 60192 61416 61426 62485 62495 70927 70937 73182 73192 78280 78290 78934 78944 83990 84000 86347 86357 86661 86671 90523 90533 92169 92179 93853 93863 94173 94183 94521 94531 96146 96156 96936 96946 97290 97300 97738 97748 97842 97852 100283 100293 101880 101890 102511 102521 103056 103066 110674 110684 111565 111575 112619 112629 118027 118037 121024 121034 124022 124032 124133 124143 126403 126413 126819 126829 127233 127243 136452 136462 136671 136681 137990 138000 141065 141075 144190 144200 148390 148400 148512 148522 149533 149543 152939 152949 156290 156300 157971 157981 158820 158830 159747 159757 160553 160563 160781 160791 161676 161686 164240 164250 164916 164926 165102 165112 165235 165245 165621 165631 165885 165895 166203 166213 167860 167870 170567 170577 171079 171089 172675 172685 174678 174688 175915 175925 176127 176137 176511 176521 176990 177000 178821 178831 178844 178854 179018 179028 180304 180314 184079 184089 188948 188958 193619 193629 197517 197527 198810 198820 201172 201182 201880 201890 202437 202447 204034 204044 204323 204333 205583 205593 205975 205985 210017 210027 210309 210319 210379 210389 211220 211230 211936 211946 219245 219255 220654 220664 228343 228353 228670 228680 230733 230743 233974 233984 236473 236483 240618 240628 241290 241300 242990 243000 245179 245189 246266 246276 250580 250590 250765 250775 252068 252078 260321 260331 260455 260465 261475 261485 261680 261690 263537 263547 265936 265946 269203 269213 271276 271286 271667 271677 275530 275540 276571 276581 278490 278500 278910 278920 279290 279300 282131 282141 284623 284633 286352 286362 287090 287100 288751 288761 290164 290174 290227 290237 290261 290271 294713 294723 295278 295288 295508 295518 296208 296218 296220 296230 297022 297032 298667 298677 300554 300564 303947 303957 304675 304685 308074 308084 308178 308188 313284 313294 313514 313524 316074 316084 316543 316553 318985 318995 319333 319343 325081 325091 326552 326562 328068 328078 330959 330969 331585 331595 332254 332264 334614 334624 337977 337987 340580 340590 341416 341426 341430 341440 343009 343019 343021 343031 347841 347851 348330 348340 348932 348942 352470 352480 354210 354220 355587 355597 356779 356789 357376 357386 358734 358744 358778 358788 359259 359269 360815 360825 364028 364038 364138 364148 366562 366572 370034 370044 371575 371585 373121 373131 374959 374969 376866 376876 378046 378056 383926 383936 385068 385078 393655 393665 393785 393795 396135 396145 397760 397770 399219 399229 399708 399718 409244 409254 413345 413355 418054 418064 419038 419048 420649 420659 421074 421084 429390 429400 429859 429869 430230 430240 430642 430652 432158 432168 433730 433740 434020 434030 434914 434924 440331 440341 441045 441055 445739 445749 449077 449087 451429 451439 452548 452558 456483 456493 456561 456571 459772 459782 460460 460470 462979 462989 463045 463055 463248 463258 466628 466638 478217 478227 479279 479289 484390 484400 485277 485287 486574 486584 489781 489791 490282 490292 492565 492575 494378 494388 494748 494758 495632 495642 496890 496900 497290 497300 498344 498354 499183 499193 499809 499819 500372 500382 502678 502688 504368 504378 504630 504640 505346 505356 507919 507929 515235 515245 518012 518022 519851 519861 520533 520543 524366 524376 525774 525784 526408 526418 526938 526948 529216 529226 529953 529963 530488 530498 531260 531270 531275 531285 534973 534983 538524 538534 539502 539512 541279 541289 542145 542155 542541 542551 546836 546846 547236 547246 547690 547700 548371 548381 550390 550400 550476 550486 551638 551648 553590 553600 554217 554227 554878 554888 557231 557241 558042 558052 559079 559089 560069 560079 560090 560100 560229 560239 561269 561279 562213 562223 564390 564400 566586 566596 570126 570136 571729 571739 572970 572980 573075 573085 573490 573500 575420 575430 577978 577988 578006 578016 578982 578992 580713 580723 582590 582600 583888 583898 584267 584277 585164 585174 585337 585347 586970 586980 589390 589400 589862 589872 593075 593085 595168 595178 595776 595786 596512 596522 598626 598636 599474 599484 602006 602016 602219 602229 604076 604086 604385 604395 605637 605647 606074 606084 607081 607091 608443 608453 609654 609664 612036 612046 617167 617177 618190 618200 619047 619057 619110 619120 619325 619335 623724 623734 626342 626352 626813 626823 628590 628600 629328 629338 630509 630519 634309 634319 634614 634624 634767 634777 638117 638127 638756 638766 644166 644176 645040 645050 645810 645820 647522 647532 650885 650895 651173 651183 658207 658217 659747 659757 661981 661991 662747 662757 662768 662778 663646 663656 665564 665574 666354 666364 672535 672545 679407 679417 682277 682287 684332 684342 686213 686223 686390 686400 686954 686964 688876 688886 690125 690135 690764 690774 697548 697558 699959 699969 700926 700936 702821 702831 702835 702845 704560 704570 706637 706647 710343 710353 710580 710590 712515 712525 712874 712884 713852 713862 714137 714147 714238 714248 715083 715093 716108 716118 717758 717768 
11 352
1470 1481 1662 1673 3077 3088 4082 4093 5134 5145 5149 5160 6650 6661 15970 15981 20443 20454 26515 26526 29580 29591 32551 32562 36824 36835 39538 39549 39716 39727 40420 40431 42250 42261 43841 43852 44204 44215 45989 46000 48867 48878 51439 51450 54430 54441 59989 60000 62472 62483 67378 67389 67589 67600 69784 69795 71082 71093 71231 71242 72167 72178 78973 78984 79456 79467 79839 79850 81876 81887 82169 82180 82689 82700 83871 83882 84720 84731 90040 90051 90478 90489 91242 91253 92486 92497 95689 95700 96130 96141 104017 104028 104060 104071 104689 104700 107622 107633 110971 110982 114469 114480 116045 116056 117473 117484 122309 122320 122421 122432 122814 122825 128081 128092 128413 128424 134504 134515 134772 134783 140323 140334 142639 142650 143863 143874 149658 149669 150042 150053 153118 153129 157566 157577 158289 158300 158467 158478 160718 160729 162704 162715 165055 165066 165817 165828 168556 168567 169929 169940 169951 169962 171729 171740 171877 171888 172249 172260 173863 173874 174472 174483 176141 176152 178610 178621 180767 180778 181152 181163 181474 181485 182563 182574 183845 183856 187271 187282 190634 190645 193550 193561 194380 194391 194458 194469 203534 203545 204954 204965 206755 206766 208787 208798 210914 210925 219971 219982 226869 226880 229377 229388 230031 230042 231118 231129 232189 232200 232762 232773 232936 232947 233957 233968 235489 235500 236489 236500 237174 237185 240528 240539 241419 241430 241619 241630 241889 241900 242084 242095 242172 242183 244025 244036 248389 248400 252051 252062 252085 252096 252620 252631 256281 256292 257165 257176 257411 257422 257666 257677 258959 258970 259220 259231 259754 259765 262744 262755 264933 264944 264972 264983 266273 266284 271489 271500 271625 271636 272177 272188 272373 272384 273430 273441 274223 274234 275454 275465 275978 275989 277933 277944 278950 278961 280724 280735 280881 280892 287589 287600 289175 289186 293905 293916 296117 296128 299627 299638 301084 301095 302634 302645 303019 303030 309236 309247 310348 310359 312274 312285 315945 315956 316948 316959 317874 317885 319436 319447 321807 321818 322549 322560 323436 323447 327787 327798 331289 331300 332279 332290 333642 333653 334028 334039 340338 340349 345672 345683 347664 347675 351180 351191 353020 353031 353373 353384 356366 356377 356868 356879 359023 359034 359475 359486 361420 361431 362038 362049 366288 366299 372310 372321 372789 372800 375726 375737 379163 379174 382282 382293 386478 386489 387505 387516 390530 390541 390969 390980 391126 391137 391833 391844 393089 393100 400043 400054 400969 400980 402577 402588 403389 403400 404668 404679 406154 406165 408713 408724 409563 409574 410539 410550 411379 411390 413889 413900 415171 415182 416289 416300 421979 421990 422022 422033 422381 422392 422453 422464 424158 424169 424818 424829 430346 430357 430913 430924 434471 434482 436115 436126 444238 444249 444338 444349 444959 444970 449063 449074 449973 449984 450271 450282 453711 453722 454008 454019 455109 455120 455634 455645 456963 456974 457786 457797 462740 462751 467117 467128 476411 476422 476465 476476 477075 477086 482912 482923 485734 485745 489145 489156 489742 489753 491778 491789 493612 493623 495267 495278 496183 496194 498467 498478 498481 498492 499882 499893 506222 506233 506748 506759 511543 511554 516237 516248 522940 522951 523589 523600 528015 528026 528258 528269 529088 529099 529244 529255 532178 532189 532769 532780 533549 533560 533678 533689 534441 534452 535822 535833 537880 537891 539486 539497 540851 540862 541167 541178 542749 542760 544189 544200 546213 546224 549289 549300 550315 550326 551266 551277 552038 552049 560215 560226 563969 563980 565811 565822 565852 565863 566474 566485 567112 567123 573373 573384 573452 573463 574184 574195 574313 574324 575507 575518 578718 578729 579122 579133 582813 582824 586851 586862 587174 587185 587946 587957 591238 591249 593050 593061 594913 594924 600789 600800 602555 602566 607726 607737 609476 609487 609541 609552 610759 610770 612002 612013 612346 612357 615911 615922 618989 619000 619287 619298 620070 620081 622375 622386 623925 623936 625348 625359 626356 626367 628989 629000 630546 630557 631413 631424 631820 631831 635470 635481 636155 636166 636774 636785 638612 638623 640853 640864 642767 642778 643909 643920 644355 644366 644512 644523 647213 647224 647576 647587 652151 652162 656738 656749 657239 657250 658549 658560 659437 659448 660126 660137 660708 660719 661876 661887 663460 663471 663476 663487 664920 664931 670524 670535 670564 670575 671680 671691 674559 674570 680705 680716 689572 689583 692453 692464 695315 695326 695349 695360 699279 699290 702126 702137 702212 702223 704428 704439 709526 709537 715018 715029 715928 715939 716839 716850 716857 716868 717806 717817 719561 719572 
12 316
1387 1399 4142 4154 5241 5253 10466 10478 13779 13791 16564 16576 16747 16759 17612 17624 24042 24054 25129 25141 25416 25428 27839 27851 29873 29885 30152 30164 34627 34639 45027 45039 46632 46644 48311 48323 48964 48976 50571 50583 52506 52518 52764 52776 52788 52800 53483 53495 55841 55853 56748 56760 60911 60923 61726 61738 61829 61841 62025 62037 74044 74056 74370 74382 77757 77769 79333 79345 79852 79864 81261 81273 81283 81295 84945 84957 91258 91270 91367 91379 97556 97568 105359 105371 107526 107538 111060 111072 113258 113270 116009 116021 119031 119043 119174 119186 120136 120148 122340 122352 123879 123891 125249 125261 136632 136644 136654 136666 142261 142273 143173 143185 143944 143956 146515 146527 148726 148738 151257 151269 152821 152833 154088 154100 159134 159146 160934 160946 161716 161728 166454 166466 169343 169355 169984 169996 170683 170695 174006 174018 174082 174094 174132 174144 174170 174182 176337 176349 177288 177300 177441 177453 181167 181179 183668 183680 185360 185372 188346 188358 191542 191554 194412 194424 197235 197247 199013 199025 199250 199262 200375 200387 202451 202463 203906 203918 204375 204387 207221 207233 212512 212524 219711 219723 220788 220800 221852 221864 223088 223100 225021 225033 225184 225196 234161 234173 235957 235969 235976 235988 236241 236253 236957 236969 238006 238018 238329 238341 239329 239341 240015 240027 241227 241239 246584 246596 247676 247688 249740 249752 252188 252200 252464 252476 256661 256673 257822 257834 258755 258767 261553 261565 261719 261731 265129 265141 267229 267241 270260 270272 274786 274798 276657 276669 277325 277337 277535 277547 278681 278693 279271 279283 280355 280367 281716 281728 283244 283256 283388 283400 284363 284375 287379 287391 289956 289968 290830 290842 293708 293720 298653 298665 301716 301728 303411 303423 304613 304625 308949 308961 309310 309322 311873 311885 314832 314844 321153 321165 321479 321491 322484 322496 331213 331225 332071 332083 332646 332658 332923 332935 332948 332960 334013 334025 335720 335732 341132 341144 342688 342700 344769 344781 346276 346288 346419 346431 346730 346742 351066 351078 352535 352547 354119 354131 354307 354319 356388 356400 356707 356719 357113 357125 357540 357552 358720 358732 363304 363316 363815 363827 366847 366859 368220 368232 369137 369149 374820 374832 379271 379283 382259 382271 387088 387100 389507 389519 390066 390078 398378 398390 399982 399994 400715 400727 404015 404027 406868 406880 409072 409084 409257 409269 410554 410566 412877 412889 417837 417849 418628 418640 419933 419945 421920 421932 424013 424025 426770 426782 427915 427927 440588 440600 444910 444922 446888 446900 448859 448871 449025 449037 449438 449450 449452 449464 449618 449630 459372 459384 462072 462084 472288 472300 476026 476038 478565 478577 479832 479844 480165 480177 482761 482773 484031 484043 485949 485961 485988 486000 486130 486142 486914 486926 487369 487381 487452 487464 490178 490190 492586 492598 496573 496585 499553 499565 503185 503197 503380 503392 505306 505318 507826 507838 509578 509590 512087 512099 514524 514536 514974 514986 517030 517042 520272 520284 522923 522935 527670 527682 543347 543359 545848 545860 549675 549687 552730 552742 554132 554144 560525 560537 561228 561240 564919 564931 565715 565727 566753 566765 568518 568530 568575 568587 571356 571368 573048 573060 573856 573868 574633 574645 575138 575150 576263 576275 580109 580121 583163 583175 584208 584220 585573 585585 586148 586160 587725 587737 588737 588749 593664 593676 597477 597489 603357 603369 603710 603722 605252 605264 606088 606100 606335 606347 609022 609034 610939 610951 612156 612168 625703 625715 626744 626756 627775 627787 630251 630263 631580 631592 635588 635600 637537 637549 637579 637591 638742 638754 639513 639525 640588 640600 644234 644246 645054 645066 647879 647891 653014 653026 654309 654321 657749 657761 659785 659797 664610 664622 665651 665663 669134 669146 670161 670173 673111 673123 675988 676000 677032 677044 677924 677936 679359 679371 679976 679988 680118 680130 681608 681620 685817 685829 686226 686238 687515 687527 688438 688450 689977 689989 690688 690700 692288 692300 695654 695666 699080 699092 699772 699784 700861 700873 702425 702437 705717 705729 706927 706939 707924 707936 714655 714667 716173 716185 
13 320
2713 2726 5413 5426 6681 6694 6910 6923 7087 7100 8011 8024 8375 8388 10450 10463 19011 19024 20387 20400 22230 22243 22537 22550 22740 22753 24977 24990 25322 25335 27375 27388 36535 36548 36837 36850 44953 44966 49055 49068 51868 51881 57254 57267 58787 58800 59348 59361 72982 72995 82653 82666 83143 83156 83847 83860 84350 84363 85987 86000 86361 86374 87828 87841 90536 90549 93836 93849 95280 95293 102711 102724 102750 102763 106109 106122 108971 108984 110722 110735 110817 110830 114846 114859 121177 121190 128457 128470 128911 128924 132414 132427 154016 154029 157676 157689 157749 157762 170336 170349 170920 170933 170978 170991 172556 172569 174970 174983 176316 176329 179506 179519 184656 184669 186087 186100 187252 187265 187361 187374 188965 188978 189006 189019 189837 189850 194315 194328 195829 195842 195867 195880 196120 196133 198023 198036 199138 199151 199182 199195 201042 201055 201353 201366 202075 202088 202178 202191 204472 204485 211456 211469 211612 211625 211635 211648 212808 212821 213025 213038 216830 216843 224329 224342 226017 226030 226978 226991 227272 227285 230513 230526 230848 230861 231887 231900 233171 233184 233687 233700 233823 233836 235077 235090 236773 236786 237740 237753 244173 244186 244746 244759 248169 248182 248623 248636 249187 249200 255080 255093 255970 255983 257841 257854 258831 258844 258848 258861 266352 266365 267720 267733 267741 267754 271913 271926 273387 273400 276111 276124 277508 277521 283063 283076 286276 286289 287257 287270 288369 288382 295767 295780 296156 296169 299174 299187 308322 308335 309760 309773 310322 310335 311174 311187 312248 312261 313987 314000 315125 315138 316923 316936 318619 318632 321119 321132 321859 321872 322079 322092 325939 325952 328278 328291 332662 332675 332906 332919 333158 333171 334661 334674 335737 335750 336145 336158 341510 341523 346487 346500 349410 349423 349969 349982 353569 353582 358651 358664 358758 358771 359411 359424 359758 359771 362106 362119 365109 365122 367878 367891 372553 372566 373716 373729 380729 380742 381021 381034 383360 383373 385604 385617 389528 389541 389856 389869 390578 390591 396074 396087 396823 396836 402559 402572 403628 403641 403732 403745 410571 410584 411913 411926 419641 419654 420405 420418 421317 421330 424173 424186 430244 430257 435825 435838 442079 442092 446805 446818 449857 449870 450542 450555 451859 451872 455570 455583 455650 455663 457151 457164 457848 457861 462787 462800 465784 465797 471626 471639 471642 471655 472238 472251 473683 473696 473770 473783 474055 474068 475807 475820 476069 476082 477621 477634 479815 479828 481956 481969 483217 483230 483330 483343 483820 483833 483947 483960 486109 486122 486768 486781 486836 486849 487469 487482 495917 495930 495932 495945 496045 496058 496737 496750 497187 497200 505387 505400 506720 506733 512419 512432 512472 512485 520427 520440 522474 522487 523343 523356 535787 535800 536869 536882 538045 538058 538814 538827 540435 540448 540521 540534 540820 540833 541672 541685 542905 542918 545532 545545 547616 547629 550512 550525 551214 551227 551281 551294 551654 551667 551669 551682 557648 557661 561048 561061 565786 565799 566624 566637 566971 566984 569878 569891 570857 570870 573030 573043 573687 573700 574613 574626 575363 575376 578568 578581 581687 581700 584117 584130 584287 584300 589057 589070 590747 590760 593432 593445 598971 598984 601060 601073 602257 602270 607944 607957 607967 607980 609111 609124 612327 612340 613604 613617 615787 615800 617670 617683 618362 618375 619143 619156 619159 619172 619476 619489 623478 623491 623962 623975 624256 624269 625948 625961 628774 628787 629084 629097 629713 629726 629916 629929 632120 632133 632562 632575 634462 634475 635250 635263 637255 637268 638019 638032 638287 638300 641038 641051 643959 643972 645848 645861 646111 646124 647613 647626 651116 651129 655716 655729 657260 657273 658809 658822 659187 659200 660732 660745 660832 660845 661314 661327 661861 661874 661917 661930 663134 663147 663668 663681 667321 667334 667729 667742 669315 669328 675555 675568 677966 677979 678220 678233 683813 683826 687948 687961 690046 690059 694140 694153 695771 695784 696757 696770 697953 697966 698641 698654 698987 699000 699127 699140 700677 700690 700877 700890 710183 710196 713569 713582 714087 714100 715710 715723 717022 717035 717238 717251 717851 717864 719609 719622 
14 249
1363 1377 2775 2789 8966 8980 9567 9581 23382 23396 29110 29124 29186 29200 38786 38800 45343 45357 45821 45835 47555 47569 47730 47744 52527 52541 54743 54757 60473 60487 60668 60682 63139 63153 66769 66783 67045 67059 71410 71424 75951 75965 78030 78044 79476 79490 82731 82745 90086 90100 95362 95376 100081 100095 103774 103788 103946 103960 104375 104389 105826 105840 108272 108286 108943 108957 110425 110439 110503 110517 113207 113221 114175 114189 118853 118867 119367 119381 119864 119878 120330 120344 120354 120368 124115 124129 130246 130260 134383 134397 134929 134943 136037 136051 139434 139448 140218 140232 152530 152544 166243 166257 166623 166637 167112 167126 169786 169800 173575 173589 184056 184070 188747 188761 193479 193493 193567 193581 198429 198443 201538 201552 204981 204995 206076 206090 213156 213170 223070 223084 225132 225146 226271 226285 239548 239562 240175 240189 242386 242400 242579 242593 243103 243117 243418 243432 243457 243471 247172 247186 247776 247790 247836 247850 249965 249979 250716 250730 253229 253243 254376 254390 255860 255874 256169 256183 257117 257131 260255 260269 261286 261300 263848 263862 268271 268285 270226 270240 271942 271956 272617 272631 275107 275121 275275 275289 278618 278632 281435 281449 296048 296062 301645 301659 303967 303981 306252 306266 307531 307545 309161 309175 310257 310271 315274 315288 321886 321900 323766 323780 328486 328500 337351 337365 340709 340723 344886 344900 345373 345387 346434 346448 347868 347882 350270 350284 354581 354595 355927 355941 356543 356557 368038 368052 369686 369700 371063 371077 371547 371561 372386 372400 373882 373896 373984 373998 374340 374354 374575 374589 374607 374621 376710 376724 378464 378478 378736 378750 385136 385150 393372 393386 396928 396942 402050 402064 406350 406364 412977 412991 414875 414889 415264 415278 415625 415639 415651 415665 417311 417325 427716 427730 428112 428126 429504 429518 435186 435200 436450 436464 439015 439029 440008 440022 440445 440459 443314 443328 443486 443500 451317 451331 453339 453353 453569 453583 454221 454235 455674 455688 457680 457694 464961 464975 473278 473292 476874 476888 479465 479479 479661 479675 481470 481484 484970 484984 487133 487147 490871 490885 492063 492077 500222 500236 501386 501400 508058 508072 509069 509083 514124 514138 515354 515368 517915 517929 518446 518460 518653 518667 518855 518869 519333 519347 519672 519686 520855 520869 522457 522471 523728 523742 523745 523759 528343 528357 530151 530165 532749 532763 533830 533844 539986 540000 546439 546453 547746 547760 552563 552577 553947 553961 556727 556741 556818 556832 557716 557730 562976 562990 563808 563822 563921 563935 565873 565887 567558 567572 572011 572025 577122 577136 579768 579782 580213 580227 581386 581400 582144 582158 595920 595934 598717 598731 600512 600526 600770 600784 610415 610429 611519 611533 624574 624588 624916 624930 626151 626165 626422 626436 629945 629959 631140 631154 637342 637356 638718 638732 639924 639938 640723 640737 644119 644133 644868 644882 647022 647036 650867 650881 652578 652592 652746 652760 652870 652884 654624 654638 656712 656726 658786 658800 668882 668896 669646 669660 670742 670756 672956 672970 677266 677280 681724 681738 686021 686035 690139 690153 693833 693847 698658 698672 699531 699545 701767 701781 704620 704634 705152 705166 708668 708682 712075 712089 714121 714135 716366 716380 
15 233
1080 1095 3611 3626 6711 6726 9636 9651 10428 10443 15085 15100 15952 15967 17311 17326 17341 17356 19114 19129 26318 26333 32363 32378 35411 35426 47278 47293 47961 47976 49075 49090 55761 55776 60513 60528 61664 61679 67526 67541 70262 70277 74002 74017 79712 79727 80969 80984 84224 84239 84267 84282 96015 96030 97214 97229 97923 97938 110525 110540 111029 111044 112411 112426 116331 116346 118085 118100 118871 118886 119449 119464 124034 124049 130466 130481 131812 131827 133135 133150 134116 134131 134354 134369 137115 137130 137247 137262 139450 139465 152864 152879 155554 155569 157519 157534 159107 159122 161431 161446 163014 163029 164662 164677 165285 165300 170271 170286 170634 170649 173048 173063 174432 174447 175626 175641 187738 187753 191421 191436 197531 197546 198465 198480 200739 200754 202272 202287 202466 202481 204926 204941 207160 207175 210651 210666 211285 211300 211541 211556 212115 212130 220168 220183 220485 220500 221150 221165 222708 222723 223272 223287 224647 224662 228506 228521 229060 229075 239280 239295 240675 240690 248323 248338 250812 250827 251485 251500 251848 251863 255316 255331 256621 256636 259278 259293 259772 259787 266677 266692 272325 272340 281744 281759 281785 281800 288221 288236 288330 288345 295785 295800 301570 301585 309361 309376 309477 309492 311235 311250 311847 311862 312839 312854 323730 323745 326364 326379 326522 326537 335129 335144 337218 337233 337957 337972 338470 338485 340909 340924 341253 341268 342442 342457 342718 342733 343578 343593 344375 344390 347411 347426 348424 348439 350840 350855 352484 352499 354165 354180 357009 357024 361375 361390 365146 365161 366650 366665 367445 367460 370981 370996 376878 376893 377325 377340 381671 381686 385165 385180 387882 387897 394114 394129 395972 395987 396563 396578 401443 401458 404080 404095 404326 404341 411946 411961 414138 414153 421785 421800 427985 428000 431239 431254 438940 438955 450460 450475 451662 451677 458765 458780 459319 459334 462708 462723 469006 469021 469157 469172 469177 469192 472261 472276 479519 479534 480585 480600 483882 483897 487115 487130 487318 487333 488238 488253 501633 501648 511776 511791 512359 512374 513485 513500 516037 516052 516421 516436 518138 518153 518211 518226 521766 521781 523561 523576 525534 525549 528052 528067 532643 532658 539226 539241 546534 546549 547032 547047 547659 547674 547968 547983 549603 549618 551140 551155 557151 557166 561847 561862 561885 561900 565568 565583 568638 568653 578631 578646 580233 580248 583103 583118 587921 587936 589033 589048 598034 598049 600683 600698 603585 603600 605542 605557 609270 609285 610671 610686 612760 612775 616433 616448 617113 617128 618953 618968 625663 625678 627064 627079 628157 628172 628723 628738 630284 630299 631433 631448 633274 633289 635071 635086 635637 635652 639146 639161 645863 645878 658273 658288 659371 659386 659940 659955 666985 667000 667478 667493 668673 668688 671507 671522 678267 678282 679134 679149 684010 684025 685043 685058 686914 686929 690746 690761 697317 697332 697985 698000 698326 698341 708114 708129 708418 708433 709556 709571 711578 711593 712985 713000 713828 713843 716336 716351 717208 717223 
16 201
1338 1354 1875 1891 2737 2753 9718 9734 11549 11565 14117 14133 22146 22162 29165 29181 33481 33497 36051 36067 43856 43872 50768 50784 56882 56898 59940 59956 61469 61485 67906 67922 70711 70727 71769 71785 72344 72360 77340 77356 83332 83348 83815 83831 89373 89389 90444 90460 95467 95483 96514 96530 100247 100263 100840 100856 108226 108242 108413 108429 112068 112084 112230 112246 112684 112700 116378 116394 118218 118234 120471 120487 125674 125690 134850 134866 140151 140167 141814 141830 144648 144664 148077 148093 161249 161265 168313 168329 172112 172128 172131 172147 172276 172292 182120 182136 182820 182836 185619 185635 187378 187394 187713 187729 189525 189541 189734 189750 194331 194347 195848 195864 205306 205322 222824 222840 223327 223343 232468 232484 235850 235866 239482 239498 239650 239666 240084 240100 242354 242370 246816 246832 251257 251273 251772 251788 253677 253693 253963 253979 255941 255957 264133 264149 264260 264276 271214 271230 276908 276924 285942 285958 287962 287978 290759 290775 296960 296976 297749 297765 300661 300677 308338 308354 311129 311145 313314 313330 318355 318371 319765 319781 323162 323178 323409 323425 323783 323799 328768 328784 337673 337689 338969 338985 339411 339427 339970 339986 344050 344066 346525 346541 352516 352532 359053 359069 360130 360146 362127 362143 363520 363536 369161 369177 369931 369947 374050 374066 375013 375029 377542 377558 380746 380762 383833 383849 385715 385731 391605 391621 393028 393044 401649 401665 403160 403176 405115 405131 412122 412138 414853 414869 418871 418887 423923 423939 424137 424153 426984 427000 429116 429132 431028 431044 437571 437587 445247 445263 446331 446347 451912 451928 459603 459619 460321 460337 468483 468499 475625 475641 479603 479619 483471 483487 486543 486559 488308 488324 489714 489730 490262 490278 493376 493392 505809 505825 510610 510626 510869 510885 519165 519181 529414 529430 530979 530995 536173 536189 539637 539653 539860 539876 544284 544300 545637 545653 551823 551839 553963 553979 555044 555060 560046 560062 563744 563760 567818 567834 577923 577939 578873 578889 596149 596165 596170 596186 596621 596637 598665 598681 599706 599722 603049 603065 603115 603131 603140 603156 604052 604068 605571 605587 610909 610925 617719 617735 617937 617953 624231 624247 625927 625943 626115 626131 629559 629575 637168 637184 643479 643495 646578 646594 647660 647676 651574 651590 654359 654375 654912 654928 661122 661138 662219 662235 663621 663637 665614 665630 670102 670118 672937 672953 673207 673223 673415 673431 674356 674372 675441 675457 683712 683728 685943 685959 686573 686589 699443 699459 701336 701352 704160 704176 704371 704387 705879 705895 706777 706793 713504 713520 715062 715078 
17 227
1903 1920 5524 5541 6625 6642 11569 11586 12929 12946 14824 14841 18321 18338 21567 21584 21616 21633 29428 29445 33318 33335 37861 37878 42725 42742 50640 50657 51041 51058 52128 52145 60624 60641 61215 61232 61362 61379 61442 61459 61637 61654 70771 70788 72446 72463 72936 72953 75383 75400 80345 80362 81949 81966 82083 82100 85368 85385 86378 86395 87245 87262 92346 92363 99664 99681 100463 100480 101564 101581 102160 102177 102956 102973 112032 112049 126563 126580 128643 128660 137939 137956 140343 140360 152083 152100 155407 155424 155649 155666 161212 161229 166283 166300 167841 167858 173503 173520 176630 176647 176753 176770 188235 188252 190659 190676 198770 198787 202134 202151 202947 202964 203857 203874 210969 210986 212132 212149 214615 214632 217452 217469 217473 217490 218928 218945 219223 219240 223033 223050 223446 223463 224934 224951 226068 226085 226208 226225 227721 227738 230638 230655 233129 233146 237323 237340 237459 237476 238669 238686 243770 243787 246736 246753 249717 249734 257311 257328 263783 263800 265062 265079 279617 279634 280818 280835 282248 282265 291467 291484 292657 292674 294021 294038 300922 300939 303611 303628 304571 304588 306327 306344 309738 309755 319736 319753 320048 320065 320218 320235 325006 325023 328522 328539 331250 331267 332013 332030 332841 332858 340557 340574 346208 346225 348116 348133 350929 350946 355523 355540 355951 355968 363556 363573 365572 365589 367610 367627 368362 368379 368769 368786 369512 369529 377122 377139 387946 387963 396404 396421 400021 400038 401117 401134 414827 414844 421561 421578 427740 427757 428783 428800 430383 430400 430657 430674 432134 432151 433574 433591 436645 436662 437941 437958 439161 439178 439974 439991 440040 440057 440615 440632 441173 441190 444760 444777 448246 448263 459461 459478 460068 460085 464536 464553 466473 466490 469525 469542 475019 475036 476433 476450 476483 476500 479683 479700 488683 488700 492739 492756 501364 501381 501821 501838 512920 512937 516776 516793 516983 517000 517316 517333 519013 519030 524983 525000 527464 527481 529258 529275 533530 533547 537583 537600 538253 538270 540217 540234 541864 541881 542649 542666 550422 550439 551367 551384 556743 556760 559106 559123 561911 561928 575711 575728 578034 578051 580083 580100 581723 581740 582870 582887 585269 585286 588751 588768 589569 589586 590051 590068 592547 592564 594156 594173 595252 595269 596531 596548 599609 599626 602361 602378 607922 607939 616922 616939 618717 618734 619059 619076 621926 621943 622747 622764 623409 623426 624272 624289 625522 625539 626177 626194 627456 627473 627718 627735 629517 629534 635604 635621 635815 635832 637555 637572 640333 640350 642874 642891 643358 643375 647983 648000 649156 649173 652627 652644 653583 653600 657154 657171 658683 658700 660664 660681 660809 660826 661211 661228 667762 667779 672874 672891 677283 677300 681547 681564 682741 682758 682766 682783 692468 692485 693173 693190 697516 697533 698213 698230 704447 704464 705217 705234 706268 706285 707476 707493 714513 714530 715942 715959 719211 719228 719941 719958 
18 193
7352 7370 8982 9000 20334 20352 20356 20374 22167 22185 26347 26365 30412 30430 30933 30951 32739 32757 33442 33460 36768 36786 37482 37500 39551 39569 44722 44740 45843 45861 48435 48453 48643 48661 50035 50053 50147 50165 52558 52576 54226 54244 57532 57550 59642 59660 60565 60583 61616 61634 67636 67654 78528 78546 100225 100243 100913 100931 100970 100988 109846 109864 117182 117200 118510 118528 119715 119733 120154 120172 127707 127725 138656 138674 142544 142562 146354 146372 149631 149649 150869 150887 151718 151736 157358 157376 162438 162456 168161 168179 168535 168553 170808 170826 177108 177126 178268 178286 184243 184261 185637 185655 187761 187779 189566 189584 198748 198766 200934 200952 203166 203184 209944 209962 213852 213870 215257 215275 215758 215776 217242 217260 218031 218049 218960 218978 220668 220686 222338 222356 223353 223371 225808 225826 230161 230179 235871 235889 246630 246648 249563 249581 253207 253225 253940 253958 254027 254045 255173 255191 256838 256856 260541 260559 261433 261451 268316 268334 269504 269522 272809 272827 277878 277896 279803 279821 283517 283535 286560 286578 289110 289128 293031 293049 307305 307323 310157 310175 311968 311986 312957 312975 320014 320032 321559 321577 322930 322948 326138 326156 329561 329579 331881 331899 334506 334524 339354 339372 344068 344086 347574 347592 350453 350471 358041 358059 361313 361331 363675 363693 372943 372961 373313 373331 373811 373829 379249 379267 386230 386248 386314 386332 386830 386848 390504 390522 401073 401091 401212 401230 403755 403773 407264 407282 407524 407542 407773 407791 413865 413883 416641 416659 417072 417090 429828 429846 431442 431460 433831 433849 440462 440480 441021 441039 444723 444741 445072 445090 445950 445968 447455 447473 451216 451234 456668 456686 461568 461586 463011 463029 463821 463839 471519 471537 476324 476342 479148 479166 481715 481733 484182 484200 484670 484688 498932 498950 503312 503330 503334 503352 512950 512968 515459 515477 518669 518687 521614 521632 522013 522031 530416 530434 532549 532567 535375 535393 536936 536954 539082 539100 554551 554569 561165 561183 561323 561341 563582 563600 566770 566788 570048 570066 570909 570927 577607 577625 579655 579673 589246 589264 590774 590792 594027 594045 594079 594097 601008 601026 609721 609739 620307 620325 623766 623784 624146 624164 631347 631365 636560 636578 637635 637653 638214 638232 646182 646200 661676 661694 665072 665090 671657 671675 673438 673456 679449 679467 681313 681331 685739 685757 688668 688686 691835 691853 695230 695248 695511 695529 699232 699250 701823 701841 705970 705988 716771 716789 
19 190
4933 4952 5481 5500 12381 12400 14936 14955 15444 15463 17540 17559 20915 20934 27225 27244 27624 27643 30318 30337 37377 37396 46444 46463 46569 46588 55581 55600 57681 57700 60647 60666 68633 68652 69526 69545 69754 69773 72060 72079 73054 73073 73404 73423 75359 75378 77411 77430 78470 78489 83032 83051 91612 91631 93743 93762 98031 98050 98768 98787 100204 100223 108118 108137 120181 120200 127360 127379 139972 139991 142081 142100 142674 142693 147440 147459 149381 149400 150011 150030 152551 152570 157903 157922 165913 165932 167219 167238 173279 173298 174607 174626 178628 178647 179165 179184 186211 186230 190367 190386 191562 191581 195425 195444 196381 196400 201206 201225 202724 202743 210622 210641 212563 212582 213474 213493 214761 214780 216859 216878 229143 229162 231313 231332 232432 232451 235208 235227 239110 239129 242813 242832 248640 248659 250426 250445 253023 253042 254253 254272 255281 255300 258406 258425 259528 259547 279450 279469 279643 279662 279862 279881 282918 282937 289817 289836 292139 292158 292537 292556 297155 297174 297768 297787 300581 300600 306881 306900 308243 308262 310580 310599 315769 315788 317173 317192 318227 318246 321833 321852 329925 329944 329981 330000 332818 332837 334433 334452 335036 335055 335070 335089 345026 345045 347340 347359 349222 349241 351159 351178 353844 353863 356818 356837 358381 358400 361653 361672 364116 364135 365881 365900 374976 374995 381267 381286 389312 389331 392281 392300 393481 393500 400057 400076 400217 400236 405712 405731 409535 409554 413358 413377 414513 414532 415239 415258 417744 417763 422044 422063 428036 428055 429881 429900 449668 449687 453608 453627 454154 454173 455467 455486 467628 467647 470530 470549 475254 475273 483131 483150 492181 492200 497719 497738 498911 498930 505113 505132 507424 507443 509669 509688 512324 512343 515207 515226 518471 518490 529062 529081 529118 529137 529449 529468 531823 531842 539047 539066 541240 541259 546404 546423 547317 547336 549623 549642 552210 552229 552814 552833 556142 556161 557627 557646 558739 558758 560949 560968 562081 562100 568967 568986 570822 570841 571075 571094 584417 584436 587769 587788 589973 589992 592716 592735 594970 594989 609926 609945 614240 614259 617049 617068 621449 621468 627865 627884 630881 630900 630971 630990 643561 643580 655216 655235 663417 663436 666919 666938 670805 670824 670868 670887 678768 678787 679337 679356 681525 681544 684808 684827 688851 688870 691058 691077 697067 697086 697925 697944 709660 709679 709915 709934 711020 711039 714807 714826 716145 716164 717148 717167 
20 163
2515 2535 7821 7841 8709 8729 14015 14035 20840 20860 21522 21542 23121 23141 37711 37731 37823 37843 41061 41081 41316 41336 41465 41485 47760 47780 50314 50334 52742 52762 56561 56581 59121 59141 63412 63432 64759 64779 68157 68177 69380 69400 72143 72163 81229 81249 83963 83983 85260 85280 91217 91237 95514 95534 97753 97773 100943 100963 111528 111548 117021 117041 117418 117438 126973 126993 148680 148700 158835 158855 159280 159300 159823 159843 164050 164070 165260 165280 168922 168942 173322 173342 185535 185555 188923 188943 189764 189784 192819 192839 198822 198842 199264 199284 200663 200683 209455 209475 210568 210588 211913 211933 212051 212071 221805 221825 223861 223881 230532 230552 232913 232933 235724 235744 237512 237532 237563 237583 249923 249943 257644 257664 258132 258152 259080 259100 262514 262534 262828 262848 273647 273667 275942 275962 276627 276647 286510 286530 287037 287057 287224 287244 293980 294000 294042 294062 296413 296433 301215 301235 309263 309283 322250 322270 336751 336771 339375 339395 349035 349055 351121 351141 352312 352332 356152 356172 359680 359700 361912 361932 366873 366893 374544 374564 381367 381387 383811 383831 386365 386385 395780 395800 398268 398288 398780 398800 401249 401269 404626 404646 407721 407741 413835 413855 416511 416531 417911 417931 420621 420641 421380 421400 422533 422553 430169 430189 439573 439593 441969 441989 442135 442155 442780 442800 453632 453652 464321 464341 467345 467365 469035 469055 474228 474248 476233 476253 476837 476857 479363 479383 511752 511772 513431 513451 514245 514265 516013 516033 516439 516459 519135 519155 530563 530583 534350 534370 539362 539382 540577 540597 550016 550036 550634 550654 555766 555786 557857 557877 563080 563100 573123 573143 578421 578441 580033 580053 586071 586091 588780 588800 593113 593133 596974 596994 597043 597063 604575 604595 614446 614466 623362 623382 627418 627438 635872 635892 637103 637123 640817 640837 644471 644491 649347 649367 656260 656280 659612 659632 670829 670849 675533 675553 678144 678164 684268 684288 687552 687572 692246 692266 692377 692397 695729 695749 698180 698200 704064 704084 705565 705585 710480 710500 716074 716094 716878 716898 
21 129
2134 2155 11844 11865 11879 11900 14159 14180 18431 18452 19477 19498 28139 28160 29814 29835 32564 32585 32770 32791 33035 33056 33379 33400 47915 47936 49120 49141 59369 59390 66738 66759 67074 67095 70279 70300 72018 72039 76922 76943 86956 86977 96062 96083 101749 101770 105862 105883 108470 108491 110931 110952 111879 111900 117779 117800 122516 122537 137279 137300 159763 159784 167915 167936 170717 170738 177133 177154 178059 178080 181379 181400 196219 196240 201508 201529 203221 203242 204347 204368 206832 206853 211238 211259 213946 213967 220421 220442 224518 224539 229479 229500 229836 229857 230707 230728 234217 234238 238025 238046 243175 243196 260012 260033 260764 260785 263075 263096 268568 268589 278643 278664 280854 280875 290125 290146 295720 295741 301240 301261 302679 302700 305379 305400 313024 313045 313575 313596 314322 314343 317803 317824 325312 325333 325858 325879 334241 334262 341444 341465 355373 355394 373032 373053 385879 385900 389544 389565 394379 394400 396423 396444 397234 397255 398032 398053 400134 400155 401279 401300 413142 413163 416264 416285 431329 431350 431465 431486 434260 434281 440113 440134 443361 443382 448536 448557 453659 453680 453843 453864 463261 463282 485238 485259 493329 493350 501579 501600 514865 514886 515722 515743 518831 518852 529359 529380 533564 533585 534418 534439 538230 538251 545340 545361 559261 559282 559779 559800 565120 565141 565154 565175 567374 567395 577419 577440 583275 583296 583351 583372 593869 593890 600426 600447 601766 601787 604326 604347 607618 607639 609435 609456 618923 618944 622970 622991 633833 633854 650247 650268 657203 657224 671136 671157 677240 677261 689142 689163 696554 696575 705773 705794 717179 717200 717256 717277 718672 718693 
22 141
8037 8059 9142 9164 12241 12263 18725 18747 22206 22228 27042 27064 27647 27669 33725 33747 37928 37950 50947 50969 57229 57251 59029 59051 62365 62387 63932 63954 67839 67861 74019 74041 74556 74578 75313 75335 84144 84166 89458 89480 90062 90084 103315 103337 111742 111764 118810 118832 123329 123351 129629 129651 132743 132765 149305 149327 153478 153500 160114 160136 161564 161586 163734 163756 168239 168261 170310 170332 174653 174675 183146 183168 186631 186653 188518 188540 190072 190094 196713 196735 197412 197434 200957 200979 225041 225063 226033 226055 228230 228252 239505 239527 243963 243985 251733 251755 255378 255400 258729 258751 262971 262993 266739 266761 293421 293443 301342 301364 302457 302479 305717 305739 317714 317736 318760 318782 322721 322743 334155 334177 336617 336639 336725 336747 337044 337066 344321 344343 349442 349464 349760 349782 355632 355654 357258 357280 359131 359153 367307 367329 367759 367781 373463 373485 376762 376784 379421 379443 387674 387696 389130 389152 395224 395246 395421 395443 397772 397794 399932 399954 401767 401789 403866 403888 408849 408871 411066 411088 411349 411371 417361 417383 420725 420747 422570 422592 432710 432732 439347 439369 442327 442349 447553 447575 453773 453795 457558 457580 460824 460846 464559 464581 483063 483085 485315 485337 491358 491380 493645 493667 497156 497178 502978 503000 528955 528977 529610 529632 533478 533500 534878 534900 535522 535544 536767 536789 536832 536854 548343 548365 560778 560800 573961 573983 580428 580450 583224 583246 583451 583473 588911 588933 589936 589958 598815 598837 598944 598966 603175 603197 603952 603974 610115 610137 610431 610453 613538 613560 615807 615829 616733 616755 618334 618356 630223 630245 631964 631986 633809 633831 635722 635744 636448 636470 640511 640533 653821 653843 660178 660200 664478 664500 696242 696264 707567 707589 709770 709792 717443 717465 718555 718577 
23 124
1714 1737 1843 1866 9428 9451 12624 12647 20714 20737 35619 35642 36458 36481 37253 37276 38327 38350 42177 42200 54177 54200 61269 61292 66819 66842 70941 70964 72742 72765 73853 73876 74921 74944 76434 76457 87118 87141 87758 87781 90214 90237 92458 92481 112459 112482 112658 112681 114437 114460 116756 116779 120242 120265 128006 128029 138130 138153 157018 157041 162177 162200 166153 166176 167638 167661 181213 181236 190024 190047 196274 196297 201263 201286 203304 203327 211319 211342 214719 214742 215209 215232 221353 221376 225359 225382 227756 227779 229914 229937 236308 236331 240121 240144 242508 242531 253627 253650 257263 257286 261221 261244 261609 261632 263910 263933 268708 268731 292854 292877 294669 294692 297123 297146 318647 318670 325165 325188 330419 330442 330864 330887 332216 332239 345270 345293 347143 347166 348163 348186 349660 349683 349937 349960 352256 352279 352751 352774 355346 355369 357133 357156 362749 362772 377716 377739 384921 384944 397377 397400 415377 415400 431509 431532 437631 437654 440363 440386 449224 449247 463310 463333 468777 468800 471345 471368 473655 473678 483243 483266 486928 486951 488717 488740 489816 489839 496061 496084 508658 508681 513121 513144 514637 514660 531127 531150 534113 534136 556770 556793 573337 573360 575765 575788 576765 576788 584238 584261 590926 590949 591308 591331 592569 592592 595137 595160 596856 596879 598849 598872 599533 599556 603453 603476 609352 609375 611322 611345 613834 613857 623206 623229 623235 623258 627027 627050 631512 631535 638628 638651 647912 647935 651269 651292 657329 657352 669226 669249 669357 669380 671168 671191 674424 674447 676732 676755 719310 719333 
24 105
10809 10833 16624 16648 18533 18557 29526 29550 29937 29961 31151 31175 31967 31991 33070 33094 52226 52250 55213 55237 58012 58036 61236 61260 78116 78140 81640 81664 98617 98641 102433 102457 109866 109890 122357 122381 122542 122566 123536 123560 125320 125344 132932 132956 135167 135191 136557 136581 144436 144460 146751 146775 149220 149244 175324 175348 179247 179271 192176 192200 213056 213080 216376 216400 218255 218279 219927 219951 221968 221992 229444 229468 230221 230245 231839 231863 251072 251096 253276 253300 257861 257885 261141 261165 276761 276785 297034 297058 301371 301395 309423 309447 321641 321665 332967 332991 337271 337295 340027 340051 340608 340632 349734 349758 354241 354265 362817 362841 368829 368853 377516 377540 395676 395700 398531 398555 398928 398952 398954 398978 425511 425535 430203 430227 431916 431940 439046 439070 443812 443836 443913 443937 453420 453444 454862 454886 460856 460880 477124 477148 483347 483371 490457 490481 497927 497951 498728 498752 510276 510300 518108 518132 527644 527668 542668 542692 553560 553584 556936 556960 557976 558000 571976 572000 575307 575331 581632 581656 588234 588258 589542 589566 590413 590437 607741 607765 621565 621589 625227 625251 628353 628377 629976 630000 632651 632675 644317 644341 655552 655576 656114 656138 661807 661831 667276 667300 676061 676085 690465 690489 692319 692343 694637 694661 695465 695489 718759 718783 719763 719787 
25 111
7058 7083 11228 11253 14959 14984 21173 21198 44517 44542 44612 44637 49155 49180 67926 67951 83230 83255 84306 84331 85135 85160 87935 87960 87963 87988 89806 89831 89848 89873 118328 118353 138959 138984 141352 141377 147846 147871 154039 154064 158116 158141 158671 158696 161113 161138 166959 166984 167250 167275 169221 169246 171957 171982 175862 175887 180524 180549 182165 182190 185660 185685 189962 189987 193954 193979 198059 198084 202007 202032 203403 203428 205903 205928 206414 206439 216909 216934 219375 219400 223103 223128 226616 226641 227156 227181 239575 239600 239917 239942 243520 243545 246211 246236 256957 256982 275629 275654 280321 280346 283014 283039 284309 284334 296064 296089 316031 316056 317215 317240 325434 325459 326223 326248 334063 334088 339943 339968 362567 362592 385446 385471 389214 389239 396450 396475 404562 404587 412721 412746 412844 412869 416916 416941 418708 418733 419948 419973 421657 421682 425671 425696 431537 431562 434141 434166 438453 438478 446729 446754 455434 455459 455823 455848 455913 455938 480307 480332 480362 480387 487341 487366 491161 491186 495734 495759 516916 516941 517341 517366 520750 520775 520818 520843 524048 524073 524617 524642 547058 547083 550657 550682 554573 554598 572731 572756 576932 576957 580055 580080 586865 586890 589419 589444 597363 597388 603725 603750 604505 604530 605661 605686 615421 615446 619860 619885 635928 635953 637942 637967 641622 641647 657368 657393 668916 668941 698262 698287 701356 701381 706543 706568 
26 101
7963 7989 22445 22471 24466 24492 30862 30888 46236 46262 59857 59883 62120 62146 67553 67579 73450 73476 77729 77755 87717 87743 91021 91047 92140 92166 92311 92337 102531 102557 108438 108464 109009 109035 109527 109553 115711 115737 121536 121562 123725 123751 132768 132794 133014 133040 136215 136241 139932 139958 141117 141143 147512 147538 148534 148560 155872 155898 156416 156442 175937 175963 191221 191247 196350 196376 211355 211381 221938 221964 227353 227379 232059 232085 237659 237685 242230 242256 247544 247570 251652 251678 265618 265644 272446 272472 272647 272673 274137 274163 283352 283378 293813 293839 296458 296484 298572 298598 298841 298867 301739 301765 341157 341183 342049 342075 342830 342856 344619 344645 350227 350253 350422 350448 353074 353100 363829 363855 367538 367564 375750 375776 378664 378690 395168 395194 399722 399748 400166 400192 412938 412964 414459 414485 416946 416972 422071 422097 431047 431073 441807 441833 447757 447783 450241 450267 456512 456538 460420 460446 461118 461144 497767 497793 499943 499969 501864 501890 509542 509568 515255 515281 522048 522074 557354 557380 558709 558735 569316 569342 572653 572679 587213 587239 595732 595758 599416 599442 603074 603100 611751 611777 629117 629143 629617 629643 641058 641084 671621 671647 685710 685736 688774 688800 691355 691381 705407 705433 718253 718279 719720 719746 
27 75
19756 19783 54248 54275 61934 61961 62437 62464 85165 85192 89342 89369 94034 94061 98269 98296 101827 101854 115032 115059 129415 129442 131024 131051 133044 133071 138720 138747 145844 145871 152321 152348 159716 159743 183966 183993 190720 190747 201728 201755 210341 210368 222842 222869 223726 223753 231531 231558 232013 232040 238732 238759 249645 249672 271851 271878 276413 276440 277256 277283 288438 288465 291126 291153 303114 303141 306770 306797 313211 313238 317106 317133 329515 329542 330446 330473 332333 332360 336514 336541 337160 337187 354058 354085 368236 368263 372760 372787 381150 381177 382547 382574 383258 383285 411973 412000 414155 414182 416537 416564 421720 421747 426415 426442 430127 430154 441236 441263 450050 450077 451804 451831 465273 465300 500332 500359 535713 535740 535954 535981 554163 554190 560014 560041 614565 614592 615860 615887 617558 617585 627809 627836 636663 636690 642911 642938 644411 644438 656049 656076 657062 657089 664641 664668 667355 667382 668834 668861 674573 674600 
28 72
6451 6479 6937 6965 12518 12546 12969 12997 15845 15873 22323 22351 30672 30700 31037 31065 39672 39700 40718 40746 69562 69590 82228 82256 98505 98533 101533 101561 128358 128386 171915 171943 174838 174866 180859 180887 192852 192880 194148 194176 194350 194378 203809 203837 210030 210058 224772 224800 257530 257558 267472 267500 270942 270970 281815 281843 294636 294664 300954 300982 322345 322373 346065 346093 346246 346274 356559 356587 356722 356750 357672 357700 374307 374335 380525 380553 382333 382361 383665 383693 390334 390362 433744 433772 435957 435985 449635 449663 457043 457071 469110 469138 475050 475078 501011 501039 515316 515344 520457 520485 524255 524283 529972 530000 532127 532155 534616 534644 537464 537492 548572 548600 549165 549193 556111 556139 579555 579583 609240 609268 624360 624388 629430 629458 634417 634445 642958 642986 644831 644859 662460 662488 687747 687775 688715 688743 701866 701894 712922 712950 714372 714400 716711 716739 
29 70
1938 1967 2055 2084 3504 3533 32328 32357 38518 38547 74259 74288 88536 88565 88910 88939 96640 96669 111111 111140 120418 120447 135254 135283 137742 137771 139109 139138 153854 153883 163033 163062 176414 176443 182853 182882 183059 183088 189169 189198 190757 190786 217771 217800 249245 249274 253141 253170 259046 259075 262471 262500 267864 267893 270048 270077 293215 293244 297450 297479 308820 308849 322622 322651 333114 333143 341737 341766 342615 342644 343747 343776 361769 361798 363418 363447 394642 394671 415115 415144 415837 415866 419671 419700 426723 426752 450010 450039 452123 452152 461252 461281 479244 479273 487259 487288 490315 490344 490807 490836 508112 508141 514040 514069 528222 528251 528458 528487 533331 533360 554240 554269 563937 563966 571020 571049 583314 583343 587613 587642 588133 588162 597509 597538 654049 654078 667626 667655 669817 669846 674714 674743 676219 676248 676925 676954 716039 716068 716403 716432 
30 55
1624 1654 2545 2575 3654 3684 58054 58084 64949 64979 65516 65546 70440 70470 76047 76077 93370 93400 119236 119266 121430 121460 142019 142049 155934 155964 158219 158249 165146 165176 176157 176187 177534 177564 180920 180950 208706 208736 209351 209381 218216 218246 227652 227682 254737 254767 287826 287856 291060 291090 293843 293873 299443 299473 322570 322600 325370 325400 331470 331500 365839 365869 407558 407588 451359 451389 452860 452890 456434 456464 458849 458879 463761 463791 483611 483641 507519 507549 520324 520354 524911 524941 527214 527244 570936 570966 575553 575583 602933 602963 609554 609584 611260 611290 625623 625653 626250 626280 627740 627770 628456 628486 643314 643344 683160 683190 691718 691748 716440 716470 
31 62
25639 25670 33810 33841 38743 38774 38960 38991 39503 39534 68506 68537 98469 98500 99922 99953 101426 101457 140610 140641 141169 141200 147724 147755 159545 159576 159638 159669 168961 168992 206112 206143 216243 216274 219754 219785 222229 222260 228037 228068 272709 272740 275126 275157 281452 281483 282532 282563 284445 284476 301032 301063 301609 301640 312320 312351 342525 342556 342869 342900 361246 361277 361816 361847 378703 378734 379121 379152 381533 381564 439208 439239 451555 451586 454034 454065 455969 456000 479918 479949 481819 481850 499517 499548 499838 499869 521437 521468 521634 521665 525213 525244 529563 529594 535748 535779 553843 553874 583706 583737 607769 607800 617236 617267 619213 619244 625965 625996 659816 659847 667112 667143 672153 672184 680846 680877 681335 681366 706740 706771 708343 708374 718952 718983 
32 55
5204 5236 10713 10745 21368 21400 34655 34687 51168 51200 58535 58567 62849 62881 73739 73771 116821 116853 117713 117745 128319 128351 129968 130000 179032 179064 179411 179443 192535 192567 202206 202238 206713 206745 217265 217297 222268 222300 225261 225293 236528 236560 240338 240370 247629 247661 272517 272549 274248 274280 282159 282191 287746 287778 324037 324069 327443 327475 346635 346667 371814 371846 373427 373459 382750 382782 395515 395547 399527 399559 407222 407254 415318 415350 427561 427593 427638 427670 434418 434450 461413 461445 491318 491350 513240 513272 518717 518749 549116 549148 555732 555764 595832 595864 603414 603446 612816 612848 613741 613773 623832 623864 635327 635359 671537 671569 673568 673600 696459 696491 
33 46
1429 1462 17360 17393 23827 23860 40750 40783 42049 42082 42138 42171 46022 46055 60241 60274 76648 76681 114947 114980 118355 118388 140660 140693 145312 145345 154620 154653 186249 186282 206145 206178 207049 207082 236908 236941 254050 254083 258022 258055 261760 261793 263167 263200 274656 274689 323244 323277 334567 334600 348249 348282 373139 373172 391652 391685 429011 429044 463927 463960 465063 465096 470710 470743 471559 471592 477647 477680 497832 497865 531340 531373 551057 551090 564342 564375 586739 586772 603519 603552 613643 613676 643510 643543 671853 671886 672549 672582 675114 675147 684345 684378 
34 44
7248 7282 7428 7462 13947 13981 44911 44945 57916 57950 117048 117082 168016 168050 198914 198948 201831 201865 221215 221249 231653 231687 243016 243050 250846 250880 268120 268154 319148 319182 320420 320454 336415 336449 349066 349100 367129 367163 372348 372382 381227 381261 392237 392271 398409 398443 406610 406644 408134 408168 409808 409842 460155 460189 502238 502272 511932 511966 525623 525657 526766 526800 556366 556400 562559 562593 570547 570581 608625 608659 612859 612893 617520 617554 625766 625800 666721 666755 678107 678141 679256 679290 680746 680780 684942 684976 685158 685192 
35 23
14358 14393 19026 19061 28029 28064 50243 50278 76811 76846 82750 82785 101220 101255 162015 162050 172008 172043 197741 197776 208150 208185 219336 219371 262565 262600 265018 265053 269018 269053 293918 293953 426834 426869 431723 431758 548025 548060 575947 575982 623441 623476 654960 654995 696037 696072 
36 43
3764 3800 13152 13188 29449 29485 37740 37776 42959 42995 46861 46897 52956 52992 61755 61791 62750 62786 77652 77688 106520 106556 113741 113777 115337 115373 120935 120971 142317 142353 171407 171443 218746 218782 263264 263300 286911 286947 304964 305000 307007 307043 338114 338150 367058 367094 383851 383887 390615 390651 397317 397353 427011 427047 429346 429382 445751 445787 447924 447960 460232 460268 467532 467568 472137 472173 475438 475474 513513 513549 514147 514183 525957 525993 544664 544700 607124 607160 607814 607850 616617 616653 703643 703679 717039 717075 
37 30
9919 9956 16825 16862 17245 17282 28510 28547 35217 35254 38821 38858 93232 93269 100347 100384 110622 110659 115447 115484 232953 232990 235157 235194 280747 280784 339635 339672 363722 363759 366523 366560 382042 382079 398843 398880 419113 419150 427053 427090 517046 517083 530436 530473 554336 554373 567923 567960 578813 578850 584751 584788 635419 635456 650636 650673 682917 682954 706950 706987 
38 31
60116 60154 82334 82372 97250 97288 176651 176689 180409 180447 181419 181457 196562 196600 196804 196842 330619 330657 333352 333390 339549 339587 344725 344763 373738 373776 405257 405295 408943 408981 410212 410250 423162 423200 426036 426074 452610 452648 464138 464176 466433 466471 566047 566085 566814 566852 609137 609175 610612 610650 653848 653886 657114 657152 669919 669957 674819 674857 694312 694350 698451 698489 
39 23
5609 5648 9861 9900 109042 109081 184932 184971 198241 198280 218813 218852 236128 236167 256013 256052 292261 292300 295342 295381 344461 344500 462031 462070 494335 494374 498411 498450 509110 509149 524445 524484 540131 540170 562038 562077 591033 591072 651313 651352 659238 659277 699144 699183 713247 713286 
40 29
12425 12465 22019 22059 106127 106167 117311 117351 159860 159900 198332 198372 219647 219687 222011 222051 239133 239173 247119 247159 249349 249389 277715 277755 332422 332462 348205 348245 348745 348785 370351 370391 387344 387384 389248 389288 398628 398668 432828 432868 438133 438173 506908 506948 581226 581266 628414 628454 628937 628977 632037 632077 682822 682862 689518 689558 694428 694468 
41 25
33510 33551 54621 54662 150442 150483 169359 169400 180327 180368 200844 200885 209119 209160 218642 218683 244352 244393 245127 245168 259322 259363 331409 331450 393809 393850 474917 474958 502838 502879 527541 527582 559144 559185 608021 608062 608736 608777 613123 613164 617615 617656 618041 618082 648520 648561 664959 665000 690415 690456 
42 17
30339 30381 77158 77200 144727 144769 157311 157353 241345 241387 274545 274587 278115 278157 362520 362562 417425 417467 423715 423757 510110 510152 512538 512580 553347 553389 566245 566287 600458 600500 606823 606865 699910 699952 
43 19
14609 14652 26717 26760 62555 62598 76143 76186 88240 88283 113844 113887 119320 119363 354938 354981 393309 393352 397844 397887 530322 530365 536414 536457 573742 573785 627639 627682 647938 647981 655047 655090 661619 661662 692943 692986 711516 711559 
44 18
1748 1792 23149 23193 39626 39670 113452 113496 122925 122969 140915 140959 142737 142781 239222 239266 300107 300151 326949 326993 391849 391893 392056 392100 417243 417287 488052 488096 521050 521094 596656 596700 651742 651786 660611 660655 
45 7
9742 9787 179839 179884 196738 196783 315455 315500 333941 333986 376613 376658 452019 452064 
46 16
52623 52669 70545 70591 97043 97089 122828 122874 139343 139389 156524 156570 260630 260676 271426 271472 310735 310781 407154 407200 448933 448979 502625 502671 611813 611859 660541 660587 665206 665252 703223 703269 
47 12
53953 54000 134723 134770 174216 174263 190431 190478 311314 311361 321032 321079 366153 366200 418738 418785 441726 441773 548712 548759 620919 620966 661237 661284 
48 11
44152 44200 89137 89185 153931 153979 455519 455567 480530 480578 536110 536158 537347 537395 540952 541000 612637 612685 700721 700769 706340 706388 
49 6
2341 2390 333417 333466 508004 508053 570640 570689 583741 583790 621135 621184 
50 13
56950 57000 71716 71766 85016 85066 99511 99561 207342 207392 209211 209261 286215 286265 332525 332575 333507 333557 457928 457978 597719 597769 606020 606070 649832 649882 
51 5
49336 49387 88414 88465 197249 197300 584335 584386 618818 618869 
52 6
143339 143391 275737 275789 302913 302965 356213 356265 378519 378571 649543 649595 
53 6
107319 107372 203435 203488 276031 276084 464623 464676 517647 517700 620211 620264 
54 9
86732 86786 218317 218371 221529 221583 231046 231100 267617 267671 414611 414665 568726 568780 703531 703585 709311 709365 
55 3
161039 161094 229237 229292 408426 408481 
56 5
11713 11769 79211 79267 213521 213577 273318 273374 361436 361492 
57 1
168643 168700 
58 3
176915 176973 371227 371285 373924 373982 
59 3
133334 133393 278721 278780 303341 303400 
60 5
57619 57679 208608 208668 309940 310000 412140 412200 509423 509483 
61 2
89023 89084 575033 575094 
62 2
643412 643474 667410 667472 
63 1
588414 588477 
64 2
79616 79680 267122 267186 
65 1
499213 499278 
66 1
7709 7775 
67 1
185015 185082 
69 1
357414 357483 
70 1
613317 613387 
72 2
64111 64183 153220 153292 
73 2
344515 344588 520907 520980 
76 1
241811 241887 
79 1
415716 415795 
82 1
289618 289700 
84 1
66004 66088 
89 1
279507 279596 
