# z = 0
2 0 255 255 255 0 675 0 0 0 0 0 0 0 0 0 0 0 0 0 0 0 0 0 2279 0 0 0 0 2801 2462 1814 2 0
2 2 0 0 255 0 0 0 0 0 0 0 0 0 0 1483 0 0 0 0 0 0 0 0 0 0 0 0 0 2801 2462 1814 1814 0
2 2 0 0 0 579 0 0 0 0 0 0 0 1335 1161 1161 0 0 1773 1499 0 0 0 2199 1350 1350 0 0 0 2801 2462 1814 1814 0
2 0 0 0 0 0 682 0 892 892 780 780 0 0 0 0 0 0 1773 1499 0 0 1945 1350 1350 1350 0 2582 0 2699 2462 1814 1814 0
2 0 0 0 0 0 0 0 0 892 780 780 0 0 0 0 0 0 1773 0 0 0 0 1350 1350 0 0 0 0 2817 0 0 0 0
0 0 0 0 0 0 0 0 0 780 780 780 780 0 0 0 0 0 0 0 0 0 2107 1350 1350 0 2483 2593 0 0 2922 1814 1814 0
0 0 0 0 0 0 0 0 0 0 0 780 780 780 0 0 0 0 0 0 0 0 1945 1350 1350 0 2486 2597 0 0 0 1814 0 0
0 0 283 38 38 0 0 0 0 0 0 0 780 780 0 0 0 0 0 1350 1350 1350 0 1350 1350 0 2486 2597 2390 0 0 0 0 0
0 166 166 38 38 0 0 0 0 0 0 0 0 0 0 0 0 0 1350 0 0 0 0 0 0 0 2486 2390 0 2835 0 0 3052 0
37 172 38 38 38 38 0 0 0 0 0 1173 0 0 0 0 1350 0 1350 0 0 0 0 0 2307 0 0 0 0 0 2929 3053 0 0
0 40 0 38 38 38 0 0 917 917 807 0 0 0 0 0 0 1350 1350 0 0 0 0 2222 1814 1814 0 0 0 0 0 0 0 0
0 0 302 0 38 38 0 0 917 917 807 807 807 0 0 0 0 1350 1350 0 0 0 2133 1814 1814 1814 0 0 0 0 0 0 0 0
0 0 38 38 38 38 0 0 0 807 807 807 807 807 1434 0 0 0 0 0 0 0 0 1814 1814 0 0 0 0 0 0 0 0 0
0 0 38 38 38 38 0 0 931 807 807 807 807 807 807 807 0 0 0 0 0 0 0 0 1814 0 0 0 0 2850 2850 0 0 0
0 0 38 38 38 0 0 0 931 807 807 807 807 807 807 807 0 0 0 0 0 2041 0 2229 0 0 0 0 0 2850 2850 2629 2629 0
0 0 319 38 0 0 0 0 0 0 807 807 807 807 807 807 807 0 0 0 0 0 0 0 0 0 2506 0 0 0 0 2629 0 0
67 0 0 0 0 612 0 820 0 0 807 0 807 807 807 807 807 0 0 0 0 0 0 0 0 0 2506 2506 0 0 0 3076 0 0
67 0 0 0 0 0 708 0 0 0 0 0 0 807 807 0 0 0 0 0 0 0 2146 0 0 0 2506 2506 2506 2506 0 2866 2866 0
67 0 0 440 86 86 86 0 946 946 0 0 0 0 0 0 0 0 0 0 0 0 0 0 0 2408 0 0 2754 2506 2963 2866 2866 0
0 0 331 86 86 86 86 86 0 0 0 1193 1291 0 0 0 0 0 0 1900 0 0 0 0 2318 2411 2520 2643 0 0 0 2866 0 0
0 201 86 86 86 86 86 86 0 0 0 0 0 1374 0 0 0 0 0 0 0 0 0 0 0 2411 2322 2322 0 0 0 0 0 0
0 201 86 86 86 86 0 0 0 0 0 1200 1300 0 1445 0 1640 0 0 0 1978 0 0 0 2325 2322 2322 2322 0 0 0 0 0 0
86 86 86 86 86 86 0 0 0 0 0 0 0 0 0 0 0 0 1820 1307 1307 0 0 0 2322 2322 2322 0 0 0 0 3104 86 0
86 86 86 86 86 86 0 636 636 636 255 0 0 0 0 0 0 1732 1307 1307 1307 0 0 0 2322 2322 2322 0 0 0 0 0 3104 0
86 86 86 0 86 86 0 636 636 255 255 255 255 0 0 0 0 1307 1307 1307 1307 1307 0 0 0 2322 0 0 0 0 0 0 3104 0
0 0 86 86 86 0 0 0 636 255 255 255 255 0 0 0 0 0 0 0 0 0 0 0 0 0 0 0 0 0 0 0 0 0
0 0 0 464 0 0 0 636 0 255 255 0 0 0 0 0 0 0 0 0 0 0 0 0 2064 0 0 0 2779 2779 2434 0 0 0
100 0 357 0 0 651 255 636 636 255 0 0 0 0 0 0 0 0 0 0 1994 0 0 0 0 0 0 0 0 0 0 3126 0 0
0 0 361 0 255 0 255 0 0 0 1139 992 992 0 0 0 0 0 0 0 1994 1756 0 0 0 0 0 2669 2434 0 0 0 0 0
113 0 361 0 255 0 255 0 0 0 1139 992 992 992 0 0 0 0 0 1756 0 1756 1756 0 0 0 0 0 0 0 3003 3133 0 0
0 0 0 361 255 663 0 864 0 1078 992 992 992 992 1469 0 0 0 0 1756 1756 0 0 0 0 0 0 0 0 0 3008 3139 0 -1288205184
0 0 377 361 0 255 0 255 0 0 992 992 992 992 992 0 0 0 1756 0 1756 0 0 0 2361 2279 2279 0 0 0 0 0 0 9
0 0 255 255 255 255 0 255 0 0 1150 992 1322 0 0 0 0 1763 0 0 0 2091 0 2279 2279 2279 2279 0 0 0 0 0 3263 0
0 0 0 0 0 0 0 0 0 0 0 0 0 0 0 0 0 0 0 0 0 0 0 0 0 0 0 0 0 0 0 0 0 -1286354548

# z = 1
0 0 0 0 255 255 255 0 0 0 0 0 992 0 0 0 0 1671 1766 1766 0 0 0 0 0 0 2279 0 0 0 2699 1814 1814 0
2 0 0 386 0 574 0 0 0 0 0 0 0 1333 1161 1161 1161 0 0 1766 0 0 0 0 0 0 0 0 2694 0 2462 1814 1814 0
2 2 0 0 0 579 265 0 0 0 0 0 1250 1333 1161 1161 1161 0 1774 1499 1499 0 0 0 0 2372 0 0 2699 2699 2462 1814 1814 0
2 2 0 0 0 265 265 265 265 0 0 0 0 1161 1161 1161 0 1680 1773 1499 1499 0 0 0 0 0 2477 0 2704 0 2462 1814 1814 0
2 0 0 0 499 265 265 0 0 1016 0 0 0 0 0 0 0 1683 1499 1499 1499 0 0 2205 2298 0 0 0 0 0 0 0 3158 0
2 0 0 0 0 584 265 783 265 1017 0 0 780 0 0 1499 1603 0 1499 1499 1499 0 0 1350 2302 0 2483 0 0 0 0 0 1814 0
0 0 0 0 504 265 0 0 265 1022 0 0 0 0 0 0 1603 1499 1499 1499 0 0 0 1350 1350 2381 2486 2390 2715 2827 2927 1814 1814 0
25 0 0 0 0 0 0 0 0 0 0 0 0 0 0 0 1499 1499 1499 1499 1953 0 2116 2216 1350 0 2486 2602 0 0 2462 1814 1814 0
0 167 166 0 0 0 0 0 0 1028 0 0 0 1347 0 0 0 0 0 0 0 0 2122 0 0 0 2486 2605 2726 2611 0 0 0 0
38 167 38 0 38 0 0 0 0 0 0 0 0 0 0 0 1621 0 0 0 0 0 0 0 0 2390 2390 2611 2611 2611 2930 0 0 0
38 38 38 38 38 38 0 0 0 0 0 0 0 1352 1428 0 0 0 1796 0 0 0 2131 2223 1814 2393 2497 2616 2733 2842 0 3057 38 0
46 38 38 38 38 38 38 0 922 0 807 807 0 1355 0 1523 0 0 0 0 1960 2036 2131 1814 1814 1814 0 0 2735 0 0 0 3178 0
0 38 38 38 38 38 38 0 926 807 807 807 807 807 807 807 0 0 0 0 0 2038 1814 1814 1814 1814 1814 0 0 2847 2942 0 0 0
0 38 38 38 38 38 38 0 0 0 807 807 807 807 807 807 807 0 0 0 1962 1814 1814 1814 0 0 0 0 0 2850 0 0 0 0
0 38 38 38 38 38 38 0 934 0 0 807 807 807 807 807 807 0 0 0 1962 1814 1814 1814 1814 0 0 0 0 0 0 0 0 0
0 38 38 38 0 38 704 814 0 0 0 0 0 807 807 807 807 0 0 0 1962 1814 1814 1814 0 2400 0 2634 2506 2506 0 3071 0 0
0 38 38 38 0 0 0 0 940 635 0 0 807 807 807 807 807 0 0 1896 1893 1814 1814 2232 0 0 2506 2506 2506 2506 2506 0 0 0
0 0 0 38 38 0 0 0 0 0 0 0 0 0 0 0 0 1714 1811 1898 1893 1814 1814 0 0 0 2506 2506 2506 2506 0 0 3207 0
0 0 329 441 86 86 0 0 0 0 0 0 0 0 0 0 0 0 0 1898 1893 1814 0 2236 0 0 0 2506 2506 2506 0 0 0 0
0 0 38 86 86 86 0 0 0 1047 0 0 1292 255 255 1541 255 255 0 0 0 0 0 0 0 2412 0 0 0 0 0 0 0 0
0 201 86 86 86 86 0 0 0 0 0 0 1292 255 255 255 255 255 0 1902 1973 1307 0 0 2322 2322 2322 2322 2322 0 0 0 0 0
0 201 86 86 86 86 86 0 0 0 0 0 1292 255 255 255 255 1723 0 0 1973 1307 0 2238 2322 2322 2322 2322 2766 0 2974 0 3222 0
86 207 86 86 86 86 86 86 962 0 1123 255 255 255 255 255 255 1730 0 1307 1307 1307 1307 2238 2322 2322 2322 2322 2322 2879 2322 0 3104 0
86 86 86 0 86 86 0 0 962 255 255 255 255 255 255 255 255 0 1820 1307 1307 1307 1307 1307 0 0 0 0 2322 2322 2322 0 0 0
0 223 350 0 86 86 0 0 962 255 255 255 255 255 255 255 255 1735 0 0 1307 1307 1307 0 0 2428 0 0 0 0 0 0 0 0
0 0 0 0 0 0 0 850 0 255 255 255 255 255 0 0 0 0 1824 1456 1307 1307 1307 0 0 2432 2543 2659 2776 2776 0 0 0 0
0 0 0 465 551 0 744 0 0 255 255 255 255 255 0 0 1655 1456 1456 1456 1307 0 0 0 2337 2437 0 2659 0 2776 2434 3123 0 0
0 0 358 0 551 551 255 0 0 255 255 255 0 0 0 0 1456 1456 1456 1456 1995 0 0 0 0 0 2552 2434 2434 0 2434 0 0 0
0 0 0 469 469 255 255 255 0 1072 0 1219 0 0 0 0 1456 0 1456 0 0 0 0 0 0 0 0 2434 2434 2896 0 0 0 0
114 0 0 475 255 255 255 0 0 1074 1139 992 992 992 0 0 1456 1456 1456 0 0 0 0 0 2349 2450 0 2675 0 0 0 3134 3004 0
0 0 373 0 255 255 255 255 0 0 1078 992 992 992 0 0 1456 0 0 0 0 0 0 2270 0 2450 0 0 2794 0 3008 3134 3004 32648
124 0 373 0 255 0 255 255 0 0 0 992 992 992 0 0 0 0 0 1928 0 2085 0 0 2362 2279 2279 2279 0 0 0 0 0 0
2 0 373 0 255 255 255 0 0 0 0 0 992 0 0 0 0 0 1766 1766 0 0 0 0 0 2279 2279 2279 0 0 1814 1814 1814 0
0 0 0 0 0 0 0 0 0 0 0 0 0 0 0 0 0 0 0 0 0 0 0 0 0 0 0 0 0 0 0 0 0 32648

# z = 2
0 0 0 255 0 0 0 0 0 1003 0 0 0 0 1407 0 0 0 1767 1766 0 0 0 0 0 0 0 0 0 0 2699 0 0 0
0 0 0 0 0 575 0 770 265 0 0 0 1248 0 1161 1161 1161 0 0 0 1939 2019 0 2196 2096 2369 0 0 0 2805 2462 1814 1814 0
2 142 0 0 494 265 265 265 0 0 0 0 1248 1161 1161 1161 1161 0 0 0 1939 1499 2099 0 0 2373 0 0 2699 0 2462 0 0 0
2 0 0 0 494 265 265 265 265 265 0 0 1248 1161 1161 1161 1161 0 1773 1499 1499 1499 0 0 0 0 2477 0 0 2813 2462 1814 1814 0
2 0 0 0 265 265 265 265 265 265 0 0 0 1161 1161 0 0 1683 1499 1499 1499 1499 0 0 2299 1509 0 2588 0 2818 2462 1814 1814 0
2 2 0 398 265 265 265 265 265 265 1102 0 0 0 0 1499 1604 1499 1499 1499 0 1499 0 1350 2303 1509 0 0 0 0 2462 1814 1814 0
2 2 274 265 265 265 265 265 265 265 1104 1165 0 0 0 1499 1499 1499 1499 1499 1499 0 0 1350 0 0 0 2390 0 0 2462 1814 1814 0
2 0 0 0 0 0 0 789 0 265 265 265 265 0 0 1506 0 1688 1499 1499 0 0 2117 0 1350 0 2486 2390 2721 0 0 0 1814 0
2 0 0 0 0 587 0 0 913 265 265 265 0 0 0 0 1615 0 1791 0 0 0 0 0 0 0 2486 2390 0 0 0 3049 1814 0
39 167 38 411 38 0 691 0 0 0 0 1174 0 0 0 0 1426 1426 1426 1426 0 0 0 0 0 2391 0 0 0 2839 2931 0 3178 0
38 38 38 38 38 0 694 0 0 1032 0 1175 0 0 1429 1429 1426 1426 1797 1426 1426 0 0 2223 0 0 0 0 0 2836 2931 0 3178 0
38 38 38 38 38 38 38 0 0 0 0 0 1270 807 807 807 1426 1426 1426 1426 0 0 2131 1814 1814 0 0 0 0 1814 0 0 3178 0
0 38 38 38 38 38 38 0 0 0 807 0 807 807 807 807 1426 1704 0 0 0 2038 1814 1814 1814 1814 0 0 0 0 0 0 0 0
0 38 38 38 38 38 38 0 0 0 1115 0 807 807 807 807 0 0 0 0 0 0 1814 2226 0 1814 0 0 0 0 0 0 0 0
0 38 38 38 38 38 38 0 0 0 0 0 807 807 807 807 0 1706 0 0 0 1814 1814 1814 1814 1814 0 0 2742 2855 0 0 3200 0
0 38 38 38 38 0 705 0 936 936 0 0 807 807 807 0 0 0 0 0 1962 1814 1814 1814 1814 0 0 2634 2506 2506 0 0 0 0
0 38 38 38 38 38 0 821 706 635 635 0 0 0 1439 0 0 0 0 1896 1893 1814 1814 1814 1814 0 0 2506 2506 2506 2506 0 0 0
0 38 0 38 0 0 0 815 706 0 0 0 0 0 0 0 0 0 0 1898 1893 1814 1814 1814 0 2405 2506 2506 2506 2506 2957 0 0 0
74 62 38 0 0 0 0 825 706 0 0 0 0 0 0 0 0 0 0 1898 1893 1814 0 0 0 2409 0 2506 2506 2506 2964 3088 3211 0
62 62 38 445 0 86 0 828 706 0 0 0 0 255 255 255 255 255 0 0 0 0 0 0 0 0 2521 0 2759 0 0 0 2639 0
62 62 86 86 86 86 0 0 953 0 0 0 1292 255 255 255 255 255 1817 1902 1974 1974 0 0 0 0 0 0 0 0 0 3097 2639 0
0 0 86 86 86 86 0 0 0 0 0 1201 1292 255 255 255 255 255 0 0 1973 1307 1307 0 0 2419 2322 2322 2322 0 2975 0 0 0
0 208 0 86 540 0 0 0 962 255 0 255 255 255 255 255 255 255 0 1905 1307 1307 1307 2241 0 2322 2322 2322 2322 2322 2322 0 0 0
0 0 86 0 0 0 0 0 962 255 255 255 255 255 255 255 255 0 0 1307 1307 1307 1307 1307 0 0 0 2655 2322 2322 2322 0 3230 0
0 0 0 0 0 0 730 847 962 255 255 255 255 255 255 255 255 0 1822 0 1307 1307 0 1307 0 0 0 0 0 0 2322 2322 0 0
0 0 352 38 38 0 0 0 962 255 255 255 255 255 255 0 0 1739 1456 1456 0 1307 1307 0 0 2433 2544 0 0 0 0 3117 0 0
0 229 0 38 38 0 0 854 255 255 255 255 255 255 0 1556 1456 1456 1456 1456 1456 0 0 0 0 2433 0 2659 2434 2434 0 0 3238 0
0 0 0 0 0 551 255 255 255 255 255 255 0 0 0 1556 1456 1456 0 1456 0 2068 0 0 0 0 2552 2434 2434 0 2434 2434 0 0
0 237 362 0 469 255 255 255 255 255 0 0 0 0 0 1564 1456 1456 1456 0 0 2073 0 0 0 2444 0 0 2434 2896 2434 0 0 0
0 0 0 475 0 255 255 255 0 0 0 0 992 992 0 0 1456 0 1837 0 2000 2000 1746 0 2350 0 0 0 0 0 3004 0 0 0
0 0 373 255 0 255 255 0 0 0 0 992 992 992 992 0 1456 1753 0 0 0 1746 0 0 2358 2358 2279 2679 2679 0 3004 3004 3004 144
0 0 0 255 0 255 0 869 869 0 0 0 992 992 0 0 1665 0 1844 1844 2008 1746 2185 0 2358 0 2279 2279 2279 2279 0 0 0 7
0 0 0 255 255 0 0 873 0 1085 1151 1233 0 0 0 0 0 0 1767 1766 2012 0 2190 0 2358 0 0 2279 2279 0 1814 1814 0 124
0 0 0 0 0 0 0 0 0 0 0 0 0 0 0 0 0 0 0 0 0 0 0 0 0 0 0 0 0 0 0 0 0 2122694504

# z = 3
3 135 0 0 0 0 0 0 878 0 0 0 0 1329 1329 0 0 0 0 0 0 0 0 0 0 0 0 0 0 0 0 0 0 0
0 4 259 0 0 576 265 0 265 1005 0 1158 1248 1161 1161 1161 0 0 1770 0 0 2019 2096 2096 2096 0 0 0 0 2805 0 0 0 0
2 0 0 0 494 265 265 265 265 265 265 0 1248 1161 1161 1161 1161 0 0 0 0 0 2096 2096 0 2373 0 0 2700 0 0 3027 1814 0
2 145 0 393 265 265 265 0 265 265 0 0 1248 1161 1161 1161 0 0 1778 1499 0 0 0 0 2293 2370 0 0 0 0 0 1814 1814 0
2 0 265 265 265 265 265 265 265 265 0 1162 0 1161 0 0 0 0 0 1499 0 1499 0 0 2299 1509 1509 1509 0 0 2462 1814 1814 0
2 0 0 265 265 265 265 265 265 265 1102 265 1256 0 0 0 0 1684 1499 1499 1499 1499 0 0 1509 1509 0 0 0 0 2462 1814 1814 0
2 0 0 0 505 265 265 265 265 265 265 265 0 0 0 1504 0 1499 1499 1499 1499 1499 0 0 0 1509 0 0 0 0 2462 1814 1814 0
2 2 0 0 265 265 265 265 265 265 265 265 0 1343 0 0 1612 0 1499 0 0 0 2118 0 0 0 0 0 0 0 2462 1814 1814 0
0 168 0 0 0 0 265 265 265 265 265 265 0 0 0 1511 1426 1691 0 1877 0 0 2123 0 0 0 0 0 0 0 2462 1814 1814 0
40 40 38 38 0 0 0 796 265 265 265 265 265 0 0 1505 1426 1426 1426 0 0 0 0 0 0 0 0 0 0 2839 2462 0 0 0
0 38 38 38 38 38 0 0 0 0 265 265 0 0 1429 1426 1426 1426 0 1426 1426 0 0 2224 2308 0 2498 2498 1814 1814 0 0 0 0
38 38 38 38 38 38 38 0 0 0 0 0 1271 0 0 0 1426 1426 1426 1426 0 0 0 1814 1814 1814 2498 1814 1814 1814 0 0 0 0
0 38 38 38 38 38 38 0 0 0 0 0 0 0 0 0 0 1426 1426 0 0 0 1814 1814 1814 1814 0 0 1814 0 0 0 0 0
56 38 38 38 38 38 38 0 932 0 0 0 0 0 0 0 1625 255 0 0 0 2039 1814 1814 1814 0 0 0 0 0 0 0 0 0
61 38 38 38 38 0 38 0 932 0 0 0 0 0 0 0 1628 0 0 1893 1893 1814 1814 1814 0 1814 0 2630 2506 2506 0 0 0 0
48 38 38 38 38 38 0 815 706 635 635 0 0 807 807 0 0 1708 0 0 1893 1814 1814 1814 1814 1814 0 2630 2506 0 0 0 3203 0
38 38 0 0 38 0 0 815 706 635 635 0 0 0 0 0 0 1710 0 0 1893 1814 1814 1814 1814 0 2511 2506 2506 0 0 0 3205 0
71 195 0 0 0 0 0 815 706 635 635 0 0 0 0 0 0 1710 0 1898 1893 1814 1814 1814 0 0 2506 2506 2506 2506 2958 2639 2639 0
62 62 0 0 0 0 713 706 706 635 635 0 1287 0 0 1539 255 255 0 0 1893 1814 1814 0 0 0 2506 2506 0 0 2958 2639 2639 0
62 62 38 0 0 623 0 706 706 635 0 0 0 255 255 255 255 1719 255 0 0 0 0 0 0 0 2521 0 0 0 2958 2639 2639 0
62 62 338 338 86 0 0 830 0 0 0 0 1292 255 255 255 255 255 0 0 0 0 0 0 0 0 0 0 0 0 0 2639 2639 0
0 0 0 0 0 0 0 0 0 0 0 0 1292 255 255 255 255 255 0 0 0 1307 1307 1307 0 0 0 0 0 2875 2976 0 0 0
0 0 0 86 0 0 0 0 0 0 0 0 255 255 255 255 255 0 0 1905 1307 0 1307 1307 1307 1307 2534 2322 2322 2322 2322 2322 0 0
0 0 0 0 542 0 0 0 0 255 0 255 255 255 255 255 0 0 0 1907 1307 1307 1307 1307 1307 0 0 0 2322 2322 2322 0 0 0
0 224 0 456 38 0 0 0 969 255 255 255 255 255 255 0 0 0 0 1907 1307 1307 1307 1307 1307 0 0 2657 2322 2322 2322 2322 2322 0
0 227 227 38 38 0 0 0 962 255 255 255 255 255 1452 0 1648 1456 1456 0 0 0 0 0 0 0 0 2660 2434 0 2322 2322 0 0
0 230 0 0 0 0 0 854 255 255 255 255 255 1388 0 0 1456 1456 1456 1456 0 0 2167 2252 0 0 0 2659 2434 0 0 2322 0 0
0 230 38 0 0 551 255 0 255 255 255 255 0 0 0 1556 1456 1456 0 0 0 2069 0 0 0 2440 2552 2434 2434 2434 2434 0 0 0
0 230 38 38 0 0 255 255 0 0 0 255 0 0 0 1456 1456 1456 0 0 1998 1746 0 0 0 0 0 2670 2434 0 2434 0 0 0
0 239 368 0 0 660 255 0 0 0 0 0 992 0 0 1456 1456 1456 0 1923 1746 1746 0 2265 2351 0 2562 0 2790 2901 0 3135 0 0
0 243 0 0 565 255 255 0 0 0 0 1227 0 0 0 1456 1456 1456 1840 1923 1746 0 2180 0 0 2358 2279 2279 2279 0 0 0 0 0
0 243 0 0 565 255 0 0 0 0 0 1230 1319 0 0 1456 1456 1456 0 0 1746 0 1746 1746 2358 2279 2279 2279 2279 0 0 0 0 0
0 4 0 0 0 0 0 0 0 1086 1152 0 1319 1399 0 0 0 0 0 0 0 0 0 0 0 0 0 2279 0 0 0 0 0 119
0 0 0 0 0 0 0 0 0 0 0 0 0 0 0 0 0 0 0 0 0 0 0 0 0 0 0 0 0 0 0 0 0 21984

# z = 4
4 4 4 0 0 0 0 0 0 1004 0 0 0 1329 1329 1329 1161 1161 1161 0 0 0 0 0 0 0 0 0 0 0 0 0 0 0
0 4 0 0 0 0 265 0 0 1004 0 0 1248 1161 1161 0 0 0 0 0 0 0 2096 2096 0 2370 0 0 0 0 0 0 3155 0
0 4 0 0 0 265 265 265 265 265 265 0 1248 0 1161 1161 1161 0 0 0 0 0 0 0 0 2370 0 0 2701 0 0 3027 0 0
0 0 0 0 265 265 265 265 265 265 1099 1161 1161 1161 1161 1161 0 1681 0 0 0 0 0 2202 2294 1509 1509 0 0 0 2914 0 0 0
0 0 0 0 265 265 265 265 265 265 265 265 1161 1161 1161 1161 1601 0 1781 1499 0 0 2105 2206 1509 1509 1509 1509 1509 0 0 0 3159 0
0 0 0 0 265 265 265 265 0 265 265 265 1257 0 0 0 0 0 0 1499 1499 1499 0 0 1509 1509 1509 0 0 0 0 0 0 0
2 0 0 0 265 265 0 265 265 265 265 265 265 0 0 0 0 1499 1499 1499 1499 1499 2111 0 0 0 0 0 0 2828 2462 1814 1814 0
2 0 284 0 0 0 0 0 911 265 265 265 265 0 1423 1507 0 0 0 0 0 0 2119 0 0 0 0 0 0 0 2462 1814 1814 0
0 0 0 0 0 0 0 265 265 265 265 265 265 265 0 1511 1426 0 0 0 0 0 0 0 0 0 0 0 0 2836 2462 1814 1814 0
0 40 38 0 0 0 692 265 265 265 265 265 265 0 0 1505 1426 1426 1426 1426 1426 0 0 0 0 0 0 2612 0 2836 1814 0 0 0
0 38 38 38 0 0 695 695 265 265 265 0 265 0 1429 1426 1426 1426 0 1426 1426 1426 0 0 2308 1814 2499 1814 1814 0 0 0 0 0
0 38 38 38 38 38 0 0 0 265 265 265 0 0 0 0 0 1426 1426 1426 1426 0 0 1814 1814 1814 1814 1814 0 0 2939 0 0 0
0 38 0 38 38 38 0 0 0 0 0 0 0 0 0 1527 0 0 1426 1426 0 0 1814 1814 1814 1814 0 0 0 0 0 0 0 0
57 38 38 38 38 38 0 0 0 0 0 0 0 0 0 1530 1435 255 0 0 0 2039 1814 1814 1814 1814 0 0 0 0 0 0 0 0
48 38 38 38 38 38 0 811 0 0 0 1185 1282 0 0 0 1435 255 1806 0 1893 1814 1814 0 0 1814 0 2630 2506 2506 0 0 38 0
0 0 38 38 38 38 0 0 706 0 0 1190 1118 0 0 0 1435 255 0 0 1893 1814 1814 1814 1814 1814 0 2630 2506 0 0 3072 3072 0
0 0 0 433 0 0 0 815 706 635 0 1118 1118 1366 0 0 1435 255 0 0 1893 1814 1814 1814 1814 1814 0 2506 2506 0 0 3077 2639 0
71 195 0 0 0 616 709 709 706 635 0 0 0 0 0 1536 255 255 0 0 1893 1814 1814 1814 0 0 2506 2506 2506 0 0 2639 2639 0
62 62 0 0 0 616 709 706 706 635 635 0 0 0 0 1536 255 255 0 0 1893 1814 1814 0 0 2410 2506 2506 0 0 0 2639 2639 0
62 62 38 38 0 0 0 706 706 635 635 0 0 0 255 1542 255 255 255 0 0 1814 0 0 0 0 2506 0 0 0 2958 2639 2639 0
62 62 38 38 0 0 0 706 706 0 0 0 0 255 255 255 255 255 255 0 0 0 0 0 0 0 0 0 0 0 2639 2639 2639 0
0 62 0 38 0 0 0 0 0 0 0 0 0 255 255 255 255 255 1818 0 1979 1307 1307 1307 0 0 0 0 0 2876 2322 0 0 0
0 0 340 451 38 0 0 837 0 0 0 0 0 255 255 0 1644 0 0 1905 1981 1307 1307 1307 1307 0 0 0 2322 2322 2322 0 0 0
0 213 38 38 0 0 725 0 0 0 0 0 0 255 255 0 0 0 0 0 1307 1307 1307 1307 1307 0 0 0 2322 2322 2322 2322 0 0
0 0 38 38 38 0 0 0 0 0 0 0 1309 255 0 0 0 0 0 0 0 0 1307 1307 0 2429 0 0 0 2322 2322 2322 0 0
0 0 38 38 0 0 0 0 0 255 255 255 255 255 0 1552 1456 1456 1456 0 0 2060 2060 0 0 0 0 0 0 0 2322 2322 3234 0
0 230 38 38 38 0 0 0 0 0 255 255 0 0 1456 1456 1456 1456 1456 0 0 0 0 0 0 0 2548 2659 2434 0 0 0 3239 0
0 230 38 38 38 38 0 856 0 0 0 255 0 0 0 1456 1456 1456 1456 0 0 2069 0 0 0 2440 2440 2434 2434 0 0 0 0 0
0 0 0 0 38 38 0 0 0 0 0 1220 0 0 0 1456 1456 1456 0 1918 1998 0 2174 2259 0 2445 2434 0 2787 0 0 0 0 0
0 0 0 0 0 0 0 0 0 1075 976 1224 0 0 0 1456 1456 1456 0 0 1746 0 1746 0 0 0 0 0 0 0 0 0 0 0
119 0 374 0 566 255 0 0 0 976 976 976 0 0 0 1456 1456 0 0 1923 1746 2078 1746 0 0 0 2279 2279 2279 2279 0 0 0 96
125 247 0 0 565 255 0 0 0 0 0 0 1320 0 0 0 0 0 1845 1845 0 0 1746 0 0 2279 2279 2279 2279 2279 3010 0 125 -1289738019
0 243 4 0 0 0 0 0 0 0 1153 1234 0 0 0 1161 1161 0 1852 0 0 0 0 0 0 0 0 2279 2279 0 3018 0 0 110
0 0 0 0 0 0 0 0 0 0 0 0 0 0 0 0 0 0 0 0 0 0 0 0 0 0 0 0 0 0 0 0 0 1731145339

# z = 5
4 4 4 4 0 0 0 0 0 0 0 0 0 1329 1329 1329 1161 1161 1161 0 0 0 0 0 0 2367 0 0 0 0 0 0 0 0
4 4 4 0 0 0 0 771 771 265 0 0 1248 1161 1161 1161 1161 1161 0 1859 0 0 0 0 0 0 0 0 0 0 0 0 0 0
4 4 0 0 0 0 265 265 265 265 0 0 1248 1161 1161 1161 1591 0 0 0 0 0 0 2200 2290 1509 0 0 0 2809 0 0 0 0
0 0 0 0 0 0 265 265 265 265 265 0 1161 1161 0 1161 1161 0 0 0 0 0 0 2203 1509 1509 1509 1509 0 0 0 0 0 0
0 0 0 0 0 0 265 265 265 265 265 265 0 0 0 0 0 0 0 0 0 0 2106 1509 1509 1509 1509 1509 0 0 0 3033 0 0
0 154 154 0 0 0 265 0 900 265 265 265 265 0 0 0 0 0 0 0 0 0 0 2208 1509 1509 1509 1509 0 0 0 0 3162 0
0 156 275 0 0 0 0 0 908 265 265 265 265 0 0 0 0 0 0 0 0 0 0 0 0 1509 1509 0 0 0 0 0 0 0
2 0 0 0 0 585 0 0 897 265 265 265 265 265 0 1508 0 0 0 0 0 0 0 0 0 0 0 0 0 0 0 0 0 0
0 0 0 406 0 0 0 0 265 265 265 265 265 265 0 1511 1426 1692 0 0 0 0 2124 2026 0 0 0 0 0 2836 1814 0 0 0
0 0 0 0 0 593 0 0 265 265 265 265 265 0 1426 1426 1426 1426 1426 0 0 0 0 2026 1814 0 0 0 0 0 1814 0 0 0
0 0 0 414 0 0 0 0 265 265 265 265 0 0 1429 1426 1426 1426 0 1426 1426 0 0 2026 1814 1814 2499 0 0 0 0 3058 3182 0
0 181 38 38 38 0 0 0 265 265 265 265 0 0 1429 0 0 1426 1426 1426 0 2037 0 1814 1814 1814 1814 2620 0 0 0 3058 3184 0
48 38 38 38 38 599 0 0 265 265 265 0 0 0 0 1527 0 0 1426 1885 0 0 0 1814 1814 1814 1814 0 0 0 2943 3062 0 0
48 38 38 38 38 38 0 0 0 0 0 0 0 0 1436 1435 1435 255 0 0 0 2040 1814 1814 1814 1814 0 0 0 0 0 0 0 0
62 38 38 38 38 38 0 0 0 0 0 0 0 0 0 1435 1435 255 0 0 0 1814 1814 1814 1814 1814 0 2631 0 0 0 0 3202 0
62 62 38 38 38 38 0 816 706 0 0 1190 1118 0 0 1533 1435 255 0 0 0 1814 1814 1814 1814 1814 0 2630 2745 0 2953 3073 38 0
62 62 321 38 38 38 0 815 706 635 0 1118 1118 0 0 1535 1435 255 0 0 1893 1814 1814 1814 1814 0 0 2506 0 0 2956 2639 2639 0
62 62 0 0 531 617 709 709 706 635 0 1118 0 1368 0 0 255 0 0 0 1893 1814 1814 1814 1814 0 2514 2506 0 2865 2639 2639 2639 0
62 62 38 442 0 533 0 706 706 635 635 1192 0 0 0 1536 255 0 0 0 1893 0 0 1814 2317 0 2516 0 0 2867 2639 2639 2639 0
62 62 38 0 0 533 533 706 706 635 0 0 1293 0 255 255 255 0 0 1901 1814 1814 2150 0 0 0 0 0 0 2869 2639 2639 2639 0
62 62 38 38 0 0 0 706 0 0 0 0 0 255 255 255 255 1720 0 0 1975 0 0 2237 0 0 0 0 0 0 2639 2639 2639 0
62 62 38 38 0 0 0 833 0 0 0 0 0 255 255 0 0 1724 0 0 0 2052 2155 0 0 0 0 0 0 0 0 2639 0 0
0 62 38 38 38 0 0 635 635 0 0 0 0 255 0 0 1645 1456 1456 0 1982 1307 1307 1307 1307 0 0 0 2322 2322 0 0 0 0
0 213 38 38 38 634 0 0 0 0 0 0 1303 255 0 0 0 1456 0 1908 1307 1307 1307 1307 1307 0 0 0 2322 2322 2322 2322 2322 0
0 62 0 0 38 38 0 0 0 0 0 0 0 1384 0 0 0 0 0 0 1985 0 1307 1307 0 0 0 2658 0 2322 2322 2322 0 0
0 62 38 38 38 38 0 0 0 0 255 0 0 0 0 0 1456 0 1825 0 0 0 1307 0 0 2434 0 0 0 0 2322 2322 2322 0
0 0 38 38 38 38 0 0 0 0 255 255 0 0 1456 1456 1456 1456 1456 0 0 0 0 0 0 2434 2434 0 2434 0 0 0 0 0
0 230 38 0 0 38 0 0 0 1069 0 0 0 0 0 1456 1456 1456 1456 1915 0 0 0 0 0 2434 2434 2434 2434 0 0 0 0 0
108 230 0 0 38 655 0 0 986 976 976 976 0 0 0 1456 1456 1456 1832 1915 1746 1746 1746 0 2343 2445 2556 2434 2787 0 0 0 0 0
115 97 38 0 0 0 0 859 989 976 976 976 0 0 1464 1456 1456 1456 0 1924 1746 1746 1746 1746 2343 2343 0 2676 0 0 0 0 0 0
97 97 0 0 0 664 0 0 976 976 976 976 0 0 0 1571 1662 1456 0 0 2003 1746 1746 1746 0 2453 2279 2279 2279 0 0 0 0 0
0 0 0 0 0 0 0 0 976 976 976 976 0 0 0 1576 0 1759 1846 0 0 1746 0 0 0 2279 2279 2279 2279 0 3011 0 3258 32648
0 0 0 0 0 0 0 874 0 976 0 0 0 0 0 1579 1161 1161 1846 0 0 0 0 0 0 0 0 2279 2279 2279 3019 0 3264 91
0 0 0 0 0 0 0 0 0 0 0 0 0 0 0 0 0 0 0 0 0 0 0 0 0 0 0 0 0 0 0 0 0 21984

# z = 6
4 4 4 0 0 0 0 0 0 0 0 0 0 0 1329 1329 1161 1161 1161 0 0 0 0 0 0 0 0 0 0 0 0 0 4 0
4 4 4 0 0 0 0 0 0 0 0 0 0 1334 0 1161 1161 1161 0 0 1940 0 2097 0 0 0 0 2578 0 0 0 3026 4 0
0 0 0 0 0 0 0 0 0 265 1095 0 0 0 1161 1487 1487 0 0 0 0 0 1509 1509 1509 1509 1509 1509 0 0 0 0 0 0
0 0 0 394 497 0 0 265 265 265 0 0 1252 0 0 0 0 0 0 0 0 2022 1509 1509 1509 1509 1509 1509 0 0 2915 0 0 0
0 0 0 0 150 0 0 265 265 265 1101 0 0 0 0 0 0 0 0 1871 1509 1509 1509 1509 1509 1509 1509 1509 1509 0 2919 0 3160 0
0 154 0 399 150 0 0 0 0 1018 265 265 265 1342 0 0 0 0 0 0 1509 0 0 1509 1509 1509 1509 0 0 0 2919 2709 2709 0
0 154 150 0 0 0 0 0 908 265 265 265 265 265 0 1505 0 0 0 0 0 0 0 0 0 0 1509 2598 0 0 2709 3043 0 0
0 154 285 0 0 585 0 0 897 265 265 265 265 0 0 1505 1426 1426 0 0 0 2026 2026 2026 1814 0 0 0 0 0 0 3045 0 0
0 0 290 0 0 588 0 791 265 265 265 265 265 0 0 1505 1426 1426 1792 1878 0 0 2026 2026 1814 2386 0 0 0 0 0 0 0 0
0 0 0 0 0 0 0 0 265 265 265 265 265 0 1426 1426 1426 1426 1694 1694 0 0 2129 2026 1814 1814 1814 0 0 0 0 0 0 0
0 0 0 0 0 0 0 0 265 265 265 265 265 0 0 1426 0 0 0 0 0 0 2129 2026 1814 1814 0 0 0 0 0 0 0 0
0 0 0 0 0 0 0 0 265 265 265 0 0 0 0 0 0 0 0 0 0 0 0 0 1814 0 0 0 0 2844 0 0 3185 0
0 0 38 0 0 0 0 803 265 265 0 0 0 0 1435 1435 1435 255 0 0 0 0 0 0 1814 0 0 0 0 2843 2395 2395 2395 0
0 0 38 38 38 38 0 0 0 0 0 0 1278 0 0 1435 1435 255 0 0 0 0 0 0 1814 1814 0 0 0 2851 2395 3068 0 0
62 38 38 38 38 38 0 0 0 0 0 1186 1278 0 0 1435 1435 255 255 0 0 0 1814 1814 1814 1814 2505 0 0 0 2950 0 0 0
62 62 38 38 38 38 0 816 706 0 1118 1118 1118 1118 0 1435 1435 255 255 0 0 1814 1814 1814 1814 0 0 0 0 0 2954 2639 2639 0
62 62 0 38 38 613 0 815 706 0 1118 1118 1118 1118 1440 0 1435 255 255 0 0 1814 1814 1814 0 0 0 0 0 2863 2639 2639 2639 0
62 62 38 38 532 617 710 709 706 0 0 1118 1118 0 0 0 255 0 0 0 0 0 0 0 0 0 0 0 0 2639 2639 2639 2639 0
62 62 38 0 0 533 0 706 706 0 0 1118 1118 0 0 1536 0 0 0 0 1964 1899 1899 0 0 0 0 0 0 2639 0 2639 2639 0
62 62 38 0 0 533 0 706 706 635 0 0 0 0 0 0 0 0 1814 1814 1814 1899 1899 0 2319 0 0 0 0 2639 2639 2639 2639 0
62 62 38 38 0 0 0 706 706 635 635 0 0 0 0 0 0 1721 0 1903 1814 1814 0 0 0 0 0 0 0 0 2639 2639 2639 0
62 62 38 38 0 0 719 635 635 635 635 635 0 1378 0 0 1641 1456 1819 0 0 0 0 2239 0 0 0 0 0 2877 0 0 0 0
0 62 38 0 0 0 719 635 635 635 0 0 0 255 255 0 1639 1456 1456 0 0 0 1307 1307 0 0 0 0 2770 0 2978 2322 3228 0
0 62 38 38 0 0 719 0 635 635 0 0 1303 255 0 0 1639 1456 1456 0 1307 2055 1307 1307 1307 0 2537 0 0 0 2322 2322 0 0
0 62 38 38 38 38 0 0 970 0 0 0 0 0 0 0 0 1736 0 0 0 0 1307 1307 0 2430 2540 0 0 0 2322 2322 0 0
0 62 38 38 38 38 0 0 0 0 0 0 0 0 0 1553 1456 1456 0 0 0 0 0 0 0 0 2545 0 0 0 2322 0 3235 0
0 0 38 38 38 0 0 0 0 0 0 0 0 0 1456 1456 1456 1456 0 0 0 0 0 0 0 2434 2434 0 0 0 2990 2559 0 0
105 0 0 0 38 0 747 0 0 1070 976 0 0 0 0 1456 0 1456 0 1915 1746 2070 0 2255 0 2434 2434 2434 0 0 0 2559 4 0
0 0 363 0 560 0 0 0 986 976 976 976 0 1393 0 0 0 1456 0 1915 1746 1746 1746 2260 0 2434 0 0 0 2897 0 0 0 0
115 97 38 0 562 562 0 0 976 976 976 976 0 0 0 0 0 0 0 1746 1746 1746 1746 2260 2352 0 0 2676 0 0 0 3136 0 0
97 97 38 0 562 562 562 0 976 976 976 976 0 0 0 0 0 0 0 1746 1746 1746 1746 1746 0 0 0 0 0 0 0 0 0 -1289747002
0 0 0 0 0 562 0 0 976 976 976 1231 0 0 0 0 0 1759 0 0 0 1746 0 0 0 0 0 2279 2279 0 0 3144 0 0
0 0 0 0 0 0 764 0 976 0 0 0 0 0 1475 1579 1161 1161 1161 0 0 0 0 0 0 0 0 0 2279 0 0 0 0 0
0 0 0 0 0 0 0 0 0 0 0 0 0 0 0 0 0 0 0 0 0 0 0 0 0 0 0 0 0 0 0 0 0 264

# z = 7
4 4 0 0 0 573 484 0 0 0 0 0 1243 1006 0 0 0 1161 0 0 0 0 0 0 0 0 0 0 0 0 0 3020 2559 0
4 4 0 0 0 0 0 0 0 0 0 0 1006 0 0 0 1161 1161 0 0 0 0 2097 2197 1509 1509 0 0 2695 0 0 0 0 0
0 4 0 0 495 0 0 0 0 0 1096 1096 1006 0 0 0 0 0 0 0 0 0 1509 1509 1509 1509 1509 1509 1509 0 0 0 0 0
0 0 0 395 150 150 0 0 0 0 0 0 0 0 0 0 0 1682 1682 1682 0 0 1509 1509 1509 1509 1509 0 2705 0 0 0 0 0
0 0 266 150 150 0 0 0 897 265 265 0 1254 0 0 1496 0 0 1682 1509 1509 1509 1509 1509 1509 1509 1509 1509 1509 2819 2919 0 0 0
0 0 267 150 150 150 0 0 897 265 265 265 265 265 0 0 0 0 0 0 1509 0 0 1509 0 1509 1509 1509 0 0 2919 2709 2709 0
0 154 150 150 150 0 0 0 897 265 265 265 265 265 0 0 0 0 1787 0 0 0 0 2212 1814 0 1509 0 0 2829 2709 2709 2709 0
0 154 150 150 508 0 0 0 897 265 265 265 265 265 0 0 1426 0 1787 1694 0 2026 2026 2026 1814 1814 0 0 0 2831 2709 2709 2709 0
0 0 0 0 0 0 0 792 265 265 265 265 265 0 0 1505 1426 1693 1787 1694 0 2026 2026 2026 1814 1814 1814 0 0 0 0 0 0 0
0 0 0 0 0 0 0 0 265 265 265 265 265 0 0 1426 1426 1426 1694 1694 0 2031 2026 2026 1814 1814 1814 1814 0 0 0 0 0 0
0 0 0 0 0 0 0 0 0 265 265 265 265 0 0 1426 0 0 0 0 0 0 0 2026 1814 1814 0 0 0 2843 2395 0 0 0
0 0 0 0 0 0 0 0 923 265 265 265 1272 0 0 0 0 0 0 0 0 0 2134 0 0 0 2501 0 0 2844 2395 2395 2395 0
49 31 0 0 0 0 0 0 927 265 0 0 0 0 0 1435 1435 0 0 0 0 0 2137 0 0 2395 2395 2395 2395 2395 2395 2395 2395 0
0 0 313 0 0 0 0 0 0 0 0 0 1279 0 0 1435 1435 255 0 0 0 0 0 0 0 2395 2395 2395 2395 2395 0 0 0 0
0 0 0 0 0 0 0 0 0 0 0 1187 1118 1118 0 0 1435 255 0 0 0 0 0 0 0 0 0 0 2395 0 0 0 0 0
62 0 0 0 0 0 0 0 0 1039 0 1118 1118 1118 0 0 0 255 0 0 0 0 0 0 0 0 0 0 0 0 2954 2639 2639 0
62 0 0 434 38 614 706 706 706 0 0 1118 1118 1118 0 0 0 0 0 0 0 0 0 0 0 0 0 0 2748 2639 2639 2639 2639 0
62 196 38 38 533 533 0 706 706 0 0 1118 1118 1118 0 0 0 0 0 0 1963 0 0 0 0 0 0 0 2748 2639 2639 2639 2639 0
62 62 38 0 533 533 0 706 706 0 0 1118 1118 1118 1118 0 0 0 0 1899 1899 1899 0 0 0 0 0 0 2639 2639 2639 2639 2639 0
62 62 332 0 0 533 0 706 706 635 635 0 0 1118 0 0 0 0 0 1899 1899 1899 1899 0 0 2413 0 0 0 2639 2639 2639 2639 0
62 62 38 0 0 0 0 0 954 635 635 635 0 0 0 0 1639 1721 0 1899 1899 1899 0 0 0 0 0 0 0 0 0 0 0 0
0 62 38 0 0 0 720 720 635 635 635 635 635 635 0 0 1639 1456 0 0 0 0 0 0 0 0 0 0 0 0 0 3102 0 0
0 0 0 0 0 0 0 635 635 635 635 635 635 255 0 0 1639 1456 1456 0 0 0 0 0 0 0 0 0 0 0 0 0 0 0
0 214 38 38 38 635 635 635 635 635 635 635 635 255 0 0 1639 1456 0 0 0 2055 1307 0 0 2423 2538 2538 1455 0 0 0 3231 0
0 214 38 38 38 0 0 635 635 0 0 635 635 0 0 0 1639 0 0 0 0 2055 1307 1307 0 0 0 2538 1455 0 2322 0 0 0
4 0 0 38 0 0 0 635 0 0 0 0 0 0 1453 1553 1649 1456 0 0 0 0 2165 2247 2335 0 2546 2661 1455 1455 0 3118 2559 0
97 97 0 466 38 38 0 0 0 1067 0 1215 0 0 0 1456 1456 0 0 0 0 2065 0 0 0 0 2434 0 0 0 2990 2559 2559 0
97 0 0 468 0 0 0 0 982 976 976 0 0 0 0 0 0 0 0 0 1746 0 0 0 0 2441 2553 0 0 0 2997 2559 0 0
97 97 0 0 0 656 0 0 976 976 976 976 0 1393 1393 0 0 1746 1746 1746 1746 1746 0 0 0 0 0 0 0 0 2990 0 3247 0
97 97 369 0 562 562 562 0 976 976 976 0 0 1393 1393 0 0 1750 1746 1746 1746 0 2176 2266 0 0 0 0 2791 2680 2559 2559 2559 0
97 0 0 0 562 562 562 0 0 976 976 976 0 0 0 1572 1663 0 0 1746 1746 0 2176 2266 2266 2266 2566 0 0 2559 2559 3140 2559 32648
0 0 0 0 0 0 0 0 0 976 976 0 0 0 0 0 0 0 0 1929 0 2086 0 0 0 2266 0 0 0 0 3012 3012 2559 0
4 4 0 0 0 0 0 0 976 0 0 0 0 1400 0 0 0 0 0 0 0 0 0 0 0 0 0 2688 0 0 0 0 2559 0
0 0 0 0 0 0 0 0 0 0 0 0 0 0 0 0 0 0 0 0 0 0 0 0 0 0 0 0 0 0 0 0 0 0

# z = 8
0 0 0 0 484 484 484 0 0 0 1091 1006 1006 1006 0 0 0 0 0 0 0 0 2093 2194 0 0 0 0 0 2802 0 0 3152 0
0 4 0 0 0 484 0 0 0 1006 1006 1006 1006 1006 0 0 0 0 0 0 0 0 2097 1509 1509 1509 1509 1509 0 0 0 0 0 0
0 0 0 0 495 150 0 0 0 0 0 1006 0 1006 0 1488 1592 0 1775 1865 1942 1509 1509 1509 1509 1509 1509 1509 1509 0 0 0 0 0
0 0 0 395 150 150 0 0 0 0 0 0 0 0 1413 0 1006 0 1682 1682 1509 1509 1509 1509 1509 1509 1509 1509 1509 0 2916 0 0 0
0 150 150 150 150 150 150 0 0 265 265 265 0 0 1416 1497 1006 0 1682 1509 1509 1509 1509 1509 1509 1509 1509 1509 0 0 0 3034 0 0
0 155 150 150 150 150 150 0 901 265 265 265 265 0 0 0 0 0 0 1509 0 0 0 0 0 0 1509 0 0 2824 2709 2709 3163 0
0 154 150 150 150 150 0 0 897 265 265 265 265 265 0 0 0 0 0 0 0 0 2112 2112 0 0 0 0 0 2709 2709 2709 3163 0
0 154 150 0 150 0 0 0 897 265 265 265 265 0 0 0 0 0 1787 1694 1694 2026 2026 2026 1814 1814 0 0 0 2709 2709 2709 0 0
0 0 0 0 0 0 0 0 265 265 265 265 265 0 0 1512 0 1694 1694 1694 0 2026 2026 2026 1814 1814 1814 0 0 0 0 0 0 0
0 0 0 0 0 0 0 0 265 265 265 265 265 0 0 0 0 1694 1694 0 0 2026 2026 2026 1814 1814 1814 0 0 0 2932 2395 0 0
43 31 0 415 0 0 0 0 0 0 265 265 0 0 0 0 0 0 0 0 0 2034 0 0 1814 1814 0 0 0 2843 2395 2395 2395 0
31 31 31 415 31 0 0 800 0 0 0 0 0 0 0 0 0 1703 1703 1883 1800 1800 1800 0 0 0 2501 2621 2395 2844 2395 2395 2395 0
31 31 31 31 31 31 0 804 0 0 0 0 0 0 0 0 0 0 0 1886 1800 1800 1800 0 0 2395 2395 2395 2395 2395 2395 2395 2395 0
31 0 0 31 0 0 0 0 0 0 0 0 0 0 0 1435 1435 0 0 0 0 1800 0 0 0 2395 2395 2395 2395 2395 2395 0 2395 0
0 0 0 0 0 0 0 0 0 0 0 1187 1118 1118 0 0 0 0 0 0 0 0 0 0 0 0 2395 2395 2395 0 0 0 0 0
0 0 0 0 0 0 0 0 937 0 0 1118 1118 1118 1118 0 0 0 1808 0 0 0 0 0 0 0 0 0 0 0 0 0 0 0
69 0 0 0 0 0 0 706 706 0 0 1118 1118 1118 1118 0 0 1711 1629 0 0 0 0 0 2316 2142 2142 0 0 2639 2639 2639 0 0
0 0 0 0 0 618 0 706 706 0 0 1118 1118 1118 1118 0 0 1707 0 0 0 0 2147 2147 2142 2142 2142 2639 2639 2639 2639 2639 0 0
0 0 0 0 0 0 0 0 0 0 0 0 1118 1118 1118 0 1634 1629 0 0 1899 1899 0 2142 2142 2142 0 0 2639 2639 2639 0 2639 0
0 0 0 0 0 0 0 0 950 635 635 0 0 1118 1118 0 0 1629 0 0 0 1899 1899 0 0 2142 2142 2644 2639 2639 0 3094 3215 0
0 0 0 447 0 0 0 0 826 635 635 0 0 0 0 0 0 0 0 0 0 0 0 0 2323 2142 2142 0 0 0 2972 0 0 0
83 0 0 0 0 0 0 0 635 635 635 635 635 635 0 0 0 1725 0 0 0 0 0 0 0 0 0 0 0 0 2972 2972 2972 0
81 81 0 0 0 0 0 635 635 635 635 635 635 255 0 0 1639 1456 1456 0 0 0 0 0 0 0 0 0 0 0 0 2972 2972 0
81 81 344 0 0 0 635 635 635 635 635 635 635 255 0 0 1639 1456 1456 0 0 2056 1307 2243 0 2424 2539 1455 1455 0 2979 2972 2972 0
0 81 81 38 0 0 0 635 635 635 635 635 635 255 0 0 1639 1456 0 0 0 2056 1307 2243 2332 1455 1455 1455 1455 0 0 0 0 0
97 0 0 0 0 0 0 0 0 635 635 635 635 255 0 1553 1639 1456 0 0 0 2056 0 2248 2332 1455 0 1455 1455 0 0 0 0 0
97 0 0 0 0 0 0 0 976 0 1134 635 635 0 0 0 1456 0 0 0 0 0 0 0 1455 0 2549 0 0 0 2990 2559 2559 0
97 0 0 0 0 0 0 0 976 976 976 0 0 0 0 0 0 0 0 1916 1746 0 0 0 0 0 0 0 0 2894 2990 2559 2559 0
97 0 0 0 0 657 753 0 976 976 976 976 0 1393 1393 1393 0 0 1746 1746 1746 0 0 0 2344 0 0 0 0 2898 2559 2559 2559 0
0 97 0 0 562 562 562 0 976 976 976 976 0 1395 1393 1393 0 0 1746 1746 0 0 2177 2076 2353 0 0 0 2791 2559 2559 2559 2559 0
0 0 375 0 562 562 562 562 0 976 976 976 0 1395 1395 1573 0 0 0 0 0 2079 2076 2076 2076 0 0 2680 2680 2559 2559 2559 2559 0
0 0 0 0 0 0 0 0 997 976 976 0 0 0 0 0 0 0 1847 0 0 0 0 0 0 0 0 0 0 2559 2559 2559 2559 144
0 252 0 0 0 0 0 0 0 1087 1087 1235 1006 1006 1476 0 0 0 0 0 0 0 0 0 0 2457 0 0 0 0 0 0 0 0
0 0 0 0 0 0 0 0 0 0 0 0 0 0 0 0 0 0 0 0 0 0 0 0 0 0 0 0 0 0 0 0 0 0

# z = 9
0 0 0 0 484 484 484 0 0 0 0 0 1244 0 1408 0 0 0 0 0 0 0 0 0 2286 1509 1509 2575 2575 0 0 0 0 0
0 0 0 0 0 0 0 0 0 0 0 1006 1006 1006 1006 0 1586 0 0 1860 1509 1509 1509 1509 1509 1509 1509 1509 1509 2806 2806 0 0 0
0 0 0 0 0 150 150 0 0 0 1097 1006 1006 1006 1006 1006 1006 1006 0 1771 1509 1509 1509 1509 1509 1509 1509 1509 1509 0 0 3028 0 0
0 0 0 395 150 150 150 150 0 0 0 0 1006 1006 1006 1006 1006 0 0 1682 1509 1509 1509 1509 1509 1509 1509 1509 0 0 2917 0 0 0
0 0 150 150 150 150 150 0 0 0 0 0 0 1006 1006 1006 1006 1006 1682 1509 1509 1509 1509 1509 1509 1509 1509 0 0 2820 2709 3034 0 0
0 155 150 150 150 150 150 0 0 265 1103 0 0 0 0 0 0 1685 1682 0 1949 1949 0 0 0 1509 1509 0 0 2824 2709 0 0 0
0 154 150 150 150 150 150 0 0 265 265 0 0 0 0 0 1608 1509 0 0 0 0 0 0 0 0 0 0 2716 2709 0 0 0 0
0 154 150 0 0 0 0 0 897 265 265 0 0 0 0 0 0 0 0 1694 0 2027 2026 2026 1814 1814 1814 0 0 2709 0 0 0 0
31 0 0 0 0 0 0 793 265 265 265 0 1266 0 0 1513 0 1694 1694 1694 0 2026 2026 2026 1814 1814 0 0 0 0 0 0 0 0
31 31 0 0 0 0 0 0 265 265 0 0 0 0 0 0 0 0 1694 0 0 0 0 2026 1814 1814 1814 0 0 0 0 2395 2395 0
31 31 31 0 513 31 31 0 0 1033 0 0 0 0 0 0 0 1702 0 0 1957 1800 1800 0 1814 1814 0 0 0 2843 2395 2395 2395 0
31 31 31 31 31 31 0 0 0 1036 1112 0 0 0 0 0 0 0 1800 1800 1800 1800 1800 0 0 0 0 0 0 2843 2395 2395 2395 0
31 31 31 31 31 31 0 0 0 786 786 786 1275 0 0 0 0 0 1800 1800 1800 1800 1800 1800 0 2395 2395 2395 2395 2395 2395 2395 2395 0
0 31 0 31 31 0 0 0 0 0 786 0 0 0 0 0 0 0 0 0 1800 1800 1800 1800 0 2395 2395 2395 2395 2395 2395 0 0 0
0 0 0 0 0 0 0 0 0 0 786 0 1118 1118 1438 0 0 0 0 0 0 0 0 0 0 0 2395 0 0 0 0 0 0 0
0 0 0 0 0 0 0 0 0 0 0 0 1118 1118 1118 0 0 0 1808 1629 0 0 0 0 2314 2142 0 0 0 0 0 0 3204 0
0 0 0 0 0 0 0 0 0 0 0 0 1118 1118 1118 0 0 1711 1629 1629 0 0 2142 2142 2142 2142 2142 0 0 0 0 0 0 0
0 0 0 0 0 0 0 0 943 943 0 0 1118 1118 1118 1118 1629 1629 1629 0 0 0 2142 2142 2142 2142 2142 0 0 0 0 0 0 0
0 0 0 0 0 0 0 826 826 635 635 0 1118 1118 1118 0 0 1629 1629 1629 0 0 0 2142 2142 2142 2142 0 0 0 0 0 0 0
81 0 0 0 0 0 0 0 826 635 635 0 0 1118 1443 0 0 1629 1629 0 0 0 0 0 2142 2142 2142 0 0 0 0 3095 81 0
81 81 0 0 0 0 0 0 826 635 0 0 0 0 0 0 0 1629 1629 0 0 2049 2049 2049 0 0 0 0 0 2871 0 0 2972 0
81 0 0 0 0 0 0 0 960 635 635 0 0 0 0 0 0 0 0 0 0 2049 2049 2049 0 0 0 0 0 0 2972 2972 2972 0
81 81 0 0 541 628 0 838 0 635 635 635 635 255 0 0 0 0 0 0 0 2054 2049 0 0 2420 0 2651 0 0 2972 2972 2972 0
81 81 81 0 0 0 0 635 635 635 635 635 635 255 0 0 0 0 0 0 0 0 1307 0 2330 1455 2539 1455 1455 0 2972 2972 2972 0
81 81 81 0 0 0 0 635 635 635 635 635 635 255 0 0 0 0 0 0 0 2057 1307 0 2332 1455 1455 1455 1455 0 0 2972 2972 0
0 0 0 0 547 0 0 0 635 635 635 635 635 255 0 0 0 0 0 0 0 2061 0 2249 2332 1455 1455 1455 1455 0 0 3119 0 0
97 0 0 0 552 0 745 0 0 0 0 0 635 255 0 0 0 0 0 0 1991 1991 0 1455 1455 1455 1455 1455 0 0 2991 2559 2559 0
97 234 0 0 0 0 0 0 0 0 0 1217 0 0 0 0 0 0 0 0 0 0 0 0 0 0 0 0 0 0 0 2559 2559 0
4 0 364 0 0 0 0 0 0 0 976 0 0 1393 1393 1393 1393 1747 0 1919 0 0 0 2261 0 0 2557 2671 0 2898 2559 2559 2559 0
0 0 0 476 0 0 0 860 0 976 1142 976 0 0 1393 1393 1393 1393 0 0 0 2076 2076 2076 2353 0 0 0 2792 2559 2559 2559 2559 0
0 244 0 0 0 0 0 865 0 1079 1143 0 0 0 0 0 0 0 0 0 0 2079 2076 2076 2076 2076 0 0 2680 2559 2559 2559 2559 0
0 0 0 0 0 0 0 0 0 1082 0 0 0 0 0 1577 0 0 1848 1930 0 0 0 0 2076 0 0 0 0 0 2559 2559 0 0
0 0 0 0 0 0 0 0 0 0 1154 0 0 1401 0 0 0 0 1393 1393 0 0 0 0 0 2458 0 0 0 0 0 0 0 0
0 0 0 0 0 0 0 0 0 0 0 0 0 0 0 0 0 0 0 0 0 0 0 0 0 0 0 0 0 0 0 0 0 34

# z = 10
0 0 0 0 485 484 484 484 484 0 0 0 0 1330 1006 0 0 0 0 0 0 0 0 0 0 1509 1509 2576 0 0 2907 0 3153 0
8 0 0 0 0 0 0 772 0 0 0 0 0 1006 1006 1006 1006 0 0 1860 1509 1509 1509 1509 1509 1509 0 1509 2696 0 2806 2709 0 0
5 0 0 0 0 0 0 776 0 0 1098 1006 1006 1006 1006 1006 1006 0 1776 1771 1509 1509 1509 1509 0 1509 1509 1509 0 2810 2709 2709 2709 0
5 0 0 395 150 150 150 150 0 0 0 0 0 1006 1006 1006 1006 0 0 1682 1509 1509 1509 1509 1509 1509 1509 1509 0 2810 2709 0 0 0
0 0 0 150 150 150 150 150 0 0 0 0 0 1006 1006 1006 0 0 0 1509 1509 1509 1509 0 1509 1509 1509 1509 2709 2709 2709 3034 0 0
0 155 150 150 150 150 150 0 0 1019 786 0 0 0 0 0 0 1685 1509 0 0 0 0 0 0 1509 1509 0 2709 2709 2709 0 0 0
0 154 0 150 150 150 0 0 0 0 786 786 0 0 0 0 1608 1509 1509 0 0 0 0 0 0 0 0 0 0 2709 0 0 0 0
0 0 0 0 150 586 0 0 897 265 265 0 0 0 0 0 1605 1509 0 1876 0 0 2026 2026 1814 1814 0 0 0 0 0 0 0 0
31 0 0 0 0 0 0 793 265 265 265 0 0 0 0 1514 1514 0 0 0 0 0 2026 2026 0 1814 0 2606 2727 0 0 0 31 0
31 173 0 0 0 0 0 0 265 265 265 0 0 0 0 0 0 0 0 0 1955 0 0 0 1814 1814 0 2613 2727 0 0 2395 0 0
31 31 300 416 31 0 0 0 265 0 0 0 0 0 0 0 0 0 0 0 1957 1800 0 0 0 0 0 0 0 2843 2395 2395 2395 0
31 31 31 31 31 0 0 0 924 924 0 0 0 1356 786 1524 786 0 0 1800 1800 1800 1800 1800 0 0 0 0 0 2843 2395 2395 2395 0
31 31 31 31 31 600 0 0 0 786 786 786 786 786 786 786 786 0 0 1800 1800 1800 1800 1800 0 2396 2395 2395 0 0 2395 2395 2395 0
0 0 0 0 31 31 0 0 933 786 786 786 0 786 786 786 786 0 0 0 0 1800 1800 1800 0 2395 2395 0 0 0 0 0 0 0
0 0 0 0 0 0 701 0 0 0 786 786 0 0 0 0 0 0 1807 0 0 1800 0 0 0 0 0 0 0 0 0 0 0 0
0 0 0 428 0 0 701 701 938 0 0 0 0 1118 0 0 0 1709 1629 1629 0 0 0 0 2314 0 0 0 0 0 0 3074 0 0
0 0 0 0 0 0 701 822 0 0 0 0 0 1118 1118 0 0 1707 1629 1629 1629 0 2142 2142 2142 2142 0 0 0 0 0 0 0 0
72 0 0 0 0 0 701 0 0 943 635 0 0 1118 1118 0 0 1629 1629 1629 0 0 2142 2142 2142 2142 0 0 0 0 0 0 72 0
75 199 0 0 0 0 0 0 826 635 635 635 1288 0 1118 0 1635 1629 1629 1629 0 0 2142 2142 2142 2142 0 0 0 0 0 0 75 0
0 0 0 0 0 0 0 0 0 635 635 635 635 635 0 0 0 1629 1629 1629 0 0 2151 0 0 0 0 0 0 0 0 3095 2972 0
81 0 0 0 0 0 0 0 0 0 635 0 0 0 0 0 0 1629 1629 1629 0 2049 2049 0 2324 0 0 0 0 0 2973 2973 2972 0
81 0 0 0 0 0 0 0 0 0 0 0 0 0 0 0 0 1726 0 0 0 2049 2049 2049 0 0 0 0 0 0 0 2972 2972 0
0 209 0 0 0 0 0 0 0 1056 635 635 0 0 0 0 0 0 0 0 0 0 2157 2157 0 0 2535 2535 1455 0 2972 2972 2972 0
81 0 345 455 543 452 0 0 0 635 635 635 0 0 0 0 0 0 0 1909 0 0 0 0 2330 0 0 1455 1455 0 2972 2972 2972 0
81 0 0 452 452 452 0 0 635 635 635 635 635 255 0 0 0 0 0 0 0 0 0 0 2330 1455 1455 1455 1455 1455 0 2972 2972 0
0 0 0 0 0 452 0 0 635 635 635 635 635 255 0 0 0 0 0 1913 0 2062 1455 1455 1455 1455 1455 1455 1455 1455 0 0 0 0
0 0 0 0 0 646 0 0 977 0 0 0 635 255 0 0 0 0 0 0 0 1455 1455 1455 1455 1455 0 0 0 0 2992 2559 0 0
97 0 0 0 0 646 646 646 0 0 0 0 0 0 0 1558 1393 1743 1830 1455 1996 0 0 1455 0 2442 0 2666 2559 2559 2559 2559 3243 0
0 0 0 0 0 646 646 646 646 0 0 0 0 0 1393 1393 1393 0 1833 1455 0 0 0 0 2345 0 0 0 2559 2559 2559 2559 2559 0
0 0 370 5 563 563 646 646 646 0 0 0 1316 0 1393 1393 1393 1393 0 0 0 0 0 2267 2267 2076 0 0 2559 2559 2559 2559 0 0
0 245 5 481 0 0 756 0 646 646 0 0 0 0 0 0 1393 0 1841 0 0 2079 2076 2267 2076 2076 0 2681 2559 2559 2559 2559 0 -1289742855
0 120 5 483 0 667 0 870 0 0 0 0 0 0 1470 1578 1666 0 1393 1930 0 2087 2186 0 0 0 0 2686 0 2559 2559 2559 0 -1288205088
0 253 5 0 0 0 0 0 0 0 0 1236 0 0 0 0 0 0 0 0 0 0 0 2280 2365 1509 0 0 0 0 0 0 2709 -1288205184
0 0 0 0 0 0 0 0 0 0 0 0 0 0 0 0 0 0 0 0 0 0 0 0 0 0 0 0 0 0 0 0 0 272

# z = 11
5 0 0 0 0 484 484 484 484 0 0 0 0 1330 1006 0 0 0 0 0 0 0 0 2195 0 0 0 0 2559 0 0 3021 5 0
5 0 0 0 0 0 484 484 882 882 0 0 0 0 1006 1006 1587 0 1771 1771 1509 1509 1509 0 0 0 0 0 0 0 2806 2709 0 0
5 0 0 0 0 0 0 0 0 0 0 0 1251 1006 1006 1006 1006 0 1771 1771 1509 1509 1509 1509 1509 1509 2474 0 0 2810 2709 2709 2709 0
5 0 0 0 150 150 150 0 0 1013 786 0 0 1006 1006 1006 1006 0 0 1682 1509 1509 1509 1509 1509 0 0 0 0 2810 2709 0 2709 0
0 0 0 150 150 150 150 150 0 1013 786 786 0 0 1006 1006 0 0 1782 1509 1509 0 0 1509 0 0 0 2589 2709 0 0 3035 0 0
0 0 268 150 150 150 150 0 0 898 786 786 0 0 0 0 1605 1509 1509 1509 0 0 2108 0 0 0 0 0 0 0 0 0 0 0
0 0 276 0 150 150 150 0 0 786 786 786 0 0 0 0 1605 1509 1509 1509 0 0 0 0 0 0 0 0 0 0 0 0 0 0
0 0 0 0 0 0 0 0 0 786 786 786 1262 0 0 1509 1509 1509 1509 1509 0 0 0 2217 0 0 0 0 2722 0 0 0 0 0
31 169 0 407 0 0 0 0 0 265 1107 0 0 0 0 1515 1616 1509 0 0 0 0 0 0 2305 2032 0 2607 2727 0 0 3050 2395 0
31 31 31 31 31 0 0 0 915 265 0 0 0 0 0 1519 0 0 0 0 0 0 0 2221 2032 0 0 0 2727 2727 2933 2395 2395 0
31 31 31 31 31 0 0 0 0 0 0 0 0 1353 786 0 0 0 0 0 0 1800 2132 2032 2032 0 0 0 0 0 2395 2395 2395 0
31 31 31 31 31 31 0 0 0 924 786 0 1273 786 786 786 786 0 0 0 1800 1800 1800 2032 2310 0 0 0 0 0 0 0 2395 0
31 31 0 31 0 31 0 805 928 786 786 0 786 786 786 786 786 0 0 0 1800 0 1800 0 0 0 0 0 0 0 0 0 0 0
0 186 0 0 0 0 0 798 798 786 786 786 1280 786 786 786 786 0 0 1889 0 0 0 0 0 2395 0 0 0 0 0 0 0 0
0 0 0 0 0 0 702 0 798 786 786 786 1283 0 786 786 0 0 1807 1629 0 0 0 0 0 0 0 0 2743 0 2951 0 0 0
0 0 0 0 527 0 0 0 0 0 786 786 0 0 0 0 0 1709 1629 1629 1629 1629 2140 0 2314 0 0 0 2743 2401 2401 2401 0 0
0 0 322 58 527 0 701 701 0 0 0 0 0 0 0 0 0 1707 1629 1629 1629 0 0 2142 2142 2142 0 0 0 0 0 0 0 0
72 0 58 58 0 0 0 0 0 943 635 635 0 0 0 0 1630 1629 1629 1629 1629 0 2142 2142 2142 0 0 0 2751 0 2959 3084 72 0
75 0 0 0 534 621 0 0 0 635 635 635 635 0 0 0 1636 1629 1629 1629 1629 0 2142 2142 2142 0 0 2641 2401 0 2959 0 0 0
0 0 0 0 535 0 0 0 0 635 635 635 0 0 0 0 0 1629 1629 1629 0 0 2151 2049 0 0 0 0 2401 2401 2966 3095 2972 0
81 0 0 0 0 0 716 831 0 0 635 0 0 0 0 1545 0 1629 1629 0 0 2050 2049 2049 2049 0 0 0 2401 2401 0 2973 2972 0
81 0 0 0 0 0 0 0 0 0 0 0 0 0 0 1547 0 0 0 0 0 0 2049 2049 2049 0 0 0 0 0 0 2972 2972 0
81 210 0 0 0 0 0 0 0 0 0 0 0 0 0 255 255 0 0 0 0 0 0 0 0 0 2536 2652 1455 2880 2880 0 2972 0
81 215 346 455 543 452 0 0 0 0 635 1205 0 0 0 255 255 0 0 0 0 0 0 0 0 0 0 1455 1455 1455 2980 0 2972 0
0 0 0 452 452 452 452 0 971 0 635 635 0 0 0 0 0 0 1823 1823 1823 1455 1455 1455 2333 0 0 1455 1455 2885 0 0 2972 0
0 0 0 0 452 642 737 0 0 0 635 635 635 255 0 0 0 0 1826 1455 1455 1455 1455 1455 2333 1455 0 0 1455 0 0 0 0 0
0 0 0 0 0 0 0 0 0 0 0 635 635 255 0 0 0 1741 1455 1455 1455 0 1455 1455 1455 0 0 0 0 0 2992 0 0 0
0 0 0 0 0 0 748 646 646 646 646 0 0 0 0 0 0 1455 1455 1455 1455 0 0 1455 1455 0 0 2666 2559 2559 2559 2559 0 0
0 0 0 470 0 0 646 646 646 646 0 0 0 0 0 1393 1393 0 1833 1455 1455 0 0 0 0 2446 2558 0 2559 2559 2559 2559 2559 0
0 0 371 5 0 0 646 646 646 646 0 0 1317 1092 0 1393 1393 1393 0 0 0 0 0 0 2354 0 0 2677 2559 2559 2559 2559 3251 0
0 245 5 5 0 0 0 0 646 646 0 0 1092 0 0 1393 1393 1393 1393 0 0 0 0 0 2359 2454 2567 2682 2559 2559 2559 2559 3254 32648
0 120 5 5 0 0 0 0 646 0 0 0 0 0 0 1393 1393 1760 1393 1930 0 0 0 2275 2363 0 0 2686 2559 2559 2559 0 0 32648
5 0 5 0 0 0 0 875 0 0 0 0 1324 1006 1006 0 1667 1667 1393 1393 0 0 0 2281 0 0 0 2689 2559 2559 0 0 0 32648
0 0 0 0 0 0 0 0 0 0 0 0 0 0 0 0 0 0 0 0 0 0 0 0 0 0 0 0 0 0 0 0 0 0

# z = 12
5 5 5 0 0 484 484 484 0 0 0 0 0 1331 1006 0 0 0 0 0 0 0 0 2195 1768 1768 0 0 2690 2559 0 0 3021 0
5 5 0 0 491 484 484 484 0 0 0 0 0 1331 1006 1006 1006 0 0 0 0 0 0 0 0 1768 2467 0 0 0 2806 2709 3021 0
5 143 0 392 0 0 0 0 0 0 0 0 0 1006 1006 1006 1006 0 0 1866 1943 0 0 0 0 0 2467 0 0 2811 2709 2709 2709 0
5 0 264 0 0 150 683 0 0 0 786 0 0 1006 1006 1006 1006 0 1779 1509 1509 0 0 0 2295 0 0 0 0 2814 2709 2709 2709 0
16 151 17 150 150 150 150 0 898 898 786 786 0 0 1006 1006 1006 0 1779 1509 1509 0 0 0 2300 0 0 2590 0 0 0 2709 0 0
20 17 17 0 150 150 150 0 902 786 786 786 0 0 1006 1006 0 1509 1509 1509 0 0 0 0 0 2378 0 0 0 0 0 0 0 0
0 0 17 0 0 150 0 0 902 786 786 786 0 0 0 1006 0 1509 1509 1509 0 0 2113 0 0 0 2487 0 0 0 0 0 0 0
0 0 0 0 509 0 0 0 786 786 786 786 0 0 0 0 1613 1509 1509 1509 0 0 0 2218 2032 2032 0 0 0 0 0 0 0 0
31 31 31 31 0 0 0 0 0 0 786 0 0 0 0 1515 1515 1509 0 0 0 0 2125 2032 2032 2032 0 0 2727 0 0 0 2395 0
31 31 31 31 0 0 0 0 0 0 0 0 0 0 1427 0 0 0 0 0 0 2032 2032 2032 2032 2032 0 2614 0 2840 2840 2395 2395 0
31 31 31 31 31 0 0 0 918 0 0 0 0 0 786 0 0 0 0 0 0 1800 2032 2032 2032 2032 2032 0 0 0 2936 2395 2395 0
31 31 31 31 31 0 0 801 798 786 786 1179 1179 786 786 786 786 0 0 0 0 0 0 2032 2032 0 0 2622 0 0 0 0 2395 0
0 31 0 0 0 0 0 801 798 786 786 0 786 786 786 786 786 0 0 0 0 0 0 0 0 0 0 2502 2401 2401 0 3063 0 0
0 0 0 0 0 0 0 798 798 786 786 786 786 786 786 786 786 0 0 1890 0 0 0 0 0 0 0 0 2740 2401 2401 2401 0 0
63 0 0 426 58 58 0 0 798 786 786 786 786 786 0 0 0 0 1807 1629 1629 0 0 0 0 0 0 2632 2401 2401 2401 2401 0 0
58 58 58 58 58 0 0 0 798 786 0 0 0 0 0 0 0 1709 1629 1629 1629 1629 1629 0 0 0 2508 2502 2401 2401 2401 2401 2401 0
0 0 58 58 58 0 0 0 0 0 0 0 0 0 0 0 0 1707 1629 1629 1629 1629 1629 0 0 0 2512 2502 2401 2864 0 2401 3206 0
0 197 58 58 58 0 0 0 0 1043 635 635 0 1369 0 0 1630 1629 1629 1629 1629 0 0 0 0 0 0 2640 2401 0 0 0 0 0
0 0 0 58 58 58 0 0 0 635 635 635 0 0 0 0 1630 1629 1629 1629 0 0 0 0 0 0 2517 2401 2401 0 0 3089 0 0
0 0 0 446 58 0 0 0 951 0 635 635 0 0 0 0 0 1629 1629 0 0 0 2151 2049 2049 0 2401 2401 2401 2401 0 0 0 0
0 0 0 0 0 0 0 0 955 1051 0 0 1297 635 255 255 0 1629 0 0 0 0 2049 2049 2049 0 0 2401 2401 2401 0 0 0 0
0 0 0 0 0 0 0 0 0 1051 1051 0 0 635 255 255 255 0 0 0 0 0 0 2049 2049 0 0 0 0 0 0 0 2972 0
0 0 0 452 0 0 0 0 0 0 0 0 0 255 255 255 255 0 0 0 1983 1455 0 0 0 0 0 0 0 0 0 0 0 0
0 0 0 452 452 452 0 0 0 0 0 0 0 0 255 255 255 0 0 1910 1455 1455 0 0 0 0 0 0 2774 0 0 0 3232 0
0 0 0 452 452 637 731 0 0 0 0 1207 0 0 0 0 0 1737 1455 1455 1455 1455 2162 1455 1455 0 2541 0 0 0 0 3110 2972 0
0 0 0 452 452 452 452 0 0 0 635 635 0 0 0 1554 1650 1737 1455 1455 1455 1455 1455 1455 1455 0 0 0 0 0 0 3120 0 0
0 0 0 0 0 0 0 0 0 0 0 635 635 0 0 0 1455 1455 1455 1455 1455 1455 2168 1455 1455 1455 0 0 0 0 2992 0 0 0
0 0 359 0 555 652 749 646 646 646 0 0 0 0 0 0 0 0 1455 1455 1455 0 0 1455 0 0 0 2666 2559 0 2559 0 0 0
0 0 0 471 0 658 646 646 646 0 0 1221 0 0 0 0 0 0 1455 1455 0 0 0 0 0 0 0 2666 0 2559 2559 0 0 0
0 240 5 5 0 0 646 646 0 0 0 0 1317 1092 0 1393 1393 1393 0 0 0 0 0 0 0 0 2563 0 2559 2559 2559 2559 0 0
120 120 5 5 0 0 646 646 0 0 1144 0 1092 1092 0 0 1393 1393 1393 0 0 0 0 0 0 0 0 2683 2559 2559 2559 0 3255 2122608640
126 120 5 5 5 0 0 871 0 0 0 1232 1092 0 0 0 1393 0 1393 1393 2009 0 0 0 0 0 2569 2559 2559 2559 0 0 0 -1288205088
0 5 5 5 0 484 484 484 0 1088 0 0 0 1402 0 0 1393 1393 1393 1393 0 0 0 2281 1768 0 0 2559 2559 2559 2559 0 0 136
0 0 0 0 0 0 0 0 0 0 0 0 0 0 0 0 0 0 0 0 0 0 0 0 0 0 0 0 0 0 0 0 0 2122523152

# z = 13
5 5 5 0 486 484 0 484 0 0 1092 1092 1092 1092 0 0 0 0 0 0 0 0 2094 1768 1768 1768 0 0 2690 2559 2559 0 3021 0
5 5 5 387 0 484 484 484 883 0 0 0 0 1331 1006 1006 0 0 0 0 0 0 1768 1768 1768 1768 2467 0 2690 0 0 2709 2709 0
5 5 261 0 0 484 0 0 0 0 0 0 0 1006 1006 1006 1006 0 0 0 0 0 0 0 2291 1768 0 0 0 0 2709 2709 2709 0
5 146 17 396 0 0 0 0 0 0 786 0 0 0 0 1006 1006 0 0 0 0 0 0 0 2296 0 0 0 0 0 0 2709 2709 0
17 17 17 0 500 500 0 0 0 898 786 0 0 1340 1006 1006 1006 1006 0 0 0 0 0 0 2301 2375 2032 0 0 0 2920 2709 0 0
20 17 17 0 500 144 0 0 902 786 786 786 0 0 1006 1006 1006 0 1784 1509 0 0 0 2209 2032 2032 2032 2032 0 0 2923 0 20 0
0 157 277 0 0 0 0 0 902 786 786 786 0 0 1421 1006 1006 0 0 0 0 0 0 2209 2032 2032 2032 0 0 0 0 0 0 0
0 162 0 0 0 0 0 0 786 786 786 786 0 0 0 1006 0 0 0 0 0 0 2120 2032 2032 2032 2489 0 0 0 0 3046 0 0
31 0 291 31 0 0 0 0 0 786 786 0 0 0 0 0 0 0 0 0 0 0 2114 2032 2032 2032 2032 0 0 2837 2837 0 0 0
31 31 31 31 31 0 0 0 916 916 786 0 0 1348 786 0 0 0 1794 0 0 0 2032 2032 2032 2032 0 0 0 2841 0 2395 3179 0
31 31 31 31 0 0 0 798 798 798 786 0 0 1348 786 0 0 0 1424 1424 0 0 2032 2032 2032 2032 0 2617 2401 0 0 0 2395 0
31 31 0 31 0 0 0 798 798 786 786 1179 1274 786 786 786 0 0 0 0 0 0 0 2032 2032 0 0 2617 2401 2401 0 0 2395 0
0 0 308 422 519 0 0 798 798 786 786 1179 786 786 786 786 786 0 0 0 0 0 0 0 0 0 2503 2502 2401 2401 2401 2401 3192 0
58 0 0 0 0 0 0 798 798 786 786 1181 786 786 786 786 0 0 1804 1629 0 0 0 0 0 0 0 2502 2401 2401 2401 2401 58 0
58 58 58 58 58 58 0 0 798 786 786 0 0 786 786 0 0 1707 1629 1629 1629 1629 0 0 0 0 0 2502 2401 2401 2401 2401 0 0
58 58 58 58 58 58 0 0 0 786 0 0 0 0 0 0 0 1707 1629 1629 1629 1629 1629 0 0 2401 2509 2502 2401 2401 2401 2401 0 0
58 58 58 58 58 58 0 0 0 0 0 0 0 1367 0 0 0 1707 1629 1629 1629 1629 1629 2233 0 2401 2401 2401 2401 2401 2401 2401 2401 0
58 58 58 58 58 58 58 0 0 0 0 0 0 1285 255 0 0 1629 1629 1629 1629 0 0 0 0 2401 2401 2401 2401 0 2401 0 0 0
0 58 58 58 58 58 0 0 0 0 0 0 0 1285 255 0 0 1629 1629 1629 0 0 0 0 0 2401 2401 2401 2401 2401 0 0 0 0
0 58 58 58 58 58 0 0 951 1048 0 0 1294 635 255 255 0 0 1629 1629 0 0 2151 2049 0 2401 2401 2401 2401 2401 0 0 0 0
0 0 0 0 0 0 717 0 0 1052 0 0 1289 635 255 255 0 0 1629 0 0 0 0 2049 0 2416 2401 2401 2401 2872 2642 0 0 0
0 0 0 0 0 0 0 834 0 1051 0 0 635 635 255 255 255 0 0 0 0 0 0 0 0 0 2529 2529 0 2642 2642 0 0 0
0 0 0 0 0 0 723 624 0 1057 0 0 635 255 255 255 255 0 0 1906 1455 1455 0 0 0 0 0 0 0 2642 2642 2642 0 0
0 0 0 0 452 452 0 0 0 0 0 0 0 0 255 255 0 0 0 1906 1455 1455 1455 2244 1455 0 0 0 0 2642 2642 0 0 0
0 225 0 452 452 452 731 0 0 0 0 0 0 0 0 0 0 1738 1455 1455 1455 1455 1455 1455 1455 1455 1455 0 0 2886 2984 0 0 0
0 225 0 0 0 452 0 0 0 0 635 635 0 0 1454 1555 1455 1455 1455 1455 1455 1455 1455 0 1455 1455 1455 0 0 0 0 0 0 0
0 231 231 231 0 0 0 0 0 0 635 635 635 0 1457 1455 1455 1455 1455 1455 1455 1455 1455 1455 1455 1455 0 0 0 0 0 0 0 0
0 235 5 5 0 0 749 646 646 0 635 0 0 0 0 1455 1455 1455 1455 1455 1455 1455 1455 1455 0 0 0 2666 2559 2559 0 0 0 0
0 232 5 5 0 0 646 646 646 0 0 0 0 0 0 1455 0 1455 1455 1455 0 1455 1455 0 0 0 0 2666 2559 2559 2559 0 0 0
0 232 5 5 0 0 646 646 646 1076 0 1225 1092 1092 0 0 0 0 0 0 0 0 0 0 0 0 2563 2559 2559 2559 0 0 0 0
120 120 5 5 567 0 0 866 0 0 0 1228 1092 1092 0 0 1393 1393 1393 0 0 0 2181 2271 0 0 2568 2559 2559 0 2559 0 3256 21984
120 120 5 5 0 0 0 0 0 0 1147 1092 1092 1092 0 0 0 0 1393 1931 2010 2088 0 2271 1768 0 0 2559 2559 2559 2559 2559 0 32648
0 0 0 0 0 670 484 484 0 0 0 1092 1092 0 1477 0 0 0 0 0 0 1768 1768 1768 1768 0 0 0 2559 2559 0 0 3266 0
0 0 0 0 0 0 0 0 0 0 0 0 0 0 0 0 0 0 0 0 0 0 0 0 0 0 0 0 0 0 0 0 0 21984

# z = 14
0 0 5 0 0 484 484 484 484 0 1092 1092 1092 0 0 0 0 0 0 0 1937 2015 1768 1768 1768 1768 0 0 2690 2559 2559 2559 0 0
5 5 0 0 0 484 484 484 0 0 0 0 0 1331 1006 1006 0 0 0 1861 1768 1768 1768 1768 1768 1768 2468 0 2690 0 0 2709 2709 0
5 5 0 0 0 484 484 0 0 0 0 0 0 1336 1006 1006 1006 0 0 1768 1768 1768 1768 1768 1768 1768 2475 0 0 0 0 2709 2709 0
0 146 0 0 498 0 0 0 0 1014 786 786 0 0 0 1006 1006 0 0 0 0 0 0 1768 1768 0 0 0 2706 0 0 3030 0 0
0 17 0 0 0 500 144 0 0 898 786 786 0 0 0 1006 1006 0 0 0 0 0 0 0 0 2376 2032 2032 2710 0 0 0 0 0
21 21 0 0 502 144 0 0 902 786 786 786 1258 0 1006 1006 1006 0 0 0 0 0 0 2210 2032 2032 2032 2032 2032 2032 0 3037 21 0
21 0 0 0 0 0 0 786 786 786 786 786 0 0 1006 1006 1006 1006 0 0 0 0 2114 2032 2032 2032 2032 2032 2032 2032 0 0 3165 0
0 0 0 0 0 0 0 790 786 786 786 786 786 0 0 0 1614 0 0 0 0 0 2114 2032 2032 2032 2032 2032 2032 2032 0 0 0 0
0 0 292 31 0 0 0 0 786 786 786 786 0 0 0 0 0 1695 1424 1424 0 0 2114 2032 2032 2032 2032 2032 2032 0 0 0 0 0
31 31 31 31 0 0 0 0 786 786 786 0 0 1348 786 0 0 1424 1424 1424 0 0 2032 2032 2032 2032 0 0 0 0 0 0 3180 0
31 31 31 31 0 0 0 799 798 798 0 0 0 1348 0 0 0 0 1424 1881 1629 0 0 2032 2032 0 0 2617 2401 0 0 0 2395 0
0 0 0 0 0 0 0 798 798 786 0 0 1274 786 786 0 0 0 1424 1884 1629 1629 0 0 0 0 2502 2502 2401 2401 0 0 3186 0
0 0 309 0 0 0 0 798 798 786 0 0 786 786 786 786 786 0 1801 1629 1629 1629 0 0 0 0 2502 2502 2401 2401 2401 2401 0 0
58 58 0 0 0 0 0 0 798 786 0 0 786 786 786 786 786 0 1801 1629 1629 1629 1629 0 0 0 0 2502 2401 2401 2401 2401 0 0
58 58 58 0 0 0 0 0 0 786 0 0 0 0 786 0 0 1707 1629 1629 1629 1629 1629 0 0 0 0 2502 2401 2401 2401 2401 0 0
58 58 58 58 0 0 0 817 0 0 0 0 0 1364 0 0 0 1707 0 1629 1629 1629 1629 0 0 0 0 2502 2401 2401 2401 2401 2401 0
58 58 58 58 58 58 0 0 941 823 823 0 1285 1285 255 0 0 1707 1629 0 1629 1629 0 0 0 0 2401 0 0 2401 2401 2401 2401 0
58 58 58 58 58 58 0 0 941 823 1120 0 0 1285 255 255 0 1629 1629 1629 0 0 0 2235 0 0 2401 0 2752 0 0 0 2401 0
58 58 58 58 58 58 0 827 823 1045 823 0 1289 635 255 0 0 1629 1629 1629 0 0 0 0 0 0 2401 2401 2401 0 0 0 0 0
0 58 58 58 58 0 0 827 0 823 823 0 1289 635 255 255 0 0 1629 1629 1629 0 0 0 0 0 2401 2401 0 2870 2642 0 0 0
0 58 58 58 0 0 717 0 0 0 0 1195 635 635 255 255 0 0 0 0 0 0 0 0 0 2417 2401 2401 0 2642 2642 2642 2642 0
0 203 0 58 0 0 717 624 624 624 0 1195 635 635 255 255 255 0 0 0 0 0 0 0 0 2417 2401 0 2767 2642 2642 2642 2642 0
0 0 0 453 0 0 624 624 624 624 0 1203 635 255 255 255 0 0 0 0 1455 1455 1455 1455 1455 0 0 0 0 2642 2642 2642 2642 0
82 0 347 84 0 0 0 624 624 0 0 1195 635 255 255 0 0 0 0 0 1455 1455 1455 1455 1455 1455 0 0 0 2642 0 0 2642 0
0 0 84 84 0 0 0 0 0 0 0 0 0 0 0 0 0 1738 1455 1455 0 1455 1455 1455 1455 1455 1455 0 0 2887 2984 0 0 0
0 0 84 84 84 0 0 0 0 0 1133 1210 0 0 1455 1455 1455 1455 1455 1455 0 0 1455 1455 1455 1455 1455 0 0 0 0 0 0 0
0 232 0 84 0 0 0 0 978 0 635 635 0 0 1455 1455 1455 1455 1455 1455 1455 0 0 2253 1455 1455 0 0 2780 2889 2993 0 0 0
0 232 5 0 0 0 749 646 646 0 0 635 0 0 0 1455 1455 1455 1455 1455 1455 1455 1455 0 2340 2340 0 0 0 2559 0 3127 0 0
0 232 5 5 5 0 646 646 646 646 0 1222 1092 1092 0 1455 1455 1455 1455 1455 1455 1455 1455 0 0 0 0 2666 2559 2559 3000 3129 3248 0
0 232 5 5 0 0 646 646 646 0 0 1222 1092 1092 0 0 0 0 0 0 0 0 0 0 0 0 0 2559 2559 2559 0 3137 0 0
120 120 5 5 5 0 0 0 0 0 1145 1092 1092 1092 0 0 0 0 0 0 0 0 2181 2272 1768 0 0 2559 2559 2559 2559 0 3256 0
120 120 5 0 0 0 760 0 0 0 1145 1092 0 1092 1092 0 0 0 0 0 0 2088 1768 1768 1768 1768 0 2559 2559 2559 2559 0 0 0
120 120 380 0 0 671 484 484 0 0 1092 0 1092 1092 0 0 0 0 0 0 0 1768 0 1768 1768 0 0 0 2559 2559 2559 2559 0 7
0 0 0 0 0 0 0 0 0 0 0 0 0 0 0 0 0 0 0 0 0 0 0 0 0 0 0 0 0 0 0 0 0 34

# z = 15
0 0 0 0 0 484 484 484 484 0 1092 0 0 0 0 0 0 0 0 0 1938 1768 1768 1768 1768 1768 0 0 0 0 2559 0 0 0
0 0 0 0 0 484 484 484 0 0 0 0 1249 1159 1006 1006 0 0 0 1861 1768 1768 1768 1768 1768 1768 0 0 0 0 0 0 0 0
0 0 262 0 0 0 484 484 0 0 0 0 1159 1159 1006 1006 1006 0 1777 1768 1768 1768 1768 1768 1768 1768 0 0 0 0 0 0 0 0
0 0 144 144 144 144 0 0 0 0 0 0 0 0 1006 1006 0 0 0 0 0 0 0 1768 0 0 0 0 0 0 0 0 0 0
0 0 0 0 144 144 144 781 0 898 786 786 0 0 0 0 0 0 0 0 0 0 0 0 0 0 0 2032 2032 0 0 0 0 0
0 0 0 0 0 144 0 0 903 786 786 786 0 0 0 1006 1006 0 0 0 0 0 0 2210 2032 2032 2032 2032 2032 2032 0 0 0 0
21 0 0 0 0 0 0 0 786 786 786 786 786 0 0 1006 0 0 0 0 0 0 0 2032 2032 2032 2032 2032 2032 0 0 3044 3165 0
26 0 0 0 0 0 0 0 786 786 786 786 0 0 0 0 0 0 1789 0 0 0 2121 2032 2032 2032 2032 2032 2032 2832 0 0 26 0
0 170 293 0 510 0 0 0 786 786 786 786 0 0 0 0 1617 1424 1424 1424 0 0 0 2032 2032 2032 0 2032 0 0 0 0 0 0
0 170 31 31 0 0 0 0 786 786 786 0 0 0 0 1520 1424 1424 1424 1879 1956 0 0 2032 2032 2032 0 0 0 0 0 0 0 0
0 178 301 31 0 0 0 0 798 786 786 0 0 0 0 0 1424 1424 1424 1881 1629 0 0 0 2032 0 0 0 2401 0 0 0 0 0
0 0 0 0 0 0 0 0 798 786 0 0 1274 786 0 0 0 0 0 1881 1629 1629 2135 0 0 0 0 2502 2401 2401 0 0 3187 0
0 0 0 0 0 0 0 0 0 0 0 0 786 786 0 786 0 0 1801 1629 1629 1629 1629 0 0 0 0 2502 2401 2401 2401 3064 3193 0
0 0 0 0 523 523 700 0 0 0 0 0 786 786 786 786 0 0 1801 1629 1629 1629 1629 1629 0 0 0 0 2401 2401 2401 2401 0 0
0 0 0 0 523 523 323 323 0 0 0 0 0 0 0 786 0 0 1629 1629 1629 1629 1629 1629 0 0 0 0 0 2401 2401 2401 0 0
58 58 58 58 0 323 323 0 0 0 1119 0 0 1364 0 0 0 0 0 1629 1629 1629 0 0 0 2402 0 0 0 2401 2401 0 2401 0
58 58 58 58 58 0 0 0 941 823 823 823 0 1285 255 255 0 0 1629 0 0 0 2143 2234 2043 0 0 0 0 2401 2401 2401 2401 0
58 58 58 58 58 0 0 0 941 823 823 823 0 1285 255 0 0 0 1629 0 0 0 2148 2043 2043 2406 0 0 0 0 0 2401 2401 0
58 58 58 58 58 0 0 827 823 823 823 0 1289 635 255 0 0 0 1629 1629 0 0 2043 0 2043 2043 0 0 0 0 0 0 0 0
0 58 58 58 58 0 714 827 0 823 0 0 1289 635 255 255 255 0 1629 1629 0 0 0 0 0 0 0 0 0 2870 2642 2642 0 0
82 58 58 58 0 0 717 624 0 0 0 1196 635 635 255 255 255 0 0 0 0 0 2153 0 0 0 0 0 2763 2642 2642 2642 82 0
82 0 0 0 0 0 717 624 624 624 0 1195 635 635 255 255 0 0 0 0 0 2053 0 0 0 0 0 0 2642 2642 2642 0 2642 0
82 0 341 84 0 0 624 624 624 624 0 1195 635 255 255 0 0 0 0 0 1455 1455 1455 1455 0 0 0 0 0 2642 2642 2642 2642 0
0 216 84 84 0 0 726 624 624 0 0 1195 635 255 0 0 0 0 0 1911 1455 1455 1455 1455 1455 1455 0 0 0 2642 2642 2642 2642 0
0 216 84 84 84 0 0 624 972 0 1129 1195 635 0 0 0 0 0 1455 1455 0 0 1455 1455 1455 1455 1455 1455 0 0 0 2642 0 0
0 84 84 84 84 0 738 0 0 0 1126 635 1312 0 1455 1455 1455 0 1455 1455 0 0 0 1455 1455 1455 1455 0 0 0 0 0 0 0
0 0 84 0 553 0 0 0 0 0 635 635 0 0 1455 1455 0 1455 1455 1455 1455 0 0 1455 1455 0 0 0 0 0 0 0 0 0
0 0 0 0 0 0 0 0 0 0 0 0 0 1391 1455 1455 1455 1455 1455 1455 1455 1455 1455 2256 0 0 0 0 0 0 0 3127 3244 0
0 0 5 5 5 0 0 646 646 0 0 1222 1092 1092 0 1455 1455 1455 1455 1455 1455 1455 1455 0 0 0 2559 2559 0 0 0 3127 2902 0
116 0 5 5 0 0 646 646 646 0 0 1222 1092 0 1465 0 1455 1455 1455 0 1455 0 0 0 0 0 2564 2559 2559 0 0 0 2902 0
121 120 0 0 0 0 0 0 0 0 0 1092 1092 1092 0 0 0 1754 0 0 0 2080 0 0 0 2455 0 2559 2559 0 0 3141 2902 0
120 0 0 0 0 0 760 484 0 0 0 1092 1092 0 1471 0 0 0 0 0 2011 1768 1768 1768 1768 1768 0 0 2559 2559 0 0 3259 9
120 0 0 0 0 484 484 484 484 0 1145 1092 0 1403 1478 0 0 0 1853 1933 2013 1768 0 1768 1768 1768 0 0 2559 0 0 2559 0 0
0 0 0 0 0 0 0 0 0 0 0 0 0 0 0 0 0 0 0 0 0 0 0 0 0 0 0 0 0 0 0 0 0 0

# z = 16
0 0 0 0 0 484 484 484 484 0 0 0 0 0 0 0 0 0 1768 1768 1768 1768 1768 1768 0 0 0 0 0 0 0 3022 0 0
0 0 260 0 0 0 484 484 884 0 0 1159 1159 0 1006 1006 1006 0 0 1768 1768 1768 1768 1768 1768 1768 2469 0 0 0 0 0 0 0
0 0 262 144 0 0 484 484 0 0 0 1159 1159 1159 1006 1006 0 0 0 1768 1768 1768 1768 1768 1768 1768 0 0 0 0 0 0 0 0
0 147 144 144 144 144 0 0 893 0 0 0 1253 1159 0 1492 1598 0 0 0 0 0 1768 1768 1768 1768 0 0 0 0 2918 3031 0 0
0 0 0 144 144 144 0 782 0 898 0 0 0 0 0 1498 1489 1489 0 0 0 0 0 0 0 0 2480 0 0 2821 2821 0 0 0
0 0 0 144 144 144 0 0 0 786 786 0 0 0 0 0 0 0 0 0 0 0 0 2210 0 2032 2032 2032 2032 2825 0 0 0 0
23 0 0 0 0 0 0 0 0 0 0 0 0 0 0 0 0 0 0 0 0 0 0 2032 2032 2032 2032 2032 2717 2268 0 0 0 0
0 163 0 0 0 0 0 0 0 786 0 0 0 1344 1424 0 0 0 1789 0 0 0 0 2032 2032 2032 2032 2032 0 2268 0 0 3172 0
0 0 0 408 511 0 0 0 0 786 0 786 0 0 1424 1424 1424 1424 1424 0 0 0 0 0 2032 2032 0 0 0 2268 0 0 0 0
0 170 295 31 511 0 0 0 0 0 0 0 0 1349 1424 1424 1424 1424 1424 1880 1956 0 0 0 2032 2032 0 0 2730 2268 2268 0 0 0
0 170 295 417 296 0 0 0 0 0 0 0 0 0 1424 1424 1424 1424 0 0 1629 1629 0 0 0 2032 0 0 0 0 0 0 0 0
0 0 303 296 0 0 0 0 0 0 0 0 0 0 0 0 1424 0 0 1881 1629 1629 1629 0 0 0 0 0 2401 2401 2940 0 0 0
0 0 0 0 0 601 699 0 0 0 0 0 0 786 0 0 0 0 0 1629 1629 1629 1629 0 0 2397 0 0 0 2401 0 3065 2944 0
59 0 0 0 523 523 323 808 0 1038 0 0 0 786 0 0 0 0 1801 1629 1629 1629 1629 0 0 0 0 0 0 0 2401 0 2944 0
0 0 0 0 525 323 323 323 323 0 0 0 0 0 0 0 0 0 0 0 1629 1629 1629 0 2312 0 0 2633 0 0 0 0 0 0
0 0 0 0 0 323 323 0 0 0 0 0 0 0 0 0 0 0 0 0 1629 1629 0 2231 2043 2043 2043 2043 2043 0 0 0 0 0
0 58 58 58 0 0 0 0 941 823 823 823 1286 1285 255 0 0 0 0 0 0 0 2144 2043 2043 2043 2043 2043 2043 0 0 0 0 0
0 0 0 0 0 0 0 823 823 823 823 823 0 1285 255 0 0 0 0 0 0 2046 2043 2043 2043 2043 2043 0 0 0 0 0 0 0
0 58 0 0 58 0 0 823 823 823 823 0 0 635 255 0 0 0 1629 1629 0 0 2043 2043 2043 2043 0 2642 2642 2642 0 3090 0 0
0 58 333 58 58 0 0 0 0 823 823 0 1289 635 255 255 255 0 0 0 0 0 0 2043 2043 0 0 0 2642 2642 2642 2642 2642 0
0 0 333 0 0 624 0 0 0 0 0 0 635 635 255 255 255 0 0 0 0 0 0 0 0 0 0 0 2642 2642 2642 2642 2642 0
0 0 0 0 0 624 624 624 0 0 0 1195 635 635 255 0 0 0 0 0 1980 1455 0 0 0 0 0 0 2642 2642 2642 2642 2642 0
0 0 0 84 0 629 0 624 0 0 0 1195 635 255 255 0 0 0 0 0 1455 1455 1455 0 0 0 0 0 0 0 2642 2642 2642 0
0 217 84 84 0 0 0 0 0 0 1126 1195 635 255 0 0 0 0 0 1911 0 1455 1455 1455 1455 1455 1455 0 0 2642 2642 2642 0 0
0 84 84 84 84 0 0 0 0 0 1126 635 635 0 0 0 0 0 1455 1455 0 0 0 1455 1455 1455 1455 1455 0 0 0 0 0 0
0 84 84 84 0 0 739 0 0 1063 1126 635 635 0 0 1455 1455 1740 1455 1455 0 0 0 1455 1455 1455 1455 1455 0 0 0 0 0 0
102 84 0 84 0 0 739 0 979 1063 635 635 0 0 0 1455 1455 1455 1455 1455 1455 0 0 0 0 0 0 0 0 0 0 0 84 0
0 0 0 0 0 0 739 0 983 0 0 0 0 0 0 1455 1455 1455 1455 1455 1455 1455 0 0 0 0 0 2667 0 0 0 0 3245 0
110 0 0 0 0 0 0 0 0 0 0 0 1092 1092 0 1455 1455 1455 1455 1455 1455 1455 0 2262 0 0 2559 2559 2559 0 0 3127 110 0
110 0 0 0 0 0 0 646 0 0 0 0 1092 1092 0 0 1455 0 1455 1455 0 0 0 0 2355 0 0 0 0 0 0 3127 0 0
110 0 0 0 0 665 0 0 0 0 0 1092 1092 0 0 0 0 0 0 0 2004 2004 0 0 2268 0 0 0 0 2902 2902 2902 2902 0
110 0 0 0 0 0 0 0 0 0 0 0 1092 0 0 0 0 0 0 1932 1768 1768 1768 0 1768 0 0 0 0 0 2902 2902 2902 136
130 0 0 0 0 484 0 0 0 0 0 0 0 0 1479 0 0 0 1768 1768 1768 1768 0 1768 2366 0 0 0 0 0 0 2902 0 136
0 0 0 0 0 0 0 0 0 0 0 0 0 0 0 0 0 0 0 0 0 0 0 0 0 0 0 0 0 0 0 0 0 2122522880

# z = 17
0 0 0 0 487 484 484 484 0 0 0 0 0 0 1409 0 0 0 1768 1768 1768 1768 1768 1768 1768 0 2268 2268 2268 0 0 3023 0 0
0 137 0 388 0 0 484 0 0 0 1094 1159 1159 1159 1006 1006 0 0 1768 1768 1768 1768 1768 1768 1768 0 0 2268 0 0 0 0 0 0
0 144 144 144 144 0 0 0 0 0 0 1159 1159 1159 1006 1006 1593 0 0 1768 1768 1768 1768 1768 1768 1768 0 0 2702 2268 0 0 0 0
0 144 144 144 144 144 0 0 0 0 0 0 1159 1159 1006 1493 1489 1489 0 1869 0 0 1768 1768 1768 1768 0 2583 2583 2268 2268 3031 0 0
0 144 144 144 144 144 684 0 0 0 0 0 0 0 0 1498 1489 1489 0 0 0 0 0 0 0 0 0 0 2268 2268 2268 0 0 0
0 144 0 144 144 144 0 0 904 0 0 0 0 0 0 1500 1489 0 0 0 1950 0 0 2210 2032 0 2032 0 0 2268 2268 3038 0 0
0 0 278 144 144 144 0 0 0 0 0 0 0 0 0 0 0 0 0 1874 1689 0 0 0 2032 2032 2032 0 0 2268 2268 2268 0 0
0 0 0 0 0 0 0 0 0 0 0 0 1263 0 0 1510 0 0 0 0 0 0 0 0 2032 2032 2032 0 2723 2268 2268 0 0 0
0 0 0 409 0 0 0 0 0 0 0 0 0 0 1424 1424 0 0 0 0 0 0 0 0 2032 2032 0 0 2711 2268 2268 0 0 0
0 0 296 296 296 0 0 0 0 0 0 0 0 0 1424 1424 1424 1424 0 0 1956 1629 2130 0 2032 0 2494 2615 2608 2268 2268 3054 0 0
0 0 296 296 296 0 696 696 270 270 0 0 0 0 0 1424 1424 1424 0 1882 1629 1629 0 0 0 0 0 0 0 2268 0 0 0 0
0 0 304 296 296 0 698 802 270 270 0 0 0 0 0 0 0 0 0 1881 1629 1629 1629 0 0 0 0 0 0 0 0 0 3188 0
0 0 0 0 0 602 0 0 0 270 270 270 1276 0 0 0 0 0 0 0 1961 1629 1629 1629 0 0 0 0 0 0 0 3065 2944 0
59 0 0 0 0 605 323 0 0 0 270 270 0 0 0 0 1626 0 0 0 1629 1629 1629 0 0 0 0 0 0 0 0 2944 2944 0
50 0 0 0 525 323 323 0 0 0 0 1188 0 0 0 1531 1531 1531 0 0 0 0 0 0 2312 2043 2043 2043 0 2856 2952 2944 2944 0
0 0 0 0 427 323 323 0 0 0 0 0 0 0 0 0 1531 1531 1809 0 0 0 2141 2043 2043 2043 2043 2043 2043 2043 0 0 0 0
0 0 0 0 0 323 323 0 0 1041 823 0 1286 1285 0 0 0 1531 1531 1531 0 2043 2043 2043 2043 2043 2043 2043 2043 2043 0 0 0 0
0 0 0 437 0 0 0 0 823 823 823 1191 0 1285 0 0 0 0 1531 1531 0 2043 2043 2043 2043 2043 2043 2043 2043 0 0 0 0 0
0 0 0 443 0 0 0 823 823 823 823 823 0 635 255 0 0 0 0 0 1965 2043 2043 2043 2043 2043 0 0 0 2642 2642 2642 0 0
0 0 0 0 0 0 0 0 0 823 823 823 0 635 255 0 0 0 0 0 0 0 2043 2043 2043 2043 0 0 2642 2642 2642 2642 0 0
0 0 0 0 0 0 0 0 0 1053 0 0 0 635 255 0 0 0 0 0 0 0 0 2043 2043 0 0 0 2642 2642 2642 0 0 0
0 0 0 449 537 624 0 624 624 0 0 0 635 635 0 0 0 0 0 0 0 0 0 0 0 0 0 0 0 0 0 2642 0 0
0 0 342 84 84 630 0 0 0 0 0 0 635 0 0 0 0 0 0 0 0 0 0 0 0 0 0 2653 0 0 2642 2642 0 0
0 217 84 84 0 0 0 0 0 0 0 0 1304 0 0 0 0 0 0 0 0 0 0 0 0 0 0 2656 2775 0 0 0 0 0
95 84 84 84 0 0 732 848 0 0 1130 635 0 0 0 0 0 0 0 0 0 0 0 1455 0 0 0 0 0 0 0 3111 0 0
87 84 84 84 0 0 740 0 0 1064 0 635 0 0 0 0 0 0 0 0 0 0 0 0 0 0 1455 0 0 0 0 0 0 0
0 84 84 84 0 0 740 0 0 0 1135 635 0 0 0 0 0 0 1455 1455 0 0 0 0 2338 0 0 0 0 0 0 0 0 0
0 0 84 0 556 0 740 0 0 0 0 0 0 0 0 0 0 1455 1455 1455 1455 1455 0 0 0 0 0 0 0 0 0 3128 3128 0
0 0 0 0 0 0 0 0 0 0 1140 0 0 0 0 0 1455 1455 1455 1455 1455 1455 0 2263 2346 2447 0 0 0 0 3001 3001 3128 0
110 0 0 0 0 661 0 0 0 1077 857 0 0 0 0 0 1455 1455 0 0 0 0 0 2268 2268 2268 2268 0 0 0 3001 3001 2902 0
110 0 0 0 568 0 757 0 993 993 993 0 0 0 0 0 0 0 1842 1925 2005 0 0 2273 2268 2268 2268 2684 0 0 0 2902 2902 0
110 0 0 0 0 0 0 0 0 993 993 0 0 0 1472 0 0 0 0 1932 1768 1768 1768 0 0 0 2268 2268 0 0 0 0 0 0
0 0 0 0 487 673 0 0 0 0 0 0 0 1404 1006 1006 0 0 0 1768 0 1768 1768 1768 0 0 2268 0 2268 0 0 0 0 0
0 0 0 0 0 0 0 0 0 0 0 0 0 0 0 0 0 0 0 0 0 0 0 0 0 0 0 0 0 0 0 0 0 21984

# z = 18
0 0 84 84 0 0 484 0 0 0 0 0 1245 1245 1159 0 0 0 0 0 0 0 0 0 0 0 2465 2268 2268 0 0 0 0 0
9 0 0 0 492 0 0 0 0 0 0 1159 1159 1159 1006 1006 1588 1673 0 1768 0 1768 1768 1768 1768 0 2465 2268 2697 2807 2911 0 0 0
12 144 144 0 144 0 0 0 0 1011 0 1159 1159 1159 1006 0 1593 1489 0 0 1944 1768 1768 1768 0 0 0 2580 2268 2268 0 3029 12 0
0 144 144 144 144 144 0 0 0 677 1100 0 0 1159 0 1494 1489 1489 0 0 0 0 0 0 1768 1768 0 2584 2268 2268 2268 2268 0 0
0 144 144 144 144 144 685 144 899 144 144 144 0 0 0 1494 1489 1489 1489 1872 1689 0 0 0 0 0 0 0 2711 2268 2268 2268 2268 0
0 0 269 144 144 144 686 144 144 144 144 0 0 0 0 1494 1489 1489 0 1783 1689 1689 0 0 0 0 0 0 2711 2268 0 2268 2268 0
0 158 279 144 144 0 0 0 0 1023 1023 0 1261 0 1422 0 0 1489 1788 1689 1689 1689 0 0 0 0 0 0 2711 2268 2268 2268 0 0
0 0 0 0 0 0 0 0 0 0 0 0 1263 1261 1261 1261 0 0 1785 1689 1689 1689 0 0 2032 2032 0 0 2711 2268 2268 2268 0 0
0 0 0 410 0 0 0 0 0 0 0 0 1261 1261 1261 0 0 0 1689 0 0 0 0 0 0 2032 0 2608 2608 2268 2268 2268 0 0
0 174 174 296 296 0 0 797 270 270 0 0 0 1261 1261 0 0 0 0 0 0 0 0 0 0 0 0 0 2608 2268 2268 0 0 0
0 0 174 0 296 0 697 270 270 270 1109 0 0 0 0 0 0 0 0 0 1958 1629 1629 0 0 0 0 0 2608 2268 0 0 0 0
0 0 44 44 0 597 590 270 270 270 270 270 0 1357 1431 0 0 0 0 0 1629 1629 1629 0 0 0 0 0 0 0 0 3060 0 0
50 0 44 44 520 0 590 270 270 270 270 270 0 0 0 0 0 0 0 0 1629 1629 1629 0 0 0 0 0 0 0 2944 2944 50 0
50 0 44 425 0 0 323 0 0 270 270 270 0 0 0 0 1627 1531 0 0 0 0 0 0 0 0 0 2627 0 0 2944 2944 0 0
50 0 0 0 525 323 323 0 0 270 270 270 0 0 0 1531 1531 1531 1531 1894 0 0 0 2230 2043 2043 2043 2043 2043 2857 2944 2944 0 0
0 0 0 429 427 323 323 323 323 0 0 0 0 0 0 0 1531 1531 1531 1531 0 0 2141 2043 2043 2043 2043 2043 2043 0 0 2944 0 0
0 0 0 0 323 323 323 0 0 0 0 0 0 0 0 0 1531 1531 1531 1531 0 0 2043 2043 2043 2043 0 2043 2043 0 0 0 0 0
0 0 326 323 323 323 323 0 823 823 823 0 0 0 0 0 0 1531 1531 1531 1531 2043 2043 2043 0 2043 2043 2043 2043 0 0 0 0 0
0 0 0 323 323 323 323 0 823 823 823 0 0 0 0 0 0 0 1531 1531 0 0 2043 2043 2043 2043 2043 0 0 0 2965 3091 3213 0
0 0 0 323 323 323 0 0 0 823 823 0 0 0 0 0 0 0 0 0 0 0 0 2043 0 0 0 0 2642 2642 2642 2642 0 0
0 0 0 323 323 0 0 0 956 823 823 0 0 0 0 0 0 1722 255 0 0 0 0 0 0 0 0 0 0 2642 2642 2642 0 0
0 204 84 84 84 0 0 0 0 0 0 0 0 0 0 0 1642 255 255 255 0 0 0 0 0 0 0 0 0 0 0 0 0 0
87 84 84 84 84 631 0 839 963 0 0 0 0 1381 255 255 255 255 255 255 0 0 0 0 2328 0 0 0 2771 0 0 0 0 0
87 84 84 84 0 0 0 0 0 0 0 0 0 255 255 255 0 0 255 0 0 0 0 0 2328 1989 0 0 0 0 0 0 0 0
87 84 84 84 0 638 0 848 973 0 0 0 1310 0 0 0 0 0 0 0 1986 0 0 2245 0 2431 0 0 0 0 0 3112 3112 0
87 84 84 84 0 638 638 848 848 0 0 0 0 0 0 0 0 0 0 0 0 0 2166 1989 0 2431 0 0 0 0 0 0 3112 0
0 0 84 0 0 0 0 848 0 0 0 0 0 0 0 0 0 1742 0 1455 0 2066 1989 2254 2339 0 0 0 0 2890 0 0 0 0
106 106 84 0 0 0 0 0 984 857 857 0 0 0 0 0 0 0 0 1455 1455 0 0 0 0 0 0 0 2784 2268 0 3128 0 0
111 0 0 0 0 0 0 0 987 857 857 0 0 0 0 0 0 1455 1455 1455 1455 0 0 0 2347 2448 2268 2672 2268 2899 0 3001 2902 0
110 0 372 241 84 84 0 861 987 857 857 0 0 0 0 0 0 0 1455 0 0 0 0 2268 2268 2448 2268 0 2268 0 0 3001 0 0
110 0 0 0 84 84 0 0 0 993 0 0 0 0 0 0 0 0 0 0 0 2081 0 2273 2268 2268 2268 2268 0 0 0 2902 2902 0
0 248 248 0 84 0 761 0 998 993 993 0 0 0 0 0 0 0 0 0 0 1768 1768 0 0 2268 2268 2268 2268 0 0 2902 0 -1288205088
0 0 248 84 0 0 0 0 0 993 0 0 1325 1159 0 0 0 0 0 1934 0 1768 1768 0 0 0 0 2268 2268 0 0 0 0 136
0 0 0 0 0 0 0 0 0 0 0 0 0 0 0 0 0 0 0 0 0 0 0 0 0 0 0 0 0 0 0 0 0 0

# z = 19
0 0 256 0 488 0 0 0 0 0 1093 1156 1246 1159 1159 0 0 0 0 0 0 0 0 0 0 0 2465 2268 0 0 0 0 0 0
0 0 0 0 0 0 0 0 0 1007 144 144 1159 1159 1006 1006 1589 1489 0 0 0 0 0 0 0 0 2465 2268 2268 0 0 0 0 0
12 144 144 144 144 0 0 0 888 677 144 1159 0 1159 1006 1489 1489 1489 0 0 0 0 0 0 0 0 0 2268 2268 0 2912 2268 2268 0
0 0 144 144 144 144 0 0 0 677 144 0 0 0 0 0 1489 1489 0 0 0 0 0 0 0 0 0 2268 2268 2268 2268 2268 2268 0
18 0 144 144 144 144 144 144 899 144 144 144 144 0 0 0 0 1489 0 1872 1689 1689 0 0 0 0 0 0 0 2268 2268 2268 0 0
14 0 144 144 144 144 144 144 144 144 144 144 0 0 1420 0 0 1489 1785 1689 1689 1689 1689 0 0 0 0 0 2711 0 0 2268 0 0
0 0 280 144 144 144 0 787 144 0 144 0 1261 1261 1261 1261 1609 0 1785 1689 1689 1689 1689 0 0 0 0 0 2711 2268 2268 2268 3167 0
0 0 0 0 0 0 0 0 0 0 0 0 1261 1261 1261 1261 0 1689 1689 1689 1689 1689 0 0 0 2385 0 0 2711 2268 2268 2268 3173 0
0 0 0 0 0 589 689 590 270 270 270 0 1261 1261 1261 1261 0 0 1689 1689 0 0 0 0 0 0 0 0 2608 2268 2268 0 0 0
0 174 174 412 0 0 689 590 270 270 270 0 0 1261 1261 1261 0 1699 1689 1689 0 0 0 0 0 0 0 0 2608 2268 2268 0 0 0
0 174 174 44 0 0 590 270 270 270 0 1176 0 0 1430 0 0 0 1689 0 0 0 0 0 2309 1350 0 0 2608 2268 2268 0 0 0
0 174 44 44 44 0 590 270 270 270 270 270 0 1358 1358 1525 0 0 0 0 0 0 0 0 1350 1350 0 0 0 0 0 0 0 0
0 0 44 44 44 0 590 270 270 270 270 270 0 0 1358 1358 0 0 0 0 0 0 0 0 0 0 0 0 0 0 0 2944 2944 0
0 0 44 0 0 0 0 0 270 270 270 0 0 0 0 0 0 1531 1805 0 0 0 0 0 0 0 0 2627 2043 0 2944 2944 0 0
0 189 316 427 427 323 323 0 0 0 270 0 0 0 0 0 1531 1531 1531 1894 0 0 0 2230 2043 2043 2043 2043 2043 0 0 0 0 0
0 0 0 430 323 323 323 323 0 0 0 0 1284 1365 0 0 1531 1531 1531 0 0 0 2141 2043 2043 2043 2043 2043 2043 2043 2043 0 0 0
0 0 0 430 323 323 323 0 0 0 0 0 0 0 0 0 1531 1531 1531 1531 0 0 2043 2043 2043 2043 0 2043 2043 2043 2043 3078 0 0
0 0 326 323 323 323 323 0 0 0 0 0 0 0 0 0 0 1531 1531 1531 0 0 2043 2043 2043 2043 2043 2043 2043 0 0 3085 0 0
76 0 323 323 323 323 323 0 0 0 0 0 0 0 0 0 0 1716 0 0 0 0 2043 2043 2043 2043 2043 2043 0 0 0 3085 3085 0
0 0 323 323 323 323 323 323 0 0 0 0 0 0 1444 255 255 255 255 255 255 255 0 2043 0 0 0 0 0 0 2967 3085 3216 0
0 0 0 323 323 323 323 323 0 0 0 0 0 0 0 255 255 255 255 255 255 255 0 0 0 0 0 0 0 0 2642 3085 0 0
84 84 84 84 538 323 0 0 0 0 0 1202 0 1379 255 255 255 255 255 255 255 255 255 2240 1989 0 0 0 0 0 0 0 0 0
0 84 84 84 84 631 724 840 0 0 1124 255 255 255 255 255 255 255 255 255 0 0 0 2240 1989 1989 1989 1989 0 0 0 0 0 0
87 84 84 84 84 631 0 0 0 0 1127 0 255 255 255 255 255 255 255 0 0 0 2159 1989 1989 1989 1989 1989 1989 2882 0 3109 0 0
87 84 84 84 0 0 0 0 0 0 1131 0 0 0 0 0 0 0 0 0 0 2058 1989 1989 1989 1989 1989 1989 1989 1989 2985 0 0 0
87 84 84 84 0 0 0 851 0 0 0 0 0 0 0 0 1651 0 0 0 1989 1989 1989 1989 1989 0 0 0 0 0 0 0 3112 0
0 84 0 0 0 647 0 0 980 857 857 0 0 1389 857 0 1656 1742 0 0 0 1989 1989 1989 0 0 0 0 2781 2268 0 0 0 0
0 84 84 84 84 0 0 857 857 857 857 0 0 857 857 1559 1656 0 0 0 1455 0 0 0 2341 2443 2443 2268 2268 2268 0 0 0 0
0 0 0 84 0 0 0 858 987 857 0 1223 1315 0 1460 1460 0 0 1455 1455 1455 0 0 0 2347 2448 2268 2268 2268 2268 0 0 0 0
0 241 241 84 84 84 0 0 987 857 857 857 0 1396 0 0 0 0 1455 1455 0 0 0 0 2356 2268 0 2268 2268 2268 0 3001 2902 0
0 246 0 0 0 84 0 0 0 0 0 857 0 0 0 0 0 0 0 0 0 2082 1455 0 2268 2268 2268 2268 2268 0 0 0 0 0
0 248 248 0 0 84 0 0 998 993 993 0 0 0 0 0 0 0 0 0 0 0 0 0 0 2268 2268 2268 0 0 0 3145 0 32648
0 248 248 84 84 84 765 765 0 0 0 144 0 1159 1006 0 1668 0 0 0 0 0 0 0 0 0 2268 2268 0 2904 2904 2904 0 0
0 0 0 0 0 0 0 0 0 0 0 0 0 0 0 0 0 0 0 0 0 0 0 0 0 0 0 0 0 0 0 0 0 0

# z = 20
0 0 256 383 84 0 0 0 879 677 0 1156 0 1159 0 0 1582 1327 1327 0 0 2016 0 0 0 0 2465 2268 0 2803 2803 3024 0 0
0 0 0 84 0 0 0 0 0 677 144 0 0 1159 0 0 1589 0 0 0 1941 0 2098 0 0 0 0 2268 0 0 0 0 0 0
0 0 144 144 0 0 0 0 888 677 144 0 0 0 0 0 0 1677 0 0 1941 1941 2100 1941 1941 0 0 0 2268 0 2912 2268 0 0
14 0 144 144 144 0 0 0 894 144 144 144 0 0 0 0 0 0 0 0 0 0 1941 0 2297 0 0 0 0 2268 2268 2268 2268 0
12 152 144 144 144 144 144 144 144 144 0 144 144 0 0 0 0 0 1783 1872 1689 0 0 0 0 2377 0 2591 0 2268 2268 2268 2268 0
0 0 144 144 144 144 144 144 144 144 144 144 144 0 0 0 0 0 0 1689 1689 1689 0 0 0 2379 0 0 0 2268 2268 0 2268 0
0 0 0 144 144 144 144 144 0 0 0 144 0 0 1261 1261 0 0 0 1689 1689 1689 1689 0 0 0 0 0 2718 2268 0 0 0 0
0 0 0 0 0 0 0 0 0 0 0 0 1261 1261 1261 1261 0 0 1689 1689 1689 0 0 0 0 0 0 0 2711 2268 2268 2268 0 0
0 0 294 0 0 590 590 590 270 270 270 0 1261 1261 1261 1261 0 1696 1689 1689 0 0 2126 0 2306 1350 0 0 2608 2268 2268 0 0 0
0 175 44 0 0 590 590 590 270 270 270 0 1261 1261 1261 1261 0 0 1689 1689 0 0 2126 1350 1350 1350 0 0 2608 2268 2268 0 0 0
0 175 44 44 0 0 590 270 0 270 270 0 0 1261 1261 0 0 0 1798 1689 0 0 2033 1350 1350 1350 0 0 0 2268 0 0 0 0
0 44 44 44 0 0 590 270 270 270 270 270 0 0 1358 1358 0 0 0 0 0 0 1350 1350 1350 1350 0 0 0 0 0 0 3189 0
0 44 44 44 0 0 590 270 270 270 270 0 0 0 1358 0 0 0 1802 1802 1802 0 0 0 0 0 0 0 0 2848 0 0 0 0
0 44 44 44 0 0 0 0 0 270 270 0 1281 0 0 0 0 0 0 1802 1802 1802 0 0 0 0 0 0 2043 2043 0 0 0 0
0 44 44 0 0 323 0 812 0 0 0 0 1116 1116 1116 0 0 0 0 0 1802 1802 1802 0 0 2043 2043 2043 2043 2043 0 0 0 0
0 0 0 430 323 323 323 323 0 0 0 0 1116 1116 1116 0 0 1531 1531 0 1802 0 0 0 2043 2043 2043 2043 2043 2043 2043 3075 0 0
0 0 323 323 323 323 323 323 0 0 0 0 1116 1116 1116 0 0 1531 1531 0 0 0 0 2043 2043 2043 2043 2043 2043 2043 2043 0 0 0
0 0 323 323 323 323 323 323 0 0 0 0 0 1116 1116 0 0 0 0 0 0 0 0 2043 2043 2043 2043 2043 2043 2043 0 3086 0 0
76 0 323 323 323 323 323 323 0 0 0 0 0 0 0 0 1637 255 255 0 1966 0 0 0 2043 2043 2043 2043 0 0 0 3085 0 0
76 0 0 323 0 323 323 323 323 0 0 0 0 0 1444 255 255 255 255 255 255 255 0 0 0 0 0 0 0 0 2968 3096 76 0
0 0 0 0 0 323 323 323 957 0 0 1197 0 1375 255 255 255 255 255 255 255 255 0 0 0 0 0 0 0 0 0 2969 0 0
0 84 0 0 0 626 0 0 0 0 1121 255 255 255 255 255 255 255 255 255 255 255 0 0 0 0 2530 2530 1989 0 0 0 3223 0
88 84 84 84 84 0 0 0 0 0 255 255 255 255 255 255 255 255 255 255 255 0 0 0 0 1989 1989 1989 1989 1989 0 0 84 0
87 84 84 84 84 0 0 0 0 1060 255 255 255 255 255 255 255 255 0 255 0 0 2159 1989 1989 1989 1989 1989 1989 1989 1989 0 3223 0
87 84 84 84 0 639 733 0 0 0 0 0 0 255 255 255 255 0 0 0 0 2058 1989 1989 1989 1989 1989 1989 1989 1989 0 3113 3223 0
87 84 84 84 548 0 0 0 974 1065 857 1211 0 0 0 0 1652 1652 1827 0 1989 1989 1989 1989 1989 1989 1989 0 0 0 0 0 3112 0
0 84 84 84 84 0 0 0 980 857 857 857 857 857 857 1557 1652 1652 1652 0 0 1989 1989 1989 1989 2438 0 0 2781 0 0 0 0 0
0 84 84 84 0 0 0 0 985 857 857 857 0 857 0 0 1652 0 0 1917 1455 0 0 2257 1989 0 2443 2268 2268 2268 2268 0 0 0
0 0 0 84 84 84 0 0 0 857 857 857 857 857 857 1565 0 0 1455 1920 1455 1455 0 0 0 0 2268 2268 2268 2268 0 0 3249 0
0 0 0 84 84 84 0 0 987 857 857 857 857 857 1466 1466 1327 1751 0 1920 1455 1455 2178 0 0 2268 2268 2268 2268 0 3005 0 0 0
0 0 376 84 84 0 0 0 0 857 857 857 857 0 0 1466 1327 1327 1327 0 2006 2082 0 0 0 2268 2268 2268 2268 2903 0 0 0 135168
0 0 0 84 84 0 0 0 999 993 1148 0 0 0 0 0 0 1327 0 0 0 0 2187 0 0 2268 2268 2268 2268 0 0 0 3260 0
131 0 248 84 84 0 766 0 0 0 1155 1238 0 0 1006 1580 1327 1327 1327 0 0 0 0 0 0 0 2574 0 2797 2803 2803 3024 0 2122523144
0 0 0 0 0 0 0 0 0 0 0 0 0 0 0 0 0 0 0 0 0 0 0 0 0 0 0 0 0 0 0 0 0 34

# z = 21
0 0 0 383 84 0 0 0 879 677 144 144 0 0 1410 1327 1327 1327 1327 0 0 2016 1941 0 0 0 0 0 2691 2803 0 0 0 0
0 0 0 0 84 0 0 773 677 677 144 144 0 0 0 1484 0 0 0 0 1941 1941 1941 1941 0 0 0 0 0 2808 0 0 0 0
0 0 263 0 0 0 0 0 677 0 0 0 0 0 1412 0 1594 1678 0 1867 1941 1941 1941 1941 1941 0 0 2581 2703 2812 2268 2268 2268 0
0 148 144 144 144 0 0 778 894 0 0 0 0 0 1414 0 1163 0 0 0 0 1941 1941 1941 1941 0 0 0 2707 2268 2268 2268 2268 0
0 148 144 144 144 144 144 144 144 144 144 0 0 0 0 0 1602 0 1783 1783 0 0 0 0 0 0 0 0 0 2268 2268 2268 0 0
0 0 0 144 0 144 144 144 144 144 144 144 144 0 0 0 0 0 1783 1689 0 0 0 2211 0 0 0 0 0 2268 0 0 0 0
0 0 0 144 506 144 144 0 0 0 0 0 0 0 1261 1261 0 0 0 1689 0 0 0 2213 1350 0 0 0 0 0 0 0 0 0
0 0 0 0 0 144 0 0 912 270 270 0 0 1261 1261 1261 0 0 1689 0 0 0 0 2213 1350 1350 0 0 0 2268 2268 0 0 0
0 0 0 0 0 0 0 0 270 270 270 0 1261 1261 1261 1261 0 0 1689 0 0 0 2126 1350 1350 0 0 0 0 0 2268 0 0 0
0 175 44 0 0 0 590 590 270 270 270 0 0 1261 1261 1261 0 1700 1689 1689 0 2033 2033 1350 1350 1350 0 0 2608 2268 2268 0 0 0
44 44 44 44 44 0 590 270 270 270 270 1177 0 1261 1261 1261 0 0 0 0 0 2033 2033 1350 1350 1350 0 0 0 2268 2937 0 0 0
0 44 44 44 44 0 0 270 270 270 270 0 0 0 1358 1358 0 0 0 0 0 2033 1350 1350 1350 1350 0 0 0 0 0 0 0 0
51 44 44 44 0 603 590 270 270 270 0 0 0 0 1358 1358 1624 0 0 1802 1802 0 0 1350 1350 0 0 0 0 0 0 0 0 0
51 44 44 44 0 0 0 0 0 0 0 0 1281 1362 0 0 0 0 0 1891 1802 1802 1802 0 0 0 0 2628 2043 2043 0 0 44 0
51 44 44 0 0 0 703 812 0 0 0 1189 1116 1116 1116 0 0 0 0 1887 1802 1802 1802 0 0 0 2043 2043 2043 2043 2043 0 3198 0
0 0 0 0 0 323 323 323 0 0 0 1116 1116 1116 1116 0 0 0 0 1887 1802 1802 1802 0 0 2043 2043 2043 2043 2043 2043 0 0 0
0 0 0 0 323 323 323 323 0 0 0 0 1116 1116 1116 1116 0 0 0 0 1802 2044 2145 0 2043 2043 2043 2043 2043 2043 2043 3079 0 0
0 0 323 0 323 323 323 323 0 0 0 0 1116 1116 1116 0 0 0 0 0 0 0 0 0 0 0 2043 2043 2043 2043 0 0 0 0
77 0 0 323 323 323 323 323 0 0 0 0 0 0 0 0 0 255 255 255 255 0 0 0 0 0 0 2043 2043 0 0 0 0 0
0 0 0 0 0 323 323 323 0 0 0 0 0 1371 255 255 255 255 255 255 255 255 0 0 0 0 0 0 0 0 0 3096 3217 0
0 0 0 0 0 0 323 323 0 0 0 0 1298 255 255 255 255 255 255 255 255 255 255 0 0 2418 0 0 2764 0 0 0 3220 0
0 84 0 0 539 627 721 0 0 1054 255 255 255 255 255 255 255 255 255 255 255 0 0 0 0 0 0 2530 1989 1989 0 0 0 0
88 84 84 84 84 632 0 0 0 1054 255 255 255 255 255 255 255 255 255 255 0 0 0 0 0 1989 1989 1989 1989 1989 0 0 0 0
0 84 84 84 84 0 0 0 968 964 255 255 255 255 255 255 255 255 255 255 0 0 2159 0 0 1989 1989 1989 1989 1989 1989 0 0 0
87 84 84 84 84 0 0 0 0 0 0 0 0 0 1450 255 255 255 0 0 0 2058 1989 1989 1989 1989 1989 1989 1989 1989 2986 3114 0 0
0 84 84 84 84 0 0 852 0 1066 857 857 0 1386 0 0 0 1652 1828 0 0 1989 1989 1989 1989 1989 0 0 2777 0 0 0 0 0
0 84 84 84 84 648 0 0 0 857 857 857 857 857 857 0 1652 1652 0 0 1992 1989 1989 1989 1989 0 0 2662 2662 0 0 0 0 0
0 84 84 84 0 0 750 0 0 857 857 857 857 857 857 0 1652 0 0 1917 1455 0 2172 0 2342 0 0 0 2268 2895 0 0 0 0
0 84 84 0 84 84 84 84 988 857 857 857 857 857 857 1566 0 0 0 1920 1455 1455 2172 0 0 0 2268 2268 2268 0 0 3130 0 0
117 0 0 0 0 84 84 0 0 857 857 857 857 857 0 1466 1327 1327 0 1920 1455 1455 1455 0 0 2268 2268 2268 0 0 0 0 0 0
0 0 376 84 84 84 0 0 994 857 857 0 857 0 0 1466 1327 1327 1327 0 1455 1455 1455 2274 0 2268 2268 2268 2268 0 0 0 0 0
0 0 84 0 0 84 0 0 0 0 0 0 857 0 0 1466 1327 1327 1327 0 1455 1455 1455 2276 0 0 2268 2268 2268 0 3013 0 0 0
0 254 84 84 84 0 0 876 0 0 0 144 0 0 1480 1327 1327 1327 1327 0 0 0 0 0 0 2460 0 0 2691 2803 3013 0 0 21984
0 0 0 0 0 0 0 0 0 0 0 0 0 0 0 0 0 0 0 0 0 0 0 0 0 0 0 0 0 0 0 0 0 0

# z = 22
0 0 257 84 84 84 0 768 677 677 144 0 0 1327 1327 1327 1327 1327 0 0 0 0 0 0 0 0 0 0 2692 0 0 0 0 0
10 0 0 84 84 0 677 677 677 677 144 144 0 0 0 0 0 1674 0 0 1941 1941 1941 1941 1941 0 0 2579 2698 0 0 0 0 0
0 0 0 0 0 0 0 677 677 677 0 0 0 0 0 0 1594 1163 0 0 1941 1941 1941 1941 0 0 0 0 2698 2812 2268 0 0 0
0 148 144 144 0 581 0 0 895 0 0 0 0 0 0 1495 1163 1163 0 0 0 1941 1941 1941 0 0 0 0 2462 2268 2268 0 0 0
12 0 144 144 144 144 144 144 0 0 0 0 0 0 1417 1163 1163 0 0 0 0 0 1941 1941 0 0 2481 0 0 0 0 0 3161 0
0 0 0 144 144 144 144 784 905 0 0 0 0 0 0 0 0 0 0 0 0 2024 0 1941 1941 0 0 2594 2713 0 0 0 3161 0
24 159 0 0 144 144 144 0 0 1024 0 0 0 0 0 0 0 0 0 0 0 0 2115 0 0 2382 0 0 0 0 0 0 24 0
0 19 0 405 144 144 0 0 912 270 270 0 0 0 1261 0 0 0 0 0 0 0 0 2213 1350 1350 0 2603 2724 2268 2268 3047 3168 0
0 0 0 0 0 0 0 0 270 270 270 1171 1267 0 1261 0 0 0 0 0 0 0 2127 1350 1350 1350 0 0 2724 2268 2268 0 0 0
0 0 0 0 0 0 0 590 270 270 270 0 0 1261 1261 1261 0 0 0 0 0 2033 2033 1350 1350 0 0 0 0 2268 0 3055 2934 0
0 44 44 44 44 0 590 270 270 270 270 0 0 1261 1261 0 0 0 0 0 0 2033 2033 1350 1350 0 0 0 0 0 2937 2934 2934 0
0 44 44 44 44 0 0 270 270 270 270 0 0 0 1358 1358 0 0 0 0 0 0 1350 1350 1350 1350 0 0 0 0 2941 2941 0 0
0 44 44 44 44 0 0 0 270 270 0 0 0 0 1358 1358 0 0 0 1887 1802 1802 1350 1350 1350 1350 0 0 0 0 0 3066 0 0
51 44 44 44 44 0 0 0 0 0 0 0 1281 1116 0 0 0 0 0 1887 1802 1802 0 1350 1350 0 0 0 2043 0 0 0 3198 0
51 44 44 44 44 0 0 0 0 0 1116 1116 1116 1116 1116 0 0 0 0 1887 1802 1802 1802 0 0 0 0 2043 2043 0 2043 0 3198 0
51 44 44 0 0 323 323 0 0 0 0 1116 1116 1116 1116 0 0 0 1810 1810 1802 1802 1802 1802 0 0 0 2043 2043 0 2043 0 3198 0
0 0 0 0 0 323 323 0 0 1042 0 1116 1116 1116 1116 1116 0 0 0 1810 1802 1802 1802 0 0 0 2043 2043 2043 0 2043 0 0 0
0 0 0 0 0 323 323 0 0 1042 0 0 1116 1116 1116 1116 1631 0 1812 0 0 1802 1802 1802 0 0 2043 2043 2043 0 2043 0 0 0
78 0 0 0 0 323 323 0 0 0 0 0 0 0 0 0 0 0 255 255 0 1802 1802 0 0 0 0 0 2755 0 0 0 78 0
78 0 0 0 0 0 0 0 0 0 0 0 0 0 0 255 255 255 255 255 255 255 0 0 2320 0 0 0 0 0 2969 2969 3218 0
78 0 339 200 200 0 0 0 958 0 0 0 1298 255 255 255 255 255 255 255 255 255 0 0 2320 2320 2320 0 2764 0 2969 3098 78 0
0 205 0 0 200 200 0 0 0 0 255 255 255 255 255 255 255 255 255 255 255 255 2156 0 0 0 0 2648 1989 0 0 0 0 0
0 0 0 84 84 0 0 0 964 964 255 255 255 255 255 255 255 255 255 255 0 0 0 0 0 0 0 1989 1989 0 0 3105 3105 0
90 0 84 84 84 0 0 0 0 964 255 255 255 255 255 255 255 255 255 255 0 0 2159 0 0 0 1989 1989 1989 1989 1989 0 0 0
0 0 0 84 84 0 0 0 0 0 0 0 0 0 255 255 0 0 0 0 0 2059 1989 1989 1989 1989 1989 1989 0 1989 1989 0 0 0
98 0 84 84 0 0 741 0 975 1066 0 0 0 0 0 0 0 1652 0 0 1990 1989 1989 1989 1989 0 0 1989 2778 0 0 0 0 0
0 0 84 84 84 0 0 0 0 0 857 857 857 857 857 0 0 0 0 1914 1990 0 1989 1989 0 0 0 0 0 0 2994 0 0 0
0 0 84 84 84 84 84 84 0 857 857 857 857 857 857 0 1659 0 0 1917 0 0 0 0 0 0 2554 0 2268 0 1814 1814 0 0
0 238 84 84 84 84 84 84 0 0 0 857 857 857 857 0 0 1748 0 1917 1455 1455 0 2264 0 2449 2268 2268 0 0 3002 3131 0 0
0 238 84 84 84 0 0 0 0 0 0 0 857 0 1467 1466 1327 1327 0 0 1455 2077 0 2269 0 0 0 2268 2268 0 3006 3138 0 0
0 238 84 0 0 84 0 867 0 0 0 0 0 0 0 1466 1327 1327 1327 1926 1455 1455 1455 1455 0 0 0 2268 0 0 0 0 0 1953368576
0 238 84 84 0 0 762 872 1000 0 0 0 0 0 0 1466 1327 1327 0 0 0 0 2188 2277 0 0 0 0 0 0 0 0 0 0
0 238 0 84 84 0 0 677 677 144 0 1240 0 1406 1327 1327 1327 1327 1856 0 0 2092 0 0 0 0 0 0 2799 0 0 0 0 -1289735582
0 0 0 0 0 0 0 0 0 0 0 0 0 0 0 0 0 0 0 0 0 0 0 0 0 0 0 0 0 0 0 0 0 1365938928

# z = 23
0 0 84 84 84 0 0 768 677 677 144 0 0 1332 1327 1327 0 0 0 0 0 0 0 0 0 0 0 2577 2462 2462 0 0 0 0
0 138 0 84 84 0 678 677 677 677 144 0 0 0 0 0 0 1675 0 0 1941 1941 1941 1941 1941 0 2470 2462 0 0 0 0 0 0
0 0 0 0 0 0 0 0 889 0 0 0 0 0 0 1490 1163 1163 0 0 1941 1941 1941 1941 0 0 2476 2462 2462 2462 2462 0 0 0
0 0 0 144 0 581 144 779 895 0 0 0 0 0 1415 1163 1163 1163 0 0 1941 1941 1941 1941 0 0 2478 2462 2462 2462 0 0 0 0
19 153 144 144 144 144 144 0 0 0 0 0 0 0 1417 1163 1163 1163 1163 0 1941 1941 1941 1941 0 0 2478 2462 0 0 0 0 3161 0
19 19 144 144 144 144 144 0 0 0 0 0 0 0 1417 0 1163 0 0 0 0 2024 1941 1941 0 0 0 2462 0 0 0 3039 2268 0
19 19 0 401 144 144 0 0 0 1025 0 0 0 0 0 0 0 0 0 0 0 0 1941 1941 0 2383 0 0 2719 2719 2928 3039 3169 0
0 164 0 0 0 0 0 0 912 270 270 0 0 0 0 0 0 0 0 0 0 0 0 0 1350 1350 0 0 2724 2268 2268 2268 0 0
32 0 0 0 0 0 0 794 270 270 270 1171 1267 1267 0 0 0 0 1793 0 0 0 2127 1350 1350 1350 0 0 2724 2268 2268 0 32 0
32 0 0 0 0 0 693 270 270 270 270 0 1267 1267 0 0 1622 1622 1622 0 0 0 2033 1350 1350 0 0 0 0 0 2934 2934 2934 0
32 0 0 0 0 0 0 0 270 270 270 270 0 0 0 0 1622 1622 1622 0 0 2033 2033 1350 1350 0 0 0 0 0 0 2934 0 0
0 0 0 44 0 0 0 0 270 270 270 0 0 0 1358 0 1622 1622 1622 0 0 0 1350 1350 1350 1350 0 2623 2736 0 0 2941 3190 0
52 182 44 44 44 0 0 0 270 270 0 0 0 0 0 1358 0 0 0 0 0 0 1350 1350 1350 1350 0 0 0 0 0 0 3194 0
51 44 44 44 0 0 0 0 0 0 0 1182 1116 1116 1116 0 0 0 0 0 1802 1802 0 0 1350 1350 0 0 0 0 0 0 3198 0
0 44 44 44 44 44 0 0 0 0 0 1116 1116 1116 1116 0 0 0 0 1887 1802 1802 1802 1802 0 0 0 0 0 2858 0 0 3198 0
65 44 0 0 44 0 0 0 0 0 0 1116 1116 1116 1116 1116 0 0 0 1810 1802 1802 1802 1802 1802 0 0 2043 2043 2043 2043 0 0 0
0 0 0 0 0 0 0 0 942 0 0 1116 1116 1116 1116 1116 0 0 0 0 1802 1802 1802 1802 0 0 0 2043 0 2043 2043 0 0 0
0 0 0 0 0 0 711 0 942 942 0 0 1116 1116 1116 1116 0 0 0 0 1802 1802 1802 1802 0 0 0 0 0 2043 2043 0 0 0
79 0 0 0 0 0 0 0 0 942 0 0 0 0 0 0 0 1717 255 0 0 2047 1802 1802 0 0 0 0 2756 0 0 3092 0 0
79 0 334 0 0 0 0 0 0 0 0 0 0 0 0 0 255 255 255 255 255 255 0 0 0 2414 2320 0 0 0 0 0 3218 0
78 0 330 200 200 200 0 0 959 0 0 0 0 0 0 0 255 255 255 255 255 255 255 0 2320 2320 2320 2320 0 0 0 3099 0 0
0 0 200 200 200 200 0 0 0 0 255 255 255 0 0 0 255 255 255 255 0 0 0 0 2326 2320 2531 0 0 2878 0 3103 3103 0
0 0 343 200 0 0 0 0 965 964 255 255 255 255 255 0 255 255 255 255 0 0 0 0 2329 0 0 1989 0 0 0 0 0 0
0 218 348 200 0 0 727 845 845 255 255 255 255 0 255 0 0 0 0 0 0 0 0 0 0 0 0 0 1989 0 0 0 0 0
0 218 99 0 546 640 734 0 0 0 0 0 0 0 0 0 0 0 0 1912 0 0 0 2246 0 0 1989 1989 0 0 0 0 0 0
99 99 84 459 0 0 741 741 0 0 0 0 0 0 0 0 0 0 0 1307 0 1989 1989 2246 0 0 1989 1989 0 0 2989 0 0 0
0 0 84 84 554 0 0 855 0 1068 0 857 857 0 0 0 0 0 0 0 0 0 0 0 0 0 0 0 2782 2782 1814 1814 0 0
0 0 84 84 84 84 84 84 0 0 857 857 0 0 0 0 0 0 0 0 0 0 0 2258 1307 0 0 0 0 2782 1814 1814 0 0
0 0 84 84 84 84 84 0 0 0 0 0 857 857 0 0 0 0 1834 0 0 0 2175 1307 1307 0 0 2673 0 2782 1814 1814 1814 0
0 0 84 84 84 84 84 0 0 0 0 0 0 1397 0 1466 1327 0 1834 0 0 0 1307 0 1307 0 0 0 2793 0 1814 0 0 0
0 0 0 84 84 84 0 0 0 0 0 0 0 0 0 0 1327 0 1581 1581 2007 2083 0 0 2360 0 0 0 0 0 1814 0 0 1489954309
0 0 84 84 84 0 0 0 1000 0 1149 0 0 0 0 1466 1327 1327 1849 0 0 2083 0 0 0 0 2570 2687 2795 2462 3014 0 3261 0
132 238 84 84 84 0 0 877 677 144 144 144 1326 1406 1327 1327 1327 1327 0 1935 2014 0 0 2283 0 2461 0 2462 2462 0 0 0 0 32648
0 0 0 0 0 0 0 0 0 0 0 0 0 0 0 0 0 0 0 0 0 0 0 0 0 0 0 0 0 0 0 0 0 32764

# z = 24
0 0 257 84 0 0 0 0 0 677 0 0 0 1332 1327 1327 0 0 0 0 0 2017 0 0 0 0 2466 2462 2462 2462 2909 0 0 0
0 0 136 389 0 0 0 0 0 1008 0 0 0 0 0 0 0 1675 0 0 0 1941 1941 1941 0 0 2466 2462 2462 2462 0 0 0 0
0 0 0 0 0 0 0 0 0 1012 0 0 0 1337 0 1490 1163 1163 1163 0 1941 1941 1941 1941 0 0 2466 2462 2462 2462 2462 0 0 0
0 0 0 144 144 0 144 0 0 0 0 0 0 0 1415 1163 1163 1163 1163 0 1941 1941 1941 1941 0 0 2478 2462 2462 2462 0 0 0 0
19 0 0 0 144 144 144 0 0 0 0 0 1255 1163 1163 1163 1163 1163 1163 0 1941 1941 1941 1941 0 0 2478 2462 2462 2462 0 0 3161 0
19 19 0 0 0 144 0 0 0 0 0 0 1255 1163 1163 1501 1163 1163 1163 0 0 0 1941 1941 0 0 2478 2462 0 0 0 3040 2268 0
19 19 0 0 0 0 0 0 909 1026 0 0 1163 1163 1163 1501 1163 1163 0 0 0 0 0 2214 0 0 0 2599 0 2719 2719 0 0 0
27 27 0 0 0 0 688 270 270 270 270 0 0 0 0 0 0 0 0 0 0 0 0 2219 1350 1350 0 0 0 2719 2268 2268 0 0
32 0 0 0 0 0 690 270 270 270 270 1172 0 0 0 0 1618 1697 1622 0 0 0 0 1350 1350 1350 2492 0 2728 0 0 0 3177 0
32 176 0 0 0 0 693 270 270 270 270 0 0 1267 0 0 1622 1622 1622 1622 0 0 2033 1350 1350 0 2492 0 2731 0 2934 2934 2934 0
32 32 0 418 514 594 0 0 270 270 270 0 0 0 0 0 1622 1622 1622 0 0 2035 2033 1350 1350 1350 1350 2618 2734 0 0 2934 3183 0
0 0 0 418 0 598 0 0 0 270 0 0 0 0 0 0 1622 1622 0 0 0 0 1350 1350 1350 1350 1350 2624 2736 2736 0 2934 2934 0
52 182 0 0 0 0 0 806 0 0 0 0 0 0 0 0 0 0 0 0 0 0 0 1350 1350 1350 0 0 0 0 0 0 44 0
60 44 44 44 0 606 44 0 0 0 0 1183 0 1116 0 0 0 0 0 0 0 1802 0 0 1350 0 0 0 0 0 0 0 3198 0
60 44 44 44 0 44 44 44 0 0 0 1116 1116 1116 1116 0 0 0 0 0 1802 1802 1802 0 0 0 0 0 2744 0 0 0 3198 0
0 44 44 431 528 44 44 44 0 0 0 1116 1116 1116 1116 1534 0 0 0 0 0 1802 1802 1802 0 0 0 0 0 0 0 0 3198 0
0 0 0 0 528 44 44 44 0 0 0 1116 1116 1116 1116 1116 0 0 0 0 0 1802 1802 1802 1802 0 0 0 0 0 0 3080 0 0
0 0 0 438 324 44 0 44 0 0 0 0 1116 1116 1116 0 0 0 0 0 0 1802 1802 1802 1802 0 2515 0 0 0 2960 2636 2636 0
0 0 330 0 0 0 0 0 947 0 0 0 1290 1116 1116 0 0 0 0 0 1967 0 0 0 0 0 0 0 0 0 0 3093 0 0
79 0 330 200 0 0 0 0 0 0 0 0 0 1372 0 0 0 0 255 0 255 255 0 0 2321 2415 0 0 0 0 0 0 3219 0
0 0 330 200 0 0 0 0 0 0 0 0 0 0 0 0 255 255 255 255 255 255 255 0 2320 2320 2320 2320 0 2873 0 3100 3221 0
0 206 200 200 200 200 0 0 0 1055 0 0 0 0 0 0 255 255 255 255 255 255 0 0 0 0 0 0 0 0 0 0 0 0
0 0 200 200 200 633 0 0 966 1058 1125 255 0 0 0 0 0 0 0 0 255 0 0 0 0 0 0 0 2772 0 0 0 0 0
0 0 0 0 0 0 0 0 845 255 255 0 1305 1305 0 0 1647 1733 1307 0 0 0 0 0 0 0 0 0 0 0 0 0 0 0
0 0 0 0 0 641 735 0 636 0 0 0 0 1385 0 1551 0 1307 1307 1307 0 0 0 0 0 0 0 0 0 0 0 3115 0 0
0 228 0 0 549 0 742 643 0 0 0 0 0 0 0 1307 1653 1307 1307 0 0 0 0 0 0 0 2547 0 0 2888 1814 1814 0 0
0 0 0 0 0 649 649 643 0 0 0 0 0 0 0 0 1657 1307 1307 0 0 0 2169 0 0 0 0 0 0 2782 1814 1814 1814 0
0 236 0 84 84 84 84 0 0 0 0 0 0 0 0 0 0 0 0 0 0 2071 1307 1307 1307 1307 0 0 2785 2782 1814 1814 1814 0
0 0 0 0 84 84 84 0 0 0 0 0 0 0 0 0 0 0 1834 0 0 2074 1307 1307 1307 1307 0 0 2788 2782 1814 1814 0 0
0 0 84 84 84 84 84 84 0 0 0 1226 1318 0 0 0 1327 1752 1581 1581 0 0 1307 1307 1307 0 0 0 2788 2462 1814 0 0 0
0 0 84 84 84 84 84 0 995 0 1146 1229 0 0 0 1574 0 1752 1581 1581 0 0 2182 1307 0 0 0 2685 2462 2462 1814 0 0 0
0 0 0 0 84 0 84 0 0 1083 0 0 0 0 0 1466 0 1661 1581 1581 0 0 0 0 0 0 2571 2571 2462 2462 0 0 0 0
0 0 84 84 84 0 0 0 0 144 144 0 1327 1327 1327 1327 0 1661 0 0 0 0 0 0 0 0 0 0 2462 2462 0 0 0 0
0 0 0 0 0 0 0 0 0 0 0 0 0 0 0 0 0 0 0 0 0 0 0 0 0 0 0 0 0 0 0 0 0 5795

# z = 25
0 136 136 84 0 0 0 0 0 0 0 0 0 1332 1327 0 1581 1581 0 0 0 0 0 0 0 0 2466 2462 2462 2462 2462 1814 0 0
0 0 136 0 0 577 679 0 0 0 0 0 0 0 0 0 0 0 1772 0 0 0 0 0 0 2371 2471 0 2462 2462 2462 1814 0 0
0 0 0 0 0 0 0 0 0 0 0 0 0 0 0 0 1163 1163 1163 0 0 0 1941 2201 0 0 2466 2462 2462 2462 2462 0 0 0
15 0 0 0 0 0 0 0 0 0 0 0 0 1338 1415 1163 1163 1163 1163 0 0 0 1941 0 0 0 0 2462 2462 2462 2462 0 0 0
0 0 0 0 0 0 0 0 0 0 0 1163 1163 1163 1163 1163 1163 1163 1163 1163 0 1941 1941 0 0 0 0 2462 2462 2462 2462 0 0 0
0 0 0 0 0 0 0 0 0 1020 0 1164 1163 1163 1163 0 1163 1163 1163 1163 0 0 0 0 2304 0 2478 2462 0 2826 0 3040 3040 0
0 19 0 402 402 270 270 788 270 270 270 0 1163 1163 1163 0 1163 0 1163 1163 0 0 0 2215 1350 1350 0 0 0 0 0 0 0 0
0 0 0 0 270 270 270 270 270 270 0 0 1163 1163 1163 0 0 0 0 0 0 0 0 2215 1350 1350 0 0 0 2719 0 0 0 0
34 0 0 0 0 270 270 270 270 270 0 0 0 0 0 0 0 0 0 0 0 2029 0 1350 1350 1350 0 0 0 0 0 3051 2934 0
32 177 0 0 0 270 270 270 270 270 1108 0 0 0 0 0 1622 1622 0 0 0 2029 0 1350 1350 0 2492 1350 2732 0 0 2934 2934 0
32 0 0 0 514 595 0 0 0 0 0 0 0 0 0 0 0 0 0 0 1959 1350 2033 1350 1350 0 1350 1350 2734 0 0 0 2934 0
0 0 305 419 419 419 0 0 0 0 0 0 0 0 0 0 0 0 0 0 1350 1350 1350 1350 1350 1350 1350 2625 2734 0 0 2934 3191 0
0 183 0 423 419 0 0 0 0 0 0 0 1277 0 0 0 0 0 1803 1888 1350 0 1350 0 1350 1350 0 0 0 0 2945 0 3196 0
60 0 0 0 0 0 0 0 0 0 0 1184 1116 1116 1116 0 0 1705 1350 1350 0 0 0 0 0 0 0 0 0 2852 2948 0 0 0
0 0 0 0 0 44 0 44 0 0 1117 1116 1116 1116 1116 0 0 0 0 0 0 0 1802 0 0 0 0 0 0 0 0 0 3198 0
0 0 0 0 0 44 44 44 0 1040 0 1116 1116 1116 1116 0 0 0 0 0 0 0 1802 1802 0 0 0 0 2746 2636 0 0 0 0
0 0 324 324 528 44 44 44 44 0 0 1116 1116 1116 1116 1116 0 0 0 0 0 0 1802 1802 0 0 0 2636 2636 2636 2636 2636 0 0
0 0 327 324 324 44 44 44 44 0 0 0 1116 1116 1116 0 0 0 1813 1543 0 0 1802 1802 0 0 0 0 2753 2636 2636 2636 2636 0
0 0 0 0 0 44 44 44 44 44 0 0 0 1116 1116 0 0 0 0 0 0 0 0 0 0 0 2518 0 0 2636 0 2636 0 0
0 200 330 0 0 0 44 44 44 44 0 0 0 1372 1116 0 0 0 1815 0 1969 0 0 0 0 0 0 0 0 0 0 0 0 0
0 200 200 200 0 0 0 832 44 44 0 0 1299 1376 1116 0 0 0 0 1904 1904 255 2154 0 0 0 0 0 0 2874 1307 0 0 0
0 0 200 200 0 0 0 0 44 0 0 0 1301 1194 0 0 0 0 0 0 255 255 0 0 0 0 2532 2649 2768 1307 1307 1307 0 0
0 211 0 200 0 0 0 0 966 0 0 0 1194 1194 0 0 1646 1731 0 0 1984 255 2158 0 0 0 0 2654 1307 1307 1307 3106 0 0
91 219 0 0 0 0 0 846 636 255 0 0 1306 1305 0 1549 1307 1307 1307 0 0 0 0 0 0 0 0 0 0 1307 0 0 0 0
0 219 0 0 0 641 0 636 0 0 0 0 0 0 1451 1307 1307 1307 1307 1307 1307 0 2163 0 0 0 0 0 0 0 0 0 0 0
0 0 353 0 549 643 643 643 0 0 0 1212 1313 992 0 1307 1307 1307 1307 1307 1307 1307 1307 1307 1307 2435 0 0 0 0 1814 0 0 0
2 0 0 467 0 643 643 0 0 0 0 1216 992 992 0 1307 1307 1307 1307 1307 1307 1307 1307 1307 1307 1307 0 0 2783 2782 1814 1814 1814 0
0 0 0 0 0 643 0 0 0 0 1138 992 992 1392 1458 1560 0 1744 1307 0 0 1307 1307 1307 1307 1307 1307 0 2783 2782 1814 1814 1814 0
0 0 365 0 0 0 84 0 0 0 1136 992 0 0 0 0 0 0 0 0 0 0 1307 1307 1307 1307 2560 0 0 2782 1814 1814 1814 0
0 0 0 477 84 84 84 0 0 0 1136 992 0 0 0 1568 1661 1752 1581 0 0 0 1307 1307 1307 0 0 2678 2462 2462 1814 1814 0 0
0 0 0 477 84 84 0 0 0 0 0 0 0 0 0 1575 1661 1661 1581 1927 0 0 0 1307 0 0 0 0 2462 2462 1814 1814 0 0
0 249 0 0 0 668 0 0 1001 0 0 0 1321 0 0 0 1661 1661 1581 1581 0 0 2189 0 0 0 2572 0 0 0 0 0 0 0
0 0 0 0 0 0 0 0 0 0 0 1241 0 1327 1327 1327 1669 1581 1581 0 0 0 0 0 0 0 0 0 2800 2462 0 3150 0 0
0 0 0 0 0 0 0 0 0 0 0 0 0 0 0 0 0 0 0 0 0 0 0 0 0 0 0 0 0 0 0 0 0 0

# z = 26
0 0 0 0 0 0 0 0 0 0 0 992 0 0 0 0 0 0 0 0 0 0 0 0 0 0 2462 2462 2462 2462 2462 1814 0 0
11 0 0 0 0 0 0 0 0 0 0 0 0 0 0 0 0 0 0 0 0 0 0 0 0 0 2472 2462 2462 2462 2462 1814 1814 0
11 0 0 0 0 0 0 0 0 0 0 0 0 0 0 0 0 0 0 0 0 0 0 0 0 0 2466 2462 2462 2462 2462 1814 1814 0
0 149 0 0 0 0 0 0 0 0 0 0 0 0 1415 1163 0 1163 1163 0 0 0 0 0 0 0 0 2462 2462 2462 2462 1814 0 0
0 0 0 0 0 583 0 0 0 0 0 0 0 1163 1163 1163 1163 1163 1163 1163 0 0 0 2207 1350 0 0 0 2462 2462 0 0 0 0
0 0 270 400 503 270 270 0 906 1020 0 1164 1163 1163 1163 1163 1163 1163 1163 1163 0 0 2109 1350 0 2380 0 2595 2714 2462 0 3041 3166 0
0 0 0 403 270 270 270 270 270 270 0 1166 1163 1163 1163 0 0 0 1163 0 0 0 2109 1350 1350 1350 2488 0 0 0 0 0 0 0
0 0 286 286 270 270 270 270 270 270 270 1169 1163 1163 1163 0 0 0 0 0 0 0 1945 1350 1350 1350 0 0 0 2833 0 3048 0 0
0 0 286 270 270 270 270 270 270 1029 0 0 1163 1163 0 1516 0 0 0 0 0 2030 2128 0 1350 1350 0 2609 0 0 0 0 0 0
0 0 0 0 270 270 270 270 270 270 270 0 0 0 0 0 0 0 1795 0 0 1350 1945 1350 1350 0 0 0 0 0 2935 0 2934 0
0 0 0 0 270 270 270 270 0 0 0 0 0 0 0 0 1623 0 1799 1350 1350 1350 1350 1350 1350 1350 0 2619 0 0 2938 2938 2934 0
0 0 305 420 419 419 270 0 0 0 0 0 0 0 0 0 1623 1350 1350 1350 1350 1350 1350 1350 1350 1350 1350 0 2737 0 0 0 0 0
0 0 310 424 419 419 0 0 929 0 1113 0 0 1361 0 0 0 1350 1350 1350 1350 1350 1350 0 1350 2398 1350 0 0 0 0 3067 0 0
0 0 184 424 524 0 0 0 929 0 0 1184 1116 1116 1437 0 0 1350 1350 1350 1350 1350 0 0 0 0 0 0 2741 2853 0 0 0 0
0 190 0 0 0 0 0 0 0 0 0 1116 1116 1116 1116 0 0 0 1350 1350 1350 0 0 0 2313 0 0 0 0 2859 0 3069 0 0
0 0 0 432 0 0 44 44 0 0 0 1116 1116 1116 1116 0 0 0 0 0 0 0 0 0 2315 0 0 0 2746 2636 2636 0 0 0
0 0 0 324 324 44 44 44 44 0 0 0 1116 1116 1116 0 0 0 0 0 0 0 0 0 0 2404 2513 2637 2636 2636 2636 2636 0 0
0 0 328 324 324 44 44 44 44 1044 0 0 1116 1116 1116 0 0 0 1813 1543 0 0 2149 0 0 0 0 0 2636 2636 2636 2636 0 0
0 0 0 0 0 44 44 44 44 44 0 0 0 0 1116 0 0 0 1543 0 0 2048 1968 0 0 0 2519 0 2636 2636 2636 0 0 0
0 200 335 0 0 44 44 44 44 44 0 0 0 1373 1116 1116 0 0 1816 0 1970 1968 1968 1968 0 0 2522 0 0 2636 0 0 0 0
0 200 200 0 0 0 0 832 44 44 0 1198 1194 1194 1116 0 0 0 0 0 1904 2051 1968 1968 0 0 2526 0 2765 1307 1307 1307 0 0
85 0 200 0 0 0 0 0 0 0 0 1194 1194 1194 1116 0 0 1727 0 0 255 1968 1968 1968 0 0 2526 1307 1307 1307 1307 1307 85 0
85 212 212 0 0 0 0 841 0 0 0 1194 1194 1194 0 0 1646 1307 1307 0 0 1968 0 0 0 0 2526 1307 1307 1307 1307 1307 1307 0
85 220 85 0 544 0 728 846 636 0 0 0 1194 0 0 1549 1307 1307 1307 1307 1307 0 2160 0 0 0 2421 1307 1307 0 0 0 1307 0
0 0 0 0 0 0 0 849 636 0 0 0 0 0 1451 1307 1307 1307 1307 1307 1307 1307 1307 0 2334 0 1307 1307 1307 0 0 0 0 0
0 0 353 353 353 644 0 0 0 0 0 1213 1314 0 1307 1307 1307 1307 1307 1307 1307 1307 1307 1307 1307 0 0 0 0 0 1814 3121 0 0
103 0 355 353 353 643 643 0 0 0 1136 992 992 992 0 1307 1307 1307 0 0 1307 1307 1307 1307 1307 1307 0 0 2783 2782 1814 1814 0 0
0 0 360 0 0 0 0 0 0 0 1136 992 992 1392 0 1307 0 0 0 0 0 0 1307 1307 1307 1307 0 2668 2783 2782 0 0 0 0
0 0 366 0 0 0 754 0 0 0 1136 992 0 1392 1461 0 0 0 0 0 0 0 0 1307 1307 1307 2561 0 0 2782 1814 1814 1814 0
0 242 0 0 0 0 0 862 990 0 1136 992 992 0 0 0 0 1752 1581 0 0 0 0 0 0 0 0 2678 2462 2462 1814 1814 1814 0
122 0 0 0 0 0 758 868 0 0 992 992 992 0 0 0 1661 1661 1581 1581 0 0 0 0 0 0 0 2678 2462 2462 1814 1814 1814 -1288205184
0 0 0 0 570 0 0 255 0 0 0 0 0 0 1473 0 0 1661 1581 1581 0 0 0 0 0 0 0 0 0 2462 1814 1814 1814 2
133 0 0 0 0 0 0 0 1002 0 0 1241 0 0 1327 1581 1581 1581 1581 0 0 0 0 0 0 2462 2462 2462 2462 2462 1814 1814 1814 0
0 0 0 0 0 0 0 0 0 0 0 0 0 0 0 0 0 0 0 0 0 0 0 0 0 0 0 0 0 0 0 0 0 34

# z = 27
6 2 2 0 0 0 0 769 0 0 0 0 0 0 0 0 0 0 0 0 0 0 0 0 0 0 0 2462 2462 2462 0 0 0 0
6 2 0 0 0 0 0 0 0 1009 0 1160 780 0 1411 780 0 0 0 0 0 0 0 0 0 0 2472 2462 2462 2462 2462 1814 1814 0
6 2 0 0 496 0 0 0 890 1009 780 780 780 0 0 0 1595 1679 0 0 0 0 0 0 2292 0 0 2462 2462 2462 2462 1814 0 0
6 0 0 397 270 270 0 0 0 0 0 780 0 0 0 0 1599 1163 0 1870 0 2023 1945 2204 1350 1350 0 0 2462 2462 2462 3032 3157 0
2 0 0 397 270 270 270 0 0 0 0 0 0 0 1418 1163 1163 1163 1163 0 0 1945 1945 1350 1350 1350 2482 0 0 0 2921 0 3157 0
22 0 270 270 270 270 270 270 270 0 0 0 1259 1163 1418 0 0 1163 1163 0 0 0 1945 1350 1350 1350 2482 2482 0 0 2924 0 0 0
0 0 270 270 270 270 270 270 270 270 1105 1166 1163 1163 0 0 0 0 0 0 1952 2025 1945 1350 1350 2384 0 0 0 0 0 0 0 0
0 0 0 270 270 270 270 270 270 0 0 1170 1163 1163 0 0 0 0 0 0 1954 2028 1945 1350 1350 0 0 2604 2725 2388 2388 0 0 0
28 0 286 270 270 270 270 270 270 270 270 0 1163 1163 0 0 0 1698 0 0 1350 1350 1945 1350 0 0 0 2388 2388 2388 2388 2388 2388 0
0 0 0 270 270 270 270 270 270 270 270 0 0 0 0 0 0 1698 1350 1350 1350 1350 1350 0 0 0 2495 2388 0 2388 2388 2388 0 0
0 0 0 0 270 270 270 270 0 0 0 0 0 0 0 0 1623 1350 1350 1350 1350 1350 1350 1350 0 1350 0 2388 0 0 2388 0 0 0
0 0 306 0 0 270 270 0 0 1037 807 0 0 0 0 1526 1623 1350 1350 1350 1350 1350 1350 1350 0 0 0 0 0 0 0 0 0 0
0 184 184 424 419 419 0 0 929 807 1114 0 0 0 0 0 1350 1350 1350 1350 1350 0 0 0 0 0 0 0 0 0 0 0 0 0
0 0 184 184 0 0 0 809 809 807 0 0 0 1116 0 0 0 1350 1350 1350 1350 0 0 0 0 0 0 0 0 0 0 0 0 0
64 191 0 184 0 0 0 0 0 0 0 1116 1116 1116 1116 0 0 0 1350 1350 1350 0 2138 1968 1968 1968 1968 0 0 2860 0 3070 0 0
53 0 0 0 0 611 44 0 0 0 0 0 1116 1116 1116 0 0 0 0 0 0 0 2138 1968 1968 1968 0 0 0 0 0 2629 2629 0
0 0 0 435 0 44 44 44 44 0 0 0 0 1116 1116 0 0 0 0 0 0 2045 1968 1968 1968 2404 2513 2638 2749 2636 2636 0 0 0
0 0 0 324 324 44 44 0 0 0 0 0 0 0 1116 0 0 0 1813 1543 0 2042 1968 1968 0 2407 2407 2407 0 2636 2636 0 3210 0
0 0 0 0 324 44 44 44 0 0 0 0 0 0 0 0 0 1718 1543 0 0 2042 1968 1968 0 0 2407 0 2757 2636 0 0 0 0
0 0 0 0 0 44 44 44 44 0 0 0 1295 1194 1116 0 0 1543 0 0 0 1968 1968 1968 1968 0 2523 0 0 0 0 0 0 0
0 0 0 448 0 0 0 0 0 0 0 1198 1194 1194 1116 0 0 0 0 0 1976 1968 1968 1968 1968 0 0 2646 0 1307 1307 1307 0 0
85 0 0 0 0 0 0 0 0 0 0 1194 1194 1194 0 0 0 0 0 0 0 1968 1968 1968 0 0 2526 1307 1307 1307 0 1307 0 0
85 85 85 0 0 0 0 0 0 1059 0 1194 1194 0 0 0 1646 1307 1307 1307 0 1968 0 1968 0 0 2526 1307 1307 1307 1307 1307 3229 0
85 85 349 0 0 0 729 636 0 1061 0 0 0 0 1447 1307 1307 1307 1307 1307 1307 0 0 0 0 2425 1307 1307 1307 1307 0 0 1307 0
0 226 0 457 0 0 736 636 636 0 0 0 0 0 1447 1307 1307 1307 1307 1307 1307 1307 0 0 2334 1307 1307 1307 1307 0 2987 0 0 0
0 0 353 353 353 0 0 0 0 0 0 1213 0 1387 1307 1307 1307 1307 1307 1307 1307 2063 1307 1307 1307 1307 0 0 0 0 0 3122 0 0
0 0 0 353 353 0 0 0 0 0 1136 992 992 1390 1307 1307 1307 1307 0 0 0 2067 1307 1307 1307 2439 1307 0 0 2782 0 1814 3241 0
0 0 0 0 557 0 0 0 0 0 1136 992 992 0 0 0 0 0 1831 0 0 0 2173 0 0 1307 0 0 0 0 0 0 0 0
0 0 0 0 0 0 0 0 0 0 1136 992 992 0 0 0 0 0 0 0 0 2075 0 0 0 0 0 0 0 0 0 1814 0 0
0 242 118 478 0 0 755 755 0 0 1136 992 992 0 0 1569 0 0 0 0 2001 0 2179 0 0 0 2565 0 0 0 0 1814 1814 0
0 0 0 0 569 666 759 255 0 0 992 992 992 992 0 0 0 1755 0 0 0 2084 1756 0 0 0 2565 2678 2462 2462 1814 1814 1814 32648
0 0 0 0 0 669 0 255 255 0 992 992 992 0 0 0 0 1661 1581 1581 0 2089 1756 2278 0 0 0 2678 2462 2462 1814 1814 1814 0
0 0 0 0 0 0 767 255 255 1089 992 992 0 0 1481 0 0 0 1857 0 0 0 2192 0 0 0 2462 2462 2462 2462 1814 1814 1814 0
0 0 0 0 0 0 0 0 0 0 0 0 0 0 0 0 0 0 0 0 0 0 0 0 0 0 0 0 0 0 0 0 0 0

# z = 28
6 2 2 384 0 0 255 0 880 0 0 0 0 0 0 0 0 1672 1769 0 0 1756 1756 1756 0 0 0 0 0 0 0 3025 3154 0
6 2 0 0 0 578 0 0 0 1009 780 780 780 780 780 0 0 1676 0 1862 0 0 0 0 2288 0 2473 2462 0 2462 2462 0 0 0
6 2 0 0 0 580 0 777 0 1009 780 780 780 780 780 1491 0 1676 0 1868 0 2021 2101 0 2292 0 0 2462 0 0 0 1814 1814 0
6 2 0 397 270 270 0 0 0 780 780 780 780 0 0 0 0 0 0 0 0 2021 1945 1350 1350 2374 0 0 2708 0 0 0 0 0
2 0 0 397 270 270 270 270 0 0 0 780 0 1341 0 0 1163 1163 0 0 1947 1945 1945 1350 1350 1350 0 0 2712 0 0 3036 1814 0
2 0 0 270 270 270 270 270 270 0 0 0 0 0 0 0 0 1163 0 0 1947 1945 1945 1350 1350 1350 0 0 0 0 2925 3042 0 0
0 160 281 270 270 270 270 270 270 270 1106 0 1163 0 0 0 0 0 0 0 1952 1945 1945 1350 1350 0 0 0 0 2830 2925 0 0 0
28 0 0 0 270 270 270 0 270 0 0 0 0 0 0 0 0 1690 1350 1350 1350 2028 0 0 0 0 0 2604 2388 2388 2388 2388 28 0
0 0 0 270 270 270 270 270 270 270 270 0 0 0 0 0 1619 1350 1350 1350 1350 1350 0 0 0 2387 2493 2388 2388 2388 2388 2388 2388 0
28 0 297 270 270 270 270 270 270 0 270 0 0 0 0 0 0 1350 1350 1350 1350 1350 1350 0 0 2392 2496 2388 2388 2388 2388 2388 2388 0
41 0 0 0 270 270 270 270 919 0 1110 0 0 0 0 1522 1350 1350 1350 1350 1350 1350 1350 0 0 0 2496 2388 2388 2388 2388 0 2388 0
0 0 0 0 0 270 270 270 0 1037 807 0 0 0 1432 1350 1350 0 1350 1350 1350 0 0 0 0 0 0 2626 2738 0 0 3061 0 0
53 185 0 0 0 604 0 0 930 807 807 0 0 0 1432 1350 1350 1350 1350 1350 1350 0 0 0 0 0 2504 1968 0 0 2946 0 0 0
53 187 314 0 0 0 0 809 809 807 0 0 0 0 0 1350 0 1350 1350 1350 1350 0 0 2227 2311 1968 1968 0 0 0 2629 2629 53 0
53 53 317 0 0 0 0 0 807 0 0 0 0 0 0 0 0 0 0 1350 0 0 2139 1968 1968 1968 1968 0 0 2860 0 2629 2629 0
53 53 320 0 0 611 44 0 0 0 0 0 0 0 0 0 0 0 0 0 0 2042 1968 1968 1968 1968 0 2635 0 0 2955 2629 0 0
0 0 0 436 530 0 44 44 0 0 0 0 0 0 1441 0 0 0 0 0 0 2042 1968 1968 1968 0 2513 2407 2750 0 0 3081 0 0
0 0 0 439 324 44 44 44 0 0 0 0 0 1370 807 0 0 1715 1543 1543 0 2042 1968 1968 1968 2407 2407 2407 0 0 0 3087 0 0
80 67 0 439 324 44 44 0 0 0 0 0 0 0 0 0 0 1543 1543 0 0 2042 1968 1968 0 0 2407 2407 0 0 0 0 0 0
67 0 0 0 324 44 44 829 0 1049 0 1194 0 0 0 0 0 1543 0 0 1971 1968 1968 1968 1968 0 0 0 2760 0 2970 2970 67 0
0 0 0 0 0 0 0 0 0 0 0 1194 1194 0 0 1546 0 0 0 0 1977 1968 1968 1968 1968 0 2527 0 0 1307 0 0 0 0
0 0 0 0 0 0 0 0 961 86 0 1194 1194 0 0 1548 1643 1728 0 0 0 1968 1968 1968 1968 0 2526 1307 1307 1307 0 0 3224 0
85 85 0 0 0 0 0 0 86 86 0 0 1194 0 0 0 1643 1307 1307 1307 0 0 1968 1968 0 2421 2421 1307 1307 1307 1307 3107 3107 0
85 85 349 0 545 636 636 636 0 86 0 0 1307 1383 0 1550 1307 1307 1307 1307 0 0 0 0 0 2426 1307 1307 1307 1307 2981 2981 1307 0
0 0 0 0 0 0 636 636 636 0 0 0 1307 1307 1307 1307 1307 1307 1307 1307 1307 0 0 0 0 1307 1307 1307 1307 1307 0 0 0 0
100 0 0 460 0 0 0 0 636 0 0 0 0 1307 1307 1307 1307 1307 1307 1307 0 0 0 2250 1307 1307 1307 1307 0 0 0 0 0 0
100 0 356 0 0 650 0 0 0 0 0 992 0 0 1307 1307 1307 1307 1307 1307 0 0 0 0 1307 1307 0 1307 0 2891 0 3124 100 0
0 0 100 0 557 0 0 0 0 0 1136 992 0 0 0 0 1660 0 0 0 0 0 0 0 1307 1307 1307 0 0 0 0 0 0 0
0 0 100 0 0 659 0 0 0 0 1136 992 992 0 0 0 0 0 1835 1921 0 2075 0 0 2348 1307 0 0 0 2900 0 3132 3250 0
118 118 100 0 0 662 255 255 991 0 1136 992 992 992 0 1570 0 0 1838 1756 1756 1756 0 0 0 2451 0 0 0 0 0 0 0 0
0 118 100 100 0 255 0 255 0 0 992 992 0 0 0 1462 0 0 0 1756 1756 1756 1756 1756 1756 0 0 2678 2462 2462 1814 0 0 136
0 0 0 0 0 0 763 255 0 0 0 992 992 0 0 0 0 1761 0 0 1756 1756 1756 1756 1756 0 0 2678 2462 2462 0 3146 1814 9
0 0 0 0 0 674 255 255 255 0 0 0 0 0 1482 0 0 1486 1486 0 1756 1756 1756 0 0 0 0 2462 2462 2462 1814 1814 1814 136
0 0 0 0 0 0 0 0 0 0 0 0 0 0 0 0 0 0 0 0 0 0 0 0 0 0 0 0 0 0 0 0 0 34

# z = 29
6 0 258 0 489 0 0 0 0 0 0 0 0 0 0 0 1584 1672 1486 0 0 0 1756 0 0 0 0 0 0 0 2910 1814 1814 0
6 139 0 390 493 0 0 0 885 0 780 780 780 780 780 0 1584 1486 1486 0 0 0 0 0 2288 0 0 0 0 0 0 1814 1814 0
0 0 0 0 493 0 0 0 891 780 780 780 780 780 780 0 1596 1486 1486 0 0 2021 1945 1350 1350 1350 0 0 0 0 2913 0 0 0
6 2 0 0 493 270 0 0 896 780 780 780 780 0 0 0 0 0 0 0 0 2021 1945 1350 1350 0 0 2585 0 0 2462 1814 1814 0
2 0 0 397 270 270 270 270 0 780 780 780 0 0 0 0 0 0 0 0 1947 1945 1945 1350 1350 1350 0 0 0 0 2462 1814 1814 0
2 0 271 270 270 270 270 270 0 0 0 0 1260 0 0 1502 1606 0 0 0 1951 1945 1945 1350 1350 1350 0 0 0 0 0 0 0 0
0 0 0 270 270 270 270 270 270 0 0 1167 0 0 0 0 0 0 0 0 1952 1952 1945 1350 0 0 0 2600 2388 2388 2388 2388 0 0
0 165 287 270 270 270 270 270 270 0 0 0 1264 1345 0 0 0 1690 1350 1350 1350 1350 1945 0 0 0 2490 2388 2388 2388 2388 2388 2388 0
36 0 0 270 270 270 270 270 270 0 0 0 1268 0 0 1517 1517 1350 1350 1350 1350 1350 0 0 0 0 2490 2388 2388 2388 2388 2388 2388 0
0 0 298 270 270 270 270 270 0 0 0 0 0 1350 0 1521 1350 1350 1350 1350 1350 1350 1350 0 0 0 2496 2388 2388 2388 2388 0 2388 0
0 0 0 0 515 270 270 270 0 0 1111 0 0 1354 0 1350 1350 1350 1350 1350 1350 1350 1350 0 0 0 2496 2388 2388 2388 2388 2388 2388 0
47 0 0 0 0 0 270 0 925 807 807 0 0 0 1433 1350 1350 1350 1350 1350 1350 1350 0 0 0 0 0 0 0 0 2388 0 0 0
0 0 311 0 0 0 0 0 925 807 807 1180 0 0 1432 1350 1350 1350 1350 1350 1350 0 0 0 0 0 2504 1968 0 2849 2629 2629 0 0
53 187 0 0 0 607 0 0 807 807 807 0 0 0 0 1350 1350 1350 1350 1350 1350 0 0 2228 1968 1968 1968 2629 2629 2629 2629 2629 0 0
53 53 0 0 0 0 0 0 807 807 807 807 0 0 0 0 0 0 1350 1350 0 0 0 1968 1968 1968 1968 2629 2629 0 2629 2629 2629 0
53 192 0 0 529 324 44 818 0 807 807 807 807 807 0 0 0 0 0 1350 0 2042 1968 1968 1968 1968 2510 2635 2747 2862 2629 2629 0 0
0 193 0 0 526 44 44 44 0 0 807 807 807 807 807 0 0 1712 1543 0 0 2042 1968 1968 1968 0 2513 2407 0 0 2629 2629 0 0
73 198 0 0 324 44 0 0 944 0 0 807 807 807 807 1537 1632 1543 1543 0 0 2042 1968 1968 1968 0 0 2407 0 0 2961 2866 0 0
67 67 0 0 324 44 0 0 948 0 0 0 807 807 0 0 1632 1543 1543 0 0 2042 1968 1968 1968 0 0 0 0 2868 2866 2866 2866 0
67 67 336 0 0 0 0 0 952 1050 0 0 0 807 0 1543 1543 1543 0 0 1972 1968 1968 1968 1968 0 0 0 0 0 2866 0 0 0
67 67 67 0 0 0 0 0 86 0 0 0 0 0 0 0 0 0 0 0 1968 1968 1968 1968 1968 1968 0 0 0 1307 0 0 0 0
0 0 0 0 0 0 0 835 86 86 86 0 1302 0 1446 1446 1307 0 0 0 1968 1968 1968 1968 1968 0 2533 1307 1307 0 0 0 3225 0
0 0 0 0 0 0 0 842 0 86 86 0 0 0 0 1446 1307 1307 1307 1307 0 1968 1968 2242 0 0 2421 1307 1307 0 0 3108 3107 0
93 221 0 0 0 636 636 636 636 86 86 0 0 1383 1448 1307 1307 1307 1307 1307 0 0 0 0 0 0 1307 1307 1307 0 2982 0 0 0
0 0 0 0 0 636 636 636 636 0 86 0 1307 1307 1307 1307 1307 1307 1307 1307 1987 0 2164 0 0 0 1307 0 1307 1307 2988 0 0 0
100 100 100 461 0 0 0 636 636 255 0 0 1307 1307 1307 1307 1307 1307 1307 1307 0 0 0 2251 2064 0 0 1307 0 1307 0 0 100 0
100 100 100 0 0 0 0 0 981 0 0 0 0 0 0 0 1307 1307 1307 0 0 0 2170 2064 2064 0 2550 2550 0 0 2995 3125 3124 0
100 100 100 0 0 0 0 0 0 0 0 992 0 0 0 1561 0 0 0 0 0 2072 0 2064 2064 0 2550 0 0 0 0 0 3124 0
0 0 100 472 0 659 255 0 0 0 0 992 992 992 1462 1462 1462 1749 1835 0 1999 1756 0 2064 2064 0 0 0 0 0 0 3132 2998 0
0 0 0 0 564 255 255 255 0 0 1136 992 992 992 1468 1462 0 0 1835 1756 1756 1756 0 0 2357 0 0 0 0 0 0 2998 2998 0
0 118 0 482 255 0 255 255 996 1080 0 0 0 0 1468 1462 1462 0 1835 1756 1756 1756 1756 1756 0 0 0 0 0 0 3009 3142 3142 0
127 250 0 0 571 0 255 255 0 0 0 0 0 1398 1468 1462 0 1762 0 1756 1756 1756 1756 1756 0 0 2573 2573 0 0 0 3142 3262 50
0 0 0 0 255 0 255 255 255 0 0 0 0 0 0 0 1486 1761 1486 1936 0 0 1756 1756 0 0 0 2462 2462 2462 0 1814 1814 0
0 0 0 0 0 0 0 0 0 0 0 0 0 0 0 0 0 0 0 0 0 0 0 0 0 0 0 0 0 0 0 0 0 0

# z = 30
0 0 0 385 255 255 255 0 881 0 0 0 1247 0 0 0 1585 1486 1486 0 0 0 0 0 0 0 0 0 2693 2462 2462 1814 1814 0
6 140 0 0 255 255 680 0 886 1010 780 780 780 780 0 1485 1584 1486 1486 0 0 2020 0 0 0 0 0 0 0 2804 2462 0 0 0
0 0 0 0 0 0 0 0 891 780 780 780 780 780 0 0 0 1486 1486 0 0 0 0 1350 1350 0 0 0 0 2804 2462 0 0 0
6 0 0 0 0 270 0 0 887 780 780 780 780 0 0 0 1600 1486 0 0 1945 1945 1945 1350 1350 1350 0 0 0 2804 2462 0 0 0
2 0 0 397 501 270 270 0 780 780 780 780 780 0 1419 0 0 0 0 0 0 1945 1945 1350 1350 1350 0 0 0 0 2462 1814 1814 0
0 0 272 270 270 270 270 0 907 1021 780 780 780 0 0 0 0 0 1786 1350 1951 1945 1945 1350 1350 0 0 0 0 0 2926 1814 1814 0
0 0 0 0 270 270 270 270 0 0 780 780 780 0 0 0 1610 1350 1350 1350 1350 1350 1945 1350 1350 0 0 0 0 0 0 0 0 0
28 0 0 0 0 270 270 270 270 0 0 0 0 0 0 0 1610 1350 1350 1350 1350 1350 1350 1350 0 0 2490 2388 2388 2388 0 2388 2388 0
29 171 0 0 270 270 270 270 270 270 0 0 0 0 0 0 0 1350 1350 1350 1350 1350 0 0 0 2388 2388 2388 2388 2388 2388 2388 2388 0
29 29 0 270 270 270 270 270 270 0 0 0 0 1350 1350 1350 1350 1350 1350 1350 1350 1350 1350 0 0 2388 2388 2388 2388 2388 2388 2388 2388 0
29 29 0 0 0 0 270 270 0 1034 0 0 0 1350 1350 1350 0 1350 1350 1350 1350 1350 1350 0 0 0 2388 2388 2388 0 2388 2388 2388 0
0 0 0 0 0 0 270 0 925 807 807 0 0 1359 1350 1350 1350 1350 1350 1350 1350 1350 1350 0 0 0 2388 2388 2388 2845 0 0 0 0
54 0 0 0 521 0 0 807 807 807 807 0 0 0 0 1350 1350 1350 1350 1350 1350 0 0 0 0 0 0 0 2739 2629 0 2629 0 0
53 53 0 0 0 608 0 0 807 807 807 0 0 1363 0 0 1350 1350 1350 1350 1350 0 0 0 0 2399 1968 0 2629 0 2949 2629 0 0
53 0 0 0 526 324 44 0 0 807 807 807 807 807 0 0 0 0 1350 1350 0 0 0 0 1968 0 1968 0 2629 0 2629 0 2629 0
53 0 0 0 526 324 44 819 939 807 807 807 807 807 807 0 0 0 0 0 0 2042 1968 1968 1968 1968 0 0 0 0 2629 2629 2629 0
0 0 0 0 526 44 44 44 0 807 807 807 807 807 807 807 0 1713 1543 1897 0 2042 1968 1968 1968 0 0 0 0 0 0 2629 0 0
73 67 0 0 0 619 0 0 0 0 0 807 807 807 807 807 1632 1543 1543 0 0 2042 1968 1968 1968 0 0 0 0 2866 2866 2866 2866 0
67 67 67 0 0 0 0 0 948 1046 0 0 807 807 0 1540 1632 1543 1543 0 1968 1968 1968 1968 1968 0 0 0 0 0 0 2866 2866 0
67 67 67 0 0 0 715 715 86 1046 0 0 0 0 0 0 1543 1543 0 0 1968 1968 1968 1968 1968 0 0 2645 2761 0 2971 0 0 0
67 0 0 0 0 0 718 0 86 86 86 86 0 1377 0 0 0 0 0 0 1968 1968 1968 1968 1968 0 0 0 0 0 0 3101 0 0
0 0 0 450 0 0 722 0 86 86 86 86 0 0 0 1446 0 1729 0 0 1968 1968 1968 1968 1968 1968 0 2650 0 0 0 0 3226 0
0 0 0 454 0 0 0 842 0 86 0 0 0 0 0 1446 1307 1307 1307 0 0 1968 1968 0 0 0 0 0 0 2881 0 0 0 0
0 0 0 0 0 0 0 636 636 0 0 1206 0 1383 1307 1307 1307 1307 1307 1307 0 0 0 0 0 2427 0 0 0 2883 2983 0 0 0
0 0 0 458 0 0 636 636 0 1062 0 1208 1311 1307 1307 1307 1307 1307 1307 1307 0 0 0 0 0 2427 2542 0 0 1307 0 3116 0 0
100 100 0 0 0 645 636 636 636 255 0 0 0 1307 1307 1307 0 1307 1307 1307 0 2064 2064 2064 2064 2427 0 0 0 0 0 0 100 0
100 0 100 100 0 0 0 0 636 0 0 0 0 0 0 0 0 0 1307 0 0 0 0 2064 2064 0 2551 2663 0 0 2996 0 0 0
100 100 0 0 0 0 751 0 0 1071 0 992 992 0 0 1562 0 1745 0 0 1997 0 0 2064 2064 0 0 0 0 0 2998 2998 2998 0
112 100 0 473 561 659 255 0 0 0 1141 992 992 992 0 0 1462 1749 1835 1756 1756 1756 0 0 2064 0 0 0 0 0 2998 2998 2998 0
0 0 0 479 255 255 255 0 0 0 1136 992 992 992 0 1462 0 0 1839 1756 1756 1756 1756 1756 2064 0 0 0 0 0 0 2998 3252 0
0 0 0 361 255 255 255 0 0 1081 1081 0 0 0 0 1462 1462 1756 1756 1756 1756 1756 2183 0 0 0 0 0 0 0 3009 3009 0 -104
0 0 0 0 255 255 255 255 0 1081 0 0 0 0 1474 0 0 1756 1756 1756 1756 1756 1756 0 0 0 0 0 0 0 0 3147 1814 0
134 0 381 0 255 255 255 0 0 0 0 0 0 0 0 0 0 1761 1486 0 0 1756 1756 1756 0 0 0 0 0 2462 1814 1814 0 34
0 0 0 0 0 0 0 0 0 0 0 0 0 0 0 0 0 0 0 0 0 0 0 0 0 0 0 0 0 0 0 0 0 33

# z = 31
7 0 0 385 255 255 255 0 0 0 0 0 1247 0 0 0 1585 1486 1486 0 0 0 0 0 0 2368 0 0 0 2804 2462 1814 1814 0
0 0 0 0 255 255 0 774 887 780 780 780 780 780 0 1486 1486 1486 1486 1863 0 0 0 2198 2289 0 0 0 0 0 0 0 0 0
13 2 0 0 0 0 681 0 887 780 780 780 0 0 0 0 1597 1486 1486 0 0 0 2102 1350 1350 0 0 0 0 0 0 0 0 0
2 2 0 0 0 0 0 780 780 0 780 780 780 1339 0 0 0 0 0 0 0 1945 1945 1350 1350 1350 2479 2586 0 2815 2462 1814 1814 0
2 0 0 0 0 270 0 0 780 780 780 780 780 780 0 0 0 0 0 1873 1948 0 1945 1350 1350 1350 0 0 0 2822 2462 1814 1814 0
0 0 273 0 0 0 0 785 0 780 780 780 780 780 0 1503 0 1686 0 0 1951 1945 0 1350 1350 0 2484 2596 0 0 0 1814 0 0
0 0 282 0 0 0 0 270 910 780 0 1168 780 780 780 0 0 1350 1350 1350 1350 1350 1945 1350 1350 0 0 0 2720 0 0 0 3170 0
29 0 288 0 0 270 270 270 0 0 0 0 1265 0 0 0 1610 1350 1350 1350 1350 1350 0 0 0 0 0 0 0 0 0 2388 2388 0
29 0 0 0 512 591 270 270 0 0 0 0 0 0 0 1518 1350 1350 1350 1350 1350 1350 1350 0 0 0 0 0 0 2388 0 0 0 0
29 0 0 413 0 0 0 0 0 1030 0 0 1269 0 1350 1350 1350 0 1350 1350 1350 1350 0 0 0 0 2388 2388 2388 2388 0 0 0 0
29 179 179 38 516 0 0 0 920 1035 807 1178 0 1350 1350 1350 1350 1350 1350 1350 1350 1350 1350 0 0 2394 2388 2388 2388 0 0 2388 2388 0
0 0 0 0 518 0 0 0 0 807 807 807 807 0 0 1350 1350 1350 1350 1350 0 0 0 0 0 0 0 2388 0 0 0 0 0 0
55 0 0 0 522 0 0 0 807 807 807 807 807 0 0 1528 1350 1350 1350 1350 0 0 0 0 0 0 0 0 2739 2629 0 2629 0 0
53 53 315 0 0 609 0 0 807 807 807 807 807 807 0 0 0 1350 1350 1892 0 0 0 0 0 0 0 0 2629 0 2949 2629 0 0
53 53 0 0 526 324 44 0 0 807 807 807 807 807 807 1532 0 0 1350 1895 0 0 0 0 0 0 0 0 2629 0 2629 2629 2629 0
53 53 0 0 526 324 44 0 0 0 0 807 807 807 807 0 0 0 0 0 0 0 0 0 0 2403 0 0 0 0 2629 2629 2629 0
0 194 0 0 526 44 44 0 0 0 807 807 807 807 807 807 0 1713 0 0 0 0 1968 0 0 0 0 0 0 0 0 0 0 0
73 0 0 0 0 0 44 824 0 0 0 807 807 807 807 1538 0 1543 1543 0 0 0 1968 1968 0 0 0 0 0 0 2866 2866 2866 0
67 67 0 0 0 622 86 86 86 0 0 0 0 807 1442 1442 1638 1543 0 0 0 0 1968 1968 1968 0 0 0 0 0 0 0 0 0
67 0 0 0 0 0 86 86 86 86 0 0 0 0 1442 1442 1543 0 0 0 1968 1968 1968 1968 1968 0 2524 0 2762 0 0 0 0 0
0 202 0 0 536 625 86 0 86 86 0 1199 0 0 0 0 0 0 0 0 1968 1968 1968 1968 0 0 2528 2647 0 0 0 0 0 0
0 201 0 0 0 0 0 836 86 86 1122 0 0 0 0 1446 1307 1307 0 0 1968 1968 1968 0 0 0 2322 0 2769 0 2977 0 0 0
0 86 86 86 86 0 0 843 0 0 0 0 0 1382 0 1446 0 1307 1307 0 0 0 0 0 0 2422 2322 2322 0 0 0 0 0 0
94 222 0 86 86 0 0 636 0 0 1128 0 1308 1308 0 1307 1307 0 1307 1307 0 0 0 0 0 0 0 0 0 2884 0 0 0 0
0 0 0 0 0 0 0 636 0 1062 1132 1209 0 1307 1307 0 1307 0 1307 1307 0 0 0 0 0 0 0 0 0 0 0 0 0 0
101 100 100 462 0 0 743 636 636 255 0 1214 0 0 1307 1307 1654 1307 0 0 0 0 0 2064 0 2436 0 0 0 0 0 0 0 0
100 100 100 0 0 0 746 746 636 0 1137 0 0 0 1307 0 1658 0 1829 0 1993 0 2171 0 2064 0 0 2664 0 2892 0 0 0 0
107 0 0 0 0 653 752 636 0 0 255 1218 0 0 1459 1563 0 0 0 0 1997 1756 0 2064 2064 0 2555 0 2786 0 2999 2998 0 0
0 100 0 474 255 255 255 0 0 0 1141 992 0 0 1463 1567 0 0 1836 1756 1756 1756 1756 0 2064 0 2555 2674 2789 0 2998 2998 0 0
0 0 0 361 255 255 255 0 992 992 992 992 992 992 0 0 0 0 1836 0 1756 1756 1756 0 0 0 0 0 0 0 3007 0 3253 0
0 0 0 0 255 255 255 255 0 0 992 992 0 992 0 1462 1664 1757 1756 1756 1756 1756 1756 0 0 2456 0 0 0 0 0 3143 0 -1
0 0 378 0 255 255 255 255 0 1084 0 0 0 0 0 0 1664 1756 1756 1756 1756 2090 1756 0 2364 2279 0 0 0 0 3015 0 0 0
2 0 0 0 255 255 255 0 0 0 0 0 1328 0 0 0 0 0 0 1756 1756 1756 0 0 2279 0 0 0 0 0 0 0 0 0
0 0 0 0 0 0 0 0 0 0 0 0 0 0 0 0 0 0 0 0 0 0 0 0 0 0 0 0 0 0 0 0 0 0

# z = 32
2 0 0 255 255 255 255 0 0 0 0 0 0 0 0 0 0 0 0 0 0 0 2095 0 2285 0 0 0 0 0 2462 1814 1814 0
0 141 0 391 255 255 255 775 0 0 0 780 0 0 0 0 1590 1590 1486 1864 0 0 0 0 0 0 0 0 0 0 0 0 0 0
2 2 2 0 0 0 0 0 887 0 0 780 0 0 0 0 0 0 0 0 0 0 2103 1350 0 0 0 0 0 0 0 0 0 0
2 2 0 0 0 582 0 0 0 892 780 780 0 0 0 0 0 0 1773 0 1946 0 1945 1350 1350 0 0 2587 0 2816 2462 1814 0 0
2 0 0 0 0 0 0 0 0 780 0 780 0 780 0 0 0 0 0 0 0 0 1945 1350 1350 0 0 2592 0 2823 0 0 1814 0
0 0 0 0 0 0 0 0 0 780 0 0 0 0 0 0 1607 0 0 0 1951 0 0 1350 1350 0 2485 0 0 0 0 1814 1814 0
0 161 0 0 507 0 687 0 0 1027 0 0 0 780 0 0 1611 1687 1350 1350 0 1350 1945 1350 1350 0 0 2597 0 0 0 0 0 0
30 0 289 38 0 0 0 0 0 0 0 0 0 780 1425 0 1610 1350 1350 1350 1350 1350 0 1350 1350 0 2486 0 0 2834 0 0 30 0
29 0 166 38 0 592 0 795 914 0 0 0 0 780 0 0 1350 1350 1350 1350 1350 1350 0 0 0 2389 0 2390 2729 2838 0 3052 3052 0
42 0 299 38 38 0 0 0 0 1031 0 0 0 1351 0 1350 1350 1350 0 1350 1350 1350 0 0 0 0 0 0 0 0 0 3053 3052 0
45 180 0 38 517 38 0 0 921 917 807 0 0 0 0 0 1350 1350 1350 1350 0 0 0 2222 1814 1814 2500 0 0 0 0 3059 2388 0
0 0 307 421 38 38 0 0 0 807 807 807 807 1360 0 0 0 1350 1350 1350 0 0 2131 1814 1814 0 0 0 0 2846 0 0 0 0
0 0 38 38 38 0 0 0 807 807 807 807 807 807 0 1529 0 0 0 0 0 0 1814 1814 0 0 0 0 0 0 2947 2629 3197 0
0 188 0 38 38 0 0 810 0 807 807 807 807 807 807 807 0 0 0 0 0 0 0 0 0 0 0 0 0 2854 2850 0 0 0
53 0 318 38 38 610 0 813 935 807 807 807 807 807 807 807 0 0 0 0 0 0 0 0 0 0 2506 0 0 2850 2629 2629 2629 0
53 0 0 0 0 0 0 0 0 0 807 807 807 807 807 807 807 0 0 0 0 0 0 0 0 0 2506 0 0 0 0 2629 2629 0
67 0 325 0 0 615 707 0 0 0 0 807 807 807 807 0 0 0 0 0 0 0 0 0 0 0 2506 2506 0 0 0 3076 67 0
67 0 0 0 0 620 712 0 945 0 0 0 807 807 807 807 1633 0 0 0 0 0 0 0 0 0 2506 2506 0 0 2962 2866 2866 0
67 0 0 440 86 86 86 0 949 86 0 0 0 0 0 0 1638 0 0 0 0 0 0 0 0 0 0 0 2758 0 0 2866 0 0
67 0 337 86 86 0 0 86 86 86 0 0 1291 0 0 1544 0 0 0 0 0 0 2152 0 0 0 2525 0 0 0 0 0 0 0
0 201 86 86 86 86 86 0 0 0 0 0 0 0 0 0 0 0 0 0 0 0 0 0 0 0 2322 2322 0 0 0 0 0 0
0 201 0 0 0 0 86 86 86 0 0 0 0 1380 0 0 0 0 0 0 0 0 0 0 2322 2322 2322 2322 0 0 0 0 3227 0
0 86 86 86 86 86 86 0 967 0 0 1204 0 0 0 1446 1307 0 1821 1307 0 0 0 0 2322 2322 2322 0 2773 0 0 0 0 0
0 86 86 86 0 0 0 636 636 255 255 255 0 0 1449 1307 1307 0 1307 1307 0 0 2161 0 2322 2322 2322 2322 2322 0 0 0 3104 0
86 86 86 0 0 0 0 0 0 255 0 255 255 0 1307 1307 1307 1307 1307 1307 1988 0 0 0 0 2322 2322 0 0 0 0 0 3104 0
0 0 354 463 86 0 0 636 636 255 255 0 255 0 1307 1307 0 1307 1307 0 0 0 0 0 0 0 2322 0 0 0 0 0 0 0
100 233 100 0 0 0 0 636 636 0 255 0 0 0 1307 0 0 0 0 0 0 0 0 0 2064 0 0 2665 0 2893 0 0 0 0
100 233 0 0 558 654 255 0 0 0 0 0 0 0 0 0 0 0 0 0 1994 1756 0 0 0 0 0 0 0 0 0 0 100 0
100 0 361 361 255 255 255 0 0 1073 0 0 0 1394 0 0 0 0 1836 0 1756 1756 0 0 0 0 0 0 0 0 0 2998 0 0
0 0 0 361 255 255 0 863 0 992 0 992 992 992 0 0 0 0 1836 1756 1756 1756 1756 0 0 2452 0 0 0 0 0 0 0 -1289254556
123 0 0 361 0 255 255 255 0 992 992 992 992 992 0 0 0 1758 1756 1756 1756 0 2184 0 0 2452 0 0 0 0 0 0 0 144
0 251 0 361 0 255 255 255 0 0 0 0 992 992 0 0 0 1756 1756 1756 1756 0 0 0 2361 2279 0 0 0 0 0 3148 0 0
134 0 0 0 255 255 255 255 0 1090 0 0 0 0 0 0 0 1763 0 1756 0 0 2193 2279 2279 2463 0 0 0 0 0 0 0 264
0 0 0 0 0 0 0 0 0 0 0 0 0 0 0 0 0 0 0 0 0 0 0 0 0 0 0 0 0 0 0 0 0 1731105076

# z = 33
0 0 0 0 0 0 0 0 0 0 0 0 0 0 0 0 0 0 0 0 0 0 0 0 0 0 0 0 0 0 0 0 0 0
0 0 0 0 0 0 0 0 0 0 0 0 0 0 0 0 0 0 0 0 0 0 0 0 0 0 0 0 0 0 0 0 0 0
0 0 0 0 0 0 0 0 0 0 0 0 0 0 0 0 0 0 0 0 0 0 0 0 0 0 0 0 0 0 0 0 0 0
0 0 0 0 0 0 0 0 0 0 0 0 0 0 0 0 0 0 0 0 0 0 0 0 0 0 0 0 0 0 0 0 0 0
0 0 0 0 0 0 0 0 0 0 0 0 0 0 0 0 0 0 0 0 0 0 0 0 0 0 0 0 0 0 0 0 0 0
0 0 0 0 0 0 0 0 0 0 0 0 0 0 0 0 0 0 0 0 0 0 0 0 0 0 0 0 0 0 0 0 0 0
0 0 0 0 0 0 0 0 0 0 0 0 0 0 0 0 0 0 0 0 0 0 0 0 0 0 0 0 0 0 0 0 0 0
0 0 0 0 0 0 0 0 0 0 0 0 0 0 0 0 0 0 0 0 0 0 0 0 0 0 0 0 0 0 0 0 0 0
0 0 0 0 0 0 0 0 0 0 0 0 0 0 0 0 0 0 0 0 0 0 0 0 0 0 0 0 0 0 0 0 0 0
0 0 0 0 0 0 0 0 0 0 0 0 0 0 0 0 0 0 0 0 0 0 0 0 0 0 0 0 0 0 0 0 0 0
0 0 0 0 0 0 0 0 0 0 0 0 0 0 0 0 0 0 0 0 0 0 0 0 0 0 0 0 0 0 0 0 0 0
0 0 0 0 0 0 0 0 0 0 0 0 0 0 0 0 0 0 0 0 0 0 0 0 0 0 0 0 0 0 0 0 0 0
0 0 0 0 0 0 0 0 0 0 0 0 0 0 0 0 0 0 0 0 0 0 0 0 0 0 0 0 0 0 0 0 0 0
0 0 0 0 0 0 0 0 0 0 0 0 0 0 0 0 0 0 0 0 0 0 0 0 0 0 0 0 0 0 0 0 0 0
0 0 0 0 0 0 0 0 0 0 0 0 0 0 0 0 0 0 0 0 0 0 0 0 0 0 0 0 0 0 0 0 0 0
0 0 0 0 0 0 0 0 0 0 0 0 0 0 0 0 0 0 0 0 0 0 0 0 0 0 0 0 0 0 0 0 0 0
0 0 0 0 0 0 0 0 0 0 0 0 0 0 0 0 0 0 0 0 0 0 0 0 0 0 0 0 0 0 0 0 0 0
0 0 0 0 0 0 0 0 0 0 0 0 0 0 0 0 0 0 0 0 0 0 0 0 0 0 0 0 0 0 0 0 0 0
0 0 0 0 0 0 0 0 0 0 0 0 0 0 0 0 0 0 0 0 0 0 0 0 0 0 0 0 0 0 0 0 0 0
0 0 0 0 0 0 0 0 0 0 0 0 0 0 0 0 0 0 0 0 0 0 0 0 0 0 0 0 0 0 0 0 0 0
0 0 0 0 0 0 0 0 0 0 0 0 0 0 0 0 0 0 0 0 0 0 0 0 0 0 0 0 0 0 0 0 0 0
0 0 0 0 0 0 0 0 0 0 0 0 0 0 0 0 0 0 0 0 0 0 0 0 0 0 0 0 0 0 0 0 0 0
0 0 0 0 0 0 0 0 0 0 0 0 0 0 0 0 0 0 0 0 0 0 0 0 0 0 0 0 0 0 0 0 0 0
0 0 0 0 0 0 0 0 0 0 0 0 0 0 0 0 0 0 0 0 0 0 0 0 0 0 0 0 0 0 0 0 0 0
0 0 0 0 0 0 0 0 0 0 0 0 0 0 0 0 0 0 0 0 0 0 0 0 0 0 0 0 0 0 0 0 0 0
0 0 0 0 0 0 0 0 0 0 0 0 0 0 0 0 0 0 0 0 0 0 0 0 0 0 0 0 0 0 0 0 0 0
0 0 0 0 0 0 0 0 0 0 0 0 0 0 0 0 0 0 0 0 0 0 0 0 0 0 0 0 0 0 0 0 0 0
0 0 0 0 0 0 0 0 0 0 0 0 0 0 0 0 0 0 0 0 0 0 0 0 0 0 0 0 0 0 0 0 0 0
0 0 0 0 0 0 0 0 0 0 0 0 0 0 0 0 0 0 0 0 0 0 0 0 0 0 0 0 0 0 0 0 0 0
0 0 0 0 0 0 0 0 0 0 0 0 0 0 0 0 0 0 0 0 0 0 0 0 0 0 0 0 0 0 0 0 0 32648
0 0 0 0 0 0 0 0 0 0 0 0 0 0 0 0 0 0 0 0 0 0 0 0 0 0 0 0 0 0 0 0 0 0
0 0 0 0 0 0 0 0 0 0 0 0 0 0 0 0 0 0 0 0 0 0 0 0 0 0 0 0 0 0 0 0 0 0
0 0 0 0 0 0 0 0 0 0 0 0 0 0 0 0 0 0 0 0 0 0 0 0 0 0 0 0 0 0 0 0 0 0
0 0 0 0 0 0 0 0 0 0 0 0 0 0 0 0 0 0 0 0 0 0 0 0 0 0 0 0 0 0 0 0 0 21984

