# z = 0
0 0 0 0 0 0 0 871 0 0 0 0 0 0 0 0 0 0 1720 0 0 0 0 0 0 0 2580 0 0 0 0 0 3434 0
5 5 5 0 0 0 0 0 0 0 0 0 0 0 0 0 0 1830 781 0 0 2189 2281 2393 0 0 0 0 0 0 0 3308 3434 0
5 5 5 0 0 671 12 0 0 0 1194 1090 1090 0 0 0 0 781 781 0 0 0 2291 2195 0 0 0 0 0 0 3200 3207 0 0
0 0 0 412 12 12 12 12 0 0 1090 1090 1090 0 0 0 0 781 781 781 781 0 0 2195 2195 2195 0 0 0 3066 0 0 3455 0
0 0 0 412 12 12 12 12 12 1092 1090 1090 1090 1090 0 0 1748 0 781 781 781 0 0 2195 0 2195 0 0 0 0 0 0 0 0
0 0 294 294 12 12 12 12 0 0 1090 1090 1090 1090 0 0 0 0 781 781 781 0 0 2195 0 2195 0 0 0 0 0 0 0 0
0 0 0 12 12 0 12 12 0 0 0 1090 1367 0 0 0 0 0 781 781 781 0 0 0 0 2195 0 0 0 0 0 0 0 0
0 0 0 12 12 0 0 0 0 0 0 0 0 0 1555 0 0 0 0 781 781 781 0 0 0 0 0 0 0 0 0 3343 0 0
0 0 0 0 0 0 0 0 0 0 0 0 0 0 0 1661 0 0 0 781 781 781 0 0 0 0 0 0 0 0 3228 0 0 0
0 0 314 0 0 0 0 0 0 0 0 0 0 0 0 0 1553 0 0 0 0 0 0 0 0 2607 0 0 0 0 0 0 0 0
0 0 0 0 0 695 0 0 0 0 0 0 1218 1218 1566 1553 1553 0 0 0 2125 0 0 2410 2410 2410 0 0 0 0 0 0 3491 0
0 0 0 0 0 0 0 0 1017 0 1218 1218 1218 1218 0 0 1553 1553 0 0 2125 0 0 2415 2410 2410 0 0 0 2954 0 3353 0 0
0 0 0 0 0 0 0 0 0 0 0 1218 1218 0 0 0 0 0 0 2032 2132 0 0 0 2410 2410 2410 0 0 0 0 0 3499 0
0 0 0 0 0 0 0 0 0 0 0 0 1384 0 0 0 0 0 0 2032 2032 2032 0 2420 0 0 0 0 2962 2627 0 0 0 0
0 0 0 0 0 0 0 0 0 0 0 0 0 0 0 0 0 0 0 0 2139 2139 0 2332 0 0 2731 2627 2627 2627 2627 2627 0 0
0 0 0 0 0 0 0 924 1033 0 0 0 0 0 0 0 0 1858 1489 1489 1489 1489 0 0 0 0 2731 2627 2627 2627 2627 2627 2627 0
0 0 0 0 340 0 0 0 0 0 0 0 0 0 0 0 0 1489 1489 1489 1489 1489 0 0 0 0 2627 2627 2627 2627 2627 2627 0 0
0 0 0 0 340 56 0 0 0 1129 0 0 1069 0 0 1679 1489 1489 1489 1489 1489 1489 0 0 0 0 2627 2627 2627 2627 2627 0 0 0
0 0 0 0 340 56 0 0 1038 0 0 0 1069 0 0 0 1489 1489 1489 1489 1489 0 0 0 0 0 0 2627 2627 2627 2627 0 0 0
0 209 56 0 340 0 0 0 0 0 0 0 0 0 0 0 1489 1489 1489 1489 1489 0 0 2439 2240 0 0 2627 2627 0 0 0 0 0
0 0 0 0 0 0 0 0 0 0 0 0 0 0 0 0 1489 1489 1489 1489 1489 0 0 0 2240 2240 0 0 0 0 0 0 3532 0
0 0 0 0 0 0 0 0 0 0 0 0 0 0 0 0 1489 1489 1489 1489 0 0 0 0 2240 2240 0 0 0 0 0 0 0 0
0 0 0 0 0 0 0 0 0 0 0 0 0 0 0 0 1489 1489 1489 1489 0 0 0 0 2535 2535 0 0 3001 3130 0 0 0 0
0 0 0 0 0 0 0 0 0 0 0 0 0 0 0 0 1489 1489 0 0 0 0 0 0 0 2535 0 0 0 3136 3135 0 3542 0
0 0 0 0 613 0 0 0 0 1152 56 56 0 0 0 0 0 0 0 2063 0 2247 0 0 0 2535 2240 0 0 3136 3135 0 0 0
0 237 237 237 0 749 0 958 56 56 56 56 0 0 1598 0 1802 0 1971 0 0 0 0 0 2546 2535 2240 0 0 3136 3135 0 0 0
0 241 237 237 237 56 56 56 0 56 56 56 0 0 1598 1511 1511 0 1971 0 0 0 0 0 0 2240 2240 0 3015 0 0 0 0 0
0 0 0 237 237 56 0 56 56 56 56 56 56 0 0 0 0 0 0 0 0 0 2373 2461 0 2240 0 0 0 0 0 0 0 0
0 256 0 0 237 56 56 56 56 56 56 56 56 0 0 0 0 0 1720 0 0 0 0 0 0 0 0 2899 0 0 0 0 0 0
0 0 0 0 637 56 0 0 0 0 56 56 56 0 0 0 1720 1720 1720 0 0 2263 0 0 1977 0 2781 0 0 3167 0 0 0 0
0 0 386 0 637 637 0 0 0 0 0 0 56 0 0 0 1720 1720 1720 0 0 0 0 0 1977 1977 1977 2905 3035 0 0 3420 0 -1762284416
0 0 0 520 0 0 864 979 0 1177 0 0 0 1529 1628 0 1720 1720 1720 0 0 0 2385 2471 1977 2668 2668 2905 0 0 0 0 0 9
0 274 274 0 0 0 0 0 1082 0 0 0 0 1532 0 1732 1720 1720 1994 1994 0 0 0 2471 2574 0 0 2914 2914 0 0 0 0 0
0 0 0 0 0 0 0 0 0 0 0 0 0 0 0 0 0 0 0 0 0 0 0 0 0 0 0 0 0 0 0 0 0 -1760381668

# z = 1
2 0 0 0 0 664 0 0 989 989 989 0 1352 1352 1352 1352 0 0 0 0 0 0 0 0 0 0 0 0 2915 2398 2398 0 0 0
2 0 0 0 532 0 0 0 0 0 0 0 0 0 0 0 0 1830 781 0 0 0 2282 2394 2484 0 2685 0 0 0 0 3309 3309 0
0 0 0 0 0 0 0 0 0 0 0 0 0 0 0 0 1744 781 781 781 781 2195 2195 2195 2195 0 2685 2195 0 0 0 0 0 0
0 0 0 414 12 12 12 0 0 0 1194 1090 0 0 0 1650 1645 781 781 0 0 0 2195 2195 2195 2195 2195 2195 0 0 0 0 0 0
0 0 292 292 12 12 12 0 0 0 1090 1090 1090 1458 0 1655 1645 781 781 781 0 0 2195 2195 2195 2195 2195 2195 2195 2195 0 3323 0 0
17 0 0 12 12 0 0 0 0 1095 1090 1090 1090 0 0 1649 1645 781 781 0 0 0 2195 2195 2195 2195 2195 2195 2195 3070 0 3323 0 0
21 12 300 12 12 0 0 0 0 1102 1090 1090 1090 0 0 0 781 781 781 781 0 2204 0 0 2195 2195 2195 2816 0 0 0 0 0 0
18 12 0 12 12 0 0 899 899 0 1090 1090 0 0 0 0 781 781 0 0 0 0 0 0 0 2195 2195 2195 0 0 0 3343 2627 0
18 12 12 432 0 0 791 899 0 0 0 0 0 0 0 0 0 0 0 0 0 0 0 0 0 2195 2195 2195 2195 0 3229 3334 2627 0
18 12 12 0 0 0 0 904 703 0 1213 1213 0 0 0 0 1758 0 0 2024 2120 0 2319 0 0 0 2195 0 0 3087 3087 3087 2627 0
18 0 0 0 0 0 0 904 703 703 703 0 0 1218 0 1665 1760 0 0 2026 2120 0 0 0 0 0 0 0 0 3088 3087 3087 2627 0
0 0 319 0 0 0 0 904 703 703 703 1218 0 1477 1477 1665 1764 0 0 0 2128 2218 0 0 2511 0 0 0 0 0 3087 0 2627 0
0 177 0 0 574 703 703 703 703 703 703 0 0 0 0 0 0 0 0 0 0 0 0 0 0 0 0 0 2959 2627 0 0 0 0
0 0 0 0 324 324 703 703 0 0 0 1296 0 0 0 0 0 0 0 0 0 0 2329 2329 2519 0 2727 2835 2835 2627 2627 2627 0 0
0 0 0 456 324 0 0 0 1030 0 0 0 0 0 0 0 1777 1489 1489 0 2140 0 0 0 0 0 0 0 0 2627 2627 2627 0 0
0 0 329 324 324 710 821 821 821 821 821 0 0 1484 0 0 1769 1489 1489 1489 1489 2225 2225 0 0 2627 2731 2627 2627 2627 0 0 0 0
0 0 333 324 0 0 823 821 821 821 821 1304 0 0 1579 1489 1489 1489 1489 1489 1489 0 2338 0 0 0 2627 2627 2627 2627 2627 2627 0 0
0 200 333 462 0 719 0 821 821 821 821 821 0 1489 1489 1489 1489 1489 1489 1489 1489 2227 0 0 0 0 2627 2627 2627 2627 0 0 0 0
56 56 0 0 0 723 0 0 821 821 821 821 0 1489 1489 1489 1489 1489 1489 1489 1489 0 0 2436 0 0 0 2627 2627 2627 0 0 3525 0
56 56 56 56 56 723 56 0 821 821 821 821 0 1489 1489 1489 1489 1489 1489 1489 1489 0 2349 2240 0 0 0 2854 2627 2627 0 0 3378 0
56 56 56 56 0 56 56 0 0 0 0 1309 0 1489 1489 1489 1489 1489 1489 1489 0 0 0 2240 2240 2240 0 0 0 0 3256 3125 0 0
56 56 56 0 598 598 56 942 0 0 0 0 0 1489 1489 1489 1489 1489 1489 0 0 2239 0 2240 2240 2240 2240 0 0 0 3255 3125 3125 0
56 56 56 0 0 56 56 56 1050 0 0 0 0 1496 1489 1489 1489 1489 1489 0 0 0 0 2240 2240 2240 2752 0 0 0 0 0 3125 0
0 56 0 0 0 56 56 948 1056 0 0 0 0 0 0 1489 1489 1489 0 0 0 0 0 2448 2240 2240 2240 2874 0 0 0 0 0 0
0 0 0 0 613 56 56 56 1056 1152 56 0 0 0 0 0 0 0 0 2064 2159 2248 0 2448 2240 2240 0 2880 0 0 0 0 0 0
0 0 0 496 496 0 0 0 0 0 56 56 0 0 0 0 0 1886 1971 0 0 0 0 0 2240 2240 0 0 0 0 0 3403 3125 0
0 242 0 237 237 56 0 961 0 0 56 56 0 0 0 0 0 1886 1886 0 0 2254 0 0 0 0 0 0 0 0 3274 0 0 0
0 250 0 0 237 0 0 0 0 0 0 0 1422 1513 0 0 0 0 0 0 0 2164 0 2462 0 0 0 2894 3022 2240 0 3411 0 0
88 0 0 508 0 56 0 0 1070 0 0 0 56 1518 0 0 0 1900 0 0 0 2164 0 0 0 0 2778 0 2240 3161 3279 0 0 0
88 0 0 508 0 0 0 972 0 0 0 0 0 0 1613 0 0 0 0 0 0 1618 0 2466 2563 0 2240 2240 2240 3168 3279 0 0 0
0 0 0 0 0 0 0 0 0 0 1264 0 1431 0 0 1722 0 1720 1720 0 0 2266 0 2469 0 0 0 0 2240 2240 0 0 0 32714
0 0 0 521 0 0 0 0 0 0 0 0 1436 1432 0 0 0 0 1720 2081 0 0 0 0 0 2669 2669 0 3041 0 0 0 0 0
0 0 0 521 658 658 0 984 1083 0 0 0 0 0 0 0 0 0 0 0 0 0 0 0 0 0 0 0 3041 0 0 0 0 0
0 0 0 0 0 0 0 0 0 0 0 0 0 0 0 0 0 0 0 0 0 0 0 0 0 0 0 0 0 0 0 0 0 32714

# z = 2
2 113 0 0 528 528 0 0 0 989 989 0 1352 1352 1352 0 0 0 0 0 0 0 0 0 0 0 0 0 2920 2398 2398 0 3435 0
2 121 0 0 533 0 0 0 0 0 1188 0 0 1352 0 0 1738 781 781 781 781 0 0 0 0 0 0 0 2924 0 0 0 2240 0
0 0 0 407 533 12 0 0 0 0 0 0 0 0 0 1649 1645 781 781 781 781 2195 2195 2195 2195 2195 2195 2195 0 0 0 0 0 0
0 0 0 414 12 12 0 0 0 0 0 0 0 0 0 1649 1645 781 781 781 0 0 2195 2195 2195 2195 2195 2195 0 0 0 0 0 0
0 0 292 292 12 12 783 0 0 0 1090 1090 0 0 0 1649 1645 781 0 781 0 0 2195 2195 2195 2195 2195 2195 2195 2195 0 3324 0 0
18 18 295 12 0 12 0 0 0 0 1090 1090 1090 0 0 1656 781 0 781 0 0 0 2195 2195 2195 2195 2195 2195 0 2195 0 0 3465 0
18 12 12 0 12 682 0 0 0 0 1090 1090 0 0 1551 781 781 781 781 2016 0 0 2195 2195 2195 2195 2195 2195 2195 0 0 3334 3465 0
0 12 12 0 554 0 0 0 0 0 1090 1090 0 0 781 781 781 781 0 0 0 0 0 0 2195 2195 2195 0 2195 3078 0 3334 0 0
18 12 12 0 558 0 792 0 1009 0 0 0 0 0 0 781 0 0 0 0 0 2210 0 2407 0 2195 2195 2195 2195 0 3229 3087 2627 0
18 12 12 0 0 690 0 0 0 0 0 0 0 0 0 0 0 0 0 0 0 2210 1569 0 0 2195 2195 2195 0 3087 3087 3087 2627 0
18 0 0 0 0 696 0 904 0 0 0 0 1378 0 0 0 0 0 0 0 2120 2025 1569 0 0 0 0 0 0 3087 3087 3087 2627 0
0 0 320 0 0 698 0 908 0 0 0 0 0 0 0 0 0 0 0 0 0 2025 1569 1569 0 0 0 0 0 3092 3087 0 0 0
0 0 324 0 574 324 703 703 1022 0 0 0 0 0 0 0 0 1852 1489 0 0 0 0 2418 0 0 0 0 0 0 0 3358 3358 0
46 0 324 453 324 324 0 703 0 0 0 1297 0 0 0 0 0 1489 1489 1489 0 0 2330 2421 0 0 0 0 2835 2627 2627 2627 2627 0
0 0 0 324 324 324 814 0 0 0 1225 1221 1221 1221 0 0 1777 1489 1489 1489 1489 1489 0 0 0 0 2732 2627 2627 2627 2627 2627 2627 0
0 0 329 0 324 711 0 0 1034 821 0 0 0 0 1576 0 1769 1489 1489 1489 1489 1489 0 0 0 2627 2627 2627 0 2627 2627 2627 2627 0
0 0 0 460 324 0 823 821 821 821 821 0 0 0 1576 1489 1489 1489 1489 1489 1489 0 0 0 0 0 2627 2627 2627 2627 0 2627 0 0
0 200 200 0 584 0 0 821 821 821 821 821 1396 1489 1489 1489 1489 1489 1489 1489 1489 0 0 0 0 0 0 2627 2627 3110 2627 0 0 0
56 56 0 0 0 0 0 0 821 821 821 0 0 1489 1489 1489 1489 1489 1489 1489 1489 0 2344 0 0 0 0 2627 2627 2627 0 0 3525 0
56 56 56 56 56 56 56 0 0 0 0 821 0 1489 1489 1489 1489 1489 1489 1489 0 0 2349 2240 0 0 0 2855 2627 0 0 3383 3125 0
56 56 56 56 56 56 56 56 56 0 0 0 0 1489 1489 1489 1489 1489 1489 1489 0 0 2349 2240 2240 2240 0 2858 2858 0 3256 3125 3125 0
56 56 56 56 0 598 56 56 56 1139 0 1311 0 1489 1489 1489 1489 1489 1489 0 0 0 2349 2240 2240 2240 0 0 0 0 3255 3125 3125 0
56 56 56 56 56 56 56 56 56 0 1243 1243 0 0 0 0 1489 0 0 0 0 0 2240 2240 2240 2240 2240 2869 0 0 3125 3125 3125 0
56 56 0 482 0 56 56 948 1057 0 0 0 0 1498 1590 0 1489 0 0 0 0 0 0 2240 2240 2240 2240 0 0 0 3125 3125 3125 0
56 0 0 0 0 56 0 56 56 56 0 0 0 1502 0 0 0 0 0 2064 0 0 2365 2240 2240 0 0 2881 0 0 3265 3125 0 0
0 0 0 0 0 750 0 0 0 0 0 0 0 1504 1415 0 0 0 0 0 2162 0 2240 0 2240 0 2763 2240 0 0 3270 3125 3125 0
0 0 0 237 0 754 0 962 0 0 0 0 0 1504 1415 0 0 0 0 0 2164 2164 0 0 0 2650 2240 2240 0 0 0 3125 3125 0
81 251 373 504 627 0 0 0 0 0 0 0 0 1514 1607 1704 0 0 0 2070 0 2164 0 0 2553 2240 2240 2240 2240 0 0 0 0 0
0 0 0 508 0 0 0 0 1071 1071 0 0 0 0 1611 0 0 0 1981 1981 1981 0 2379 0 2553 2240 2240 2240 2240 3162 0 0 0 0
0 0 0 508 0 0 0 0 1075 1075 0 1335 0 0 1611 1611 1815 1901 0 0 1981 0 0 0 0 0 2240 0 2240 3168 0 0 0 0
96 0 0 0 646 0 0 0 1075 1075 989 1339 1432 0 1611 1611 0 0 0 0 0 2267 0 0 0 0 2240 0 0 2240 0 3421 2240 144
96 0 0 0 0 769 658 0 1079 1075 989 0 1432 0 0 0 1823 1909 0 2082 0 0 0 0 0 0 2792 0 0 2240 2240 2240 2240 7
2 0 0 0 0 658 658 0 1083 989 0 0 0 0 1352 1352 0 0 1995 0 0 0 2388 0 0 0 0 2915 2915 2398 2240 2240 2240 124
0 0 0 0 0 0 0 0 0 0 0 0 0 0 0 0 0 0 0 0 0 0 0 0 0 0 0 0 0 0 0 0 0 -1555246232

# z = 3
2 113 0 0 0 0 0 0 0 989 0 0 1352 1352 1352 0 0 0 0 0 0 0 2182 0 0 0 0 0 0 2398 2398 0 3435 0
0 0 0 0 534 0 0 0 0 0 0 0 1352 1445 0 1645 1645 781 781 781 0 0 0 0 0 0 0 0 0 2398 0 0 0 0
0 0 0 0 533 12 0 0 0 0 1195 0 0 0 0 0 1645 781 781 781 0 0 2195 0 2195 2195 0 2195 0 0 0 0 0 0
0 0 0 414 12 0 0 0 1000 0 0 0 0 1456 0 1649 1645 781 781 781 0 0 2195 2195 2195 2195 2195 2195 2195 0 0 0 0 0
0 0 0 292 12 12 12 0 0 0 0 0 0 0 0 1649 1645 781 781 781 0 2200 2195 2195 2195 2195 2195 2195 2195 2195 3211 0 0 0
18 18 12 12 12 12 0 894 0 0 0 1090 0 0 0 0 781 781 781 0 0 0 2195 0 2497 2195 2195 2195 0 2195 3215 0 3465 0
18 12 12 12 552 12 0 0 0 1103 0 1090 0 1464 781 781 781 781 781 2016 0 0 2195 2195 2195 2195 2195 2195 2195 2195 0 0 3465 0
0 12 12 12 0 0 0 0 0 1107 0 1289 0 1467 781 781 781 781 781 0 0 0 2310 2195 2195 2195 2195 0 2195 0 0 3334 2627 0
18 0 0 0 0 0 792 0 0 0 0 0 1372 781 781 781 781 0 0 0 2118 0 2315 0 0 2195 2195 0 2195 0 3229 3087 2627 0
33 12 0 0 0 691 568 424 0 0 0 0 1372 781 781 781 781 0 0 0 2118 2025 1569 1569 0 2195 2195 2195 0 0 3087 3087 2627 0
18 0 0 0 0 686 424 424 1014 0 0 0 1372 781 781 781 0 0 1946 2027 2025 2025 1569 1569 0 0 2715 1951 2955 0 3087 3087 2627 0
41 0 0 443 0 0 801 0 0 0 0 0 0 781 781 0 0 1849 0 0 2129 0 1569 0 0 0 1951 2829 0 0 3087 3087 2627 0
0 0 324 443 324 324 806 0 0 0 1221 0 0 0 0 0 1769 1489 0 2033 0 0 0 0 2516 0 1951 0 0 3095 0 3087 2627 0
46 0 324 443 324 324 0 0 0 0 0 1297 0 0 0 0 1769 1489 1489 0 0 0 0 2422 0 2623 0 0 2835 2627 2627 2627 0 0
0 186 324 324 324 324 0 922 0 0 1225 1221 1221 0 0 0 1769 1489 1489 1489 1489 0 0 0 0 0 2732 2627 2627 2627 2627 2627 0 0
0 189 0 324 324 324 324 0 0 0 0 1302 0 0 0 1674 1489 1489 1489 1489 1489 1489 0 0 0 0 2627 2627 2627 2627 2627 2627 2627 0
0 196 334 324 324 715 0 821 821 821 0 0 0 0 1576 1489 1489 1489 1489 1489 1489 0 0 0 0 0 0 2627 2627 2627 2627 2627 0 0
0 0 0 0 585 0 0 821 821 821 0 0 0 1490 1489 1489 1489 1489 1489 1489 1489 0 0 0 2527 0 0 2627 2627 2627 0 3372 0 0
56 56 0 0 0 0 0 821 821 0 0 0 0 1489 1489 1489 1489 1489 1489 0 0 0 0 0 0 0 0 2627 2627 0 0 3378 3378 0
56 56 56 56 56 56 0 0 0 0 0 0 0 0 1489 1489 1489 1489 0 0 0 0 2349 2240 2240 0 2743 2856 2984 0 0 3384 0 0
56 56 56 56 56 56 56 56 0 0 0 0 0 1489 1489 1489 1489 1489 0 0 0 0 2349 2240 2240 0 0 2856 2990 0 3256 3125 3125 0
56 56 0 56 0 56 56 56 56 0 1241 1051 0 0 0 1489 0 0 0 0 0 2240 2240 2240 2240 2240 0 0 2998 0 3255 3125 3125 0
56 56 0 56 0 0 56 56 0 0 1241 1051 0 0 0 0 0 0 0 0 0 2240 2240 2240 2240 2240 2240 0 0 3131 3125 3125 3125 0
56 56 56 56 0 0 0 949 0 0 1051 0 0 1499 0 0 0 0 0 0 0 0 2240 2240 2240 2240 2240 2240 0 3137 3125 3125 3125 0
56 56 56 0 0 0 0 56 56 1153 0 0 0 0 1592 0 0 1882 0 0 0 0 2240 2240 2240 2240 2240 2240 0 0 3125 3125 3125 0
56 0 0 0 0 751 0 0 1064 0 0 0 0 1505 1415 0 0 0 0 0 0 0 0 2240 2240 2240 2240 2240 2240 0 3125 3125 3125 0
56 243 0 0 0 0 848 622 0 0 0 0 1419 1415 1415 1415 1415 1890 0 2067 2165 0 0 0 0 2240 2240 2240 2240 0 3125 3125 3125 0
82 82 0 0 0 0 0 966 966 0 0 0 0 1415 0 1415 1415 0 0 0 2165 2164 1618 0 0 2240 2240 2240 2240 0 0 3412 3556 0
0 0 0 0 0 0 0 0 1072 1071 0 1328 1424 0 1611 1415 0 0 0 0 0 2164 1618 2463 0 2240 2240 2240 3026 0 0 0 0 0
0 0 381 0 638 0 0 0 0 1075 0 0 0 1524 1611 0 0 0 0 0 0 1618 0 0 0 2661 2240 2240 0 0 0 0 0 0
96 0 0 515 0 766 0 0 0 1075 989 0 0 0 0 1723 1618 0 0 0 0 0 0 0 0 0 2788 0 0 0 3290 2240 2240 0
96 0 0 0 651 114 114 0 1079 1075 989 989 0 1530 1530 0 0 1910 0 0 0 0 2386 0 0 2670 0 0 3042 2398 2240 2240 2240 0
96 0 0 0 0 114 114 0 1079 1075 989 0 0 0 1530 0 0 0 0 0 0 2272 2182 0 0 2674 0 0 2915 2398 2240 2240 2240 119
0 0 0 0 0 0 0 0 0 0 0 0 0 0 0 0 0 0 0 0 0 0 0 0 0 0 0 0 0 0 0 0 0 21863

# z = 4
2 2 0 0 0 665 114 114 0 0 0 0 0 0 1537 0 0 0 0 0 0 2186 2182 2182 0 0 0 0 2921 2398 0 3307 2240 0
2 0 0 0 535 12 0 0 0 0 0 0 0 1446 0 1645 1645 781 781 0 2094 0 2283 0 0 0 2686 0 0 0 0 2240 2240 0
0 0 0 0 533 0 0 0 0 1091 781 0 1359 1355 0 0 1645 781 781 0 0 0 0 0 0 0 0 0 0 0 3201 0 0 0
0 0 0 414 12 12 0 0 1000 781 781 0 1355 0 0 0 1645 781 0 0 0 0 2195 2195 2195 0 0 2807 2195 0 0 0 0 0
12 142 12 12 12 12 0 0 781 781 781 1284 0 0 0 0 1749 1837 0 0 2104 2201 0 2195 2195 2195 0 0 2195 2195 0 0 3460 0
0 12 12 0 12 12 0 0 0 0 0 0 0 0 0 0 0 0 781 0 0 0 2302 2195 2195 2195 0 0 0 0 0 0 0 0
0 12 12 12 12 12 0 0 1004 0 0 0 0 1464 781 0 0 1839 781 781 0 0 2195 2195 2195 2195 2195 2195 0 0 0 0 3465 0
25 0 12 12 555 0 0 0 0 0 0 0 1370 1370 781 781 781 781 781 781 0 0 0 0 2195 2195 2195 0 2195 0 0 3334 2627 0
18 0 0 433 0 0 0 901 424 0 0 0 0 781 781 781 781 781 0 0 0 2211 0 0 0 2195 2195 0 0 0 3229 3087 0 0
0 0 0 0 0 691 568 424 0 1110 0 0 0 781 781 781 781 0 0 2025 2118 2025 1569 0 0 0 2711 2711 0 0 3087 3087 2627 0
18 167 0 0 568 568 424 424 1015 0 0 0 1372 781 781 781 0 0 1946 2025 2126 2025 0 1569 0 0 2715 1951 0 0 3087 3087 2627 0
18 0 0 0 0 0 0 424 1015 1015 0 0 1372 781 781 781 0 1850 1948 0 0 2025 0 0 2512 1951 1951 1951 0 0 0 3087 2627 0
0 178 0 445 324 324 0 0 1015 1015 1221 1221 0 781 781 0 1770 1853 0 0 0 0 0 2419 1951 1951 1951 0 0 0 3239 2627 0 0
0 0 324 324 324 324 0 0 0 0 1221 1221 0 0 0 0 0 0 0 0 0 0 0 2423 1951 1951 1951 0 2835 2627 2627 2627 0 0
0 186 324 324 324 324 324 0 0 0 0 1221 0 1481 1573 0 0 0 0 0 0 0 0 0 1951 1951 0 0 2627 2627 2627 2627 0 0
0 189 330 324 324 324 324 0 0 0 0 0 0 1485 0 0 0 1489 0 0 0 0 0 0 0 0 0 2627 2627 2627 2627 2627 2627 0
0 196 334 0 0 324 0 0 0 0 0 0 0 0 0 0 0 1489 0 0 0 0 0 0 0 0 2737 2844 0 0 0 0 0 0
0 0 0 0 0 0 0 0 0 0 0 1305 0 0 0 0 0 0 0 0 0 0 0 0 0 0 0 0 0 0 0 3373 0 0
56 0 0 0 0 0 0 935 0 1132 0 1051 0 0 1489 1489 0 0 0 0 0 0 0 0 0 0 0 0 0 0 0 0 3378 0
56 56 56 56 56 0 0 0 0 0 1235 1051 0 0 0 1489 1489 0 0 0 0 0 0 0 0 0 0 2857 2985 0 3255 3125 3125 0
56 56 56 56 0 0 0 0 0 0 1230 1051 1051 0 0 1489 0 0 0 0 0 0 0 2240 0 0 0 2859 2991 0 3255 3125 3125 0
56 56 56 56 0 0 0 0 0 1140 1051 1051 1051 1051 0 0 1790 0 0 0 0 0 0 2240 2240 2240 0 0 2991 3125 3125 3125 3125 0
56 56 0 0 0 736 0 945 945 0 1051 1051 1051 1051 0 0 0 1876 1964 0 0 0 2240 2240 2240 2240 2240 2240 0 0 3125 3125 3125 0
56 56 0 0 605 0 0 0 0 0 1051 0 0 0 0 0 0 0 0 0 0 0 0 2240 2240 2240 2240 0 0 3138 3125 3125 0 0
56 0 0 492 0 0 0 0 0 1154 0 0 0 0 0 0 0 0 0 0 0 0 2366 2240 2240 2240 2240 2240 0 0 3125 3125 3125 0
56 56 362 362 0 0 0 959 622 0 0 0 1415 1415 1415 1415 0 1887 0 0 0 0 0 2240 2240 2240 2240 2240 2240 3149 3125 3125 3125 0
0 56 0 0 0 755 622 622 622 0 0 0 1415 1415 1415 1415 0 0 1974 0 2166 0 0 0 0 0 2240 2240 0 3149 3125 3125 3125 0
82 56 0 0 0 622 622 622 0 1165 0 0 0 1415 1415 1415 0 0 0 2071 1618 0 0 0 2554 2240 2240 2240 0 0 3125 3125 3125 0
82 0 0 0 0 0 855 0 1072 1168 0 1329 0 0 0 0 0 0 1982 0 2170 1618 0 0 2557 0 0 2900 0 0 3280 3280 3125 0
0 0 382 382 382 0 0 0 0 1170 1260 0 0 0 0 0 1816 1618 1618 1618 1618 1618 0 0 0 0 0 0 0 0 0 3280 3125 0
0 261 0 382 0 766 0 0 0 1075 0 1340 0 0 1618 1618 1618 1618 1618 1618 1618 0 0 0 0 0 0 2906 0 0 0 0 0 80
96 2 0 0 0 114 114 114 0 1075 1269 1343 0 0 0 1618 0 0 1618 0 0 0 2386 0 0 0 0 0 0 2398 2240 2240 0 -1763817251
96 2 0 0 659 114 114 114 0 0 0 0 0 0 0 0 0 0 0 0 2182 2182 2182 2182 0 0 2796 2796 2398 2398 2240 2240 0 110
0 0 0 0 0 0 0 0 0 0 0 0 0 0 0 0 0 0 0 0 0 0 0 0 0 0 0 0 0 0 0 0 0 2074625211

# z = 5
2 0 0 0 0 665 114 0 0 0 0 0 0 0 0 0 0 0 0 0 0 2186 2186 2182 0 0 0 0 2921 2398 0 3307 2240 0
2 0 0 0 0 669 0 0 0 0 0 0 1355 1355 0 1645 1645 0 0 0 0 0 2284 0 0 2583 0 0 0 0 0 2240 2240 0
0 0 0 408 12 672 0 881 881 781 0 0 1355 1355 1355 1645 1645 0 0 0 0 0 0 0 0 0 0 0 0 0 0 0 0 0
0 0 289 408 12 12 0 887 781 781 781 0 0 1457 0 0 0 0 0 0 0 0 0 0 2195 0 0 0 0 0 0 3317 3456 0
12 12 12 12 12 12 12 781 781 781 781 781 0 0 0 0 0 0 0 0 2104 2202 0 2195 2195 0 0 0 0 0 0 0 3461 0
0 12 12 12 12 12 0 0 781 781 781 781 1364 0 1548 0 0 0 0 0 2109 2012 0 0 2195 0 0 0 0 0 3216 0 0 0
0 12 12 12 12 0 0 0 0 0 0 0 0 1465 781 0 0 0 0 0 0 2012 0 0 2195 0 0 0 2942 0 0 0 0 0
0 0 308 0 0 0 788 900 0 0 0 0 1371 781 781 781 0 0 0 0 0 0 0 0 0 0 2195 0 0 0 0 3334 0 0
0 0 0 0 0 686 568 424 424 0 0 0 0 781 781 781 781 0 0 0 0 0 0 0 0 2605 2195 0 0 0 0 0 0 0
0 162 162 0 0 686 568 424 0 1111 794 0 0 781 781 781 0 0 1943 1943 1569 1569 1569 0 0 0 0 0 0 0 0 0 0 0
0 168 42 0 0 568 424 424 1015 1015 0 0 0 781 781 781 0 0 1946 1569 1569 1569 1569 2411 0 2609 1951 0 0 0 0 0 0 0
0 168 42 0 0 0 0 0 1015 1015 0 0 1372 781 781 781 0 1850 1569 1569 1569 1569 0 2411 2512 1951 1951 1951 1951 3093 0 0 0 0
0 178 0 0 0 0 0 0 1023 1015 0 0 0 0 781 0 0 1848 1569 1569 1569 2219 2325 2325 1951 1951 1951 1951 0 0 0 0 0 0
0 0 0 454 0 0 0 0 1026 0 0 0 0 0 1572 1669 0 0 1569 1569 0 0 2325 2325 1951 1951 1951 0 0 0 0 0 0 0
0 0 328 324 324 324 0 0 0 0 0 0 1388 1388 1574 1669 0 0 0 0 0 0 0 0 1951 1951 0 0 2970 0 0 0 0 0
0 0 328 324 0 0 0 0 1035 0 0 0 1390 1486 1385 1385 0 0 0 0 0 0 0 0 0 0 2734 2734 2734 3106 0 0 0 0
0 197 335 0 0 0 0 0 0 0 1229 1229 0 0 0 0 0 0 0 0 0 0 0 0 0 2630 2738 2734 2734 2734 0 0 0 0
0 201 337 463 0 720 720 0 0 0 0 1051 1051 0 0 0 1780 1861 0 0 0 0 0 0 0 0 0 0 2979 0 0 0 0 0
56 0 0 0 0 0 826 0 0 0 1232 1051 1051 0 0 0 1780 1780 0 2051 1415 1415 1415 0 0 0 0 0 0 0 0 3379 0 0
56 0 343 0 0 0 0 0 0 0 1230 1051 1051 1051 0 0 1784 1780 0 2051 1415 1415 1415 0 0 0 0 0 0 0 0 3125 3125 0
56 56 343 56 0 0 0 0 0 1138 1051 1051 1051 1051 0 0 0 1780 1415 1415 1415 1415 1415 0 0 0 0 0 2992 0 3255 3125 3125 0
56 56 56 0 0 731 0 0 0 1138 1051 1051 1051 1051 0 0 1791 1780 1415 1415 1415 1415 0 0 2240 0 2750 0 0 3125 3125 0 3125 0
56 56 0 0 601 601 601 0 0 0 1051 1051 1051 1051 0 0 1791 1780 1415 1415 1415 0 0 2240 2240 2240 2240 0 0 0 3125 0 3125 0
56 56 0 483 483 483 483 0 0 1148 1051 1051 1051 1051 1051 0 0 0 0 0 0 2245 2245 0 2240 2240 2240 2240 0 0 3125 3125 0 0
56 0 0 493 493 0 0 0 0 0 1051 1051 0 0 0 0 0 0 0 0 0 0 2367 0 2240 2240 2240 2240 0 0 0 3125 3125 0
0 0 0 497 0 752 622 622 622 1158 0 0 1415 1415 1415 0 0 0 1972 2065 2065 2252 0 0 2240 2240 2240 2240 2240 3150 3271 3125 3125 0
0 0 368 500 0 752 622 622 622 1160 0 0 1415 1415 1415 0 0 0 0 0 0 2252 2065 0 2240 2240 2240 0 0 0 3125 3125 3555 0
0 0 0 0 0 0 622 622 622 622 1252 0 0 0 1415 0 0 1896 1618 1618 0 0 0 0 0 0 0 0 0 3157 3125 3125 3125 0
89 0 0 0 0 0 0 622 0 0 0 0 1425 0 0 0 1809 1618 1618 1618 2171 0 0 0 0 0 0 0 0 3163 3125 3280 0 0
0 0 0 511 114 0 0 0 0 0 0 1336 1330 1261 0 1714 1714 1618 1618 1618 1618 2264 0 2467 0 0 0 0 0 0 0 0 0 0
97 262 0 0 114 114 0 0 0 0 0 0 1433 1261 1619 1618 1618 1618 1618 1618 1618 2268 0 0 2569 2569 0 0 0 0 3291 2240 0 0
96 262 262 0 652 0 0 114 0 0 0 1344 0 1261 1619 0 0 1618 1618 0 0 0 0 0 0 0 0 0 0 3178 2240 2240 0 32714
96 262 262 0 0 0 114 114 0 0 0 0 0 0 1619 0 0 0 1618 0 0 2182 2182 0 0 2675 0 0 0 2398 2240 2240 0 91
0 0 0 0 0 0 0 0 0 0 0 0 0 0 0 0 0 0 0 0 0 0 0 0 0 0 0 0 0 0 0 0 0 21863

# z = 6
2 0 0 400 114 665 114 0 0 0 0 1276 1276 0 0 0 0 0 1918 0 0 0 2186 2182 2182 0 0 0 2921 2398 2398 2240 2240 0
0 122 0 0 0 0 0 0 994 781 0 0 0 0 0 0 0 0 0 0 0 2190 2186 2182 0 0 0 0 2921 3060 0 0 0 0
0 130 0 408 12 0 0 882 781 781 0 0 0 1452 0 0 0 0 0 0 0 0 0 0 0 0 0 0 2921 2398 0 0 0 0
0 135 0 0 12 12 0 882 781 781 781 781 0 0 0 1651 0 0 0 2012 0 2198 0 0 0 0 2694 2398 2398 0 0 3318 0 0
0 135 12 12 12 0 0 0 781 781 781 781 0 0 0 0 0 0 0 2012 2012 2012 0 0 2492 2598 2598 2398 0 0 0 3325 0 0
0 12 0 12 12 0 0 0 781 781 781 781 781 0 1548 0 0 0 0 0 2012 2012 2303 0 0 0 2398 2398 0 0 0 3329 0 0
0 0 0 0 0 0 0 0 0 781 781 781 781 781 781 0 0 0 0 0 0 0 0 0 0 0 0 2398 0 0 3219 0 0 0
0 0 308 0 0 684 424 0 0 0 0 0 0 781 781 0 0 0 0 0 0 0 0 0 0 0 0 0 0 0 3223 0 0 0
28 0 0 434 559 424 424 424 0 0 1211 0 0 781 0 0 0 0 0 0 0 0 0 0 0 0 0 0 0 0 3079 0 3480 0
0 0 0 0 0 424 424 424 0 1111 794 794 0 781 781 781 0 0 0 1943 1569 0 0 0 0 0 0 0 0 0 0 0 0 0
0 168 42 0 0 0 797 0 0 1113 794 794 0 781 781 0 0 1848 1569 1569 1569 0 0 0 2507 1951 1951 0 0 3089 0 0 0 0
0 168 42 0 0 0 0 909 1018 1115 1219 0 0 781 0 0 1765 1848 1569 1569 1569 1569 0 2411 2507 1951 1951 0 0 3093 3234 0 3494 0
45 42 0 0 0 0 0 909 1024 1117 0 0 0 0 0 0 1765 1765 1569 1569 1569 1569 2326 2325 1951 1951 1951 1951 1951 0 0 0 3494 0
42 0 0 0 0 0 0 0 1027 0 0 0 1385 1478 1385 1670 1775 1569 1569 1569 1569 0 2325 2325 1951 1951 1951 0 0 0 0 0 3235 0
0 0 0 0 0 706 0 0 0 0 0 0 1385 1478 1385 1670 1775 1569 0 0 0 0 0 2325 1951 1951 0 0 0 0 0 0 0 0
0 0 0 0 0 0 0 925 720 0 0 0 1385 1486 1385 1670 1569 1569 1569 1569 0 0 0 0 0 0 0 2734 2734 2734 0 0 0 0
0 0 335 335 0 716 824 720 720 0 1230 1051 1051 0 0 0 0 0 1569 1569 0 0 0 0 0 0 2738 2734 0 0 3248 0 0 0
0 0 0 464 0 0 720 720 0 0 1230 1051 1051 1051 0 0 0 0 0 0 2148 1415 0 0 0 0 0 0 0 0 0 0 0 0
0 0 0 468 0 724 720 720 0 0 1230 1051 1051 1051 1051 0 1782 0 1956 2051 1415 1415 1415 0 0 0 0 0 0 0 0 0 0 0
0 0 0 0 0 0 720 720 0 0 1230 1051 1051 1051 1051 0 1785 1780 1415 1415 1415 1415 1415 2440 0 0 0 0 0 0 0 3385 3125 0
56 56 0 0 593 0 0 0 0 0 1051 1051 1051 1051 0 0 1787 1780 1415 1415 1415 1415 1415 1415 0 0 0 0 0 0 0 3125 3125 0
56 56 349 0 593 593 830 0 0 1138 1051 1051 1051 1051 0 0 0 1780 1415 1415 1415 1415 1415 0 2240 2240 2750 0 0 0 3125 3125 3125 0
56 0 0 0 602 601 601 0 0 1138 1051 1051 1051 1051 0 0 0 1780 1415 1415 1415 2242 0 0 2240 2240 0 0 0 0 3125 3125 3125 0
0 0 0 484 484 484 601 0 0 1051 1051 1051 1051 1051 0 0 0 1780 0 0 0 0 0 0 2240 2240 2240 2240 0 0 0 0 0 0
0 0 0 0 0 0 0 954 0 1051 1051 0 0 0 0 0 0 0 0 0 0 0 0 0 2240 2240 2240 2240 3008 0 0 0 3547 0
0 0 0 0 0 752 622 622 622 0 0 0 0 1415 1415 1415 0 0 0 0 2065 0 0 0 2240 2240 2240 2240 3012 0 0 0 0 0
0 0 0 0 621 752 622 622 622 0 0 0 0 1415 1415 0 0 0 0 0 2065 2065 0 0 0 0 2240 0 0 0 0 0 0 0
0 0 0 0 628 0 0 622 0 0 0 0 0 0 1608 1705 0 1896 1618 0 0 0 0 0 0 0 0 2895 0 0 3277 0 0 0
0 0 0 509 0 0 0 0 0 0 0 1330 1330 1261 0 1709 1809 1618 1618 1618 0 0 0 0 0 0 0 0 0 0 3125 0 0 0
0 0 383 114 114 114 114 0 0 0 0 1330 1330 1261 0 1715 1711 1618 1618 1618 0 0 0 0 2564 0 0 0 0 0 0 0 0 0
97 0 0 0 114 114 0 0 0 0 1265 1330 1261 1261 0 1715 1618 1618 1618 1618 0 0 0 2470 2564 0 0 2907 0 0 0 2240 3566 -1763826234
96 0 0 0 114 114 114 0 0 0 1270 0 1261 1261 1619 1726 1618 1618 1618 0 0 0 0 2472 0 0 0 2910 3043 0 2240 2240 2240 0
96 0 0 0 114 114 114 985 0 0 1272 1276 1261 1261 1261 0 1618 0 0 2088 0 2182 2182 2182 2575 0 0 0 0 2398 2240 2240 2240 0
0 0 0 0 0 0 0 0 0 0 0 0 0 0 0 0 0 0 0 0 0 0 0 0 0 0 0 0 0 0 0 0 0 264

# z = 7
2 0 0 114 114 114 114 0 0 0 0 1276 1276 1261 0 0 0 0 0 0 0 0 2278 2182 2182 0 0 0 0 0 2398 0 0 0
0 0 0 0 0 670 670 0 994 781 781 0 0 0 0 0 0 0 0 0 0 0 2186 2182 0 0 0 2803 2925 3060 3197 3310 0 0
0 131 0 408 538 0 0 882 781 781 781 0 0 0 0 0 0 1833 0 0 0 0 0 0 0 2592 2398 2398 2398 0 3202 0 0 0
0 0 290 408 12 12 781 781 781 781 781 781 0 0 0 1652 1461 1835 1930 2012 2012 2012 0 2398 2398 2398 2398 2398 2398 2398 2398 0 0 0
0 135 12 12 12 0 0 0 781 781 781 781 781 0 0 1652 1750 1461 1461 2012 2012 2012 0 0 2398 2398 2398 2398 0 2398 2398 0 0 0
0 0 0 0 548 0 0 0 0 781 781 0 781 1460 1460 1657 1461 1461 1461 2012 2012 2012 2012 0 0 0 2398 2398 0 0 0 0 0 0
22 0 0 424 424 683 787 0 0 0 781 0 0 0 0 1461 1461 1461 1461 2012 2012 0 0 0 0 0 2398 2398 0 3074 3219 3079 3079 0
26 22 0 424 424 424 0 0 0 0 0 0 0 0 0 0 0 0 0 2012 0 0 2311 2403 2213 2603 0 0 0 3079 3079 3079 3079 0
22 22 0 424 424 424 424 0 0 1109 0 0 0 0 0 0 0 0 0 0 0 0 0 2403 2213 0 0 0 0 3084 3079 3079 3079 0
0 163 0 424 424 424 0 0 0 1111 794 794 0 0 0 0 0 0 0 0 0 0 0 0 0 0 0 0 2951 2951 2951 0 3488 0
0 168 42 0 0 0 0 0 1016 794 794 794 0 0 0 0 0 0 1569 1569 0 0 0 0 0 1951 0 0 0 3089 3089 0 0 0
42 42 42 42 0 699 0 910 1019 794 794 0 0 0 0 0 0 1848 1569 1569 1569 0 0 0 2507 1951 1951 0 0 3093 3235 3235 3494 0
42 42 42 0 0 0 0 916 794 794 794 0 0 0 0 0 0 1765 1569 1569 1569 1569 0 2325 1951 1951 1951 1951 0 0 3235 3235 3235 0
42 42 42 455 576 42 0 0 1028 794 0 0 1386 1386 1385 0 0 0 1569 0 1569 0 2325 2325 1951 1951 1951 0 2963 3100 0 3235 3235 0
0 0 0 0 0 0 0 0 0 0 0 1301 1385 1385 0 1673 1775 1569 1569 0 0 0 0 2325 1951 1951 0 0 2971 0 0 0 0 0
0 0 331 0 0 0 822 720 0 0 0 0 0 0 0 1673 1569 1569 1569 0 0 0 0 0 1951 0 0 2734 2734 2734 0 3368 3509 0
0 0 335 335 0 0 822 720 720 0 0 1051 1051 0 0 0 0 1569 1569 1569 0 0 0 0 0 0 0 2845 0 0 0 0 0 0
0 202 0 0 0 0 720 720 0 0 1230 1051 1051 1051 0 0 0 0 0 0 0 0 0 0 0 0 0 0 0 3111 2740 2740 3518 0
0 0 0 0 0 725 720 720 0 1133 1230 1051 1051 1051 1051 1682 0 0 0 0 0 1415 1415 1415 0 0 0 2851 2851 2851 2740 0 0 0
0 0 0 0 0 725 720 720 0 0 1230 1051 1051 1051 0 0 0 1866 1415 1415 1415 1415 1415 1415 0 0 0 0 2851 2740 2740 0 0 0
0 0 0 0 0 0 828 720 0 0 1051 1051 1051 1051 0 0 0 1780 1415 1415 1415 1415 1415 1415 0 0 0 0 2851 0 0 0 0 0
0 0 0 0 0 0 0 0 0 1138 1051 1051 1051 0 0 0 0 1780 1415 1415 1415 1415 1415 1415 0 0 0 0 0 0 0 0 0 0
0 0 0 0 0 737 0 946 1051 1051 1051 1051 1051 0 0 0 0 1780 1415 1415 1415 1415 0 0 2240 2240 2240 0 0 3132 0 0 0 0
0 0 0 485 606 606 0 0 0 1051 1051 1051 1051 0 1591 0 1798 1780 1415 1415 1415 0 0 0 2240 2240 2240 0 0 0 0 0 0 0
72 232 232 0 0 745 0 954 622 0 1051 0 0 0 1500 1692 0 0 0 0 0 0 0 2453 2240 2240 2240 2240 0 0 0 0 0 0
0 232 363 0 618 752 0 622 622 0 0 0 0 0 1415 1415 0 0 0 0 0 0 0 2368 2240 2240 2240 2240 0 0 0 3404 0 0
0 0 0 0 622 622 622 622 622 0 0 0 0 0 1415 1415 0 0 0 2068 0 0 0 0 2240 2240 0 2888 0 0 0 2865 2865 0
0 0 0 0 629 0 0 0 0 0 0 0 1423 0 1415 0 0 0 0 0 0 0 0 0 0 0 2775 2775 3023 0 0 0 0 0
0 0 377 0 633 0 0 0 0 0 0 1331 0 0 0 1710 1809 1618 1618 0 0 2259 0 0 0 0 0 0 0 0 0 0 0 0
0 0 383 114 114 114 0 0 0 1171 0 1337 1330 0 0 1715 1711 1618 1618 1618 0 0 0 2468 2564 2182 0 0 0 0 0 0 3562 0
98 0 383 114 114 114 114 0 0 0 0 1330 1261 1261 1620 1715 0 1618 1618 1618 0 0 0 2470 2470 2182 0 0 0 0 3292 2240 2240 32714
0 267 383 114 114 114 114 0 0 0 0 0 1437 1261 1261 0 0 1911 0 0 0 0 0 2473 0 0 0 0 0 3179 2240 2240 2240 0
0 0 0 114 114 114 114 0 0 0 0 1348 0 0 0 0 0 0 1996 2089 2183 0 0 0 0 2676 0 0 0 0 2240 0 2240 0
0 0 0 0 0 0 0 0 0 0 0 0 0 0 0 0 0 0 0 0 0 0 0 0 0 0 0 0 0 0 0 0 0 0

# z = 8
0 114 280 280 114 114 114 0 990 0 0 0 1276 0 0 0 0 0 0 0 2093 0 2278 2182 2182 2182 0 0 0 0 0 0 3436 0
0 0 0 0 114 0 0 0 994 1089 781 0 0 0 0 0 1739 1444 1444 1444 1444 0 0 2182 0 0 2687 0 0 3060 2398 0 3440 0
0 132 0 0 539 0 0 0 781 781 781 1280 1360 0 0 0 0 0 0 1444 0 0 0 0 0 2592 2398 2398 2398 2398 2398 3315 3449 0
0 132 12 12 12 0 0 888 781 0 781 781 1362 0 0 0 0 0 0 0 0 0 0 0 2398 2398 2398 2398 2398 2398 0 3319 0 0
13 13 12 12 12 12 0 891 781 781 781 781 781 0 0 1652 1461 1461 1461 2012 2012 2012 2297 0 2398 2398 2398 2398 2398 2398 0 0 3462 0
0 12 0 0 0 0 0 0 0 0 1205 0 0 0 0 1652 1461 1461 1461 2012 2012 2012 0 0 0 0 2398 2398 2940 0 0 0 0 0
22 0 301 424 424 424 0 0 0 0 0 0 0 0 0 1461 1461 1461 1461 2012 2012 2012 0 0 0 0 2702 2817 0 0 3219 3079 3079 0
22 0 0 424 424 424 0 0 0 0 0 0 0 0 1556 1461 1461 1461 1936 2012 2012 0 2312 2213 2213 2213 0 0 0 3080 3079 3079 3079 0
22 0 0 424 424 424 0 0 1010 794 794 0 0 0 0 1461 1461 1845 0 0 0 0 2312 2213 2213 2606 0 0 0 3084 3079 3079 3079 0
0 0 0 439 0 424 0 905 794 794 794 794 0 0 0 1663 1461 0 0 0 0 2213 2213 2213 2213 0 0 0 2952 2951 0 3079 0 0
0 168 42 0 0 0 798 794 794 794 794 794 0 0 1567 0 1761 0 0 0 0 0 2213 2213 0 0 0 0 0 0 0 3347 0 0
0 42 42 42 42 699 0 911 911 794 794 0 0 0 0 0 0 1848 1569 1569 0 0 0 0 0 1951 2723 0 0 0 0 0 3495 0
42 42 42 42 42 42 0 916 794 794 0 0 0 0 0 0 0 1765 1569 1569 0 0 0 0 1951 1951 0 0 0 3096 0 3235 3235 0
42 42 0 42 42 42 0 0 0 0 0 1298 0 0 0 0 0 1569 1569 1569 2135 0 0 2325 1951 1951 0 0 0 3101 0 0 3235 0
0 0 0 457 0 42 815 923 0 1122 0 0 0 0 0 0 1775 1569 1569 1569 0 0 0 2325 1951 1951 0 0 0 0 0 0 0 0
0 190 190 48 0 0 822 720 0 1126 808 0 0 0 0 1673 1569 1569 1569 1569 0 0 2335 1951 1951 1951 1951 0 0 0 0 0 3510 0
0 190 48 48 0 0 822 0 0 0 0 0 0 0 0 0 1569 1569 1569 1569 0 0 0 1951 1951 1951 1951 0 0 0 0 0 0 0
0 202 67 0 0 0 720 720 0 0 0 0 0 1051 0 0 0 0 0 0 0 0 0 0 1951 1951 0 0 2980 2851 2740 2740 0 0
0 202 67 0 0 725 720 720 0 0 1230 1051 1051 1051 1051 1683 0 0 0 0 0 1415 0 0 0 2632 0 2852 2851 2851 2740 2740 0 0
0 202 67 0 0 725 720 720 0 0 1230 1051 1051 1051 0 0 0 1867 0 0 1415 1415 1415 0 0 0 0 2852 2851 2740 2740 2740 0 0
0 202 67 67 0 0 0 720 0 0 1051 1051 1051 1051 0 0 0 1780 0 1415 1415 1415 1415 1415 0 0 0 2852 2851 2740 2740 0 0 0
0 202 0 473 0 0 0 0 0 1138 1051 1051 0 0 0 0 1792 1780 1415 1415 0 1415 1415 0 2532 0 0 0 0 2740 0 0 0 0
66 221 0 0 0 0 831 0 0 1051 1051 1051 0 0 1589 1415 1796 1780 1415 1415 1415 1415 0 0 2536 2240 0 0 0 0 0 3395 0 0
0 67 352 486 0 0 836 0 0 1051 1051 0 0 1500 1500 1415 0 0 1415 1415 1415 0 0 2449 2240 2240 2240 0 0 0 0 0 3543 0
73 67 0 0 0 746 0 0 0 1155 0 1322 0 1500 1500 1415 0 0 0 0 0 0 2368 2368 2240 2240 2240 2882 0 0 3266 2865 2865 0
67 0 0 0 0 0 0 622 622 0 0 0 0 1500 1415 1415 0 0 0 0 0 0 0 2368 2240 2240 0 0 0 0 3266 2865 2865 0
67 244 369 0 622 622 0 0 0 0 0 0 0 1500 1415 1415 0 0 0 2069 2167 2167 0 0 0 0 0 2889 0 0 2865 2865 2865 0
0 0 374 0 622 758 0 0 0 0 0 0 0 0 1415 0 0 0 0 0 2167 2167 0 0 0 0 2776 2776 0 0 2865 2865 2865 0
0 0 0 510 0 0 0 969 1073 0 0 1332 1426 0 0 0 0 0 0 0 2167 2167 2167 0 0 0 2779 0 0 0 2865 2865 2865 0
0 0 383 114 0 0 0 0 967 967 1261 1261 1261 1261 0 1716 1711 1618 1618 0 2174 2167 0 0 2564 2182 2182 0 0 0 3286 0 0 0
98 0 0 114 114 0 0 0 0 0 1261 1330 1261 0 0 1711 1618 1618 0 0 0 0 0 2470 2470 2182 2182 0 3036 0 0 0 2240 0
0 267 114 114 114 114 114 980 0 1178 0 0 1261 1261 0 0 1618 1618 0 0 0 0 0 0 0 0 0 0 0 0 0 2240 2240 144
0 114 114 114 0 114 114 0 0 0 0 1349 0 1261 0 0 1827 0 0 2090 2183 0 0 0 0 0 0 0 0 0 0 3428 2240 0
0 0 0 0 0 0 0 0 0 0 0 0 0 0 0 0 0 0 0 0 0 0 0 0 0 0 0 0 0 0 0 0 0 0

# z = 9
0 0 280 280 114 114 775 0 991 781 0 0 0 0 0 0 1736 0 0 2002 1444 0 0 2182 2182 2182 0 0 0 0 3190 0 0 0
0 123 280 0 114 0 0 876 876 781 781 781 781 0 1540 1646 1444 1444 1444 1444 1444 0 2285 2182 0 0 0 0 0 3060 2398 0 0 0
0 0 285 0 0 0 0 0 781 781 781 781 781 781 781 1444 1745 1444 1444 1444 1444 0 0 0 2487 2592 0 2398 2930 2398 3203 0 0 0
0 132 12 12 0 0 0 0 781 781 781 781 781 781 0 0 0 1444 0 0 0 0 0 0 2398 2398 2398 2398 2926 2398 2398 0 0 0
0 13 12 12 0 0 0 892 0 781 781 781 0 0 0 1652 1461 0 0 0 2012 2012 0 0 0 2398 2398 2398 2398 2398 2398 0 0 0
0 12 296 0 549 0 0 0 0 0 0 0 0 0 0 1652 1461 1461 1461 2014 2012 2012 0 0 0 0 2700 0 2940 2398 0 3330 3330 0
0 0 301 301 424 0 0 0 0 0 0 0 0 0 1552 1461 1461 1461 1461 2014 2012 0 0 0 2499 2213 0 0 0 0 3219 3079 3079 0
22 154 0 301 301 0 0 0 0 1108 0 0 0 1468 1461 1461 1461 1461 1461 2012 0 0 2312 2213 2213 2213 0 0 0 0 0 3079 3079 0
22 0 0 301 301 0 0 902 794 794 0 0 0 0 1461 1461 1461 1461 1461 0 0 0 2312 2213 2213 2213 2213 0 0 0 0 3079 3079 0
34 0 0 0 301 0 794 794 794 794 0 0 0 0 1461 1461 1461 0 0 0 0 2213 2213 2213 2213 2213 0 0 0 0 0 0 3079 0
0 0 0 0 0 0 794 794 794 794 0 0 0 0 0 1461 1461 0 1947 0 0 2213 2213 2213 2213 2213 0 0 0 0 0 0 0 0
0 0 0 0 42 42 0 794 794 1116 0 0 0 0 0 1666 0 1851 1569 0 0 2213 2213 2213 0 0 0 0 0 0 0 0 0 0
0 0 0 42 42 42 0 0 0 0 0 0 0 0 0 0 1771 1569 1569 2034 0 0 0 0 0 0 0 0 0 0 3240 0 0 0
0 0 0 0 42 42 0 0 0 0 0 0 0 0 0 1671 1671 1569 1569 1569 2136 0 0 0 0 0 0 0 2964 2728 0 0 0 0
0 0 0 457 0 0 0 0 1031 808 808 0 0 0 0 1671 1569 1569 1569 1569 1569 0 0 2325 1951 0 0 0 2728 2728 2728 0 0 0
0 0 190 48 0 0 0 0 0 808 808 808 808 0 0 1671 1569 1569 1569 1569 1569 0 2335 1951 1951 1951 0 0 0 0 0 0 0 0
0 0 48 48 0 0 0 0 0 0 0 0 0 0 0 0 1569 1569 1569 1569 0 0 1951 1951 1951 1951 1951 0 0 0 0 3370 0 0
0 202 67 0 0 0 720 0 0 0 0 0 0 0 0 0 1569 1569 0 1569 0 0 0 1951 1951 1951 1951 0 0 2851 2740 2740 0 0
0 202 67 67 0 0 720 0 0 0 0 1051 0 1051 0 0 0 0 0 0 0 0 0 0 1951 1951 0 0 2851 2851 2740 0 0 0
0 202 67 67 0 0 0 0 0 0 1230 1051 1051 1051 0 0 0 0 0 0 1415 1415 0 0 0 0 0 2852 2851 2740 2740 2740 0 0
0 202 67 0 0 0 0 0 0 0 1051 1051 1051 0 0 0 0 1780 1415 1415 1415 1415 1415 0 0 0 0 0 0 2740 2740 3387 0 0
0 202 67 0 0 0 0 0 0 0 1051 1051 1051 0 0 0 1793 1780 1415 1415 1415 1415 1415 2444 0 0 0 0 0 0 0 0 0 0
0 221 67 0 0 738 738 729 1052 0 1051 1051 1051 0 1589 0 0 1780 1415 1415 1415 1415 0 0 0 0 2753 2870 3002 0 3262 0 3539 0
68 67 0 487 0 0 837 729 729 1149 1051 1051 0 0 1500 1415 0 1780 1415 1415 1415 1415 0 2449 2240 2240 0 2875 0 0 3262 3262 2865 0
73 67 0 0 0 0 843 955 955 1149 0 0 0 1500 1500 1415 1415 1883 1415 1415 0 0 0 2368 2240 2240 0 0 0 0 3266 2865 2865 0
67 0 0 0 0 0 0 0 0 0 0 0 1416 1500 1415 1415 1415 0 0 0 0 0 0 0 2240 2240 0 0 0 0 3266 2865 2865 0
67 0 0 0 0 756 0 963 0 0 0 0 0 1500 1415 1701 1415 0 0 0 0 2167 0 0 0 0 2768 0 0 3154 2865 2865 2865 0
67 0 0 0 630 756 0 967 0 0 0 0 0 0 0 0 0 0 0 0 2167 2167 2167 0 0 0 0 0 0 2865 2865 2865 2865 0
67 0 0 0 0 756 856 967 967 967 1256 0 1427 0 0 1711 0 0 0 0 2167 2167 0 0 2558 2659 2182 2182 3027 0 2865 2865 2865 0
0 0 0 0 0 763 0 967 967 967 967 0 1430 0 0 1711 1711 1902 0 0 2167 2167 0 0 2564 2182 2182 2182 0 0 0 0 0 0
0 0 387 114 114 767 0 0 1077 0 967 1330 1261 0 0 0 1618 0 0 0 0 0 0 0 2470 2182 2182 0 3037 3037 0 0 0 0
0 267 114 114 114 114 114 0 0 0 0 1330 1261 0 0 0 0 0 0 0 2177 0 0 2474 2182 2182 2182 0 3044 3180 3297 2240 0 0
0 0 0 114 114 114 114 0 0 781 0 0 1261 0 1636 0 1827 1444 0 0 2177 1444 2389 0 0 0 0 0 3052 3180 3190 0 3575 0
0 0 0 0 0 0 0 0 0 0 0 0 0 0 0 0 0 0 0 0 0 0 0 0 0 0 0 0 0 0 0 0 0 34

# z = 10
0 115 0 280 114 114 0 0 0 0 0 0 0 0 0 1641 1444 0 0 2002 1444 0 0 2182 2182 2182 2182 0 0 3057 0 0 0 0
0 0 0 0 114 0 0 0 0 0 781 781 781 1447 1447 1444 1444 1444 1444 1444 1444 0 0 0 0 0 0 0 2926 2398 0 0 0 0
0 0 0 0 0 0 0 0 0 0 781 781 781 0 1444 1444 1444 1444 1444 1444 0 0 2292 0 0 2592 0 0 2926 2398 0 0 0 0
0 136 0 0 0 674 0 0 0 0 781 781 781 781 0 0 1746 1444 0 0 0 0 0 0 0 0 0 0 2926 2398 0 0 0 0
0 0 0 0 0 0 784 0 0 0 0 781 0 1459 0 0 1461 0 0 0 2105 0 0 0 0 0 0 0 2934 2398 2398 0 0 0
0 0 0 0 550 681 0 895 0 0 0 0 0 0 1549 1461 1461 1461 0 0 0 0 0 0 0 0 0 0 0 0 0 3331 0 0
0 0 0 425 0 0 0 0 0 1104 1007 0 0 1466 1461 1461 1461 1461 1461 2014 2012 0 0 0 2499 0 0 0 0 0 0 0 3079 0
22 0 0 0 0 0 0 0 1007 1007 1007 0 0 0 1461 1461 1461 1461 1937 0 0 0 2312 2213 2213 2213 2213 2213 2213 0 0 0 3079 0
22 0 0 0 0 0 0 0 794 0 0 0 0 0 1461 1461 1461 1461 0 0 0 0 2312 2213 2213 2213 0 2213 0 0 0 0 3079 0
0 0 0 0 0 0 794 794 794 0 0 1292 1007 0 1461 1461 1461 0 0 0 0 2213 2213 2213 2213 2213 0 2823 0 0 0 0 3079 0
0 0 0 0 0 0 794 794 0 0 0 1007 1007 0 0 0 0 0 0 0 0 2213 2213 2213 2213 2213 0 0 0 0 0 0 3492 0
0 0 0 0 0 0 0 794 1020 0 0 0 0 0 0 0 1766 1766 0 0 0 2213 2213 2213 2213 2213 0 0 2956 0 0 0 0 0
0 0 0 0 42 42 0 0 0 0 0 0 0 0 1569 1569 1569 1569 0 0 0 0 2327 0 0 0 0 2832 2728 2728 2728 0 0 0
0 0 325 0 0 0 0 918 808 808 0 0 0 0 0 1672 1569 1569 1569 1569 0 0 0 0 0 0 0 0 2964 2728 0 0 0 0
0 0 48 48 0 0 0 918 808 808 808 808 0 0 0 1671 1569 1569 1569 0 0 0 2333 1951 1951 0 0 0 0 2728 2728 0 3504 0
0 191 48 48 48 0 0 926 808 808 808 808 808 0 0 1671 1569 1569 1569 1569 0 0 1951 1951 1951 1951 0 0 2975 2728 2728 0 0 0
0 0 48 48 48 0 0 0 808 808 808 808 808 0 0 0 1569 1569 1569 1569 0 0 0 1951 1951 1951 1951 0 0 0 0 0 0 0
0 202 0 0 0 0 0 0 808 808 0 0 0 0 0 0 1569 1569 1569 1569 0 0 2339 1951 1951 1951 1951 0 2981 2851 2740 2740 0 0
0 202 67 67 0 0 0 0 0 0 0 0 0 0 0 0 0 0 1569 1569 0 0 2345 1951 1951 1951 0 0 2851 2851 2740 2740 0 0
0 202 67 0 0 0 0 0 0 0 0 0 0 0 0 0 0 0 0 0 0 1415 0 0 1951 1951 0 2852 2851 2740 2740 0 3530 0
0 202 67 0 0 729 0 0 0 0 1238 1051 0 0 0 0 0 0 0 1415 1415 1415 1415 0 0 0 0 0 0 2740 2740 0 0 0
0 215 0 0 0 729 729 729 0 0 1051 1051 0 0 0 0 0 1780 1415 1415 1415 1415 1415 0 0 0 0 0 0 0 0 0 0 0
0 202 0 0 0 738 729 729 729 0 0 0 0 0 0 0 0 1780 1415 1415 1415 1415 2361 0 0 0 0 0 0 0 0 0 0 0
68 67 0 0 0 738 729 0 729 0 0 0 0 0 0 1690 1690 1780 1415 1415 1415 1415 0 2450 0 0 2756 2756 2756 2756 0 3398 2865 0
67 67 0 0 0 0 0 0 955 0 0 0 0 0 1500 1415 1415 1780 1415 1415 1415 1415 0 2450 0 0 2756 2756 3009 0 3266 2865 2865 0
67 0 364 245 0 0 0 0 0 0 0 0 0 0 1415 1415 1415 1415 1415 1415 0 0 0 2450 2547 0 0 0 0 0 3266 2865 2865 0
67 0 357 245 0 0 0 0 0 0 0 0 0 0 0 1701 1415 1891 0 0 0 2167 2167 0 0 0 0 0 0 3154 0 2865 2865 0
67 0 0 0 0 0 0 0 0 1166 1253 0 0 0 0 0 0 1897 0 0 2167 2167 2167 0 0 2654 0 0 0 2865 2865 2865 2865 0
67 0 0 0 0 762 0 967 1074 967 967 0 0 0 0 0 1810 0 0 0 2167 2167 2167 0 0 2654 2182 0 0 3164 2865 2865 2865 0
93 0 0 0 0 0 0 967 967 967 967 967 0 0 0 1711 0 1903 0 0 2167 2167 2382 0 2564 2182 2182 2182 0 0 3287 0 0 0
0 0 0 516 516 516 0 0 967 967 967 967 1261 0 0 0 0 0 0 2079 0 0 0 0 0 2182 2182 2182 3038 3038 3293 0 0 -1763822087
0 268 114 114 114 114 0 981 0 967 0 0 0 0 0 1727 0 0 0 0 2177 0 0 2474 2182 2182 2182 0 0 3180 3298 3422 0 -1762284320
0 115 0 0 114 0 0 0 0 0 0 0 1261 0 1637 1444 1444 0 0 2091 1444 0 0 2182 2182 2182 0 0 3053 3057 3297 3429 0 -1762284416
0 0 0 0 0 0 0 0 0 0 0 0 0 0 0 0 0 0 0 0 0 0 0 0 0 0 0 0 0 0 0 0 0 272

# z = 11
3 116 0 0 0 0 0 0 0 1088 0 0 0 0 1538 1444 1444 1444 1444 1444 1444 1444 0 2182 2182 2182 0 0 0 0 0 0 0 0
0 124 11 0 0 0 0 877 0 0 781 781 781 0 1444 1444 1444 1444 1444 1444 1444 0 0 0 0 0 0 0 2927 0 3198 0 3441 0
0 124 11 0 0 0 0 883 309 0 781 781 781 1453 1444 1444 0 1444 1444 1444 0 0 0 0 0 0 0 0 0 2398 0 0 3450 0
0 124 11 0 0 674 309 309 309 309 0 781 781 0 0 1653 0 0 0 0 0 2199 0 0 0 0 0 0 2926 2398 0 0 3442 0
0 11 11 0 543 309 309 0 0 0 0 0 0 0 0 0 0 0 0 0 0 0 2298 2010 0 0 0 0 0 2398 0 0 0 0
0 149 0 421 0 309 309 0 0 1096 1206 1007 0 1461 1461 1461 1461 1461 0 0 0 0 0 2010 0 0 0 0 0 0 0 0 0 0
0 0 0 417 309 309 309 0 0 0 1007 1007 0 0 1461 1461 1461 1840 0 0 0 0 2305 0 0 0 0 2818 2213 0 0 3335 0 0
0 0 309 309 309 309 309 0 0 1007 1007 1007 1007 0 1461 1461 1461 1461 0 0 2114 0 0 2213 2213 2213 2213 2213 2213 0 3224 0 3476 0
0 0 0 309 309 309 0 0 0 0 0 1007 1007 0 1461 1461 1461 0 0 2022 0 0 2312 2213 2213 2213 2213 2213 2213 0 0 0 3476 0
0 0 0 0 564 309 0 794 0 0 1214 1007 1007 1007 0 1461 0 0 0 1444 0 0 2213 2213 2213 2213 2213 2213 0 0 0 0 0 0
0 0 0 0 309 309 0 794 0 1114 1007 1007 1007 1007 0 0 0 0 0 1444 0 2213 2213 2213 2213 2213 2213 0 0 0 0 0 0 0
0 0 0 444 0 0 0 0 0 0 1007 1007 1007 1007 1007 0 0 0 0 0 0 2213 2213 2213 2213 2213 0 0 2957 2728 0 0 0 0
0 179 48 446 0 0 0 0 0 0 0 0 0 0 0 0 0 0 0 0 0 0 0 0 0 0 0 2832 2728 2728 3241 3241 0 0
0 179 48 48 0 0 0 918 808 808 0 0 0 0 0 0 1569 0 1569 0 0 0 2331 0 2520 0 0 2832 2728 2728 0 0 0 0
48 0 48 48 48 0 816 918 808 808 808 0 1389 0 0 0 1569 1569 1569 0 0 0 1951 1951 1951 0 0 0 2728 2728 0 0 3504 0
48 48 48 48 48 0 0 808 808 808 808 808 808 808 0 0 1569 1569 1569 1569 0 0 1951 1951 1951 1951 0 0 2728 2728 3246 0 3502 0
0 48 0 48 0 0 0 808 808 808 808 808 808 808 0 0 1569 1569 1569 1569 0 0 1951 1951 1951 1951 1951 0 0 0 0 0 3514 0
0 0 0 0 0 0 0 0 808 808 808 808 808 0 0 1680 1569 1569 1569 1569 0 0 1951 1951 1951 1951 0 0 2982 3112 0 3374 3519 0
0 0 0 0 0 0 0 0 0 808 0 0 0 0 0 0 1569 1569 1569 1569 0 0 2346 1951 1951 1951 1951 0 0 2851 2740 2740 0 0
0 202 0 0 0 0 0 0 0 1135 0 0 1399 0 0 0 0 0 0 0 0 0 0 0 1951 1951 1951 2852 2986 2740 2740 0 0 0
0 0 67 0 594 594 829 939 48 1135 48 0 0 0 1586 0 0 0 1962 0 0 0 0 0 0 1951 0 2852 2986 0 2740 0 0 0
0 215 67 0 0 732 729 729 48 0 0 0 0 0 1588 0 0 1780 1415 0 1415 0 0 0 0 0 0 0 0 0 0 0 0 0
0 202 67 0 0 732 729 729 1053 0 0 0 0 0 0 0 0 1780 1415 1415 1415 1415 0 0 0 0 0 2871 0 0 0 0 0 0
68 67 0 0 0 0 729 0 0 0 0 1317 0 0 0 0 1690 1780 1415 1415 1415 0 0 2451 0 0 2757 2756 2756 0 0 3398 2865 0
67 0 357 245 245 0 0 0 0 0 1247 0 0 0 0 1693 1415 1415 1415 1415 1415 0 2369 1893 2543 0 0 0 0 3144 3266 2865 2865 0
75 0 357 245 245 245 0 0 1065 0 1247 245 0 0 0 1415 1415 1415 1415 0 0 2253 1893 1893 1893 1893 0 0 0 0 3266 2865 2865 0
67 245 245 245 245 245 0 0 0 1161 245 0 0 0 0 0 1415 1892 0 0 2168 0 0 0 1893 1893 2769 0 3016 3016 2865 2865 2865 0
67 245 245 245 245 0 0 0 0 0 0 0 0 1515 0 0 1807 1622 0 2072 0 0 0 0 0 0 0 0 3016 3158 0 2865 2865 0
90 0 0 0 0 0 0 0 0 967 967 1333 1428 1519 0 0 1807 1622 0 0 0 0 0 0 0 2654 2182 0 0 2865 2865 2865 2865 0
0 0 0 0 0 0 0 973 1076 967 967 1333 1333 0 1614 0 1712 1622 0 0 0 0 0 0 0 2182 2182 0 3031 0 0 0 0 0
0 263 0 0 0 0 0 973 967 967 967 1333 0 0 0 0 0 0 0 0 0 0 0 0 0 2182 2182 0 0 0 0 0 0 32714
0 94 393 0 0 0 0 973 967 0 0 0 0 0 1629 1444 1444 0 1990 0 2178 0 2387 0 2182 2182 0 0 0 3180 0 3423 0 32714
3 0 0 526 0 0 0 0 0 0 1273 1273 1441 0 1444 1444 1444 1444 1444 1444 1444 2273 0 2474 2182 2182 0 0 0 0 3301 3430 0 32714
0 0 0 0 0 0 0 0 0 0 0 0 0 0 0 0 0 0 0 0 0 0 0 0 0 0 0 0 0 0 0 0 0 0

# z = 12
0 94 0 0 0 0 0 0 0 0 1186 0 1273 1444 1444 1444 0 0 1444 1444 1444 0 0 0 2182 2182 0 0 0 0 3191 3058 0 0
0 124 0 0 0 0 777 309 995 0 1189 781 0 0 1444 1444 1444 1444 1444 1444 0 0 2286 0 0 0 2688 2688 2584 0 3198 0 3442 0
0 124 11 0 0 673 777 309 309 0 0 0 781 1454 1444 1444 1444 0 1444 0 0 2196 2010 0 0 0 2692 2584 2584 0 3058 0 3442 0
11 11 11 0 0 673 309 0 309 0 0 0 0 0 0 0 0 0 0 0 0 2010 2010 2010 0 0 2584 2584 2584 0 0 3320 3320 0
11 11 0 417 309 309 309 309 0 0 0 0 0 0 0 0 0 0 0 0 2106 2010 2010 2010 2010 0 0 2584 0 0 0 0 3320 0
11 11 0 417 309 309 309 309 0 0 1206 1007 0 0 1461 0 0 0 0 0 0 0 2010 2010 2010 0 0 0 2941 0 0 3332 3320 0
0 11 0 417 309 309 309 0 0 1105 1007 1007 0 0 0 1461 0 0 0 0 0 0 0 0 2010 0 0 2818 2213 2213 0 0 0 0
0 0 0 309 309 309 309 0 0 1007 1007 1007 1007 0 0 0 0 0 1938 2019 2115 2115 0 0 0 2213 2213 2213 2213 2213 0 3344 0 0
0 0 0 309 309 309 0 0 0 1007 1007 1007 1007 0 0 0 0 0 0 2019 0 0 0 2213 2213 2213 2213 2213 2213 0 0 0 0 0
0 0 315 440 309 309 0 0 0 1007 1007 1007 1007 1007 0 0 0 0 1944 1444 0 0 2213 2213 2213 2213 2213 2213 2213 0 0 0 3489 0
0 0 0 0 309 309 0 0 0 1007 1007 1007 1007 1007 0 0 0 0 0 0 0 2213 2213 2213 2213 2213 2213 0 0 0 3232 3348 0 0
0 0 321 0 0 0 0 0 0 0 1007 1007 1007 1007 1007 0 1767 1767 0 0 0 2213 2213 2213 2213 2213 0 0 2957 2728 3236 2728 3496 0
0 179 48 447 0 0 807 0 0 0 0 0 1007 1007 0 0 1772 1667 0 0 0 0 0 0 0 0 0 0 2960 2728 2728 2728 0 0
0 179 48 48 0 0 813 919 808 0 0 0 0 0 0 0 1667 0 0 0 0 0 2331 1951 1951 0 2728 2728 2728 2728 2728 0 3502 0
48 48 48 0 0 0 817 808 808 808 808 808 808 0 0 0 0 0 1569 0 0 0 1951 1951 1951 1951 0 2728 2728 2728 0 3366 3502 0
0 48 48 48 48 712 712 808 808 808 808 808 808 808 0 0 1569 1569 1569 0 0 0 1951 1951 1951 1951 0 0 2728 2728 0 0 3502 0
0 0 0 48 48 0 0 808 808 808 808 808 808 808 0 1676 1569 1569 1569 1569 0 0 1951 1951 1951 1951 1951 0 0 0 0 3371 0 0
0 0 0 465 465 0 0 0 808 808 808 808 808 808 0 1676 1569 1569 1569 1569 0 0 1951 0 1951 1951 1951 0 2983 2740 3250 3375 0 0
0 0 0 465 48 0 827 0 1039 0 808 0 0 0 0 1676 1569 1569 1569 1569 0 0 0 1951 1951 1951 1951 0 2740 2851 2740 0 0 0
0 202 0 0 0 0 48 937 1044 48 0 1308 48 48 0 0 1569 0 1569 0 0 0 0 0 0 0 1951 0 2986 2740 0 3386 0 0
0 202 67 0 0 0 0 48 48 48 48 48 48 48 48 0 0 1870 0 0 0 0 2355 0 0 1951 0 2852 2986 2740 0 0 0 0
0 202 67 0 0 733 733 729 48 48 0 48 1406 48 48 0 0 0 0 0 0 0 0 0 0 0 0 0 0 2740 0 0 3535 0
67 67 0 0 0 739 0 729 1054 48 0 1313 48 0 0 0 0 1780 1415 1415 0 0 2362 2446 1893 1893 0 0 0 0 0 0 3540 0
67 0 0 488 0 0 0 950 0 0 0 0 1409 0 0 0 1690 0 0 1415 0 0 2362 1893 1893 1893 0 0 0 0 0 3399 2865 0
0 0 0 245 245 0 844 0 1059 245 245 245 1411 0 1593 0 1415 1415 0 0 0 2249 1893 1893 1893 1893 0 0 0 3145 0 2865 2865 0
0 0 357 245 245 245 245 960 245 245 245 245 245 0 1599 0 1415 0 0 2066 2163 1893 1893 1893 1893 1893 2764 0 0 2865 2865 2865 2865 0
0 0 245 245 245 245 245 245 245 245 245 245 245 0 0 0 0 1893 1893 2066 1893 1893 1893 1893 1893 1893 0 2890 0 2865 2865 2865 2865 0
0 0 245 245 245 245 0 0 245 245 0 0 0 0 0 0 1807 1622 0 1893 1893 0 1893 1893 2555 0 0 0 3016 2865 2865 2865 0 0
0 0 245 245 245 0 0 0 0 0 0 0 0 0 0 1712 1712 1622 0 0 0 0 0 0 0 0 0 0 0 2865 2865 2865 0 0
94 94 0 0 0 0 0 973 0 0 0 0 0 0 1615 0 1712 1622 0 0 0 0 0 0 0 2662 2182 0 0 0 3288 0 0 0
94 94 0 0 0 0 0 973 1078 967 967 0 0 1526 1621 0 0 1622 0 0 0 0 0 0 2570 2182 2182 0 0 0 0 0 0 -1555333120
94 94 0 522 653 0 0 0 0 0 0 1345 1438 1526 0 1728 0 0 1991 2083 0 0 0 0 2182 2182 2182 0 0 0 0 3424 0 -1762284320
0 94 0 0 0 0 0 986 0 0 0 1273 1273 1444 1629 1444 0 0 1444 0 1444 0 0 0 2182 2182 2182 0 0 0 0 0 0 136
0 0 0 0 0 0 0 0 0 0 0 0 0 0 0 0 0 0 0 0 0 0 0 0 0 0 0 0 0 0 0 0 0 -1555417584

# z = 13
0 0 0 0 0 666 0 0 0 0 0 0 0 0 0 0 0 0 0 0 0 0 0 0 2182 0 2680 2680 0 0 3191 3058 0 0
0 0 0 0 0 0 777 309 309 309 0 0 0 1448 1444 1444 1444 0 0 0 0 2191 2010 0 0 2584 2584 0 0 0 3058 3058 0 0
0 133 133 0 0 0 777 309 309 309 0 0 0 1454 1454 1444 1444 0 0 2009 0 2191 2010 0 0 0 2584 2584 2584 0 3058 0 0 0
11 137 11 0 0 0 0 309 309 0 1201 0 0 0 0 0 0 0 0 0 0 2010 2010 2010 2010 0 2584 2584 2584 0 0 0 3457 0
11 11 293 0 309 309 0 0 0 0 0 0 0 0 0 0 1751 0 0 0 0 0 2010 2010 2010 0 0 0 2935 0 0 3326 3320 0
11 11 0 0 309 309 309 0 0 0 0 0 0 0 0 0 0 0 0 0 0 0 2010 2010 2010 0 0 0 0 3071 0 3326 3320 0
11 0 0 417 309 309 309 0 0 0 1007 0 0 0 0 0 0 1841 1841 0 0 0 2010 2010 2010 0 0 0 2213 2213 0 3326 3320 0
0 0 310 309 309 309 309 0 0 0 1007 1007 1007 0 0 0 0 1841 1841 1444 0 0 0 0 0 0 2213 2213 2213 2213 0 0 0 0
0 0 0 309 309 309 309 0 0 1007 1007 1007 1007 0 0 0 1755 1841 1841 1444 0 2212 0 0 0 2213 2213 2213 2213 2213 2213 2213 3481 0
0 164 315 309 309 0 0 0 0 1007 1007 1007 1007 0 0 0 0 0 1444 1444 0 0 0 2213 2213 2213 2213 2213 2213 2213 0 0 0 0
0 23 23 441 441 0 0 0 0 0 1007 1007 1007 1007 0 0 1762 0 0 0 0 0 0 2213 2213 2213 2213 0 0 0 0 3349 0 0
0 23 0 441 0 0 0 0 0 0 1007 1007 1007 1007 0 1667 1667 1667 0 0 0 0 0 0 2213 2213 2213 0 0 0 3237 2728 2728 0
0 0 0 0 0 0 808 808 808 0 0 0 1007 1007 0 0 1667 1667 0 0 0 2220 0 0 0 0 0 0 2961 2728 2728 0 0 0
0 179 0 0 577 577 808 808 808 808 808 0 0 0 0 0 1667 1667 0 0 0 1951 1951 1951 0 0 0 0 0 2728 2728 0 0 0
48 48 0 0 0 707 808 808 808 808 808 808 808 808 0 0 0 0 0 0 0 0 0 1951 1951 0 0 0 0 2728 0 0 3502 0
0 48 0 458 48 0 808 808 808 808 808 808 808 808 808 0 1569 1569 0 0 0 0 0 0 0 1951 0 0 0 0 0 0 3502 0
0 0 336 458 48 0 0 0 808 808 808 808 808 808 0 1676 1569 1569 1569 0 0 0 0 0 0 1951 0 2846 0 0 0 0 0 0
0 203 338 465 48 48 48 933 0 808 808 808 808 808 0 1676 1569 1569 1569 2047 0 0 2340 2432 0 0 0 0 2983 2740 2740 0 3520 0
0 0 0 465 48 48 48 48 1040 0 0 0 808 808 0 1676 1569 0 1569 0 0 0 0 0 0 0 0 0 2740 2740 2740 0 0 0
0 0 0 0 48 48 48 48 0 0 0 0 1400 48 0 1676 1569 0 0 0 0 0 0 2441 0 0 0 0 2986 2740 0 0 0 0
0 202 0 0 0 0 48 48 48 48 1239 48 48 48 48 0 1569 0 0 0 0 0 2356 1779 0 0 0 0 2986 2740 0 0 0 0
0 202 0 0 0 0 0 0 1049 48 0 48 48 48 0 0 0 0 0 0 2154 1779 1779 1779 0 0 0 0 0 0 0 3392 0 0
0 0 0 0 0 740 740 0 1054 48 1244 48 48 48 0 0 0 0 0 0 0 0 0 0 1893 1893 2754 0 0 0 0 0 0 0
0 0 0 0 0 740 740 0 0 0 1142 48 48 48 0 0 0 0 0 0 2158 1893 1893 1893 1893 1893 1893 0 0 0 0 0 0 0
0 0 0 245 0 0 0 956 245 245 245 245 1412 0 0 0 0 0 1969 1893 1893 1893 1893 1893 1893 1893 0 0 3010 2865 2865 2865 0 0
0 0 357 245 245 245 245 956 245 245 245 245 0 0 0 0 0 0 1969 1893 1893 1893 1893 1893 1893 1893 1893 0 0 0 2865 2865 0 0
0 0 245 245 245 245 245 245 245 245 245 245 0 0 0 0 0 0 1893 1893 1893 1893 1893 1893 1893 1893 0 0 3017 2865 2865 2865 0 0
0 0 0 245 245 245 245 245 245 245 245 245 0 0 1609 1706 1808 1622 1976 1893 1893 0 1893 1893 1893 1893 0 0 0 2865 2865 2865 0 0
0 0 0 245 634 0 0 0 0 245 245 0 1429 0 0 0 1712 1622 0 0 0 2260 1893 0 2559 0 0 2901 0 0 0 3414 0 0
0 0 384 245 0 0 0 0 0 0 0 0 0 0 0 1717 1712 1622 0 0 0 2265 0 0 0 0 2782 2182 0 0 0 0 0 0
99 0 0 0 647 768 861 0 0 0 0 0 1434 0 0 0 1712 1622 0 0 0 0 0 0 2570 2182 2182 2182 2182 0 3294 3294 0 21863
103 0 0 0 654 0 0 0 0 1179 0 0 0 0 1630 0 0 0 0 2083 0 0 0 0 2182 2182 2182 0 3045 0 3294 3294 0 32714
0 0 0 0 0 771 0 0 0 0 1274 0 0 0 0 0 0 1916 1444 1444 0 0 0 0 2576 0 2680 2916 0 0 0 3058 3576 0
0 0 0 0 0 0 0 0 0 0 0 0 0 0 0 0 0 0 0 0 0 0 0 0 0 0 0 0 0 0 0 0 0 21863

# z = 14
4 0 0 401 529 78 0 0 0 0 0 0 0 0 0 0 0 0 0 0 0 0 0 0 0 0 0 2680 0 3058 3058 3058 0 0
0 0 0 404 78 78 0 309 309 309 309 0 0 0 0 1444 0 0 0 2005 2095 2191 2287 0 0 2585 0 0 0 3061 3061 3058 0 0
0 0 0 0 0 0 778 309 309 309 309 0 0 1455 1454 1444 1444 0 0 2010 2010 2010 2010 2010 0 0 2584 2584 0 3061 3058 0 3451 0
0 0 0 0 0 675 0 0 0 309 0 0 0 1455 1454 1444 1444 0 0 0 2010 2010 2010 2010 2010 2010 0 0 0 0 0 0 0 0
0 0 0 0 0 0 0 0 0 0 0 0 0 0 0 1444 1444 1444 0 0 0 0 2010 2010 2010 2010 0 0 2936 0 0 3326 3320 0
0 0 0 422 309 309 0 0 0 0 0 0 0 0 0 0 1444 1444 1444 0 0 0 0 2010 2010 0 0 0 0 0 0 3326 3320 0
0 0 302 426 23 309 309 0 0 0 0 0 0 0 0 0 0 1841 1841 0 0 0 0 0 2010 0 2703 0 2213 2213 0 0 0 0
0 155 0 427 23 23 309 0 0 0 0 0 0 0 0 0 0 1841 1841 1444 2116 0 0 0 0 0 2213 2213 2213 2213 0 0 0 0
29 0 0 435 23 23 309 0 0 0 0 0 0 0 0 0 0 1841 1841 1444 1444 0 0 0 0 0 2213 2213 2213 2213 2213 2213 0 0
0 164 23 23 23 23 0 0 0 0 1007 1007 0 0 1564 0 0 0 1444 1444 2121 0 0 0 0 2213 2213 2213 2213 2213 0 0 0 0
0 23 23 23 23 0 0 0 0 0 1007 1007 0 0 0 0 0 0 0 0 0 0 0 0 0 0 0 0 0 0 0 3350 0 0
0 23 23 23 0 0 0 912 0 0 1007 1007 0 1007 0 0 1768 0 0 2029 2130 1951 1951 1951 0 0 0 0 0 0 0 0 0 0
0 0 23 0 0 0 809 808 808 0 0 0 0 0 0 0 0 0 0 0 2030 1951 1951 1951 0 0 2725 2833 0 0 0 0 0 0
0 0 0 0 0 577 808 808 808 808 808 0 0 0 0 0 0 0 0 0 1951 1951 1951 1951 0 0 0 0 0 2728 2728 0 0 0
0 0 0 0 0 0 808 808 808 808 808 808 808 808 808 0 0 0 0 0 0 0 0 0 0 0 0 0 0 2728 0 0 3502 0
0 0 0 0 0 0 808 808 808 808 808 808 808 808 808 0 1569 1569 0 0 0 0 0 0 2524 0 0 0 0 0 0 0 0 0
0 0 336 336 581 48 0 0 0 0 808 808 808 808 808 0 1569 1569 0 0 0 0 0 0 2524 0 0 0 0 0 3249 0 0 0
0 0 0 336 48 48 48 0 0 0 0 808 808 808 0 0 1569 0 0 0 0 0 2341 0 0 0 0 2849 2740 2740 2740 0 0 0
0 0 0 465 48 48 48 48 0 0 0 0 0 808 0 1676 0 0 1957 1779 0 0 2347 0 0 0 0 0 2740 2740 2740 0 0 0
0 0 0 0 48 48 48 48 0 0 0 0 0 0 0 1686 1684 0 1958 1779 0 0 2350 1779 1779 2634 0 0 0 0 0 0 0 0
0 0 0 0 48 48 48 0 0 0 0 0 0 0 0 1684 0 0 1779 1779 1779 2236 2350 1779 1779 1779 0 0 0 0 0 0 0 0
0 0 0 0 0 0 0 0 0 1141 1242 48 48 48 0 0 0 0 1779 1779 1779 1779 1779 1779 0 0 0 2865 0 0 0 0 0 0
0 0 0 0 603 0 0 0 0 1142 1142 48 48 48 0 0 0 0 0 1779 1779 0 2363 1779 0 1893 0 2865 2865 0 0 0 3541 0
0 0 0 0 0 0 0 0 0 1150 1142 48 48 1501 0 0 0 0 0 0 0 0 0 0 0 1893 1893 0 2865 3139 0 0 0 0
0 0 0 0 0 0 0 0 245 245 245 0 0 0 0 0 0 0 1969 1893 0 0 1893 2454 1893 1893 1893 0 2865 0 0 0 0 0
0 0 365 245 245 245 245 0 0 245 245 0 0 1506 1314 0 0 0 1969 1893 1893 0 1893 1893 1893 1893 1893 0 2865 2865 2865 2865 0 0
0 0 245 245 245 245 245 0 245 245 245 0 0 1509 0 0 0 0 1893 1893 1893 1893 1893 1893 1893 1893 0 0 2865 2865 2865 0 0 0
0 0 0 0 245 245 0 0 245 245 245 245 0 0 0 0 0 0 0 1893 1893 1893 1893 1893 0 1893 0 0 0 2865 0 0 0 0
0 0 0 0 245 0 0 0 245 245 0 1334 849 0 0 0 1712 0 0 1893 2172 1893 1893 0 0 0 0 0 0 0 0 3415 3559 0
0 0 0 245 0 764 78 974 0 0 1262 1180 849 0 0 1718 1712 0 0 0 0 0 0 0 0 0 2782 2182 2182 0 0 3416 0 0
0 0 388 517 78 78 0 0 0 0 1262 849 849 0 1622 1622 1622 0 0 0 0 2269 0 0 0 2182 2182 2182 2182 0 0 3416 0 0
0 0 388 517 78 78 0 0 1080 0 0 849 0 0 1622 1622 0 0 0 0 0 0 0 0 2182 2182 2182 2182 0 0 3294 0 0 0
4 276 0 517 78 78 0 0 0 0 0 0 0 1533 0 0 0 0 1997 0 0 2274 0 0 0 2677 2182 2182 2182 3058 3058 3431 3058 7
0 0 0 0 0 0 0 0 0 0 0 0 0 0 0 0 0 0 0 0 0 0 0 0 0 0 0 0 0 0 0 0 0 34

# z = 15
0 78 78 78 78 78 0 0 0 0 0 1277 0 0 0 0 0 0 0 0 0 0 2279 0 0 0 2681 0 0 0 3192 0 0 0
7 0 0 78 78 78 0 0 996 0 0 0 1356 0 0 0 0 0 0 0 0 2192 2010 2395 2010 0 0 0 0 0 3061 3058 3443 0
0 0 0 0 540 0 0 0 0 0 0 0 1356 0 0 1444 1444 0 0 0 2010 2010 2010 2010 2010 0 0 0 0 0 0 0 0 0
0 0 0 0 0 0 0 0 0 0 0 0 0 0 0 1444 1444 0 0 0 2010 2010 2010 2010 2010 2595 0 0 2932 2182 0 0 0 0
0 143 0 0 0 0 0 0 0 0 0 0 0 0 1546 1444 1444 1444 0 0 0 0 2010 2010 2010 2010 2697 2810 2182 2182 0 0 0 0
0 0 0 0 551 0 0 0 0 1097 0 0 0 0 0 0 1444 1444 1444 0 0 0 0 2010 2010 2010 0 2182 0 3072 0 0 0 0
0 0 303 426 23 23 23 0 1005 23 0 0 0 0 0 0 1444 1444 1444 2017 1444 0 0 0 0 0 0 0 0 3075 3220 0 3472 0
27 0 303 23 23 23 23 23 23 23 0 0 0 1469 0 0 0 0 1444 1444 1444 0 2313 0 0 0 0 0 0 3081 3081 3081 3081 0
23 23 23 23 23 23 23 23 23 0 0 0 1373 23 23 23 23 0 1444 1444 1444 0 2316 2316 0 0 0 0 0 0 3081 3081 3482 0
23 23 23 23 23 23 0 0 0 0 0 0 0 23 23 23 23 0 0 0 0 0 0 0 0 0 0 0 0 0 0 0 3482 0
0 23 23 23 0 23 0 0 0 0 0 0 0 23 23 23 23 0 0 0 0 2216 1951 1951 1951 0 2716 2826 0 0 0 0 0 0
0 23 23 23 0 0 0 0 0 0 0 0 0 0 23 0 23 0 0 2030 2030 1951 1951 1951 1951 2613 2613 2826 2613 0 0 3354 0 0
0 23 23 448 0 0 0 808 0 0 0 0 0 0 0 0 0 0 0 2035 2030 1951 1951 1951 0 2619 2613 2613 2613 0 0 0 3500 0
0 0 0 0 0 0 0 0 808 0 0 0 0 0 0 0 0 0 0 0 0 0 1951 1951 0 0 2613 0 0 0 0 0 0 0
0 187 187 187 0 0 0 0 0 0 808 808 808 808 0 0 0 0 0 0 0 0 1951 0 0 0 0 0 0 2728 0 0 0 0
0 0 187 0 0 0 0 0 0 0 808 808 808 808 808 0 0 0 0 0 0 0 0 2428 2336 0 0 0 0 0 0 0 3511 0
0 0 0 336 0 0 0 0 0 0 808 0 808 808 0 0 0 0 0 0 0 0 0 0 2336 2336 0 0 2976 2740 2740 0 0 0
0 204 0 336 336 48 48 0 0 0 0 0 0 0 0 0 0 0 0 0 0 0 2341 0 2336 2336 0 2849 2740 2740 2740 2740 0 0
57 0 0 0 48 48 48 48 0 0 1233 0 0 0 0 1684 1684 1863 1779 1779 0 0 2347 0 0 0 0 2849 2740 2740 2740 2740 3526 0
57 57 0 0 48 48 48 0 0 1136 1236 586 0 0 0 1684 1684 1868 1779 1779 1779 0 2350 1779 1779 0 0 0 2740 3115 2740 2740 2740 0
61 57 0 0 0 0 0 0 0 0 586 586 0 0 0 0 0 1868 1779 1779 1779 0 2350 1779 1779 0 0 2860 2993 0 0 0 0 0
57 57 0 0 0 734 0 0 0 0 0 0 0 0 0 0 1794 1874 1779 1779 1779 1779 1779 1779 0 0 0 2865 2865 0 0 0 3536 0
57 57 0 478 478 741 0 0 0 0 1142 0 0 0 0 0 0 1874 1779 1779 1779 1779 0 0 0 0 0 2865 2865 0 0 3396 0 0
0 225 0 489 0 0 838 474 0 0 0 0 0 0 0 0 0 0 0 0 0 0 0 0 2541 0 0 2865 2865 0 0 0 3544 0
0 0 0 0 614 474 474 0 0 245 0 0 0 1503 1314 0 0 0 0 1893 1893 1893 2370 1893 1893 1893 0 0 2865 2865 3267 0 3548 0
0 0 0 0 619 0 845 0 0 245 245 0 1417 1314 1314 0 0 0 0 1893 1893 1893 1893 1893 1893 1893 0 0 3013 2865 0 0 0 0
0 0 0 0 245 0 0 0 0 245 245 0 0 1314 0 1702 0 0 0 1893 1893 1893 1893 1893 1893 1893 0 0 2865 0 0 0 0 0
0 252 0 0 0 0 0 0 0 1167 0 0 0 0 0 1702 0 0 0 1893 1893 1893 1893 1893 1893 0 0 0 0 0 0 0 0 0
0 0 0 0 635 0 0 0 0 0 0 1334 0 0 0 0 0 0 0 0 0 2261 0 0 0 0 0 0 0 0 0 0 3560 0
95 0 0 0 639 0 78 975 0 0 1262 1180 849 849 0 0 0 0 1984 2076 0 0 0 0 0 2663 2182 2182 0 3169 0 3416 3563 0
100 264 389 0 78 0 0 0 0 0 1262 849 849 849 0 0 0 0 0 0 2175 0 2383 0 0 2182 2182 2182 2182 0 0 3416 0 0
0 78 78 0 78 78 0 0 0 0 1262 849 849 0 0 0 0 1912 1992 2084 2084 0 0 2475 2182 2182 2182 2182 2182 3181 0 0 0 9
0 78 78 78 78 0 870 0 1084 0 0 849 849 0 1638 0 0 1912 1912 2092 1824 1824 0 0 0 2182 2182 2182 0 0 0 0 0 0
0 0 0 0 0 0 0 0 0 0 0 0 0 0 0 0 0 0 0 0 0 0 0 0 0 0 0 0 0 0 0 0 0 0

# z = 16
0 0 78 78 78 78 0 872 992 0 0 1277 849 0 0 0 0 1824 1919 1824 1824 0 0 0 0 0 2681 2182 0 0 0 0 0 0
7 0 0 0 0 0 0 0 0 0 0 1278 1357 0 0 0 0 1831 1922 0 0 2192 2288 0 0 0 0 2804 0 0 0 0 3444 0
0 0 0 0 0 0 779 779 997 0 0 0 1361 0 0 0 0 0 0 0 0 2010 2010 2010 2488 0 0 2806 2182 0 0 0 0 0
0 0 0 0 541 0 0 125 0 0 0 0 1361 0 0 1444 0 0 0 0 0 0 2010 0 0 0 0 2806 2182 2182 0 0 0 0
0 0 0 0 0 679 0 0 0 0 0 1285 1190 1190 0 0 0 0 0 0 0 0 0 2010 0 0 2698 2182 2182 2182 0 0 0 0
0 0 0 0 551 0 0 0 1003 23 0 0 0 1462 0 0 0 0 1933 0 0 0 0 0 0 2601 0 2182 2182 0 0 0 0 0
0 0 0 426 23 23 23 23 23 23 0 0 0 0 0 0 0 0 1444 1444 1444 0 0 0 0 0 0 0 0 0 3220 3336 3081 0
27 0 303 23 23 23 23 23 23 23 0 0 0 0 0 1660 0 0 1939 1444 1444 0 2313 2306 0 0 2705 0 0 0 3081 3081 3081 0
23 23 23 23 23 23 23 23 23 0 0 1291 23 23 23 23 23 0 1942 0 0 0 2306 2306 0 0 0 0 0 0 3081 3081 3081 0
23 23 23 23 23 23 0 0 0 0 1215 23 23 23 23 23 23 23 23 23 0 0 0 0 2504 0 0 2824 0 0 0 0 3081 0
0 23 23 23 23 0 0 0 0 0 1217 23 23 23 23 23 23 23 23 0 0 2216 1951 0 2508 0 2716 2824 0 0 0 0 0 0
0 0 23 23 23 0 0 0 0 0 23 23 23 23 23 23 23 23 0 0 2030 1951 1951 1951 0 0 2613 2613 0 0 0 0 0 0
0 180 0 0 0 0 0 0 0 0 23 23 23 23 0 0 0 0 0 0 2030 1951 1951 1951 0 2620 2613 0 0 0 0 3359 0 0
0 182 326 187 187 0 0 0 0 0 0 0 0 0 0 0 0 0 0 2039 0 0 1951 1951 1951 2624 2613 0 0 0 0 0 0 0
0 187 187 187 187 0 0 0 0 0 0 0 0 808 0 0 0 0 0 0 0 0 0 0 0 0 0 0 0 0 0 0 0 0
0 0 187 187 187 0 0 0 0 0 0 0 0 0 0 0 0 0 0 0 0 0 2336 2336 2336 0 0 0 0 0 3247 0 0 0
0 198 0 0 0 0 0 0 0 0 0 0 1393 0 0 0 1779 1779 0 0 0 0 2336 2336 2336 0 0 0 2976 2740 2740 2740 0 0
0 198 0 0 336 0 0 0 0 1130 586 0 0 0 0 0 1779 1779 0 2048 0 2228 2341 2336 2336 2336 0 2849 2740 2740 2740 2740 3521 0
57 52 0 0 0 0 48 48 0 586 586 586 0 0 0 0 0 1863 1779 0 0 0 0 0 0 2633 2740 2740 2740 2740 2740 2740 3526 0
57 57 0 0 0 48 0 0 0 586 586 586 0 0 1585 0 0 1779 1779 1779 0 0 2351 0 0 0 0 0 0 3116 2740 2740 2740 0
57 57 0 0 0 0 0 0 1046 586 586 586 0 0 0 0 0 1779 1779 1779 1779 2237 0 1779 0 0 0 0 0 0 0 2740 2740 0
57 0 0 474 474 474 0 0 0 0 586 586 0 0 0 0 0 1779 1779 1779 1779 0 0 0 0 0 0 0 2865 0 0 3393 2740 0
57 222 0 474 474 474 474 0 0 0 0 0 0 1497 0 0 0 0 1779 0 0 0 0 0 0 0 0 2865 2865 0 3263 3263 2740 0
69 225 353 474 474 474 474 474 0 0 0 0 0 1314 1314 0 0 0 0 0 0 0 0 0 0 0 0 2876 2865 2865 0 3400 3400 0
0 0 226 474 474 474 474 0 0 0 0 0 1413 1314 1314 1314 0 0 0 0 2160 0 0 1893 0 0 0 2883 2865 2865 0 0 0 0
0 238 0 0 0 474 474 0 0 0 0 0 1413 1314 1314 0 0 1888 0 0 1893 1893 1893 1893 1893 2646 0 2883 2865 2865 0 0 0 0
0 246 246 0 0 0 474 0 0 0 0 0 0 1314 1314 1314 0 1799 1612 1893 1893 1893 1893 1893 1893 1893 2770 2883 2865 0 0 3408 2891 0
83 0 375 375 0 0 0 0 0 0 0 0 0 1516 0 0 0 1799 0 0 0 0 2374 0 0 0 0 0 0 0 0 3408 2891 0
91 0 0 0 0 0 0 0 0 0 1257 1257 849 0 0 0 0 0 0 0 0 0 0 0 2560 2660 0 0 0 0 0 0 2891 0
91 78 78 512 78 0 0 0 0 0 1262 1180 0 849 849 0 0 0 1985 0 0 0 0 0 2565 2182 2182 2902 0 3170 3289 3417 2891 0
78 78 78 518 78 78 78 0 0 0 1262 849 849 849 0 0 0 0 1988 1824 1824 1824 0 0 2565 2182 0 0 2182 0 0 2891 0 0
0 78 78 78 0 78 865 982 0 0 1262 849 849 0 0 0 1824 1824 1824 1824 1824 0 0 0 2182 2182 2182 2182 2182 0 0 2891 3570 136
110 78 78 0 78 78 0 987 987 0 0 0 0 1534 0 0 0 1824 0 1824 1824 1824 2390 0 2182 2182 2182 0 0 0 3302 0 0 136
0 0 0 0 0 0 0 0 0 0 0 0 0 0 0 0 0 0 0 0 0 0 0 0 0 0 0 0 0 0 0 0 0 -1555417856

# z = 17
0 0 78 78 78 0 0 0 0 0 1180 1180 849 0 0 1642 0 0 1919 1919 1824 1824 0 0 2483 2182 2182 0 0 0 0 0 0 0
0 0 283 0 0 0 0 878 125 0 0 0 0 1449 1190 1190 0 0 1923 1919 1824 0 2289 0 0 2586 2689 2182 0 0 0 0 0 0
0 134 0 409 125 125 125 125 125 0 1196 0 1361 1190 1190 0 0 0 0 0 0 0 0 0 0 2593 2182 2182 0 0 0 0 0 0
0 138 291 125 125 125 125 125 125 0 0 0 1361 1190 1190 1190 0 0 0 0 2102 0 0 0 0 2596 2695 2182 2182 2182 2182 0 0 0
0 0 291 0 544 125 125 0 0 1093 1202 0 1190 1190 1190 0 0 0 0 0 0 0 0 0 0 0 2182 2182 2182 2182 2182 0 0 0
0 0 0 0 0 0 0 0 1003 1098 1207 0 1190 1190 1190 1190 0 0 1934 0 0 0 0 0 0 0 2701 2182 2182 2182 0 0 0 0
23 0 304 0 23 23 23 23 23 23 0 0 0 0 0 0 0 0 0 0 0 0 0 0 0 0 0 2182 2182 0 3221 3337 0 0
23 0 311 23 23 23 23 23 23 23 0 0 0 0 1557 0 0 1842 23 0 0 0 2313 2306 0 0 0 0 0 0 3221 0 0 0
23 158 23 23 23 23 23 23 23 0 1212 23 23 23 23 23 23 23 23 23 0 0 2317 2306 2306 0 0 0 0 0 0 0 0 0
0 23 23 23 23 23 23 0 0 1112 23 23 23 23 23 23 23 23 23 23 0 0 0 0 0 0 0 2825 2182 0 0 0 0 0
38 23 23 23 0 23 0 0 0 23 23 23 23 23 23 23 23 23 23 23 0 0 0 0 0 0 2717 2182 2182 0 0 0 0 0
0 23 0 0 0 0 0 0 0 0 23 23 23 23 23 23 23 23 23 0 2030 1951 0 0 0 0 2613 2830 2182 2182 0 0 0 0
0 0 0 0 575 187 187 0 0 1118 23 23 23 23 0 0 1773 0 0 2036 1951 1951 1951 1951 0 0 0 0 2182 2182 3242 0 0 0
0 0 0 187 187 187 187 0 0 0 0 23 0 0 0 0 0 0 1951 1951 1951 1951 1951 1951 1951 0 2729 0 0 0 0 0 0 0
0 188 187 187 187 187 187 0 0 1123 0 0 0 0 0 0 0 0 0 2040 0 0 0 0 0 0 2729 0 2972 0 0 0 0 0
0 0 0 187 187 187 187 0 0 0 0 0 0 0 0 0 0 0 0 0 2144 0 0 0 2525 0 2729 2840 2840 2840 0 0 3512 0
0 199 0 0 0 717 0 0 0 1127 0 0 0 0 0 0 0 0 0 0 2146 2146 0 2336 0 0 0 0 2976 2740 2740 0 0 0
0 52 52 0 0 0 0 0 0 1130 0 0 0 0 1580 0 1779 1779 0 0 2146 2146 2146 0 0 0 0 0 2740 2740 2740 3376 3522 0
58 52 52 0 0 0 0 0 1041 586 586 586 0 1492 1397 0 0 1779 1779 0 0 0 0 0 0 0 0 2740 2740 2740 0 2740 3527 0
57 0 0 0 0 0 0 0 1045 586 586 586 0 1397 1397 0 0 1779 1779 1779 0 2233 0 0 0 0 2744 2740 0 3116 0 2740 2740 0
57 0 0 0 0 0 0 940 586 586 586 586 0 1397 1397 0 0 1779 1779 1779 0 2233 2152 0 0 0 0 0 0 0 0 2740 2740 0
57 0 0 474 474 474 0 943 586 586 586 586 0 0 0 0 0 1779 0 1779 0 0 0 0 2533 0 0 0 0 0 0 3393 2740 0
57 0 0 474 474 474 0 0 0 0 1245 1314 1314 1314 1314 1314 0 0 1965 0 0 0 0 0 2537 2638 2755 0 0 0 3263 3263 2740 0
57 226 226 474 474 474 474 474 0 0 0 0 1314 1314 1314 1314 0 0 0 0 0 0 0 2452 2537 2641 2758 0 2865 0 3263 3263 2740 0
0 233 226 474 474 474 474 474 0 0 0 0 0 1314 1314 0 0 1884 1799 0 0 0 0 0 0 0 0 0 2865 2865 0 0 0 0
76 239 0 0 0 474 474 474 0 0 0 0 1413 1314 1314 1314 0 1799 1799 0 0 0 0 0 0 0 0 0 0 0 0 0 0 0
78 0 0 0 0 474 0 0 0 0 0 0 0 1314 1314 1314 0 1799 1612 0 0 0 0 0 0 0 0 0 0 0 3275 2891 2891 0
78 0 0 0 0 0 0 0 1067 849 849 0 0 0 1314 1314 0 1799 1612 0 0 0 0 0 2556 2655 0 0 0 0 0 2891 2891 0
78 0 0 0 0 0 0 970 849 849 849 1257 0 0 0 0 0 0 0 0 0 0 0 0 0 2556 0 0 0 3165 0 2891 2891 0
78 78 78 78 78 0 0 976 0 0 0 1180 849 849 849 0 0 0 0 2077 1824 0 0 0 0 2182 2182 0 0 3171 0 2891 2891 0
78 78 0 78 78 78 0 0 0 0 1262 849 849 849 1623 0 0 0 1988 1824 1824 1824 0 0 0 2182 2182 2182 0 0 0 2891 0 0
0 78 0 78 0 0 0 0 0 1180 1180 849 849 849 0 1729 0 1824 1824 0 1824 1824 0 2476 2182 2182 2182 2182 0 3182 3299 0 3571 0
0 78 78 0 0 0 0 0 1085 0 1180 849 849 0 1639 1190 0 1824 0 1824 1824 1824 0 2480 2182 2182 2182 2182 0 0 3303 0 3571 0
0 0 0 0 0 0 0 0 0 0 0 0 0 0 0 0 0 0 0 0 0 0 0 0 0 0 0 0 0 0 0 0 0 21863

# z = 18
0 0 0 0 0 0 0 0 0 0 0 0 849 0 0 1642 0 0 0 1919 0 1824 0 0 0 2483 2182 2182 0 0 3193 0 3437 0
0 125 125 0 0 0 0 878 125 0 0 0 1358 0 1190 1190 0 0 0 0 0 0 0 0 0 2483 2182 2182 0 0 0 3311 3445 0
0 125 125 125 125 125 125 125 125 0 0 0 1361 1190 1190 1190 0 0 0 0 0 0 0 0 0 2483 2182 2182 0 0 0 0 0 0
0 125 125 125 125 125 125 0 125 0 0 1283 1283 1190 1190 1190 1190 0 0 0 2103 1844 0 0 0 2483 2182 2182 2182 0 0 0 0 0
0 125 125 125 125 125 125 0 0 0 1202 0 1190 1190 1190 1190 1190 0 0 0 2107 1844 2299 0 0 0 2182 2182 2182 2182 2182 0 0 0
0 0 0 0 0 0 0 0 0 1099 1208 0 1190 1190 1190 1190 1190 0 0 0 2110 1844 2304 0 0 0 2182 2182 2182 2182 0 0 0 0
0 0 0 0 23 23 0 0 23 0 0 0 0 0 0 0 0 0 0 0 2113 1844 2306 2306 2306 0 0 2182 2182 0 0 3338 3338 0
23 0 312 23 23 23 23 23 23 23 0 0 0 0 1557 0 0 1843 0 0 2117 2207 2306 2306 0 0 0 2182 2182 0 0 0 3338 0
0 159 23 23 23 23 23 23 23 23 23 23 23 23 23 23 23 23 23 0 2119 2207 2306 0 0 0 2708 2182 2182 3085 0 0 3483 0
0 23 23 23 23 23 23 0 0 23 23 23 23 23 23 23 23 23 23 23 0 2207 0 0 0 0 2396 2182 2182 2182 0 0 0 0
0 0 23 0 0 23 0 0 0 23 23 23 23 23 23 23 23 23 23 2028 0 0 0 0 0 0 2396 2182 2182 2182 0 0 0 0
0 0 0 0 0 0 0 0 0 23 23 23 23 23 0 23 23 23 23 0 0 0 0 0 0 0 0 2182 2182 2182 2182 0 0 0
0 0 0 449 449 187 187 0 0 23 23 23 23 0 0 0 23 0 0 0 1951 1951 1951 1951 0 0 0 0 0 2182 0 0 0 0
0 183 0 187 187 187 187 187 0 23 23 23 0 1479 1479 0 0 0 0 0 1951 1951 1951 1951 0 0 0 0 2965 2182 3244 0 0 0
0 0 0 187 187 187 187 0 0 23 23 0 0 1482 1479 1479 0 0 0 0 0 0 0 0 0 2626 2626 2837 2965 2182 0 0 3505 0
0 0 0 0 187 187 187 0 0 0 0 0 0 0 1577 0 0 0 0 2043 2043 0 0 0 0 0 0 2840 2840 3107 0 0 0 0
52 52 0 0 187 0 0 0 1037 586 0 0 0 0 0 0 0 1860 0 0 0 2226 0 0 0 0 0 0 2977 3109 0 0 0 0
52 52 52 0 0 721 825 586 586 586 0 0 0 1491 1397 0 0 0 0 0 0 0 0 0 0 0 0 2850 2740 2740 0 0 3522 0
0 52 52 0 0 726 825 586 586 586 586 0 1397 1397 1397 0 0 1864 1779 0 0 2230 0 0 0 0 0 0 0 0 0 0 0 0
0 52 52 52 0 0 586 586 586 586 586 0 0 1397 1397 1397 0 0 1779 1779 0 2234 0 0 0 0 0 0 0 0 0 0 0 0
0 0 0 0 0 0 586 586 586 586 586 586 0 1397 1397 0 0 0 0 0 2152 2152 2152 0 0 0 0 0 0 0 0 0 0 0
0 216 0 0 599 0 0 586 586 586 586 0 0 0 1397 0 0 0 0 2058 0 0 0 0 0 0 0 0 0 0 0 0 0 0
57 0 0 0 474 0 0 0 0 1143 0 0 0 0 0 0 0 0 0 0 0 0 0 0 2538 2639 0 0 0 0 0 3263 2740 0
0 227 354 474 474 474 474 474 474 0 0 0 1314 1314 1314 0 1799 1799 0 2061 0 0 0 0 0 2642 0 0 0 0 0 0 0 0
0 234 354 474 474 474 474 0 0 0 0 0 1314 1314 1314 0 1799 1799 1799 1612 2161 0 2371 0 0 0 0 0 0 0 0 0 0 0
0 0 0 0 474 0 474 0 0 0 0 0 0 1314 1314 1314 0 0 1799 1612 1612 1612 1612 0 0 0 2765 2886 0 3151 0 3405 0 0
78 78 0 0 474 0 0 0 1066 849 0 0 0 0 1314 1314 0 1799 1612 0 0 0 0 0 0 0 0 2891 2891 3155 2891 3405 3405 0
78 253 0 0 0 0 853 853 849 849 849 1327 0 0 1314 1314 0 1799 1612 0 0 0 0 0 2556 2556 0 0 2891 2891 2891 2891 2891 0
78 0 0 0 0 0 0 849 849 849 1258 1257 0 0 0 0 0 0 0 0 0 0 0 2464 0 2556 2182 0 3028 2891 3281 2891 2891 0
78 78 0 0 0 0 859 849 849 849 849 849 849 849 0 0 0 0 0 0 0 0 0 0 2566 2182 2182 0 0 2891 2891 2891 0 0
78 78 0 0 0 0 0 849 849 849 1266 849 849 849 0 1724 1190 0 0 1824 1824 1824 0 0 2561 2182 2182 2182 0 2891 2891 2891 0 0
78 0 394 0 0 0 0 849 0 849 1180 849 849 849 1631 1190 1190 1913 0 0 0 1824 0 2476 2182 2182 2182 0 3046 3183 0 0 0 -1762284320
0 0 397 0 0 0 0 0 0 0 1180 849 0 0 1631 1190 0 0 0 1824 1824 0 0 0 2182 2182 0 2917 0 3188 3193 0 3577 136
0 0 0 0 0 0 0 0 0 0 0 0 0 0 0 0 0 0 0 0 0 0 0 0 0 0 0 0 0 0 0 0 0 0

# z = 19
0 0 0 0 0 0 0 0 0 0 0 0 0 0 1539 1190 1190 0 0 0 0 0 0 0 0 2483 2182 0 0 0 0 0 0 0
0 126 125 125 125 0 0 878 0 0 0 0 0 1450 1190 1190 1190 0 0 0 2096 2096 0 0 0 2483 2182 2182 0 3062 0 3311 0 0
0 125 125 125 125 125 0 0 0 0 0 1281 0 1190 1190 1190 1190 0 0 0 2096 2096 2293 0 0 0 2182 2182 0 0 3204 0 0 0
0 125 125 125 125 125 125 0 0 0 0 0 1283 1190 1190 1190 1190 0 0 0 2103 1844 1844 0 0 0 2182 2182 0 0 3208 0 0 0
0 125 125 125 125 0 0 0 0 0 1203 1286 1190 1190 1190 1190 1190 1190 0 0 2103 1844 1844 0 0 0 0 0 0 2182 0 0 0 0
0 125 125 0 0 0 0 0 0 0 0 0 1190 1190 1190 1190 1190 0 0 0 2103 1844 0 0 0 0 0 0 0 0 0 0 0 0
0 153 305 0 23 23 0 0 0 0 0 0 0 1190 1190 1190 0 0 0 0 1844 1844 1844 0 0 0 0 2182 2182 3076 0 0 3338 0
0 0 0 23 23 23 23 23 23 0 0 0 0 0 1557 0 0 1843 0 0 1844 1844 1844 2306 0 0 0 0 2946 3082 0 0 3338 0
0 0 0 23 23 23 0 23 23 23 23 23 23 23 23 23 23 23 0 0 1844 1844 1844 0 0 0 2708 2182 2182 2182 2182 0 3338 0
0 0 0 23 23 23 23 0 0 23 23 23 23 23 23 23 23 23 23 23 0 0 0 0 0 0 2396 2182 2182 2182 2182 0 0 0
0 169 0 0 0 0 0 0 0 23 23 23 23 23 23 23 23 23 23 23 0 0 0 0 0 0 0 2182 2182 2182 2182 2182 0 0
0 0 0 0 572 0 0 0 0 0 0 0 23 23 23 23 23 23 23 23 0 0 0 0 0 2614 0 0 2182 2182 2182 0 0 0
0 0 0 0 449 704 573 0 0 0 0 0 0 0 0 0 23 23 23 0 0 0 0 0 0 2416 0 0 2182 2182 2182 2182 0 0
0 184 0 0 187 187 187 0 1029 23 23 0 0 1480 0 0 23 23 0 0 0 0 0 0 0 0 0 0 2966 2182 2182 0 0 0
0 0 0 0 0 187 187 0 1029 23 0 0 0 1482 0 0 0 0 0 2041 2041 2041 0 0 0 0 0 0 2965 2182 0 0 3506 0
0 0 0 0 0 713 187 0 0 0 0 0 0 0 1577 0 0 0 1955 2041 2041 0 0 0 0 2628 0 0 0 0 0 0 3513 0
0 52 0 0 582 582 0 0 1037 586 0 0 0 0 0 0 0 0 0 2041 2041 0 0 0 0 0 0 2847 0 0 0 0 3515 0
52 52 52 0 0 721 825 586 586 586 0 0 0 1491 1397 0 0 0 0 0 0 0 0 0 0 0 0 0 0 0 3251 0 3522 0
52 52 0 0 0 0 825 586 586 586 586 0 0 1397 1397 0 0 0 0 0 0 2231 0 2437 1612 0 0 0 0 0 0 0 3522 0
0 52 52 52 0 0 586 586 586 586 586 0 1401 1397 1397 0 0 0 0 0 0 2231 0 2433 0 0 0 0 0 3117 0 0 0 0
0 0 52 0 0 0 586 586 586 586 586 0 0 1397 1397 1397 0 0 0 0 0 2238 0 0 0 0 0 0 2994 3119 0 0 0 0
0 217 52 0 600 0 586 0 586 586 586 0 1407 1397 1397 1397 0 0 1963 0 0 0 0 0 0 0 0 2866 1612 0 0 0 0 0
0 223 52 0 0 0 832 0 0 0 0 0 0 0 0 0 0 1877 1069 1069 0 0 0 0 0 0 0 1612 1612 3133 0 0 0 0
0 228 0 0 0 742 839 839 839 1151 0 0 0 0 0 0 0 1799 0 0 0 2246 1612 0 0 0 0 0 0 3140 0 0 3545 0
0 234 0 0 474 0 0 0 0 1151 0 0 1314 1314 1314 0 1799 1799 1799 1612 1612 1612 1612 2455 0 0 0 2884 0 0 0 0 0 0
77 0 0 0 0 0 0 0 0 0 0 0 0 1314 1314 0 0 0 0 1612 1612 1612 1612 0 0 0 2766 2766 2766 3152 0 0 3551 0
0 0 370 0 623 0 0 964 849 0 0 0 0 1314 1314 0 0 0 1612 0 0 1612 1612 0 0 0 2771 2892 0 0 0 3405 3018 0
78 78 370 0 0 0 0 849 849 849 0 0 0 0 0 1707 0 0 0 0 0 0 0 0 0 2656 0 2896 2891 2891 2891 2891 2891 0
78 0 378 0 0 0 857 849 849 849 849 1257 0 0 0 0 0 0 0 0 0 0 0 2465 2561 2182 2182 0 0 2891 2891 2891 2891 0
78 0 0 0 0 0 857 849 849 849 849 849 849 1525 0 0 0 0 0 0 0 0 0 0 2561 0 0 0 3032 2891 2891 2891 0 0
78 265 390 0 648 0 857 849 849 849 849 849 849 0 0 1724 1190 1190 0 0 0 0 0 0 0 2182 2182 0 0 0 2891 0 0 0
0 269 390 390 0 0 0 849 849 849 849 849 849 0 1632 1190 1190 1190 1190 2085 2179 0 0 2476 2182 2182 2182 2911 0 3184 0 0 0 32714
0 277 398 527 0 0 0 849 849 849 1275 849 849 0 1190 1190 1190 1190 0 0 0 0 0 0 2182 2182 2182 0 0 0 0 0 0 0
0 0 0 0 0 0 0 0 0 0 0 0 0 0 0 0 0 0 0 0 0 0 0 0 0 0 0 0 0 0 0 0 0 0

# z = 20
0 0 0 0 0 0 0 873 873 0 0 0 0 0 1539 1190 1190 1190 0 0 0 0 0 0 0 2483 2182 0 2922 0 3194 2922 0 0
8 126 0 0 0 0 0 0 0 0 1190 1190 1190 1190 1190 1190 1190 1190 1924 0 2097 2097 0 0 0 2587 0 0 0 3063 0 2922 0 0
0 125 0 125 125 125 0 0 0 0 1197 1190 1190 1190 1190 1190 1190 0 0 2011 2099 2097 0 0 0 0 0 0 0 0 0 0 0 0
0 125 125 0 0 125 0 0 0 0 0 0 1190 1190 1190 1190 1190 0 0 0 0 0 0 0 0 0 0 0 0 0 0 0 0 0
14 0 125 125 0 0 0 0 0 0 0 0 1190 1190 1190 1190 1190 1190 0 0 2108 1844 2300 0 0 0 0 0 0 0 0 3327 0 0
0 150 0 0 0 0 0 0 0 1100 560 0 0 1190 1190 1190 1190 1190 0 2015 1844 1844 1844 1844 0 0 0 0 0 0 0 0 0 0
0 153 306 0 0 0 0 0 0 0 560 0 0 0 0 0 0 0 0 2015 1844 1844 1844 1844 0 0 0 0 0 0 0 0 0 0
0 150 150 0 0 23 0 0 0 0 0 0 0 0 1557 0 0 0 0 1844 1844 1844 1844 1844 0 0 0 0 2946 2182 2182 0 0 0
0 150 313 0 0 0 0 0 0 23 23 23 0 0 23 0 23 0 0 0 1844 1844 1844 0 0 0 2708 2182 2182 2182 2182 0 0 0
0 0 316 0 0 0 0 0 0 23 23 23 0 0 0 23 23 23 23 0 0 1844 0 0 0 0 2712 2182 2182 2182 2182 2182 0 0
0 170 0 0 0 0 0 0 0 0 0 23 0 0 0 23 23 23 23 23 0 0 0 0 2509 0 0 2182 2182 2182 2182 2182 0 0
0 0 0 0 573 0 802 0 0 0 0 0 0 0 0 23 23 23 23 0 0 0 0 2416 2416 2416 0 2182 2182 2182 2182 2182 0 0
0 0 0 450 573 573 0 0 1025 0 0 0 1383 0 0 23 23 23 23 0 0 0 0 0 2416 2416 0 0 2182 2182 2182 3360 3360 0
0 184 175 54 0 0 0 0 1025 23 0 1299 1294 0 0 0 23 23 23 0 2137 2041 0 0 2416 0 0 0 2967 0 0 0 0 0
0 176 0 0 0 0 0 0 54 23 0 0 1294 0 0 0 0 0 0 2041 2041 2041 2041 0 0 0 0 0 0 0 0 0 0 0
0 0 0 0 0 0 0 0 0 0 0 0 0 0 0 0 1778 0 0 2041 2041 2041 0 2429 2429 1612 1612 1612 0 0 0 3369 3098 0
0 0 0 0 0 0 0 0 0 0 0 0 0 0 0 1677 1677 0 0 2041 2041 2041 2041 0 2429 1612 1612 1612 0 0 0 3098 3098 0
0 52 0 0 586 586 0 0 586 586 0 0 0 0 0 0 0 0 0 2041 2041 2041 0 2433 1612 1612 1612 0 0 0 0 0 0 0
0 0 0 0 586 586 586 586 586 586 0 0 1398 1397 1397 0 0 0 0 0 2041 2231 0 2433 1612 1612 1612 0 0 0 3252 3380 3528 0
0 52 0 0 0 0 586 586 586 586 586 0 0 1397 1397 1687 0 0 0 0 0 0 2352 2352 1612 1612 0 0 2987 0 3252 3119 3119 0
62 0 0 0 0 0 586 586 586 586 586 0 1403 1397 1397 0 0 1871 1069 0 0 0 2357 2352 1612 0 2747 2861 2995 3119 3119 3119 3119 0
59 218 52 475 0 0 586 586 586 0 0 0 1403 1397 1397 1397 0 1069 1069 0 0 2241 0 0 1612 0 2751 1612 1612 3126 3119 3119 3119 0
0 224 52 52 0 0 0 0 0 0 0 0 0 1397 1397 0 0 1069 1966 0 2156 1612 1612 1612 1612 1612 1612 1612 1612 3120 3119 3119 3119 0
0 0 355 490 0 0 840 840 840 1151 0 0 0 0 0 0 0 1879 0 0 1612 1612 1612 1612 0 1612 0 2877 1612 0 0 0 0 0
0 0 0 0 615 0 0 0 1060 1060 1248 0 0 1314 1594 0 0 0 1799 1612 1612 1612 1612 1612 1612 1612 0 0 0 3146 0 0 3549 0
77 0 366 0 0 0 0 0 1060 0 1250 0 0 1314 0 0 0 0 0 1612 1612 1612 1612 0 0 2647 2766 2766 0 0 0 3406 3018 0
77 247 0 0 0 0 849 849 0 1162 0 0 0 0 0 0 0 0 0 0 1612 1612 1612 1612 0 0 2772 2766 0 0 0 3405 3018 0
78 0 0 0 0 0 0 849 849 849 0 0 0 0 0 0 0 0 0 0 0 0 1612 0 0 0 0 2896 0 0 0 2891 2891 0
78 0 0 0 0 0 0 849 849 849 1259 0 0 1520 0 0 1811 1190 0 0 0 0 0 0 0 0 0 0 0 0 0 2891 2891 0
0 0 0 0 640 0 857 849 849 0 0 849 849 0 1616 1719 1190 0 1986 0 0 0 0 0 0 2664 0 0 0 3172 2891 2891 0 0
0 0 0 0 0 0 857 849 849 0 0 849 849 0 0 1719 1190 1190 1190 2080 0 0 2384 0 2571 2182 0 0 0 0 0 0 0 135168
0 269 0 0 0 0 857 849 849 849 1271 0 849 0 0 1190 1190 1190 1190 2080 0 0 0 2476 2182 2182 2182 0 0 0 0 3425 0 0
0 0 0 0 0 0 857 849 849 849 0 0 849 0 1631 1190 1190 1190 0 2080 0 0 0 0 2182 2182 2182 0 2922 0 0 2922 0 -1555417592
0 0 0 0 0 0 0 0 0 0 0 0 0 0 0 0 0 0 0 0 0 0 0 0 0 0 0 0 0 0 0 0 0 34

# z = 21
0 0 0 402 0 0 0 0 0 0 0 0 0 0 0 1190 1190 0 1920 0 0 0 0 0 0 2579 0 0 2922 2922 2922 0 0 0
9 0 0 0 536 281 0 0 0 0 1190 1190 1190 1190 1190 0 1740 0 1925 1925 1921 1921 1921 0 0 2588 2396 0 0 2922 0 0 0 0
0 0 0 0 0 0 0 0 0 0 1190 1190 1190 1190 1190 1190 1190 0 1927 1921 1921 1921 0 0 2489 2396 0 0 0 2922 0 0 0 0
0 0 125 0 0 0 0 0 1001 0 0 0 1190 1190 1190 1190 1190 0 0 0 0 0 0 0 2491 2396 0 0 0 2922 2922 0 0 0
0 144 0 0 0 0 0 893 560 560 0 0 0 0 1190 1190 1190 1190 0 0 0 0 0 0 2493 0 0 0 0 0 3212 0 0 0
0 150 150 0 0 0 0 0 560 560 560 0 0 0 1190 0 1190 1190 0 2015 1844 1844 1844 1844 0 0 0 0 0 0 0 0 3466 0
0 150 150 0 0 0 0 0 560 560 560 1288 0 0 0 1658 1190 0 1935 1844 1844 1844 1844 0 0 0 2704 2819 2182 0 0 3339 0 0
0 150 150 150 0 0 789 560 560 560 0 0 0 0 0 0 0 1844 1844 1844 1844 1844 1844 0 0 2604 2396 2396 2947 2182 2182 0 0 0
0 150 150 0 0 0 793 560 0 0 0 0 0 0 0 0 0 0 0 0 1844 1844 1844 0 0 0 2396 2182 2182 2182 2182 0 0 0
0 150 150 0 0 0 793 560 0 0 1216 0 0 1475 0 0 0 0 1945 0 2122 1844 0 0 0 0 0 2182 2182 2182 2182 0 0 0
0 0 150 0 0 0 799 0 0 0 0 0 1379 1374 0 0 23 23 23 0 0 0 0 2412 2412 2412 0 2182 2182 2182 2182 2182 0 0
0 174 0 0 0 700 700 560 0 0 0 0 1382 1294 0 23 23 23 23 0 0 0 0 0 2412 2412 0 2182 2182 2182 2182 2182 0 0
0 181 176 54 0 0 0 0 0 0 0 1294 1380 1294 0 23 23 23 23 0 0 0 0 0 2517 2416 0 0 2182 3097 2182 0 0 0
0 176 175 54 54 0 0 0 1025 23 0 1294 1294 0 0 0 23 23 0 0 2137 2041 0 0 0 0 0 0 0 0 0 0 0 0
0 176 54 54 54 0 818 54 54 23 0 1294 1294 1483 0 0 0 0 0 2041 2041 2041 0 0 0 0 0 0 0 3104 3245 3098 0 0
51 0 0 0 0 714 54 54 54 23 0 1294 1294 0 0 1675 1778 1675 0 2041 2041 2041 0 2430 2429 1612 1612 0 0 3108 3098 3098 3098 0
0 0 0 0 0 0 0 929 0 0 0 0 0 0 0 1675 1675 1675 0 2041 2041 2041 0 2430 2429 1612 1612 0 0 0 3098 3098 3516 0
0 0 0 0 587 586 0 0 0 0 0 0 0 0 0 0 1675 1675 0 0 2041 2041 0 0 1612 1612 1612 1612 0 3113 0 0 0 0
0 0 341 0 0 586 586 586 1042 586 0 0 0 1493 1582 0 0 0 0 0 2041 0 0 2433 1612 1612 1612 0 0 0 3252 0 0 0
0 210 344 470 0 0 586 586 586 586 586 0 1402 1397 1397 0 1786 1069 1959 0 0 0 0 2352 1612 1612 1612 0 0 0 3252 3119 3531 0
62 214 345 0 0 0 586 586 586 586 0 0 1402 1397 1397 0 0 1069 1069 0 0 0 2358 2352 1612 1612 1612 2862 0 3120 3119 0 3119 0
59 0 0 0 0 0 0 0 586 586 0 0 1402 1397 1397 0 0 1069 1069 0 2155 1612 1612 1612 1612 1612 1612 1612 1612 3120 3119 0 3119 0
59 0 0 479 0 0 0 0 0 1144 0 1315 0 1397 1397 0 0 0 0 0 2155 1612 1612 1612 1612 1612 1612 1612 1612 1612 3119 0 3119 0
0 0 0 0 607 0 0 0 0 0 0 1318 0 0 0 0 0 0 0 2062 1612 1612 1612 1612 1612 1612 1612 0 1612 0 0 0 0 0
0 0 0 0 616 616 0 0 0 0 0 0 0 0 1595 0 0 0 1799 1612 1612 1612 1612 1612 1612 1612 1612 0 0 0 0 0 0 0
0 0 0 0 0 616 846 846 0 0 0 0 0 0 0 1697 0 0 0 1612 1612 1612 1612 1612 1612 0 0 2766 0 0 0 3406 3018 0
0 0 371 0 0 608 850 608 0 0 0 1325 1069 1069 0 0 0 0 0 0 0 1612 0 1612 1612 0 0 0 0 3156 3276 3276 3018 0
84 254 85 0 0 759 0 608 1068 0 1254 1069 1069 1069 0 0 0 0 0 0 0 0 0 1612 1612 0 0 0 0 0 0 2891 3557 0
78 85 379 0 0 0 0 849 0 0 1069 0 0 0 0 0 1811 0 0 0 0 0 2380 1612 1612 1612 1612 1612 0 0 3282 2891 2891 0
78 0 0 0 0 0 0 849 0 0 1263 0 0 0 0 0 1190 1190 1986 0 0 0 1612 1612 1612 0 2783 1612 0 0 0 0 2891 0
78 0 0 519 0 0 0 849 849 0 0 0 849 0 0 1719 1190 1190 1190 0 0 0 0 1612 0 2665 2789 2908 0 0 0 0 0 0
0 0 0 0 0 0 866 849 849 849 0 1346 0 0 1633 1190 1190 0 1190 0 0 0 0 2477 0 0 0 0 0 0 0 0 0 0
111 0 399 0 660 0 866 0 0 0 0 0 0 0 1631 1190 0 0 0 2080 1921 0 0 0 2577 0 0 0 2922 2922 0 0 0 21863
0 0 0 0 0 0 0 0 0 0 0 0 0 0 0 0 0 0 0 0 0 0 0 0 0 0 0 0 0 0 0 0 0 0

# z = 22
0 0 0 403 281 0 0 0 0 0 0 0 0 0 0 0 0 0 1921 1921 1921 0 0 0 0 0 0 0 2922 2922 0 0 0 0
9 0 0 281 281 281 281 0 0 0 1190 0 1190 1190 0 0 0 0 1921 1921 1921 1921 0 0 0 2588 2396 0 2928 2922 0 0 3446 0
9 0 0 0 281 281 0 0 0 0 1190 1190 1190 1190 0 0 0 0 1928 1921 1921 1921 0 2396 2396 2396 2396 0 0 2922 2922 0 2922 0
0 0 0 0 0 0 0 889 560 0 0 0 0 0 0 0 0 0 0 0 0 0 2295 2295 2396 2396 2396 2396 0 2922 2922 2922 2922 0
0 0 0 0 0 0 0 889 560 560 0 0 0 0 0 0 0 1190 0 0 0 0 0 0 2396 2396 2396 2396 0 0 0 0 0 0
0 0 297 0 0 0 785 560 560 560 560 0 0 0 0 0 0 0 0 2015 1844 1844 0 0 0 2396 2396 2396 2182 0 0 0 0 0
0 150 150 150 0 0 785 560 560 560 0 0 0 0 0 0 0 0 1935 1844 1844 1844 0 0 0 0 2396 2396 2182 2182 2182 2182 0 0
0 150 150 150 0 685 785 560 560 560 0 0 0 0 0 0 1753 0 1844 1844 1844 1844 1844 0 0 0 0 0 2182 2182 2182 0 3477 0
0 150 150 0 560 560 560 560 560 0 0 0 1374 1472 1294 1662 0 0 0 0 1844 1844 1844 0 0 0 0 2182 2182 2182 2182 3345 0 0
0 150 150 0 0 560 560 560 560 0 0 0 1374 1374 0 0 0 0 0 0 2123 1844 0 0 2505 0 0 2182 2182 2182 2182 0 0 0
0 0 0 0 569 560 560 560 0 0 0 0 1374 1374 0 0 0 0 0 0 0 0 0 2413 2412 2412 0 2182 2182 2182 2182 2182 0 0
0 175 175 0 0 0 560 560 0 0 0 0 1382 1294 1294 0 23 23 0 0 0 0 0 0 2412 2412 0 0 2182 2182 2182 3355 0 0
0 181 175 54 0 0 0 0 0 0 0 1294 1380 1294 1294 0 23 23 0 0 0 2221 0 0 0 0 0 0 2182 0 0 0 0 0
0 176 175 54 54 54 54 54 54 23 0 0 1294 1294 1294 0 23 23 0 0 2137 2041 0 0 0 0 0 0 2968 3102 3098 0 3503 0
49 0 54 54 54 54 54 54 54 0 0 0 1294 1294 0 0 0 0 0 0 2041 2041 0 0 0 0 0 0 2968 3098 3098 3098 3098 0
0 0 0 54 54 54 54 54 54 23 0 1294 0 0 0 0 1778 1675 0 0 2041 2041 0 2430 2429 1612 1612 2841 0 3098 3098 3098 3098 0
53 0 0 0 54 54 0 0 0 0 1231 0 0 0 0 1675 1675 1675 0 0 2041 2041 0 2430 2429 1612 1612 0 0 0 3098 3098 0 0
0 0 0 0 0 0 0 0 0 0 0 0 0 0 0 0 0 1675 0 0 0 2041 0 0 1612 1612 1612 1612 0 0 0 0 0 0
0 0 342 342 0 0 586 586 0 0 0 0 0 0 0 0 1783 0 0 0 0 2232 0 0 1612 1612 1612 0 0 0 0 0 0 0
60 59 344 471 0 728 586 586 586 586 0 0 0 0 0 1688 1069 1069 0 0 0 0 0 0 1612 1612 2745 0 2988 0 3252 3119 3119 0
59 59 346 346 0 727 586 586 586 0 0 0 1404 0 1587 1069 1069 1069 0 0 0 0 0 2352 1612 1612 0 2863 1612 3120 3119 0 3119 0
59 59 350 0 0 0 0 944 586 586 0 0 0 0 0 0 1069 1069 0 0 2155 1612 2360 1612 1612 1612 1612 1612 1612 3120 3119 3119 3119 0
59 59 0 0 0 0 0 0 1055 0 0 1316 0 0 0 0 0 0 0 2060 1612 1612 1612 1612 1612 1612 1612 1612 1612 3134 3119 3119 3119 0
59 59 0 491 608 608 0 0 0 0 1246 1069 0 0 0 0 0 0 0 2060 1612 1612 1612 1612 1612 1612 1612 1612 0 3141 0 0 3119 0
0 0 358 0 608 608 608 608 0 0 1246 1069 0 0 0 0 0 0 1799 1612 1612 1612 1612 1612 1612 1612 0 0 0 0 0 0 0 0
0 0 0 0 608 608 608 608 0 0 1246 1069 1069 0 0 0 0 0 1799 1612 1612 1612 1612 1612 1612 1612 0 0 0 3153 3272 3018 0 0
0 248 85 0 0 757 608 608 0 0 1246 1069 1069 0 0 1703 1804 1612 0 1612 1612 1612 1612 1612 1612 1612 0 2893 3018 3018 3276 0 0 0
0 248 85 85 0 0 608 0 1069 1069 1069 1069 1069 0 0 1708 1804 1612 0 0 0 0 2375 1612 1612 0 2777 2897 3018 3018 0 0 0 0
92 85 85 85 0 0 0 0 1069 1069 1069 1069 1069 0 0 1698 1812 0 0 2074 2173 0 1612 1612 1612 0 2777 1612 3029 0 0 0 0 0
0 85 85 85 0 0 0 977 0 1069 1069 0 0 0 0 0 0 0 1987 0 0 0 1612 1612 1612 1612 1612 1612 0 0 0 0 0 0
101 0 0 0 649 0 0 0 0 0 0 0 0 0 0 0 0 1190 0 0 2176 0 1612 1612 1612 1612 1612 0 0 0 0 0 0 275492864
104 104 0 0 0 0 0 0 0 0 0 1347 0 0 0 0 0 0 1190 2086 0 0 0 1612 0 0 0 2912 3047 2922 0 0 3572 0
104 0 0 0 281 0 0 0 0 0 0 874 0 0 0 0 0 0 1998 1921 1921 1921 0 0 0 0 0 0 2922 2922 0 0 0 -1763814814
0 0 0 0 0 0 0 0 0 0 0 0 0 0 0 0 0 0 0 0 0 0 0 0 0 0 0 0 0 0 0 0 0 1623475104

# z = 23
0 118 281 281 281 0 776 874 874 874 874 874 0 0 0 0 0 0 1921 0 0 0 0 0 0 0 0 0 0 2922 0 0 0 0
9 0 281 281 281 281 281 0 0 0 1191 0 0 0 0 0 1741 0 1921 2006 1921 0 0 0 2485 2396 2396 0 2929 2922 2922 0 3446 0
9 0 0 410 281 0 0 884 884 0 1198 1198 1190 0 0 0 0 0 0 1921 1921 0 0 0 2396 2396 2396 2396 0 2922 2922 0 2922 0
0 0 0 0 0 0 0 889 560 0 0 0 0 0 0 0 0 0 0 0 0 0 0 0 2396 2396 2396 2396 0 0 2922 2922 2922 0
0 0 0 0 545 0 0 889 560 560 560 0 0 0 1547 1544 0 0 0 0 0 0 0 2399 2396 2396 2396 2396 2937 0 0 2922 0 0
0 0 0 0 0 0 0 560 560 560 560 0 0 0 1544 0 0 0 0 0 0 0 0 2401 2396 2396 2396 2396 2182 0 0 0 0 0
0 0 0 0 553 0 785 560 560 560 0 0 0 0 0 0 0 0 0 0 0 0 0 0 0 2396 2396 2396 2182 2182 0 0 3473 0
0 0 150 0 0 685 560 560 560 560 0 0 0 0 0 0 0 0 0 0 0 0 0 0 0 0 0 2396 2182 2182 2182 2182 0 0
0 150 150 0 561 560 560 560 560 0 0 0 1374 1374 1294 0 1756 0 0 0 0 0 0 0 0 0 2709 2182 2182 2182 2182 3346 0 0
0 150 150 0 561 560 560 560 560 0 0 0 1374 1374 1294 0 0 0 0 0 0 2214 0 0 0 0 0 0 2182 2182 2182 0 0 0
0 0 0 0 0 560 560 560 0 0 0 0 1380 1294 1294 0 0 0 0 0 0 0 2323 2413 2412 0 2718 0 0 2182 0 0 0 0
43 176 0 0 0 0 0 0 0 0 0 0 1380 1294 1294 0 0 0 0 0 2131 1950 0 0 2412 0 0 0 0 2182 0 0 3497 0
0 176 175 54 54 54 0 0 0 0 0 0 1380 1294 1294 0 23 0 0 2037 0 0 0 0 0 0 0 0 0 3098 3098 3098 3501 0
47 176 175 54 54 54 54 54 54 23 0 0 1294 1294 1294 0 0 0 0 1950 0 0 0 0 2521 0 0 0 0 3098 3098 3363 3098 0
0 0 54 54 54 54 54 54 54 23 0 0 0 0 0 0 0 0 0 0 0 0 0 0 0 0 0 0 2973 3098 3098 3098 3098 0
0 192 54 54 54 54 54 54 54 23 1227 0 1391 0 0 0 1778 0 0 0 2145 2145 0 0 0 0 0 2842 0 3098 3098 3098 0 0
0 0 54 0 54 54 0 0 0 0 1227 1227 1227 1227 0 1675 1675 1675 0 0 0 0 0 0 0 0 0 0 0 0 3098 3098 0 0
0 0 339 0 0 0 0 0 0 0 1227 1227 1227 0 0 0 0 1675 0 0 0 0 0 0 1612 1612 1612 1612 0 0 0 0 3523 0
59 208 0 0 0 727 586 0 0 0 1227 0 0 0 1583 1069 1069 0 0 0 0 0 0 0 1612 1612 1612 1612 0 0 0 3381 0 0
59 0 344 0 0 727 586 586 586 0 0 0 0 0 1583 1069 1069 1069 0 2053 0 0 0 0 1612 1612 2746 1612 0 0 3252 3119 3119 0
59 59 0 346 0 0 586 586 586 0 0 0 0 1495 0 1069 1069 1069 0 0 0 0 0 2442 1612 1612 2746 2863 1612 3121 3119 3119 0 0
59 59 350 0 0 0 0 944 0 0 0 0 1408 1069 1069 1069 1069 1069 0 0 0 0 0 1612 1612 1612 1612 1612 1612 3120 3119 3119 0 0
59 59 351 0 0 0 0 944 0 0 0 1316 1069 1069 0 0 0 0 0 0 0 0 1612 1612 1612 1612 1612 1612 1612 3134 3119 3119 3119 0
59 59 0 0 608 608 608 608 0 0 1246 1069 1069 1069 0 0 0 0 0 0 0 1612 1612 1612 1612 1612 1612 1612 3004 0 0 3401 3119 0
0 0 0 0 608 608 608 608 0 0 1246 1069 1069 1069 0 0 0 1885 1799 0 1612 1612 0 1612 1612 1612 1612 0 0 0 0 0 0 0
0 0 0 0 608 608 608 608 0 0 1246 1069 1069 0 0 0 1803 1803 1612 1612 1612 1612 0 1612 1612 1612 0 0 0 3153 3018 3018 0 0
0 248 0 0 0 0 608 0 0 1163 1069 1069 1069 0 0 0 0 1612 1612 1612 1612 1612 1612 1612 1612 0 0 0 3018 3018 3276 3409 0 0
85 248 85 0 0 0 0 0 1069 1069 1069 1069 1069 1069 0 1708 1612 1612 1612 1612 1612 1612 1612 1612 1612 0 0 0 3018 3018 3276 0 3558 0
85 85 85 85 0 0 0 971 1069 1069 1069 1069 1069 0 1612 1612 1612 1612 1612 1612 2173 1612 2381 1612 0 0 0 1612 0 3166 0 0 0 0
0 85 85 0 641 765 0 0 0 1069 1069 0 0 0 0 1612 1612 0 1612 1612 1612 1612 1612 1612 1612 1612 1612 0 3033 0 0 0 3564 0
0 85 391 0 0 0 0 978 978 0 0 1341 0 1527 0 0 0 1906 0 1612 1612 2270 1612 1612 1612 1612 0 0 0 3175 0 0 3567 1641019385
105 105 395 0 0 0 0 978 978 978 874 874 0 0 0 0 0 0 0 0 0 1612 0 1612 1612 1612 0 0 0 0 0 0 3572 0
0 118 118 0 0 0 0 988 978 874 874 874 0 0 0 1733 0 0 1999 0 0 0 2391 2481 0 0 0 0 0 2922 3305 0 0 32714
0 0 0 0 0 0 0 0 0 0 0 0 0 0 0 0 0 0 0 0 0 0 0 0 0 0 0 0 0 0 0 0 0 32766

# z = 24
0 0 281 0 0 0 0 874 874 874 874 874 874 0 0 0 0 0 0 0 0 2187 1612 1612 0 0 2682 2799 0 0 0 0 0 0
9 0 281 0 0 0 0 874 874 874 1192 874 874 0 0 0 1742 1742 0 2007 0 0 0 0 0 0 2690 2396 0 2922 2922 2922 2922 0
9 0 0 0 0 0 0 0 0 0 0 874 0 0 0 0 0 0 0 0 0 0 0 0 0 2396 2396 2396 0 3064 3205 2922 2922 0
9 0 0 415 0 0 0 889 560 0 0 0 0 0 0 0 0 0 0 0 0 0 0 0 2396 2396 2396 2396 0 0 2922 2922 2922 0
0 0 0 418 546 0 0 889 560 560 0 0 0 0 1547 1544 1544 1544 1931 0 0 0 0 0 2494 2396 2396 2396 2938 0 2922 2922 0 0
0 151 145 145 546 0 0 560 0 560 0 0 0 1463 1544 1544 1544 1544 1544 0 0 2203 0 0 0 2396 2396 2396 2182 0 0 0 3467 0
0 0 0 145 145 0 0 560 560 0 0 0 0 0 0 1544 1544 1544 1544 2018 0 0 2307 0 0 0 0 2396 2182 2182 0 3340 0 0
0 0 0 428 556 0 560 560 0 0 0 0 0 0 0 0 0 0 0 0 0 0 2307 2404 0 0 2706 0 2182 2182 3225 0 0 0
0 0 0 0 0 0 560 560 0 0 0 0 0 0 0 0 0 1846 1759 0 0 0 0 0 2502 0 0 0 2182 0 2182 0 0 0
0 0 0 0 0 560 560 0 1012 0 0 0 0 0 0 0 0 1846 1759 1759 0 0 0 0 0 0 0 0 0 2182 0 0 0 0
0 0 0 0 0 0 0 907 0 0 0 0 0 0 0 0 1763 1759 0 0 0 0 0 0 0 0 0 0 0 0 0 0 0 0
0 0 0 0 0 0 0 913 0 0 0 0 1380 0 1294 0 0 0 0 0 2131 1950 1950 0 0 0 0 0 0 0 0 3356 3098 0
0 176 175 54 54 54 0 0 0 0 0 0 0 1294 1294 1294 0 0 1950 1950 1950 1950 0 0 0 2621 2424 0 0 3098 3098 3098 0 0
0 176 175 54 54 54 0 0 0 0 0 0 0 1294 1294 1294 0 0 1950 1950 1950 0 0 2424 2424 2424 2424 2424 0 3098 3098 3363 3098 0
0 176 0 54 54 54 54 54 54 23 0 0 0 0 0 1294 1069 0 1950 1950 0 2223 0 2426 2426 2424 2424 2424 0 3098 3098 3098 0 0
0 0 0 0 54 54 54 927 54 0 1228 1227 1227 1487 0 0 0 0 0 0 0 0 0 0 0 0 2735 0 0 3098 3098 3098 3098 0
0 0 54 54 54 54 0 930 930 0 1227 1227 1227 1227 0 0 0 0 0 0 2147 0 0 0 0 0 0 0 0 0 3098 0 0 0
0 205 54 466 0 0 0 0 0 0 1227 1227 1227 0 0 0 0 0 0 2049 2049 2229 0 0 0 0 0 0 0 0 0 0 0 0
0 0 0 0 0 727 586 0 0 0 1227 1227 0 0 1584 1069 1069 0 0 2049 2049 2049 0 0 0 0 0 0 0 0 0 0 0 0
0 0 0 0 591 727 586 0 0 0 0 0 0 1494 1069 1069 1069 1069 1960 2049 2049 0 0 0 0 1612 0 1612 0 0 0 3119 0 0
59 59 59 0 595 595 586 941 586 0 0 0 1405 1494 1069 1069 1069 0 0 0 0 0 0 0 1612 1612 2748 2863 0 3122 0 3119 3119 0
59 59 59 0 0 0 586 0 586 0 0 1312 1069 1069 1069 1069 0 0 0 0 0 0 0 0 1612 1612 0 2867 1612 3127 0 0 3537 0
59 0 0 0 0 0 0 0 0 0 0 1234 1069 1069 1069 1069 0 0 0 0 0 0 0 0 1612 1612 1612 1612 1612 3127 0 3397 0 0
70 59 0 0 609 608 841 951 608 0 1246 1069 1069 1069 1069 0 1800 0 0 0 0 0 1612 1612 2542 1612 1612 1612 0 0 0 3143 0 0
0 0 0 0 608 0 608 608 0 0 1246 1069 1069 0 1069 0 1800 1800 0 0 0 1612 1612 1612 1612 0 0 0 0 0 0 0 0 0
0 0 0 0 0 608 608 0 0 0 1246 1069 1069 0 0 1698 1612 1612 1612 1612 0 0 0 0 0 0 0 0 0 0 0 0 3552 0
0 0 0 0 624 0 0 0 0 1163 1069 1069 1069 1069 0 1698 1612 1612 1612 1612 1612 0 1612 1612 1612 0 2773 0 3018 0 0 0 0 0
86 85 85 85 631 0 0 0 0 1069 1069 1069 1069 0 0 1698 1612 1612 1612 1612 1612 1612 2376 1612 0 2657 2657 2548 3024 0 3276 0 0 0
85 85 85 0 0 0 0 0 1069 1069 1069 1069 1069 0 0 1612 1612 1612 1612 1612 1612 1612 2376 1612 0 0 0 0 0 0 3283 0 3561 0
0 85 85 85 0 0 0 0 0 1069 0 0 0 0 0 1612 0 1904 1612 1612 1612 1612 1612 1612 1612 0 0 2903 3033 3173 3173 3173 3173 0
0 85 0 85 0 0 862 0 978 978 1267 874 0 0 1624 1612 0 1907 0 1612 0 1612 1612 1612 1612 1612 0 0 3039 3173 0 0 0 0
0 270 396 0 655 0 0 978 978 978 874 0 1439 0 0 0 0 874 0 0 2180 1612 1612 1612 1612 0 0 0 3048 0 0 0 0 0
0 0 0 0 0 0 0 978 978 978 874 874 874 0 0 0 0 0 0 0 2180 1612 1612 1612 1612 0 0 0 0 0 0 0 0 0
0 0 0 0 0 0 0 0 0 0 0 0 0 0 0 0 0 0 0 0 0 0 0 0 0 0 0 0 0 0 0 0 0 5793

# z = 25
0 0 0 0 530 127 0 0 874 874 874 874 874 0 0 0 0 1829 0 0 0 2187 0 1612 1612 0 0 2800 2923 0 0 0 0 0
0 127 127 127 127 127 0 0 874 874 874 874 874 874 1541 0 1743 0 0 0 2098 0 0 0 0 2589 2396 2805 0 0 3199 2922 0 0
9 127 127 127 127 0 0 0 0 874 874 874 874 874 874 0 0 0 0 0 2003 0 0 0 0 2396 2396 2396 0 3065 3206 2922 2922 0
9 139 0 0 0 676 0 0 0 0 0 0 0 0 1543 0 0 1836 0 0 0 0 0 0 0 2396 2396 2396 0 0 2922 2922 2922 0
0 145 145 0 547 680 0 0 0 0 0 1287 0 0 1547 1544 1544 1544 1931 2013 0 0 0 0 0 2396 2396 2396 2939 0 0 0 2922 0
0 145 145 145 419 145 145 0 0 0 1209 687 1365 0 1544 1544 1544 1544 1544 0 0 0 0 0 0 0 2396 2396 2182 0 0 0 0 0
0 145 145 145 145 145 0 896 0 0 0 0 687 0 0 1544 1544 1544 1544 0 0 2205 2205 0 0 0 0 2396 0 0 0 0 0 0
0 0 145 145 145 145 0 0 0 0 0 0 0 0 0 0 0 0 0 2020 0 0 2205 0 0 0 0 0 2948 0 0 0 0 0
0 0 0 145 145 0 0 0 0 0 0 0 0 0 1561 0 0 1846 1759 1759 1759 0 0 0 0 0 0 2821 2950 3086 3086 0 3484 0
35 165 0 0 0 0 0 0 0 0 0 0 0 0 1561 0 1759 1759 1759 1759 1759 1759 0 0 2506 2608 0 0 0 2182 0 0 3490 0
0 171 0 0 0 0 800 0 0 0 0 0 0 0 0 0 1763 1759 1759 1759 1759 1759 1759 0 2510 0 0 0 0 0 0 0 3493 0
0 0 322 0 0 0 803 0 0 0 0 0 0 0 0 0 0 0 0 0 2131 1950 0 0 0 2615 2424 0 0 0 0 0 0 0
0 0 0 0 0 0 0 917 0 0 0 0 0 0 1570 1294 0 0 1950 1950 1950 1950 1950 0 2518 2424 2424 2424 2424 0 0 0 0 0
0 0 175 54 54 54 0 0 0 1120 0 0 0 1294 1294 1294 0 1855 1950 1950 1950 1950 0 0 2424 2424 2424 2424 2424 0 0 3364 0 0
0 0 54 54 54 54 819 0 54 1124 0 0 0 0 1575 1294 1069 0 1950 1950 1950 1950 0 2427 2424 2424 2424 2424 0 0 3098 3098 0 0
0 193 54 54 54 54 0 0 54 0 1228 1227 1227 0 1294 1294 0 0 0 0 0 0 0 0 2526 2424 2424 2424 0 0 0 0 0 0
0 185 54 54 54 0 0 931 0 0 1227 1227 1227 1227 0 1069 0 0 0 0 2147 0 0 0 0 2424 2424 2424 2424 0 0 0 0 0
0 54 54 54 54 0 0 934 0 0 1227 1227 1227 0 1581 0 0 0 0 2049 2049 0 2342 0 0 2424 0 0 0 0 0 0 0 0
0 0 0 0 590 0 0 0 0 0 0 0 0 0 1581 1069 0 0 0 2049 2049 2049 2049 2438 2049 0 0 0 0 0 3253 3382 0 0
0 0 0 0 0 0 0 0 0 0 0 0 0 0 1069 1069 1069 0 0 2049 2049 2235 2353 2049 0 0 0 0 0 0 0 0 0 0
0 0 0 0 596 0 0 0 1047 0 0 0 0 1494 1069 1069 1069 0 0 2049 2153 2153 2153 0 0 0 0 2864 2996 0 0 3388 0 0
65 0 0 0 0 0 0 0 0 0 0 1312 1069 1069 1069 1069 0 0 0 0 0 0 0 0 0 0 0 0 0 0 3258 3143 0 0
0 0 0 0 604 0 833 0 0 0 0 1234 1069 1069 1069 1069 0 0 0 0 0 0 0 0 0 0 0 0 3003 0 3258 3143 3143 0
71 229 356 0 610 743 0 0 0 0 1246 1069 1069 1069 0 0 0 0 0 0 0 0 0 0 0 0 0 0 3005 0 0 3143 3143 0
63 0 356 0 617 617 608 608 0 0 1246 1069 1069 1069 0 0 1800 1800 0 0 0 0 0 0 0 0 0 0 0 0 3268 0 3143 0
0 0 0 0 617 608 608 608 608 0 1246 1069 1069 0 0 1699 1612 0 0 0 0 0 0 0 0 0 0 0 0 0 0 0 0 0
0 0 372 0 0 0 0 608 0 0 1069 1069 1069 0 1601 1698 1612 1612 1612 1612 0 0 0 0 2551 2548 2548 2548 0 0 0 0 0 0
0 85 0 0 632 0 0 0 0 1069 1069 1069 1069 0 0 1698 1612 1612 1612 1612 1612 2256 1612 0 0 2548 2548 2548 0 0 0 0 0 0
85 85 0 0 0 0 0 0 0 1069 1069 1069 1069 0 0 1612 1612 1612 1612 0 1612 1612 0 1612 0 2548 2548 2548 0 0 3284 0 0 0
85 85 85 0 0 0 0 0 0 0 0 0 0 0 0 0 0 1612 1612 1612 0 1612 1612 1612 1612 0 0 0 0 3173 3173 0 0 0
0 85 85 0 0 0 0 0 978 978 874 874 1435 0 0 0 0 1907 1989 0 0 1612 1612 1612 1612 0 0 0 0 3173 3173 0 3568 0
0 85 0 0 0 0 0 978 978 978 0 874 874 0 0 0 1825 874 874 0 2180 1612 1612 1612 1612 0 2793 2793 3049 3185 3185 0 3573 0
0 0 0 0 127 0 0 978 978 978 0 874 874 0 0 1734 874 0 2000 0 0 1612 1612 1612 1612 0 2798 2918 2801 0 0 0 0 0
0 0 0 0 0 0 0 0 0 0 0 0 0 0 0 0 0 0 0 0 0 0 0 0 0 0 0 0 0 0 0 0 0 0

# z = 26
0 0 0 0 0 0 0 0 874 874 874 874 874 874 0 1644 874 874 0 0 0 0 0 0 0 0 0 2801 2801 2801 3195 3195 0 0
0 0 127 127 0 0 0 0 874 874 874 874 874 874 874 0 0 0 0 2008 2003 2003 2003 0 0 0 0 0 0 0 0 0 0 0
0 127 0 411 127 0 0 0 0 874 874 874 0 0 0 0 0 0 0 2003 2003 2003 2003 2003 2490 0 2396 2396 0 0 0 0 2922 0
0 0 0 0 0 677 0 0 0 0 0 0 0 0 0 1654 0 1836 0 0 2003 2003 2003 0 0 2396 2396 2396 0 0 0 2922 0 0
0 0 0 0 547 145 145 0 0 0 0 1287 1363 0 1547 1544 1544 1544 1544 0 0 0 2003 0 0 2396 2396 0 2939 0 0 0 0 0
0 145 145 145 145 145 145 0 0 0 1209 687 687 0 0 1544 1544 0 1544 0 0 0 0 0 0 2396 2396 2396 2182 3073 0 0 0 0
0 0 145 145 145 145 145 0 0 1106 687 687 687 0 0 0 1544 0 0 0 0 0 0 2402 0 0 0 0 2943 0 3222 3222 0 0
0 0 145 145 145 145 0 0 0 897 687 687 687 0 0 0 0 0 1940 1759 1759 0 0 0 2500 0 0 0 2949 0 0 0 0 0
30 160 145 145 145 687 0 0 1011 687 687 687 687 1473 1473 1473 0 1846 1759 1759 1759 0 0 0 0 0 0 0 2820 3086 3086 3086 3484 0
35 160 0 0 0 692 795 795 687 687 687 687 687 0 1473 0 1759 1759 1759 1759 1759 1759 2320 0 0 0 0 0 0 3086 3086 0 0 0
0 0 0 442 570 570 570 570 0 0 687 687 0 0 0 0 0 1759 1759 1759 1759 1759 1759 0 0 2610 2719 2611 0 0 0 3351 0 0
0 0 0 0 0 701 570 570 0 0 0 0 0 0 0 0 0 0 1759 0 0 0 0 0 0 2616 2424 2424 2424 2424 0 0 0 0
0 0 0 451 54 0 0 0 0 0 1222 0 0 0 0 0 0 0 1950 1950 1950 1950 1950 0 2518 2424 2424 2424 2424 2424 3243 0 0 0
0 185 54 54 0 0 0 0 0 0 0 0 0 0 1294 1294 0 0 1950 1950 1950 1950 0 0 2424 2424 2424 2424 2424 0 0 0 0 0
50 185 54 54 54 0 0 0 0 0 0 0 0 0 1294 1294 1069 0 0 1950 0 0 0 0 0 2424 2424 2424 2424 0 0 0 0 0
0 185 54 54 0 0 0 0 1036 0 0 0 1227 0 1294 1294 1069 0 0 0 0 0 0 0 2526 2424 2424 2424 0 0 0 0 0 0
0 185 54 54 0 0 0 932 0 0 0 1227 1227 0 1294 1069 1069 0 0 2045 0 0 0 0 2526 2424 2424 0 2424 0 0 0 3517 0
55 54 54 54 0 0 0 0 0 0 0 0 0 0 0 1069 1069 0 0 2049 2049 2049 0 0 0 0 0 0 0 0 0 3377 0 0
0 0 0 54 0 0 0 0 0 0 0 0 0 0 0 1069 1069 0 0 2049 2049 2049 2049 2438 2049 2049 0 0 0 0 0 0 0 0
0 0 0 0 0 0 0 0 0 0 0 0 0 0 1069 1069 1069 0 0 2054 2049 2049 2049 2049 2049 2049 2049 2049 2049 0 0 0 0 0
63 63 0 0 0 730 0 0 0 0 0 0 0 1494 1069 1069 0 0 0 2049 0 2049 0 2443 2530 0 2049 2049 2049 0 0 0 3533 0
63 63 0 0 0 0 0 0 0 0 0 1312 1069 1069 1069 0 0 1875 0 0 0 0 0 0 0 2636 2049 2868 2049 0 0 3143 3143 0
63 63 0 480 0 0 0 0 0 0 0 1234 1069 1069 1069 0 0 0 0 0 0 2243 0 0 0 0 0 0 0 0 3258 3143 3143 0
63 63 0 0 611 0 0 0 0 0 1246 1069 1069 1069 0 0 0 0 0 0 0 0 0 0 0 2643 0 0 0 0 3258 3143 3143 0
63 63 0 0 0 617 608 608 0 0 0 1069 1069 1069 0 0 0 0 0 0 0 0 0 2456 0 0 0 0 3011 0 3143 3143 3143 0
0 63 367 0 0 608 608 0 608 0 0 1069 1069 0 0 0 0 1889 0 0 0 0 0 2457 2548 2648 2548 2548 0 0 0 3143 3553 0
0 0 0 0 625 0 608 0 608 0 0 0 1069 1510 1602 0 1612 1612 1612 0 0 0 0 0 2548 2548 2548 2548 2548 2548 0 0 0 0
0 0 0 0 0 0 854 0 0 0 1069 1069 1069 0 0 0 1612 1612 1612 0 0 0 0 0 2548 2548 2548 2548 0 0 0 0 0 0
0 257 0 0 0 0 0 0 0 1169 1069 1069 1069 0 0 1612 1612 1612 1612 0 0 0 0 0 0 2548 2548 0 0 0 0 0 0 0
0 85 0 513 642 0 0 0 0 1169 0 0 0 0 0 0 0 1612 0 1612 0 0 0 0 0 0 0 0 0 3173 0 0 3565 0
0 85 85 0 0 0 0 0 978 978 874 874 874 0 0 0 1819 874 874 0 0 1612 1612 1612 0 0 0 0 0 3176 0 0 0 -1762284416
0 271 0 523 0 770 867 978 978 978 874 874 874 874 0 1730 874 874 0 0 0 1612 1612 1612 0 0 0 2913 2580 3185 3185 3185 2580 2
0 0 0 0 0 772 0 978 978 0 874 874 874 1535 0 0 874 874 0 0 0 0 0 1612 0 0 0 0 0 0 0 0 0 0
0 0 0 0 0 0 0 0 0 0 0 0 0 0 0 0 0 0 0 0 0 0 0 0 0 0 0 0 0 0 0 0 0 34

# z = 27
0 0 0 0 0 667 0 0 0 874 874 874 874 874 874 874 874 874 0 2003 0 0 2280 0 0 0 2683 2801 2801 0 3196 0 3438 0
0 128 0 0 0 0 0 879 0 874 0 0 874 874 874 874 874 0 0 2003 2003 2003 2003 2003 2003 0 0 0 0 0 0 3312 0 0
10 10 286 0 0 0 780 0 0 0 1199 0 0 0 0 0 874 0 0 2003 2003 2003 2003 2003 2003 0 0 0 0 0 0 0 0 0
0 0 0 0 0 0 780 0 0 0 0 0 0 0 1544 1544 0 0 0 0 2003 2003 2003 2003 0 0 0 0 2933 2933 0 0 3458 0
15 0 0 419 419 145 145 0 0 0 1204 1287 0 0 1544 1544 1544 1544 1544 0 0 2003 2003 0 0 2599 2699 0 0 0 0 0 3458 0
19 0 0 145 145 145 145 0 0 1101 687 687 687 0 1544 1544 1544 1544 1544 1544 2111 0 2003 0 0 2599 0 2396 0 0 0 0 3468 0
0 0 145 145 145 145 145 145 1006 897 687 687 687 0 0 0 0 0 0 0 0 0 2308 0 0 0 0 0 0 3077 3077 0 0 0
0 156 145 145 145 145 0 0 1008 687 687 687 687 0 1558 0 0 0 1941 1759 1759 2208 0 0 0 0 0 2820 2820 3083 0 0 0 0
0 161 145 436 562 687 687 903 687 687 687 687 687 0 1473 0 0 0 1759 1759 1759 1759 2318 0 2503 2503 0 0 2820 3086 3086 0 3485 0
0 166 0 0 565 563 563 563 687 687 687 687 687 0 1565 1553 0 1759 1759 1759 1759 1759 2321 2215 2503 2405 2405 2405 2953 2953 3086 0 0 0
0 172 0 0 570 697 570 563 687 687 687 687 0 0 0 1553 0 1759 1759 1759 1759 1759 2324 2215 2215 2611 2611 2611 0 2953 0 0 0 0
0 0 0 0 570 693 804 914 0 0 687 0 0 0 0 0 0 0 0 0 0 0 0 0 2513 2616 2424 2424 2958 0 0 0 0 0
0 0 0 0 0 0 810 708 708 0 0 1295 0 0 0 0 0 0 1950 1950 1950 0 0 0 0 2424 2424 2424 2424 2424 0 3361 0 0
0 0 327 0 0 0 805 708 708 1121 1224 1224 56 0 1294 1294 0 1856 1950 1950 1950 0 0 0 0 2424 2424 2424 2424 0 0 0 0 0
0 185 54 0 0 0 0 0 708 56 1226 1224 56 0 1294 1294 1069 1857 1952 1950 1950 0 0 0 0 0 2424 0 0 0 0 0 3507 0
0 185 54 54 0 0 0 0 0 0 0 0 1392 0 1294 1294 1069 1069 0 0 0 0 0 0 0 0 0 0 0 0 0 0 0 0
0 185 54 54 0 718 0 0 0 1128 0 0 0 0 1294 1069 1069 1069 0 0 0 0 0 0 0 0 0 0 2978 2627 2627 0 3517 0
0 54 54 54 588 722 56 0 0 0 0 0 0 0 0 1069 1069 0 0 2050 2149 0 0 2434 2528 0 0 0 2627 2627 0 0 0 0
0 0 54 0 0 56 56 0 0 0 0 1307 1069 1069 1069 1069 1069 0 0 0 2150 0 2348 2049 2049 0 2741 0 0 0 0 0 0 0
0 0 54 0 0 0 0 938 0 1137 0 1234 1069 1069 0 1069 1069 0 0 0 0 2049 2049 2049 2049 2049 2049 2049 2049 0 0 0 0 0
63 0 0 0 0 0 0 56 0 0 1240 1234 1069 1069 1069 1069 0 1872 0 0 0 0 0 2049 2049 2049 2049 2049 2049 0 0 0 3533 0
63 63 0 476 0 735 0 0 0 0 0 1234 1069 1069 1069 1069 0 0 0 0 0 0 0 0 2049 0 2049 2049 2049 2049 3259 3143 3143 0
63 63 0 0 0 0 0 0 0 0 0 1234 1069 1069 1069 1069 0 1878 0 0 2157 1880 2364 0 0 0 0 2872 2049 0 0 3143 3143 0
63 63 0 0 612 0 0 0 1058 0 1246 1069 1069 1069 0 0 0 1880 0 0 1880 0 1880 1880 0 0 2759 0 3006 3142 3258 0 3143 0
63 0 0 0 0 747 0 957 608 0 0 0 0 0 0 0 0 0 1970 0 0 2250 1880 1880 0 2645 0 0 0 3147 3143 3143 0 0
0 0 0 498 0 608 608 608 608 0 0 0 0 0 0 0 0 0 0 0 0 0 0 2458 0 2645 2548 2548 0 3143 3143 3143 3143 0
0 0 0 0 0 608 608 608 608 608 0 1326 1069 0 1603 0 0 0 0 0 0 0 0 0 2548 2548 2548 2548 0 0 3143 3143 0 0
0 0 0 505 0 0 0 968 608 0 0 1069 1069 1069 0 0 1612 1612 0 0 2169 2257 1977 0 2548 0 2548 2548 0 3159 3278 3143 0 0
0 258 0 376 636 0 0 0 0 0 0 1069 1069 1069 1069 1713 0 0 0 2075 1977 1977 0 0 0 2548 2548 2548 0 3159 0 0 0 0
0 0 385 514 643 643 0 0 0 1172 0 0 0 0 0 0 1817 0 0 2073 1977 0 0 0 0 0 2784 0 0 0 0 0 0 0
0 0 0 0 0 643 863 0 0 0 874 874 874 0 0 0 1819 1908 0 0 0 0 0 0 0 0 0 0 3040 0 3295 3185 0 32714
106 272 0 524 656 643 0 0 0 978 874 874 874 874 874 874 874 874 0 0 0 0 0 0 2572 0 0 2913 0 3185 3185 3185 2580 0
0 279 0 0 0 643 0 0 0 0 874 874 0 874 874 874 874 874 2001 0 0 2275 0 0 0 0 0 0 0 0 0 0 0 0
0 0 0 0 0 0 0 0 0 0 0 0 0 0 0 0 0 0 0 0 0 0 0 0 0 0 0 0 0 0 0 0 0 0

# z = 28
0 0 0 0 0 668 0 0 0 0 0 0 0 874 874 874 874 874 0 2003 2003 2003 0 0 0 0 2684 2580 2580 3059 0 0 0 0
0 129 0 405 0 0 0 0 0 0 0 0 0 0 874 874 874 0 0 2003 2003 0 2003 2003 0 0 2691 0 0 0 0 0 3447 0
0 10 0 0 0 0 0 885 998 0 0 1282 0 0 1542 874 0 0 0 0 2100 2003 2003 2003 0 0 2693 0 2931 0 0 0 0 0
0 0 0 0 0 0 782 0 0 0 0 1282 0 0 0 0 0 0 0 0 0 2003 2003 2003 0 0 0 2808 0 3067 3209 3321 3459 0
0 0 0 0 0 145 0 0 0 1094 687 687 0 0 0 1544 0 0 0 0 0 0 2003 0 0 0 0 2811 2811 2811 0 0 3463 0
0 0 0 0 145 145 786 0 0 1094 687 687 687 0 0 0 1544 1544 1544 1544 0 0 2003 2003 0 0 0 0 2811 2811 0 0 3469 0
24 0 307 145 145 0 145 897 897 897 687 687 687 0 0 0 0 0 0 0 0 0 2003 0 0 0 0 0 2944 2811 0 3341 3474 0
0 0 0 429 145 145 790 687 687 687 687 687 687 0 1559 1553 0 0 0 1759 1759 2209 0 0 2501 2405 2707 0 0 0 3226 0 3478 0
0 0 0 0 563 687 687 687 687 687 687 687 687 0 1562 1553 0 0 1759 1759 1759 0 2318 2408 2405 2405 2710 0 0 3086 0 0 0 0
0 0 0 0 563 693 693 0 687 687 687 687 0 0 1553 1553 0 0 0 1759 1759 2215 2215 2405 2405 2405 0 0 0 0 0 0 0 0
0 0 0 0 571 693 570 0 0 687 687 0 0 0 0 1553 1553 0 0 1759 1759 2217 2215 0 0 0 2720 2827 0 0 3233 3352 0 0
44 0 323 317 0 702 805 708 0 0 687 0 0 0 0 0 1553 1553 0 0 0 0 0 0 0 2617 0 2831 0 0 3238 2954 3498 0
36 0 0 452 0 0 805 0 0 0 0 0 0 0 1571 1571 0 0 0 0 0 0 0 0 0 0 2424 2424 2424 0 2954 2954 2627 0
0 0 0 0 0 0 805 708 708 56 56 1224 56 0 0 1294 1069 0 0 0 1950 0 0 0 0 0 0 0 0 0 0 3365 3365 0
0 0 0 0 0 708 708 708 708 56 56 56 56 0 1294 1294 1069 0 0 0 0 0 0 0 0 0 0 0 0 3105 2627 0 0 0
0 185 0 0 0 0 0 0 708 56 56 56 0 0 1294 1294 1069 1069 0 0 0 0 2337 2337 0 0 0 2843 2843 2627 2627 0 0 0
54 54 0 0 583 56 56 56 56 56 0 0 0 0 1294 0 1069 0 0 0 0 0 2337 2332 0 0 0 2848 2627 2627 2627 2627 0 0
0 0 0 0 589 56 56 56 56 0 0 1306 1069 1069 0 1069 1781 0 0 0 0 0 2343 2435 0 0 0 0 2627 2627 2627 2627 0 0
0 0 0 469 340 0 56 56 0 0 1234 1234 1069 1069 1069 1069 1069 0 0 0 0 0 2343 2049 2049 2049 0 2853 0 0 3254 0 0 0
0 211 0 0 56 56 56 56 56 0 1234 1234 1069 1069 1069 1069 0 0 0 2055 0 0 0 2049 2049 2049 2049 2049 2049 0 0 0 0 0
0 211 347 472 56 56 56 56 56 0 1234 1234 1069 1069 1069 1069 1069 0 0 0 0 0 2359 2049 2049 2049 2049 2049 2049 3123 0 0 0 0
0 0 0 477 0 0 56 56 56 0 0 1234 1069 1069 1069 0 0 0 0 2059 1880 0 2359 0 0 2049 2049 2049 2049 0 3259 0 0 0
63 0 0 477 219 0 834 0 0 1145 0 1234 1069 1069 1069 0 0 0 1967 1880 1880 1880 1880 0 2539 0 2049 2049 2049 0 3264 3264 0 0
63 0 0 477 219 219 0 0 0 0 0 1069 1069 0 0 1691 1801 1880 1880 1880 1880 1880 1880 1880 0 0 2760 2878 0 3143 3143 3143 3143 0
63 0 0 0 219 219 0 0 0 0 0 0 1414 0 1596 1511 0 1880 1880 1880 1880 1880 1880 1880 2544 0 0 0 0 3143 3143 3143 3143 0
0 0 0 0 0 0 608 608 0 1159 0 1324 0 0 1596 1511 0 0 1880 0 1880 1880 1880 0 0 2645 2548 0 0 0 3143 3143 3143 0
79 0 0 501 0 0 0 608 608 1164 0 0 1069 0 1604 1511 0 1894 0 0 1880 0 0 0 0 2548 2548 0 3019 0 0 3143 3143 0
0 0 376 376 0 0 0 608 0 0 0 1069 1069 1069 0 0 0 0 1977 2073 1977 1977 2377 0 0 2548 2548 2548 0 3160 0 0 3143 0
0 259 0 376 376 0 0 0 0 0 0 1069 1069 1069 1069 0 0 0 1977 2073 1977 1977 1977 0 0 0 0 2548 0 0 3285 3285 0 0
0 0 385 376 644 0 0 0 0 0 0 0 1069 1069 0 0 0 0 1977 1977 1977 1977 1977 0 0 0 2785 0 3034 3174 0 0 0 0
0 0 385 385 0 0 0 0 0 0 0 0 0 1528 1625 874 0 0 0 0 0 0 1977 0 0 0 2790 2909 0 0 0 3185 3569 136
0 273 0 0 0 643 868 0 0 0 0 0 0 0 874 874 0 874 1993 0 0 0 0 0 2573 2671 2794 2580 0 0 3300 2580 0 9
0 0 0 0 662 643 0 0 1086 0 0 0 1442 1536 874 874 874 874 0 0 2184 0 0 0 0 0 2580 2580 2580 2580 2580 2580 2580 136
0 0 0 0 0 0 0 0 0 0 0 0 0 0 0 0 0 0 0 0 0 0 0 0 0 0 0 0 0 0 0 0 0 34

# z = 29
0 119 0 0 531 0 0 0 0 0 0 0 0 874 874 874 874 0 0 2003 0 0 0 2392 0 2580 2580 2580 0 3059 0 0 3439 0
0 5 0 0 537 537 12 0 0 0 0 0 0 874 874 874 874 0 0 2003 0 2193 2003 0 2486 0 2691 2580 2580 3059 0 0 0 0
0 0 287 0 0 0 0 886 0 0 1200 0 0 0 874 874 874 874 0 0 2101 2003 2003 0 0 0 2580 2580 2580 2580 0 0 3452 0
0 0 0 0 0 0 0 890 0 0 1090 0 0 0 0 874 0 0 0 0 0 2003 2003 0 0 0 0 2580 2580 3068 3210 0 0 0
16 146 0 0 0 0 0 12 0 0 0 687 687 0 0 0 0 0 0 0 0 0 2003 0 2495 2600 0 0 2811 2811 0 0 0 0
0 152 0 0 0 0 0 0 0 1094 687 687 687 0 0 0 0 0 0 0 0 0 2003 0 0 0 0 2812 2811 2811 2811 0 0 0
0 152 0 0 0 0 0 897 897 897 687 687 1368 0 1553 1553 0 0 0 0 0 2206 0 0 0 0 0 0 2811 2811 2811 0 3475 0
0 0 0 0 0 0 0 687 897 687 687 687 0 0 1553 1553 0 0 0 0 0 0 0 2405 2405 2405 0 0 2811 0 3227 0 3479 0
0 0 0 437 0 0 687 687 687 687 687 687 0 1474 1553 1553 0 0 0 0 0 0 0 2405 2405 2405 0 0 0 0 0 0 3486 0
0 0 317 0 0 0 687 687 687 687 687 687 0 1474 1553 1553 1553 1847 0 0 2124 2215 2322 2405 2405 2405 0 0 0 0 3231 0 0 0
39 0 317 317 0 0 0 0 687 687 0 0 0 0 1553 1553 1553 1553 0 0 0 2215 2215 0 0 0 2721 0 0 3090 0 3352 0 0
36 0 317 317 0 0 0 915 0 687 687 0 0 0 0 0 1553 1553 1949 0 0 2215 0 0 0 0 2724 0 0 3094 2954 2954 0 0
36 0 317 317 317 0 805 708 0 0 1223 0 0 0 0 0 1774 1854 0 0 0 0 0 0 0 2622 2424 2424 0 0 2954 2954 2627 0
36 0 0 0 0 705 805 708 708 56 0 0 56 0 0 1294 0 0 0 0 0 2222 2332 0 0 0 0 0 0 0 0 2954 2627 0
36 0 0 0 0 0 708 0 708 56 56 56 56 0 0 1294 1069 0 0 0 2141 0 2332 2332 0 0 0 0 2974 2627 2627 0 0 0
0 194 0 0 579 56 0 928 708 56 56 56 0 0 1578 1069 1069 0 0 2044 2044 0 2332 2332 0 0 0 0 2627 2627 2627 2627 0 0
0 0 0 461 340 56 56 56 56 56 0 0 0 1488 1069 1069 1069 0 0 0 0 0 0 0 0 0 0 2848 2627 2627 2627 2627 0 0
0 0 340 459 340 56 56 56 56 0 0 1306 1069 1069 1069 1069 0 0 0 0 0 0 0 0 0 0 0 0 2627 2627 2627 0 0 0
0 0 0 340 340 0 56 56 56 0 1234 1234 1069 1069 1069 1069 0 1865 0 0 2151 0 0 2049 2049 2049 0 0 0 0 2627 0 3529 0
0 212 0 340 56 56 0 56 56 0 1234 1234 1069 1069 1069 1069 0 0 1961 2056 0 0 0 2049 2049 2049 2049 2049 0 0 0 0 0 0
0 0 0 0 597 56 56 56 56 56 1234 1234 1069 1069 1069 1069 1788 0 1489 0 0 0 0 2049 2049 0 2049 2049 2049 0 0 3389 0 0
0 219 219 0 0 0 0 0 56 56 0 1234 1069 1069 1069 1069 0 0 0 2059 1880 0 0 0 2049 2049 2049 0 0 0 3260 3394 3538 0
0 219 219 477 219 219 0 0 56 0 0 1234 1069 1069 0 0 0 0 1967 1880 1880 1880 1880 2447 0 2049 0 2049 0 0 3264 3264 0 0
63 0 219 219 219 0 0 952 0 0 0 1319 1069 1069 0 0 0 1880 1880 1880 1880 1880 1880 1880 0 0 0 0 0 0 0 3143 3143 0
63 0 359 494 219 748 0 0 0 0 0 0 1069 0 1596 1694 0 1880 1880 1880 1880 1880 1880 1880 1880 0 0 0 0 0 0 0 3143 0
63 0 0 0 0 0 0 0 0 0 1251 0 0 0 1596 1511 0 0 0 1880 1880 1880 0 0 2549 0 2767 2887 3014 3014 0 0 0 0
0 0 0 0 0 0 851 965 965 0 0 0 1069 0 1605 1511 0 0 1975 0 1880 0 0 0 0 0 2774 0 3020 3020 3020 0 3143 0
0 0 0 506 506 760 0 0 0 0 0 0 0 0 0 0 0 0 0 0 0 0 2378 0 0 2658 0 0 0 3020 3020 3020 0 0
0 0 0 376 0 760 858 0 0 0 0 1069 0 1521 0 0 0 0 0 2073 1977 1977 1977 1977 0 0 0 0 0 0 3020 3020 0 0
0 0 0 0 645 0 0 0 0 0 0 0 0 0 1617 0 0 0 1977 1977 1977 1977 1977 1977 2567 0 2786 0 0 0 0 3418 0 0
0 266 392 385 0 0 0 0 0 0 0 0 0 0 1626 1725 1820 0 0 0 1977 1977 1977 1977 1977 0 0 0 0 0 0 0 0 0
0 266 0 0 0 0 0 0 1081 0 0 0 0 1531 874 874 874 0 0 0 0 0 0 1977 0 2672 0 0 3050 0 0 0 3574 50
0 0 0 0 0 773 0 0 1087 0 0 1350 1443 874 874 874 874 0 0 0 0 0 0 0 0 0 2794 2580 2580 0 0 3433 0 0
0 0 0 0 0 0 0 0 0 0 0 0 0 0 0 0 0 0 0 0 0 0 0 0 0 0 0 0 0 0 0 0 0 0

# z = 30
5 5 282 0 531 0 0 0 0 0 0 0 1354 874 874 874 874 0 0 0 0 0 0 0 0 2581 2580 2580 2580 0 0 0 3439 0
5 5 0 406 537 537 0 880 0 1090 0 1279 0 874 874 874 874 0 0 0 0 0 0 0 0 2590 2580 2580 2580 0 0 3313 3448 0
0 0 0 0 537 537 12 12 0 1090 1090 1090 1090 0 874 874 874 0 0 0 0 0 0 0 0 2594 0 2580 2580 2580 0 3316 3453 0
0 0 0 0 542 678 12 12 12 0 1090 1090 1090 0 0 874 0 0 0 0 0 0 0 0 0 0 2696 2809 0 0 0 0 0 0
0 147 0 420 0 12 12 12 0 0 0 1090 1090 0 0 0 0 0 1932 781 0 0 0 0 2496 0 0 0 0 0 3213 0 3464 0
20 152 0 423 12 12 12 12 0 0 1210 687 1366 0 1550 0 0 0 0 0 2112 0 0 0 0 0 0 2813 2811 2811 3217 0 3470 0
0 0 0 0 0 0 0 898 0 0 687 0 1369 0 0 1553 1553 0 0 0 781 0 0 0 0 2602 0 0 2811 2811 0 0 0 0
0 0 0 430 0 0 0 0 0 687 687 1290 0 1470 1560 1553 1553 0 0 2021 781 0 0 0 2405 2405 2405 0 0 0 0 0 0 0
31 0 0 437 0 0 0 687 687 687 687 687 687 0 0 1553 1553 1553 0 2023 0 0 0 2405 2405 2405 0 2822 0 0 3230 0 3487 0
36 0 317 317 566 0 0 687 687 687 687 687 687 1474 1553 1553 1553 1553 0 0 0 0 2322 2405 2405 0 0 0 2954 0 3230 2954 2954 0
36 0 317 317 317 0 0 0 687 687 0 687 0 0 1553 0 1553 1553 0 0 0 0 0 2414 2405 0 2722 2722 2954 2954 2954 2954 2954 0
36 0 317 317 317 0 0 0 0 0 0 0 0 0 0 1668 1553 0 1949 0 0 0 0 0 0 0 0 0 0 2954 2954 2954 2627 0
36 0 317 317 317 0 811 708 0 0 0 0 0 0 0 0 0 0 0 0 0 0 2328 0 0 0 2424 0 0 2954 2954 2954 2627 0
36 0 317 0 0 0 805 920 0 0 0 0 0 0 0 0 0 0 0 0 0 0 2332 2332 0 0 2730 2836 0 0 2954 0 2627 0
0 0 0 0 0 709 56 56 708 1125 56 0 0 0 0 0 0 0 0 2042 0 2224 2332 2332 2332 0 0 2838 2627 2627 0 0 3508 0
0 195 0 459 340 56 56 56 56 56 56 1303 0 0 1578 1069 0 0 0 0 2044 0 0 2332 0 0 0 2838 2627 2627 2627 0 0 0
0 0 0 459 340 56 56 56 56 0 0 0 0 1488 1069 1069 0 0 0 2046 1489 0 0 0 0 0 2739 2848 0 0 2627 2627 0 0
0 206 340 340 340 56 56 56 56 0 0 0 1069 1069 1069 1681 0 1862 0 0 1489 1489 1489 1489 0 0 0 0 2627 0 0 0 0 0
0 0 0 340 340 0 0 56 1043 0 0 1234 1069 1069 1069 0 0 0 0 2052 1489 1489 1489 0 2049 2049 0 0 0 3114 2627 0 0 0
0 0 0 0 56 56 56 56 56 0 0 1234 1069 1069 1069 1069 0 0 1961 1489 0 0 0 0 0 2049 2049 0 2989 3118 0 0 0 0
64 0 0 0 0 0 56 56 0 0 0 1234 1069 1069 1069 1069 0 1873 1489 2057 0 0 0 0 2049 2049 2049 2049 0 0 3257 3390 3534 0
64 219 219 219 0 0 0 56 56 0 0 1234 1069 0 0 0 0 1489 1489 2057 1880 1880 1880 0 0 2637 0 0 2999 0 0 3394 3538 0
0 219 219 477 219 0 835 835 56 1146 0 1234 0 1069 1069 0 0 0 1968 1880 1880 1880 1880 2447 0 0 0 2873 0 0 0 0 3538 0
0 0 0 219 219 744 0 0 0 0 0 0 0 0 0 0 0 0 1880 1880 1880 1880 1880 1880 0 0 0 0 3007 0 0 3143 3143 0
74 235 360 219 219 0 0 0 0 1156 0 1323 0 0 1597 1695 0 0 0 1880 1880 1880 0 0 0 0 2761 0 0 3148 3148 0 0 0
0 0 0 0 0 0 0 0 0 0 1251 0 1418 0 1596 1511 0 0 0 1880 0 0 0 0 0 2649 0 0 0 3148 3273 0 3554 0
80 249 0 502 0 0 852 0 0 0 56 0 1420 1511 1511 1511 0 0 0 0 0 0 0 2460 2552 2651 0 0 0 3020 3020 3410 0 0
0 0 0 0 0 761 56 56 56 0 1255 56 56 1517 0 1511 0 1898 0 0 0 2258 1977 1977 1977 0 0 0 0 0 3020 0 0 0
0 260 0 0 0 56 858 56 0 0 56 0 0 1522 0 0 0 0 1983 0 0 1977 1977 1977 0 0 0 0 0 0 0 3020 0 0
0 0 0 0 0 0 860 56 56 1173 0 1338 56 0 0 0 1818 1905 0 0 0 1977 1977 1977 1977 0 0 0 0 0 0 0 0 0
102 266 0 385 0 0 860 56 56 0 0 0 56 0 1627 0 1821 0 0 0 1977 0 1977 1977 1977 2666 2791 0 0 0 0 0 0 -104
0 266 0 0 0 0 860 56 56 0 0 0 0 1531 874 874 0 1914 0 0 0 0 0 0 0 2673 2795 2580 0 0 0 3426 0 0
5 5 0 0 531 774 0 56 0 1184 0 0 1354 874 874 0 0 0 0 0 2185 2185 0 0 0 2581 2580 2580 2580 0 3306 3426 3306 34
0 0 0 0 0 0 0 0 0 0 0 0 0 0 0 0 0 0 0 0 0 0 0 0 0 0 0 0 0 0 0 0 0 33

# z = 31
5 0 282 282 0 0 0 875 993 0 0 0 0 0 874 0 0 0 0 2004 0 2188 0 0 0 2581 2580 2580 2580 0 0 0 3439 0
5 5 0 0 537 537 12 12 0 0 1193 1090 0 1451 0 1647 0 0 0 0 0 0 0 0 0 2591 0 2580 2580 0 0 0 0 0
5 0 0 0 537 537 12 12 999 0 1090 1090 1090 0 0 874 0 1834 1929 0 0 0 0 2397 0 0 0 2580 2580 0 3207 3207 3454 0
0 140 0 416 12 12 12 12 12 0 1090 1090 1090 1090 0 874 0 0 1929 781 0 0 0 0 0 2597 0 2580 0 3069 0 3322 0 0
0 0 0 412 12 12 12 12 12 0 1090 1090 1090 1090 0 0 0 0 781 781 781 0 2301 2400 0 0 0 0 0 0 3214 3328 3464 0
0 0 298 12 12 12 12 12 12 0 0 0 0 0 0 0 0 0 781 781 781 0 0 0 0 0 0 2814 0 0 3218 0 0 0
0 0 0 0 12 12 0 12 0 0 0 0 0 0 0 0 0 0 781 781 781 781 2309 2309 0 0 0 0 2945 0 0 3342 0 0
0 0 0 431 557 0 0 0 0 0 687 1290 0 1471 0 1553 1754 0 781 781 781 781 2309 0 0 0 2405 0 0 0 0 0 0 0
0 0 0 0 0 688 0 0 0 0 687 687 1375 0 1563 1553 1553 0 0 781 781 0 0 2409 2405 0 0 0 0 0 0 0 0 0
0 0 0 0 567 694 0 0 1013 687 687 0 0 1476 0 1553 1553 1553 0 781 0 0 0 2405 2405 0 2713 2713 2954 0 3230 2954 0 0
36 0 0 317 317 694 0 0 1013 0 0 0 1381 1218 1568 1553 1553 1553 0 0 2127 0 0 2414 0 0 0 2828 2954 2954 2954 2954 2954 0
36 0 317 317 317 0 0 0 0 0 1220 1218 1218 1218 0 1553 1553 1553 1553 0 2132 2032 0 0 2514 2618 0 0 2954 2954 2954 2954 2627 0
36 36 317 317 0 0 0 0 0 0 0 0 1218 0 0 0 0 0 0 2038 2132 2032 0 0 0 0 0 2834 0 0 0 3362 2627 0
0 0 317 317 0 0 805 921 0 0 0 0 0 0 0 0 0 0 0 2038 2138 2032 0 2332 0 0 0 0 2969 3103 0 0 2627 0
0 0 0 0 578 0 820 0 0 0 0 0 0 0 0 0 0 0 1953 0 2142 2142 2334 2332 0 0 0 2839 2627 2627 0 3367 0 0
0 195 332 459 340 56 56 56 0 0 0 0 0 0 0 0 0 1859 1489 1489 2044 1489 0 2431 0 0 2736 2627 2627 2627 2627 0 0 0
0 0 0 459 340 56 56 56 56 0 0 0 0 1488 0 0 0 0 1489 1489 1489 1489 0 0 0 0 2627 2627 2627 2627 2627 2627 0 0
0 207 0 340 340 56 56 56 0 0 0 0 1069 1069 0 0 0 0 1489 1489 1489 1489 1489 0 0 2631 2627 2627 2627 2627 2627 2627 0 0
0 0 0 340 340 0 56 936 0 0 0 0 1069 1069 0 0 0 0 1489 1489 1489 1489 1489 0 0 0 0 0 2627 2627 2627 0 0 0
0 0 0 0 56 0 56 56 0 0 1237 0 0 1069 0 0 0 1869 1489 1489 1489 0 2354 0 0 0 0 0 2627 0 0 0 0 0
0 0 348 0 0 0 0 56 0 0 1237 1310 1069 0 1069 0 1789 1489 1489 1489 1489 1489 0 0 0 0 0 0 0 3124 0 3391 3391 0
64 220 0 0 0 0 0 0 0 0 0 0 1069 1069 0 0 1795 1489 1489 1489 0 1880 1880 2445 2534 2240 2240 0 3000 3128 3261 0 3538 0
0 219 219 481 0 0 0 0 0 0 0 0 0 0 0 0 0 1489 0 0 1880 1880 1880 0 0 0 0 0 0 0 0 0 0 0
0 230 0 0 0 0 0 953 0 0 0 1320 0 0 0 0 0 1881 0 1880 1880 1880 0 0 0 0 0 2879 2879 0 0 0 3546 0
0 0 0 495 0 0 0 0 1061 0 1249 56 56 0 0 1696 0 0 0 0 0 1880 0 0 0 0 0 0 2879 0 3148 0 0 0
0 0 0 499 620 753 847 847 56 0 56 56 0 1507 0 1511 0 0 0 0 0 0 0 0 2550 0 0 0 0 3148 0 3407 0 0
0 0 0 503 503 56 0 847 56 56 56 0 0 1512 1606 0 1805 1895 0 0 0 2255 0 0 0 2652 0 0 0 3020 3020 0 0 0
0 255 0 507 237 56 56 56 56 0 56 56 0 0 1598 0 0 1898 1978 1978 0 2258 0 1977 0 0 0 0 3025 0 0 0 0 0
0 0 380 0 237 56 0 56 0 0 56 56 56 0 0 0 1813 1813 1720 1720 0 1977 1977 1977 1977 0 2780 0 3030 0 0 0 0 0
0 0 0 0 0 56 0 56 56 1174 56 56 56 0 0 1720 1720 1813 1720 2078 0 1977 1977 0 1977 0 2787 0 0 0 0 0 0 0
0 0 0 0 650 0 860 56 56 1175 1268 1342 0 0 0 0 1822 1720 1720 0 0 2271 0 1977 1977 2667 0 0 0 0 0 0 0 -1
107 5 0 525 0 0 869 56 56 1181 0 1342 1440 1531 1634 1731 1826 1720 1720 2087 2087 0 0 2478 2478 2478 2795 0 0 0 0 0 0 0
107 5 0 0 0 0 0 56 0 0 0 0 0 0 0 1735 0 0 0 0 0 2276 0 0 2478 2678 2580 0 0 0 3306 3306 0 0
0 0 0 0 0 0 0 0 0 0 0 0 0 0 0 0 0 0 0 0 0 0 0 0 0 0 0 0 0 0 0 0 0 0

# z = 32
5 120 5 5 0 0 0 0 0 0 0 0 0 0 0 0 1737 1720 1720 1720 0 0 0 0 0 0 2580 2802 2580 0 0 0 3434 0
5 5 5 5 0 0 0 0 0 0 1193 0 0 0 0 1648 0 781 781 0 0 2194 2281 0 0 0 0 0 2580 0 0 0 0 0
5 0 5 412 0 0 12 0 0 0 0 1090 1090 0 0 0 0 781 781 781 781 2197 2195 2195 0 0 0 0 0 0 0 3207 0 0
0 141 0 412 12 12 12 12 0 0 1090 1090 1090 0 1545 0 1747 0 781 781 781 0 2296 0 0 0 0 0 0 0 0 3207 0 0
0 148 0 412 12 12 12 12 12 0 1090 0 0 1090 0 0 1645 1838 781 781 781 0 0 0 0 0 0 0 0 0 0 0 0 0
0 0 299 12 12 12 12 12 0 0 0 0 0 1090 0 0 1752 0 781 781 781 0 0 0 2498 2498 0 2815 0 0 0 3333 3471 0
0 0 299 12 12 12 12 0 0 0 0 0 0 0 1554 1659 0 0 781 781 781 781 0 0 0 2195 0 0 0 0 0 0 0 0
0 157 299 12 12 12 0 0 0 0 0 0 0 0 0 1553 0 0 0 781 781 781 2314 2406 0 0 0 0 0 0 0 0 0 0
32 0 0 438 0 689 0 0 0 0 0 0 0 0 0 1553 1553 0 0 781 781 781 0 0 0 0 0 0 0 0 0 0 0 0
37 0 0 0 567 317 796 906 0 0 0 0 1376 1218 1218 0 1553 0 0 781 0 0 0 2405 0 0 2714 0 0 0 0 0 0 0
40 173 318 0 0 0 0 0 0 0 0 1293 1218 1218 1218 1553 1553 1553 0 0 0 0 0 0 0 2612 2410 2410 0 0 0 0 2627 0
40 0 0 0 0 0 0 0 1021 1021 1218 1218 1218 1218 1218 1553 1553 1553 0 2031 2133 2032 2032 2415 2410 2410 0 0 0 2954 0 3357 2627 0
0 0 0 0 0 0 812 0 0 1119 0 1218 1218 1218 0 0 1553 0 0 2031 2132 2032 0 0 2410 2410 2410 0 0 0 0 0 0 0
0 0 0 0 0 0 0 0 0 0 0 1300 1384 1218 0 0 1776 0 0 2031 2031 0 0 0 2522 2625 0 0 2835 2627 2627 0 2627 0
0 0 0 0 0 0 0 0 1032 0 0 0 1384 1384 0 0 0 0 1954 0 2143 0 0 2332 2523 0 2731 2627 2627 2627 2627 2627 0 0
0 195 0 0 0 56 56 0 0 0 0 0 0 0 0 0 0 1489 1489 1489 1489 1489 0 0 0 2629 2627 2627 2627 0 0 2627 0 0
0 195 0 459 340 56 56 0 0 0 0 0 1394 0 0 1678 1678 1489 1489 1489 1489 1489 0 0 0 0 2627 2627 2627 2627 2627 0 0 0
0 0 0 467 340 56 56 0 0 821 821 0 1069 0 0 1678 1678 1489 1489 1489 1489 1489 0 0 0 0 0 2627 2627 2627 2627 2627 3524 0
0 0 0 467 340 0 0 0 0 1134 0 0 1069 0 0 1685 1678 1489 1489 1489 1489 1489 0 0 2529 0 2742 2627 2627 2627 2627 0 0 0
0 213 0 0 592 0 0 0 0 0 0 0 0 0 0 1685 1489 1489 1489 1489 1489 0 0 0 0 2635 0 0 2627 0 0 0 0 0
0 0 0 0 0 0 0 0 1048 1048 0 0 0 0 0 1689 1489 1489 1489 1489 1489 0 0 0 2240 0 2749 0 2997 0 0 0 0 0
0 0 0 0 0 0 0 0 0 0 0 0 0 0 0 0 1489 1489 1489 1489 1489 0 0 2445 2240 0 2240 0 0 3129 0 0 0 0
0 0 0 0 0 0 0 947 0 1147 0 0 0 0 0 0 1489 1489 0 0 1880 2244 0 0 2535 2535 0 0 0 3135 0 0 0 0
0 231 0 0 0 0 842 0 0 0 0 1321 1410 0 0 0 0 1489 0 0 0 0 0 0 0 2535 0 0 0 3135 3135 0 0 0
0 236 361 0 0 0 0 0 1062 56 56 0 1410 0 0 0 0 0 0 0 0 2251 0 0 2545 0 2240 2885 0 0 3269 3402 3550 0
0 240 240 237 0 0 847 0 56 0 56 56 0 1508 1598 1511 0 0 1971 0 0 0 2372 2459 0 0 2240 0 0 0 0 0 0 0
0 0 237 237 626 56 0 56 56 56 56 56 0 0 1598 1511 1806 0 0 0 0 0 0 0 0 2653 0 0 3021 0 0 0 0 0
87 0 237 237 237 56 56 56 56 56 56 56 56 0 1610 0 0 1899 1979 1720 0 0 0 0 0 0 0 2898 0 0 0 3413 0 0
0 0 237 0 237 56 0 56 56 0 0 56 56 1523 0 0 0 0 1720 1720 0 2262 1977 0 1977 0 0 0 0 0 0 0 0 0
0 0 0 0 0 56 0 56 56 0 56 56 56 0 0 1721 1720 1720 1720 1720 0 0 1977 0 1977 1977 1977 2904 2904 0 0 3419 0 -1763333900
0 0 0 0 637 0 860 56 56 1176 0 0 0 0 0 1721 1720 0 1720 1720 0 0 0 0 1977 1977 0 0 2240 3177 3296 0 0 144
0 5 0 0 657 0 0 983 56 1182 0 0 0 0 1628 0 0 1915 1720 1720 2181 0 0 2479 0 0 0 0 3051 0 0 3427 0 0
0 0 0 0 0 0 0 983 0 1185 0 1351 0 0 1640 0 0 1720 0 0 0 0 0 2471 2578 0 0 2919 0 0 0 0 0 264
0 0 0 0 0 0 0 0 0 0 0 0 0 0 0 0 0 0 0 0 0 0 0 0 0 0 0 0 0 0 0 0 0 2074586967

# z = 33
0 0 0 0 0 0 0 0 0 0 0 0 0 0 0 0 0 0 0 0 0 0 0 0 0 0 0 0 0 0 0 0 0 0
0 0 0 0 0 0 0 0 0 0 0 0 0 0 0 0 0 0 0 0 0 0 0 0 0 0 0 0 0 0 0 0 0 0
0 0 0 0 0 0 0 0 0 0 0 0 0 0 0 0 0 0 0 0 0 0 0 0 0 0 0 0 0 0 0 0 0 0
0 0 0 0 0 0 0 0 0 0 0 0 0 0 0 0 0 0 0 0 0 0 0 0 0 0 0 0 0 0 0 0 0 0
0 0 0 0 0 0 0 0 0 0 0 0 0 0 0 0 0 0 0 0 0 0 0 0 0 0 0 0 0 0 0 0 0 0
0 0 0 0 0 0 0 0 0 0 0 0 0 0 0 0 0 0 0 0 0 0 0 0 0 0 0 0 0 0 0 0 0 0
0 0 0 0 0 0 0 0 0 0 0 0 0 0 0 0 0 0 0 0 0 0 0 0 0 0 0 0 0 0 0 0 0 0
0 0 0 0 0 0 0 0 0 0 0 0 0 0 0 0 0 0 0 0 0 0 0 0 0 0 0 0 0 0 0 0 0 0
0 0 0 0 0 0 0 0 0 0 0 0 0 0 0 0 0 0 0 0 0 0 0 0 0 0 0 0 0 0 0 0 0 0
0 0 0 0 0 0 0 0 0 0 0 0 0 0 0 0 0 0 0 0 0 0 0 0 0 0 0 0 0 0 0 0 0 0
0 0 0 0 0 0 0 0 0 0 0 0 0 0 0 0 0 0 0 0 0 0 0 0 0 0 0 0 0 0 0 0 0 0
0 0 0 0 0 0 0 0 0 0 0 0 0 0 0 0 0 0 0 0 0 0 0 0 0 0 0 0 0 0 0 0 0 0
0 0 0 0 0 0 0 0 0 0 0 0 0 0 0 0 0 0 0 0 0 0 0 0 0 0 0 0 0 0 0 0 0 0
0 0 0 0 0 0 0 0 0 0 0 0 0 0 0 0 0 0 0 0 0 0 0 0 0 0 0 0 0 0 0 0 0 0
0 0 0 0 0 0 0 0 0 0 0 0 0 0 0 0 0 0 0 0 0 0 0 0 0 0 0 0 0 0 0 0 0 0
0 0 0 0 0 0 0 0 0 0 0 0 0 0 0 0 0 0 0 0 0 0 0 0 0 0 0 0 0 0 0 0 0 0
0 0 0 0 0 0 0 0 0 0 0 0 0 0 0 0 0 0 0 0 0 0 0 0 0 0 0 0 0 0 0 0 0 0
0 0 0 0 0 0 0 0 0 0 0 0 0 0 0 0 0 0 0 0 0 0 0 0 0 0 0 0 0 0 0 0 0 0
0 0 0 0 0 0 0 0 0 0 0 0 0 0 0 0 0 0 0 0 0 0 0 0 0 0 0 0 0 0 0 0 0 0
0 0 0 0 0 0 0 0 0 0 0 0 0 0 0 0 0 0 0 0 0 0 0 0 0 0 0 0 0 0 0 0 0 0
0 0 0 0 0 0 0 0 0 0 0 0 0 0 0 0 0 0 0 0 0 0 0 0 0 0 0 0 0 0 0 0 0 0
0 0 0 0 0 0 0 0 0 0 0 0 0 0 0 0 0 0 0 0 0 0 0 0 0 0 0 0 0 0 0 0 0 0
0 0 0 0 0 0 0 0 0 0 0 0 0 0 0 0 0 0 0 0 0 0 0 0 0 0 0 0 0 0 0 0 0 0
0 0 0 0 0 0 0 0 0 0 0 0 0 0 0 0 0 0 0 0 0 0 0 0 0 0 0 0 0 0 0 0 0 0
0 0 0 0 0 0 0 0 0 0 0 0 0 0 0 0 0 0 0 0 0 0 0 0 0 0 0 0 0 0 0 0 0 0
0 0 0 0 0 0 0 0 0 0 0 0 0 0 0 0 0 0 0 0 0 0 0 0 0 0 0 0 0 0 0 0 0 0
0 0 0 0 0 0 0 0 0 0 0 0 0 0 0 0 0 0 0 0 0 0 0 0 0 0 0 0 0 0 0 0 0 0
0 0 0 0 0 0 0 0 0 0 0 0 0 0 0 0 0 0 0 0 0 0 0 0 0 0 0 0 0 0 0 0 0 0
0 0 0 0 0 0 0 0 0 0 0 0 0 0 0 0 0 0 0 0 0 0 0 0 0 0 0 0 0 0 0 0 0 0
0 0 0 0 0 0 0 0 0 0 0 0 0 0 0 0 0 0 0 0 0 0 0 0 0 0 0 0 0 0 0 0 0 32714
0 0 0 0 0 0 0 0 0 0 0 0 0 0 0 0 0 0 0 0 0 0 0 0 0 0 0 0 0 0 0 0 0 0
0 0 0 0 0 0 0 0 0 0 0 0 0 0 0 0 0 0 0 0 0 0 0 0 0 0 0 0 0 0 0 0 0 0
0 0 0 0 0 0 0 0 0 0 0 0 0 0 0 0 0 0 0 0 0 0 0 0 0 0 0 0 0 0 0 0 0 0
0 0 0 0 0 0 0 0 0 0 0 0 0 0 0 0 0 0 0 0 0 0 0 0 0 0 0 0 0 0 0 0 0 21863

