# z = 0
0 0 0 0 466 4 4 4 4 0 0 0 1188 1102 0 0 0 0 0 0 1807 0 1983 0 0 0 0 0 0 0 0 2892 0
0 0 0 361 4 0 4 4 0 0 0 0 0 0 0 0 0 1587 1122 1122 0 1894 1122 0 0 0 0 2440 1122 1122 0 0 0
0 144 0 0 0 573 0 773 0 927 0 0 0 0 1361 1285 1122 1122 1122 1122 1122 1122 1122 0 0 1122 1122 1122 0 1122 0 2905 0
0 0 0 371 474 370 0 0 0 927 927 1108 0 0 1361 1285 1122 1122 1122 1122 1122 1122 1122 1122 1122 1122 1122 1122 0 1122 0 1122 0
0 0 0 372 372 372 372 0 0 927 0 0 0 0 1285 1285 1122 1122 1122 1122 1122 1122 0 0 0 0 1122 1122 2550 1122 1122 1122 0
14 0 0 377 372 372 691 0 0 927 927 927 0 0 1285 0 1122 1122 1122 1122 1122 0 0 0 0 0 0 0 2555 1122 1122 0 0
0 0 277 0 0 0 0 0 0 943 0 927 0 0 1285 1285 1122 1122 1122 1122 0 1905 1905 1900 1900 0 0 0 0 1122 1122 1122 0
0 0 277 16 0 0 0 0 0 0 0 0 0 0 1371 1122 1122 1122 1683 1683 0 0 1900 1900 1900 0 0 2461 0 0 0 1122 0
0 0 16 16 16 16 0 16 0 0 0 0 0 1297 1122 1122 0 1604 1604 1604 0 0 0 1900 0 2284 0 0 2569 2683 0 0 0
0 165 16 16 16 16 0 0 0 0 0 1122 1122 1122 1122 1122 0 1607 1604 1604 0 0 0 2097 0 0 0 2376 2376 0 0 0 0
0 16 16 16 0 16 0 0 0 0 0 0 1122 1122 1122 0 0 1607 1604 1604 0 1922 15 0 2190 0 0 0 0 2688 2376 0 0
0 16 16 16 16 0 0 0 0 0 0 0 0 0 1122 0 0 1607 1604 1604 0 0 15 15 0 0 2379 2379 0 2376 2376 2943 0
0 0 0 0 0 598 0 0 0 0 0 0 1122 1122 1122 0 0 1607 1604 1604 0 1932 0 2105 0 0 2379 2376 2376 2376 2376 0 0
0 177 55 0 0 55 0 0 0 0 0 0 1122 1122 0 0 0 1607 1604 0 0 0 0 0 2196 2295 2379 0 0 0 0 2952 0
0 177 55 55 55 0 55 55 0 0 0 0 0 0 0 0 0 0 0 0 0 0 0 0 15 15 0 0 0 2704 2820 0 0
0 177 55 55 55 0 55 55 55 0 0 0 0 0 0 0 0 0 0 0 0 0 0 0 15 0 0 0 2592 2480 2394 0 0
0 55 55 55 55 0 55 55 55 0 0 0 1233 1233 964 0 0 0 0 1773 0 0 0 2111 0 0 0 0 2591 0 0 0 0
0 55 55 55 55 55 55 55 55 0 0 0 1233 964 964 0 0 0 0 1394 1394 1394 1394 0 15 0 0 0 2600 2394 2394 0 0
0 55 55 55 55 55 55 55 0 0 0 0 0 0 964 0 0 0 0 0 1394 1394 1394 15 0 0 0 0 2394 2394 2394 0 0
0 55 55 55 55 55 0 55 0 0 0 0 0 0 0 0 0 1630 0 0 1394 1394 0 15 0 0 0 0 0 0 0 0 0
0 55 55 55 55 0 0 0 0 0 0 0 0 0 0 1466 1466 1331 1331 0 0 1394 0 0 0 0 2404 0 0 0 0 0 0
0 0 0 55 55 0 0 802 726 726 726 726 0 0 1331 1331 1331 1331 1331 1331 0 0 0 0 0 2318 989 989 2616 989 0 0 0
0 0 0 0 0 0 0 802 726 726 726 726 0 1333 1331 1331 1331 1331 1331 0 0 0 2049 1779 1779 989 989 989 989 989 2853 0 0
0 0 320 222 529 221 0 806 726 726 0 0 0 1333 1331 1331 1331 1331 0 0 0 0 1865 1779 1779 989 989 989 989 989 0 0 0
88 0 320 222 221 221 0 0 726 726 0 0 0 1333 1331 1331 0 0 0 0 0 1956 1779 1779 1779 989 989 989 989 989 0 0 0
95 0 320 221 221 0 0 0 0 0 0 0 0 0 1331 0 0 1648 0 1780 1869 0 1779 1779 0 0 0 0 0 0 0 95 0
95 0 0 0 0 0 735 735 343 343 343 0 0 0 0 0 1565 1487 0 1781 0 0 0 0 0 0 0 0 0 2745 2745 0 0
95 0 0 0 0 650 655 655 343 343 343 0 0 0 0 1487 1487 1481 1481 1481 0 0 0 0 2141 2141 0 0 2637 2745 2745 0 0
0 232 0 446 0 0 655 655 343 343 0 0 0 0 0 0 1487 1481 1481 1481 1481 0 0 0 0 0 2426 2523 0 0 2873 3012 0
0 237 348 451 0 0 0 343 343 0 1092 0 0 1351 0 0 1487 1481 1481 1481 1481 1481 0 2141 2141 2141 2141 2141 0 0 0 0 32508
0 0 348 457 0 662 754 0 905 0 0 0 0 1351 1102 1102 0 0 0 0 1481 0 0 0 2141 2141 2141 0 0 2758 0 0 17
0 0 0 0 0 4 4 4 914 0 0 1181 0 1102 1102 1102 0 0 0 0 0 1980 0 0 0 0 2433 0 2645 2763 0 2892 0
0 0 0 0 0 0 0 0 0 0 0 0 0 0 0 0 0 0 0 0 0 0 0 0 0 0 0 0 0 0 0 0 256

# z = 1
0 133 133 0 0 4 0 0 0 0 0 1102 1102 1102 1102 0 0 1582 1122 1122 1122 1122 1122 1122 0 0 0 0 0 2650 0 0 0
0 133 133 4 4 4 4 0 0 0 1029 0 1102 0 0 0 1509 1122 1122 1122 1122 1122 1122 0 0 0 2356 1122 1122 1122 1122 0 0
0 133 133 4 4 4 0 0 0 0 0 0 0 0 0 1285 1122 1122 1122 1122 1122 0 0 0 2166 2166 1122 1122 1122 1122 1122 1122 0
9 0 4 0 0 576 0 0 0 0 927 1109 0 0 1365 1285 1122 1122 1122 1122 1122 0 0 0 0 2166 1122 1122 1122 1122 0 0 0
0 0 0 0 476 372 0 0 0 932 927 927 0 1286 1285 1285 1122 1122 1122 1122 1122 0 1991 0 0 2276 0 1122 1122 0 0 0 0
0 0 0 0 0 0 0 0 846 939 0 1114 0 1286 1285 1285 1122 1122 1122 1122 1122 0 1993 1900 0 0 0 1122 1122 0 1122 2913 0
0 0 278 0 0 0 0 0 0 0 0 0 0 1286 1285 1285 1122 1122 1122 0 0 0 1993 1900 0 0 0 0 2561 0 0 0 0
21 16 16 0 0 0 0 0 849 780 780 1117 0 0 0 1122 1122 1122 0 0 0 0 1993 1900 1900 2281 0 2462 0 0 0 0 0
16 16 16 0 0 0 0 0 848 780 780 780 0 0 1122 1122 0 0 0 0 1834 0 1900 1900 0 0 0 0 0 0 0 0 0
0 16 16 0 0 0 698 0 0 780 0 0 0 0 0 0 0 0 1692 1756 0 0 2008 2008 2008 1900 1900 0 2376 0 0 0 0
0 16 16 391 391 0 0 0 0 0 0 0 0 0 0 0 0 1607 0 0 0 0 0 0 1900 1900 1900 1900 0 0 0 2938 0
0 0 0 392 0 0 701 701 701 0 0 1132 0 1308 0 0 1530 0 0 1761 0 0 0 0 2191 1900 1900 2379 2579 0 0 0 0
0 0 289 0 0 0 701 701 701 0 0 964 1223 0 0 0 0 0 0 0 1841 0 0 0 0 1900 0 2376 2376 2376 0 0 0
0 177 55 0 0 0 0 701 701 958 0 964 964 0 0 0 0 0 0 0 1846 0 0 0 2197 0 0 0 0 0 0 0 0
0 177 0 0 506 0 0 0 701 0 0 964 964 0 0 0 0 0 0 0 0 0 0 0 0 0 2386 2479 0 2704 0 0 0
0 177 55 55 55 0 0 794 0 967 0 964 964 964 0 0 0 0 0 0 1852 1394 0 0 0 0 2388 0 2592 2480 2394 2394 0
0 55 55 0 55 615 55 55 869 0 0 0 964 964 964 0 1544 1394 1394 1394 1394 1394 1394 0 0 0 2394 0 2595 2394 2394 0 0
0 0 55 0 0 55 0 796 0 0 0 0 1240 964 964 0 0 0 1394 1394 1394 1394 1394 0 0 2308 2394 2394 2394 2394 2394 2394 0
0 0 0 0 0 55 0 0 0 0 0 0 0 0 0 0 0 0 1394 1394 1394 1394 1394 0 0 0 2401 2401 2394 2394 2394 2394 0
0 0 0 416 0 0 0 0 0 973 1068 1066 1245 0 0 0 0 0 0 0 1394 1394 1394 0 0 0 0 2401 0 0 0 0 0
71 71 71 0 0 0 0 0 0 0 0 1066 1066 0 0 0 1466 1331 1331 0 0 0 0 0 0 0 0 0 0 0 0 71 0
0 208 0 0 0 0 0 802 726 726 0 0 1248 0 1402 1331 1331 1331 1331 1777 0 0 0 0 0 2318 989 0 0 2730 0 0 0
0 0 0 425 0 0 726 726 726 726 726 726 0 1334 1331 1331 1331 1331 1331 0 0 1950 0 1779 1779 989 989 989 989 0 0 0 0
0 215 321 425 0 0 0 726 726 726 726 726 0 1333 1331 1331 0 1331 0 1779 1779 1779 0 1779 1779 989 0 989 989 0 0 0 0
0 215 317 425 221 221 0 726 0 726 1079 0 0 0 0 1474 0 0 0 1779 1779 1779 0 1779 1779 989 0 989 989 0 0 0 0
0 0 317 221 221 0 0 0 891 0 0 0 0 0 0 0 1562 0 0 1779 1779 1779 0 1779 0 2328 0 0 0 0 0 0 0
102 0 0 437 542 0 736 0 0 0 343 1162 343 343 0 1484 1565 1487 0 0 0 1779 2060 0 0 0 2420 0 0 0 0 0 0
89 0 0 441 545 0 740 655 343 343 343 343 343 343 0 0 0 1481 1481 0 1876 0 0 0 0 2339 2339 0 0 0 0 0 0
89 0 0 441 0 0 0 655 343 343 343 0 1263 0 0 1492 1569 1481 0 0 1880 0 0 0 0 2340 2141 2524 0 0 0 0 0
0 0 0 441 0 657 0 343 0 0 343 1174 1174 1174 0 0 0 0 0 1790 0 0 2064 0 0 2141 2141 0 0 0 0 3017 272
0 0 0 0 0 663 755 0 0 0 0 0 1174 1174 1102 0 0 0 0 0 1887 0 2064 2152 0 0 2431 0 0 0 2885 0 0
0 0 4 0 0 0 762 0 915 1019 0 0 0 0 1102 0 0 0 1730 0 1122 0 0 0 0 0 0 0 0 0 0 0 0
0 0 0 0 0 0 0 0 0 0 0 0 0 0 0 0 0 0 0 0 0 0 0 0 0 0 0 0 0 0 0 0 0

# z = 2
0 133 133 0 0 4 0 0 0 0 0 1103 1189 0 0 0 1502 1582 1122 1122 1122 1122 1122 1122 0 0 2351 1122 1122 1122 0 2893 0
0 133 133 4 4 0 0 0 836 16 16 16 0 1275 0 0 1509 1122 1122 1122 1122 1122 1122 0 0 2267 2166 1122 1122 1122 2769 0 0
0 133 133 4 0 0 0 774 16 16 0 0 0 0 0 0 1122 1122 1122 1122 1122 1122 0 0 2167 2166 1122 1122 1122 1122 1122 0 0
10 10 4 0 0 0 0 16 16 0 0 0 0 0 1366 0 1122 1122 1122 1122 0 0 0 2082 2167 2166 1122 1122 0 1122 0 0 0
0 0 0 0 0 578 16 16 0 0 0 1112 0 0 0 0 1122 1122 1122 1122 1122 0 0 0 0 0 1122 1122 1122 1122 1122 0 0
0 0 0 0 480 16 16 0 0 0 0 780 0 1286 0 0 0 0 0 1122 0 0 0 0 0 0 0 0 1122 0 0 0 0
0 0 278 0 16 16 16 0 0 944 780 780 0 0 1285 1285 1520 0 0 1751 0 0 0 0 0 0 0 0 0 0 0 0 0
21 16 16 0 16 0 0 0 849 780 780 780 0 0 0 0 0 0 1684 0 1831 0 0 1900 0 0 0 0 0 0 0 0 0
16 16 16 0 0 0 0 780 780 780 780 780 0 0 0 0 0 0 1689 1522 1522 1915 0 1900 1900 1900 1900 0 0 0 0 0 0
0 16 16 0 0 592 0 0 780 780 0 0 0 0 1377 1450 0 1608 1689 1522 1522 1522 0 0 1900 1900 1900 1900 0 0 0 0 0
0 0 16 16 0 594 0 0 857 955 0 1129 0 1304 964 964 0 0 0 1522 1522 1923 0 0 1900 1900 1900 1900 0 2689 0 0 0
0 0 0 0 0 0 702 0 701 0 0 1129 964 964 964 0 0 0 0 0 0 0 0 0 1900 1900 1900 1900 2580 1900 0 2944 0
0 171 0 394 0 599 701 701 701 701 0 964 964 964 0 0 0 0 0 0 1842 0 0 0 1900 1900 1900 1900 1900 0 0 2948 0
0 171 0 0 0 0 0 701 701 0 1055 964 964 964 0 0 0 0 0 1768 1847 0 0 0 0 0 0 0 2586 2480 2394 0 0
0 0 0 0 0 0 0 0 701 0 0 964 964 964 0 0 0 1623 0 1394 1394 1394 1394 1394 0 0 0 0 2586 2480 2394 0 0
0 0 0 0 0 612 0 0 0 0 0 964 964 964 0 0 1541 1394 1394 1394 1394 1394 1394 1394 0 0 2389 0 2593 2394 2394 0 0
56 0 0 0 0 0 0 0 0 0 1060 964 964 0 1390 0 1453 1394 1394 1394 1394 1394 1394 1394 15 0 0 2487 2394 0 2394 56 0
56 0 306 0 0 0 0 0 0 0 0 0 0 0 1393 1460 1453 1394 1394 1394 1394 1394 1394 1394 0 0 0 2394 2394 2394 2394 2394 0
0 196 196 0 516 619 722 798 0 0 1066 1141 0 0 0 0 1453 1394 1394 1394 1394 1394 1394 0 0 0 0 0 2394 0 2394 0 0
0 201 196 417 196 0 196 0 0 974 1066 1066 1066 1066 0 0 0 0 0 0 1394 1394 0 0 2217 0 0 2497 0 2725 0 0 0
15 71 0 417 196 0 0 0 0 974 1066 1066 1066 1066 0 0 0 1331 0 0 0 0 0 0 2220 0 0 0 0 15 15 2982 0
72 0 0 424 0 0 725 0 726 0 1066 1066 0 1066 1402 1331 1331 1331 1331 1777 0 0 2045 0 2222 0 0 0 0 0 15 15 0
79 0 317 0 525 637 727 726 726 726 0 0 0 1335 0 1331 0 1331 1331 1777 0 0 0 1779 1779 0 0 989 989 0 15 15 0
0 216 317 317 530 641 0 0 726 726 726 0 0 0 0 0 0 0 0 0 0 1779 0 1779 1779 0 0 989 0 2736 2856 0 0
0 0 0 0 535 0 0 0 726 0 0 1156 1156 0 0 0 1558 1645 0 1779 0 1779 0 1779 1779 0 0 989 989 0 2861 0 0
0 0 0 0 0 0 732 0 0 0 0 1159 343 343 0 0 1558 1558 0 0 0 1779 0 0 989 989 0 989 0 0 2864 0 0
102 0 336 0 0 0 645 0 0 994 994 343 343 343 0 0 0 1487 0 0 0 0 0 0 0 0 0 0 0 0 0 0 0
89 0 340 0 0 0 0 0 0 343 343 343 343 343 0 1488 0 1481 1481 0 0 0 0 0 0 2339 0 0 0 0 2869 1122 0
89 0 89 0 551 0 0 655 343 343 343 0 0 0 0 0 0 1481 0 0 0 0 0 0 2248 0 2141 2141 0 0 2869 1122 0
89 0 89 89 0 0 0 0 0 0 0 0 0 0 0 0 1571 0 0 0 1881 1972 2064 0 0 0 0 0 0 2754 1122 1122 0
89 0 89 0 0 0 0 0 0 0 0 0 1270 0 0 0 0 0 0 1797 1122 1122 1122 1122 0 0 0 2529 0 1122 1122 1122 15
0 0 0 0 0 0 0 0 0 1020 1098 0 1189 0 0 0 0 0 1122 1122 1122 1122 1122 2157 0 0 1122 0 2646 0 0 0 0
0 0 0 0 0 0 0 0 0 0 0 0 0 0 0 0 0 0 0 0 0 0 0 0 0 0 0 0 0 0 0 0 -1959077492

# z = 3
0 0 133 0 0 0 0 0 0 0 1026 837 16 1273 16 0 0 0 1122 1122 1122 1122 1122 1122 0 2266 2351 1122 0 1122 0 0 0
4 4 0 362 0 0 677 677 16 16 1030 16 0 0 0 0 0 1122 1122 1122 1122 1122 1122 1122 0 2267 2166 1122 1122 1122 0 4 0
0 133 133 4 0 0 682 16 16 928 0 0 1194 0 0 0 1122 0 1122 1122 1122 1122 1122 0 0 2166 1122 1122 1122 0 2773 0 0
0 0 0 0 0 0 682 16 16 16 0 0 0 0 0 1439 1122 1122 1122 1122 0 0 0 0 0 0 1122 1122 1122 0 0 0 0
0 0 0 373 477 578 16 16 843 0 1042 780 0 1287 1195 1195 1122 0 0 0 1818 0 0 0 0 0 1122 0 0 0 0 0 0
0 0 0 0 480 16 16 16 0 0 933 780 0 0 1195 1195 0 0 0 0 1818 0 1994 1818 0 0 0 0 0 0 0 0 0
16 16 16 16 16 16 16 0 848 780 780 780 0 0 0 0 0 0 0 0 0 1906 1818 1818 0 0 0 0 0 0 0 16 0
16 16 16 16 0 16 0 0 848 780 780 780 780 0 0 0 0 1600 1684 1753 1522 0 0 0 0 0 0 0 0 0 0 2918 0
0 16 16 0 485 0 0 780 780 780 780 0 0 0 1373 0 0 1600 1690 1522 1522 1522 0 0 1900 1900 1900 0 0 0 0 0 0
31 16 16 0 489 489 0 780 780 780 780 0 0 1302 964 964 0 1608 1608 0 1522 1522 0 2098 1900 1900 1900 1900 1900 0 0 0 0
0 0 0 16 489 489 489 0 780 0 0 1130 964 964 964 964 0 0 0 1758 1522 1522 0 0 1900 1900 1900 1900 1900 2689 0 0 0
0 0 0 0 0 595 703 785 701 0 1053 964 964 964 964 0 0 0 0 0 0 1522 0 2104 1900 1900 1900 1900 1900 0 0 2944 0
40 0 0 0 497 595 701 701 701 0 1053 964 964 964 0 0 0 1618 1394 1394 0 0 0 0 1900 1900 1900 1900 0 0 0 2949 0
0 0 0 395 297 603 701 701 701 0 1053 964 964 964 964 0 1535 1394 1394 1394 1394 1394 0 0 0 0 0 0 2586 2480 2394 0 0
0 0 296 0 0 606 0 791 701 0 0 964 964 964 0 0 1453 1394 1394 1394 1394 1394 1394 1394 0 0 0 2480 2480 2480 2394 0 0
0 0 0 403 0 0 0 0 0 0 1058 964 964 964 0 0 1453 1394 1394 1394 1394 1394 1394 1394 15 0 0 2480 2480 2394 2394 0 0
0 0 303 410 0 0 715 715 196 0 0 0 1234 0 0 0 1453 1394 1394 1394 1394 1394 1394 1394 15 0 0 0 2596 0 0 0 0
0 193 306 196 0 617 196 0 871 0 0 0 0 0 0 0 1453 1394 1394 1394 1394 1394 1394 1394 0 0 0 0 0 2718 0 0 0
0 196 0 0 0 196 196 196 196 0 1066 1066 1066 1066 1066 1462 1394 1394 1394 1394 1394 0 0 0 2214 0 0 0 0 2719 0 0 0
0 0 196 0 0 196 196 0 0 0 1066 1066 1066 1066 1066 0 0 0 0 1394 1856 0 2040 2040 343 0 0 0 0 15 15 0 0
72 0 0 417 196 196 196 0 875 0 1066 1066 1066 1066 0 0 0 0 1709 0 0 0 0 0 0 0 0 2501 2501 15 15 2982 0
72 0 315 196 196 196 0 0 877 0 1072 1066 1066 1066 0 0 0 0 0 0 0 0 0 2122 0 0 2408 0 2501 15 15 0 0
0 0 0 0 526 0 0 726 0 0 0 0 1250 0 0 0 0 0 0 0 1862 1951 2050 1779 1779 989 0 0 15 0 0 0 0
0 0 0 0 0 0 0 0 0 0 0 0 0 0 0 0 0 0 0 0 0 1779 2050 1779 1779 989 0 0 0 0 0 2996 0
0 0 0 0 0 0 0 0 0 0 0 0 1156 343 0 0 1558 1558 0 0 1866 1779 1779 1779 1779 2323 2416 989 0 2741 0 2996 0
0 224 0 433 0 645 645 0 892 0 0 0 343 343 343 0 1558 1558 0 0 0 0 0 1779 0 0 0 0 2632 1122 0 2996 0
102 226 89 0 0 645 0 0 0 994 994 343 343 343 0 0 1566 1566 0 0 0 0 0 0 0 0 0 0 2632 0 0 0 0
89 89 89 0 546 0 0 0 0 343 343 343 343 1347 0 0 0 0 0 0 0 0 0 0 0 0 0 2522 0 0 0 0 0
89 0 89 89 0 0 0 0 0 0 0 0 0 0 1418 0 0 0 0 0 0 0 0 0 2249 0 0 0 0 2751 1122 0 0
89 89 89 0 0 0 0 0 0 0 0 0 1268 0 0 1496 16 0 0 0 1881 1973 1122 0 0 0 0 0 2641 1122 1122 0 64
89 89 0 0 0 0 0 827 906 0 0 0 16 16 16 16 16 0 0 1798 1122 1122 1122 1122 0 2346 2432 2529 1122 1122 1122 1122 0
0 0 0 0 0 0 0 0 916 0 1099 16 0 16 1424 0 0 1662 1731 0 1122 1122 1122 1122 0 2266 1122 1122 1122 1122 1122 0 124
0 0 0 0 0 0 0 0 0 0 0 0 0 0 0 0 0 0 0 0 0 0 0 0 0 0 0 0 0 0 0 0 32508

# z = 4
0 0 0 0 0 0 0 0 0 0 1026 837 16 1273 1359 0 1503 0 0 1122 1122 1122 1122 1122 0 0 2351 1122 0 0 0 0 0
4 4 4 0 0 0 0 677 16 16 16 16 0 0 0 0 0 1122 0 1122 0 1122 1122 0 0 0 2166 1122 1122 0 0 0 0
4 4 4 0 0 0 0 16 16 16 0 0 0 0 0 0 0 1122 0 0 0 1122 0 0 0 0 1122 1122 1122 0 2774 2774 0
4 0 0 0 0 577 16 16 16 16 0 0 0 1280 1195 1195 1195 0 0 0 0 0 0 0 2170 1818 0 0 0 0 0 2656 0
0 0 0 0 478 16 16 16 16 0 1042 780 0 1195 1195 1195 0 0 0 1748 1818 1818 1818 1818 1818 1818 0 0 0 0 0 0 0
0 0 0 378 16 16 16 16 0 0 933 780 0 1195 1195 1195 1195 1594 0 0 1818 1818 1818 1818 1818 1818 1818 0 2556 2673 0 0 0
0 16 16 16 16 16 16 0 0 780 780 780 0 0 0 1195 1195 0 1679 0 0 1818 1818 1818 1818 1818 1818 1818 0 2677 0 0 0
16 16 16 16 16 16 0 0 848 780 780 780 780 0 0 0 0 1600 1679 1754 0 1911 0 1818 0 0 0 2463 1818 1818 0 2918 0
0 16 16 16 16 0 0 0 780 780 780 1120 0 1298 964 0 0 0 1690 1522 1522 0 2007 0 0 1900 0 0 0 0 0 0 0
0 16 16 16 0 0 0 780 0 780 780 0 1213 964 964 0 0 1608 1608 1522 1522 1522 0 0 1900 1900 1900 1900 0 0 2800 0 0
0 0 16 0 489 489 0 0 0 0 0 1130 964 964 964 964 0 0 1522 1522 1522 1522 0 2101 1900 1900 1900 1900 1900 0 0 0 0
37 0 0 0 0 489 0 0 0 0 1053 964 964 964 964 0 0 0 0 0 0 0 2012 2104 1900 1900 1900 1900 1900 2694 0 37 0
37 0 0 0 498 600 0 701 701 0 1053 964 964 964 0 0 1533 1394 1394 1394 1394 0 0 2104 1900 1900 1900 0 2584 0 2810 2805 0
0 0 0 395 498 498 0 0 701 0 1053 964 964 964 1386 0 1533 1394 1394 1394 1394 1394 0 0 0 0 0 2477 2586 2480 0 0 0
0 0 297 297 297 0 0 0 701 0 1053 964 964 964 0 0 1453 1394 1394 1394 1394 1394 2020 0 0 0 0 2481 2480 2480 0 0 0
0 0 0 297 0 0 0 0 0 0 0 964 964 964 0 1457 1453 1394 1394 1394 1394 1394 1394 1394 15 15 0 0 0 0 0 0 0
0 0 0 0 0 616 716 196 196 196 0 964 964 964 0 1453 1453 1394 1394 1394 1394 1394 1394 1394 15 15 2395 0 0 0 0 0 0
15 0 307 196 196 196 196 196 196 0 0 0 0 0 1394 1394 1453 1394 1394 1394 1394 1394 1394 1394 0 15 0 0 0 0 2838 15 0
0 196 196 196 196 196 196 196 196 0 0 1066 0 1066 1066 1394 1394 1394 1394 1394 1394 0 0 0 0 0 2402 0 2604 15 15 15 0
0 196 0 196 196 196 196 196 873 0 0 1066 1066 1066 0 0 0 0 0 0 0 0 2040 2040 343 0 15 15 0 15 0 15 0
0 206 206 0 196 196 196 196 0 0 0 1066 1066 0 1400 0 0 1633 0 0 0 1947 0 343 343 0 15 15 0 15 15 15 0
0 0 196 196 196 196 196 0 0 0 0 1066 1066 0 0 0 0 0 0 0 0 343 0 0 0 0 15 0 2501 15 15 15 0
0 212 196 196 196 196 0 0 880 0 0 0 0 0 1405 1321 0 0 0 0 0 0 0 0 0 989 2411 15 15 15 0 0 0
0 217 0 196 196 196 0 0 882 0 1076 1153 0 0 1408 343 0 0 0 0 0 0 0 0 1779 0 0 2511 0 0 2857 0 0
89 207 329 196 196 0 0 0 886 0 0 0 1156 343 1409 343 0 1558 0 0 0 1779 0 0 0 0 0 0 0 2741 1122 0 0
89 0 0 0 0 0 0 0 810 0 0 1160 343 343 0 0 1558 1558 0 0 0 0 0 0 0 0 0 2518 2632 1122 1122 1122 0
89 89 89 0 543 648 648 0 0 0 994 343 343 343 0 0 1558 1566 0 0 0 1964 1964 0 2237 0 0 2521 2521 1122 0 1122 0
107 89 89 0 547 0 0 0 0 0 343 343 0 0 0 0 0 1653 0 0 0 1964 0 0 2245 2142 0 2522 2521 1122 1122 1122 0
0 233 89 89 547 547 744 0 0 0 0 1168 0 1350 1350 1493 0 0 0 0 0 0 0 2142 2142 0 0 2525 2521 1122 1122 1122 0
0 0 0 0 0 547 748 0 0 1005 837 16 16 0 16 16 1572 0 0 1791 1122 1122 0 0 0 2342 0 2525 2521 1122 0 1122 0
0 242 0 0 0 0 0 0 0 1005 837 16 16 16 16 16 16 0 1728 1728 1122 1122 1122 0 0 0 0 0 1122 1122 0 0 -1962460963
0 0 358 0 0 0 0 0 0 1005 837 16 16 16 16 16 16 0 1731 1122 1122 1122 1122 1122 0 0 2435 0 1122 1122 1122 1122 119
0 0 0 0 0 0 0 0 0 0 0 0 0 0 0 0 0 0 0 0 0 0 0 0 0 0 0 0 0 0 0 0 19090512

# z = 5
0 0 0 0 0 0 0 0 0 922 837 837 0 0 0 16 1504 0 0 0 0 0 0 0 0 0 0 0 1122 0 0 0 0
4 139 0 0 0 0 0 0 837 837 837 16 0 0 0 0 0 0 0 1740 0 0 0 2074 2074 0 0 1122 0 0 0 4 0
4 4 261 0 471 0 0 16 16 0 0 0 0 0 1362 1195 1195 0 0 0 0 0 0 0 0 0 0 2443 0 0 0 2774 0
4 0 264 0 0 0 0 0 16 0 0 0 1198 1280 1195 1195 1195 0 0 1745 0 0 0 2083 1818 1818 0 0 2548 0 0 2656 0
4 4 0 0 478 16 16 16 0 0 1042 780 1198 1195 1195 1195 1195 1195 0 0 0 0 1818 1818 1818 1818 1818 1818 0 2665 0 2656 0
0 151 0 379 16 16 16 16 0 940 780 780 0 1195 1195 1195 1195 1195 1195 0 0 1818 0 1818 1818 1818 1818 1818 1818 1818 0 0 0
0 16 16 16 16 16 16 0 0 780 780 780 0 1291 0 1195 1195 1195 0 0 0 0 0 1818 1818 1818 1818 1818 1818 1818 0 0 0
0 16 16 16 16 16 694 0 0 780 780 780 0 0 0 1195 1195 1195 1685 0 0 0 0 2091 0 1818 0 1818 1818 1818 1818 0 0
0 0 0 0 0 588 0 0 0 780 780 780 1210 964 964 0 0 0 1685 0 0 1916 1835 1826 1826 0 0 0 0 2684 1818 0 0
0 0 16 0 0 593 17 0 0 0 0 0 1210 964 964 0 0 0 1608 1757 1757 0 0 1826 1900 1900 1900 1900 0 2570 2570 0 0
0 0 0 0 0 0 0 783 0 0 0 1130 964 964 964 964 0 0 0 0 0 1522 0 2101 1900 1900 1900 1900 0 2690 0 2939 0
0 167 0 0 0 0 0 0 0 0 1053 964 964 964 964 0 0 1614 1394 0 0 0 0 0 1900 1900 1900 1900 1900 0 2805 2939 0
37 17 17 0 499 0 0 0 0 0 1053 964 964 964 964 0 1533 1394 1394 1394 1394 0 0 2104 1900 1900 1900 0 0 0 2805 2805 0
0 0 0 395 498 0 0 0 863 0 1053 964 964 964 0 1453 1453 1394 1394 1394 1394 1394 0 0 0 0 0 0 0 0 0 0 0
0 0 0 297 0 0 0 0 0 0 1053 964 964 0 0 1453 1453 1394 1394 1394 1394 1394 0 2107 0 0 0 0 0 0 0 2960 0
0 0 301 0 0 613 196 196 196 196 0 964 964 964 0 1453 1453 1394 1394 1394 1394 1394 1394 1394 15 15 15 0 0 0 0 0 0
57 0 0 0 0 613 196 196 196 196 0 964 964 0 0 1453 1453 1394 1394 1394 1394 1394 1394 1394 15 15 15 15 0 2716 15 15 0
0 0 308 196 196 196 196 196 196 196 0 0 964 964 0 0 0 1394 1394 1394 0 1394 1394 1394 0 15 15 15 15 15 15 15 0
0 197 196 196 196 196 196 196 196 196 0 0 0 0 0 1463 0 0 0 0 0 0 0 0 2215 15 15 15 15 15 15 15 0
0 202 196 196 196 196 196 196 196 0 0 0 1066 0 0 0 0 0 0 0 0 0 2041 343 343 15 15 15 15 15 15 15 0
0 0 196 196 196 629 196 196 196 0 0 1066 1066 0 0 0 0 0 0 1775 1775 343 343 343 2221 15 15 15 15 15 0 15 0
0 209 196 196 196 0 196 0 0 0 0 1066 1066 1332 1403 1321 0 0 0 1775 1775 343 343 343 0 15 15 15 15 15 15 0 0
80 207 196 196 196 196 0 0 0 980 0 0 0 0 1403 1321 343 0 1713 0 343 343 343 343 0 15 15 15 0 0 2854 80 0
0 207 196 196 196 0 0 0 882 810 810 810 0 0 1408 343 1555 0 0 0 343 0 0 0 0 0 15 0 0 0 2858 0 0
8 207 196 196 0 0 0 810 882 810 810 0 0 343 343 343 343 0 0 0 0 0 0 0 0 2324 0 0 0 0 1122 1122 0
89 0 0 434 0 0 0 0 810 0 0 0 343 343 0 1476 0 0 0 0 0 0 0 0 0 0 0 0 2632 1122 1122 1122 0
89 227 0 0 0 0 648 0 0 0 0 0 0 343 0 0 0 0 1717 1782 0 0 2061 1642 2238 0 0 0 2521 1122 1122 0 0
89 89 89 0 548 0 741 741 0 0 0 0 0 0 0 0 0 0 0 0 0 0 1642 1642 0 0 2422 0 2521 1122 1122 1122 0
89 89 89 0 0 0 741 0 0 0 0 0 1264 16 16 1493 16 1655 0 0 0 0 0 2143 0 0 0 2525 2521 1122 1122 1122 0
89 0 0 0 0 0 748 0 0 1005 0 16 16 16 16 16 16 0 0 1791 0 1122 0 0 0 0 0 2525 2521 1122 1122 1122 -1962469946
0 0 350 0 559 0 0 0 907 0 837 16 16 16 16 16 16 1658 1729 1728 0 1122 0 0 0 0 0 2525 1122 1122 1122 0 32508
0 0 0 0 0 0 0 0 907 837 837 16 16 16 16 16 16 16 0 0 0 0 1122 0 0 0 0 2532 1122 1122 1122 0 110
0 0 0 0 0 0 0 0 0 0 0 0 0 0 0 0 0 0 0 0 0 0 0 0 0 0 0 0 0 0 0 0 21954

# z = 6
0 134 134 134 134 134 134 0 0 922 837 837 0 0 0 1427 16 0 0 1735 0 0 0 0 2159 1590 0 0 0 0 0 0 0
4 0 134 134 134 0 134 0 0 837 837 16 0 0 0 0 0 0 1671 1590 1590 0 0 0 2074 1590 0 0 0 0 2770 0 0
4 0 0 134 0 0 0 775 0 0 837 16 1195 1195 1362 1195 0 0 1671 1590 1590 0 0 2079 2168 0 0 2444 2545 0 0 2774 0
4 4 265 0 0 0 0 0 0 0 0 0 0 1195 0 1195 1195 0 0 1590 1590 0 0 0 0 1818 1818 0 0 2663 0 2656 0
4 4 0 0 0 0 0 0 0 933 933 0 0 1195 0 1195 1195 1195 0 0 1590 0 0 0 1818 1818 1818 1818 1818 1818 0 0 0
0 0 274 16 0 0 0 0 0 933 780 780 0 1195 1195 1195 1195 1195 0 0 0 0 0 1818 1818 1818 1818 1818 1818 1818 0 2914 0
0 0 16 16 0 0 0 0 0 780 780 780 0 1195 0 1195 1195 1195 0 0 0 0 0 0 0 0 1818 1818 1818 1818 0 0 0
0 0 16 16 0 0 0 778 0 780 780 780 0 0 0 0 0 0 0 0 0 0 2002 2002 0 0 1818 1818 1818 0 0 0 0
0 0 16 387 0 589 17 17 0 0 780 0 0 964 964 0 1526 1522 1522 0 1835 1835 1835 1826 1826 0 0 0 2570 2570 0 0 0
0 0 0 0 0 17 17 17 854 0 0 0 1210 964 964 0 0 1522 1522 0 0 1835 1826 2099 1900 1900 1900 1900 0 2570 0 0 0
35 17 17 17 0 17 17 17 0 0 0 0 964 964 964 964 0 0 0 0 0 0 0 2101 1900 1900 1900 1900 0 0 0 2940 0
17 17 17 17 494 17 17 0 0 0 0 964 964 964 964 0 0 1614 1394 1394 0 0 2013 2013 1900 1900 1900 1900 0 0 2805 2794 0
0 17 17 17 17 0 0 0 0 0 1053 964 964 964 964 0 1533 1394 1394 1394 1394 0 0 2013 1900 1900 1900 1900 1900 0 0 0 0
0 0 0 0 0 0 0 0 0 0 1053 964 964 964 964 0 1453 1394 1394 1394 1394 1934 0 0 0 0 1900 1900 0 0 0 0 0
0 182 182 0 0 0 0 0 0 964 964 964 964 964 0 1455 1453 1394 1394 1394 1394 0 0 0 0 0 0 0 0 0 2821 2961 0
0 0 302 0 0 0 196 196 0 0 0 964 964 0 0 1453 1453 1394 1394 1394 1394 0 1394 2109 2205 15 15 15 0 0 0 2966 0
57 0 0 0 0 0 196 196 196 196 1061 964 0 0 0 0 1453 0 1394 1394 1394 0 1394 1394 15 15 15 15 15 15 15 15 0
52 0 0 0 0 196 0 196 196 196 1064 964 964 0 0 0 0 0 0 0 0 0 2032 0 15 15 15 15 15 15 15 15 0
52 0 196 0 0 196 196 196 196 196 0 1142 1243 0 1396 0 0 0 0 0 0 0 0 0 0 15 15 15 15 15 15 15 0
0 0 0 0 0 0 196 196 196 196 0 0 0 0 0 0 0 0 0 0 0 0 2041 343 0 15 15 15 15 15 15 15 0
0 207 196 0 0 0 0 0 876 196 0 0 1066 0 1401 0 0 0 1710 343 1775 343 343 343 0 15 15 15 15 15 15 15 0
0 207 196 0 0 0 0 0 0 0 0 0 0 0 1401 1321 343 0 1710 343 343 343 343 343 0 15 15 15 0 15 0 15 0
0 207 196 196 196 0 0 0 0 0 0 0 0 0 1321 1321 343 1639 343 343 343 343 343 343 2223 15 0 0 0 0 0 15 0
0 207 196 196 196 0 0 0 882 810 810 0 1251 0 1408 343 0 0 0 343 343 343 343 343 0 0 0 2512 0 0 0 0 0
0 207 196 0 0 0 0 810 810 810 810 0 1254 343 343 343 0 0 0 0 0 0 0 0 2226 2325 0 0 0 0 1122 1122 0
89 0 0 435 0 0 0 0 810 810 0 0 0 343 0 1477 0 0 1716 1642 1642 0 0 0 0 0 2418 0 2632 1122 1122 1122 0
89 89 0 438 89 649 0 0 896 0 0 0 0 0 0 1485 0 1650 1642 1642 1642 1642 1642 1642 0 2336 2132 0 0 0 1122 1122 0
89 89 89 0 89 0 0 0 0 0 0 0 0 0 1416 0 0 0 1642 1642 1642 1642 1642 0 0 2132 0 0 0 1122 1122 1122 0
89 0 345 447 0 0 0 0 0 0 1089 16 16 16 16 16 0 0 0 0 1642 1642 1642 0 2250 2132 0 0 2521 1122 1122 1122 0
0 0 0 0 0 0 749 823 0 0 1089 16 16 16 16 16 16 0 0 0 0 0 0 0 0 2343 0 2525 2521 1122 1122 0 32508
0 243 134 0 559 0 0 0 908 1014 837 16 16 16 16 16 16 16 0 0 0 0 0 0 0 0 0 2525 1122 1122 0 0 0
127 134 0 0 559 134 134 832 0 907 837 16 16 16 16 16 0 1663 1663 0 1889 0 0 0 0 0 0 0 1122 0 1122 0 91
0 0 0 0 0 0 0 0 0 0 0 0 0 0 0 0 0 0 0 0 0 0 0 0 0 0 0 0 0 0 0 0 -369828229

# z = 7
0 0 134 134 134 134 134 134 0 922 837 837 16 16 0 1427 16 1583 0 0 1808 0 0 0 2159 1590 0 0 0 0 0 0 0
4 0 134 134 134 134 134 768 838 837 837 16 0 1276 0 0 0 0 1671 1590 1590 1590 0 0 2074 1590 0 0 0 2653 0 2903 0
4 0 0 134 134 134 134 134 0 0 837 0 0 0 1362 1195 1195 1590 1590 1590 1590 1590 0 0 2168 0 0 0 0 0 2775 2656 0
4 4 0 134 134 134 134 134 0 0 0 0 0 0 1195 1195 1195 0 1590 1590 1590 1590 0 0 0 1818 0 0 0 0 2656 2656 0
4 4 271 0 0 134 134 134 0 0 0 0 0 0 1195 0 1195 0 0 0 1590 0 0 0 0 2277 2277 1818 1818 2666 0 2656 0
4 0 274 0 0 134 134 0 0 0 0 0 0 1195 0 0 0 0 0 0 1823 0 1995 1749 0 0 1818 1818 1818 2674 0 2656 0
0 154 16 0 0 0 0 0 0 0 0 0 0 1195 1195 0 0 0 0 0 0 0 1999 0 0 0 0 1818 1818 0 0 0 0
0 0 0 0 0 586 17 17 17 0 0 0 0 0 0 1443 1522 1522 0 0 0 0 0 0 0 0 0 0 0 0 0 0 0
0 160 0 0 0 583 17 17 17 0 0 0 1211 964 0 0 1522 1522 1522 0 1835 1835 1835 1826 0 0 2373 0 2570 2570 0 2927 0
0 160 17 17 0 17 17 17 17 17 0 1123 1210 964 964 0 0 1522 1522 0 0 1835 0 0 0 1900 1900 2467 0 0 0 0 0
35 17 17 17 17 17 17 17 17 0 0 0 964 964 964 964 0 0 0 0 0 0 0 0 1900 1900 1900 1900 0 0 0 2940 0
17 17 17 17 17 17 17 17 17 0 0 0 964 964 964 964 0 1615 0 0 0 0 0 0 1900 1900 1900 1900 0 0 0 2794 0
0 0 0 0 0 0 17 17 0 0 0 964 964 964 0 0 0 1615 1394 0 0 0 2017 2013 0 1900 1900 1900 0 0 0 0 0
0 178 293 0 0 0 0 0 0 0 0 964 0 0 0 0 0 1394 0 0 0 0 0 0 0 0 0 0 0 0 0 0 0
0 178 178 178 507 0 0 0 0 0 1056 964 964 1315 0 0 0 1394 0 0 0 0 2021 1394 15 0 0 0 0 0 2822 2962 0
15 178 178 178 0 0 0 0 0 0 0 0 0 0 0 0 1453 0 0 0 0 0 1394 1394 15 0 15 0 0 2709 0 2967 0
52 0 0 0 0 0 0 0 196 0 0 0 0 0 0 0 0 0 0 0 0 0 1394 1394 15 15 15 15 15 15 15 15 0
52 0 0 0 0 0 0 0 196 196 0 0 0 0 0 0 0 0 0 0 0 0 0 0 2209 15 15 15 15 15 15 15 0
0 0 0 414 67 0 0 0 196 196 196 196 0 0 0 1464 343 0 0 0 0 0 0 0 0 0 0 0 0 15 15 15 0
15 0 0 0 0 625 0 196 196 196 196 196 0 0 1397 1321 0 0 0 0 0 0 0 0 0 0 0 15 0 0 15 15 0
0 0 0 422 0 67 67 0 196 196 196 0 0 1329 1321 1321 343 343 1711 0 0 0 343 343 0 0 0 0 0 0 15 15 0
0 0 0 0 0 631 67 0 0 0 0 0 0 0 1321 1321 343 343 343 343 343 343 343 343 0 0 0 0 0 2731 0 15 0
0 0 318 0 0 631 67 0 0 0 0 0 0 0 1321 1321 343 1640 0 343 343 343 343 343 0 0 0 0 2622 0 0 0 0
0 0 0 0 0 0 67 807 0 0 0 0 0 1337 1321 343 343 0 0 0 0 343 343 0 0 0 0 0 2624 2737 0 0 0
0 0 0 432 536 0 0 0 810 810 810 0 0 343 343 1475 0 1646 1642 1642 0 0 0 0 2227 2132 2132 0 2627 0 0 0 0
89 89 89 89 89 646 0 0 810 810 0 0 0 343 0 0 0 1642 1642 1642 1642 0 0 2132 2227 2132 2132 0 2633 0 1122 1122 0
89 89 89 89 89 0 0 817 815 815 1083 0 0 0 0 0 0 1642 1642 1642 1642 1642 1642 2132 2132 2132 2132 2132 0 0 1122 1122 0
89 89 89 89 89 89 0 815 815 815 0 0 1259 0 1416 0 0 1642 1642 1642 1642 1642 0 2132 2132 2132 2132 0 0 0 1122 1122 0
0 0 346 89 89 89 745 822 0 815 0 0 16 16 16 16 0 0 0 1642 1642 1642 0 2132 2132 0 0 0 2521 1122 1122 0 0
0 238 0 0 0 0 0 0 0 1006 837 16 16 16 0 16 16 16 0 0 0 0 0 0 0 0 2429 0 2521 1122 1122 0 0
0 244 0 458 0 0 0 0 908 1006 837 0 16 16 0 0 16 16 16 0 0 0 0 2153 0 2347 0 0 0 0 0 0 0
128 0 0 134 134 0 134 0 917 907 837 16 16 16 0 16 16 0 16 0 1590 0 0 0 0 0 2436 0 0 0 0 3026 0
0 0 0 0 0 0 0 0 0 0 0 0 0 0 0 0 0 0 0 0 0 0 0 0 0 0 0 0 0 0 0 0 21953

# z = 8
0 0 0 0 134 134 0 0 0 922 837 837 16 16 0 0 16 16 0 1736 1590 0 0 0 0 1590 0 0 2536 2536 2536 0 0
0 0 134 134 134 134 134 134 0 837 837 16 0 1277 0 0 0 0 1671 1590 1590 1590 1590 1590 1590 1590 0 0 0 0 2771 0 0
4 0 0 367 134 134 134 134 134 0 0 0 0 0 0 1195 1195 0 1590 1590 1590 1590 1590 1590 1590 1590 1590 0 0 2656 2656 2656 0
4 4 0 134 134 134 134 134 134 0 1039 0 0 0 0 0 0 0 0 1590 1590 1590 1590 0 0 0 0 0 0 0 2656 2656 0
4 4 0 374 134 134 134 134 0 934 844 844 0 0 0 0 0 0 0 0 1819 0 0 0 0 0 2366 1818 0 0 0 2656 0
4 4 0 374 134 134 134 134 0 0 844 844 1206 0 1369 0 0 0 0 1749 1749 1749 1749 0 0 0 0 0 0 0 2783 2656 0
0 0 0 0 134 0 0 0 0 0 1046 844 0 0 0 0 0 1598 0 0 1749 1749 1749 0 0 0 0 0 2562 0 2784 0 0
0 157 0 0 0 586 17 17 17 947 844 844 0 0 0 0 1522 1522 0 0 0 0 0 0 2178 0 0 0 0 0 0 2922 0
0 17 17 0 0 583 17 17 17 17 844 0 0 964 0 0 1522 1522 1522 0 0 0 1835 1826 0 2285 0 0 0 0 0 0 0
32 17 17 17 0 17 17 17 17 17 0 0 0 964 964 0 0 1522 1522 0 0 1920 1920 1826 0 0 0 0 0 0 0 2935 0
32 17 17 17 17 17 17 17 17 17 0 0 0 0 964 0 0 1522 0 0 1839 1924 0 0 0 0 0 0 0 0 0 2794 0
17 17 17 17 17 17 17 17 17 17 0 0 0 0 0 0 0 0 0 0 0 0 2014 0 0 1900 1900 1900 0 0 0 2794 0
0 172 17 17 0 17 17 17 17 0 0 0 0 0 0 0 0 0 0 1764 1843 1367 1367 1367 0 1900 1900 1900 0 0 2811 0 0
0 178 0 0 0 17 17 0 0 0 0 0 0 1312 0 0 0 0 0 1769 1367 1367 1367 0 0 0 0 0 0 0 2815 2953 0
0 178 178 178 178 67 0 0 0 965 872 0 0 1312 1312 0 0 0 0 1621 1367 1367 0 1394 15 15 2387 2482 15 0 2823 0 0
0 178 178 178 178 67 67 0 0 965 872 872 0 1312 860 0 0 0 0 0 0 0 2024 1394 15 15 15 2485 15 0 0 0 0
0 0 178 0 513 67 67 0 0 959 872 872 872 0 0 0 1545 0 0 0 0 0 1394 0 15 15 15 15 15 15 0 0 0
0 0 309 309 67 67 67 0 0 0 0 0 0 0 0 1461 343 343 0 0 1854 343 0 2113 15 2309 0 0 15 0 15 0 0
0 0 309 309 67 67 0 0 196 196 0 196 0 1326 1321 1321 343 343 343 343 343 343 0 0 0 0 0 0 0 0 0 0 0
0 0 0 67 67 67 67 0 874 196 196 196 0 1327 1321 1321 343 343 343 343 343 0 0 0 0 0 0 0 2608 0 0 0 0
0 0 0 67 67 67 67 0 0 0 196 0 0 1321 1321 1321 343 343 343 0 0 0 0 0 0 0 0 2502 2409 0 0 2983 0
0 210 0 67 67 67 67 0 0 0 0 0 1249 0 1321 1321 343 343 343 343 343 0 0 343 0 0 0 2498 2409 0 0 0 0
81 0 0 0 67 67 67 0 0 0 0 1149 1149 0 1321 1321 343 0 0 0 343 343 343 0 0 0 0 0 2409 0 0 81 0
0 0 0 429 0 0 67 0 0 0 0 0 0 0 0 343 343 1642 1714 0 0 0 0 0 0 0 0 0 0 0 2859 0 0
0 0 0 0 536 0 0 811 0 0 0 0 0 343 343 343 1559 1642 1642 1642 1642 0 0 0 2228 0 2132 2132 2132 0 0 0 0
0 89 89 89 89 89 0 815 0 810 0 0 0 0 0 0 0 1642 1642 1642 1642 1642 2056 0 2227 2132 2132 2132 2132 2132 0 0 0
103 0 89 89 89 89 0 815 815 815 0 0 1257 0 0 0 0 1642 1642 1642 1642 1642 0 2132 2132 2132 2132 2132 2132 2132 0 0 0
0 0 89 89 89 89 89 815 815 815 0 0 0 0 0 0 0 0 1642 1642 1642 1642 0 2132 2132 2132 2132 2132 0 0 0 0 0
0 0 0 89 89 89 89 0 902 0 0 0 0 16 16 16 0 0 1721 0 1642 1642 0 2144 2132 2132 0 0 0 0 0 0 0
0 239 234 89 89 0 0 824 902 0 837 16 16 16 0 16 16 0 0 0 0 0 0 0 0 0 2429 0 0 0 2879 3018 0
0 234 234 0 0 0 0 0 0 0 0 16 16 16 0 0 16 16 16 0 0 0 0 0 2260 1590 1590 0 0 0 2879 0 144
129 0 0 0 0 134 134 833 917 907 0 16 16 16 0 0 16 16 0 0 1889 1590 0 0 2260 1590 1590 0 2536 2536 0 0 0
0 0 0 0 0 0 0 0 0 0 0 0 0 0 0 0 0 0 0 0 0 0 0 0 0 0 0 0 0 0 0 0 256

# z = 9
0 0 0 0 0 0 672 134 0 922 837 837 16 16 0 0 0 0 0 0 1590 1590 1590 0 2160 0 0 0 2536 2536 2536 0 0
0 0 0 134 134 134 134 134 0 0 837 0 0 0 0 0 0 0 0 1590 1590 1590 1590 1590 1590 1590 1590 0 0 0 0 0 0
4 4 0 0 134 134 134 134 0 0 0 0 0 0 0 1436 0 0 0 1590 1590 1590 1590 1590 1590 1590 1590 0 0 2657 2656 2656 0
4 4 0 0 0 134 134 134 0 929 844 1110 0 0 0 0 0 0 0 0 1590 0 0 1590 1590 1590 0 0 0 2664 2656 2656 0
4 4 0 0 0 134 134 134 844 844 844 844 844 0 0 0 1516 1367 0 0 1819 0 0 0 0 0 0 0 0 2664 2656 2656 0
4 4 0 0 134 134 0 0 844 844 844 844 844 1289 0 0 1367 0 0 1749 1749 1749 1749 0 0 2280 0 0 0 0 2656 2656 0
0 0 0 0 0 0 693 0 0 844 844 844 844 0 0 0 0 0 0 0 1749 1749 0 0 2177 2177 0 0 2563 0 0 0 0
0 157 17 0 0 586 17 17 0 947 844 844 844 844 0 0 1523 1601 1686 0 1749 0 0 0 0 2282 2177 0 2566 0 2789 0 0
27 17 17 17 486 17 17 17 17 17 844 844 844 0 0 0 1522 1522 1522 0 0 1917 1826 0 2181 2177 2177 2177 2177 0 2793 0 0
17 17 17 17 490 17 17 17 17 17 1050 0 0 0 0 0 1522 1522 1522 0 1836 1921 1921 1826 0 2177 2177 2177 2177 0 0 2935 0
17 17 17 17 17 17 17 17 17 17 1050 0 0 0 0 0 0 1522 1522 0 0 0 0 0 0 2177 2177 2177 0 0 0 0 0
17 17 17 17 17 17 17 17 17 17 0 0 0 1309 860 0 0 0 0 1762 0 0 0 0 0 0 0 1900 0 0 2806 0 0
0 0 17 17 0 17 17 17 17 17 0 0 1224 860 860 0 0 0 0 1762 1621 1367 1367 1367 0 0 1900 2474 0 2698 2698 2698 0
44 0 0 0 0 0 0 0 0 959 0 0 0 860 860 860 0 0 1700 1621 1367 1367 1367 0 0 0 0 0 2587 0 2816 44 0
44 183 178 178 178 0 0 0 0 959 872 872 0 0 860 860 0 0 1704 1621 1367 1367 0 0 2201 2300 2387 15 15 0 2824 44 0
53 189 178 178 178 67 67 0 867 959 872 872 872 0 860 860 0 0 0 1621 1367 0 0 1394 0 0 15 15 15 0 0 0 0
0 0 178 411 67 67 67 0 0 959 872 872 872 0 1391 0 0 0 0 0 0 0 0 0 0 2305 15 2488 2597 0 0 0 0
0 0 0 309 67 67 67 0 0 959 872 872 0 1321 1321 1321 343 343 343 343 0 0 0 0 0 0 0 0 0 0 0 0 0
0 198 0 309 67 67 67 0 0 0 0 0 0 1321 1321 1321 343 343 343 343 343 0 0 0 0 2313 1367 1367 2605 0 2841 0 0
0 203 203 67 67 67 67 0 0 196 0 0 0 1321 1321 1321 343 343 343 343 343 0 0 2118 0 1367 1367 2498 2409 2409 2846 0 0
0 0 67 67 67 67 67 0 0 0 0 1145 0 1321 1321 1321 343 343 343 343 343 0 0 0 0 1367 0 2498 2409 2409 0 0 0
0 0 0 67 67 67 67 803 0 977 89 89 1249 0 0 1321 343 343 343 343 343 343 0 343 343 0 2409 2409 2409 0 0 0 0
81 81 0 0 67 67 67 0 0 878 89 89 89 1336 0 0 343 0 0 0 343 343 2051 2123 0 0 2412 2409 0 0 0 2993 0
0 0 0 0 0 0 67 0 0 878 89 0 89 0 0 0 0 1643 1714 0 0 0 0 0 0 0 0 0 0 0 0 0 0
0 0 330 0 537 0 0 0 0 0 0 0 0 0 0 0 1559 1642 1642 1642 1642 1642 0 0 0 2326 2132 2132 2132 0 0 0 0
0 89 0 89 89 89 733 0 0 0 0 1161 1161 0 1410 0 1563 1642 1642 1642 1642 1642 0 2133 2133 2132 2132 2132 2132 2132 0 0 0
0 89 89 89 89 89 89 89 0 815 0 1163 1161 0 0 0 0 1642 1642 1642 1642 1642 0 0 2132 2132 2132 2132 2132 2132 0 0 0
108 89 89 89 89 0 89 89 0 815 0 0 0 0 1417 16 0 0 1642 1642 1642 1642 0 0 2132 2132 2132 0 0 2132 0 3008 0
0 234 89 89 89 89 89 89 89 0 0 1169 1169 16 16 16 16 0 0 0 1642 0 0 2144 2132 0 0 0 0 0 2874 0 0
0 234 0 89 89 89 750 89 0 1007 837 16 16 16 16 0 0 0 0 0 0 1974 0 0 0 0 0 0 0 0 0 0 -1962465799
0 234 234 89 0 0 0 0 0 1007 837 16 16 16 16 0 0 0 0 1799 1799 1590 2067 1590 0 0 0 0 2643 2643 0 3021 0
122 234 0 0 561 561 0 0 0 907 837 16 16 16 0 0 0 0 0 0 1793 1590 1590 1590 1590 1590 2437 2533 2647 2536 0 3021 0
0 0 0 0 0 0 0 0 0 0 0 0 0 0 0 0 0 0 0 0 0 0 0 0 0 0 0 0 0 0 0 0 0

# z = 10
0 0 0 359 0 565 134 0 0 0 0 0 0 0 0 0 0 0 0 0 1590 1590 1590 1590 0 0 0 0 2536 2536 2536 2536 0
0 0 256 0 134 134 678 0 0 0 0 0 0 0 0 0 1510 0 0 0 0 0 1590 1590 1590 1590 1590 0 2536 2536 0 0 0
7 0 0 0 134 134 134 134 0 0 0 0 1196 574 0 1436 1367 0 0 0 0 0 1590 1590 1590 1590 1590 2445 2546 0 2776 2656 0
4 0 266 0 475 134 134 134 0 0 0 0 0 0 1367 1367 1367 1367 0 0 0 0 0 1590 1590 1590 1590 0 0 2664 2656 2656 0
4 4 0 0 0 134 134 0 0 844 844 844 844 0 1367 1367 1367 1367 0 0 0 0 0 0 0 1590 1590 0 0 2664 2656 2656 0
4 4 0 0 0 0 0 0 0 844 844 844 844 0 0 1367 1367 1367 0 0 1749 1749 1749 0 0 0 0 2455 0 0 2656 2656 0
0 0 0 0 0 583 17 17 0 844 844 844 844 0 0 1367 1367 0 0 0 1749 1749 2000 0 0 2177 2370 2177 0 0 0 0 0
22 17 17 0 0 583 17 17 17 844 844 844 844 844 0 0 0 0 0 0 0 1912 1826 0 2179 2177 2177 2177 2177 0 0 2923 0
17 17 17 17 486 17 17 17 17 951 844 844 844 844 1374 0 0 0 1522 0 0 1826 1826 0 0 2177 2177 2177 2177 2177 0 0 0
17 17 17 17 17 17 17 17 17 17 1050 1050 844 0 1378 0 0 1522 1522 0 1837 1826 1826 0 0 0 2177 2177 2177 0 0 2935 0
17 17 17 17 17 0 17 17 17 0 0 0 0 0 1381 0 0 1522 1694 0 0 0 0 0 0 0 0 0 0 0 0 2794 0
17 17 17 17 495 0 17 17 0 0 0 0 1218 860 860 860 0 0 1696 0 1840 0 0 0 0 0 0 0 2581 0 0 0 0
17 0 17 0 0 0 0 17 0 0 0 0 860 860 860 860 860 0 1696 1621 1621 1367 1367 0 0 0 0 0 2585 2699 2698 2698 0
44 44 0 0 0 0 0 0 0 0 0 0 0 860 860 860 0 1621 1621 1621 1367 1367 1367 0 0 2296 2384 0 0 0 0 44 0
44 44 0 178 178 0 0 0 0 959 1057 872 0 0 860 860 0 0 1621 1621 1367 1367 1367 0 0 2301 0 0 0 0 0 2963 0
53 44 44 178 178 67 0 0 0 959 872 872 1229 0 860 860 0 0 0 0 0 0 1367 0 0 0 0 0 0 0 2831 53 0
58 44 44 178 67 67 67 0 0 959 872 872 872 0 0 0 0 0 0 0 0 0 0 2112 2207 1367 0 0 0 0 2835 0 0
0 0 310 309 67 67 67 0 872 872 872 872 1241 1321 1321 1321 343 343 343 343 343 0 2033 1367 1367 1367 0 0 0 0 0 0 0
0 198 67 67 67 67 67 67 0 0 0 872 0 1321 1321 1321 343 343 343 343 343 0 0 0 1367 1367 1367 0 0 2720 2409 2973 0
67 67 67 67 67 67 67 67 0 0 0 0 0 0 1321 1321 343 343 343 343 343 343 0 0 0 1367 1367 0 2409 2409 0 67 0
67 0 67 67 67 67 67 0 0 0 1069 89 0 0 0 1321 343 0 343 343 343 343 0 2121 0 0 0 2503 2409 2728 2409 0 0
0 0 67 67 67 67 0 0 878 878 89 89 89 0 0 0 0 0 343 343 343 343 2046 343 343 0 0 0 2409 2409 0 0 0
0 0 0 426 0 67 0 0 878 878 89 89 89 0 0 0 0 0 0 0 0 343 2051 343 343 0 0 0 0 0 2855 0 0
0 0 0 0 0 0 0 0 878 878 89 89 89 0 0 0 0 0 1714 0 0 0 0 2125 0 0 0 0 0 2738 343 0 0
0 0 331 0 538 0 0 0 0 878 89 0 0 0 0 0 0 0 1642 1642 1642 0 0 0 0 0 0 2132 2628 0 343 0 0
96 82 335 89 89 89 89 89 89 0 0 1161 1161 0 0 1478 0 1642 1642 1642 1642 1642 0 0 0 0 0 0 0 0 0 3001 0
0 0 89 89 89 89 89 89 89 89 0 1161 1161 0 1414 16 16 0 0 1642 1642 1642 0 2135 0 0 0 0 0 0 0 0 0
109 0 89 89 89 89 89 89 89 89 0 0 0 0 16 16 16 16 0 1642 1642 0 0 2137 0 0 2132 0 0 0 0 3009 0
0 0 89 89 89 89 89 89 0 1000 0 1170 0 16 16 16 16 1656 0 0 0 0 0 2137 0 0 0 2526 0 0 2874 2138 0
0 0 89 452 0 89 89 0 0 0 837 16 16 16 16 16 16 0 0 1792 1882 1590 0 2148 0 0 2430 2526 2526 0 2880 0 32508
122 0 89 0 0 0 756 0 0 1015 837 16 16 16 0 0 0 0 0 0 1793 1590 1590 1590 0 0 2138 2530 0 0 0 122 -1960928032
122 0 0 0 0 0 134 0 0 0 1100 1182 0 0 0 0 0 0 0 0 1793 1590 1590 1590 0 0 0 0 0 0 0 2536 0
0 0 0 0 0 0 0 0 0 0 0 0 0 0 0 0 0 0 0 0 0 0 0 0 0 0 0 0 0 0 0 0 0

# z = 11
0 0 0 0 0 565 134 0 0 0 0 0 0 0 0 0 0 0 0 0 1590 1590 1590 1590 1590 0 0 0 0 2536 2536 0 0
0 140 0 0 0 134 0 769 0 925 1031 0 1192 574 574 0 1510 1367 0 0 0 0 1590 1590 1590 1590 1590 0 0 0 0 0 0
0 0 0 0 134 0 683 574 574 574 0 0 574 574 574 1436 1367 0 0 0 0 0 0 1590 1590 1590 1590 1590 0 0 0 0 0
4 0 0 0 0 134 574 574 574 0 0 0 0 574 1367 1367 1367 1367 1367 0 0 0 0 1590 1590 1590 0 0 0 2664 2656 2656 0
4 4 0 375 0 134 0 0 0 0 844 844 0 0 1367 1367 1367 1367 0 0 0 0 0 0 0 1590 0 2449 2551 0 2656 2656 0
0 0 0 0 0 0 0 0 0 844 844 844 844 0 0 1367 1367 1367 1367 0 0 1902 1996 0 2174 0 2369 2177 2177 0 2656 2656 0
0 0 0 0 0 0 17 17 0 844 844 844 844 0 0 0 1367 1367 1680 0 0 1907 1826 1826 0 0 2369 2177 2177 0 0 0 0
22 17 17 0 0 583 17 17 0 948 844 844 844 0 0 0 1367 1367 0 0 1832 1826 1826 1826 0 2177 2177 2177 2177 0 0 2923 0
17 0 17 17 486 17 17 17 0 0 844 844 844 844 0 0 1367 0 0 0 0 1826 1826 1826 0 2177 2177 2177 2177 2177 2794 2794 0
17 17 17 17 17 17 17 17 0 0 844 844 844 0 0 0 0 0 0 0 0 1826 1826 1826 0 2177 2177 2177 0 2177 2794 2794 0
17 17 17 17 0 0 17 17 0 0 0 0 0 1305 860 860 0 0 0 0 0 0 0 0 0 0 0 0 0 2691 0 2794 0
0 17 17 17 0 0 17 17 0 0 1054 860 860 860 860 860 1531 0 0 1763 1367 1928 0 0 0 2292 0 0 0 0 0 0 0
41 0 290 0 0 0 0 0 0 957 860 860 860 860 860 860 0 0 0 0 1367 1367 1367 0 0 0 0 0 2585 2700 2698 2698 0
0 0 0 396 0 0 0 0 0 0 0 0 860 860 860 860 860 0 1621 1621 1367 1367 1367 0 0 2296 2384 0 0 0 0 0 0
0 44 0 0 0 0 0 0 0 0 1057 872 0 860 860 860 0 0 1621 1621 1367 1367 1367 0 0 2296 2296 2483 0 2705 0 2963 0
0 0 0 404 0 0 0 0 0 959 872 872 0 860 860 860 0 1626 1621 1621 1367 1367 1367 1367 0 0 2390 2390 0 0 0 0 0
0 0 0 178 67 67 0 0 0 959 872 872 872 0 0 0 0 0 0 0 0 0 1367 1367 1367 0 0 2390 2598 0 0 0 0
0 194 0 309 67 67 67 0 0 872 872 872 872 1321 1321 1321 343 343 0 0 0 0 1367 1367 1367 1367 0 0 2601 0 0 0 0
0 194 67 67 67 67 67 0 0 0 0 0 0 0 0 1321 343 0 0 0 0 0 2035 0 1367 1367 0 0 0 0 2842 0 0
68 67 67 67 67 67 67 0 0 0 0 0 0 0 0 1321 343 343 343 343 343 343 0 0 1367 1367 0 0 2409 2409 2409 0 0
0 67 67 0 67 67 0 0 0 0 1069 89 0 0 0 0 0 0 343 343 343 343 0 0 0 0 0 0 0 2409 2409 0 0
0 0 0 0 0 0 0 0 0 878 89 89 89 0 0 0 0 0 0 343 0 0 2046 343 343 343 2410 0 0 0 0 2988 0
0 213 319 0 0 0 0 0 0 878 89 89 0 0 0 0 0 0 0 0 0 343 2052 343 343 0 2405 0 2623 343 343 0 0
0 213 82 0 0 0 0 0 878 878 89 89 0 0 0 0 0 0 0 0 0 1954 0 2126 0 0 343 343 343 343 343 0 0
90 82 0 0 0 0 731 89 887 878 89 0 0 0 0 0 1560 1647 0 1642 0 1957 0 0 0 0 343 0 0 343 343 0 0
82 82 0 89 89 89 89 89 89 0 0 0 1161 0 0 1478 16 1649 0 1642 1642 1642 1642 0 0 0 0 2519 0 0 0 0 0
82 82 0 0 89 89 89 89 89 89 0 0 0 1345 1414 16 16 16 0 1642 1642 1642 0 0 0 0 0 2519 2138 0 0 0 0
82 82 0 89 89 89 89 89 89 89 0 0 1260 16 16 16 16 16 0 0 0 0 0 0 0 0 0 2138 2138 2138 2138 3010 0
82 0 89 89 89 89 89 89 0 89 0 0 1258 16 16 16 16 16 0 0 0 0 0 0 0 0 0 2527 2138 2138 2138 82 0
0 0 0 0 89 89 0 0 0 0 0 16 16 16 16 16 16 0 0 1793 1793 1590 0 0 0 0 2430 2138 2138 2138 0 0 19030016
122 0 351 459 0 0 756 0 0 0 1096 16 16 16 16 0 0 1659 0 1793 1793 1590 1590 1590 0 0 2138 2138 0 0 0 3022 32508
122 251 0 0 562 134 756 0 0 1021 1101 1183 0 0 0 0 0 0 0 0 1793 1590 1590 1590 0 2350 0 2138 0 2536 0 3021 -1960928128
0 0 0 0 0 0 0 0 0 0 0 0 0 0 0 0 0 0 0 0 0 0 0 0 0 0 0 0 0 0 0 0 33

# z = 12
0 0 0 0 0 566 566 0 0 923 923 0 0 0 0 0 0 0 0 0 0 1590 1590 1590 1590 1590 2352 0 0 0 0 2536 0
0 141 131 0 0 0 679 574 574 574 574 574 574 574 0 1431 1431 1367 0 0 1813 0 1590 1590 1590 1590 1590 1590 0 0 0 0 0
0 145 0 0 0 574 574 574 574 574 574 574 574 574 0 0 1367 1367 0 1741 1741 0 1590 1590 1590 1590 1590 1590 0 0 0 0 0
0 0 0 0 0 0 574 574 574 574 574 574 574 574 0 1367 1367 1367 1367 0 1741 0 0 1590 1590 1590 0 0 0 0 2656 2656 0
4 0 0 0 0 0 574 574 574 0 0 0 0 0 1367 1367 1367 1367 1367 0 0 0 0 0 0 0 0 2450 0 0 2656 2656 0
0 0 0 380 0 0 0 0 0 0 844 844 0 0 0 1367 1367 1367 1367 0 0 1903 1826 1826 1826 0 2369 2177 2177 2177 2656 0 0
17 155 279 0 0 0 0 0 0 0 0 844 844 0 0 1367 1367 1367 1367 0 1826 1826 1826 1826 0 0 2369 2177 2177 0 0 17 0
17 17 17 0 0 0 17 17 0 949 0 844 844 0 0 1367 1367 1367 1367 0 0 1826 1826 0 0 2177 2177 2177 2177 2177 0 2919 0
17 17 17 17 0 17 17 17 0 0 0 0 844 0 0 0 1367 1367 1367 0 0 0 1826 1826 0 0 2177 2177 2177 2177 0 0 0
17 17 17 0 0 0 17 17 0 0 0 0 0 0 0 0 0 0 0 0 0 0 0 2100 0 0 2177 0 2177 0 0 2794 0
17 17 17 0 0 0 0 0 0 0 0 0 0 1306 0 860 0 0 0 0 0 1925 0 0 0 2291 0 0 0 0 0 2794 0
0 17 17 17 0 0 17 0 860 860 860 860 860 860 860 860 0 0 0 1763 1367 1367 1367 0 0 2186 2186 0 2582 2695 2475 0 0
0 0 0 0 500 0 0 0 860 860 860 860 860 860 860 860 1534 0 0 0 1367 1367 1367 1367 0 0 2186 0 2585 2475 2475 0 0
0 0 0 397 397 0 0 0 0 860 0 860 860 860 860 860 0 0 0 0 1367 1367 1367 1367 0 2296 0 0 2475 0 0 0 0
0 0 0 0 393 0 0 0 0 0 0 0 0 860 860 0 0 0 0 0 1367 1367 1367 1367 0 2296 2296 0 0 0 2825 0 0
0 0 0 0 0 0 0 0 0 0 872 872 0 0 0 0 0 0 0 1621 1367 1367 1367 0 0 0 2391 0 0 0 2825 2701 0
59 0 0 0 0 0 717 0 0 0 872 872 0 0 0 0 0 0 0 0 1367 1367 1367 1367 1367 0 0 2390 2390 0 2701 2701 0
42 0 0 413 0 0 0 0 0 0 872 872 0 0 0 1321 0 0 0 0 0 0 1367 1367 1367 0 0 0 0 0 0 2701 0
0 194 67 67 0 620 0 0 0 0 0 0 0 0 0 0 0 0 1707 0 0 0 1367 1367 1367 0 0 0 0 0 0 0 0
69 67 67 67 67 626 0 0 0 0 0 0 0 1328 1398 0 0 0 0 0 1857 0 0 0 0 0 0 0 0 0 0 0 0
0 67 0 0 0 0 0 0 0 976 0 0 0 1330 884 0 0 0 0 343 343 0 0 0 0 0 2405 0 0 0 0 0 0
0 0 316 0 0 632 104 104 0 878 89 89 89 0 884 884 0 0 0 343 0 0 0 343 343 343 2405 343 343 343 343 2989 0
0 214 82 427 0 418 104 104 0 878 89 89 0 0 0 0 0 0 0 0 0 0 2052 343 343 343 343 343 343 343 343 0 0
0 82 82 82 0 0 0 0 0 984 89 0 0 0 0 1471 0 0 0 0 0 0 0 343 343 343 343 343 343 343 343 0 0
90 82 82 0 0 0 731 0 0 878 89 0 0 0 0 0 0 0 0 0 0 0 0 343 0 343 343 0 0 343 0 0 0
82 82 0 0 0 89 89 89 0 878 0 0 0 0 1411 0 16 16 0 1642 1642 1642 0 0 0 2329 2138 0 0 0 0 82 0
82 82 82 0 89 89 89 89 89 89 0 0 0 1346 16 16 16 16 16 0 1642 1642 0 0 2239 2138 2138 2138 2138 2138 0 0 0
82 0 0 0 89 89 89 89 89 89 0 0 1260 16 16 16 16 16 16 0 0 0 0 0 0 0 2138 2138 2138 2138 2138 82 0
82 82 82 448 89 89 89 89 89 89 0 1171 1171 16 16 16 16 16 16 0 0 0 0 0 0 0 0 2138 2138 2138 2138 2138 0
0 0 0 0 0 0 0 0 0 0 1093 0 16 16 16 16 16 0 0 1794 1793 1590 1590 0 2254 2254 2138 2138 2138 2138 2138 0 21954
122 0 352 0 0 0 0 0 0 0 0 0 16 16 16 16 16 0 0 1800 1793 1590 1590 0 0 0 2138 2138 2138 0 2886 0 -1960928032
122 0 0 0 0 0 566 566 0 1022 923 0 0 0 0 0 0 0 0 0 1793 1590 1590 1590 1590 0 0 0 0 0 0 3021 32508
0 0 0 0 0 0 0 0 0 0 0 0 0 0 0 0 0 0 0 0 0 0 0 0 0 0 0 0 0 0 0 0 264

# z = 13
0 131 131 0 0 0 673 0 0 0 0 0 0 0 0 0 0 0 0 0 1590 1590 1590 1590 1590 1590 0 0 2537 0 2766 0 0
0 135 131 0 0 570 570 574 574 574 1032 574 0 574 574 0 1431 1367 0 0 0 0 1590 1590 1590 1590 1590 1590 0 0 0 0 0
0 135 131 368 0 0 574 574 574 574 574 574 1197 574 0 0 1367 1367 0 1742 1741 1741 0 1590 1590 1590 1590 0 0 2658 2777 2906 0
11 0 267 15 15 0 574 574 574 574 574 574 926 574 0 1367 1367 1367 0 0 1741 0 0 1590 1590 1590 1590 0 0 0 2779 2909 0
0 150 15 15 15 0 574 574 574 574 0 0 0 0 1367 1367 1367 1367 1367 0 0 0 0 0 0 0 0 2450 2552 2667 2177 0 0
0 150 15 15 15 0 574 574 0 0 0 0 0 0 1370 1367 1367 1367 1367 0 0 0 1826 1826 1826 0 0 2177 0 0 0 0 0
17 155 15 0 0 0 0 0 0 0 0 844 1208 0 0 1367 1367 1367 1367 0 1826 1826 1826 1826 0 0 2371 2459 0 0 0 0 0
17 17 0 0 0 0 17 0 0 0 0 0 0 0 0 1367 1367 1367 1367 0 0 0 1826 0 0 2177 2177 2177 2177 0 2790 0 0
17 17 17 0 487 590 0 17 0 0 0 0 0 1299 1214 1367 1367 1367 1367 1367 0 1918 0 0 0 0 2177 2177 2177 0 0 2928 0
17 17 17 0 0 590 492 0 855 0 0 0 0 1294 1214 0 0 1367 1367 1367 1367 1367 0 0 2186 0 0 0 0 0 0 2794 0
17 17 0 0 492 492 492 0 0 0 0 0 0 1307 1214 0 0 1367 1367 1367 1367 1367 0 0 2186 2186 0 0 2575 2692 0 0 0
0 0 0 393 496 393 0 0 0 860 0 860 1219 1214 0 0 0 0 1697 1367 1367 1367 1367 0 2186 2186 2186 0 2582 2582 0 0 0
0 0 0 393 393 393 0 0 860 860 860 860 1225 0 0 0 0 0 0 0 1367 1367 1367 1367 0 2186 2186 0 2585 2475 0 0 0
0 0 0 393 393 0 0 0 0 860 860 860 860 0 0 0 0 0 0 0 1367 1367 1367 1367 0 0 2186 0 2475 2475 0 2955 0
49 0 0 399 0 0 0 792 405 0 0 0 0 0 0 0 0 0 0 0 1367 1367 1367 1367 0 0 0 0 0 2475 0 2955 0
42 0 0 0 0 614 405 405 405 0 0 0 0 0 0 0 1542 0 0 1772 1367 1367 0 2110 0 0 0 0 0 2710 2710 2701 0
42 42 42 0 0 0 405 405 405 405 1062 0 0 0 0 1459 1546 1628 1456 1772 1367 1367 1367 0 1367 0 0 0 0 2710 2701 2701 0
42 0 0 0 0 0 0 405 405 405 0 1134 0 0 0 0 1456 1456 1456 1456 0 1367 1367 1367 0 2310 989 989 0 0 2701 2701 0
0 194 67 0 0 0 0 0 0 0 0 0 0 0 0 0 1456 1456 1456 1456 0 0 1367 0 0 989 989 989 0 2721 2701 2701 0
69 67 67 0 0 627 0 0 0 0 0 0 1246 884 884 0 0 1456 1456 1456 0 0 2042 0 0 0 0 989 0 0 2847 67 0
0 0 0 0 521 418 104 104 0 0 0 1146 972 884 884 0 0 0 0 0 0 0 0 0 0 0 0 0 0 0 0 0 0
0 211 316 0 0 418 104 104 104 0 0 0 0 0 884 884 0 0 0 0 0 0 0 0 0 2319 2405 343 343 343 343 0 0
82 82 82 82 0 418 104 104 0 0 89 0 0 0 1406 884 884 884 0 0 0 0 0 0 343 343 343 343 343 343 343 0 0
82 82 82 82 0 0 104 0 0 0 0 0 0 1338 0 1472 884 884 884 0 0 0 0 0 343 343 343 343 0 343 343 82 0
82 82 82 0 0 0 731 0 0 0 0 0 0 0 0 0 0 0 884 0 0 1958 2055 0 2229 0 0 0 0 343 0 0 0
82 82 82 0 0 89 89 89 893 0 0 0 0 0 0 0 0 0 0 1642 1642 1642 2055 0 2233 2329 2138 2138 2634 0 0 3002 0
82 82 82 0 89 89 89 89 89 89 0 1164 1258 0 16 16 16 1651 1718 0 1873 1642 2055 0 2239 2138 2138 2138 2138 2138 0 0 0
82 82 0 0 89 89 89 89 89 0 1086 0 1258 16 0 16 16 16 16 0 0 0 0 2138 2138 2138 0 2138 2138 0 2138 2138 0
0 82 82 0 0 89 89 89 89 89 0 0 1171 16 16 16 16 0 0 0 0 0 0 0 2138 2138 2138 2138 2138 2138 2138 0 0
0 240 0 0 0 0 0 0 0 0 0 1175 16 16 0 0 16 0 0 0 1793 1590 1590 0 0 2138 2138 2138 2138 2138 2138 2138 0
122 245 353 15 0 0 0 828 0 0 0 1175 16 16 0 0 0 0 0 0 1793 1590 1590 0 0 0 2138 2138 2138 2138 2138 0 32508
0 252 15 463 0 668 0 834 0 0 1022 0 0 0 0 0 0 0 0 1804 1793 1590 1590 1590 0 0 0 2534 0 0 2888 0 132
0 0 0 0 0 0 0 0 0 0 0 0 0 0 0 0 0 0 0 0 0 0 0 0 0 0 0 0 0 0 0 0 0

# z = 14
0 135 131 0 0 467 674 467 0 0 0 0 0 0 0 0 0 1584 0 0 1810 1590 1590 1590 1590 1590 1590 0 2537 2537 2767 0 0
0 135 131 0 0 0 0 0 0 0 0 0 0 0 0 1432 1431 1367 1367 0 0 0 1590 1590 1590 1590 1590 0 0 2654 2177 0 0
0 135 131 15 0 0 574 574 574 0 0 0 1197 574 574 1437 1367 1367 0 0 0 0 0 1590 1590 1590 1590 0 2547 2177 2177 0 0
0 0 131 15 15 0 574 574 574 0 0 0 1199 574 1368 1367 1367 1367 0 0 0 0 0 0 0 1590 1590 0 2540 2177 2177 0 0
0 150 15 15 15 0 574 0 0 0 0 0 0 0 1367 1367 1367 1367 1367 0 0 0 0 0 0 0 0 2451 2177 2177 2177 0 0
0 150 15 15 15 0 0 0 0 0 0 0 0 0 1367 1367 1367 1367 1367 1367 0 0 1826 1826 1826 0 0 2177 2177 2177 2177 0 0
18 150 15 15 15 0 0 777 777 15 0 0 0 0 0 1367 1367 1367 1367 1367 0 0 0 1826 1826 0 2371 2177 2564 0 0 0 0
18 18 0 0 0 0 0 0 15 15 0 0 0 1294 0 0 1367 1367 1367 1367 1367 0 2003 0 0 0 2177 2177 2177 0 0 2924 0
17 17 0 0 0 0 0 0 15 15 15 0 0 1294 1214 0 0 1367 1367 1367 1367 1367 1367 0 2182 2286 2177 0 0 0 2795 2795 0
17 17 0 0 0 590 0 0 15 15 15 0 1214 1214 1214 1214 0 1367 1367 1367 1367 1367 1367 0 0 2286 2186 0 0 0 2795 2794 0
0 17 0 0 493 492 0 0 0 15 15 0 1217 1214 1214 1214 0 0 1367 1367 1367 1367 1367 0 2186 2186 0 0 2576 2693 0 2794 0
0 0 0 393 393 393 393 0 0 0 0 0 1217 1214 1214 1214 1532 0 0 1367 1367 1367 1367 0 0 2186 0 0 2583 2475 0 0 0
0 0 0 393 393 393 0 0 0 860 0 0 0 1214 1214 1214 0 0 0 1765 1367 1367 1367 0 0 2186 0 0 2573 2475 2812 2950 0
45 0 0 393 393 0 0 789 864 860 860 0 0 0 0 0 1536 0 0 0 0 1367 0 0 0 0 0 0 0 0 0 2701 0
42 184 0 0 0 607 405 405 405 966 0 0 0 0 0 0 1536 1456 0 0 1848 1367 0 0 0 0 0 0 0 0 2826 2701 0
42 184 0 0 512 405 405 405 405 966 0 0 0 0 0 0 1456 1627 1456 1772 1367 0 0 0 0 0 2392 989 989 2710 2701 2701 0
42 42 304 0 514 405 405 405 405 405 0 0 0 0 0 0 1456 1627 1456 1772 1367 1367 1367 1367 0 2306 989 989 0 2710 2701 2701 0
42 42 0 0 0 0 0 0 405 405 1065 0 0 1322 884 0 1456 1456 1456 1456 1367 1367 0 0 0 2306 989 989 0 0 2701 2701 0
0 0 0 0 0 621 104 0 0 970 970 1143 972 884 884 0 1456 1456 1456 1456 1367 1367 1367 0 2216 989 989 989 0 0 2701 2701 0
0 0 0 0 520 418 104 104 0 0 0 972 972 884 0 0 0 1456 1456 1456 1367 1367 1367 0 0 0 989 989 0 0 0 2978 0
0 0 0 0 418 418 104 104 104 0 0 972 972 884 884 0 0 0 0 0 1367 1367 1367 0 0 0 0 0 0 0 0 0 0
0 211 0 0 418 418 104 104 104 0 0 972 972 884 884 0 1550 884 0 0 0 1367 1367 0 0 0 0 0 343 343 343 0 0
0 82 82 0 527 418 104 104 0 0 0 972 972 884 884 884 884 884 884 884 0 0 1367 0 343 343 343 0 343 0 0 0 0
0 82 82 0 0 418 0 0 0 0 0 0 0 884 0 884 884 884 884 884 884 0 1367 0 343 343 0 343 0 2739 0 2997 0
82 82 82 0 0 0 0 0 0 0 0 0 0 0 0 0 0 884 884 884 884 0 1367 2129 0 0 0 0 0 0 0 0 0
82 82 82 0 540 89 89 89 0 0 0 0 0 0 1412 0 0 0 884 0 0 1960 1367 0 2234 0 2138 2138 2138 0 0 0 0
82 82 0 0 89 89 89 89 89 0 0 0 0 0 0 0 0 0 0 0 1874 1960 1367 0 0 2138 2138 2138 2138 2138 0 0 0
0 0 0 0 549 89 89 89 89 998 0 0 1258 1348 0 0 0 0 0 0 0 1960 0 0 2138 2138 2138 0 2138 2138 0 0 0
0 0 0 0 0 0 0 0 0 0 0 0 0 0 0 0 16 0 1722 0 0 1877 0 0 2138 2138 2138 2138 2138 2752 2138 0 0
0 0 0 0 0 0 0 0 0 0 0 0 0 0 1421 0 0 0 0 0 0 1590 1590 0 0 2138 2138 2138 2138 2138 2138 0 0
0 246 246 15 15 0 757 467 467 0 0 1175 16 0 0 1498 1574 0 0 0 1793 1590 1590 1590 1590 0 0 2138 2138 2138 2138 0 0
131 131 15 0 0 669 467 467 0 0 0 0 0 0 0 0 1574 1367 0 0 0 1590 1590 1590 0 0 0 0 0 0 2889 0 0
0 0 0 0 0 0 0 0 0 0 0 0 0 0 0 0 0 0 0 0 0 0 0 0 0 0 0 0 0 0 0 0 18929480

# z = 15
0 131 0 0 467 467 467 467 467 0 0 0 0 0 1265 1265 1265 0 0 0 1811 0 1590 1590 1590 1590 0 0 0 0 0 2895 0
6 0 131 0 0 467 467 467 0 0 1033 926 926 0 0 0 0 0 0 0 0 0 0 1590 1590 1590 1590 0 2540 2177 2177 0 0
6 0 131 15 15 0 0 0 0 0 926 0 926 574 0 0 1367 0 0 0 0 0 0 0 0 0 0 0 2540 2177 2177 2177 0
0 148 131 15 15 15 0 0 0 0 0 0 0 574 0 1367 1367 0 0 0 1815 0 0 0 0 0 0 0 2540 2177 2177 2177 0
0 150 15 15 15 15 0 0 0 0 0 0 0 0 0 1367 1367 0 1367 0 1820 0 0 0 0 0 0 2451 2177 2177 2177 2177 0
0 150 15 15 15 15 15 15 15 15 0 1115 15 0 0 1367 1367 1367 1367 0 0 0 0 1826 1826 0 0 2177 2177 2177 2177 0 0
0 150 15 15 15 15 15 0 15 15 15 0 0 0 0 0 1367 1367 1367 0 0 0 0 2089 1826 0 0 2177 2177 2177 0 0 0
0 15 15 15 15 15 15 0 15 15 0 0 0 1294 0 0 0 1367 0 0 0 1913 1367 0 0 0 0 2177 2177 0 0 2925 0
17 0 15 0 15 0 0 0 15 15 15 0 0 1294 1214 1214 0 1367 1367 1367 1367 1367 1367 0 0 0 0 0 0 0 0 2929 0
0 0 0 389 0 0 0 781 15 15 15 0 0 1214 1214 1214 0 1367 1367 1367 1367 1367 1367 0 0 0 0 0 2573 2475 0 2794 0
0 0 0 0 0 492 0 781 15 15 15 15 0 1214 1214 1214 0 0 1367 1367 1367 1367 1367 0 0 0 0 0 2573 2475 0 2794 0
0 0 0 0 0 393 0 0 15 15 0 0 1217 1214 1214 1214 0 0 1367 1367 1367 1367 0 0 0 0 0 0 2573 2475 2475 0 0
42 0 0 393 393 393 0 786 861 0 0 0 1217 1214 1214 1214 0 0 0 0 0 0 0 0 0 0 0 2475 2475 2475 2813 42 0
42 0 0 0 0 0 709 405 405 0 0 0 0 1214 1214 1214 0 0 0 0 0 0 0 0 0 0 0 0 0 0 2813 2701 0
42 42 0 0 0 607 405 405 405 405 0 0 0 1214 0 1456 1456 1624 0 0 0 0 0 0 0 0 0 2484 2484 0 2701 2701 0
42 42 0 405 405 405 405 405 405 0 0 0 1230 0 0 0 1456 1627 1456 1456 0 0 0 0 0 0 2392 989 989 2711 2701 2701 0
42 42 0 0 405 405 405 405 405 0 0 0 1235 884 884 0 1456 1627 1456 1456 1367 1367 1367 0 0 2306 989 989 989 2710 2701 2701 0
0 0 0 0 0 0 0 405 405 405 0 0 1235 884 884 0 1456 1456 1456 1456 1367 1367 0 0 2210 989 989 989 989 2710 2701 2701 0
0 0 0 0 517 418 104 0 0 971 1067 972 972 884 0 0 0 1456 1456 1456 1367 1367 1367 0 2210 989 989 989 989 0 0 0 0
0 0 0 0 517 418 104 104 0 0 972 972 972 884 0 0 0 0 1456 1456 1367 1367 1367 0 0 989 989 989 0 2726 0 0 0
0 0 0 423 418 418 104 104 104 0 0 972 972 884 0 0 0 0 0 0 1367 1367 1367 0 0 0 0 0 0 2729 0 0 0
0 0 0 0 418 418 104 104 104 0 0 972 972 884 884 1468 1550 0 0 0 0 1367 1367 1367 0 0 0 0 0 0 0 0 0
0 82 0 0 418 418 104 104 0 981 884 1150 884 884 884 0 884 884 884 0 0 1952 1367 0 0 343 0 0 0 0 0 0 0
84 0 322 0 418 418 104 0 0 0 1077 884 884 884 884 884 884 884 884 884 884 0 1367 1367 0 2322 0 0 0 0 0 0 0
0 82 82 0 0 0 0 0 888 888 884 884 884 884 884 884 884 884 884 884 884 0 1367 1367 2230 0 2417 0 0 0 2862 0 0
0 0 0 0 541 0 89 0 0 888 884 884 884 884 1413 1479 884 884 884 0 884 0 1367 0 0 2330 0 2138 2138 0 0 0 0
0 0 0 439 544 89 89 89 897 0 884 884 0 0 0 884 0 884 884 884 0 1965 0 0 0 2138 2421 2138 2138 0 0 0 0
110 0 0 439 439 89 89 89 901 0 0 1166 0 0 0 0 0 0 0 0 1877 1877 0 0 0 2138 2138 2138 0 2747 2870 0 0
0 0 0 449 0 0 0 0 0 0 0 0 0 0 0 0 0 0 1723 0 0 1877 1877 0 2251 2138 2138 2138 2138 2138 0 0 0
119 0 0 453 453 0 0 825 467 1008 0 0 0 1352 1265 1265 0 0 1726 0 0 1590 1590 1590 0 2344 0 0 2138 0 2138 0 0
0 246 354 354 0 664 757 467 467 0 0 0 0 1265 1265 0 0 0 0 0 0 1590 1590 1590 1590 1590 0 0 2138 2138 0 3023 9
0 131 0 0 467 467 467 0 0 0 0 0 0 1265 1265 1265 0 0 0 0 0 1590 1590 1590 1590 1590 0 0 0 0 0 0 7
0 0 0 0 0 0 0 0 0 0 0 0 0 0 0 0 0 0 0 0 0 0 0 0 0 0 0 0 0 0 0 0 21954

# z = 16
0 0 0 0 467 467 467 467 0 0 1027 1027 0 0 1360 1265 1265 0 0 0 0 0 0 2073 1590 1590 0 0 0 0 0 2896 0
6 0 0 0 0 467 467 467 0 926 926 926 926 0 0 0 0 0 1672 1428 0 0 0 0 0 2268 0 0 2540 2177 2177 6 0
6 0 0 0 0 0 0 0 0 0 926 926 926 0 1363 0 0 0 1428 1428 0 0 0 0 0 2271 0 0 2540 2177 2177 2177 0
6 0 0 15 15 15 15 0 0 0 0 0 0 1281 15 0 0 0 1428 1428 1428 0 0 0 2171 1986 2364 2447 2447 2177 2177 2177 0
0 0 0 15 15 15 15 15 15 935 0 0 1204 15 0 0 1367 0 0 1428 1428 1428 1992 1428 0 0 0 2447 2177 2177 2177 0 0
0 150 15 15 15 15 15 15 15 15 15 15 15 15 0 0 1367 0 0 0 1428 1428 1428 1428 0 0 0 2456 2177 2177 2177 0 0
0 150 15 15 15 15 15 15 15 15 15 15 15 15 0 0 0 0 0 0 0 0 0 0 0 0 0 2177 2177 0 0 2920 0
23 15 15 15 15 15 0 0 0 15 15 0 0 0 0 0 1524 1602 1687 0 0 1913 0 0 0 2283 0 0 0 0 0 2926 0
15 15 15 15 15 15 0 0 0 15 15 0 0 1294 1214 0 0 0 0 1367 1367 1367 1367 0 0 2090 0 0 0 0 0 2930 0
15 15 15 15 0 0 0 0 0 15 15 0 0 1214 1214 0 0 0 0 1367 1367 1367 1367 0 0 2090 2090 0 0 0 0 2794 0
0 0 0 0 0 0 0 781 15 15 15 15 0 1214 1214 0 0 0 0 1367 1367 1367 1367 0 0 2090 0 0 0 0 0 2794 0
0 0 0 0 0 393 0 0 15 15 15 15 0 1214 1214 0 0 0 0 1367 1367 1367 0 0 0 2293 2293 0 0 0 0 0 0
0 0 0 0 0 0 0 0 0 15 15 0 0 1214 1214 1214 0 0 0 0 0 0 2018 1701 0 0 2382 0 2475 0 2813 0 0
42 42 0 0 0 0 0 405 0 0 0 0 0 0 1214 0 0 0 0 0 0 1935 1701 1701 1701 0 0 0 0 2701 2701 2701 0
42 42 0 0 508 405 405 405 405 0 0 0 0 0 0 0 0 0 0 0 1849 0 1701 1701 1701 0 0 0 2484 0 2701 2701 0
0 42 0 405 405 405 405 405 405 0 1059 0 0 1317 884 0 1543 1543 1456 0 0 0 0 1701 1701 0 0 989 989 0 2701 2701 0
0 0 0 0 405 405 405 405 0 0 0 0 1235 884 884 0 1456 1627 1456 1456 1367 0 0 0 0 2306 989 989 989 0 0 0 0
0 195 195 0 0 0 0 405 0 0 0 1135 1235 884 884 0 0 1456 1456 1456 1367 1367 2034 0 0 989 989 989 989 0 0 0 0
64 46 46 415 0 418 0 799 0 972 972 972 972 884 0 0 0 1456 1456 1456 1367 1367 1367 0 2210 989 989 989 989 0 2843 46 0
0 0 0 418 418 418 104 104 0 0 972 972 972 884 884 0 0 0 1456 1456 1367 1367 1367 0 2210 989 989 989 989 0 2843 0 0
0 0 0 0 418 418 104 104 104 0 0 972 972 884 884 0 0 0 0 1456 1367 1367 1367 1367 0 2315 0 0 0 0 0 0 0
76 0 0 0 418 418 104 104 104 0 0 0 972 884 884 0 1550 0 0 0 0 1367 1367 1367 0 0 0 0 2617 2508 0 0 0
0 0 0 0 0 418 104 104 0 981 884 1150 884 884 1407 1469 884 884 0 0 0 0 1367 1367 0 0 0 0 2617 2508 2508 2994 0
0 0 323 0 0 418 104 0 883 985 884 884 884 884 884 884 884 884 884 884 884 0 1367 0 0 0 0 0 0 2508 2508 2508 0
91 218 0 0 0 0 104 0 0 888 884 884 884 0 884 884 884 884 884 884 884 884 0 1367 2230 0 2417 2417 0 0 2508 0 0
97 0 0 0 0 0 0 0 894 888 884 884 884 884 884 884 884 884 884 884 884 884 0 0 0 2331 0 2417 0 2742 2508 2508 0
0 0 0 0 0 0 737 737 894 888 884 884 884 0 884 884 884 884 884 884 0 1966 0 0 0 2337 2235 2417 2138 0 0 0 0
0 0 341 0 0 0 737 737 901 0 884 884 884 0 0 884 884 884 884 0 1878 1878 1590 1590 2246 0 2235 0 2638 0 0 0 0
116 0 0 0 552 0 0 0 0 1001 1001 1001 1265 1265 0 0 884 884 884 0 1878 1878 1590 0 2251 0 0 2138 0 2753 0 0 0
0 241 104 0 555 0 751 0 0 1009 0 0 1265 1265 1265 0 0 884 884 0 1883 1590 2065 1590 0 0 0 0 2642 0 2881 2640 0
123 104 354 0 0 0 758 0 909 1009 0 0 1265 1265 1265 1265 0 0 0 1801 0 1590 1590 1590 1590 1590 0 0 0 2759 2640 2640 132
111 0 354 0 0 0 0 0 0 1023 0 0 0 1265 1265 1265 1578 0 1732 0 0 0 0 1590 1590 1590 0 0 0 0 2640 0 0
0 0 0 0 0 0 0 0 0 0 0 0 0 0 0 0 0 0 0 0 0 0 0 0 0 0 0 0 0 0 0 0 33

# z = 17
0 0 0 0 0 0 467 467 0 0 0 1027 0 0 0 0 0 1585 1428 1737 0 0 0 0 0 0 0 0 0 0 0 0 0
0 0 0 0 0 0 0 0 0 0 926 926 0 0 0 0 0 1428 1428 1428 1428 0 0 2075 1986 1986 0 0 2540 2177 2177 0 0
0 0 0 0 0 0 0 0 840 0 0 926 0 1279 15 1438 0 0 1428 1428 0 0 1986 1986 1986 1986 0 0 0 2177 2778 0 0
0 0 0 0 0 0 0 0 0 0 0 0 1200 15 15 15 0 0 0 1428 1428 0 0 1986 1986 1986 1986 0 2447 2177 0 0 0
0 0 272 15 15 15 0 15 15 15 15 15 15 15 15 0 0 0 0 1428 1428 1428 1428 0 1986 0 0 0 2177 2177 2177 0 0
0 150 15 15 15 15 15 15 15 15 15 15 15 15 15 0 0 0 0 0 0 0 1997 1428 0 0 0 0 0 2177 0 0 0
19 15 15 15 15 15 15 15 15 15 15 15 15 15 0 0 0 0 0 0 0 1908 0 0 0 0 0 0 0 0 2785 15 0
15 0 15 15 15 0 15 0 0 15 15 15 0 0 0 0 1524 15 15 0 0 1367 1367 0 2180 2090 0 0 0 0 2791 2557 0
15 15 15 15 15 15 15 0 0 0 15 0 0 0 0 0 1524 15 15 0 1367 1367 1367 0 2090 2090 2374 0 0 0 0 2557 0
15 15 15 15 15 15 0 0 856 15 15 1124 1215 1215 0 1451 15 0 0 0 1367 1367 1367 0 2090 2090 2090 2090 0 0 0 2936 0
0 0 15 15 15 15 0 0 15 15 15 15 0 0 0 0 0 0 0 1367 1367 0 0 0 2090 2090 2090 0 0 0 0 0 0
0 0 0 0 0 0 0 0 0 0 0 15 0 0 0 0 0 0 0 0 0 0 2015 2015 0 2090 2090 0 0 0 0 0 0
0 173 29 0 0 0 0 0 0 0 0 0 0 0 1214 0 0 0 0 0 1844 1701 1701 1701 1701 0 0 0 0 0 2814 0 0
0 29 29 29 0 0 0 0 0 960 0 0 0 0 0 0 1537 0 0 1770 1701 1701 1701 1701 1701 1701 0 0 0 0 0 2956 0
0 42 298 0 0 405 405 0 0 596 162 162 0 0 0 0 0 0 1705 1701 1701 1701 1701 1701 1701 1701 1701 0 2484 2706 0 0 0
0 0 0 0 405 405 405 405 405 0 162 162 162 0 0 0 1543 1543 1456 1701 1701 1701 1701 1701 1701 0 0 989 0 0 0 0 0
0 191 0 0 0 0 0 0 0 969 162 162 0 0 884 0 1547 1547 1456 0 0 0 1701 1701 1701 0 989 989 989 0 0 0 0
62 46 46 0 0 0 0 0 0 0 0 0 0 0 0 0 0 0 1456 0 0 0 0 0 0 0 989 989 989 0 2839 2489 0
46 46 46 0 0 0 723 0 0 0 0 0 972 884 884 0 0 0 1456 1456 1367 1367 0 0 0 989 989 989 989 2722 0 2489 0
0 204 0 0 418 418 104 104 0 0 972 972 972 884 884 884 884 0 1456 1456 1367 1367 1367 0 2210 989 989 989 0 2727 2848 0 0
0 0 0 0 418 418 104 104 104 0 0 972 972 884 884 884 884 0 0 1456 1367 1367 1367 0 2210 989 989 0 0 2727 2850 0 0
76 0 0 0 418 418 104 104 0 0 0 0 972 884 884 0 0 0 0 0 0 0 0 0 0 0 0 0 2617 2508 2508 73 0
73 0 0 0 418 418 104 104 0 981 884 1150 884 884 0 0 0 0 0 0 0 0 0 0 0 0 0 2508 2508 2508 2508 0 0
73 0 0 0 531 418 104 0 884 981 884 0 884 884 0 884 884 884 884 884 884 0 0 0 0 0 0 0 2625 2508 2508 2508 0
73 0 0 0 0 0 104 0 884 888 884 884 884 884 884 884 884 884 884 884 0 0 0 0 0 0 0 0 0 2508 2508 2508 0
73 0 0 0 0 647 0 0 895 888 884 884 884 884 884 884 884 884 884 884 0 0 0 0 2235 2331 2231 2231 0 0 2508 2508 0
0 0 337 337 0 0 0 737 884 888 884 884 884 884 884 884 884 884 884 0 0 1966 0 0 2235 2235 2231 2231 2138 0 0 0 0
111 111 0 0 0 651 0 737 0 884 884 884 884 0 884 884 884 884 884 0 0 1878 1590 1590 0 2235 2231 2231 0 2748 2640 104 0
111 104 104 104 104 0 0 0 0 1001 1001 0 1265 1265 0 0 884 884 884 884 1878 1878 1590 1590 1590 0 0 0 2639 2748 2640 2640 0
111 104 104 104 104 658 0 0 0 1010 1094 0 1265 1265 0 0 884 884 884 0 0 1590 1590 1590 2255 2345 0 0 0 2640 2640 2640 0
111 104 0 0 0 0 759 0 0 1010 0 0 1265 1265 1265 0 0 0 0 0 0 0 1590 1590 2261 0 0 0 2644 2640 2640 2640 0
111 104 104 0 0 0 0 0 918 0 0 926 0 1265 0 0 1579 1665 1428 0 0 0 1590 0 0 0 0 0 0 0 2640 2640 132
0 0 0 0 0 0 0 0 0 0 0 0 0 0 0 0 0 0 0 0 0 0 0 0 0 0 0 0 0 0 0 0 0

# z = 18
0 137 137 0 0 0 0 0 0 0 0 0 0 1274 0 0 1505 1428 1428 0 0 0 0 0 0 0 0 0 0 0 0 2640 0
0 142 142 0 0 571 0 770 0 0 0 0 1193 15 15 0 0 1428 1428 1428 1428 1428 0 2075 1986 1986 0 2441 2540 0 0 0 0
0 146 262 369 369 0 684 0 0 0 0 0 1193 15 15 15 0 1428 1428 1428 1428 0 0 1986 1986 1986 0 0 0 0 0 0 0
0 149 149 0 0 0 0 0 0 0 1040 15 15 15 15 0 0 0 1428 1428 1428 0 1988 1986 1986 1986 0 2448 0 0 0 0 0
0 0 0 376 15 15 0 0 0 15 15 15 15 15 15 0 0 0 0 1428 1428 1428 0 0 0 0 0 0 0 0 2782 0 0
15 0 15 15 15 15 15 15 0 15 15 15 15 15 15 0 0 0 0 0 1824 0 0 0 2175 2090 2090 2090 0 0 0 0 0
15 15 15 15 15 15 15 15 15 15 15 15 15 0 0 0 0 0 0 0 1827 1908 0 2090 2090 2090 2090 2090 0 0 2786 2557 0
15 15 15 15 15 15 15 15 0 15 15 0 0 0 0 0 1524 15 0 0 1827 1367 0 0 2090 2090 2090 2090 0 2680 2557 2557 0
0 15 15 15 15 15 15 0 0 0 15 0 0 0 0 1447 1524 15 0 0 1367 1367 0 2093 2090 2090 2090 2464 0 0 2796 2557 0
0 0 15 15 15 15 0 0 0 0 0 1125 0 0 0 1447 15 15 0 0 1367 1367 0 2093 2090 2090 2090 2090 0 0 0 0 0
0 0 15 15 15 15 0 0 0 0 0 0 0 0 0 1447 15 15 0 0 1367 0 0 0 2090 2090 0 2469 0 0 0 0 0
0 168 29 0 0 0 704 596 596 0 0 0 0 0 0 1138 15 15 0 0 0 0 2016 1701 2090 2090 2090 0 0 2696 0 2946 0
0 29 29 29 29 0 707 596 596 596 162 0 0 0 0 0 15 15 0 1766 1701 1701 1701 1701 2193 0 0 0 0 0 0 0 0
0 29 29 29 501 0 0 0 596 596 162 162 0 0 1387 1454 15 0 1701 1701 1701 1701 1701 1701 1701 2297 0 0 2588 0 0 0 0
0 29 29 0 0 0 0 0 0 596 162 162 0 0 1303 1138 15 0 1701 1701 1701 1701 1701 1701 1701 1701 0 0 0 0 0 0 0
0 0 0 0 0 0 0 0 0 596 162 162 162 0 1138 0 0 0 1456 1701 1701 1701 1701 1701 1701 1701 0 0 0 0 0 0 0
60 46 46 0 0 0 0 0 0 0 162 162 162 162 0 0 0 0 0 0 1701 1701 1701 1701 0 0 0 0 0 0 2836 2489 0
46 46 46 0 0 0 0 0 0 0 0 0 0 0 1395 0 0 0 0 0 0 1941 0 0 0 0 2399 989 0 0 2489 2489 0
46 46 46 0 518 418 0 0 0 0 0 0 972 884 884 0 1548 0 0 1456 1367 0 0 0 0 0 0 2495 2606 0 0 2489 0
0 0 0 0 418 418 104 104 0 0 0 972 972 884 884 884 884 0 0 1456 1367 0 2043 2119 989 989 989 989 0 0 0 0 0
0 0 0 0 418 418 104 104 104 0 0 1147 972 884 884 884 0 0 0 1456 1367 1367 0 989 989 989 989 0 0 2727 2850 0 0
76 0 0 0 0 418 104 104 0 0 0 0 972 884 884 0 0 0 0 1778 0 0 2047 989 989 989 0 0 2617 0 0 2508 0
73 73 0 0 0 418 104 104 0 0 1073 1150 884 884 0 0 0 0 0 0 0 0 0 0 0 0 0 0 2508 2508 2508 0 0
73 73 0 0 532 104 104 0 0 986 0 1154 884 884 0 884 884 0 0 0 0 0 0 0 0 0 0 0 0 2508 2508 2508 0
73 73 332 0 0 643 0 812 884 888 884 884 884 884 884 884 884 884 0 0 1867 0 0 0 0 2327 2231 2231 0 0 2508 2508 0
73 0 0 436 104 0 0 0 884 990 884 884 884 884 884 884 884 884 0 0 1870 0 0 0 2236 2231 2231 2231 2231 0 0 2508 0
0 0 0 104 104 0 738 0 884 884 884 0 0 884 884 884 884 884 884 1783 0 1966 1590 0 2240 2231 2231 2231 2231 0 2866 0 0
111 111 0 104 104 0 0 0 0 884 0 0 0 0 884 884 884 884 884 0 1879 1878 1590 0 2240 2231 2231 2231 0 2748 2640 2640 0
111 0 0 104 104 0 0 0 0 1002 1002 0 0 0 884 884 884 884 884 884 0 1970 0 0 2252 0 0 0 2640 2640 2640 2640 0
111 104 104 104 104 0 752 0 0 1011 0 0 0 0 0 0 884 884 884 884 0 0 0 0 2256 2145 2139 0 0 2640 2640 0 0
111 0 104 0 0 0 760 0 910 1016 0 0 0 0 0 0 0 0 0 0 0 0 2068 2154 2145 2139 0 0 0 2640 2640 0 -1960928032
111 0 0 0 0 0 764 0 919 0 0 0 0 0 0 1500 1428 1428 1428 0 0 0 2070 0 0 0 0 0 0 0 2640 2640 0
0 0 0 0 0 0 0 0 0 0 0 0 0 0 0 0 0 0 0 0 0 0 0 0 0 0 0 0 0 0 0 0 18929216

# z = 19
0 0 0 0 0 0 0 767 343 343 0 0 0 0 0 1428 1428 1428 1428 1428 0 0 0 0 0 0 0 0 0 0 2768 2898 0
0 0 257 363 469 343 343 343 343 0 0 0 1193 15 15 0 1428 1428 1428 1428 1428 1895 0 2075 1986 1986 0 0 0 0 0 2904 0
0 146 257 363 363 343 343 343 343 343 0 1106 1193 15 15 15 0 1428 1428 1428 1428 0 0 1986 1986 1986 0 2446 0 0 0 0 0
0 146 0 363 0 0 0 343 343 0 1040 15 15 15 15 15 0 1428 1428 1428 1428 0 1988 1986 1986 1986 2365 0 0 0 0 0 0
0 0 0 0 0 0 0 0 0 0 15 15 15 15 15 15 0 0 0 1428 1821 0 0 0 0 0 2367 2452 0 2668 2557 0 0
0 152 0 0 0 0 15 0 0 0 15 15 15 15 15 15 0 0 0 0 1825 0 0 0 2175 2090 2090 2090 0 2675 2557 0 0
15 15 0 15 15 15 15 15 0 0 15 15 15 0 0 0 0 0 1681 1752 1750 1367 1367 0 2090 2090 2090 2090 0 2557 2557 2557 0
0 15 0 15 15 15 15 0 0 0 0 0 0 0 0 0 0 0 0 1750 1750 1367 2004 0 2090 2090 2090 2090 0 2681 2557 2557 0
0 161 15 15 15 15 15 0 0 0 0 0 0 0 0 1447 15 0 0 0 1367 1367 0 2093 2090 2090 2090 2090 0 2557 2557 0 0
33 0 15 15 15 15 0 0 0 0 0 0 0 0 0 1447 15 1609 0 0 0 0 0 2093 2090 2090 2090 0 0 0 0 29 0
29 29 287 29 0 0 700 596 0 0 0 0 0 0 1382 1382 15 15 0 0 0 0 0 0 2090 2090 0 0 2577 2198 2803 2937 0
0 29 29 29 29 0 700 596 596 596 596 162 1220 0 1384 1138 15 15 0 0 0 1929 0 1701 2090 2090 0 0 2577 2198 2807 2947 0
0 29 29 29 29 0 0 0 596 596 162 162 162 0 1303 1138 15 0 0 0 1845 1701 1701 1701 2194 0 0 2476 2198 2198 0 0 0
0 29 29 29 29 0 0 0 596 596 162 162 0 0 1303 1138 15 0 1701 1701 1701 1701 1701 1701 1701 0 2385 2198 2198 2198 2817 0 0
0 0 29 29 0 0 0 0 0 596 162 162 0 0 1303 1138 0 0 0 1701 1701 1701 1701 1701 1701 0 2198 2198 2198 0 0 0 0
0 190 0 0 0 0 0 0 0 0 162 162 0 0 1138 1138 0 0 0 1701 1701 1701 1701 1701 1701 0 0 0 0 0 2832 0 0
60 46 46 0 0 0 718 713 623 0 0 162 1236 0 1138 1138 0 0 0 0 0 0 0 1701 0 0 2396 2489 2489 2489 2489 2489 0
46 46 46 0 0 0 713 713 623 623 0 0 0 0 0 0 0 0 0 0 0 0 0 0 0 0 0 0 2489 2489 2489 2489 0
46 46 46 0 0 622 0 0 0 623 0 0 0 0 0 0 0 0 1708 1456 0 0 2036 989 989 0 0 2496 0 2489 2489 2489 0
0 0 311 0 418 418 104 0 0 0 0 972 0 0 884 884 0 0 1708 1456 1367 0 2036 989 989 989 0 0 2609 0 0 0 0
73 73 0 0 0 0 104 104 0 0 0 972 972 884 0 0 0 0 1631 1456 1367 0 989 989 989 989 0 0 0 2727 0 73 0
73 73 0 0 0 418 104 104 0 978 0 0 972 884 884 0 0 0 1631 1778 0 1949 989 989 989 989 989 0 2618 0 2852 2508 0
73 73 0 0 0 418 104 104 0 0 0 1151 884 884 0 0 0 0 0 0 0 989 989 989 989 989 2413 0 0 2508 2508 2508 0
73 73 0 0 532 104 729 104 0 0 0 0 884 0 0 0 0 0 0 0 0 0 0 0 0 0 0 0 0 0 2508 2508 0
73 0 333 104 428 104 104 0 0 0 0 0 0 884 884 884 0 0 0 0 0 0 0 2130 2231 2231 2231 2231 2629 0 2863 2508 0
0 225 104 104 0 104 104 0 884 0 0 0 0 0 0 884 884 0 0 0 0 1961 1590 1590 2231 2231 2231 2231 2231 2743 0 0 0
0 0 338 104 0 104 104 0 898 995 0 0 0 0 884 884 884 0 0 0 0 1961 1590 0 2241 2231 2231 2231 2231 0 2867 0 0
112 111 104 104 0 0 0 0 0 884 0 0 1261 0 0 884 884 884 0 0 0 1878 1590 0 2247 2231 2231 0 0 0 2640 2640 0
111 0 0 0 0 0 0 0 0 0 0 0 0 0 0 884 884 884 884 0 0 0 0 2145 0 2231 0 0 0 0 2640 2640 0
111 104 104 454 0 659 0 0 903 1012 0 0 0 0 0 0 884 884 0 0 1884 0 0 2145 2145 2145 2139 0 0 2755 2640 0 135168
111 104 104 0 0 0 0 829 0 1016 0 0 0 0 0 0 0 1660 1428 0 0 1976 0 0 2262 2139 2139 0 0 2640 2640 0 32508
0 0 0 0 0 0 765 0 343 343 0 0 0 0 0 1428 1428 1428 1428 1428 0 0 0 0 0 2139 0 0 0 0 0 0 132
0 0 0 0 0 0 0 0 0 0 0 0 0 0 0 0 0 0 0 0 0 0 0 0 0 0 0 0 0 0 0 0 21954

# z = 20
2 2 0 0 468 568 343 343 343 343 343 0 0 0 0 1428 1428 1428 1428 1428 0 0 0 0 0 0 0 0 2538 2651 2538 2 0
2 2 258 363 468 343 343 343 343 343 343 0 0 15 15 0 1428 1428 1428 1428 0 0 1985 0 1986 0 2357 0 0 0 2538 2538 0
2 2 2 363 363 343 343 343 343 0 0 0 1193 15 15 0 1428 1428 1428 1428 1428 0 0 0 1986 0 2362 2090 0 0 0 2538 0
0 2 2 363 0 343 343 343 343 0 0 15 15 15 15 15 0 1428 1428 1428 1816 0 1989 0 1986 2274 2362 2090 2090 0 0 0 0
0 0 0 0 0 0 0 343 343 0 0 15 15 15 15 15 0 0 0 0 1822 0 0 0 0 2278 2090 2090 2553 2668 0 0 0
0 0 275 0 481 0 0 0 0 0 0 15 15 15 0 0 1518 0 0 1750 1750 0 0 0 0 2090 2090 2090 2557 2557 2557 2915 0
0 0 0 0 15 15 15 0 0 0 0 0 15 0 0 0 0 1599 0 1750 1750 1367 0 0 2090 2090 2090 2090 2557 2557 0 0 0
0 0 0 0 15 15 15 0 0 0 1048 0 0 0 0 0 1525 0 0 1750 1750 1367 0 0 2090 2090 2090 0 0 2557 0 0 0
29 0 282 15 15 15 15 0 852 852 847 1121 0 0 1375 1138 15 1605 0 0 1367 0 0 0 2090 2090 2090 2090 0 0 0 2931 0
29 29 282 390 29 0 0 782 596 0 0 0 0 0 1379 1138 15 15 1693 1693 0 0 0 2093 2090 2090 2090 2090 0 0 2801 2937 0
0 29 29 29 29 0 700 596 596 596 0 0 0 0 1379 1138 15 15 0 0 0 0 0 0 2090 2090 0 0 2577 2198 0 2937 0
38 29 29 29 0 596 596 596 596 596 596 162 1220 0 1379 1138 15 0 0 0 0 0 0 0 2090 0 0 2472 2198 2198 0 0 0
38 29 29 29 29 0 596 596 596 596 162 162 162 0 1303 1138 15 0 1698 1767 0 1701 1701 0 0 0 2383 2198 2198 2198 2198 0 0
0 29 29 29 29 0 0 0 0 596 162 162 162 0 1303 1138 0 0 1702 0 1701 1701 1701 1701 0 0 2383 2198 2198 2198 0 0 0
0 0 0 29 29 0 0 0 0 0 162 162 0 0 1303 1138 0 0 0 1701 1701 1701 1701 0 0 2302 2198 2198 2198 0 0 0 0
54 46 0 0 0 0 713 0 0 0 0 162 0 1318 1138 1138 15 0 0 0 0 1701 1701 1701 0 0 0 0 0 2712 2489 2969 0
46 46 46 0 0 0 713 713 623 0 0 0 1237 1226 1138 1138 15 0 0 0 0 0 0 0 0 0 0 2489 2489 2489 2489 2489 0
46 46 46 0 0 0 713 713 623 623 623 0 0 1138 1138 1138 15 0 0 0 0 0 0 2114 2211 0 0 2489 2489 2489 2489 2489 0
46 46 46 0 519 622 0 623 623 623 623 0 0 0 1138 1138 0 0 1708 1456 0 0 2036 989 989 0 0 2489 2489 0 2489 2489 0
46 205 0 0 0 0 0 0 0 623 623 0 0 0 0 0 0 0 1708 1456 0 0 2036 989 989 989 0 0 2610 0 0 0 0
0 73 73 73 0 0 0 0 0 0 0 0 972 0 0 0 0 1634 1631 1456 0 1948 989 989 989 989 989 0 0 0 0 2985 0
0 73 73 73 0 633 0 0 879 0 0 0 972 884 0 0 0 0 1631 1456 1861 989 989 989 989 989 989 989 0 0 0 2990 0
73 73 73 0 0 638 104 104 0 0 0 1152 884 884 0 0 0 0 0 0 1861 989 989 989 989 989 0 0 0 2508 0 2508 0
73 73 0 0 532 104 104 104 0 0 0 1152 0 884 0 0 1556 989 0 0 0 989 989 0 0 0 0 2513 0 2508 2508 2508 0
0 0 333 104 104 104 104 104 0 0 1080 1157 0 0 0 0 1561 989 989 0 0 0 0 0 0 0 2231 2231 2630 0 0 0 0
0 225 104 104 104 104 104 816 0 991 0 0 1255 0 0 0 0 0 989 0 0 0 0 0 0 2332 2231 2231 2231 0 0 0 0
104 104 0 0 104 104 104 0 0 0 0 1165 1090 1090 0 0 884 0 0 0 0 1961 1590 0 0 0 2231 2231 0 0 0 3005 0
113 104 0 0 104 104 104 0 0 0 0 1165 1090 0 0 884 884 884 884 0 0 1878 1590 0 0 0 2423 0 0 0 2640 2640 0
111 104 104 0 0 104 0 0 0 0 0 1165 1090 989 989 0 884 0 884 0 0 0 0 2146 0 0 0 0 0 0 2640 2640 0
111 0 0 0 556 660 0 826 904 1013 0 1090 1090 989 989 0 1573 0 0 0 0 0 0 2145 2257 2139 2139 0 0 0 0 0 0
0 0 0 0 0 0 0 0 911 343 343 0 1090 0 0 0 1575 1428 1428 1428 0 1977 0 0 2139 2139 2139 0 0 0 0 0 0
0 2 0 0 0 0 343 343 921 343 343 1185 0 0 0 0 1428 1428 1428 1428 0 1981 0 0 2139 2139 0 0 0 2538 0 0 0
0 0 0 0 0 0 0 0 0 0 0 0 0 0 0 0 0 0 0 0 0 0 0 0 0 0 0 0 0 0 0 0 0

# z = 21
2 2 2 0 468 343 343 343 343 343 343 343 0 0 0 0 1428 1428 1428 1428 0 1892 1657 0 0 0 0 0 2538 2538 2538 2538 0
2 2 259 364 468 343 343 0 343 343 343 0 0 0 0 1433 1428 1428 1428 1428 1428 0 0 2076 0 2269 2357 0 0 0 2538 2538 0
2 2 2 0 363 343 343 343 343 343 343 0 1193 15 15 0 0 1428 1428 1428 0 0 0 2080 0 2272 2090 2090 2090 2090 0 2538 0
2 2 0 0 0 343 343 343 343 343 0 0 0 15 15 15 0 0 0 0 0 0 0 0 0 2162 2090 2090 2090 0 0 2910 0
2 2 2 0 0 0 0 343 343 0 0 15 15 15 15 15 15 0 1678 0 0 0 0 0 0 2162 2090 0 2090 0 0 2538 0
2 153 2 0 481 580 0 0 0 0 0 0 15 15 0 0 0 0 1517 0 0 0 0 0 0 2090 2090 0 2558 2557 0 2538 0
20 0 280 0 0 15 15 0 0 945 847 0 0 0 0 0 1521 15 0 0 0 0 0 0 0 2090 2090 0 2557 2557 0 0 0
0 0 0 0 0 587 15 0 0 847 847 847 0 0 0 1444 15 0 0 0 1750 0 0 0 0 2090 2090 0 0 0 2792 0 0
0 0 0 0 488 385 0 0 853 852 847 847 0 0 1375 1138 15 15 0 0 0 0 0 0 2183 2090 0 0 0 0 0 2932 0
29 29 29 29 0 0 0 782 596 596 847 0 0 1303 1375 1138 15 15 0 0 1838 0 0 0 0 2090 0 0 0 0 0 2937 0
0 29 29 29 0 0 0 0 596 596 0 0 0 1303 1303 1138 15 15 1695 1759 15 0 0 0 0 0 0 0 2578 2470 0 0 0
0 29 29 29 0 0 596 596 596 596 596 0 0 0 1303 1138 0 0 1695 15 15 1930 0 0 0 0 0 2472 2198 2198 0 0 0
0 29 29 29 0 0 596 596 596 596 162 162 162 0 0 0 0 1619 15 15 15 0 0 0 0 0 2383 2198 2198 2198 0 0 0
0 0 29 29 29 0 0 0 596 596 162 162 162 1313 1138 1138 0 0 0 0 0 0 0 0 0 2298 2198 2198 2198 0 0 2957 0
0 185 0 29 0 0 0 0 0 0 162 162 0 1313 1138 1138 0 0 0 0 0 1937 1701 0 2202 2202 2198 2198 0 0 0 0 0
54 46 46 0 0 0 0 0 0 0 0 0 0 1226 1138 1138 15 15 15 0 0 0 0 0 0 2202 0 0 0 2713 2833 2489 0
46 46 46 0 0 0 713 713 623 0 1063 0 0 1226 1138 1138 15 15 0 0 0 0 0 0 0 0 0 2489 2489 2489 2489 2489 0
46 46 46 0 0 0 713 713 623 623 623 0 0 1138 1138 1138 15 15 0 0 0 0 0 0 0 0 0 2489 2489 2489 2489 2489 0
46 46 46 0 0 0 0 623 623 623 623 623 0 1138 1138 1138 15 0 1708 0 0 0 0 989 989 2314 0 2489 2489 2489 2489 2489 0
0 0 0 419 0 628 0 0 623 623 623 0 0 1138 1138 0 0 1631 1631 1456 0 0 2036 989 989 989 2403 2499 2611 0 0 0 0
0 73 73 73 73 0 0 0 0 0 0 0 0 0 0 0 0 0 1712 1456 0 0 989 989 989 989 2406 0 0 0 0 0 0
0 73 73 73 73 73 0 0 0 0 0 0 0 0 0 0 1551 0 0 0 0 0 989 989 989 989 989 0 0 0 0 0 0
0 73 73 73 528 528 104 0 0 0 0 1152 0 0 0 0 1551 989 989 989 989 989 989 989 989 989 989 0 0 2732 0 0 0
0 0 73 430 430 104 104 0 0 987 987 1152 0 0 0 1473 989 989 989 989 989 989 989 0 0 0 0 0 0 2740 0 0 0
0 0 0 104 104 104 104 104 889 0 987 1158 0 1340 0 0 989 989 989 989 989 0 0 0 0 0 2231 2231 0 2740 2139 0 0
0 225 104 104 104 104 104 104 0 0 0 0 0 0 0 0 989 989 989 989 989 1962 0 0 0 0 0 0 0 0 0 0 0
0 104 104 104 104 104 104 0 0 0 0 0 1090 1090 0 0 0 0 0 1784 0 0 0 0 0 0 0 0 0 0 0 3006 0
114 0 342 104 104 104 0 0 0 0 0 1165 1090 989 0 1489 0 0 0 0 0 0 0 0 0 0 0 0 0 0 0 0 0
0 104 104 0 104 0 746 746 343 0 1090 1090 1090 989 989 0 1570 0 1724 1657 0 0 0 0 2253 2139 2139 2139 0 0 0 2640 0
0 0 0 0 0 0 753 343 343 343 0 0 1090 989 989 0 0 0 0 1795 1657 1657 0 0 2139 2139 2139 0 0 0 0 0 -2077623808
124 0 0 0 0 665 0 343 343 343 1097 1177 0 0 0 0 0 1661 0 1802 1657 1657 2069 0 0 2139 2139 2139 0 2760 0 0 0
2 2 0 0 0 0 0 343 343 343 343 0 0 1357 1425 0 1428 1428 1428 1428 0 1657 1657 0 0 0 0 0 0 2760 2890 2538 18929472
0 0 0 0 0 0 0 0 0 0 0 0 0 0 0 0 0 0 0 0 0 0 0 0 0 0 0 0 0 0 0 0 0

# z = 22
2 2 2 0 343 343 343 343 343 343 343 0 0 0 0 0 0 0 0 1738 1657 1657 1657 1657 0 0 0 0 2538 2538 2538 2538 0
2 2 2 0 468 343 343 343 343 343 343 0 0 0 0 0 0 0 0 0 0 1896 1657 1657 2162 2162 2090 0 0 0 0 0 0
2 2 0 0 363 343 343 343 343 343 343 0 0 15 15 0 1512 0 1674 1743 0 0 1987 1987 2162 2162 2090 2090 2090 2659 2659 2538 0
2 0 268 0 0 0 343 343 343 343 0 0 1201 15 15 15 1514 1514 1676 15 0 0 0 0 0 0 2090 2090 2549 2659 2538 2538 0
2 0 0 0 0 0 0 343 343 0 0 15 15 15 15 15 15 1593 1517 15 0 0 0 0 2173 2279 2090 0 0 0 2538 2538 0
0 153 0 381 0 581 0 0 0 941 1045 0 0 0 0 1440 15 1595 15 15 15 0 0 2086 1900 0 0 0 0 0 0 0 0
0 2 280 0 0 581 15 15 0 945 847 0 0 1292 0 0 1521 15 15 15 1828 0 0 1900 0 0 2090 0 0 0 0 0 0
0 0 0 385 385 385 15 0 850 847 847 847 0 0 0 1444 15 15 15 15 0 0 2005 2092 0 0 0 0 2567 2465 0 0 0
0 0 0 0 0 385 15 0 0 847 847 847 0 0 1375 1138 15 15 15 15 0 0 2005 2094 0 0 0 0 2559 2465 2797 0 0
0 0 0 0 0 0 0 0 0 953 0 0 0 1303 1375 1138 0 15 15 15 15 0 0 2094 0 0 0 0 2574 2465 2465 0 0
0 0 0 29 0 0 0 0 596 596 0 0 0 0 1303 1138 0 1612 15 15 15 0 0 0 0 0 0 2470 2470 2470 0 2941 0
0 0 29 29 0 597 0 0 596 596 596 162 0 0 0 0 0 1612 15 15 15 1930 0 0 0 0 0 0 2198 0 2808 0 0
0 0 0 29 0 0 0 596 596 596 162 162 162 0 0 0 0 1612 15 15 15 15 0 0 0 0 0 0 0 0 2808 0 0
0 0 0 29 502 604 0 0 596 596 162 0 0 1314 1138 1138 0 1612 15 15 0 0 0 0 2198 2198 0 2478 0 0 0 0 0
50 186 0 400 509 299 299 0 0 0 0 0 0 1313 1138 1138 0 0 0 0 0 0 0 2108 2198 2303 2198 0 0 0 2827 2489 0
46 0 0 406 299 299 0 0 0 0 0 0 1231 1226 1138 1138 0 15 15 15 1853 0 0 0 2198 2198 2198 0 0 2714 2489 2489 0
46 46 46 0 0 0 713 713 623 0 0 0 1226 1226 1138 1138 15 15 15 15 15 0 0 0 0 0 0 2490 2489 2489 2489 0 0
46 46 46 0 0 0 713 713 623 623 623 623 0 1138 1138 1138 15 0 0 0 0 0 0 0 0 2311 0 0 2489 2489 2489 2489 0
46 46 0 0 0 0 0 623 623 623 623 623 1244 1138 1138 1138 15 0 1708 1456 1367 1943 0 989 0 989 0 0 0 0 2489 0 0
0 0 0 419 0 0 0 623 623 623 623 623 0 1138 0 0 0 0 1631 1456 0 0 2036 989 0 0 0 0 0 0 0 0 0
0 73 73 73 73 73 0 623 623 623 623 623 0 0 0 0 0 0 1631 1456 0 0 989 989 989 0 0 0 0 0 2851 2986 0
0 0 0 73 73 73 0 0 0 0 623 623 0 0 0 0 0 1636 0 0 0 0 989 989 989 989 0 0 0 0 2851 2139 0
0 0 73 428 428 104 104 0 0 982 0 0 0 0 0 1470 989 989 989 989 989 989 989 989 989 989 0 0 0 2733 2139 2139 0
85 0 324 428 428 104 104 104 0 0 987 0 0 0 0 1470 989 989 989 989 989 989 989 0 2225 0 0 0 0 0 0 2139 0
63 0 0 104 104 104 104 104 0 0 0 0 0 1341 989 989 989 989 989 989 989 0 0 0 0 0 0 2515 2631 2139 2139 0 0
0 0 104 104 104 104 104 0 0 0 0 0 0 989 989 989 989 989 989 989 989 0 0 0 0 0 0 0 2139 2139 0 3003 0
0 0 104 104 104 104 0 0 0 0 0 0 0 989 1415 0 0 0 989 989 0 0 0 0 2242 2139 2139 2139 2139 0 0 0 0
0 0 104 104 104 104 0 820 0 999 0 0 0 0 0 0 0 0 0 1786 1786 0 0 0 2242 2139 2139 2139 2139 2749 0 0 0
0 0 104 0 0 0 747 343 343 1003 0 0 1090 0 0 0 0 0 1724 1657 1657 0 0 0 2242 2139 2139 2139 0 0 0 0 0
0 0 0 455 455 661 343 343 0 343 0 0 0 1353 1353 0 0 0 1657 1657 1657 1657 0 2149 2139 2139 2139 2139 0 0 0 0 -1178202726
125 0 0 460 560 343 343 343 0 343 343 0 0 1355 1037 0 0 0 1657 1803 0 1657 1657 1657 0 2139 2139 0 0 2760 2538 2538 0
125 2 2 0 560 0 343 343 343 343 0 0 0 1037 0 0 0 0 0 0 1890 0 1657 0 0 2139 2139 0 2648 2760 2538 2538 21954
0 0 0 0 0 0 0 0 0 0 0 0 0 0 0 0 0 0 0 0 0 0 0 0 0 0 0 0 0 0 0 0 33

# z = 23
2 2 0 0 468 343 343 343 343 343 343 0 1190 1037 1037 1037 1037 0 0 1738 1657 1657 0 0 0 0 0 0 0 2538 2538 2538 0
0 0 0 365 365 343 343 343 343 343 343 0 0 0 0 0 0 0 0 0 1657 1657 0 0 2163 0 2358 2442 2541 0 2538 2538 0
2 2 0 0 0 343 343 343 343 343 343 343 0 0 0 0 0 0 0 1744 1657 1657 0 1987 0 0 0 0 0 2660 2538 2538 0
2 2 2 0 0 0 343 343 343 0 0 0 0 1282 15 15 1514 1591 1517 0 0 0 0 0 0 0 0 0 0 0 2538 2538 0
2 2 2 0 0 0 0 0 343 0 0 0 0 0 15 15 1517 1517 1517 15 0 0 0 2085 1900 1900 0 0 2554 0 0 2538 0
2 2 0 0 0 581 385 0 847 847 847 0 0 0 0 1440 15 15 15 15 15 0 1998 1900 1900 1900 0 2457 2559 2465 0 2538 0
0 0 0 0 482 0 15 0 0 847 847 0 0 0 0 0 15 15 15 15 0 1909 1900 1900 1900 1900 0 0 2559 2465 2787 0 0
24 0 0 385 385 385 15 15 0 847 847 847 847 0 0 0 15 15 15 15 0 0 2005 0 0 0 0 0 2559 2465 2465 0 0
0 0 0 0 385 385 15 0 0 847 847 847 0 0 0 0 0 15 15 15 15 0 2005 2005 2184 0 0 2465 2465 2465 2465 0 0
0 0 0 0 0 0 0 0 0 0 0 0 0 0 0 0 0 15 15 15 15 0 0 2005 2187 2287 0 0 2465 2465 2465 0 0
0 166 0 0 0 0 0 0 0 596 0 0 0 0 0 0 0 0 15 15 15 15 0 2102 0 0 0 0 0 2470 0 0 0
0 0 0 0 0 0 705 0 596 596 596 162 162 0 0 0 0 1612 15 15 15 15 15 0 0 0 0 0 0 0 0 0 0
0 0 0 0 0 0 0 596 596 596 162 162 162 0 0 0 0 1612 15 15 15 15 15 0 0 2294 2189 2189 2189 0 0 0 0
46 0 0 0 503 503 0 790 596 596 162 0 0 1314 1138 1138 0 1612 0 0 0 15 2019 0 2199 2189 2189 2189 2189 0 0 46 0
46 0 0 401 299 299 0 0 0 0 0 0 1226 1226 1138 1138 0 0 0 0 1850 1938 1938 0 2198 2198 2189 2189 0 2707 2489 2489 0
46 0 0 407 299 299 0 0 0 0 0 0 1226 1226 1138 1138 15 15 15 15 15 0 2025 2022 0 0 2198 2486 0 2707 2489 2489 0
46 46 0 299 299 299 719 713 623 623 0 0 0 1226 1138 1138 15 15 15 15 15 15 2027 2022 0 0 0 0 0 2489 2489 2489 0
46 0 0 0 299 0 713 713 623 623 623 0 0 1138 1138 1138 15 15 15 0 0 0 0 0 2212 2311 989 2493 2602 2489 0 2489 0
46 0 0 0 0 0 0 623 623 623 623 0 0 1138 1138 1138 15 0 0 0 0 0 0 0 0 989 989 989 0 0 0 0 0
0 0 0 0 0 0 0 623 623 623 623 623 0 0 0 0 0 0 0 1456 0 0 2036 989 989 989 989 2500 0 0 0 2979 0
0 0 73 0 0 0 724 623 623 623 623 623 0 0 0 0 0 0 0 0 1859 989 989 989 989 989 0 0 2614 0 2851 0 0
0 0 0 0 0 0 0 623 623 0 623 623 623 623 0 0 1552 0 0 0 1859 989 0 989 0 0 0 0 2619 2139 2139 2139 0
83 0 0 0 0 639 0 0 0 0 0 0 623 0 0 0 989 0 0 989 989 989 0 0 989 0 0 0 2619 2139 2139 2139 0
63 0 325 0 533 104 104 104 0 0 0 0 0 1339 989 1470 0 989 989 989 989 989 0 0 0 0 0 2514 2139 2139 2139 2139 0
0 0 0 0 0 104 104 104 0 0 1081 989 989 989 989 989 0 0 989 989 989 989 0 0 0 0 0 2514 2139 2139 2139 2139 0
0 0 0 0 104 104 104 0 0 992 989 989 989 989 989 989 989 0 989 989 989 989 0 0 0 2333 2139 2139 2139 2139 2139 2139 0
0 0 0 104 104 104 0 0 0 0 1084 0 0 989 989 0 0 0 989 989 989 0 0 0 2242 2139 2139 2139 2139 2139 2139 0 0
0 0 0 104 104 652 742 343 343 0 0 0 0 0 0 0 0 0 0 1787 1787 1967 0 0 2242 2139 2139 2139 2139 0 0 0 0
117 0 347 104 553 656 343 343 343 0 0 0 0 0 0 0 0 1657 1657 1657 1657 1657 1657 0 2242 2139 2139 2139 2139 0 0 0 0
0 0 0 0 0 343 343 343 343 343 0 0 1269 1354 1037 1037 0 1657 1657 1657 1657 1657 1657 0 2139 2139 2139 2139 0 0 0 0 0
125 247 0 0 0 343 343 343 343 343 343 0 1269 1037 1037 1037 0 1657 1657 0 0 1657 1657 0 2139 2139 2139 2139 0 2760 2538 2538 0
125 2 0 0 560 0 343 343 343 343 343 0 1269 1037 1037 1037 0 0 1733 1806 1657 1657 1657 0 0 2139 2139 0 2648 2648 2538 2538 -1962458526
0 0 0 0 0 0 0 0 0 0 0 0 0 0 0 0 0 0 0 0 0 0 0 0 0 0 0 0 0 0 0 0 0

# z = 24
2 2 0 0 468 343 343 343 343 343 0 0 1190 1037 1037 1037 0 0 1657 1657 1657 1657 0 0 0 0 0 0 0 2538 2538 2538 0
2 2 0 0 0 0 343 343 343 343 0 0 0 1037 1037 1037 0 0 0 1657 1657 1657 1657 0 2164 0 0 0 2542 2538 0 2538 0
2 0 0 0 0 0 0 343 343 343 1036 0 0 0 0 0 0 0 0 0 1657 1657 0 0 0 0 0 0 0 2661 2538 2538 0
2 2 2 0 0 0 0 343 343 930 0 0 1202 0 0 0 0 0 1677 0 1817 1657 0 0 0 2275 1900 0 0 0 2538 2538 0
2 2 0 0 0 0 0 0 0 936 847 847 0 0 0 0 0 0 1517 15 0 0 0 2085 1900 1900 1900 1900 0 2669 0 2538 0
0 0 0 0 0 581 385 0 847 847 847 847 847 0 0 0 0 1596 15 15 0 0 1998 1900 1900 1900 1900 1900 0 2465 0 0 0
0 0 281 0 482 385 15 0 847 847 847 847 847 0 0 1441 0 1596 15 15 0 0 1900 1900 0 1900 2372 0 2559 2465 2465 0 0
25 0 0 385 385 385 15 15 0 847 847 847 0 0 0 1445 0 15 15 15 15 0 2006 1900 1900 1900 0 0 2559 2465 2465 0 0
30 162 162 0 0 0 15 15 0 0 0 0 0 0 0 0 0 0 0 15 15 0 0 2095 1900 0 0 2465 2465 2465 2465 30 0
30 162 162 162 162 0 0 0 0 0 0 0 0 0 1380 1037 0 0 15 15 15 0 0 0 2188 0 0 2465 2465 2465 2465 0 0
0 0 162 162 162 162 162 784 0 0 1052 162 162 0 1037 0 0 0 15 15 15 15 0 0 0 0 2377 0 0 2465 2804 0 0
0 169 162 162 0 162 162 0 596 596 162 162 162 0 0 0 0 0 15 15 15 15 15 0 0 0 2380 2189 2189 0 2809 0 0
0 169 162 0 0 0 0 0 596 596 162 162 162 0 0 0 0 0 15 15 15 15 15 0 0 2294 2189 2189 2189 0 0 0 0
46 0 0 0 0 0 0 0 596 596 162 162 0 0 0 0 0 0 0 0 0 0 0 0 2200 2189 2189 2189 2189 0 2818 2489 0
0 0 0 401 299 299 0 0 0 0 0 0 1226 1226 0 0 0 1625 15 15 0 0 2022 0 2203 2189 2189 2189 0 2707 2489 2489 0
46 0 0 299 299 299 0 0 0 968 0 0 1226 0 0 0 15 15 15 15 15 0 2022 2022 0 2189 2189 2189 0 0 2489 2489 0
0 0 0 412 299 299 0 713 623 623 0 0 0 0 1392 1138 15 15 15 15 15 0 2028 0 0 0 0 0 0 0 0 0 0
0 0 0 0 299 0 721 623 623 623 623 1136 0 0 1138 1138 15 15 15 15 0 0 0 0 2213 989 989 989 0 0 0 0 0
0 199 0 0 0 623 623 623 623 623 623 1144 0 0 1138 1138 15 15 0 0 0 0 0 2116 989 989 989 989 0 2723 0 2975 0
70 63 0 0 0 623 623 623 623 623 623 623 0 0 1138 0 0 0 0 0 0 1945 989 989 989 989 989 0 2612 0 2849 2980 0
74 0 312 0 0 0 623 623 623 0 623 623 623 0 0 0 0 1635 0 1776 1776 989 989 989 989 989 989 989 0 0 2851 63 0
63 0 0 0 0 0 623 623 623 623 623 623 623 623 1404 0 0 1637 0 1776 1776 989 989 989 989 989 989 0 2620 2139 2139 2139 0
63 0 0 0 0 0 0 0 0 623 623 0 623 0 0 0 0 1641 0 0 1776 989 989 989 989 989 0 0 2619 2139 2139 2139 0
63 0 0 0 533 104 730 0 0 0 0 0 0 1339 989 989 0 0 0 989 989 989 0 0 0 0 0 2514 2139 2139 2139 2139 0
0 0 0 0 533 104 0 0 0 989 989 989 989 989 989 989 0 0 989 989 989 989 0 0 0 0 0 2514 2139 2139 2139 2139 0
0 0 0 0 104 104 0 0 0 989 989 989 989 989 989 989 0 0 989 989 989 0 0 0 0 2333 2139 2139 2139 2139 2139 2139 0
0 0 0 0 0 0 739 818 899 0 989 989 989 989 989 989 0 0 0 989 0 0 0 2136 0 2139 2139 2139 2139 2139 2139 0 0
0 0 0 442 343 653 739 343 343 0 0 0 989 989 0 0 0 0 0 1788 1787 1968 0 2139 2139 2139 2139 2139 2139 2139 0 0 0
0 235 0 343 343 343 343 343 343 343 0 0 0 0 0 0 0 0 1725 1789 1657 1657 0 0 2139 2139 2139 2139 2139 2139 0 0 0
0 0 0 343 343 343 343 343 343 0 1095 0 1269 1354 1037 1037 0 0 1657 1657 1657 1657 1657 0 2139 2139 2139 2139 2139 2139 2882 0 0
125 248 355 0 343 343 343 343 343 0 0 0 1269 1037 1037 1037 0 1657 1657 1657 0 1657 0 2155 2139 2139 2139 2139 0 0 2538 2538 0
125 2 0 464 343 343 343 343 343 343 0 1186 1037 1037 1037 0 1580 1666 1657 1657 1657 1657 0 0 2139 2139 2139 0 0 0 2538 2538 32508
0 0 0 0 0 0 0 0 0 0 0 0 0 0 0 0 0 0 0 0 0 0 0 0 0 0 0 0 0 0 0 0 -1973061200

# z = 25
2 0 0 0 0 0 343 343 343 343 0 1104 1190 1037 1037 1037 0 0 1669 1657 1657 0 0 0 0 0 2353 2439 0 0 2538 0 0
2 0 0 0 0 0 0 0 0 0 0 1104 1104 1037 1037 1037 0 0 0 1657 1657 1657 0 0 0 0 2359 1900 0 0 0 0 0
0 0 263 138 138 0 685 0 343 0 0 0 0 1037 1037 1037 1037 0 0 1657 1657 1657 0 0 0 2273 2273 1900 0 0 0 0 0
2 0 0 138 138 0 0 0 0 0 0 0 0 1283 1283 1037 1037 1592 0 0 1817 1657 0 0 2172 1900 1900 1900 1900 1900 0 0 0
0 0 0 0 0 0 0 0 0 936 847 0 0 0 1037 1037 1037 0 0 0 0 1900 1900 1900 1900 1900 1900 1900 0 0 0 0 0
0 0 276 0 0 0 0 0 847 847 847 847 0 0 1037 1037 1037 0 0 0 0 1900 1900 1900 1900 1900 1900 1900 0 0 0 2916 0
0 156 8 383 0 584 0 0 847 847 847 847 0 0 1037 1037 1037 0 15 0 0 1900 1900 1900 1900 1900 1900 1900 2559 2678 0 0 0
0 158 0 0 0 0 15 0 0 847 847 0 0 1295 1037 1037 1037 0 0 15 15 0 2006 1900 1900 1900 1900 0 0 2465 2465 0 0
0 162 162 0 0 0 0 0 0 0 0 0 0 1300 1037 1037 0 0 1691 15 15 15 0 2096 0 0 0 0 2465 2465 2465 2933 0
0 162 162 162 491 491 162 0 0 0 0 1126 0 0 1037 1037 1037 0 15 15 15 15 0 0 0 2288 2189 0 0 0 2465 0 0
0 162 162 162 162 162 162 162 858 956 1052 162 162 0 0 1037 0 0 15 15 15 15 15 0 0 2189 2189 2189 0 0 2465 2942 0
0 162 162 162 162 162 162 162 596 596 162 162 162 0 0 0 0 0 0 15 15 15 15 0 0 2189 2189 2189 2189 2697 0 0 0
43 0 162 0 0 0 162 0 596 596 162 162 162 1311 0 0 0 0 0 15 15 15 0 0 0 2189 2189 2189 2189 0 0 0 0
0 0 0 0 0 0 162 0 596 596 162 162 162 0 0 0 0 0 0 0 0 0 0 0 0 2189 2189 2189 2189 2702 2818 0 0
0 0 299 299 299 608 0 0 0 0 0 0 0 1226 0 0 1540 15 15 15 0 0 0 0 0 2189 2189 2189 0 0 2489 2489 0
0 0 0 408 299 299 0 795 0 0 0 0 0 1226 1138 1138 15 15 15 15 15 0 0 0 0 0 2189 2189 0 0 0 0 0
0 0 0 408 299 299 0 713 623 623 0 0 0 1226 1138 1138 15 15 15 15 15 0 0 0 0 0 2397 0 0 0 0 0 0
63 63 0 0 0 0 0 623 623 623 0 1137 0 1323 1138 1138 15 15 15 15 0 0 0 0 0 989 989 989 0 0 2840 63 0
63 63 63 0 0 624 623 623 623 623 623 0 0 1323 1138 1138 15 15 0 0 0 0 2037 989 989 989 989 989 0 2724 2840 2840 0
63 63 63 63 0 623 623 623 623 623 623 623 0 0 1138 1138 0 0 0 0 0 1945 989 989 989 989 989 989 0 0 2840 2840 0
63 63 63 0 0 0 623 0 623 623 623 623 0 0 0 0 0 1635 0 0 1776 989 989 989 989 989 989 989 0 0 2851 0 0
63 0 0 0 0 0 0 623 623 623 623 623 623 0 0 0 1553 1553 1481 0 1776 989 989 989 989 989 989 0 0 0 2139 2139 0
63 0 0 0 0 0 0 623 623 623 0 0 0 0 0 0 1553 1553 1481 0 1776 989 989 989 989 989 0 0 0 2139 2139 2139 0
63 0 0 0 0 0 0 0 0 0 0 0 1252 989 989 0 0 1553 1481 0 989 1955 989 0 0 989 2415 0 2139 2139 2139 2139 0
0 219 219 0 539 0 0 813 0 0 989 989 989 989 989 989 0 0 0 0 989 1955 0 0 0 0 0 0 2139 2139 2139 2139 0
0 0 219 0 104 0 734 0 0 989 0 989 989 989 989 989 0 0 0 0 0 0 0 0 0 0 0 2139 2139 2139 2139 2139 0
63 228 0 440 0 0 739 0 0 996 0 989 989 989 989 989 0 0 0 0 1875 0 0 0 0 2139 2139 2139 2139 2139 2139 2139 0
0 0 343 343 550 654 739 343 0 0 1087 989 989 989 989 0 0 0 0 0 0 0 2062 0 2139 2139 2139 2139 2139 2139 2139 0 0
0 0 343 343 343 343 343 343 343 343 0 0 0 0 0 0 0 0 0 0 0 1971 0 0 2139 2139 2139 2139 2139 2139 0 0 0
2 0 0 343 343 343 343 343 343 343 0 0 0 1354 1037 0 0 0 1727 1657 1657 1657 1657 0 2139 2139 2139 2139 2139 0 2883 3019 -1960928128
125 248 0 0 343 343 343 343 0 1017 0 1178 1269 1037 1037 1037 0 1657 1657 1657 1657 1657 0 2156 2139 2139 2139 2139 0 0 0 2538 0
125 0 0 0 343 0 343 343 0 343 0 1186 1037 1037 1037 1037 0 0 1657 1657 1657 1657 1657 0 2139 2139 2139 0 0 0 2538 2538 0
0 0 0 0 0 0 0 0 0 0 0 0 0 0 0 0 0 0 0 0 0 0 0 0 0 0 0 0 0 0 0 0 32766

# z = 26
2 0 0 0 0 0 0 0 0 0 0 1104 1104 1037 0 0 0 0 0 1657 0 0 0 0 0 0 0 0 0 2652 0 0 0
0 0 260 366 470 0 0 0 839 0 0 1104 1104 1037 1037 1037 0 0 0 0 0 0 0 0 2165 0 2360 0 0 0 0 0 0
0 147 147 0 138 0 0 0 0 0 0 1107 1037 1037 1037 1037 1037 0 0 1657 1657 0 0 2081 0 0 2273 1900 0 0 0 0 0
0 0 269 138 138 0 688 0 0 0 0 1037 1203 1284 1037 1037 1037 0 0 1746 1657 0 0 0 0 1900 1900 1900 1900 0 2780 0 0
13 0 273 0 138 138 0 0 0 937 847 0 0 0 1037 1037 1037 0 0 0 0 0 0 0 1900 1900 1900 1900 0 0 0 2912 0
8 8 8 0 0 0 0 0 0 847 0 0 0 0 1037 1037 1037 0 0 0 0 1900 1900 1900 1900 1900 1900 1900 1900 0 0 1122 0
8 8 8 8 0 0 0 0 0 847 1047 0 0 1293 1037 1037 1037 1037 1682 0 1829 1900 1900 1900 1900 1900 1900 1900 0 0 2788 1122 0
0 0 0 0 0 0 695 0 0 0 0 0 0 1293 1037 1037 0 0 0 15 15 0 1900 1900 1900 1900 1900 1900 0 0 0 0 0
0 162 162 0 0 0 0 0 0 0 0 0 1212 0 1037 1037 0 0 1691 15 15 0 0 0 2185 0 1900 0 0 2685 0 0 0
0 162 162 162 0 0 699 0 0 954 1051 0 0 0 0 1037 0 0 15 15 15 15 0 0 2189 2189 2189 2468 0 0 2465 0 0
0 162 162 162 162 0 0 162 858 956 162 162 162 0 1383 0 0 0 0 15 15 15 0 0 0 2189 0 2189 2189 0 0 0 0
0 162 162 162 162 162 162 162 162 162 162 162 162 0 0 0 0 0 0 15 15 15 15 0 0 2189 2189 2189 2189 2189 0 0 0
0 174 0 0 0 162 162 162 862 596 162 162 162 1311 1385 0 0 0 0 0 15 15 15 15 2195 2189 2189 2189 0 2189 0 0 0
47 0 0 0 0 0 0 0 0 596 162 162 162 0 0 0 0 0 1703 0 0 0 15 0 0 2189 2189 2189 2189 0 2819 0 0
47 187 0 0 510 609 0 0 0 0 0 0 0 0 1388 1138 15 15 15 15 15 0 0 0 0 2189 2189 2189 0 0 2828 0 0
47 0 0 408 299 0 0 0 0 0 0 0 1232 1232 1138 1138 15 15 15 15 15 15 2026 0 0 2304 2189 2189 0 0 0 0 0
0 192 0 0 515 0 0 0 0 0 0 0 1238 1226 1138 1138 15 15 15 15 15 0 2029 0 0 0 2398 0 0 0 0 2971 0
63 63 63 0 0 0 0 0 0 0 0 0 1242 1138 1138 1138 15 15 15 15 0 0 0 2115 0 0 0 989 0 0 2840 0 0
63 63 63 0 0 0 0 0 623 0 0 0 1138 1138 0 1138 15 15 0 0 0 0 0 989 989 989 989 989 0 0 2840 2840 0
63 63 63 420 0 0 0 623 623 623 623 0 0 1138 1138 1138 15 0 0 0 0 0 989 989 989 989 989 989 0 0 2840 2840 0
63 63 63 0 0 0 0 623 623 623 623 623 0 0 1138 1138 0 0 0 0 1776 989 989 989 989 989 989 989 0 0 2840 2840 0
63 63 0 0 522 0 0 623 623 623 623 623 0 0 0 0 0 1553 1481 0 1776 989 989 989 989 989 0 0 0 0 2139 2139 0
63 0 0 0 0 0 0 623 623 623 623 0 0 0 0 0 1553 1553 1481 0 1776 989 989 989 989 989 989 0 0 2139 2139 2139 0
0 0 326 221 0 0 0 623 623 0 0 1155 989 0 0 0 0 1553 1481 1481 0 989 2054 989 989 0 0 0 2139 2139 2139 2139 0
0 220 326 221 221 221 0 0 890 0 0 989 989 989 989 989 0 1481 1481 1481 0 1955 0 989 0 0 0 2516 2139 2139 2139 2139 0
98 0 221 221 221 221 0 0 0 993 0 989 989 989 989 989 0 1481 0 0 1871 0 0 0 0 2334 0 2139 2139 2139 2139 2139 0
0 0 221 0 221 221 0 0 0 0 1085 989 989 989 989 0 0 1652 1490 1490 1490 1490 0 0 0 2139 0 0 2636 2139 2139 0 0
0 0 0 0 0 0 739 343 0 0 1085 989 989 989 989 0 1568 1490 1490 1490 1490 0 2063 0 2139 2139 2139 2139 0 0 0 0 0
0 0 343 0 343 343 343 343 343 343 0 1172 0 0 1419 0 1568 1490 1490 1490 0 0 0 0 2139 2139 2139 0 2139 2139 0 3014 0
0 0 343 343 0 343 343 343 343 343 0 0 0 0 0 0 0 1490 0 0 1657 1657 0 2150 2150 2139 2139 2139 0 0 2883 2761 32508
0 0 0 461 343 343 343 343 0 343 0 0 1269 1037 0 0 0 0 1657 1657 1657 1657 0 2150 0 0 0 2139 0 2761 2761 2538 2
125 0 0 0 0 0 0 343 0 0 0 1104 1037 1037 0 1037 0 0 1657 1657 1657 1657 0 0 0 0 2139 2139 0 0 0 0 0
0 0 0 0 0 0 0 0 0 0 0 0 0 0 0 0 0 0 0 0 0 0 0 0 0 0 0 0 0 0 0 0 5769

# z = 27
0 0 0 0 0 0 0 0 0 0 0 0 1104 1037 0 0 1506 1586 0 0 0 0 0 0 0 0 2354 0 0 0 0 0 0
0 0 260 143 0 0 0 771 0 0 1034 1104 1104 1037 1037 1037 0 1588 1673 0 0 0 0 2077 1122 1122 0 0 0 0 2772 0 0
0 0 143 138 138 0 686 680 0 0 1037 1037 1037 1037 1037 1037 1037 0 0 1657 1657 0 0 1122 1122 0 0 0 0 0 0 0 0
0 0 0 138 138 0 689 4 842 0 0 1037 1037 1037 1037 1037 1037 0 0 1657 0 0 1990 1122 1122 0 0 0 0 0 0 0 0
13 8 0 138 138 138 690 690 0 0 0 0 1205 1037 1037 1037 1037 1037 0 0 0 0 0 0 0 0 0 2453 2453 2670 2670 2912 0
8 8 0 0 0 582 692 776 0 0 0 0 1205 0 1037 1037 1037 0 0 0 0 1904 1900 0 1900 0 0 1900 2453 2676 2670 1122 0
8 8 8 8 0 0 0 0 0 0 0 1116 927 1293 1037 1037 1037 1037 0 0 0 1900 1900 1900 1900 1900 1900 2460 2565 2676 2670 1122 0
8 0 8 0 0 0 696 0 0 0 1049 927 0 1293 0 0 0 0 0 0 0 1914 1900 1900 1900 1900 1900 1900 0 2682 0 0 0
0 162 0 0 0 591 16 0 0 0 0 0 0 0 0 0 0 0 1691 15 0 0 0 1900 1900 1900 1900 0 2571 2686 0 0 0
34 162 0 0 0 16 0 0 0 954 162 0 0 0 0 0 0 0 0 15 15 15 0 0 0 2289 2189 2189 2189 0 0 0 0
0 162 0 0 0 0 0 0 859 162 162 0 0 0 0 1452 0 0 0 15 15 15 0 0 0 2189 2189 2189 2189 0 0 0 0
0 0 0 0 0 0 0 162 162 162 0 162 1221 1310 1122 0 0 0 0 15 15 0 0 0 0 2189 2189 2189 2189 2189 0 0 0
0 0 0 0 0 0 0 162 0 0 0 162 0 0 1122 0 0 0 0 0 0 0 0 0 2195 2189 0 0 0 2189 0 0 0
47 179 0 0 504 0 0 0 0 0 0 0 162 0 0 0 1538 15 15 15 0 0 0 0 0 0 2189 2189 0 2189 0 0 0
47 0 0 0 0 0 0 0 866 866 0 0 0 0 1388 1138 15 15 15 15 1851 0 0 0 0 0 2189 0 2590 0 0 0 0
47 47 0 409 0 0 714 0 866 866 866 0 0 0 1138 1138 15 15 15 15 15 1939 15 15 2206 0 2189 2189 2189 0 0 0 0
47 0 0 0 0 0 720 0 0 866 0 0 1239 1138 1138 1138 15 15 15 15 15 0 15 15 15 2307 2189 2189 2189 0 2837 0 0
63 0 0 0 0 618 0 797 0 0 0 1138 1138 1138 1138 1138 15 15 15 15 0 0 0 0 0 0 0 989 2603 0 0 0 0
63 63 0 0 0 55 0 0 0 0 0 0 1138 1138 1138 1138 15 15 15 15 0 0 2038 0 0 0 989 0 0 0 2844 2840 0
63 63 0 0 0 0 0 0 623 623 0 0 1138 1138 1138 1138 15 0 0 0 0 0 0 989 989 989 989 989 0 0 2840 2840 0
63 0 313 0 0 630 0 623 623 623 623 0 0 1138 1138 1138 0 0 0 0 0 0 989 989 989 989 989 989 0 0 2840 2840 0
77 63 63 0 0 634 0 0 623 623 623 0 0 0 0 0 0 1553 0 0 1776 989 989 989 989 989 989 0 0 0 0 63 0
63 0 0 0 0 640 728 0 0 623 1074 0 0 0 0 0 1553 1553 1481 0 1776 989 989 989 989 989 989 2509 0 2139 2139 2139 0
63 0 0 221 221 0 0 808 0 0 0 0 1253 0 0 0 1557 1481 1481 0 0 0 2054 989 989 989 0 0 2139 2139 2139 2139 0
63 0 326 221 221 221 0 814 814 814 814 0 0 989 0 0 1557 1481 1481 0 1868 0 0 0 0 0 0 2517 2139 2139 2139 2139 0
0 0 221 221 221 221 221 0 0 814 1082 0 989 989 0 1480 1557 1481 0 0 1872 0 2057 0 0 2335 2419 2139 2139 2139 2139 2139 0
0 229 0 221 221 221 221 0 0 997 0 0 989 989 989 0 0 0 1490 1490 1490 1490 0 0 0 0 0 0 2139 2139 2139 0 0
0 0 0 443 0 0 0 343 0 0 1085 989 989 989 989 1490 1568 1490 1490 1490 1490 1490 1490 0 0 0 0 0 0 2139 2871 0 0
0 0 0 450 0 343 343 343 343 343 1091 924 1266 989 989 1490 1490 1490 1490 1490 0 1490 0 0 0 0 0 2528 0 0 2875 0 0
0 0 0 0 0 343 343 343 343 343 1091 924 0 0 0 1490 1490 1490 1490 1796 0 1975 0 0 2258 2139 0 0 0 0 2884 0 264
126 0 0 0 0 0 0 0 912 0 0 0 0 0 0 1490 0 0 0 0 1657 0 0 0 2258 2139 2139 0 0 0 0 126 0
0 0 0 0 0 0 0 0 0 0 0 0 0 1037 0 0 0 1586 0 1657 1657 1982 0 2158 0 2139 2438 2141 2649 0 2891 0 0
0 0 0 0 0 0 0 0 0 0 0 0 0 0 0 0 0 0 0 0 0 0 0 0 0 0 0 0 0 0 0 0 0

# z = 28
0 0 255 0 0 0 675 0 0 0 1028 0 0 0 0 0 1507 1507 0 0 0 0 1984 0 0 0 0 0 0 0 0 2899 0
0 143 260 143 0 0 680 772 0 0 0 1105 1037 1037 1037 0 0 0 0 0 0 1897 0 2077 1122 0 0 0 0 2655 0 0 0
0 0 143 138 138 0 680 4 841 0 1038 1037 1037 1037 1037 0 0 0 0 0 0 1122 1122 1122 1122 1122 0 0 0 0 0 0 0
12 0 270 138 138 0 680 4 4 0 0 1037 1037 1037 0 1037 0 0 0 0 0 1899 1990 2084 1122 1122 0 0 0 0 2781 0 0
8 8 270 138 479 0 680 4 845 0 1043 1113 1205 0 1037 1037 1037 0 0 0 0 0 0 0 0 0 2368 2454 2453 2671 2781 1122 0
8 8 0 0 0 0 0 776 0 942 942 927 927 0 1037 1037 1037 1597 0 0 0 0 0 2087 0 0 0 2458 2453 2671 2670 1122 0
8 8 8 8 0 0 0 0 0 946 927 927 927 0 0 1037 1037 0 0 0 0 0 1900 1900 1900 1900 1900 0 0 2671 2670 1122 0
8 0 0 0 484 16 16 16 16 0 927 927 0 1296 0 0 0 0 0 0 0 1914 1900 1900 1900 1900 1900 0 0 2671 2670 1122 0
8 163 0 388 16 16 16 16 16 952 0 0 0 0 1376 1448 1527 0 0 0 0 1919 1900 1900 1900 1900 2375 0 0 2687 2798 8 0
0 0 285 16 16 16 16 16 0 0 0 1127 1216 1122 1122 1448 0 0 0 0 15 0 0 0 0 2289 2189 2189 2189 2687 2687 0 0
36 0 0 16 16 16 0 0 859 162 0 1131 1122 1122 1122 1122 0 0 0 0 15 0 0 0 0 2189 2189 2189 2189 0 0 0 0
0 170 0 0 0 0 0 0 0 0 0 0 1122 1122 1122 1122 1122 0 0 0 0 0 0 0 0 2189 2189 2189 2189 2189 0 0 0
0 175 175 0 0 0 0 0 0 0 0 162 0 1122 1122 0 0 0 1699 0 0 0 0 0 0 0 2189 2189 2189 2189 0 0 0
48 180 294 0 0 605 605 0 0 961 0 0 0 0 0 0 1539 0 0 15 15 1936 0 0 0 0 0 2189 2189 2189 2189 0 0
0 180 0 402 511 610 712 793 0 866 0 0 0 0 1389 1138 15 15 15 15 15 0 2023 15 15 0 2189 2189 2189 0 2829 2964 0
47 0 0 409 55 55 55 55 0 866 866 0 0 0 1138 1138 15 15 15 15 15 1939 15 15 15 0 2393 2189 2189 2715 0 0 0
47 0 305 55 55 55 55 55 870 866 866 0 0 1138 1138 1138 15 15 15 15 0 0 0 0 15 15 2393 2189 2189 2717 0 0 0
0 0 55 0 55 55 55 55 0 0 0 1139 1138 1138 1138 1138 15 15 15 15 0 0 0 0 0 0 0 0 0 0 0 0 0
63 200 0 0 55 55 55 0 0 0 0 0 1138 1138 1138 1138 15 15 15 15 0 0 0 0 0 0 0 0 2607 0 2844 2840 0
63 63 0 421 55 55 55 0 0 975 0 0 0 1138 1138 1138 0 0 0 0 0 0 0 0 2218 0 989 989 0 0 0 0 0
63 63 0 0 55 55 0 0 623 0 1070 0 1247 1138 1138 1138 0 0 0 0 0 0 2044 989 0 989 989 989 0 0 0 0 0
63 0 63 0 523 635 0 804 623 623 0 0 0 1138 1138 0 0 1553 0 0 0 0 989 989 989 989 989 989 2621 0 0 2991 0
63 0 0 0 0 0 0 0 623 0 0 0 0 0 0 0 1554 1553 0 0 1863 1863 0 989 989 989 989 2510 0 2734 0 2995 0
86 0 327 221 221 221 221 0 885 814 814 0 0 0 0 0 0 1644 1481 0 1864 1863 0 2127 989 989 0 0 2626 2139 2139 0 0
0 221 221 221 221 221 221 0 814 814 814 814 814 0 0 0 1557 1481 1481 0 0 0 0 0 0 989 0 0 0 2139 0 0 0
0 0 221 0 221 221 221 0 814 814 1082 814 0 1344 0 1481 1481 1481 0 0 1872 1490 0 0 0 0 0 0 0 0 0 3004 0
0 0 0 0 221 221 0 0 0 0 0 0 0 0 0 1486 1481 1481 1490 0 1490 1490 1490 1490 2243 2338 2338 2338 2139 0 2868 0 0
115 0 0 444 221 0 0 0 0 0 1088 1167 989 0 0 1486 0 0 1490 1490 1490 1490 1490 0 2243 0 2424 0 2139 2139 0 3011 0
0 0 0 0 554 343 343 0 0 0 1091 924 1267 924 0 0 1490 1490 1490 1490 1490 1490 1490 0 0 0 2427 0 0 0 2876 0 0
121 0 349 0 0 0 0 343 0 0 1091 924 924 924 1422 0 0 1490 1490 0 0 0 0 2151 0 0 0 0 0 2756 2756 3 0
0 0 0 0 0 0 0 830 0 0 1091 924 924 924 0 0 0 0 0 0 0 0 0 0 0 2348 2348 2531 2141 2756 0 0 9
0 254 0 0 0 0 675 835 0 1024 1024 924 0 0 1426 0 1507 1668 0 0 0 0 0 0 0 0 2141 2141 0 0 0 0 0
0 0 0 0 0 0 0 0 0 0 0 0 0 0 0 0 0 0 0 0 0 0 0 0 0 0 0 0 0 0 0 0 33

# z = 29
0 0 255 360 0 569 676 4 0 924 1028 0 0 0 0 0 1501 1501 0 0 0 1893 1984 1122 0 0 2141 2141 0 0 0 0 0
0 143 143 143 0 0 0 4 4 0 0 0 1037 1037 0 0 0 1501 0 0 0 1122 1122 1122 1122 0 2361 0 0 0 0 0 0
8 0 143 138 138 0 687 4 4 4 0 0 0 0 0 0 0 0 0 0 1814 1122 1122 1122 1122 1122 1122 1122 0 0 0 0 0
8 0 0 138 0 0 680 4 0 0 0 1111 0 0 0 0 1515 0 0 1747 1122 1122 1122 1122 1122 1122 1122 1122 0 0 2781 8 0
8 8 0 0 0 0 680 4 4 0 1044 927 0 0 0 0 1037 0 0 0 0 1901 1122 0 1122 1122 1122 1122 2453 2672 2671 1122 0
8 8 0 0 0 0 0 0 0 942 927 927 0 0 0 0 0 0 0 0 0 0 0 0 2176 0 1122 1122 0 2671 2670 1122 0
8 8 0 384 483 16 0 0 0 946 927 927 0 0 0 0 0 0 0 0 0 1910 1900 1900 1900 0 0 0 0 0 2670 1122 0
8 159 0 0 483 16 16 16 16 950 927 0 0 0 1372 0 0 0 0 0 1833 1905 1900 1900 1900 0 0 0 2568 2671 2670 1122 0
0 0 283 283 16 16 16 16 16 0 0 0 0 1301 1122 1448 1528 0 0 1755 1833 1905 1900 1900 0 0 2375 0 0 2687 2687 1122 0
0 0 0 16 16 16 16 16 0 0 0 0 1216 1122 1122 1122 1122 0 0 0 0 0 0 0 0 0 2189 2189 0 0 2687 0 0
0 0 288 16 16 16 16 16 0 162 0 1131 1122 1122 1122 1122 1122 1613 1613 0 0 0 2010 0 0 0 2189 2189 0 0 0 0 0
39 0 0 0 0 16 0 0 0 0 0 0 1122 1122 1122 1122 0 1616 1604 0 0 1931 1931 0 0 0 0 2189 0 0 0 0 0
0 175 0 0 0 601 0 787 0 0 0 0 1122 1122 1122 1122 0 1620 1620 0 0 1933 15 15 15 0 2189 2189 0 0 0 0 0
0 0 294 398 0 0 710 55 865 0 0 0 0 1122 1122 0 0 1622 0 0 15 1926 15 15 15 0 2189 2189 2189 0 0 0 0
0 0 300 55 55 611 55 55 0 866 866 0 1227 0 0 0 0 0 0 0 15 15 15 15 15 0 0 2189 2189 0 0 2965 0
0 0 55 55 55 55 55 55 0 866 866 0 0 0 0 1458 15 15 15 15 15 15 15 15 15 0 0 0 2189 0 0 2965 0
0 0 55 55 55 55 55 55 0 866 866 1133 0 0 1138 1138 15 15 15 15 0 0 0 15 15 0 0 2491 2599 0 0 0 0
0 0 55 55 55 55 55 55 0 0 866 0 0 1324 1138 1138 15 15 15 15 0 0 0 0 0 2312 0 0 2591 2394 0 0 0
65 0 55 55 55 55 55 55 0 0 0 0 1138 1138 1138 1138 15 15 15 0 0 0 2039 2117 0 0 0 0 2591 0 2845 0 0
0 0 55 55 55 55 55 55 0 0 0 0 1138 1138 1138 1138 0 0 0 0 0 1946 1394 15 2219 0 0 989 0 0 0 0 0
63 0 314 0 55 55 55 800 623 623 0 1148 1138 1138 1138 1138 1549 0 0 0 0 0 0 0 0 2316 0 2504 2615 0 0 0 0
63 0 0 0 0 0 0 805 623 623 0 0 0 1333 1138 0 0 1638 1331 1331 0 0 0 989 989 989 0 2506 2613 0 0 0 0
0 0 0 0 0 0 0 0 623 983 1075 0 0 0 0 0 0 1331 1331 1331 1863 0 2053 2124 989 989 0 2506 2506 0 0 0 0
87 0 0 221 0 0 221 0 0 814 814 814 0 0 0 0 0 0 0 1331 0 1863 0 2128 989 989 0 0 0 2139 0 2998 0
93 0 0 221 221 221 221 0 814 814 814 814 814 1342 0 0 0 0 1715 0 0 0 0 0 2232 989 0 0 0 0 0 0 0
99 0 0 221 221 0 0 0 0 0 814 814 814 0 0 0 1481 1481 0 0 1872 1490 2058 0 0 0 0 0 0 2744 2865 0 0
99 99 0 221 221 0 0 0 0 0 0 0 0 0 0 0 0 1481 0 0 1490 1490 1490 1490 0 0 0 0 0 2746 2746 2746 0
0 231 344 0 0 0 0 821 343 0 0 0 1262 1349 0 0 0 0 1720 0 1490 1490 1490 1490 0 0 0 0 0 0 0 0 0
118 3 0 0 0 343 343 343 343 1004 0 1173 1173 924 0 1494 0 0 0 0 1490 1490 1490 0 0 2341 2141 0 0 0 0 3 0
106 0 0 456 557 0 0 0 0 0 1091 0 924 0 0 0 0 0 0 0 0 0 2066 0 2259 2341 2141 0 0 0 2756 0 -104
106 249 356 462 0 0 0 0 913 1018 1018 1179 924 0 0 0 1576 0 0 0 0 1978 0 0 2263 2141 2141 2141 0 2762 2887 0 50
0 249 0 465 0 670 670 4 0 924 924 924 924 0 0 1501 1501 1501 0 0 0 0 1122 1122 0 2141 2141 2141 0 0 0 0 132
0 0 0 0 0 0 0 0 0 0 0 0 0 0 0 0 0 0 0 0 0 0 0 0 0 0 0 0 0 0 0 0 0

# z = 30
3 138 138 138 0 569 676 4 0 924 924 0 1191 0 0 1429 0 0 0 0 1812 1122 0 0 2161 2161 2141 2141 0 0 0 2900 0
0 0 143 138 0 0 0 4 4 0 0 0 0 0 0 1434 0 0 0 0 1122 1122 1122 1122 1122 0 0 0 2543 0 0 0 0
0 0 143 138 472 575 0 4 0 0 0 0 0 0 1364 0 1513 0 1675 1122 1122 1122 1122 1122 1122 1122 0 0 0 0 0 2907 0
8 8 0 138 138 0 680 4 0 0 1041 0 0 1285 1285 1285 1122 1122 1122 1122 1122 1122 1122 1122 1122 1122 1122 1122 0 0 0 2670 0
8 8 0 0 138 579 680 4 4 938 927 927 0 1288 1285 0 0 0 0 0 1122 1122 1122 0 1122 0 1122 1122 2453 0 2671 1122 0
8 8 0 0 0 0 0 0 0 0 927 927 0 0 0 0 1519 0 0 0 0 0 0 2088 0 0 0 0 2560 0 2670 1122 0
8 8 0 0 0 585 0 0 0 0 927 927 1209 0 0 1442 1122 1122 0 0 1830 1910 1900 1900 1900 0 0 0 0 2679 2670 1122 0
8 0 0 0 483 16 0 0 0 0 0 1118 0 0 1372 0 0 1603 1688 1604 1830 1905 1900 1900 1900 1900 0 0 0 2671 0 1122 0
8 0 284 283 16 16 16 16 16 0 0 0 0 1301 1122 0 0 1606 1606 1604 0 1905 1900 1900 0 0 0 0 2572 2671 2799 1122 0
0 0 286 16 16 16 16 16 16 0 0 0 1216 1122 1122 1122 0 1610 1604 1604 0 0 2009 0 0 2290 0 0 2569 0 2802 0 0
0 0 286 16 16 16 16 16 0 0 0 1131 1122 1122 1122 0 1529 0 1604 0 0 1926 2011 2103 0 0 0 2471 0 0 0 0 0
0 0 0 16 16 16 16 0 0 0 0 1131 1122 1122 1122 1122 0 1617 1604 0 0 1926 15 2103 0 0 0 2473 2376 2376 0 0 0
0 176 291 0 0 601 708 0 0 0 0 1131 1122 1122 1122 0 0 1617 1604 1604 0 1926 15 15 0 0 0 2189 0 0 0 2951 0
0 0 295 398 505 55 55 55 55 962 0 0 1122 1122 1122 0 0 1607 1604 1604 0 1926 0 15 15 15 0 0 0 2703 0 0 0
0 188 55 55 55 55 55 55 0 866 866 0 1228 1316 0 0 0 1607 0 1771 0 15 15 15 15 15 0 2189 2189 0 0 2965 0
0 177 55 55 55 55 55 55 868 866 866 0 0 1319 0 0 0 0 0 15 0 0 0 15 15 15 0 0 2189 0 2834 2970 0
0 55 55 55 55 55 0 55 0 866 866 1133 0 0 0 0 0 15 15 15 0 1940 2030 15 15 0 0 2492 2599 2394 0 0 0
0 55 55 55 55 55 55 55 0 0 0 1140 0 0 1138 1138 0 15 15 15 0 0 0 15 15 15 2400 2494 0 2394 0 0 0
0 55 55 55 55 55 55 55 55 0 0 0 0 1138 0 0 15 1629 15 15 0 1944 2039 15 15 0 0 0 2591 0 0 0 0
0 55 55 55 55 55 55 55 0 0 0 0 1138 1138 1399 0 0 0 0 0 1858 1394 1394 2120 0 0 0 0 2613 0 0 0 0
0 0 55 0 55 55 0 801 623 0 1071 726 0 1331 1331 1467 0 0 0 0 1860 1394 0 0 0 0 0 2505 2613 2506 0 2987 0
0 0 0 0 524 636 0 0 0 979 1071 726 0 1333 1331 1331 1331 1331 1331 1331 0 0 2048 0 0 0 0 2507 0 2506 0 0 0
0 0 0 0 0 0 0 0 881 726 0 0 0 1333 1331 1331 1331 1331 1331 1331 1331 1953 0 0 0 2321 2414 2506 0 0 0 0 0
0 0 0 0 0 642 0 0 881 988 814 814 0 1333 1331 1331 1331 1331 0 0 1865 1865 0 0 989 0 989 0 0 0 0 2999 0
94 222 0 221 221 221 0 0 0 988 0 814 0 0 1331 1331 0 0 0 0 0 1959 0 2131 989 0 989 0 0 0 0 2999 0
100 222 0 221 221 0 0 0 0 0 0 0 0 0 0 1482 0 0 0 0 0 0 0 2134 0 0 0 2520 2635 0 2865 100 0
106 230 230 0 0 0 0 0 900 0 0 0 0 0 0 0 1567 1481 1481 0 0 0 0 0 0 0 0 0 0 0 0 3 0
106 3 0 445 0 0 743 655 343 0 0 0 1262 0 0 1491 1491 1654 1481 0 0 0 0 2140 0 0 2425 0 0 0 0 3007 0
106 0 0 0 0 343 0 343 343 0 0 1173 1173 0 1420 1495 1491 1481 1481 1481 0 0 0 0 0 0 2428 0 0 0 2877 0 -1961977500
106 0 0 0 0 0 0 343 343 0 0 1176 924 0 0 0 0 0 1481 1481 1885 0 0 0 0 2341 2141 2141 0 0 2756 0 -1
106 250 356 0 0 0 0 0 0 0 1018 1180 0 0 0 1499 1577 0 0 0 0 0 0 0 2264 2141 0 0 0 0 0 0 0
3 250 0 138 0 0 670 4 4 1025 924 1187 0 1358 1102 0 0 1668 0 0 1122 0 0 1122 2161 2141 2141 2141 0 0 0 0 0
0 0 0 0 0 0 0 0 0 0 0 0 0 0 0 0 0 0 0 0 0 0 0 0 0 0 0 0 0 0 0 0 33

# z = 31
0 0 0 0 0 4 4 4 0 0 0 0 1102 1102 0 1430 0 0 1670 1739 1122 1122 1122 0 0 0 0 0 2539 0 0 2892 0
0 0 143 0 0 572 4 4 0 0 1035 0 0 1278 0 1435 1511 1122 0 1122 1122 1122 1122 2078 0 0 0 0 2544 0 0 0 0
0 0 0 370 473 572 0 0 0 0 0 0 0 0 1361 1285 1122 1122 1122 1122 1122 1122 1122 1122 1122 1122 1122 1122 0 2662 1122 1122 0
8 8 0 370 370 370 0 0 0 927 927 0 0 1285 1285 1285 1122 1122 1122 1122 1122 1122 1122 1122 1122 0 0 1122 0 1122 0 1122 0
8 8 0 0 370 370 0 0 0 927 927 927 0 0 1285 1285 1122 1122 1122 1122 1122 1122 0 1122 0 0 0 0 0 0 0 1122 0
8 0 0 377 0 0 0 0 0 0 927 927 1207 1290 1285 1285 1122 1122 1122 1122 0 0 0 0 0 0 0 0 0 0 0 1122 0
0 8 0 0 0 0 0 0 0 0 927 927 0 0 0 1285 1122 1122 1122 1122 0 1905 1900 1900 1900 0 0 0 0 0 0 1122 0
8 0 0 16 16 0 697 16 851 16 0 1119 0 0 1371 1122 1122 1122 1122 0 0 0 1900 1900 1900 0 0 0 0 2671 0 1122 0
0 164 0 16 16 16 16 16 16 0 0 0 0 1297 1122 1122 0 0 1604 1604 1604 0 0 1900 0 0 0 0 2569 2376 0 2934 0
0 16 0 16 16 16 16 16 0 0 0 1128 1122 1122 1122 1122 0 1611 1604 1604 1604 0 0 0 0 0 2376 2376 2376 2376 0 0 0
0 16 16 16 16 16 16 16 0 0 0 1131 1122 1122 1122 1122 0 1611 1604 1604 0 1927 15 15 0 0 2378 2376 2376 0 0 0 0
0 16 16 16 16 16 706 0 0 0 0 1131 1122 1122 1122 0 0 0 1604 1604 0 1926 15 15 2192 0 2379 2376 2376 2376 2376 2376 0
0 0 292 0 0 602 0 788 0 0 0 0 1122 1122 1122 0 0 1607 1604 1604 0 1926 15 15 15 0 2379 2376 2376 2376 0 0 0
0 181 55 0 505 55 55 0 0 963 0 0 1122 1122 1122 0 0 1607 1604 1604 0 0 15 2106 0 2299 0 0 2589 0 0 2952 0
51 177 55 55 55 55 55 55 0 866 866 0 1228 0 0 0 0 0 1604 1604 0 0 0 15 15 15 0 0 2591 2480 2830 0 0
55 55 55 55 55 55 55 55 55 866 0 0 0 0 0 0 0 0 1706 0 0 0 0 15 15 0 0 0 2591 2394 2394 0 0
0 55 0 55 55 55 55 55 55 0 0 0 0 964 964 964 0 0 0 1774 1774 0 2031 0 15 15 0 0 2591 2394 0 2972 0
0 55 55 55 55 0 55 55 55 0 0 0 0 1325 964 964 0 0 0 0 0 1394 1394 15 15 0 0 0 0 2394 2394 0 0
0 55 55 55 55 55 55 0 55 0 0 0 0 0 0 1465 0 0 0 0 1394 1394 1394 15 0 0 0 0 2394 0 0 0 0
0 55 55 55 55 55 55 55 0 0 0 0 0 0 0 0 0 1630 0 0 1394 1394 1394 0 0 0 0 0 0 0 0 0 0
75 55 55 55 0 55 55 0 0 0 1071 726 0 0 0 1466 1466 1331 1331 0 0 0 0 0 0 2317 2404 0 0 0 0 0 0
78 55 55 55 55 55 0 0 0 726 726 726 0 1333 1331 1331 1331 1331 1331 1331 0 0 0 0 0 2318 989 0 0 0 0 0 0
0 0 0 0 0 0 0 0 0 726 726 0 0 1333 1331 1331 1331 1331 1331 1331 1331 0 0 0 1779 989 989 0 0 2735 0 0 0
0 0 328 222 529 0 0 809 726 0 1078 0 0 1333 1331 1331 1331 1331 1331 0 1865 1865 1865 1779 1779 989 989 0 0 0 2860 0 0
0 223 320 221 221 644 0 0 726 726 726 0 0 1333 1331 1331 1331 0 0 0 0 0 1779 1779 989 989 989 0 0 0 0 2999 0
95 222 222 221 0 0 0 0 0 0 0 0 1256 0 0 1483 1564 0 0 0 0 1963 2059 1779 989 989 989 0 0 0 0 0 0
0 0 339 0 0 0 0 735 0 0 0 0 0 0 0 0 0 0 1719 1781 0 0 0 0 0 0 0 0 0 0 0 0 0
0 0 0 0 0 655 655 655 343 343 343 0 0 0 0 0 0 1481 1481 1481 0 1969 0 2141 2141 2141 2425 0 0 2745 2745 0 0
106 232 0 0 0 0 655 343 343 343 0 0 0 0 0 0 1487 1481 0 1481 0 0 0 2141 2141 2141 0 0 0 0 2878 3 32508
0 0 0 0 558 0 0 343 0 0 0 0 0 0 1423 0 0 1481 0 1481 1886 0 0 2141 2141 2141 2141 2141 0 2757 0 0 272
0 0 0 0 0 662 754 0 0 0 0 0 0 1174 1102 1102 0 0 0 0 1481 1979 0 0 2141 0 0 0 0 0 0 0 0
106 0 0 0 564 662 4 4 0 0 0 0 1102 1102 1102 0 0 0 0 0 0 0 1122 0 0 0 0 0 0 0 0 3 33
0 0 0 0 0 0 0 0 0 0 0 0 0 0 0 0 0 0 0 0 0 0 0 0 0 0 0 0 0 0 0 0 0

# z = 32
0 0 0 0 0 0 0 0 0 0 0 0 0 0 0 0 0 0 0 0 0 0 0 0 0 0 0 0 0 0 0 0 0
0 0 0 0 0 0 0 0 0 0 0 0 0 0 0 0 0 0 0 0 0 0 0 0 0 0 0 0 0 0 0 0 0
0 0 0 0 0 0 0 0 0 0 0 0 0 0 0 0 0 0 0 0 0 0 0 0 0 0 0 0 0 0 0 0 0
0 0 0 0 0 0 0 0 0 0 0 0 0 0 0 0 0 0 0 0 0 0 0 0 0 0 0 0 0 0 0 0 0
0 0 0 0 0 0 0 0 0 0 0 0 0 0 0 0 0 0 0 0 0 0 0 0 0 0 0 0 0 0 0 0 0
0 0 0 0 0 0 0 0 0 0 0 0 0 0 0 0 0 0 0 0 0 0 0 0 0 0 0 0 0 0 0 0 0
0 0 0 0 0 0 0 0 0 0 0 0 0 0 0 0 0 0 0 0 0 0 0 0 0 0 0 0 0 0 0 0 0
0 0 0 0 0 0 0 0 0 0 0 0 0 0 0 0 0 0 0 0 0 0 0 0 0 0 0 0 0 0 0 0 0
0 0 0 0 0 0 0 0 0 0 0 0 0 0 0 0 0 0 0 0 0 0 0 0 0 0 0 0 0 0 0 0 0
0 0 0 0 0 0 0 0 0 0 0 0 0 0 0 0 0 0 0 0 0 0 0 0 0 0 0 0 0 0 0 0 0
0 0 0 0 0 0 0 0 0 0 0 0 0 0 0 0 0 0 0 0 0 0 0 0 0 0 0 0 0 0 0 0 0
0 0 0 0 0 0 0 0 0 0 0 0 0 0 0 0 0 0 0 0 0 0 0 0 0 0 0 0 0 0 0 0 0
0 0 0 0 0 0 0 0 0 0 0 0 0 0 0 0 0 0 0 0 0 0 0 0 0 0 0 0 0 0 0 0 0
0 0 0 0 0 0 0 0 0 0 0 0 0 0 0 0 0 0 0 0 0 0 0 0 0 0 0 0 0 0 0 0 0
0 0 0 0 0 0 0 0 0 0 0 0 0 0 0 0 0 0 0 0 0 0 0 0 0 0 0 0 0 0 0 0 0
0 0 0 0 0 0 0 0 0 0 0 0 0 0 0 0 0 0 0 0 0 0 0 0 0 0 0 0 0 0 0 0 0
0 0 0 0 0 0 0 0 0 0 0 0 0 0 0 0 0 0 0 0 0 0 0 0 0 0 0 0 0 0 0 0 0
0 0 0 0 0 0 0 0 0 0 0 0 0 0 0 0 0 0 0 0 0 0 0 0 0 0 0 0 0 0 0 0 0
0 0 0 0 0 0 0 0 0 0 0 0 0 0 0 0 0 0 0 0 0 0 0 0 0 0 0 0 0 0 0 0 0
0 0 0 0 0 0 0 0 0 0 0 0 0 0 0 0 0 0 0 0 0 0 0 0 0 0 0 0 0 0 0 0 0
0 0 0 0 0 0 0 0 0 0 0 0 0 0 0 0 0 0 0 0 0 0 0 0 0 0 0 0 0 0 0 0 0
0 0 0 0 0 0 0 0 0 0 0 0 0 0 0 0 0 0 0 0 0 0 0 0 0 0 0 0 0 0 0 0 0
0 0 0 0 0 0 0 0 0 0 0 0 0 0 0 0 0 0 0 0 0 0 0 0 0 0 0 0 0 0 0 0 0
0 0 0 0 0 0 0 0 0 0 0 0 0 0 0 0 0 0 0 0 0 0 0 0 0 0 0 0 0 0 0 0 0
0 0 0 0 0 0 0 0 0 0 0 0 0 0 0 0 0 0 0 0 0 0 0 0 0 0 0 0 0 0 0 0 0
0 0 0 0 0 0 0 0 0 0 0 0 0 0 0 0 0 0 0 0 0 0 0 0 0 0 0 0 0 0 0 0 0
0 0 0 0 0 0 0 0 0 0 0 0 0 0 0 0 0 0 0 0 0 0 0 0 0 0 0 0 0 0 0 0 0
0 0 0 0 0 0 0 0 0 0 0 0 0 0 0 0 0 0 0 0 0 0 0 0 0 0 0 0 0 0 0 0 0
0 0 0 0 0 0 0 0 0 0 0 0 0 0 0 0 0 0 0 0 0 0 0 0 0 0 0 0 0 0 0 0 -1960928128
0 0 0 0 0 0 0 0 0 0 0 0 0 0 0 0 0 0 0 0 0 0 0 0 0 0 0 0 0 0 0 0 0
0 0 0 0 0 0 0 0 0 0 0 0 0 0 0 0 0 0 0 0 0 0 0 0 0 0 0 0 0 0 0 0 0
0 0 0 0 0 0 0 0 0 0 0 0 0 0 0 0 0 0 0 0 0 0 0 0 0 0 0 0 0 0 0 0 0
0 0 0 0 0 0 0 0 0 0 0 0 0 0 0 0 0 0 0 0 0 0 0 0 0 0 0 0 0 0 0 0 32

