3 467
6078 6081 6564 6567 7517 7520 7597 7600 9404 9407 12997 13000 16509 16512 17470 17473 20875 20878 22058 22061 22544 22547 22797 22800 27280 27283 27497 27500 31497 31500 32937 32940 33397 33400 33838 33841 33870 33873 34209 34212 36685 36688 36984 36987 37356 37359 37372 37375 37614 37617 39933 39936 43826 43829 43896 43899 44797 44800 47597 47600 49697 49700 51853 51856 55397 55400 55597 55600 56540 56543 58097 58100 64129 64132 65617 65620 67619 67622 69128 69131 69597 69600 70258 70261 71334 71337 72449 72452 74297 74300 78253 78256 79831 79834 79997 80000 90591 90594 90597 90600 91817 91820 91877 91880 92890 92893 92897 92900 96043 96046 97948 97951 98950 98953 98997 99000 103897 103900 104197 104200 106172 106175 109597 109600 111497 111500 112272 112275 114044 114047 116762 116765 119472 119475 124713 124716 125697 125700 139034 139037 139847 139850 146597 146600 146747 146750 150697 150700 152618 152621 154297 154300 158816 158819 161179 161182 161708 161711 163097 163100 165672 165675 168074 168077 168336 168339 168485 168488 168745 168748 168946 168949 169370 169373 169728 169731 169976 169979 170394 170397 171097 171100 173812 173815 174670 174673 174812 174815 178897 178900 179055 179058 182042 182045 182886 182889 183697 183700 183897 183900 184297 184300 191897 191900 195097 195100 197491 197494 199185 199188 202187 202190 202468 202471 203197 203200 209197 209200 210049 210052 210381 210384 212664 212667 213317 213320 216555 216558 218178 218181 218251 218254 218829 218832 220190 220193 225097 225100 225244 225247 226461 226464 226895 226898 227381 227384 227497 227500 227569 227572 230355 230358 233584 233587 233595 233598 234212 234215 236441 236444 237591 237594 239212 239215 239475 239478 240468 240471 241325 241328 241449 241452 241688 241691 242387 242390 242697 242700 243425 243428 243431 243434 244766 244769 246526 246529 247021 247024 247118 247121 247535 247538 247613 247616 249697 249700 252467 252470 253207 253210 253918 253921 253988 253991 256869 256872 257224 257227 259897 259900 260297 260300 260797 260800 260897 260900 261297 261300 262092 262095 262544 262547 262553 262556 262912 262915 263065 263068 263506 263509 265997 266000 271664 271667 273310 273313 277247 277250 277544 277547 278917 278920 278952 278955 279438 279441 281297 281300 283097 283100 285787 285790 286397 286400 286520 286523 287058 287061 287734 287737 288737 288740 290297 290300 291011 291014 291197 291200 291497 291500 291753 291756 292483 292486 292491 292494 293178 293181 294604 294607 294997 295000 295710 295713 296407 296410 296562 296565 298110 298113 299979 299982 302597 302600 303417 303420 305763 305766 306240 306243 307079 307082 308997 309000 309338 309341 309403 309406 313995 313998 316826 316829 316867 316870 317297 317300 318593 318596 321154 321157 321563 321566 323297 323300 325153 325156 326336 326339 326597 326600 326997 327000 327438 327441 327715 327718 327797 327800 328896 328899 330197 330200 332378 332381 332383 332386 332397 332400 336697 336700 338484 338487 342007 342010 343697 343700 344686 344689 345129 345132 345294 345297 345697 345700 346563 346566 348539 348542 349315 349318 351430 351433 353097 353100 353776 353779 353783 353786 353797 353800 354168 354171 354589 354592 355384 355387 358109 358112 359097 359100 365897 365900 367222 367225 367505 367508 367933 367936 368527 368530 371597 371600 372103 372106 373187 373190 378497 378500 382397 382400 382577 382580 385092 385095 391695 391698 392602 392605 401497 401500 404797 404800 408997 409000 409146 409149 409190 409193 410719 410722 412572 412575 413353 413356 414330 414333 415397 415400 415897 415900 418056 418059 419477 419480 420797 420800 422267 422270 422315 422318 423923 423926 424063 424066 425268 425271 431797 431800 433852 433855 434297 434300 437097 437100 441097 441100 441877 441880 442847 442850 442880 442883 443997 444000 445307 445310 448420 448423 451322 451325 453441 453444 453462 453465 454897 454900 456117 456120 456697 456700 458097 458100 458744 458747 459197 459200 466122 466125 466520 466523 470627 470630 470797 470800 471197 471200 472297 472300 475034 475037 476492 476495 480517 480520 483188 483191 483292 483295 485967 485970 486697 486700 489997 490000 490290 490293 491203 491206 495197 495200 495266 495269 498497 498500 499568 499571 500397 500400 501497 501500 503368 503371 506360 506363 513880 513883 514624 514627 514904 514907 517397 517400 519338 519341 520941 520944 520946 520949 521713 521716 522497 522500 528193 528196 530497 530500 534775 534778 535818 535821 536197 536200 537697 537700 537897 537900 537997 538000 539185 539188 540349 540352 541153 541156 541381 541384 544497 544500 546297 546300 547166 547169 559187 559190 560397 560400 562396 562399 563397 563400 566115 566118 566497 566500 566671 566674 574346 574349 574614 574617 575404 575407 576897 576900 579797 579800 581197 581200 581818 581821 581827 581830 584097 584100 584289 584292 584697 584700 585836 585839 586110 586113 588593 588596 590230 590233 590297 590300 596234 596237 596297 596300 598997 599000 599229 599232 604052 604055 605345 605348 606402 606405 607623 607626 610469 610472 610763 610766 611497 611500 615108 615111 616994 616997 617597 617600 619277 619280 619518 619521 620984 620987 621459 621462 621797 621800 624110 624113 624215 624218 630283 630286 631570 631573 632997 633000 633310 633313 635930 635933 636825 636828 639221 639224 639936 639939 640475 640478 640597 640600 643997 644000 645738 645741 645871 645874 646197 646200 649697 649700 650895 650898 651497 651500 652113 652116 652297 652300 652830 652833 653069 653072 654263 654266 655507 655510 655832 655835 655838 655841 656497 656500 658741 658744 659497 659500 663732 663735 664696 664699 665204 665207 665527 665530 674588 674591 675597 675600 676113 676116 678067 678070 678297 678300 681563 681566 682263 682266 682597 682600 683797 683800 684397 684400 687597 687600 687764 687767 688714 688717 689397 689400 691084 691087 691897 691900 693256 693259 693697 693700 694284 694287 694597 694600 696297 696300 699709 699712 700811 700814 701497 701500 701776 701779 703033 703036 706514 706517 708784 708787 710440 710443 710445 710448 712097 712100 712520 712523 712548 712551 713520 713523 713815 713818 713843 713846 714058 714061 714985 714988 715472 715475 716304 716307 716310 716313 717940 717943 718110 718113 718177 718180 719194 719197 
4 442
1829 1833 11715 11719 12740 12744 13382 13386 14196 14200 16536 16540 16890 16894 16896 16900 17475 17479 17630 17634 20449 20453 22508 22512 22732 22736 24087 24091 24096 24100 27178 27182 31136 31140 37362 37366 38796 38800 43338 43342 48396 48400 52078 52082 53596 53600 54496 54500 55896 55900 56533 56537 56705 56709 57677 57681 60817 60821 63385 63389 69819 69823 70696 70700 71021 71025 76996 77000 77305 77309 77704 77708 80555 80559 82193 82197 84996 85000 87258 87262 87822 87826 89596 89600 91002 91006 92883 92887 97285 97289 99989 99993 100792 100796 100939 100943 103067 103071 106696 106700 107396 107400 109506 109510 114032 114036 118043 118047 118306 118310 118896 118900 119686 119690 127096 127100 128857 128861 129130 129134 134996 135000 138696 138700 139193 139197 144152 144156 145874 145878 146390 146394 146503 146507 148504 148508 149396 149400 157970 157974 158669 158673 159526 159530 160884 160888 161639 161643 165380 165384 166054 166058 169006 169010 170545 170549 170570 170574 172244 172248 172675 172679 177411 177415 177675 177679 177696 177700 177795 177799 179186 179190 181157 181161 182542 182546 183889 183893 186085 186089 187918 187922 188746 188750 189296 189300 192533 192537 193493 193497 193632 193636 193681 193685 193842 193846 194496 194500 195052 195056 197643 197647 198412 198416 199055 199059 199261 199265 200551 200555 205817 205821 208747 208751 209491 209495 210612 210616 210961 210965 211477 211481 212345 212349 214810 214814 215160 215164 215189 215193 215480 215484 224794 224798 231696 231700 232790 232794 236304 236308 236416 236420 237166 237170 237184 237188 237196 237200 237381 237385 237689 237693 238587 238591 238696 238700 238996 239000 240510 240514 240696 240700 242369 242373 244980 244984 247393 247397 248141 248145 248393 248397 251290 251294 258596 258600 258930 258934 259318 259322 261170 261174 262058 262062 262404 262408 262535 262539 265062 265066 267088 267092 267210 267214 268554 268558 269295 269299 271694 271698 271896 271900 272358 272362 275154 275158 275760 275764 277033 277037 278048 278052 279113 279117 279648 279652 279887 279891 285913 285917 286596 286600 287358 287362 287545 287549 291385 291389 291559 291563 291745 291749 291796 291800 292538 292542 296916 296920 300480 300484 300621 300625 302648 302652 303480 303484 305796 305800 306575 306579 306934 306938 307508 307512 308207 308211 308216 308220 308409 308413 309330 309334 315962 315966 322139 322143 322196 322200 322651 322655 326026 326030 326383 326387 330496 330500 333696 333700 335176 335180 341111 341115 341153 341157 341671 341675 342828 342832 343010 343014 343219 343223 344791 344795 345112 345116 345955 345959 348749 348753 349275 349279 351296 351300 352996 353000 353703 353707 354577 354581 358096 358100 361374 361378 362064 362068 366614 366618 367467 367471 368565 368569 370496 370500 371476 371480 379090 379094 380796 380800 381396 381400 383926 383930 386096 386100 386879 386883 386886 386890 388006 388010 390108 390112 392631 392635 393096 393100 399764 399768 399790 399794 400996 401000 401361 401365 402034 402038 403129 403133 404068 404072 405057 405061 405396 405400 406068 406072 406085 406089 406870 406874 407316 407320 408139 408143 410157 410161 412821 412825 416534 416538 417960 417964 421196 421200 423955 423959 429396 429400 430296 430300 430796 430800 435996 436000 451128 451132 454357 454361 454596 454600 457561 457565 457596 457600 457673 457677 458035 458039 462317 462321 462325 462329 465259 465263 465896 465900 466528 466532 467731 467735 468486 468490 468522 468526 468596 468600 471496 471500 471533 471537 473235 473239 473480 473484 473896 473900 477151 477155 479311 479315 480522 480526 480720 480724 481296 481300 481967 481971 484053 484057 485383 485387 486680 486684 488421 488425 489102 489106 489910 489914 491035 491039 493304 493308 496688 496692 504096 504100 504396 504400 505819 505823 507512 507516 507853 507857 508396 508400 510282 510286 511570 511574 512440 512444 512950 512954 512996 513000 513512 513516 514688 514692 517037 517041 518196 518200 520790 520794 521053 521057 521059 521063 526430 526434 526793 526797 529725 529729 533514 533518 533682 533686 539858 539862 540491 540495 541878 541882 544696 544700 546822 546826 547296 547300 548327 548331 548796 548800 551149 551153 551703 551707 551835 551839 554256 554260 554410 554414 554615 554619 556788 556792 559020 559024 563067 563071 563743 563747 563974 563978 564941 564945 567074 567078 567294 567298 571620 571624 571722 571726 572196 572200 572648 572652 574384 574388 574696 574700 575216 575220 575763 575767 577220 577224 578042 578046 578281 578285 578418 578422 579660 579664 580006 580010 581596 581600 581944 581948 582077 582081 584896 584900 586349 586353 587563 587567 588470 588474 589865 589869 590182 590186 590223 590227 592682 592686 595337 595341 598004 598008 599136 599140 601396 601400 602581 602585 606707 606711 607344 607348 609563 609567 609612 609616 612047 612051 616390 616394 616433 616437 617167 617171 618894 618898 618985 618989 619193 619197 619250 619254 622893 622897 624208 624212 626882 626886 628149 628153 629418 629422 631406 631410 631558 631562 634408 634412 637763 637767 638575 638579 639696 639700 640432 640436 642096 642100 646375 646379 646404 646408 647045 647049 651991 651995 652613 652617 653096 653100 653506 653510 654296 654300 655596 655600 656936 656940 657396 657400 658942 658946 661717 661721 661778 661782 662296 662300 663773 663777 664137 664141 664380 664384 669615 669619 670296 670300 672937 672941 675403 675407 676564 676568 676891 676895 678796 678800 679337 679341 681032 681036 681496 681500 682256 682260 686596 686600 687806 687810 691106 691110 691429 691433 693233 693237 694029 694033 694444 694448 694610 694614 695511 695515 699325 699329 699887 699891 700523 700527 701526 701530 701635 701639 702242 702246 704096 704100 704257 704261 704544 704548 706596 706600 706625 706629 707147 707151 708696 708700 710109 710113 710596 710600 711917 711921 712005 712009 714196 714200 716419 716423 0 0 
5 466
3361 3366 4919 4924 6457 6462 6519 6524 7316 7321 8607 8612 9995 10000 11895 11900 12165 12170 13389 13394 13477 13482 13495 13500 15284 15289 16516 16521 17390 17395 22255 22260 25295 25300 26895 26900 30172 30177 31163 31168 31170 31175 32693 32698 36878 36883 37395 37400 43395 43400 43862 43867 44583 44588 45071 45076 47569 47574 47584 47589 47753 47758 50223 50228 50713 50718 52402 52407 52451 52456 55166 55171 56995 57000 57289 57294 58695 58700 60951 60956 64137 64142 64195 64200 72002 72007 72055 72060 72095 72100 77824 77829 78595 78600 79818 79823 80346 80351 81530 81535 82480 82485 84785 84790 89015 89020 94595 94600 95322 95327 96945 96950 98047 98052 99451 99456 100758 100763 103731 103736 112495 112500 114068 114073 119665 119670 120983 120988 121631 121636 123424 123429 123538 123543 124795 124800 131395 131400 135192 135197 138130 138135 139354 139359 139387 139392 142777 142782 143813 143818 143867 143872 150328 150333 150689 150694 151932 151937 152109 152114 152116 152121 155612 155617 158495 158500 158833 158838 160395 160400 162436 162441 162541 162546 163706 163711 168279 168284 170609 170614 171090 171095 171363 171368 172195 172200 173591 173596 174295 174300 176618 176623 177273 177278 178095 178100 178686 178691 179144 179149 180528 180533 180918 180923 182847 182852 185945 185950 186634 186639 187288 187293 187708 187713 187820 187825 188395 188400 188795 188800 189484 189489 190306 190311 190347 190352 190354 190359 192988 192993 194192 194197 194344 194349 200095 200100 200394 200399 200923 200928 200931 200936 200989 200994 201034 201039 201074 201079 204988 204993 208936 208941 209287 209292 210316 210321 212254 212259 215495 215500 215930 215935 216513 216518 217531 217536 217573 217578 219695 219700 219742 219747 220263 220268 222751 222756 228283 228288 230179 230184 230768 230773 231370 231375 231952 231957 237560 237565 239281 239286 239354 239359 244013 244018 244022 244027 244345 244350 245731 245736 251095 251100 252311 252316 253942 253947 255940 255945 256495 256500 256595 256600 256716 256721 257417 257422 257872 257877 258295 258300 259809 259814 259937 259942 261176 261181 261532 261537 266795 266800 267460 267465 271252 271257 273895 273900 274443 274448 275295 275300 275481 275486 275695 275700 275705 275710 275769 275774 276392 276397 276695 276700 276745 276750 277024 277029 277925 277930 279154 279159 280737 280742 281378 281383 281748 281753 283075 283080 286177 286182 287345 287350 287938 287943 289047 289052 289065 289070 289995 290000 291551 291556 291732 291737 292173 292178 292181 292186 294570 294575 295512 295517 296021 296026 298677 298682 300237 300242 300559 300564 301783 301788 303450 303455 303595 303600 303877 303882 303995 304000 304951 304956 305107 305112 306728 306733 308295 308300 308672 308677 312395 312400 313223 313228 313231 313236 313395 313400 318642 318647 319867 319872 329488 329493 330074 330079 330479 330484 330536 330541 330939 330944 332295 332300 338331 338336 339582 339587 339895 339900 341552 341557 345184 345189 345387 345392 346922 346927 349268 349273 352567 352572 352795 352800 354084 354089 355036 355041 356383 356388 356539 356544 358355 358360 365140 365145 366278 366283 367641 367646 369595 369600 371851 371856 372617 372622 379082 379087 381534 381539 387395 387400 390371 390376 390951 390956 395411 395416 397286 397291 397295 397300 400128 400133 400754 400759 406749 406754 406876 406881 408177 408182 408595 408600 409152 409157 409595 409600 411333 411338 411876 411881 412034 412039 412514 412519 412541 412546 414479 414484 415309 415314 416986 416991 421546 421551 422280 422285 422434 422439 422443 422448 424595 424600 425695 425700 431429 431434 431436 431441 439459 439464 440660 440665 443839 443844 448595 448600 449307 449312 453734 453739 457418 457423 458695 458700 458895 458900 461229 461234 463995 464000 464193 464198 466455 466460 467687 467692 467695 467700 470914 470919 474095 474100 477118 477123 477395 477400 478511 478516 479508 479513 480772 480777 482308 482313 482620 482625 482727 482732 487361 487366 488560 488565 488751 488756 489217 489222 491194 491199 493678 493683 495254 495259 496195 496200 498168 498173 499895 499900 503495 503500 504179 504184 505395 505400 510295 510300 510878 510883 511529 511534 511629 511634 514192 514197 514295 514300 517788 517793 520995 521000 522180 522185 522818 522823 523389 523394 526105 526110 529409 529414 531036 531041 531385 531390 531884 531889 533395 533400 533545 533550 536769 536774 541604 541609 545661 545666 547795 547800 548010 548015 548766 548771 550709 550714 551503 551508 553772 553777 553842 553847 553995 554000 554147 554152 556780 556785 557295 557300 560753 560758 560773 560778 562222 562227 564919 564924 565271 565276 565295 565300 566867 566872 567145 567150 568788 568793 570129 570134 570791 570796 574311 574316 574376 574381 574620 574625 576584 576589 577495 577500 577936 577941 580495 580500 582083 582088 584075 584080 586513 586518 588586 588591 589010 589015 589690 589695 592408 592413 592795 592800 595437 595442 596093 596098 597882 597887 599448 599453 600513 600518 601136 601141 602595 602600 604075 604080 605125 605130 607195 607200 607821 607826 607850 607855 610418 610423 610754 610759 611504 611509 611968 611973 612883 612888 613490 613495 619343 619348 620606 620611 620773 620778 621981 621986 624117 624122 625310 625315 627925 627930 629477 629482 631330 631335 631535 631540 633285 633290 634029 634034 635087 635092 636316 636321 637795 637800 637846 637851 638069 638074 639688 639693 641177 641182 642795 642800 643895 643900 644680 644685 645891 645896 647295 647300 649180 649185 649995 650000 652148 652153 652788 652793 653086 653091 655818 655823 656595 656600 657051 657056 658712 658717 662981 662986 665373 665378 666881 666886 667658 667663 668975 668980 669790 669795 671540 671545 672317 672322 675295 675300 675469 675474 675972 675977 676757 676762 677295 677300 678543 678548 682180 682185 682995 683000 683295 683300 686226 686231 687717 687722 688325 688330 689981 689986 692595 692600 693241 693246 693812 693817 694008 694013 694630 694635 696064 696069 697311 697316 697983 697988 699579 699584 700430 700435 701731 701736 701747 701752 702295 702300 702843 702848 703595 703600 704361 704366 704368 704373 711767 711772 712843 712848 712971 712976 714570 714575 714972 714977 716828 716833 
6 432
1494 1500 9114 9120 9410 9416 10864 10870 11294 11300 13950 13956 14612 14618 18548 18554 18794 18800 20594 20600 22269 22275 33363 33369 34228 34234 35312 35318 37753 37759 40009 40015 40028 40034 41358 41364 43675 43681 43773 43779 43833 43839 46494 46500 46693 46699 47760 47766 48510 48516 49894 49900 50694 50700 52794 52800 53917 53923 54616 54622 56668 56674 56676 56682 64181 64187 67513 67519 72385 72391 73594 73600 80309 80315 81226 81232 82394 82400 87781 87787 87831 87837 89414 89420 89730 89736 91344 91350 96518 96524 97221 97227 98415 98421 99743 99749 102194 102200 102508 102514 104394 104400 107566 107572 110580 110586 112170 112176 114245 114251 126823 126829 127554 127560 128362 128368 128994 129000 129104 129110 131037 131043 132094 132100 134794 134800 134909 134915 137173 137179 138957 138963 139976 139982 140494 140500 141514 141520 141594 141600 142155 142161 142638 142644 147421 147427 147574 147580 148754 148760 150579 150585 152243 152249 155619 155625 157183 157189 159245 159251 159627 159633 161648 161654 167431 167437 167634 167640 168080 168086 169013 169019 169329 169335 169794 169800 169920 169926 169968 169974 170764 170770 171306 171312 174184 174190 177254 177260 177456 177462 179345 179351 179505 179511 180132 180138 181644 181650 182839 182845 186094 186100 186414 186420 186715 186721 187013 187019 188760 188766 189440 189446 189472 189478 190319 190325 192951 192957 193404 193410 195034 195040 196289 196295 197660 197666 199514 199520 199957 199963 199994 200000 200021 200027 200794 200800 204909 204915 204977 204983 207194 207200 209694 209700 210056 210062 211045 211051 212007 212013 216544 216550 218475 218481 222886 222892 225355 225361 227388 227394 228210 228216 228404 228410 228580 228586 228990 228996 231502 231508 231850 231856 236327 236333 237725 237731 239320 239326 239867 239873 239875 239881 242521 242527 243994 244000 245571 245577 247326 247332 247661 247667 249194 249200 249991 249997 261741 261747 263590 263596 264194 264200 267078 267084 267451 267457 267753 267759 267887 267893 269234 269240 271494 271500 272983 272989 273394 273400 273608 273614 273669 273675 277794 277800 283594 283600 284670 284676 290772 290778 292575 292581 295347 295353 295749 295755 296767 296773 297068 297074 297702 297708 298441 298447 298586 298592 298778 298784 303304 303310 306252 306258 307603 307609 308094 308100 309461 309467 312285 312291 313127 313133 315781 315787 316615 316621 316919 316925 317994 318000 318485 318491 319354 319360 320103 320109 322964 322970 323183 323189 324135 324141 324238 324244 326261 326267 326554 326560 329316 329322 331350 331356 332388 332394 334707 334713 334762 334768 334794 334800 335016 335022 338110 338116 341894 341900 342438 342444 342457 342463 345673 345679 346719 346725 347829 347835 348791 348797 349512 349518 349760 349766 352988 352994 354512 354518 354694 354700 355918 355924 356982 356988 359247 359253 359261 359267 359456 359462 364021 364027 367459 367465 368516 368522 370485 370491 371072 371078 372412 372418 372659 372665 378040 378046 379419 379425 380435 380441 382510 382516 382650 382656 382703 382709 383916 383922 384815 384821 385004 385010 386294 386300 387194 387200 393379 393385 398607 398613 400910 400916 400926 400932 404730 404736 406965 406971 407532 407538 408317 408323 411472 411478 414026 414032 414717 414723 417839 417845 418323 418329 420110 420116 420484 420490 421158 421164 427033 427039 427557 427563 431067 431073 434094 434100 434453 434459 435775 435781 436694 436700 439364 439370 440315 440321 442194 442200 442785 442791 442794 442800 443894 443900 444794 444800 448425 448431 451240 451246 453887 453893 456594 456600 462770 462776 463479 463485 467644 467650 470904 470910 478889 478895 479780 479786 480394 480400 480637 480643 481394 481400 481994 482000 483842 483848 486858 486864 486894 486900 487394 487400 495246 495252 496513 496519 496529 496535 496680 496686 501592 501598 505131 505137 506252 506258 511794 511800 512419 512425 514928 514934 515894 515900 516794 516800 519328 519334 523309 523315 525294 525300 525694 525700 533809 533815 534094 534100 534139 534145 534494 534500 536449 536455 536794 536800 536994 537000 539219 539225 545726 545732 546286 546292 546808 546814 550718 550724 553409 553415 554432 554438 555781 555787 556923 556929 563303 563309 567540 567546 573484 573490 573860 573866 574319 574325 575755 575761 576194 576200 578094 578100 578430 578436 578915 578921 579185 579191 580233 580239 581688 581694 586505 586511 586794 586800 587194 587200 590137 590143 591010 591016 597087 597093 597264 597270 597874 597880 598337 598343 600678 600684 602223 602229 602294 602300 603888 603894 607176 607182 607881 607887 609662 609668 609711 609717 609873 609879 610993 610999 612032 612038 612862 612868 616685 616691 616937 616943 619151 619157 627620 627626 628579 628585 628748 628754 629212 629218 630033 630039 631172 631178 632690 632696 634250 634256 634460 634466 636170 636176 639666 639672 640291 640297 646104 646110 646367 646373 647884 647890 649037 649043 649637 649643 650321 650327 651594 651600 651981 651987 653874 653880 654394 654400 656032 656038 656869 656875 661648 661654 662682 662688 664126 664132 665004 665010 666864 666870 666909 666915 670416 670422 671158 671164 673137 673143 674594 674600 674794 674800 676121 676127 678930 678936 679315 679321 680134 680140 680385 680391 680794 680800 681812 681818 682912 682918 683264 683270 684389 684395 685918 685924 686020 686026 686211 686217 686394 686400 687446 687452 687726 687732 689112 689118 691826 691832 694869 694875 695389 695395 696741 696747 697939 697945 698118 698124 698650 698656 701517 701523 701534 701540 701694 701700 704353 704359 705552 705558 706851 706857 708262 708268 709594 709600 710924 710930 714610 714616 715794 715800 716494 716500 717494 717500 717930 717936 718194 718200 718794 718800 719274 719280 719358 719364 0 0 
7 337
2666 2673 3893 3900 8493 8500 10878 10885 11592 11599 12985 12992 15450 15457 16680 16687 17541 17548 18782 18789 21152 21159 21810 21817 26813 26820 27127 27134 29069 29076 34750 34757 37510 37517 39521 39528 41393 41400 45216 45223 47528 47535 50129 50136 51875 51882 51956 51963 52439 52446 58375 58382 59274 59281 59993 60000 61368 61375 63162 63169 65607 65614 69517 69524 69825 69832 76285 76292 78483 78490 79013 79020 79078 79085 80320 80327 84726 84733 90716 90723 91161 91168 93315 93322 95910 95917 96658 96665 97268 97275 98793 98800 99833 99840 100893 100900 100993 101000 102760 102767 104010 104017 108666 108673 113779 113786 114814 114821 114990 114997 117018 117025 119047 119054 119463 119470 121152 121159 123524 123531 123793 123800 124093 124100 126493 126500 127075 127082 127087 127094 133693 133700 133832 133839 138366 138373 141048 141055 143393 143400 150007 150014 150019 150026 150646 150653 151959 151966 152710 152717 153493 153500 167164 167171 167418 167425 172682 172689 174251 174258 179158 179165 179174 179181 179369 179376 179460 179467 180193 180200 180988 180995 181693 181700 182550 182557 183379 183386 187510 187517 192566 192573 194376 194383 194466 194473 195707 195714 197580 197587 198979 198986 201152 201159 201163 201170 201928 201935 202193 202200 203364 203371 205326 205333 206293 206300 212709 212716 217976 217983 218410 218417 219758 219765 225876 225883 226874 226881 227576 227583 227685 227692 230842 230849 231513 231520 232218 232225 237123 237130 237132 237139 240013 240020 240684 240691 248149 248156 251083 251090 256080 256087 256638 256645 257213 257220 258284 258291 263772 263779 264950 264957 276050 276057 276318 276325 278906 278913 279411 279418 279693 279700 285047 285054 289693 289700 290109 290116 296593 296600 296923 296930 299493 299500 301555 301562 308661 308668 310762 310769 314705 314712 316428 316435 316664 316671 318036 318043 318220 318227 319643 319650 319660 319667 319876 319883 321593 321600 322364 322371 323958 323965 327916 327923 333342 333349 333882 333889 334189 334196 338118 338125 341435 341442 342293 342300 344210 344217 346193 346200 346688 346695 348279 348286 350212 350219 353893 353900 359827 359834 363421 363428 366518 366525 368054 368061 368065 368072 370432 370439 371293 371300 375779 375786 381277 381284 386493 386500 391293 391300 396993 397000 405326 405333 411346 411353 415006 415013 417137 417144 417593 417600 418728 418735 421993 422000 426485 426492 427639 427646 428192 428199 446826 446833 446993 447000 458026 458033 459218 459225 459954 459961 462516 462523 462525 462532 465869 465876 467393 467400 468157 468164 468626 468633 468793 468800 470615 470622 471355 471362 472474 472481 473681 473688 482253 482260 482293 482300 482321 482328 494193 494200 495111 495118 495993 496000 496019 496026 496563 496570 498193 498200 503138 503145 503439 503446 505743 505750 510766 510773 511579 511586 512428 512435 515793 515800 517079 517086 519293 519300 524693 524700 524907 524914 525817 525824 526421 526428 528335 528342 529193 529200 531872 531879 532827 532834 534011 534018 534339 534346 534363 534370 534393 534400 534987 534994 535546 535553 535623 535630 536319 536326 536329 536336 538208 538215 539275 539282 540563 540570 545312 545319 545845 545852 548754 548761 549539 549546 550787 550794 553383 553390 555693 555700 560735 560742 560863 560870 561562 561569 564015 564022 566713 566720 567978 567985 570112 570119 571626 571633 572293 572300 572310 572317 578551 578558 578749 578756 581213 581220 585366 585373 585987 585994 587182 587189 591929 591936 595649 595656 597040 597047 598093 598100 599193 599200 600407 600414 600422 600429 603558 603565 604058 604065 605573 605580 610493 610500 611912 611919 613038 613045 613663 613670 613863 613870 614344 614351 615969 615976 616675 616682 617174 617181 617293 617300 617558 617565 619142 619149 619211 619218 619938 619945 622068 622075 624332 624339 625987 625994 627558 627565 630024 630031 632659 632666 633267 633274 633691 633698 634840 634847 635350 635357 635875 635882 636656 636663 637991 637998 639927 639934 641674 641681 643067 643074 644135 644142 646393 646400 647093 647100 647393 647400 651174 651181 652745 652752 652847 652854 655872 655879 659447 659454 663893 663900 664629 664636 670593 670600 671768 671775 676209 676216 677225 677232 679993 680000 682690 682697 683286 683293 691727 691734 692264 692271 693478 693485 696218 696225 699176 699183 699305 699312 699331 699338 702068 702075 702251 702258 703352 703359 704286 704293 707713 707720 709029 709036 716282 716289 717874 717881 719126 719133 
8 342
215 223 292 300 3723 3731 5692 5700 7507 7515 7865 7873 8480 8488 9123 9131 16652 16660 17482 17490 20552 20560 21389 21397 23116 23124 25139 25147 31286 31294 31455 31463 32036 32044 37805 37813 38035 38043 43089 43097 46649 46657 50647 50655 51136 51144 55212 55220 57735 57743 58615 58623 59075 59083 60153 60161 61619 61627 62719 62727 63092 63100 63704 63712 67655 67663 70245 70253 70413 70421 72374 72382 78975 78983 80527 80535 81557 81565 83182 83190 85085 85093 85969 85977 87229 87237 89844 89852 94068 94076 95330 95338 99843 99851 105234 105242 113753 113761 113954 113962 116242 116250 118050 118058 118829 118837 120411 120419 120913 120921 124158 124166 126540 126548 128392 128400 128633 128641 129713 129721 132492 132500 136592 136600 144308 144316 152127 152135 157628 157636 163592 163600 165832 165840 168492 168500 169280 169288 173857 173865 177192 177200 177485 177493 181607 181615 182509 182517 182582 182590 184071 184079 185075 185083 186045 186053 200009 200017 200054 200062 200660 200668 201179 201187 202026 202034 204954 204962 210330 210338 211292 211300 219792 219800 221147 221155 228547 228555 232737 232745 236446 236454 237156 237164 240484 240492 242854 242862 243692 243700 251461 251469 253174 253182 253258 253266 256919 256927 257363 257371 261411 261419 262392 262400 266775 266783 279580 279588 281354 281362 285216 285224 286160 286168 286292 286300 288290 288298 289522 289530 292156 292164 292369 292377 292440 292448 293423 293431 297373 297381 297737 297745 301589 301597 301722 301730 305959 305967 306550 306558 307760 307768 308643 308651 312256 312264 314556 314564 319292 319300 322974 322982 326218 326226 326229 326237 328663 328671 329217 329225 329392 329400 330508 330516 332092 332100 339412 339420 341633 341641 342478 342486 343792 343800 353392 353400 355392 355400 358033 358041 367811 367819 370092 370100 371743 371751 372092 372100 372540 372548 374309 374317 374606 374614 379788 379796 385892 385900 389138 389146 389313 389321 389341 389349 390353 390361 394209 394217 399225 399233 401367 401375 402983 402991 405289 405297 405744 405752 407353 407361 411483 411491 412092 412100 412105 412113 414036 414044 414092 414100 418892 418900 427390 427398 429659 429667 433192 433200 441716 441724 441863 441871 443535 443543 444268 444276 446972 446980 449932 449940 451492 451500 453849 453857 454112 454120 457289 457297 458046 458054 459127 459135 459345 459353 459762 459770 460392 460400 461510 461518 461563 461571 462057 462065 462092 462100 468585 468593 469129 469137 471364 471372 477163 477171 480192 480200 482330 482338 483092 483100 483340 483348 483654 483662 486568 486576 487255 487263 489744 489752 495367 495375 495659 495667 496009 496017 499549 499557 501361 501369 501392 501400 504380 504388 504628 504636 505826 505834 509235 509243 510007 510015 510814 510822 511292 511300 513677 513685 514992 515000 516012 516020 517774 517782 518160 518168 518823 518831 524024 524032 529392 529400 531280 531288 532568 532576 533820 533828 534807 534815 535584 535592 538651 538659 541447 541455 542207 542215 543429 543437 544078 544086 546437 546445 546940 546948 547872 547880 551251 551259 551560 551568 556342 556350 557767 557775 558092 558100 560364 560372 560788 560796 562210 562218 562231 562239 565807 565815 565850 565858 566262 566270 568642 568650 568723 568731 570061 570069 570774 570782 573655 573663 573985 573993 574627 574635 575169 575177 576755 576763 578048 578056 584085 584093 585353 585361 585755 585763 587092 587100 590392 590400 591450 591458 591592 591600 592592 592600 594313 594321 595345 595353 597014 597022 597792 597800 599335 599343 599474 599482 600029 600037 600644 600652 601725 601733 606717 606725 608167 608175 608180 608188 608192 608200 608573 608581 609572 609580 611553 611561 612604 612612 614263 614271 616709 616717 617188 617196 620270 620278 620652 620660 622957 622965 622992 623000 625092 625100 627028 627036 628764 628772 629509 629517 634577 634585 638292 638300 639226 639234 641551 641559 642163 642171 643036 643044 643462 643470 644392 644400 644892 644900 645840 645848 656042 656050 657382 657390 658746 658754 665014 665022 665626 665634 669223 669231 669492 669500 669635 669643 671269 671277 676570 676578 678477 678485 678815 678823 683815 683823 686080 686088 686115 686123 686358 686366 687430 687438 691812 691820 692252 692260 693557 693565 694351 694359 695524 695532 697292 697300 697392 697400 697692 697700 697992 698000 698321 698329 698640 698648 698760 698768 699554 699562 702080 702088 703381 703389 704534 704542 708421 708429 711611 711619 713507 713515 716175 716183 717066 717074 718072 718080 718377 718385 
9 316
1077 1086 12708 12717 16664 16673 17616 17625 18669 18678 19470 19479 19776 19785 20513 20522 20541 20550 21831 21840 24940 24949 25115 25124 25324 25333 26375 26384 27107 27116 28113 28122 29079 29088 31731 31740 33876 33885 34783 34792 37342 37351 38740 38749 48691 48700 58891 58900 67626 67635 67638 67647 75939 75948 77838 77847 79032 79041 81726 81735 82126 82135 83572 83581 83591 83600 86329 86338 89114 89123 89339 89348 89573 89582 95691 95700 103056 103065 104020 104029 105012 105021 105836 105845 108137 108146 108575 108584 108975 108984 109843 109852 110191 110200 111946 111955 114049 114058 114091 114100 114176 114185 119008 119017 119620 119629 120591 120600 121445 121454 121780 121789 123779 123788 124139 124148 125391 125400 127062 127071 127891 127900 128471 128480 130248 130257 136636 136645 141724 141733 146215 146224 146520 146529 150531 150540 150939 150948 151525 151534 154782 154791 163744 163753 164235 164244 166491 166500 174453 174462 178512 178521 179381 179390 179691 179700 180312 180321 181146 181155 183364 183373 184016 184025 184491 184500 185058 185067 186751 186760 188384 188393 189429 189438 191519 191528 196940 196949 198756 198765 199528 199537 199791 199800 202043 202052 206022 206031 208725 208734 210105 210114 213348 213357 213850 213859 213891 213900 215469 215478 221907 221916 224381 224390 225332 225341 230948 230957 231091 231100 239329 239338 240619 240628 242357 242366 243791 243800 248168 248177 248517 248526 251244 251253 263364 263373 263891 263900 269280 269289 272387 272396 272845 272854 276576 276585 282218 282227 288371 288380 289035 289044 294715 294724 300691 300700 302518 302527 302585 302594 303405 303414 303866 303875 310291 310300 310746 310755 311359 311368 311868 311877 312011 312020 314313 314322 315825 315834 318057 318066 319973 319982 319991 320000 322588 322597 323119 323128 325413 325422 328650 328659 334291 334300 338991 339000 339691 339700 340924 340933 341117 341126 341367 341376 343555 343564 346991 347000 347873 347882 352576 352585 356991 357000 358534 358543 363891 363900 366064 366073 370326 370335 371274 371283 374038 374047 377512 377521 380707 380716 380782 380791 385491 385500 390057 390066 392619 392628 394391 394400 394691 394700 396939 396948 397341 397350 397816 397825 398819 398828 398991 399000 404055 404064 410591 410600 414148 414157 415767 415776 416209 416218 417824 417833 419440 419449 421315 421324 422320 422329 428063 428072 428466 428475 442337 442346 448973 448982 452636 452645 454380 454389 455613 455622 457122 457131 458084 458093 460491 460500 462447 462456 462976 462985 463081 463090 464030 464039 465247 465256 466691 466700 467380 467389 467672 467681 470647 470656 473753 473762 475625 475634 477767 477776 479816 479825 482510 482519 484691 484700 486686 486695 487440 487449 489769 489778 494531 494540 496575 496584 505731 505740 507078 507087 507859 507868 519891 519900 520476 520485 521743 521752 526636 526645 529703 529712 531941 531950 533526 533535 534107 534116 540821 540830 540862 540871 541280 541289 541430 541439 542059 542068 544486 544495 545616 545625 554370 554379 561073 561082 561143 561152 562023 562032 562716 562725 562759 562768 566635 566644 570631 570640 570911 570920 572654 572663 576917 576926 578566 578575 579531 579540 582191 582200 589988 589997 592463 592472 593153 593162 594323 594332 595125 595134 595926 595935 597144 597153 597731 597740 604839 604848 608791 608800 610673 610682 616413 616422 616917 616926 617791 617800 620453 620462 622788 622797 626373 626382 628525 628534 631581 631590 634631 634640 634654 634663 637526 637535 638123 638132 638210 638219 639941 639950 641221 641230 641540 641549 643428 643437 643591 643600 643911 643920 644228 644237 647516 647525 649613 649622 652758 652767 653591 653600 661179 661188 661617 661626 661784 661793 663242 663251 666757 666766 669116 669125 671291 671300 671757 671766 672336 672345 672582 672591 674774 674783 675721 675730 676580 676589 679591 679600 681066 681075 683850 683859 685109 685118 688051 688060 688425 688434 688491 688500 691091 691100 694827 694836 702261 702270 703391 703400 704639 704648 704791 704800 705539 705548 705925 705934 706634 706643 708029 708038 709057 709066 709179 709188 710125 710134 710321 710330 712865 712874 713763 713772 713831 713840 713849 713858 716871 716880 
10 306
506 516 2168 2178 3629 3639 5679 5689 10782 10792 13055 13065 20457 20467 25448 25458 29139 29149 38717 38727 41490 41500 42086 42096 43252 43262 50834 50844 51524 51534 57685 57695 58390 58400 59285 59295 61379 61389 62168 62178 62342 62352 64545 64555 77116 77126 82490 82500 86380 86390 92476 92486 92871 92881 97209 97219 103712 103722 106660 106670 107074 107084 109134 109144 112158 112168 113766 113776 117390 117400 122310 122320 123230 123240 126516 126526 126620 126630 127244 127254 130134 130144 138151 138161 138965 138975 139338 139348 140522 140532 140631 140641 143876 143886 145827 145837 146732 146742 151565 151575 151780 151790 158608 158618 159159 159169 159612 159622 162726 162736 169338 169348 176128 176138 176383 176393 176673 176683 178022 178032 178530 178540 182525 182535 186025 186035 188960 188970 198265 198275 200380 200390 201083 201093 201947 201957 202742 202752 203016 203026 203566 203576 209476 209486 215457 215467 220290 220300 222708 222718 223459 223469 226418 226428 228290 228300 229108 229118 229134 229144 229829 229839 229871 229881 238345 238355 242506 242516 250233 250243 250677 250687 252704 252714 253752 253762 253878 253888 257174 257184 257274 257284 259375 259385 260258 260268 262418 262428 263572 263582 264215 264225 264229 264239 265068 265078 267104 267114 267674 267684 269590 269600 271237 271247 275537 275547 275636 275646 278790 278800 283541 283551 283864 283874 285010 285020 285766 285776 288790 288800 289118 289128 293749 293759 296106 296116 299988 299998 308190 308200 308229 308239 324225 324235 331336 331346 333260 333270 337136 337146 338403 338413 338490 338500 338615 338625 339540 339550 342735 342745 345453 345463 345990 346000 346608 346618 349411 349421 351037 351047 351404 351414 356890 356900 358047 358057 358080 358090 358960 358970 363810 363820 363823 363833 365119 365129 368019 368029 369914 369924 370713 370723 373812 373822 374670 374680 375882 375892 376602 376612 376845 376855 380590 380600 383245 383255 385878 385888 386270 386280 386365 386375 396890 396900 397326 397336 398037 398047 398704 398714 400739 400749 401390 401400 404076 404086 406975 406985 407926 407936 409319 409329 413878 413888 415626 415636 421177 421187 423965 423975 434004 434014 436725 436735 450429 450439 450690 450700 456085 456095 456721 456731 458613 458623 459332 459342 460463 460473 462238 462248 467165 467175 468508 468518 469860 469870 473779 473789 474850 474860 474875 474885 476090 476100 479636 479646 480114 480124 480779 480789 480946 480956 481215 481225 483817 483827 487759 487769 493619 493629 503375 503385 503454 503464 506514 506524 511512 511522 512484 512494 518615 518625 520156 520166 522947 522957 525680 525690 535990 536000 536778 536788 539446 539456 540329 540339 540519 540529 540947 540957 541132 541142 541265 541275 542518 542528 542719 542729 542858 542868 545830 545840 551340 551350 554539 554549 554672 554682 555814 555824 563090 563100 563573 563583 566483 566493 569106 569116 578061 578071 581509 581519 584333 584343 587276 587286 588563 588573 590254 590264 594926 594936 595637 595647 596983 596993 597832 597842 597973 597983 598753 598763 599386 599396 602048 602058 606275 606285 607306 607316 608109 608119 615488 615498 616317 616327 619351 619361 621261 621271 624917 624927 626755 626765 627990 628000 628379 628389 628911 628921 629805 629815 632831 632841 632876 632886 633351 633361 634526 634536 635843 635853 637938 637948 638790 638800 639647 639657 641564 641574 642290 642300 643010 643020 643369 643379 645876 645886 647864 647874 648515 648525 648578 648588 649661 649671 654078 654088 657252 657262 658210 658220 659458 659468 661632 661642 662659 662669 664611 664621 666770 666780 666790 666800 668690 668700 669331 669341 670547 670557 677816 677826 677874 677884 679479 679489 680143 680153 681050 681060 681077 681087 685190 685200 687541 687551 687734 687744 690882 690892 692018 692028 693069 693079 694087 694097 695674 695684 700678 700688 702719 702729 705956 705966 706613 706623 706820 706830 706838 706848 708056 708066 708159 708169 712957 712967 714081 714091 714336 714346 715764 715774 716270 716280 716837 716847 717078 717088 717840 717850 719370 719380 
11 293
182 193 2822 2833 8089 8100 10816 10827 16523 16534 16571 16582 17553 17564 18240 18251 19750 19761 20754 20765 21136 21147 21302 21313 23132 23143 31150 31161 40113 40124 41046 41057 42252 42263 45989 46000 47789 47800 47976 47987 52425 52436 55248 55259 55815 55826 56687 56698 62873 62884 63447 63458 63717 63728 64168 64179 64589 64600 68718 68729 70489 70500 71321 71332 72330 72341 72457 72468 73758 73769 83356 83367 84770 84781 85314 85325 86915 86926 87766 87777 91223 91234 93409 93420 97956 97967 99471 99482 100487 100498 102215 102226 102556 102567 102711 102722 108677 108688 110124 110135 112289 112300 119877 119888 121616 121627 123546 123557 129070 129081 130389 130400 135108 135119 135285 135296 139689 139700 144412 144423 145858 145869 148062 148073 153818 153829 159275 159286 159289 159300 160454 160465 161623 161634 162423 162434 169416 169427 176320 176331 178063 178074 179085 179096 182689 182700 184187 184198 185380 185391 186723 186734 186789 186800 190928 190939 201572 201583 202263 202274 210067 210078 210386 210397 215147 215158 219189 219200 220277 220288 220789 220800 221189 221200 223213 223224 227271 227282 231048 231059 231189 231200 237327 237338 237768 237779 239961 239972 240645 240656 241275 241286 243823 243834 245156 245167 245718 245729 252454 252465 253704 253715 253787 253798 256758 256769 265139 265150 271582 271593 273651 273662 277912 277923 278458 278469 279289 279300 281281 281292 282289 282300 283844 283855 285889 285900 286914 286925 287422 287433 287675 287686 287717 287728 288457 288468 290177 290188 294323 294334 303011 303022 304657 304668 309119 309130 314568 314579 314581 314592 316522 316533 319150 319161 320386 320397 320431 320442 321161 321172 322211 322222 325359 325370 325850 325861 326308 326319 328979 328990 329917 329928 332849 332860 337123 337134 341277 341288 356817 356828 357525 357536 358689 358700 360464 360475 361632 361643 366527 366538 367987 367998 368031 368042 368823 368834 374816 374827 388308 388319 389354 389365 390006 390017 390029 390040 396560 396571 399710 399721 406639 406650 406818 406829 407265 407276 411317 411328 415813 415824 417460 417471 418012 418023 418310 418321 429346 429357 433443 433454 440121 440132 440672 440683 440719 440730 444103 444114 447189 447200 451138 451149 452189 452200 453873 453884 458219 458230 459382 459393 459562 459573 464342 464353 464951 464962 465733 465744 468472 468483 469148 469159 469579 469590 471340 471351 471689 471700 472486 472497 475018 475029 476417 476428 479147 479158 481021 481032 482735 482746 484372 484383 485989 486000 486586 486597 493657 493668 495274 495285 496735 496746 498054 498065 499879 499890 513204 513215 515511 515522 517556 517567 519004 519015 522740 522751 526489 526500 532585 532596 534150 534161 537861 537872 538630 538641 538906 538917 539422 539433 543689 543700 544028 544039 544953 544964 545713 545724 547608 547619 551689 551700 554417 554428 556865 556876 557152 557163 563557 563568 565589 565600 566766 566777 566852 566863 568989 569000 570372 570383 571667 571678 573442 573453 578759 578770 578835 578846 579218 579229 581310 581321 583146 583157 587943 587954 590551 590562 590762 590773 591077 591088 592665 592676 592948 592959 597457 597468 597472 597483 597742 597753 599947 599958 602034 602045 602270 602281 605652 605663 606345 606356 609460 609471 610979 610990 614789 614800 617762 617773 619980 619991 621623 621634 622821 622832 625974 625985 626075 626086 628934 628945 629525 629536 630041 630052 630926 630937 632746 632757 635384 635395 639236 639247 640212 640223 643746 643757 645189 645200 655276 655287 658569 658580 660389 660400 661158 661169 662746 662757 663184 663195 672889 672900 673316 673327 674761 674772 675278 675289 677652 677663 678938 678949 685123 685134 694232 694243 695312 695323 695570 695581 695650 695661 702743 702754 702769 702780 707483 707494 708084 708095 708389 708400 710022 710033 710626 710637 712557 712568 712802 712813 719509 719520 719831 719842 
12 268
2886 2898 5655 5667 14972 14984 18684 18696 19022 19034 20573 20585 21624 21636 22066 22078 41025 41037 41437 41449 46631 46643 50028 50040 51051 51063 60576 60588 65657 65669 66674 66686 67006 67018 67379 67391 74443 74455 79866 79878 81237 81249 82330 82342 87947 87959 90454 90466 91660 91672 96018 96030 99788 99800 100332 100344 105923 105935 110813 110825 112126 112138 112522 112534 115488 115500 115845 115857 116207 116219 118288 118300 122327 122339 123245 123257 123860 123872 138388 138400 138983 138995 140153 140165 141888 141900 142104 142116 142621 142633 144163 144175 145188 145200 148687 148699 149353 149365 150664 150676 150858 150870 151613 151625 152455 152467 157388 157400 162979 162991 168043 168055 171263 171275 172321 172333 174678 174690 177628 177640 178269 178281 189014 189026 189759 189771 190788 190800 191749 191761 192149 192161 198479 198491 198988 199000 199033 199045 199236 199248 202279 202291 204038 204050 206415 206427 209925 209937 218232 218244 218772 218784 221388 221400 223113 223125 233106 233118 234170 234182 235959 235971 238671 238683 240088 240100 240519 240531 243442 243454 243938 243950 246416 246428 247334 247346 249542 249554 255855 255867 256852 256864 262788 262800 262944 262956 265085 265097 274766 274778 275270 275282 275778 275790 278165 278177 281321 281333 281553 281565 281567 281579 281588 281600 290257 290269 295332 295344 297327 297339 297468 297480 297788 297800 298842 298854 299282 299294 303336 303348 303358 303370 303575 303587 303780 303792 306941 306953 310111 310123 319174 319186 321888 321900 325011 325023 326975 326987 327529 327541 328476 328488 328605 328617 328681 328693 329327 329339 331865 331877 336578 336590 337003 337015 337257 337269 340333 340345 341165 341177 345243 345255 346004 346016 349539 349551 349720 349732 353026 353038 353839 353851 353869 353881 355705 355717 357547 357559 358188 358200 358209 358221 360114 360126 363522 363534 366960 366972 369149 369161 369307 369319 371573 371585 375075 375087 376006 376018 381259 381271 392028 392040 412588 412600 414511 414523 414884 414896 415319 415331 415827 415839 421788 421800 424018 424030 425681 425693 426311 426323 426850 426862 427608 427620 431747 431759 433880 433892 436488 436500 436703 436715 437558 437570 442141 442153 449755 449767 453388 453400 453761 453773 454404 454416 455688 455700 456669 456681 456837 456849 458877 458889 464312 464324 467240 467252 471376 471388 475046 475058 476375 476387 477688 477700 480554 480566 483237 483249 483854 483866 487272 487284 489838 489850 493688 493700 498075 498087 502110 502122 504688 504700 508169 508181 512470 512482 515384 515396 520460 520472 525663 525675 528288 528300 536588 536600 536877 536889 539488 539500 539643 539655 540531 540543 540833 540845 553452 553464 559518 559530 571137 571149 572669 572681 577206 577218 580288 580300 583739 583751 585226 585238 586178 586190 586955 586967 587023 587035 587144 587156 587368 587380 587549 587561 589088 589100 590086 590098 591939 591951 596609 596621 601738 601750 605584 605596 606221 606233 609680 609692 610476 610488 612018 612030 613176 613188 613637 613649 620588 620600 621606 621618 624125 624137 624281 624293 626388 626400 627229 627241 633429 633441 646418 646430 650725 650737 651116 651128 652956 652968 654268 654280 660673 660685 673432 673444 675204 675216 677169 677181 678528 678540 680467 680479 680959 680971 681875 681887 683727 683739 684324 684336 685769 685781 686235 686247 686917 686929 687410 687422 689673 689685 691355 691367 692067 692079 697951 697963 700841 700853 701715 701727 705132 705144 705469 705481 708305 708317 710641 710653 714350 714362 719257 719269 719786 719798 
13 222
5332 5345 6424 6437 7351 7364 8987 9000 10987 11000 12721 12734 20429 20442 22739 22752 30947 30960 33887 33900 37377 37390 38244 38257 39908 39921 56363 56376 85328 85341 86363 86376 88472 88485 91487 91500 108605 108618 111566 111579 119485 119498 120687 120700 123373 123386 128818 128831 129218 129231 133677 133690 134245 134258 138517 138530 140987 141000 141015 141028 141143 141156 142362 142375 148087 148100 149513 149526 150216 150229 150508 150521 153072 153085 155412 155425 158440 158453 161657 161670 162027 162040 168057 168070 172281 172294 172454 172467 177145 177158 179266 179279 190651 190664 190735 190748 193964 193977 194987 195000 195058 195071 196271 196284 199146 199159 205307 205320 210621 210634 211251 211264 211539 211552 213472 213485 218213 218226 225363 225376 226072 226085 226964 226977 230360 230373 230638 230651 230808 230821 236426 236439 243387 243400 244987 245000 246777 246790 247767 247780 249287 249300 250476 250489 252687 252700 253187 253200 256773 256786 257347 257360 257813 257826 257857 257870 259944 259957 264908 264921 272563 272576 276658 276671 277551 277564 278238 278251 284628 284641 287155 287168 291107 291120 294219 294232 302534 302547 302864 302877 307787 307800 315116 315129 318439 318452 318469 318482 320462 320475 321129 321142 321548 321561 322087 322100 323271 323284 325334 325347 326459 326472 327487 327500 329369 329382 330311 330324 331282 331295 332247 332260 334317 334330 336287 336300 341131 341144 341644 341657 345369 345382 347352 347365 348432 348445 348968 348981 350472 350485 354176 354189 362566 362579 367828 367841 373271 373284 381569 381582 385430 385443 390520 390533 403387 403400 405336 405349 406907 406920 408036 408049 408117 408130 416670 416683 426824 426837 427859 427872 428078 428091 428585 428598 431385 431398 439963 439976 440135 440148 440279 440292 441808 441821 442628 442641 444121 444134 445671 445684 452887 452900 459140 459153 459728 459741 463824 463837 468609 468622 469504 469517 476642 476655 479910 479923 483110 483123 491364 491377 493640 493653 498458 498471 498477 498490 499929 499942 504052 504065 505105 505118 507469 507482 508187 508200 511971 511984 512075 512088 514121 514134 515447 515460 524351 524364 529447 529460 530280 530293 531854 531867 532742 532755 533650 533663 537408 537421 538923 538936 541887 541900 549115 549128 553087 553100 556180 556193 556587 556600 557128 557141 563587 563600 564071 564084 564087 564100 568707 568720 569487 569500 570984 570997 573768 573781 575364 575377 578868 578881 581555 581568 585587 585600 589227 589240 589246 589259 592041 592054 599987 600000 600049 600062 602087 602100 602562 602575 603963 603976 605173 605186 608726 608739 612159 612172 612387 612400 613275 613288 616654 616667 618968 618981 619423 619436 622082 622095 622244 622257 623315 623328 628587 628600 632805 632818 640447 640460 640879 640892 644871 644884 648112 648125 657752 657765 658987 659000 661070 661083 669312 669325 692083 692096 697268 697281 707426 707439 714266 714279 715515 715528 718553 718566 
14 247
486 500 14986 15000 15915 15929 19530 19544 24986 25000 30818 30832 31672 31686 33345 33359 37250 37264 43186 43200 44130 44144 50230 50244 51576 51590 52014 52028 52215 52229 55856 55870 56386 56400 61708 61722 62126 62140 64008 64022 70780 70794 73444 73458 73886 73900 83337 83351 89075 89089 97052 97066 99856 99870 102925 102939 105820 105834 107536 107550 108586 108600 115279 115293 117471 117485 117722 117736 120837 120851 123039 123053 127724 127738 128871 128885 133186 133200 140040 140054 140057 140071 144179 144193 149219 149233 149639 149653 151249 151263 153056 153070 154031 154045 155640 155654 156714 156728 164276 164290 168286 168300 168924 168938 170627 170641 173868 173882 175910 175924 178638 178652 180580 180594 182259 182273 184458 184472 185320 185334 186007 186021 187028 187042 189406 189420 201316 201330 202006 202020 202447 202461 203173 203187 204328 204342 209460 209474 211951 211965 218944 218958 222767 222781 224927 224941 225386 225400 226273 226287 226920 226934 227452 227466 228562 228576 229183 229197 231586 231600 237568 237582 244355 244369 246018 246032 246808 246822 257373 257387 259086 259100 260574 260588 263186 263200 267222 267236 267578 267592 267786 267800 272368 272382 272623 272637 272823 272837 273315 273329 275561 275575 281243 281257 281525 281539 288406 288420 288743 288757 289382 289396 292286 292300 292937 292951 296953 296967 298686 298700 303971 303985 316806 316820 316850 316864 319775 319789 320444 320458 321866 321880 323939 323953 325944 325958 326186 326200 329963 329977 330280 330294 334743 334757 335626 335640 345147 345161 346906 346920 347334 347348 348344 348358 363310 363324 367786 367800 369636 369650 376867 376881 385073 385087 389149 389163 396919 396933 398915 398929 404568 404582 405126 405140 405351 405365 406886 406900 409169 409183 416261 416275 421478 421492 426761 426775 427746 427760 428407 428421 443426 443440 443555 443569 447526 447540 450630 450644 451473 451487 457186 457200 463036 463050 463212 463226 467363 467377 469023 469037 475486 475500 476473 476487 476624 476638 478258 478272 478866 478880 479886 479900 487374 487388 489140 489154 491008 491022 499533 499547 502586 502600 504882 504896 511144 511158 512336 512350 513861 513875 514565 514579 515361 515375 518486 518500 525963 525977 526658 526672 528272 528286 528986 529000 530259 530273 531505 531519 532522 532536 537465 537479 544468 544482 552586 552600 553468 553482 554559 554573 564041 564055 567175 567189 570074 570088 573361 573375 573822 573836 578013 578027 579967 579981 584050 584064 585568 585582 586806 586820 589128 589142 590777 590791 600628 600642 602540 602554 604623 604637 609541 609555 614182 614196 614580 614594 622772 622786 622870 622884 625223 625237 627040 627054 627568 627582 628130 628144 628778 628792 629118 629132 632643 632657 635510 635524 635712 635726 637880 637894 642126 642140 642212 642226 650786 650800 656702 656716 656841 656855 659780 659794 660836 660850 661326 661340 662624 662638 662643 662657 665608 665622 670886 670900 673112 673126 674886 674900 678012 678026 683449 683463 685886 685900 685939 685953 687746 687760 688932 688946 691113 691127 693167 693181 694375 694389 695743 695757 696015 696029 698677 698691 699160 699174 699871 699885 700440 700454 706529 706543 708186 708200 709576 709590 713726 713740 716744 716758 719562 719576 719647 719661 0 0 
15 214
6534 6549 7418 7433 12555 12570 13909 13924 13974 13989 14865 14880 16110 16125 33371 33386 33845 33860 34729 34744 35417 35432 40246 40261 42721 42736 42785 42800 45970 45985 50958 50973 56549 56564 62443 62458 63106 63121 66085 66100 70736 70751 72737 72752 73063 73078 73180 73195 76267 76282 96974 96989 99713 99728 99930 99945 108944 108959 112617 112632 116223 116238 119444 119459 125678 125693 128372 128387 130271 130286 134348 134363 140611 140626 141465 141480 141840 141855 147975 147990 148385 148400 152473 152488 152727 152742 152867 152882 158407 158422 164516 164531 172611 172626 180927 180942 181217 181232 188111 188126 192964 192979 193848 193863 193873 193888 197368 197383 200965 200980 201511 201526 209905 209920 212133 212148 216967 216982 218565 218580 219769 219784 223076 223091 224309 224324 236685 236700 241457 241472 241728 241743 249940 249955 253766 253781 253854 253869 257511 257526 259224 259239 276062 276077 279654 279669 281337 281352 281913 281928 283058 283073 284331 284346 286312 286327 296221 296236 297118 297133 297449 297464 297485 297500 299637 299652 301961 301976 303029 303044 306409 306424 316079 316094 316410 316425 318074 318089 320056 320071 323413 323428 325865 325880 326273 326288 331635 331650 332068 332083 337955 337970 339243 339258 339468 339483 341444 341459 343085 343100 346545 346560 347685 347700 351927 351942 353534 353549 357071 357086 358652 358667 368715 368730 381684 381699 384461 384476 387869 387884 392318 392333 396818 396833 400971 400986 401285 401300 403876 403891 407513 407528 413358 413373 416969 416984 417155 417170 419508 419523 419563 419578 427514 427529 439441 439456 450266 450281 450824 450839 451408 451423 451909 451924 453417 453432 457825 457840 465048 465063 466623 466638 468185 468200 471542 471557 473218 473233 475071 475086 484068 484083 486868 486883 488775 488790 489185 489200 490711 490726 496539 496554 499508 499523 502216 502231 509571 509586 511185 511200 511542 511557 518142 518157 529027 529042 532538 532553 534121 534136 534321 534336 535312 535327 535562 535577 535834 535849 537585 537600 546215 546230 547981 547996 550329 550344 551540 551555 551579 551594 554725 554740 563812 563827 564024 564039 566652 566667 568623 568638 574670 574685 576850 576865 578985 579000 585964 585979 587252 587267 587385 587400 590268 590283 603578 603593 604884 604899 607831 607846 614130 614145 616753 616768 616864 616879 617611 617626 622385 622400 624931 624946 627718 627733 628361 628376 629923 629938 630830 630845 631812 631827 641234 641249 643727 643742 644947 644962 648661 648676 649675 649690 651373 651388 652171 652186 652234 652249 654061 654076 654920 654935 660370 660385 660813 660828 660952 660967 667354 667369 668338 668353 681312 681327 686572 686587 691055 691070 691370 691385 695361 695376 696047 696062 699051 699066 699721 699736 700154 700169 700379 700394 714546 714561 716785 716800 719177 719192 
16 216
2565 2581 3284 3300 3312 3328 15964 15980 16542 16558 20729 20745 29267 29283 29565 29581 29584 29600 31110 31126 31711 31727 35906 35922 38763 38779 41368 41384 44154 44170 44711 44727 46606 46622 47144 47160 52584 52600 54131 54147 57045 57061 57368 57384 59944 59960 60684 60700 61215 61231 61473 61489 68653 68669 69767 69783 71461 71477 83046 83062 83155 83171 84931 84947 88610 88626 88807 88823 92017 92033 92633 92649 100275 100291 100311 100327 110963 110979 115255 115271 119081 119097 123162 123178 126473 126489 129450 129466 135171 135187 139364 139380 146578 146594 147555 147571 149051 149067 151584 151600 151724 151740 155552 155568 161073 161089 164322 164338 172484 172500 174233 174249 176140 176156 180817 180833 181339 181355 185267 185283 189538 189554 193464 193480 193984 194000 194637 194653 194939 194955 198458 198474 198960 198976 201215 201231 209869 209885 213023 213039 216567 216583 217541 217557 225159 225175 226584 226600 227422 227438 229057 229073 229163 229179 229914 229930 232474 232490 235008 235024 236457 236473 242105 242121 255948 255964 262033 262049 268265 268281 268307 268323 274079 274095 274979 274995 281855 281871 287856 287872 298750 298766 302412 302428 307519 307535 309666 309682 313245 313261 318281 318297 318624 318640 319312 319328 325484 325500 331484 331500 337278 337294 337662 337678 339709 339725 349281 349297 349959 349975 350838 350854 354044 354060 359621 359637 360284 360300 363216 363232 363835 363851 369371 369387 369603 369619 374962 374978 378463 378479 381143 381159 381236 381252 385126 385142 389845 389861 391621 391637 395429 395445 398263 398279 403777 403793 408156 408172 417775 417791 421921 421937 422450 422466 423933 423949 424856 424872 432784 432800 432984 433000 438141 438157 440043 440059 449423 449439 450084 450100 452555 452571 453828 453844 455124 455140 457877 457893 459772 459788 462284 462300 462333 462349 464519 464535 469105 469121 476884 476900 480659 480675 484673 484689 485948 485964 487451 487467 488207 488223 500017 500033 503184 503200 513480 513496 520384 520400 520958 520974 525831 525847 527060 527076 534438 534454 537968 537984 547554 547570 547684 547700 552050 552066 560246 560262 563284 563300 573456 573472 575862 575878 584237 584253 587323 587339 590504 590520 592974 592990 593843 593859 594584 594600 600784 600800 609384 609400 613236 613252 615950 615966 619868 619884 620512 620528 622974 622990 626864 626880 627956 627972 632771 632787 635728 635744 639119 639135 642831 642847 643442 643458 643568 643584 645755 645771 645853 645869 652769 652785 652906 652922 656915 656931 672465 672481 672840 672856 675184 675200 678220 678236 686321 686337 695115 695131 695234 695250 695446 695462 695723 695739 695884 695900 697064 697080 697921 697937 703362 703378 703527 703543 704654 704670 705252 705268 705847 705863 710146 710162 710572 710588 712825 712841 716149 716165 716851 716867 719041 719057 0 0 
17 198
1373 1390 1940 1957 23148 23165 29843 29860 30061 30078 31422 31439 43841 43858 47768 47785 48420 48437 52169 52186 52241 52258 57557 57574 59683 59700 62464 62481 64752 64769 66883 66900 76883 76900 78533 78550 79340 79357 95464 95481 96424 96441 105245 105262 109883 109900 111655 111672 114845 114862 116778 116795 122875 122892 127209 127226 139242 139259 140021 140038 140473 140490 156066 156083 161767 161784 162476 162493 164045 164062 181624 181641 184656 184673 186423 186440 194354 194371 197619 197636 197668 197685 201783 201800 202076 202093 208463 208480 210514 210531 212572 212589 212671 212688 214765 214782 220483 220500 228263 228280 233020 233037 233127 233144 241483 241500 246225 246242 247672 247689 253957 253974 257122 257139 259833 259850 263073 263090 264983 265000 271216 271233 272864 272881 274421 274438 276425 276442 280749 280766 284679 284696 286371 286388 288315 288332 289007 289024 290956 290973 298538 298555 303944 303961 305717 305734 314324 314341 321908 321925 322343 322360 331358 331375 333317 333334 333569 333586 338971 338988 340983 341000 341244 341261 342565 342582 343633 343650 349324 349341 352735 352752 357383 357400 359048 359065 359077 359094 363655 363672 365571 365588 368771 368788 373322 373339 373483 373500 374567 374584 375673 375690 376883 376900 379145 379162 380949 380966 396132 396149 404112 404129 408863 408880 409358 409375 414412 414429 415335 415352 415640 415657 416283 416300 417924 417941 420624 420641 420763 420780 431083 431100 434261 434278 436467 436484 439337 439354 442383 442400 445069 445086 447973 447990 453573 453590 455823 455840 461038 461055 474403 474420 479835 479852 483955 483972 485683 485700 486465 486482 502125 502142 504239 504256 506713 506730 511747 511764 513425 513442 516983 517000 521283 521300 529416 529433 531259 531276 534783 534800 537566 537583 541683 541700 542873 542890 547120 547137 549928 549945 556973 556990 570705 570722 573626 573643 579118 579135 582056 582073 587917 587934 588313 588330 589270 589287 590704 590721 591876 591893 592713 592730 596071 596088 602304 602321 607323 607340 611329 611346 613017 613034 616356 616373 618176 618193 621636 621653 623805 623822 624583 624600 625672 625689 627937 627954 629177 629194 629321 629338 630883 630900 631515 631532 633612 633629 635419 635436 635983 636000 640011 640028 643975 643992 649879 649896 654034 654051 655540 655557 656879 656896 657032 657049 661983 662000 670137 670154 679138 679155 680805 680822 683243 683260 689509 689526 690407 690424 693311 693328 694068 694085 695335 695352 699769 699786 702421 702438 704720 704737 705214 705231 705517 705534 706737 706754 712933 712950 716718 716735 716883 716900 717538 717555 717909 717926 
18 193
6250 6268 6572 6590 14823 14841 16867 16885 17368 17386 21707 21725 24963 24981 27382 27400 30648 30666 33023 33041 37782 37800 39220 39238 42062 42080 43872 43890 49368 49386 50568 50586 51936 51954 52140 52158 59632 59650 60382 60400 66267 66285 73353 73371 78010 78028 78119 78137 79528 79546 79974 79992 82104 82122 85982 86000 96534 96552 111065 111083 111537 111555 127769 127787 128836 128854 130462 130480 135263 135281 139263 139281 147582 147600 148029 148047 157769 157787 158115 158133 159814 159832 162702 162720 168311 168329 169522 169540 170742 170760 174164 174182 177382 177400 180770 180788 183340 183358 202203 202221 202947 202965 211147 211165 212916 212934 213582 213600 217951 217969 224359 224377 229807 229825 232717 232735 241213 241231 246882 246900 248370 248388 251912 251930 256728 256746 259906 259924 265035 265053 265158 265176 268561 268579 271021 271039 274229 274247 277382 277400 278510 278528 283018 283036 296412 296430 296570 296588 298282 298300 304105 304123 304961 304979 308680 308698 311144 311162 317271 317289 322420 322438 328282 328300 331882 331900 332905 332923 338131 338149 341182 341200 342402 342420 346764 346782 347415 347433 350568 350586 354638 354656 369174 369192 369722 369740 374153 374171 380760 380778 384019 384037 389582 389600 392054 392072 393760 393778 394116 394134 401651 401669 412752 412770 414658 414676 421522 421540 422374 422392 422682 422700 425571 425589 427010 427028 430356 430374 438363 438381 448874 448892 452140 452158 457517 457535 459918 459936 463014 463032 463052 463070 465828 465846 469840 469858 481842 481860 488469 488487 490182 490200 491148 491166 492536 492554 494737 494755 501816 501834 509168 509186 509539 509557 511769 511787 511864 511882 523422 523440 523779 523797 526616 526634 529129 529147 529782 529800 530150 530168 538235 538253 546416 546434 547009 547027 547961 547979 551126 551144 553854 553872 558523 558541 563948 563966 565082 565100 566962 566980 571638 571656 573334 573352 573417 573435 575127 575145 575329 575347 575773 575791 579342 579360 581382 581400 582581 582599 583882 583900 589105 589123 590850 590868 596050 596068 599116 599134 599526 599544 603082 603100 604851 604869 608427 608445 610705 610723 611266 611284 613672 613690 616230 616248 619161 619179 621036 621054 623409 623427 625513 625531 627417 627435 627882 627900 631250 631268 631875 631893 634042 634060 635638 635656 636759 636777 644114 644132 644413 644431 656814 656832 661230 661248 661666 661684 665582 665600 671166 671184 676182 676200 681434 681452 697582 697600 698782 698800 705975 705993 706880 706898 715015 715033 717157 717175 
19 202
2181 2200 15936 15955 20473 20492 27604 27623 29915 29934 30140 30159 33817 33836 35438 35457 39738 39757 46660 46679 48519 48538 49944 49963 52555 52574 54256 54275 55223 55242 63175 63194 64144 64163 66454 66473 67024 67043 67667 67686 69740 69759 82371 82390 86961 86980 89436 89455 92564 92583 92846 92865 96104 96123 97019 97038 97070 97089 103757 103776 103940 103959 108247 108266 108272 108291 113729 113748 115714 115733 124118 124137 125318 125337 128646 128665 135206 135225 137851 137870 138566 138585 144059 144078 145030 145049 148330 148349 149242 149261 152830 152849 155581 155600 156646 156665 157933 157952 160115 160134 162740 162759 165907 165926 166620 166639 175581 175600 178034 178053 182815 182834 183850 183869 184041 184060 191330 191349 208914 208933 211003 211022 211221 211240 213365 213384 215436 215455 219163 219182 227532 227551 245174 245193 254081 254100 255381 255400 257424 257443 259481 259500 259530 259549 261241 261260 267281 267300 271561 271580 274056 274075 274781 274800 276459 276478 276512 276531 280049 280068 285022 285041 290867 290886 293221 293240 298564 298583 303312 303331 309381 309400 314714 314733 317214 317233 318681 318700 320005 320024 320824 320843 321842 321861 326513 326532 334168 334187 344665 344684 348517 348536 348724 348743 349739 349758 353572 353591 354370 354389 358114 358133 363557 363576 366650 366669 367761 367780 367866 367885 367965 367984 378681 378700 382260 382279 384081 384100 390381 390400 397741 397760 399554 399573 404536 404555 410213 410232 416548 416567 421737 421756 423424 423443 423977 423996 427838 427857 431904 431923 432181 432200 434417 434436 437643 437662 439581 439600 441335 441354 448568 448587 452117 452136 454433 454452 461109 461128 461832 461851 469049 469068 472242 472261 476063 476082 477127 477146 480528 480547 480576 480595 481259 481278 484029 484048 484147 484166 490736 490755 494781 494800 504663 504682 505881 505900 508744 508763 509068 509087 510670 510689 510716 510735 512368 512387 516414 516433 517045 517064 519069 519088 520403 520422 537375 537394 539722 539741 541240 541259 544181 544200 545429 545448 554981 555000 557731 557750 570751 570770 576829 576848 577419 577438 578242 578261 578781 578800 579238 579257 582032 582051 583434 583453 591034 591053 591853 591872 599964 599983 604516 604535 611752 611771 612366 612385 614277 614296 615981 616000 620065 620084 623940 623959 623981 624000 624554 624573 625921 625940 626410 626429 629074 629093 629138 629157 629819 629838 631413 631432 631846 631865 634609 634628 637772 637791 638226 638245 647233 647252 647569 647588 652929 652948 655561 655580 659681 659700 666833 666852 667153 667172 668667 668686 683178 683197 689471 689490 698043 698062 698481 698500 713223 713242 
20 157
1471 1491 2640 2660 6467 6487 8504 8524 9818 9838 15072 15092 19109 19129 21911 21931 22121 22141 27247 27267 29805 29825 30539 30559 31080 31100 34640 34660 37320 37340 42267 42287 47538 47558 51180 51200 54624 54644 55068 55088 55571 55591 57908 57928 71228 71248 72757 72777 79045 79065 82808 82828 88580 88600 89870 89890 95355 95375 102958 102978 111724 111744 118021 118041 127860 127880 134850 134870 148515 148535 150916 150936 154230 154250 154980 155000 161714 161734 164670 164690 169305 169325 169375 169395 171444 171464 177322 177342 177420 177440 179474 179494 180849 180869 184675 184695 187265 187285 195552 195572 202163 202183 203580 203600 210970 210990 223863 223883 225180 225200 227008 227028 229667 229687 239939 239959 243326 243346 243354 243374 245602 245622 251880 251900 254017 254037 260417 260437 261426 261446 262511 262531 274032 274052 275066 275086 276919 276939 280860 280880 281806 281826 290978 290998 293763 293783 294373 294393 298907 298927 300576 300596 313949 313969 321457 321477 321570 321590 322941 322961 323242 323262 324039 324059 325027 325047 326161 326181 341412 341432 349643 349663 363756 363776 365680 365700 373754 373774 375860 375880 381117 381137 386471 386491 406559 406579 409205 409225 409467 409487 410108 410128 411080 411100 419061 419081 431769 431789 437480 437500 442856 442876 444151 444171 445245 445265 448841 448861 472838 472858 478276 478296 496880 496900 503116 503136 508009 508029 508032 508052 510407 510427 511353 511373 514242 514262 533838 533858 548773 548793 550622 550642 556809 556829 556842 556862 561380 561400 566780 566800 571680 571700 572062 572082 573070 573090 575306 575326 577911 577931 578652 578672 584811 584831 586976 586996 588242 588262 589036 589056 592180 592200 620027 620047 620325 620345 622216 622236 627450 627470 633880 633900 635057 635077 635754 635774 636135 636155 643080 643100 647017 647037 647162 647182 650180 650200 661919 661939 665380 665400 666367 666387 668924 668944 674561 674581 676677 676697 680714 680734 682152 682172 693455 693475 693580 693600 698070 698090 709373 709393 710410 710430 0 0 
21 154
23336 23357 29212 29233 30116 30137 35954 35975 41453 41474 47727 47748 48312 48333 53561 53582 54508 54529 54650 54671 62145 62166 69572 69593 70705 70726 80964 80985 82018 82039 84957 84978 86748 86769 89461 89482 94034 94055 98265 98286 99806 99827 100453 100474 108920 108941 112221 112242 114869 114890 120474 120495 134132 134153 138613 138634 141076 141097 148358 148379 179060 179081 179233 179254 181370 181391 182855 182876 189128 189149 194612 194633 196513 196534 207877 207898 208150 208171 210918 210939 222856 222877 226434 226455 233558 233579 238079 238100 238740 238761 246202 246223 246635 246656 252879 252900 256829 256850 257143 257164 267249 267270 269464 269485 275131 275152 285233 285254 288267 288288 289552 289573 312837 312858 323208 323229 335031 335052 340508 340529 343609 343630 343735 343756 347465 347486 352542 352563 358548 358569 366627 366648 369069 369090 370458 370479 372963 372984 374176 374197 391014 391035 392554 392575 392737 392758 395661 395682 395779 395800 400216 400237 405938 405959 421970 421991 424874 424895 427567 427588 429366 429387 429767 429788 438056 438077 438159 438180 442116 442137 448949 448970 449952 449973 455466 455487 456425 456446 457464 457485 457949 457970 460167 460188 460855 460876 462067 462088 469526 469547 471508 471529 473273 473294 480335 480356 486760 486781 487317 487338 495779 495800 501048 501069 501079 501100 501424 501445 503313 503334 512042 512063 512914 512935 518279 518300 523515 523536 524303 524324 524326 524347 526249 526270 532161 532182 532314 532335 532718 532739 533624 533645 541108 541129 551070 551091 580703 580724 581712 581733 584354 584375 597241 597262 599779 599800 601058 601079 609638 609659 612632 612653 615728 615749 616723 616744 617121 617142 621570 621591 623665 623686 634811 634832 636779 636800 640045 640066 647611 647632 662763 662784 666404 666425 666930 666951 670103 670124 674317 674338 674432 674453 675563 675584 680346 680367 685862 685883 696237 696258 697707 697728 701313 701334 705579 705600 706264 706285 711022 711043 714677 714698 716762 716783 717179 717200 717442 717463 
22 134
263 285 1646 1668 4071 4093 16718 16740 18722 18744 25418 25440 38366 38388 41329 41351 42750 42772 44172 44194 49666 49688 58336 58358 74555 74577 79309 79331 86929 86951 96050 96072 101454 101476 102434 102456 110414 110436 115036 115058 122526 122548 126638 126660 127316 127338 128012 128034 128109 128131 131011 131033 137139 137161 156039 156061 158678 158700 161678 161700 169642 169664 169931 169953 183603 183625 189868 189890 191414 191436 194141 194163 199007 199029 199268 199290 200939 200961 201532 201554 219115 219137 225110 225132 225978 226000 232067 232089 235975 235997 252178 252200 253022 253044 253724 253746 261715 261737 263529 263551 264243 264265 264578 264600 264959 264981 267553 267575 270720 270742 271807 271829 277509 277531 279847 279869 280278 280300 284178 284200 290210 290232 290604 290626 290928 290950 291140 291162 293062 293084 294543 294565 306770 306792 308617 308639 312408 312430 313575 313597 325426 325448 327505 327527 327736 327758 330947 330969 333408 333430 334634 334656 339278 339300 348215 348237 354664 354686 355360 355382 367578 367600 373036 373058 387621 387643 393012 393034 425646 425668 441040 441062 446846 446868 447747 447769 456122 456144 460432 460454 478359 478381 485267 485289 491168 491190 497763 497785 507409 507431 520430 520452 536342 536364 545560 545582 551266 551288 559741 559763 566814 566836 576768 576790 581572 581594 581773 581795 588446 588468 590042 590064 597057 597079 604541 604563 605542 605564 612713 612735 619953 619975 628155 628177 629443 629465 653833 653855 659308 659330 664921 664943 678035 678057 678366 678388 680314 680336 681460 681482 688720 688742 689158 689180 689560 689582 693977 693999 700817 700839 706426 706448 707908 707930 709435 709457 710678 710700 711269 711291 714306 714328 715946 715968 719209 719231 719673 719695 
23 139
2757 2780 4926 4949 10369 10392 14123 14146 17512 17535 25865 25888 29524 29547 30435 30458 31177 31200 31465 31488 31966 31989 33317 33340 34603 34626 37824 37847 56568 56591 62767 62790 70660 70683 84377 84400 87977 88000 89816 89839 91977 92000 101267 101290 107577 107600 108222 108245 108455 108478 114150 114173 116449 116472 118531 118554 118803 118826 120951 120974 121952 121975 122343 122366 128237 128260 129247 129270 139477 139500 140113 140136 151854 151877 166465 166488 169061 169084 171144 171167 172132 172155 173823 173846 189958 189981 193768 193791 195006 195029 195870 195893 197220 197243 203533 203556 212066 212089 220425 220448 229843 229866 234120 234143 239449 239472 239913 239936 251474 251497 253062 253085 269310 269333 278660 278683 282260 282283 282935 282958 283877 283900 292077 292100 296710 296733 302440 302463 319429 319452 322912 322935 327071 327094 340363 340386 341741 341764 343708 343731 344037 344060 345421 345444 349934 349957 353711 353734 366542 366565 368077 368100 371036 371059 374122 374145 378654 378677 379718 379741 381507 381530 382660 382683 384970 384993 392077 392100 393070 393093 403167 403190 407238 407261 411577 411600 414046 414069 416936 416959 418332 418355 427650 427673 431719 431742 445962 445985 446721 446744 456811 456834 462710 462733 470861 470884 472706 472729 485331 485354 488677 488700 489655 489678 498577 498600 513825 513848 521757 521780 529231 529254 540577 540600 541655 541678 545464 545487 553338 553361 562244 562267 565208 565231 565236 565259 584413 584436 588912 588935 600523 600546 605235 605258 612336 612359 623838 623861 634417 634440 641514 641537 644529 644552 648534 648557 651144 651167 652677 652700 656969 656992 658223 658246 678503 678526 682923 682946 685828 685851 686941 686964 694662 694685 696072 696095 705814 705837 705877 705900 713363 713386 715350 715373 718570 718593 718653 718676 
24 145
1842 1866 3331 3355 4003 4027 11244 11268 18320 18344 22368 22392 27544 27568 30868 30892 35619 35643 44746 44770 45037 45061 55011 55035 57460 57484 57531 57555 63135 63159 66571 66595 67046 67070 70267 70291 79605 79629 79839 79863 82344 82368 86608 86632 98567 98591 102576 102600 111115 111139 111918 111942 120234 120258 124064 124088 132923 132947 139935 139959 145376 145400 157014 157038 158876 158900 165643 165667 167643 167667 168459 168483 169021 169045 174416 174440 174464 174488 177352 177376 180217 180241 181416 181440 189267 189291 190416 190440 198618 198642 198926 198950 199928 199952 205871 205895 217914 217938 230851 230875 232022 232046 236974 236998 256044 256068 257831 257855 261206 261230 261752 261776 275721 275745 281009 281033 282770 282794 283513 283537 285576 285600 287376 287400 290727 290751 295718 295742 301368 301392 302964 302988 320940 320964 322230 322254 323152 323176 332109 332133 332818 332842 334235 334259 347372 347396 357676 357700 358159 358183 387132 387156 390538 390562 398008 398032 398718 398742 403750 403774 407964 407988 410745 410769 417012 417036 434224 434248 436608 436632 445215 445239 452163 452187 453312 453336 460141 460165 467018 467042 471559 471583 479854 479878 481610 481634 491264 491288 500316 500340 503342 503366 505176 505200 507870 507894 509410 509434 510024 510048 510254 510278 514961 514985 518664 518688 520320 520344 522969 522993 525543 525567 530422 530446 531118 531142 535761 535785 538256 538280 544272 544296 546908 546932 552076 552100 553814 553838 565009 565033 573173 573197 577623 577647 581227 581251 583455 583479 584262 584286 585376 585400 592638 592662 592907 592931 595220 595244 600449 600473 607631 607655 623639 623663 624158 624182 628206 628230 633321 633345 647267 647291 651713 651737 655246 655270 661031 661055 670813 670837 676921 676945 680231 680255 682718 682742 682958 682982 696776 696800 700753 700777 702476 702500 706552 706576 712713 712737 0 0 
25 123
2346 2371 4426 4451 12675 12700 13003 13028 13070 13095 14156 14181 21526 21551 22028 22053 30313 30338 34665 34690 36731 36756 44333 44358 47105 47130 54223 54248 59361 59386 60444 60469 71250 71275 80075 80100 80775 80800 90427 90452 90766 90791 91018 91043 97229 97254 98013 98038 102155 102180 129165 129190 163717 163742 165609 165634 167603 167628 175926 175951 179419 179444 185536 185561 187370 187395 211352 211377 214735 214760 218969 218994 222029 222054 224327 224352 226034 226059 227641 227666 228223 228248 232241 232266 239975 240000 252068 252093 252617 252642 257472 257497 261505 261530 267123 267148 268325 268350 278754 278779 301013 301038 313320 313345 320912 320937 321175 321200 322554 322579 330448 330473 330675 330700 334023 334048 336406 336431 347224 347249 354014 354039 355527 355552 357131 357156 359735 359760 365240 365265 367475 367500 390746 390771 391266 391291 395223 395248 395966 395991 396175 396200 410349 410374 427363 427388 428742 428767 435723 435748 439414 439439 456553 456578 458841 458866 463859 463884 467259 467284 483260 483285 506974 506999 513451 513476 517142 517167 518113 518138 521675 521700 522151 522176 528151 528176 529755 529780 533268 533293 537434 537459 537628 537653 538050 538075 541845 541870 543919 543944 554342 554367 554449 554474 566275 566300 569447 569472 578805 578830 585268 585293 586147 586172 587762 587787 592534 592559 593875 593900 611712 611737 614553 614578 618375 618400 618713 618738 618935 618960 619909 619934 621275 621300 626837 626862 634541 634566 639140 639165 649117 649142 662459 662484 669239 669264 678756 678781 690116 690141 705164 705189 713453 713478 716069 716094 
26 116
1617 1643 6050 6076 9448 9474 11216 11242 12955 12981 21558 21584 29313 29339 44965 44991 48338 48364 50605 50631 56960 56986 60644 60670 69533 69559 77324 77350 87735 87761 91314 91340 104674 104700 114470 114496 117774 117800 123332 123358 126851 126877 143916 143942 150874 150900 151457 151483 172543 172569 176160 176186 180346 180372 180466 180492 186537 186563 187739 187765 190364 190390 200342 200368 207061 207087 210349 210375 217662 217688 224637 224663 224668 224694 231815 231841 242532 242558 250647 250673 256608 256634 258135 258161 261138 261164 265908 265934 267856 267882 268463 268489 275927 275953 283365 283391 302467 302493 309245 309271 309764 309790 310514 310540 322051 322077 327409 327435 331251 331277 334066 334092 343760 343786 347844 347870 350909 350935 369010 369036 371448 371474 374534 374560 389108 389134 390313 390339 390962 390988 396574 396600 405067 405093 415844 415870 419115 419141 423764 423790 426711 426737 441374 441400 442355 442381 460819 460845 470925 470951 473652 473678 479926 479952 480726 480752 491769 491795 501312 501338 506732 506758 512957 512983 517343 517369 520174 520200 523022 523048 545627 545653 551221 551247 558413 558439 561045 561071 565120 565146 565162 565188 565558 565584 566120 566146 567111 567137 573955 573981 581346 581372 583215 583241 593111 593137 593474 593500 598814 598840 602325 602351 607114 607140 615851 615877 632712 632738 642024 642050 646124 646150 648624 648650 655074 655100 670164 670190 675426 675452 675524 675550 692033 692059 694464 694490 699071 699097 712017 712043 719914 719940 
27 70
1344 1371 7762 7789 33536 33563 50314 50341 51149 51176 52730 52757 60967 60994 62736 62763 76773 76800 91236 91263 96913 96940 105857 105884 107353 107380 114437 114464 123719 123746 129723 129750 150031 150058 188527 188554 195458 195485 203873 203900 204921 204948 218838 218865 224459 224486 233870 233897 239643 239670 245121 245148 252644 252671 257239 257266 261458 261485 264151 264178 271312 271339 271853 271880 272449 272476 297752 297779 308264 308291 315173 315200 325803 325830 328253 328280 333814 333841 334136 334163 361761 361788 365158 365185 368839 368866 370946 370973 383213 383240 387929 387956 396405 396432 414852 414879 418025 418052 427711 427738 429313 429340 464647 464674 468554 468581 499836 499863 518722 518749 524924 524951 530528 530555 538528 538555 572253 572280 579673 579700 595256 595283 609935 609962 622719 622746 674824 674851 677022 677049 684214 684241 685041 685068 690426 690453 695618 695645 717559 717586 
28 83
2509 2537 3372 3400 6019 6047 15710 15738 30567 30595 55734 55762 72064 72092 100908 100936 102516 102544 121161 121189 123566 123594 128137 128165 129272 129300 169215 169243 171035 171063 171905 171933 175330 175358 176745 176773 202417 202445 211919 211947 217772 217800 218026 218054 224272 224300 231061 231089 241418 241446 243134 243162 243516 243544 247543 247571 251960 251988 256657 256685 269364 269392 272323 272351 285543 285571 288424 288452 290835 290863 295757 295785 303372 303400 310148 310176 313143 313171 330858 330886 336507 336535 348616 348644 359472 359500 361253 361281 361325 361353 369931 369959 385446 385474 389525 389553 392772 392800 397253 397281 413816 413844 421366 421394 424972 425000 432051 432079 441972 442000 451650 451678 460965 460993 471626 471654 473241 473269 488719 488747 495627 495655 519214 519242 519546 519574 524244 524272 566730 566758 567564 567592 573736 573764 575026 575054 579757 579785 585772 585800 589415 589443 602504 602532 625942 625970 628961 628989 654966 654994 667628 667656 669723 669751 677909 677937 689530 689558 694252 694280 698950 698978 700172 700200 714372 714400 
29 80
8054 8083 17428 17457 21850 21879 23222 23251 51429 51458 52763 52792 60115 60144 72019 72048 90071 90100 100953 100982 115433 115462 119631 119660 134171 134200 170710 170739 174636 174665 196233 196262 202305 202334 212808 212837 227213 227242 227350 227379 232956 232985 233071 233100 236652 236681 236930 236959 237737 237766 241241 241270 247719 247748 273618 273647 276760 276789 304771 304800 312319 312348 325158 325187 336058 336087 346647 346676 350945 350974 356329 356358 364471 364500 374639 374668 385155 385184 393871 393900 398317 398346 398357 398386 414162 414191 428771 428800 436436 436465 444753 444782 462207 462236 500064 500093 504822 504851 537826 537855 548714 548743 553418 553447 556714 556743 559771 559800 565050 565079 565708 565737 574637 574666 580250 580279 580966 580995 581953 581982 584705 584734 591471 591500 597519 597548 602002 602031 609427 609456 627631 627660 631944 631973 653922 653951 657349 657378 663211 663240 668067 668096 670562 670591 671563 671592 683468 683497 684341 684370 690737 690766 696471 696500 710940 710969 718142 718171 0 0 
30 81
7250 7280 26768 26798 26830 26860 38912 38942 41061 41091 65622 65652 77668 77698 77724 77754 84736 84766 87170 87200 107321 107351 109149 109179 109809 109839 139210 139240 160540 160570 165870 165900 183152 183182 188915 188945 205532 205562 213070 213100 215212 215242 218258 218288 221523 221553 225828 225858 233153 233183 278411 278441 282536 282566 314364 314394 345070 345100 352258 352288 354233 354263 377711 377741 380724 380754 381651 381681 385809 385839 386229 386259 391170 391200 409234 409264 411513 411543 412834 412864 414447 414477 417359 417389 417743 417773 422522 422552 438303 438333 443963 443993 460358 460388 463762 463792 467743 467773 475847 475877 480358 480388 483368 483398 484319 484349 486610 486640 504017 504047 509135 509165 524614 524644 542738 542768 543645 543675 544662 544692 547240 547270 548515 548545 550070 550100 559208 559238 569217 569247 570025 570055 575530 575560 576115 576145 587724 587754 598904 598934 601757 601787 614741 614771 617410 617440 630566 630596 639952 639982 648170 648200 653954 653984 659739 659769 682556 682586 700719 700749 710249 710279 
31 80
3762 3793 22222 22253 29103 29134 31043 31074 33569 33600 46336 46367 52030 52061 73120 73151 83069 83100 84141 84172 91622 91653 97840 97871 98533 98564 132456 132487 171716 171747 185019 185050 188348 188379 189827 189858 209345 209376 221217 221248 222323 222354 232141 232172 232755 232786 241344 241375 253269 253300 263242 263273 268368 268399 271526 271557 274251 274282 299942 299973 307611 307642 313535 313566 340532 340563 346058 346089 383261 383292 399729 399760 403843 403874 412059 412090 423003 423034 429014 429045 432715 432746 443365 443396 452036 452067 455428 455459 461528 461559 465068 465099 472069 472100 483305 483336 483611 483642 484169 484200 485731 485762 494369 494400 498523 498554 508056 508087 508109 508140 530449 530480 536414 536445 537340 537371 540962 540993 554112 554143 557369 557400 566057 566088 575269 575300 585118 585149 595734 595765 598458 598489 603519 603550 641011 641042 641640 641671 642756 642787 646563 646594 649146 649177 679802 679833 686030 686061 687558 687589 690837 690868 702869 702900 707634 707665 711624 711655 712063 712094 
32 75
6768 6800 26468 26500 28138 28170 36840 36872 41111 41143 42968 43000 47268 47300 53340 53372 53465 53497 101420 101452 110527 110559 142313 142345 153459 153491 173327 173359 181658 181690 182155 182187 189916 189948 211802 211834 213144 213176 236138 236170 251811 251843 264115 264147 274725 274757 276948 276980 289168 289200 292852 292884 299246 299278 309968 310000 312705 312737 322511 322543 327450 327482 350223 350255 359422 359454 395359 395391 398745 398777 398934 398966 422339 422371 426935 426967 444711 444743 449448 449480 451430 451462 453524 453556 456604 456636 466468 466500 467548 467580 481716 481748 488068 488100 493368 493400 499412 499444 520346 520378 538561 538593 539062 539094 539815 539847 539868 539900 544405 544437 546168 546200 551652 551684 554155 554187 589564 589596 599146 599178 610433 610465 611452 611484 613714 613746 619568 619600 635316 635348 637168 637200 663059 663091 670248 670280 672155 672187 676049 676081 682747 682779 684847 684879 701352 701384 702442 702474 708926 708958 
33 54
15016 15049 23367 23400 35467 35500 38520 38553 38954 38987 45156 45189 84260 84293 85156 85189 90731 90764 96754 96787 100359 100392 102263 102296 102724 102757 144023 144056 157344 157377 171961 171994 173039 173072 184149 184182 229616 229649 232416 232449 237346 237379 238010 238043 242567 242600 260816 260849 302656 302689 356558 356591 362114 362147 367521 367554 373909 373942 374321 374354 411841 411874 430862 430895 431023 431056 457009 457042 465267 465300 470523 470556 471450 471483 482212 482245 483708 483741 530223 530256 553510 553543 555053 555086 591210 591243 593436 593469 616617 616650 643327 643360 643762 643795 665046 665079 683206 683239 699123 699156 701808 701841 706337 706370 718940 718973 0 0 
34 61
8907 8941 21166 21200 22144 22178 32066 32100 67834 67868 70450 70484 75304 75338 76846 76880 89025 89059 91421 91455 107228 107262 128047 128081 162112 162146 163032 163066 185961 185995 204356 204390 232917 232951 252028 252062 253215 253249 268933 268967 271903 271937 286544 286578 292247 292281 293963 293997 303266 303300 310566 310600 311320 311354 326345 326379 364066 364100 372915 372949 393640 393674 401447 401481 406018 406052 423166 423200 437755 437789 458510 458544 468747 468781 488028 488062 513524 513558 526445 526479 531333 531367 542822 542856 550366 550400 564345 564379 585920 585954 595818 595852 598848 598882 611928 611962 613366 613400 644346 644380 661119 661153 670432 670466 676718 676752 679265 679299 679343 679377 681526 681560 685723 685757 692330 692364 698719 698753 703548 703582 709914 709948 
35 48
9649 9684 17836 17871 24813 24848 25652 25687 70928 70963 99653 99688 103465 103500 111353 111388 119310 119345 150820 150855 157654 157689 167918 167953 184617 184652 189154 189189 191455 191490 230418 230453 234265 234300 249219 249254 250849 250884 315925 315960 328913 328948 335055 335090 338647 338682 348241 348276 374365 374400 394645 394680 398062 398097 405615 405650 412713 412748 454812 454847 457146 457181 489224 489259 502723 502758 516916 516951 524452 524487 527645 527680 536465 536500 557531 557566 571314 571349 595965 596000 596848 596883 603765 603800 614465 614500 647745 647780 667110 667145 678123 678158 687851 687886 699217 699252 
36 64
2453 2489 11536 11572 14058 14094 16609 16645 16742 16778 35357 35393 39554 39590 44915 44951 47307 47343 77130 77166 94554 94590 119350 119386 134749 134785 139105 139141 152964 153000 182920 182956 186344 186380 196564 196600 205564 205600 227764 227800 242059 242095 243953 243989 256113 256149 279542 279578 314834 314870 321727 321763 322443 322479 325114 325150 329228 329264 344430 344466 346437 346473 363853 363889 382536 382572 386315 386351 389807 389843 400764 400800 402564 402600 421109 421145 441934 441970 443853 443889 447922 447958 455625 455661 460317 460353 497138 497174 521431 521467 528464 528500 529547 529583 535864 535900 550644 550680 559250 559286 586738 586774 607045 607081 609964 610000 610619 610655 614048 614084 631906 631942 637539 637575 664964 665000 677945 677981 691738 691774 706458 706494 711523 711559 714507 714543 718754 718790 
37 72
6935 6972 14623 14660 26263 26300 29863 29900 35216 35253 40142 40179 52963 53000 63034 63071 63545 63582 87422 87459 97547 97584 113452 113489 140211 140248 146228 146265 147506 147543 149909 149946 152508 152545 155436 155473 155947 155984 176511 176548 193924 193961 210536 210573 210646 210683 212513 212550 217621 217658 219650 219687 230725 230762 235463 235500 239222 239259 247863 247900 254040 254077 257640 257677 258719 258756 259754 259791 267514 267551 272652 272689 278963 279000 287063 287100 296519 296556 306844 306881 316263 316300 364118 364155 369663 369700 399263 399300 422063 422100 425519 425556 452835 452872 456512 456549 469163 469200 498913 498950 515256 515293 515316 515353 515463 515500 527204 527241 532613 532650 535949 535986 551603 551640 554745 554782 558648 558685 586363 586400 589302 589339 597322 597359 605263 605300 617240 617277 617719 617756 629630 629667 629763 629800 644147 644184 658254 658291 658763 658800 659932 659969 675115 675152 
38 45
21347 21385 85910 85948 98451 98489 100716 100754 113205 113243 186252 186290 212162 212200 270811 270849 286929 286967 297012 297050 300631 300669 308313 308351 336538 336576 337149 337187 352462 352500 377157 377195 397162 397200 428007 428045 429862 429900 440343 440381 447841 447879 464358 464396 470441 470479 476825 476863 488840 488878 490856 490894 499012 499050 520112 520150 548021 548059 553008 553046 566429 566467 587208 587246 603041 603079 609118 609156 618036 618074 647650 647688 648129 648167 648710 648748 649838 649876 660911 660949 663144 663182 666709 666747 670205 670243 684062 684100 713247 713285 
39 37
33055 33094 57235 57274 57761 57800 61822 61861 122552 122591 156541 156580 192909 192948 249721 249760 293437 293476 294926 294965 301514 301553 321361 321400 353349 353388 373712 373751 375737 375776 414938 414977 418745 418784 433029 433068 454851 454890 458752 458791 479661 479700 504328 504367 510116 510155 523548 523587 533215 533254 549415 549454 558709 558748 575712 575751 625249 625288 663442 663481 665212 665251 678242 678281 685147 685186 694308 694347 700049 700088 701644 701683 710454 710493 
40 34
4144 4184 48460 48500 58633 58673 88534 88574 95250 95290 99147 99187 116541 116581 121509 121549 125347 125387 128318 128358 211305 211345 231860 231900 238944 238984 254560 254600 261947 261987 268421 268461 268505 268545 328528 328568 386047 386087 402045 402085 413155 413195 424113 424153 440560 440600 454160 454200 456947 456987 501860 501900 502236 502276 570143 570183 640312 640352 677829 677869 679220 679260 689314 689354 698432 698472 716025 716065 
41 32
2842 2883 27625 27666 45312 45353 46443 46484 54151 54192 59005 59046 59204 59245 66411 66452 132759 132800 199742 199783 223026 223067 259854 259895 266216 266257 270959 271000 336133 336174 349059 349100 361421 361462 383659 383700 397353 397394 415028 415069 443915 443956 456739 456780 464538 464579 483459 483500 484459 484500 524648 524689 529345 529386 556542 556583 608742 608783 615159 615200 615426 615467 624229 624270 
42 29
9158 9200 89350 89392 110441 110483 114942 114984 141158 141200 161029 161071 165323 165365 191202 191244 191702 191744 209411 209453 289814 289856 296447 296489 299846 299888 309616 309658 321037 321079 335758 335800 342521 342563 387645 387687 435941 435983 475751 475793 495925 495967 588040 588082 611222 611264 620215 620257 639450 639492 659633 659675 678708 678750 681330 681372 703638 703680 
43 50
7818 7861 24457 24500 26315 26358 43346 43389 61921 61964 76909 76952 94137 94180 110144 110187 154907 154950 166157 166200 181257 181300 182425 182468 197508 197551 217257 217300 221555 221598 239123 239166 249338 249381 258938 258981 270438 270481 274548 274591 295356 295399 326115 326158 332324 332367 358226 358269 361647 361690 365837 365880 377112 377155 400314 400357 415121 415164 437203 437246 459453 459496 476016 476059 500344 500387 512523 512566 513240 513283 535710 535753 570931 570974 588124 588167 603316 603359 612804 612847 630957 631000 636415 636458 638738 638781 641047 641090 679845 679888 690146 690189 690457 690500 701448 701491 704106 704149 707257 707300 
44 28
5348 5392 16810 16854 32752 32796 45356 45400 61510 61554 65527 65571 176335 176379 221336 221380 255314 255358 287009 287053 305356 305400 334350 334394 368340 368384 376616 376660 384915 384959 417414 417458 424808 424852 439140 439184 446919 446963 461244 461288 466643 466687 474911 474955 486522 486566 499451 499495 504456 504500 541329 541373 586839 586883 685956 686000 
45 30
19038 19083 20825 20870 66622 66667 109525 109570 111142 111187 120424 120469 128510 128555 135941 135986 160815 160860 195820 195865 208755 208800 223155 223200 290119 290164 320333 320378 332141 332186 339748 339793 357627 357672 369512 369557 395145 395190 409044 409089 410504 410549 436943 436988 437046 437091 480128 480173 515943 515988 545855 545900 608616 608661 617647 617692 652623 652668 665532 665577 
46 25
7054 7100 31529 31575 48839 48885 58041 58087 76036 76082 119720 119766 123114 123160 126234 126280 140646 140692 171314 171360 252107 252153 253606 253652 301204 301250 316028 316074 339618 339664 346936 346982 446154 446200 498113 498159 515743 515789 560009 560055 598946 598992 650624 650670 677748 677794 694119 694165 718250 718296 
47 31
30342 30389 50247 50294 57628 57675 61417 61464 81353 81400 101206 101253 104621 104668 115745 115792 117314 117361 124625 124672 159852 159899 171843 171890 177520 177567 228646 228693 310227 310274 321617 321664 351215 351262 380515 380562 443613 443660 454043 454090 455153 455200 482629 482676 507708 507755 535331 535378 582124 582171 596153 596200 600711 600758 611816 611863 656242 656289 666953 667000 680736 680783 
48 18
92652 92700 113838 113886 136209 136257 166252 166300 176952 177000 178904 178952 278109 278157 358752 358800 378520 378568 426018 426066 427041 427089 434927 434975 458625 458673 525852 525900 579543 579591 621905 621953 641117 641165 660535 660583 
49 21
43025 43074 49434 49483 66516 66565 77851 77900 92351 92400 197747 197796 200712 200761 272042 272091 317912 317961 339913 339962 379429 379478 447551 447600 496040 496089 521530 521579 523728 523777 546530 546579 568735 568784 570642 570691 576928 576977 582517 582566 625751 625800 
50 27
36040 36090 56809 56859 61242 61292 88232 88282 101534 101584 130539 130589 168226 168276 184204 184254 184914 184964 196350 196400 213526 213576 274642 274692 331802 331852 335121 335171 377543 377593 401045 401095 502637 502687 513112 513162 621737 621787 627824 627874 649350 649400 651313 651363 654339 654389 658814 658864 671207 671257 685303 685353 693850 693900 
51 15
71027 71078 91822 91873 115310 115361 133009 133060 180714 180765 181508 181559 296042 296093 304535 304586 312049 312100 316549 316600 326035 326086 407549 407600 430635 430686 497704 497755 579913 579964 
52 16
32542 32594 63948 64000 71748 71800 96128 96180 116048 116100 136524 136576 220709 220761 238439 238491 327548 327600 379238 379290 408937 408989 504712 504764 538848 538900 664148 664200 680826 680878 715708 715760 
53 17
67530 67583 73828 73881 164439 164492 197411 197464 246247 246300 258015 258068 282847 282900 311225 311278 371211 371264 497247 497300 527435 527488 589926 589979 596514 596567 660147 660200 707932 707985 717647 717700 719420 719473 
54 14
12444 12498 61630 61684 62205 62259 146946 147000 203306 203360 205244 205298 273336 273390 280436 280490 367039 367093 396434 396488 429803 429857 463316 463370 479335 479389 581610 581664 
55 13
11828 11883 12245 12300 12607 12662 49311 49366 77445 77500 83945 84000 85345 85400 110615 110670 183036 183091 193710 193765 623245 623300 651745 651800 652006 652061 
56 8
72909 72965 82044 82100 187044 187100 236244 236300 263830 263886 432825 432881 483021 483077 584737 584793 
57 15
18608 18665 31742 31799 36433 36490 38809 38866 45808 45865 120627 120684 301143 301200 428627 428684 430136 430193 490225 490282 502943 503000 507534 507591 520617 520674 635215 635272 645043 645100 
58 16
1014 1072 17223 17281 68142 68200 85019 85077 195725 195783 229237 229295 267614 267672 415705 415763 475418 475476 528012 528070 534918 534976 542942 543000 620917 620975 623437 623495 653433 653491 712740 712798 
59 13
13416 13475 17303 17362 185618 185677 237625 237684 320730 320789 333930 333989 342013 342072 407741 407800 543441 543500 551441 551500 567227 567286 567819 567878 672518 672577 
60 12
72139 72199 137924 137984 260040 260100 300332 300392 340040 340100 373413 373473 441210 441270 502524 502584 518422 518482 633808 633868 641419 641479 656718 656778 
61 10
29004 29065 150239 150300 165023 165084 281432 281493 366828 366889 431507 431568 509929 509990 572716 572777 632031 632092 671627 671688 
62 9
23838 23900 44617 44679 139620 139682 191538 191600 216218 216280 342838 342900 355934 355996 370338 370400 433329 433391 
63 8
7435 7498 11726 11789 126937 127000 161237 161300 391830 391893 400135 400198 409815 409878 591327 591390 
64 6
95531 95595 112420 112484 294627 294691 318724 318788 343016 343080 660736 660800 
65 4
93335 93400 488907 488972 497806 497871 671816 671881 
66 6
235028 235094 277934 278000 390614 390680 490110 490176 610134 610200 649518 649584 
67 4
63733 63800 137229 137296 250719 250786 376022 376089 
68 7
36532 36600 101828 101896 192816 192884 231421 231489 393432 393500 607505 607573 616532 616600 
69 3
40431 40500 168126 168195 421614 421683 
70 3
79217 79287 170321 170391 650230 650300 
71 4
288920 288991 313005 313076 418809 418880 571022 571093 
72 6
25221 25293 203028 203100 220108 220180 382716 382788 412228 412300 606822 606894 
73 5
248615 248688 455927 456000 572114 572187 655727 655800 673227 673300 
74 4
337020 337094 506526 506600 607919 607993 697109 697183 
75 8
46020 46095 144425 144500 165211 165286 366717 366792 381314 381389 486910 486985 496111 496186 681625 681700 
76 3
344711 344787 372324 372400 596624 596700 
77 1
274106 274183 
78 6
522 600 350709 350787 451815 451893 502808 502886 542612 542690 667422 667500 
79 1
120111 120190 
80 2
49020 49100 671320 671400 
81 2
344819 344900 433517 433598 
82 2
118318 118400 224710 224792 
83 2
392217 392300 669407 669490 
84 4
106509 106593 294005 294089 332516 332600 526916 527000 
85 1
82715 82800 
86 2
133312 133398 323714 323800 
88 1
206709 206797 
89 2
273802 273891 395511 395600 
90 1
76110 76200 
91 1
382009 382100 
94 1
64906 65000 
95 1
188405 188500 
