3 481
3776 3779 6465 6468 7997 8000 14097 14100 24497 24500 27151 27154 27697 27700 32969 32972 36097 36100 37250 37253 37913 37916 38897 38900 40115 40118 41377 41380 47318 47321 49115 49118 49497 49500 49897 49900 50697 50700 51426 51429 54552 54555 55720 55723 56397 56400 58370 58373 59887 59890 64109 64112 64114 64117 68173 68176 69347 69350 69523 69526 69831 69834 70392 70395 70606 70609 78050 78053 82097 82100 85330 85333 85397 85400 85997 86000 86956 86959 91197 91200 91497 91500 92697 92700 98097 98100 103213 103216 103304 103307 105919 105922 108797 108800 109011 109014 110176 110179 110845 110848 112043 112046 113249 113252 117497 117500 118597 118600 119719 119722 120469 120472 121197 121200 122827 122830 123753 123756 124097 124100 125207 125210 125997 126000 128597 128600 139125 139128 140697 140700 140761 140764 142097 142100 142993 142996 144159 144162 144797 144800 146378 146381 147093 147096 151297 151300 152997 153000 157697 157700 159897 159900 161448 161451 163597 163600 164260 164263 164897 164900 165397 165400 167312 167315 167460 167463 167479 167482 167927 167930 168487 168490 170578 170581 171122 171125 171728 171731 171783 171786 176908 176911 180268 180271 181358 181361 181497 181500 181968 181971 188297 188300 188597 188600 189897 189900 190097 190100 190636 190639 191290 191293 191897 191900 195395 195398 197261 197264 199038 199041 199132 199135 199946 199949 199959 199962 200595 200598 202758 202761 204310 204313 205831 205834 205988 205991 206931 206934 210397 210400 210529 210532 213897 213900 215188 215191 215257 215260 216723 216726 218365 218368 218997 219000 221316 221319 222232 222235 224297 224300 226695 226698 229054 229057 230319 230322 231097 231100 233997 234000 234297 234300 234588 234591 236389 236392 238745 238748 239218 239221 239668 239671 240445 240448 240614 240617 244064 244067 245519 245522 246761 246764 247197 247200 247507 247510 248731 248734 249983 249986 251439 251442 254797 254800 255266 255269 255497 255500 256297 256300 257657 257660 257804 257807 260978 260981 261233 261236 261297 261300 263336 263339 264371 264374 266155 266158 267231 267234 268165 268168 269597 269600 270874 270877 271236 271239 281264 281267 281331 281334 281497 281500 282797 282800 285297 285300 285737 285740 286509 286512 287297 287300 288474 288477 291116 291119 291912 291915 294997 295000 298927 298930 300197 300200 303264 303267 303723 303726 304725 304728 305350 305353 307497 307500 308167 308170 309197 309200 309257 309260 309802 309805 310765 310768 311897 311900 315197 315200 317117 317120 317148 317151 317297 317300 319672 319675 322049 322052 322797 322800 324237 324240 325197 325200 325897 325900 327447 327450 328897 328900 329295 329298 331375 331378 333597 333600 333981 333984 336197 336200 336427 336430 336780 336783 339297 339300 339339 339342 340830 340833 344221 344224 344597 344600 345245 345248 345455 345458 346263 346266 348591 348594 349947 349950 353895 353898 354848 354851 355073 355076 355644 355647 357724 357727 358592 358595 359006 359009 360404 360407 361322 361325 361717 361720 362656 362659 362897 362900 364347 364350 367991 367994 368707 368710 369445 369448 369619 369622 372636 372639 374825 374828 378570 378573 380321 380324 380328 380331 380597 380600 381136 381139 382121 382124 382861 382864 385297 385300 387847 387850 389546 389549 389597 389600 396197 396200 398997 399000 399637 399640 399869 399872 401173 401176 406197 406200 406344 406347 406697 406700 409208 409211 410177 410180 411820 411823 414897 414900 416565 416568 423191 423194 424597 424600 426223 426226 426247 426250 426770 426773 427854 427857 429855 429858 432311 432314 434997 435000 435721 435724 445997 446000 449539 449542 451981 451984 455113 455116 455397 455400 455847 455850 456412 456415 456568 456571 457597 457600 459797 459800 461427 461430 462597 462600 463917 463920 466483 466486 468797 468800 470180 470183 470735 470738 470797 470800 472097 472100 473787 473790 476568 476571 476636 476639 477025 477028 480603 480606 480676 480679 482485 482488 482966 482969 483952 483955 484088 484091 485597 485600 486674 486677 486997 487000 495897 495900 496277 496280 496897 496900 500819 500822 502513 502516 503153 503156 503351 503354 504197 504200 504631 504634 504695 504698 505397 505400 505713 505716 510214 510217 510257 510260 510510 510513 511342 511345 511616 511619 511729 511732 512478 512481 512669 512672 514124 514127 514997 515000 515597 515600 518251 518254 519590 519593 519930 519933 520997 521000 525997 526000 526697 526700 528016 528019 531492 531495 532531 532534 534497 534500 535397 535400 539644 539647 539897 539900 540597 540600 541177 541180 541614 541617 541665 541668 541803 541806 542603 542606 542727 542730 544112 544115 545797 545800 546797 546800 548097 548100 550397 550400 550962 550965 553097 553100 553597 553600 553794 553797 556152 556155 556397 556400 560397 560400 561130 561133 567173 567176 569381 569384 570127 570130 572997 573000 573856 573859 576997 577000 579197 579200 579749 579752 579979 579982 581673 581676 584233 584236 586303 586306 587543 587546 587716 587719 591597 591600 592658 592661 593197 593200 593633 593636 594233 594236 595272 595275 595397 595400 595497 595500 595693 595696 596126 596129 596597 596600 597743 597746 598925 598928 599614 599617 601975 601978 604197 604200 607391 607394 608197 608200 609415 609418 609517 609520 609882 609885 610497 610500 611827 611830 611897 611900 612797 612800 613678 613681 613897 613900 614154 614157 614297 614300 614797 614800 615897 615900 618322 618325 620797 620800 622044 622047 631828 631831 632692 632695 635028 635031 635638 635641 637903 637906 639964 639967 640032 640035 640081 640084 641342 641345 641928 641931 642297 642300 642564 642567 645077 645080 648395 648398 652981 652984 653097 653100 654947 654950 656297 656300 656808 656811 658203 658206 660327 660330 662650 662653 662669 662672 662685 662688 663305 663308 663897 663900 664697 664700 665971 665974 667438 667441 668292 668295 668697 668700 668912 668915 670189 670192 671596 671599 675267 675270 677297 677300 677838 677841 678526 678529 678597 678600 679369 679372 682578 682581 682997 683000 683797 683800 686216 686219 687597 687600 687715 687718 687776 687779 688186 688189 688197 688200 689924 689927 690717 690720 690763 690766 691055 691058 697354 697357 697590 697593 699031 699034 700736 700739 701472 701475 702234 702237 702405 702408 703248 703251 704080 704083 705592 705595 705829 705832 708730 708733 708934 708937 711183 711186 712526 712529 712597 712600 713703 713706 717097 717100 717121 717124 718136 718139 718197 718200 719219 719222 
4 420
271 275 7226 7230 7310 7314 17169 17173 17366 17370 21396 21400 25484 25488 27690 27694 29596 29600 32360 32364 35452 35456 35992 35996 38169 38173 39242 39246 43866 43870 46492 46496 48351 48355 48996 49000 52004 52008 55896 55900 56874 56878 58686 58690 61353 61357 62187 62191 63412 63416 63441 63445 64796 64800 67783 67787 67857 67861 68179 68183 68647 68651 72412 72416 76939 76943 79096 79100 79324 79328 79679 79683 79805 79809 81905 81909 82609 82613 82844 82848 83810 83814 87404 87408 87596 87600 91869 91873 92017 92021 93541 93545 93555 93559 94281 94285 94425 94429 96696 96700 102924 102928 105324 105328 114496 114500 115761 115765 119237 119241 121509 121513 121796 121800 123396 123400 129396 129400 134996 135000 135908 135912 136486 136490 137147 137151 137155 137159 137796 137800 139626 139630 140003 140007 140089 140093 141988 141992 142169 142173 142488 142492 142918 142922 142968 142972 143361 143365 145807 145811 146781 146785 150617 150621 151528 151532 154183 154187 156929 156933 157196 157200 161089 161093 164265 164269 164492 164496 168166 168170 173264 173268 173596 173600 176796 176800 177196 177200 178530 178534 179125 179129 182091 182095 183196 183200 183866 183870 184427 184431 186664 186668 187396 187400 189884 189888 193596 193600 194454 194458 199796 199800 200272 200276 201196 201200 201506 201510 202966 202970 203703 203707 204396 204400 205296 205300 205596 205600 211796 211800 212196 212200 214625 214629 214684 214688 215479 215483 216036 216040 216568 216572 220496 220500 223494 223498 224596 224600 224996 225000 227696 227700 229381 229385 231071 231075 236042 236046 238065 238069 239825 239829 240185 240189 246496 246500 248196 248200 251290 251294 251467 251471 251947 251951 257812 257816 259096 259100 262466 262470 263244 263248 264226 264230 264382 264386 266843 266847 267060 267064 267989 267993 270996 271000 275592 275596 275671 275675 276767 276771 279569 279573 279892 279896 280364 280368 280796 280800 282536 282540 283488 283492 284621 284625 285927 285931 287060 287064 287638 287642 288521 288525 289096 289100 289871 289875 290663 290667 291545 291549 291552 291556 291596 291600 293905 293909 296248 296252 297458 297462 301396 301400 301979 301983 302496 302500 304172 304176 304690 304694 304796 304800 311175 311179 312293 312297 313121 313125 313530 313534 316296 316300 316691 316695 319144 319148 323709 323713 326354 326358 327419 327423 327427 327431 327596 327600 329477 329481 329687 329691 329696 329700 330014 330018 330370 330374 332045 332049 332512 332516 333817 333821 334218 334222 334721 334725 335680 335684 338105 338109 339881 339885 341567 341571 345096 345100 345231 345235 346596 346600 347906 347910 348232 348236 348913 348917 349544 349548 350572 350576 351717 351721 351921 351925 352444 352448 354587 354591 358931 358935 359405 359409 360757 360761 362738 362742 363896 363900 364982 364986 364988 364992 366796 366800 368396 368400 370087 370091 372532 372536 379284 379288 380334 380338 382115 382119 382182 382186 382396 382400 382796 382800 387562 387566 388520 388524 389869 389873 391796 391800 393454 393458 395171 395175 396157 396161 398579 398583 399296 399300 399896 399900 402169 402173 403337 403341 403814 403818 404111 404115 410596 410600 411170 411174 411516 411520 418096 418100 424924 424928 429696 429700 429896 429900 430920 430924 432096 432100 433047 433051 439485 439489 439509 439513 441271 441275 441896 441900 447417 447421 448422 448426 450296 450300 452690 452694 456779 456783 458296 458300 459770 459774 460749 460753 464196 464200 465931 465935 466575 466579 468496 468500 472183 472187 472488 472492 472996 473000 473896 473900 474807 474811 477120 477124 481180 481184 486665 486669 489496 489500 491119 491123 493389 493393 495296 495300 498196 498200 498279 498283 499040 499044 506362 506366 509227 509231 510232 510236 510239 510243 514296 514300 515244 515248 517141 517145 519014 519018 519093 519097 523333 523337 525777 525781 525948 525952 527090 527094 528048 528052 528072 528076 528422 528426 529049 529053 534918 534922 544196 544200 544496 544500 544696 544700 546164 546168 547696 547700 548115 548119 550788 550792 551238 551242 551527 551531 554217 554221 554775 554779 555896 555900 561596 561600 566417 566421 567165 567169 572662 572666 573673 573677 576575 576579 578696 578700 578756 578760 580296 580300 580784 580788 581162 581166 582539 582543 585227 585231 585296 585300 585596 585600 586845 586849 587559 587563 590519 590523 591206 591210 591543 591547 595659 595663 598822 598826 599214 599218 601126 601130 601896 601900 604351 604355 605639 605643 609853 609857 612127 612131 613684 613688 614171 614175 615777 615781 618736 618740 619184 619188 619396 619400 621214 621218 621783 621787 624339 624343 625969 625973 626928 626932 630851 630855 630861 630865 631393 631397 632096 632100 634964 634968 636304 636308 641412 641416 641585 641589 644393 644397 644615 644619 644890 644894 645061 645065 646196 646200 647096 647100 647618 647622 649906 649910 652127 652131 652907 652911 655296 655300 659496 659500 664115 664119 664982 664986 668790 668794 668882 668886 669996 670000 670196 670200 671567 671571 671574 671578 673165 673169 674576 674580 675272 675276 676685 676689 677159 677163 680125 680129 682254 682258 682296 682300 682716 682720 685696 685700 686122 686126 686226 686230 686996 687000 687783 687787 688086 688090 689220 689224 689310 689314 689429 689433 689606 689610 692276 692280 693812 693816 699079 699083 699361 699365 699367 699371 701807 701811 702796 702800 702835 702839 705161 705165 708015 708019 708396 708400 708723 708727 709396 709400 709950 709954 710611 710615 710660 710664 712296 712300 712314 712318 714986 714990 717358 717362 718778 718782 0 0 
5 434
4995 5000 9151 9156 10459 10464 10495 10500 13214 13219 13253 13258 20430 20435 22556 22561 22565 22570 23809 23814 26410 26415 30113 30118 30395 30400 32783 32788 36594 36599 37815 37820 38861 38866 39161 39166 43895 43900 44553 44558 48904 48909 49103 49108 51313 51318 51443 51448 51995 52000 52995 53000 55885 55890 56918 56923 59557 59562 62878 62883 63423 63428 66412 66417 69783 69788 70763 70768 71679 71684 76420 76425 79035 79040 80485 80490 80695 80700 83148 83153 89116 89121 93430 93435 93849 93854 96951 96956 97295 97300 97369 97374 97530 97535 102552 102557 103341 103346 112295 112300 114036 114041 115495 115500 115878 115883 116326 116331 119035 119040 119495 119500 119746 119751 121145 121150 121709 121714 121816 121821 121823 121828 124609 124614 134395 134400 134774 134779 135914 135919 136492 136497 137139 137144 139695 139700 140749 140754 141015 141020 141879 141884 141909 141914 144495 144500 146320 146325 148604 148609 149226 149231 149268 149273 151995 152000 152374 152379 152868 152873 153086 153091 155578 155583 155673 155678 156142 156147 157081 157086 158112 158117 158172 158177 161228 161233 163395 163400 164338 164343 165619 165624 166195 166200 166650 166655 166910 166915 169595 169600 170414 170419 171788 171793 173495 173500 174281 174286 178523 178528 180295 180300 181979 181984 182532 182537 183875 183880 187595 187600 189123 189128 194395 194400 195775 195780 197885 197890 197895 197900 200769 200774 205904 205909 210116 210121 210803 210808 212577 212582 212721 212726 213094 213099 213472 213477 216524 216529 218324 218329 219795 219800 231947 231952 234218 234223 236095 236100 236695 236700 237783 237788 237824 237829 243595 243600 244772 244777 245076 245081 249556 249561 252054 252059 252707 252712 253780 253785 257216 257221 257878 257883 260387 260392 261691 261696 262053 262058 262076 262081 268795 268800 270279 270284 270468 270473 271390 271395 274650 274655 275088 275093 275147 275152 275295 275300 275379 275384 278056 278061 280081 280086 283533 283538 285808 285813 287395 287400 288857 288862 288869 288874 289004 289009 289526 289531 292433 292438 292480 292485 298471 298476 299705 299710 300150 300155 300620 300625 303070 303075 308650 308655 308761 308766 308772 308777 310441 310446 310463 310468 312009 312014 314442 314447 314987 314992 319053 319058 322578 322583 322606 322611 322924 322929 325040 325045 328025 328030 328888 328893 329820 329825 332995 333000 333862 333867 334727 334732 337175 337180 339569 339574 340837 340842 342286 342291 344060 344065 345682 345687 348758 348763 350213 350218 350595 350600 350690 350695 351795 351800 354351 354356 355510 355515 356229 356234 356595 356600 358160 358165 358984 358989 359081 359086 360295 360300 360440 360445 361495 361500 368064 368069 369095 369100 369106 369111 370739 370744 371057 371062 371064 371069 375895 375900 379274 379279 382015 382020 382163 382168 383695 383700 385186 385191 390076 390081 390519 390524 391019 391024 397780 397785 400061 400066 401669 401674 403778 403783 406169 406174 408995 409000 413895 413900 414973 414978 416295 416300 417595 417600 417795 417800 420527 420532 423175 423180 426095 426100 428726 428731 429875 429880 430189 430194 431606 431611 432719 432724 434921 434926 434928 434933 440554 440559 445240 445245 447849 447854 448463 448468 451219 451224 454895 454900 456195 456200 456772 456777 456860 456865 457869 457874 462539 462544 462795 462800 467546 467551 467614 467619 469121 469126 469533 469538 469876 469881 475226 475231 481028 481033 482665 482670 483411 483416 484318 484323 487195 487200 487495 487500 488747 488752 489625 489630 494775 494780 495195 495200 496284 496289 496572 496577 498595 498600 499857 499862 501507 501512 502545 502550 505042 505047 506983 506988 506992 506997 508385 508390 510522 510527 512695 512700 514117 514122 515726 515731 516766 516771 518864 518869 522020 522025 525295 525300 526628 526633 528063 528068 529595 529600 530153 530158 530678 530683 537875 537880 539495 539500 539653 539658 539878 539883 541295 541300 543449 543454 545039 545044 545046 545051 551261 551266 551503 551508 553232 553237 555076 555081 557376 557381 557517 557522 557703 557708 561177 561182 566258 566263 566295 566300 566973 566978 567155 567160 573155 573160 574309 574314 577755 577760 581177 581182 586295 586300 587709 587714 588815 588820 590359 590364 591553 591558 591986 591991 592676 592681 593895 593900 595474 595479 597393 597398 598895 598900 601642 601647 601667 601672 605140 605145 606358 606363 607105 607110 607143 607148 610768 610773 611923 611928 614595 614600 614745 614750 616654 616659 616661 616666 620213 620218 620609 620614 620995 621000 622052 622057 622747 622752 624273 624278 624346 624351 626982 626987 627015 627020 628144 628149 628195 628200 628223 628228 628395 628400 629995 630000 630012 630017 630459 630464 630995 631000 631892 631897 632777 632782 634895 634900 634956 634961 636695 636700 640128 640133 640526 640531 643413 643418 644977 644982 645295 645300 646565 646570 646574 646579 649371 649376 650681 650686 650690 650695 654083 654088 654635 654640 659345 659350 659989 659994 660369 660374 660376 660381 660545 660550 663221 663226 663312 663317 663385 663390 664335 664340 664495 664500 665109 665114 665595 665600 666137 666142 666961 666966 666978 666983 668604 668609 668612 668617 668620 668625 669317 669322 669635 669640 671360 671365 673295 673300 684227 684232 688728 688733 688761 688766 689228 689233 689694 689699 689929 689934 690567 690572 691138 691143 691495 691500 693895 693900 694057 694062 694468 694473 695120 695125 695863 695868 698117 698122 698890 698895 699548 699553 700062 700067 702209 702214 702630 702635 703263 703268 703338 703343 703395 703400 705487 705492 705776 705781 705788 705793 706426 706431 708987 708992 709174 709179 709422 709427 710737 710742 711557 711562 711944 711949 712320 712325 714691 714696 715053 715058 716216 716221 716895 716900 719167 719172 
6 406
5694 5700 13223 13229 13878 13884 14044 14050 15813 15819 23825 23831 25162 25168 25242 25248 25274 25280 25894 25900 30248 30254 31557 31563 31589 31595 31604 31610 32170 32176 32515 32521 34636 34642 36294 36300 37748 37754 37918 37924 40494 40500 44194 44200 50540 50546 53342 53348 53594 53600 54245 54251 54638 54644 56376 56382 59225 59231 62158 62164 69774 69780 71794 71800 76775 76781 76947 76953 78134 78140 79272 79278 79455 79461 80611 80617 82194 82200 84425 84431 91186 91192 92136 92142 96983 96989 97232 97238 100340 100346 102294 102300 102932 102938 107629 107635 109830 109836 109879 109885 110694 110700 111144 111150 111494 111500 112055 112061 115332 115338 119472 119478 120390 120396 120564 120570 121463 121469 122637 122643 123594 123600 125940 125946 128809 128815 132408 132414 132453 132459 133153 133159 135857 135863 136606 136612 138105 138111 138133 138139 140951 140957 144127 144133 145194 145200 146367 146373 146594 146600 150114 150120 151218 151224 156109 156115 159114 159120 165694 165700 170456 170462 171244 171250 171766 171772 173072 173078 173850 173856 173871 173877 174290 174296 174649 174655 174824 174830 179077 179083 180594 180600 181185 181191 185061 185067 185681 185687 187094 187100 188042 188048 188093 188099 189220 189226 189719 189725 190442 190448 196926 196932 197753 197759 209253 209259 212007 212013 212511 212517 212942 212948 214673 214679 218332 218338 218494 218500 218563 218569 221394 221400 224762 224768 228380 228386 231194 231200 231980 231986 232677 232683 236548 236554 237814 237820 239288 239294 239314 239320 240194 240200 243694 243700 244712 244718 247390 247396 250494 250500 251046 251052 253129 253135 259494 259500 259652 259658 259861 259867 266736 266742 269794 269800 270520 270526 274218 274224 275649 275655 275660 275666 276646 276652 277979 277985 279151 279157 279278 279284 280389 280395 281243 281249 283375 283381 284630 284636 285863 285869 288692 288698 290109 290115 292677 292683 293039 293045 294207 294213 294544 294550 296933 296939 298851 298857 300476 300482 301694 301700 302269 302275 306946 306952 307110 307116 310256 310262 310757 310763 312019 312025 312055 312061 317017 317023 318415 318421 320124 320130 325020 325026 325090 325096 327094 327100 327972 327978 328002 328008 328247 328253 328333 328339 328794 328800 333694 333700 335511 335517 336256 336262 339378 339384 340932 340938 342005 342011 343380 343386 343618 343624 343711 343717 352450 352456 352594 352600 354103 354109 356753 356759 357525 357531 357559 357565 357623 357629 358725 358731 358787 358793 359350 359356 359609 359615 360875 360881 361429 361435 368359 368365 369914 369920 370713 370719 370721 370727 370983 370989 371003 371009 371594 371600 378794 378800 383608 383614 385894 385900 386328 386334 389860 389866 397886 397892 398343 398349 398447 398453 401374 401380 404788 404794 406355 406361 407318 407324 411994 412000 412170 412176 414459 414465 415034 415040 415629 415635 418310 418316 423921 423927 425294 425300 426271 426277 430163 430169 432706 432712 433113 433119 435267 435273 436483 436489 439261 439267 440093 440099 444750 444756 445962 445968 448256 448262 448523 448529 451166 451172 452008 452014 456818 456824 458055 458061 459410 459416 459606 459612 459777 459783 463094 463100 463909 463915 465880 465886 466194 466200 468510 468516 468705 468711 470694 470700 470760 470766 471121 471127 476094 476100 476882 476888 477790 477796 479494 479500 479723 479729 483542 483548 484149 484155 484383 484389 485194 485200 485694 485700 485778 485784 487214 487220 487394 487400 489757 489763 490194 490200 490571 490577 491316 491322 492730 492736 494763 494769 495734 495740 501679 501685 502637 502643 502940 502946 503417 503423 508322 508328 509281 509287 509394 509400 511720 511726 512062 512068 512276 512282 513494 513500 516294 516300 519252 519258 524085 524091 526494 526500 527294 527300 528494 528500 529958 529964 530145 530151 534978 534984 538293 538299 538933 538939 539376 539382 539629 539635 541657 541663 546213 546219 546944 546950 548378 548384 548594 548600 554662 554668 556194 556200 556833 556839 561335 561341 562718 562724 566483 566489 567225 567231 568658 568664 569862 569868 570652 570658 570994 571000 573471 573477 573981 573987 575361 575367 576078 576084 578954 578960 581330 581336 581594 581600 582194 582200 586634 586640 588103 588109 591183 591189 592447 592453 594721 594727 596694 596700 598333 598339 598847 598853 606785 606791 609322 609328 609628 609634 610879 610885 613691 613697 614162 614168 615980 615986 617794 617800 619318 619324 628163 628169 629433 629439 630953 630959 630985 630991 631278 631284 631494 631500 632953 632959 633682 633688 633833 633839 634526 634532 635302 635308 636920 636926 638003 638009 639247 639253 641540 641546 643348 643354 643380 643386 643594 643600 644148 644154 647634 647640 648747 648753 651045 651051 653205 653211 653555 653561 657308 657314 659187 659193 659356 659362 662413 662419 663163 663169 663414 663420 663694 663700 664644 664650 665910 665916 667152 667158 667479 667485 668408 668414 669626 669632 671169 671175 671763 671769 673188 673194 673579 673585 674417 674423 674592 674598 675257 675263 676604 676610 677762 677768 678087 678093 679354 679360 679419 679425 679558 679564 681894 681900 682075 682081 689489 689495 693318 693324 693510 693516 694688 694694 694802 694808 697378 697384 700194 700200 700773 700779 701479 701485 701532 701538 702894 702900 705766 705772 707494 707500 708971 708977 710619 710625 710629 710635 715538 715544 717127 717133 717477 717483 
7 385
238 245 1850 1857 2627 2634 7584 7591 9755 9762 13314 13321 15470 15477 16534 16541 17355 17362 18536 18543 19563 19570 26019 26026 26028 26035 26480 26487 29293 29300 29804 29811 32016 32023 33006 33013 33505 33512 34627 34634 35245 35252 39093 39100 39754 39761 41493 41500 42734 42741 48340 48347 48850 48857 54693 54700 57759 57766 59875 59882 60693 60700 66384 66391 70493 70500 71667 71674 77231 77238 79332 79339 79811 79818 79875 79882 80082 80089 80579 80586 82331 82338 90205 90212 90847 90854 92040 92047 93512 93519 93860 93867 94269 94276 95193 95200 95262 95269 96907 96914 100493 100500 101685 101692 103093 103100 104677 104684 105312 105319 106693 106700 110747 110754 111153 111160 111373 111380 111384 111391 116307 116314 117105 117112 118263 118270 119318 119325 122645 122652 124530 124537 125950 125957 134889 134896 137785 137792 138977 138984 139016 139023 140961 140968 143116 143123 143351 143358 146293 146300 146948 146955 148193 148200 149280 149287 149934 149941 151254 151261 153493 153500 156593 156600 159123 159130 166243 166250 167813 167820 169412 169419 171736 171743 173884 173891 177523 177530 178093 178100 191158 191165 194676 194683 199293 199300 200311 200318 200548 200555 200988 200995 202056 202063 202477 202484 205893 205900 205976 205983 206873 206880 210125 210132 211787 211794 217931 217938 219730 219737 224437 224444 224626 224633 224951 224958 228625 228632 229208 229215 230003 230010 230345 230352 230653 230660 234593 234600 236058 236065 240368 240375 242570 242577 244724 244731 244736 244743 247333 247340 248457 248464 248604 248611 249373 249380 252062 252069 254208 254215 255914 255921 256746 256753 257893 257900 259211 259218 259722 259729 261636 261643 264265 264272 265360 265367 265918 265925 266279 266286 271937 271944 273314 273321 274139 274146 274416 274423 274519 274526 274639 274646 275031 275038 275503 275510 277577 277584 277857 277864 277870 277877 278767 278774 278776 278783 280041 280048 280053 280060 280555 280562 281305 281312 285707 285714 285891 285898 286118 286125 292230 292237 292893 292900 296804 296811 301329 301336 301722 301729 301930 301937 304586 304593 306919 306926 307862 307869 310264 310271 313109 313116 313219 313226 313919 313926 316093 316100 316825 316832 317749 317756 319073 319080 319337 319344 321659 321666 324293 324300 325009 325016 327909 327916 328032 328039 328293 328300 328772 328779 329806 329813 330546 330553 330634 330641 331343 331350 332054 332061 334051 334058 334209 334216 334226 334233 334293 334300 338193 338200 341244 341251 345493 345500 345830 345837 351293 351300 351928 351935 352583 352590 353593 353600 354011 354018 354060 354067 358255 358262 360157 360164 360887 360894 366746 366753 372117 372124 372128 372135 374543 374550 378559 378566 378593 378600 381892 381899 385281 385288 387818 387825 391893 391900 394603 394610 395513 395520 396956 396963 401606 401613 405257 405264 408156 408163 408484 408491 408970 408977 408982 408989 409160 409167 414617 414624 421393 421400 422480 422487 426279 426286 430150 430157 432493 432500 433382 433389 435828 435835 436603 436610 439814 439821 441382 441389 446857 446864 446915 446922 447462 447469 448844 448851 456793 456800 459785 459792 462567 462574 467563 467570 468612 468619 469077 469084 473675 473682 474290 474297 475877 475884 479753 479760 479925 479932 481663 481670 482972 482979 483657 483664 484332 484339 486440 486447 486859 486866 488093 488100 489142 489149 494750 494757 495986 495993 497125 497132 498185 498192 504419 504426 510073 510080 511743 511750 515810 515817 518183 518190 518838 518845 519022 519029 520519 520526 523341 523348 526669 526676 529793 529800 531293 531300 532193 532200 535093 535100 537437 537444 538244 538251 539142 539149 539717 539724 540190 540197 542081 542088 542170 542177 545156 545163 545849 545856 552843 552850 553993 554000 558093 558100 559261 559268 565708 565715 567575 567582 570048 570055 570676 570683 573645 573652 574393 574400 575174 575181 575230 575237 576188 576195 578267 578274 578521 578528 582579 582586 583261 583268 587793 587800 588112 588119 588593 588600 589193 589200 589369 589376 591281 591288 593126 593133 596253 596260 596560 596567 597993 598000 598955 598962 600628 600635 601039 601046 601193 601200 601377 601384 602420 602427 603947 603954 604813 604820 605693 605700 607193 607200 607350 607357 608073 608080 609361 609368 613788 613795 613907 613914 614538 614545 614762 614769 615768 615775 623263 623270 623893 623900 624593 624600 625468 625475 629036 629043 630486 630493 630911 630918 631349 631356 632116 632123 634010 634017 638293 638300 640563 640570 640584 640591 641693 641700 644653 644660 647591 647598 647951 647958 648505 648512 653434 653441 655029 655036 656844 656851 660824 660831 663348 663355 667793 667800 668642 668649 669344 669351 671332 671339 671583 671590 672920 672927 678077 678084 680442 680449 681683 681690 682530 682537 684215 684222 686232 686239 686331 686338 687208 687215 687726 687733 691178 691185 691884 691891 695738 695745 696268 696275 696772 696779 697836 697843 698604 698611 702218 702225 703254 703261 703345 703352 707693 707700 708181 708188 708683 708690 710926 710933 712214 712221 712787 712794 715063 715070 718105 718112 718223 718230 
8 309
1274 1282 1749 1757 2575 2583 9943 9951 14072 14080 19031 19039 19740 19748 20863 20871 25492 25500 25777 25785 31172 31180 31342 31350 31728 31736 34683 34691 47706 47714 48757 48765 58005 58013 58667 58675 59985 59993 62664 62672 73759 73767 79470 79478 80409 80417 82072 82080 83580 83588 84392 84400 90175 90183 93244 93252 99478 99486 100753 100761 101592 101600 105839 105847 106582 106590 110850 110858 111480 111488 112889 112897 113790 113798 116819 116827 120312 120320 123729 123737 123743 123751 126229 126237 129292 129300 137992 138000 139130 139138 139168 139176 140155 140163 143767 143775 146257 146265 151508 151516 152049 152057 152611 152619 153845 153853 154057 154065 155587 155595 155639 155647 158892 158900 168572 168580 168725 168733 169581 169589 172509 172517 174145 174153 177470 177478 178226 178234 188910 188918 193409 193417 193733 193741 196780 196788 201813 201821 202271 202279 204464 204472 206492 206500 209833 209841 212773 212781 214634 214642 216592 216600 217535 217543 218776 218784 219592 219600 222875 222883 227428 227436 228028 228036 230092 230100 232155 232163 232792 232800 236634 236642 238561 238569 239965 239973 242592 242600 246548 246556 248312 248320 249992 250000 250456 250464 253153 253161 254053 254061 256286 256294 266878 266886 267175 267183 269105 269113 270905 270913 274792 274800 275792 275800 276032 276040 280092 280100 281321 281329 281344 281352 282892 282900 286923 286931 287370 287378 289879 289887 291980 291988 294976 294984 299712 299720 300185 300193 302976 302984 303745 303753 305768 305776 306569 306577 307079 307087 308172 308180 317704 317712 319024 319032 320011 320019 329944 329952 331492 331500 334237 334245 337330 337338 341376 341384 341475 341483 344504 344512 346583 346591 347253 347261 348047 348055 348354 348362 348387 348395 349439 349447 361406 361414 363257 363265 363549 363557 363677 363685 370857 370865 370992 371000 372678 372686 372918 372926 372941 372949 374333 374341 374815 374823 376679 376687 383760 383768 384861 384869 387192 387200 388532 388540 391032 391040 391512 391520 395523 395531 400077 400085 400741 400749 403116 403124 403767 403775 408185 408193 408912 408920 411157 411165 413177 413185 414478 414486 417069 417077 417336 417344 420446 420454 420689 420697 427070 427078 432876 432884 447719 447727 449515 449523 451226 451234 453892 453900 456050 456058 457556 457564 457885 457893 460757 460765 460876 460884 460888 460896 460916 460924 464021 464029 464660 464668 465892 465900 467553 467561 468459 468467 472173 472181 472543 472551 480183 480191 481761 481769 483716 483724 484192 484200 484610 484618 487412 487420 487878 487886 489992 490000 491140 491148 491272 491280 491292 491300 495911 495919 498408 498416 498453 498461 501692 501700 504173 504181 505342 505350 505736 505744 508892 508900 511347 511355 515217 515225 516939 516947 517716 517724 518783 518791 518824 518832 520621 520629 522745 522753 523017 523025 530557 530565 531146 531154 531548 531556 532070 532078 532347 532355 533518 533526 533691 533699 534626 534634 535881 535889 540173 540181 541852 541860 541885 541893 543606 543614 547119 547127 554181 554189 558346 558354 559054 559062 561731 561739 570759 570767 571120 571128 576924 576932 578981 578989 580156 580164 580205 580213 580425 580433 584888 584896 588264 588272 592269 592277 594738 594746 595683 595691 595737 595745 597111 597119 598991 598999 604850 604858 604863 604871 609344 609352 609482 609490 609507 609515 614106 614114 614711 614719 615875 615883 618782 618790 618961 618969 620084 620092 620592 620600 620616 620624 626368 626376 627560 627568 631959 631967 634113 634121 634179 634187 634424 634432 635857 635865 637145 637153 637576 637584 639577 639585 641853 641861 641976 641984 644579 644587 647579 647587 648757 648765 651178 651186 652789 652797 652959 652967 654370 654378 658921 658929 659941 659949 660150 660158 660767 660775 661552 661560 663357 663365 665047 665055 665891 665899 671531 671539 672870 672878 672978 672986 675292 675300 680492 680500 687092 687100 687752 687760 689613 689621 691456 691464 693046 693054 694064 694072 694412 694420 701335 701343 705834 705842 705892 705900 709259 709267 711953 711961 713733 713741 719531 719539 0 0 
9 325
3721 3730 3891 3900 4170 4179 5586 5595 7327 7336 13842 13851 19574 19583 25173 25182 25766 25775 26039 26048 26891 26900 27435 27444 31225 31234 31646 31655 37781 37790 38561 38570 38581 38590 39069 39078 41365 41374 42189 42198 42791 42800 43748 43757 44741 44750 50063 50072 53816 53825 56978 56987 58645 58654 59585 59594 59940 59949 64587 64596 67846 67855 67947 67956 71641 71650 77707 77716 79791 79800 83569 83578 85236 85245 86391 86400 88569 88578 91342 91351 96175 96184 97074 97083 101670 101679 105867 105876 106568 106577 106608 106617 107523 107532 111691 111700 121452 121461 122925 122934 122938 122947 127214 127223 128616 128625 139056 139065 139329 139338 140767 140776 142982 142991 144483 144492 145884 145893 150103 150112 150154 150163 153237 153246 153989 153998 155650 155659 156130 156139 156966 156975 158119 158128 161479 161488 166827 166836 168645 168654 171331 171340 173004 173013 173508 173517 176412 176421 180254 180263 185091 185100 187582 187591 188060 188069 190654 190663 191879 191888 193491 193500 199044 199053 203414 203423 206910 206919 208520 208529 211606 211615 212107 212116 218242 218251 218545 218554 220291 220300 225988 225997 228489 228498 228614 228623 229491 229500 231591 231600 232606 232615 234175 234184 236354 236363 237517 237526 237703 237712 240131 240140 240144 240153 240315 240324 241332 241341 246691 246700 247736 247745 249944 249953 254091 254100 258591 258600 260091 260100 260731 260740 262962 262971 264274 264283 269145 269154 272511 272520 274126 274135 274950 274959 275040 275049 275950 275959 276088 276097 276523 276532 279626 279635 284891 284900 287243 287252 287320 287329 292487 292496 295391 295400 296185 296194 296816 296825 300235 300244 308378 308387 308516 308525 309025 309034 311153 311162 312080 312089 313377 313386 317091 317100 320891 320900 320912 320921 322943 322952 325491 325500 327714 327723 329140 329149 330187 330196 330379 330388 330491 330500 332587 332596 333056 333065 334770 334779 335491 335500 335603 335612 341591 341600 344517 344526 346491 346500 346856 346865 347891 347900 348456 348465 349315 349324 349332 349341 352991 353000 355323 355332 357452 357461 359068 359077 363223 363232 364462 364471 364491 364500 369962 369971 376541 376550 378485 378494 378578 378587 386310 386319 390580 390589 391691 391700 394365 394374 396965 396974 398789 398798 398867 398876 402142 402151 404056 404065 408741 408750 409089 409098 415665 415674 418391 418400 419211 419220 419478 419487 423788 423797 424517 424526 426730 426739 426975 426984 432844 432853 433170 433179 435877 435886 436491 436500 445091 445100 447540 447549 447591 447600 447859 447868 454216 454225 456573 456582 457191 457200 458853 458862 459369 459378 464335 464344 465091 465100 469542 469551 472850 472859 472861 472870 472879 472888 478259 478268 483250 483259 485351 485360 488312 488321 488819 488828 489766 489775 493558 493567 495181 495190 496126 496135 498569 498578 499520 499529 501420 501429 502142 502151 507238 507247 513463 513472 516512 516521 520543 520552 521291 521300 526617 526626 527219 527228 529066 529075 529305 529314 529746 529755 540312 540321 540825 540834 541977 541986 542615 542624 543355 543364 543491 543500 549775 549784 549927 549936 552831 552840 554836 554845 556316 556325 556918 556927 557754 557763 560735 560744 567391 567400 569851 569860 570826 570835 571812 571821 573087 573096 576509 576518 576736 576745 579914 579923 587074 587083 589181 589190 589875 589884 590152 590161 590391 590400 591812 591821 601115 601124 603927 603936 604333 604342 615991 616000 616177 616186 617050 617059 617538 617547 617671 617680 623569 623578 625091 625100 628258 628267 631916 631925 632051 632060 634683 634692 635716 635725 637991 638000 638025 638034 639484 639493 640112 640121 643751 643760 645017 645026 646166 646175 648677 648686 651742 651751 652858 652867 656225 656234 656888 656897 658931 658940 660332 660341 660581 660590 661267 661276 661311 661320 666751 666760 668350 668359 670286 670295 673355 673364 674526 674535 679110 679119 682263 682272 682417 682426 682564 682573 684091 684100 685485 685494 689960 689969 690491 690500 690579 690588 691673 691682 695784 695793 695846 695855 697309 697318 698150 698159 699086 699095 699118 699127 700619 700628 702651 702660 705581 705590 707439 707448 707480 707489 708672 708681 709347 709356 711516 711525 716849 716858 717391 717400 717943 717952 718908 718917 719811 719820 
10 288
504 514 1732 1742 3746 3756 5542 5552 8776 8786 10414 10424 12427 12437 13830 13840 14054 14064 21337 21347 21979 21989 23390 23400 30147 30157 32990 33000 34613 34623 36954 36964 36969 36979 38641 38651 41420 41430 44539 44549 50135 50145 54623 54633 63167 63177 63746 63756 64610 64620 64741 64751 65770 65780 67760 67770 67831 67841 70241 70251 72922 72932 77136 77146 80681 80691 82813 82823 83312 83322 89049 89059 91020 91030 93225 93235 98681 98691 99866 99876 100765 100775 101465 101475 102575 102585 108465 108475 111407 111417 113890 113900 118229 118239 120378 120388 123570 123580 124648 124658 126646 126656 128830 128840 130771 130781 131067 131077 134562 134572 139658 139668 140024 140034 141344 141354 143472 143482 145872 145882 149290 149300 151911 151921 152646 152656 157528 157538 160390 160400 162010 162020 169915 169925 172690 172700 174107 174117 177432 177442 179010 179020 180239 180249 181170 181180 181418 181428 185290 185300 187553 187563 192960 192970 193131 193141 195449 195459 196934 196944 198321 198331 201105 201115 202030 202040 203427 203437 206020 206030 206035 206045 213332 213342 215244 215254 215465 215475 220020 220030 222731 222741 225390 225400 233188 233198 236375 236385 237312 237322 237412 237422 246438 246448 247514 247524 248660 248670 256855 256865 257690 257700 260269 260279 265223 265233 266648 266658 268676 268686 269441 269451 271404 271414 274228 274238 275052 275062 276019 276029 277019 277029 277838 277848 280290 280300 282290 282300 283834 283844 286390 286400 287726 287736 290257 290267 291062 291072 292420 292430 295590 295600 300579 300589 305390 305400 307873 307883 308590 308600 308690 308700 313253 313263 313274 313284 315438 315448 321044 321054 321321 321331 322064 322074 322931 322941 327433 327443 329112 329122 329641 329651 332033 332043 333345 333355 333565 333575 336415 336425 336432 336442 337190 337200 339313 339323 341608 341618 348406 348416 348790 348800 350531 350541 353776 353786 358579 358589 360424 360434 361732 361742 365490 365500 365825 365835 369116 369126 371082 371092 379790 379800 380309 380319 389284 389294 389466 389476 391121 391131 396858 396868 396890 396900 398887 398897 400917 400927 401654 401664 402122 402132 407364 407374 408090 408100 412152 412162 415639 415649 420146 420156 420459 420469 420747 420757 420802 420812 421724 421734 423846 423856 424190 424200 424571 424581 425369 425379 428168 428178 432138 432148 434372 434382 436444 436454 444719 444729 449544 449554 455279 455289 458042 458052 458064 458074 459723 459733 461540 461550 464607 464617 471457 471467 472890 472900 473420 473430 474090 474100 476849 476859 477107 477117 482547 482557 483290 483300 495607 495617 499504 499514 500023 500033 502256 502266 502290 502300 502739 502749 507565 507575 509950 509960 511190 511200 515230 515240 516776 516786 526753 526763 527269 527279 528033 528043 530346 530356 535926 535936 537113 537123 538573 538583 540415 540425 542713 542723 542738 542748 543275 543285 544014 544024 545890 545900 547568 547578 551190 551200 555188 555198 557525 557535 559022 559032 567537 567547 570724 570734 575217 575227 584090 584100 585087 585097 585932 585942 589026 589036 592171 592181 592817 592827 593113 593123 593420 593430 596152 596162 596241 596251 597823 597833 599135 599145 599343 599353 601562 601572 601841 601851 608053 608063 608173 608183 611873 611883 611909 611919 619922 619932 626216 626226 627063 627073 627722 627732 628990 629000 632540 632550 632618 632628 633403 633413 634818 634828 639286 639296 639686 639696 641573 641583 643334 643344 648615 648625 651190 651200 653215 653225 653590 653600 653659 653669 656147 656157 663010 663020 663132 663142 665769 665779 666548 666558 668250 668260 668888 668898 676190 676200 682090 682100 688489 688499 695163 695173 698973 698983 699417 699427 699481 699491 704790 704800 709908 709918 709959 709969 711232 711242 713674 713684 718569 718579 
11 297
6638 6649 11889 11900 13716 13727 15976 15987 22513 22524 24944 24955 26489 26500 33581 33592 37568 37579 39289 39300 39989 40000 45010 45021 48837 48848 48889 48900 52447 52458 55739 55750 57414 57425 59212 59223 60330 60341 61270 61281 62520 62531 62674 62685 67866 67877 67928 67939 68110 68121 69876 69887 71552 71563 72189 72200 77150 77161 78508 78519 79282 79293 80589 80600 82172 82183 85373 85384 85971 85982 86749 86760 89069 89080 93525 93536 94452 94463 95215 95226 96021 96032 105737 105748 110707 110718 111044 111055 113116 113127 114884 114895 118249 118260 118304 118315 118329 118340 118342 118353 121051 121062 121777 121788 122621 122632 122975 122986 123923 123934 129786 129797 136019 136030 136041 136052 136441 136452 139458 139469 141478 141489 143980 143991 146967 146978 150209 150220 152586 152597 154067 154078 155689 155700 161308 161319 173829 173840 176319 176330 180526 180537 184689 184700 186087 186098 187763 187774 188106 188117 192570 192581 193424 193435 193958 193969 194479 194490 195921 195932 196909 196920 202745 202756 203547 203558 204968 204979 207131 207142 212151 212162 216089 216100 217389 217400 218408 218419 218525 218536 218789 218800 219751 219762 224548 224559 226277 226288 226855 226866 227414 227425 229642 229653 231689 231700 239124 239135 239942 239953 239989 240000 243418 243429 246644 246655 247837 247848 250426 250437 263889 263900 280489 280500 280781 280792 281029 281040 281444 281455 282251 282262 282511 282522 287989 288000 288450 288461 289989 290000 290648 290659 290830 290841 292610 292621 293232 293243 293528 293539 293780 293791 296542 296553 296881 296892 299319 299330 301018 301029 303989 304000 306741 306752 309268 309279 310539 310550 318315 318326 322079 322090 329656 329667 331359 331370 331387 331398 332225 332236 333552 333563 334589 334600 337711 337722 344744 344755 348203 348214 353869 353880 355625 355636 356579 356590 357736 357747 357775 357786 367189 367200 368089 368100 368341 368352 369160 369171 369468 369479 370489 370500 372516 372527 374932 374943 375986 375997 379245 379256 383389 383400 384006 384017 385762 385773 396707 396718 400930 400941 407327 407338 408588 408599 408717 408728 408952 408963 411089 411100 412189 412200 414072 414083 414983 414994 415651 415662 415756 415767 416572 416583 417350 417361 417864 417875 422689 422700 426936 426947 427781 427792 427823 427834 435813 435824 439107 439118 440043 440054 441951 441962 442367 442378 443929 443940 446389 446400 449631 449642 454032 454043 457177 457188 457713 457724 459354 459365 467678 467689 472735 472746 474814 474825 476303 476314 477723 477734 482981 482992 485236 485247 488273 488284 489739 489750 494735 494746 502567 502578 505027 505038 506759 506770 509978 509989 510116 510127 514004 514015 515736 515747 516986 516997 518415 518426 520189 520200 522126 522137 523721 523732 526713 526724 527675 527686 546417 546428 546752 546763 547254 547265 548136 548147 548328 548339 554226 554237 557712 557723 560922 560933 564341 564352 570772 570783 572712 572723 576940 576951 577789 577800 577929 577940 578489 578500 579779 579790 581345 581356 583245 583256 585954 585965 586509 586520 588877 588888 590070 590081 590135 590146 592489 592500 592857 592868 596603 596614 601489 601500 608489 608500 608615 608626 608789 608800 613234 613245 619948 619959 620371 620382 621789 621800 625289 625300 626256 626267 626305 626316 628179 628190 630716 630727 631257 631268 632977 632988 633909 633920 634044 634055 634511 634522 634645 634656 636738 636749 640889 640900 641958 641969 643466 643477 643828 643839 646135 646146 647667 647678 648327 648338 657335 657346 657353 657364 658811 658822 658827 658838 659366 659377 661836 661847 663370 663381 667377 667388 670257 670268 671312 671323 685384 685395 688440 688451 692517 692528 693982 693993 700304 700315 703517 703528 704009 704020 705174 705185 706141 706152 706218 706229 706446 706457 708612 708623 708636 708647 708651 708662 711249 711260 714521 714532 715740 715751 716225 716236 717963 717974 719018 719029 719544 719555 
12 277
559 571 5967 5979 6713 6725 10325 10337 13447 13459 16888 16900 17188 17200 17615 17627 19788 19800 23314 23326 26388 26400 27826 27838 31131 31143 32088 32100 37733 37745 40271 40283 41382 41394 41478 41490 48914 48926 52067 52079 55752 55764 61976 61988 69507 69519 69658 69670 71088 71100 71768 71780 79438 79450 80423 80435 81888 81900 81915 81927 89419 89431 92476 92488 92840 92852 95235 95247 95280 95292 105050 105062 110732 110744 111359 111371 111419 111431 112461 112473 112510 112522 116788 116800 121073 121085 126486 126498 128326 128338 129943 129955 145815 145827 150268 150280 155509 155521 161650 161662 162784 162796 164906 164918 165818 165830 172009 172021 174488 174500 176187 176199 176681 176693 179230 179242 184222 184234 185449 185461 185533 185545 188173 188185 194461 194473 195381 195393 197870 197882 199554 199566 200707 200719 200778 200790 204931 204943 205775 205787 207216 207228 210336 210348 210972 210984 215488 215500 217588 217600 217915 217927 222715 222727 225964 225976 226869 226881 235916 235928 236533 236545 237735 237747 247368 247380 247888 247900 251859 251871 256179 256191 256438 256450 270084 270096 272145 272157 275273 275285 277817 277829 284112 284124 286128 286140 286152 286164 286208 286220 294057 294069 294188 294200 294218 294230 297745 297757 298483 298495 298580 298592 298910 298922 298969 298981 299365 299377 306972 306984 307063 307075 307788 307800 308879 308891 311266 311278 313388 313400 315488 315500 316415 316427 317876 317888 321307 321319 329204 329216 339110 339122 340741 340753 343720 343732 344238 344250 344842 344854 346017 346029 348031 348043 349225 349237 349888 349900 353341 353353 354834 354846 357130 357142 357181 357193 357483 357495 357543 357555 358214 358226 359669 359681 363209 363221 365407 365419 365446 365458 368043 368055 368713 368725 369144 369156 369973 369985 372236 372248 375767 375779 378728 378740 383809 383821 406179 406191 406585 406597 409170 409182 411825 411837 412915 412927 415769 415781 418834 418846 420727 420739 423488 423500 426903 426915 427863 427875 430471 430483 437669 437681 440022 440034 441131 441143 444735 444747 449110 449122 452636 452648 453773 453785 458723 458735 469588 469600 473688 473700 474988 475000 479466 479478 480683 480695 481158 481170 483888 483900 487225 487237 491027 491039 491162 491174 497111 497123 498113 498125 500533 500545 502126 502138 504488 504500 505013 505025 505719 505731 507842 507854 514688 514700 515313 515325 515873 515885 518688 518700 521623 521635 521786 521798 529579 529591 534658 534670 535772 535784 539774 539786 541862 541874 542806 542818 545279 545291 545461 545473 548020 548032 548036 548048 552005 552017 553267 553279 554135 554147 566423 566435 569919 569931 577307 577319 579109 579121 579242 579254 579964 579976 580071 580083 581361 581373 582547 582559 585029 585041 586175 586187 586982 586994 588355 588367 590256 590268 590525 590537 591850 591862 597175 597187 597507 597519 600781 600793 601171 601183 603588 603600 604876 604888 606273 606285 606442 606454 609732 609744 609988 610000 610749 610761 611258 611270 614178 614190 617524 617536 619221 619233 619813 619825 623316 623328 627852 627864 635061 635073 635075 635087 637608 637620 643011 643023 643057 643069 646152 646164 652869 652881 653475 653487 654905 654917 656451 656463 657372 657384 658942 658954 659447 659459 661516 661528 661654 661666 661673 661685 661753 661765 663171 663183 668453 668465 669731 669743 671343 671355 676288 676300 676780 676792 678359 678371 681380 681392 684983 684995 685655 685667 688822 688834 691070 691082 691613 691625 699054 699066 699437 699449 701487 701499 704705 704717 705844 705856 708909 708921 709971 709983 711287 711299 711574 711586 714073 714085 716588 716600 717176 717188 718762 718774 
13 263
5521 5534 7779 7792 8905 8918 9955 9968 14344 14357 15955 15968 19014 19027 19126 19139 22015 22028 23274 23287 25253 25266 26727 26740 38525 38538 42719 42732 49011 49024 49805 49818 49821 49834 52462 52475 55518 55531 55774 55787 55810 55823 57448 57461 62171 62184 67311 67324 67743 67756 67882 67895 72527 72540 72721 72734 76645 76658 80187 80200 81931 81944 82378 82391 82687 82700 90248 90261 91231 91244 91246 91259 92415 92428 92817 92830 96409 96422 97051 97064 97214 97227 102156 102169 103844 103857 110931 110944 116015 116028 119414 119427 119871 119884 120361 120374 120649 120662 122949 122962 123937 123950 127372 127385 127725 127738 129487 129500 131007 131020 138309 138322 138627 138640 139636 139649 141416 141429 141587 141600 143487 143500 148387 148400 161664 161677 163718 163731 163743 163756 163787 163800 166283 166296 174467 174480 176877 176890 178506 178519 178805 178818 180280 180293 187077 187090 194417 194430 194438 194451 197442 197455 201118 201131 204952 204965 208131 208144 208977 208990 209019 209032 222856 222869 226809 226822 227787 227800 232087 232100 239807 239820 242534 242547 243983 243996 244069 244082 249538 249551 254252 254265 262023 262036 262564 262577 265987 266000 277387 277400 278787 278800 279512 279525 282233 282246 284382 284395 291925 291938 293548 293561 299722 299735 299987 300000 300982 300995 306367 306380 312278 312291 312487 312500 315419 315432 319657 319670 321333 321346 329462 329475 332175 332188 333637 333650 335007 335020 335662 335675 339806 339819 344020 344033 345950 345963 346275 346288 346687 346700 347265 347278 348187 348200 356766 356779 358111 358124 358236 358249 358275 358288 360834 360847 361645 361658 362624 362637 365244 365257 368749 368762 369453 369466 371636 371649 376061 376074 376587 376600 376606 376619 377163 377176 379228 379241 383582 383595 385868 385881 386760 386773 392285 392298 405552 405565 409074 409087 410159 410172 413187 413200 413872 413885 419420 419433 420656 420669 423753 423766 426951 426964 427342 427355 427570 427583 429263 429276 430487 430500 430687 430700 434408 434421 440064 440077 440129 440142 442071 442084 443653 443666 443913 443926 444938 444951 450032 450045 456551 456564 459387 459400 459987 460000 464133 464146 464510 464523 466411 466424 467112 467125 470741 470754 475024 475037 475276 475289 478312 478325 480608 480621 482233 482246 485252 485265 491125 491138 500130 500143 505170 505183 505820 505833 505836 505849 507587 507600 511812 511825 512675 512688 514212 514225 515887 515900 524070 524083 526730 526743 530113 530126 531187 531200 532114 532127 545109 545122 549179 549192 549434 549447 553078 553091 558406 558419 560784 560797 561749 561762 562287 562300 562728 562741 563587 563600 565864 565877 571187 571200 575331 575344 576887 576900 578472 578485 583222 583235 585187 585200 586944 586957 589265 589278 589556 589569 598449 598462 605153 605166 605614 605627 606425 606438 607912 607925 611436 611449 613160 613173 613727 613740 613771 613784 616634 616647 625233 625246 636751 636764 639467 639480 640482 640495 640762 640775 643032 643045 644871 644884 645136 645149 652759 652772 657179 657192 657387 657400 657787 657800 661039 661052 661157 661170 662962 662975 663266 663279 663749 663762 669236 669249 671141 671154 677061 677074 678769 678782 682279 682292 682908 682921 683780 683793 684140 684153 685041 685054 685772 685785 686958 686971 687887 687900 688843 688856 690142 690155 694580 694593 700387 700400 700676 700689 705866 705879 706156 706169 706987 707000 710638 710651 718287 718300 718987 719000 
14 208
280 294 3382 3396 16578 16592 18354 18368 21529 21543 29011 29025 30031 30045 31446 31460 31630 31644 31659 31673 33342 33356 37853 37867 46537 46551 50075 50089 50621 50635 55702 55716 59564 59578 66260 66274 76021 76035 76273 76287 79949 79963 89786 89800 97886 97900 99524 99538 99684 99698 100073 100087 109029 109043 109117 109131 110182 110196 119454 119468 127830 127844 128310 128324 132048 132062 139145 139159 141359 141373 144674 144688 146911 146925 150629 150643 151669 151683 152178 152192 156628 156642 165975 165989 166216 166230 166839 166853 170218 170232 171315 171329 173044 173058 173522 173536 179169 179183 179186 179200 179213 179227 179686 179700 181562 181576 183251 183265 187054 187068 189811 189825 190720 190734 201134 201148 206280 206294 213078 213092 218616 218630 219651 219665 222986 223000 234232 234246 235072 235086 237342 237356 237757 237771 238671 238685 240160 240174 243635 243649 246881 246895 252462 252476 255982 255996 257329 257343 262415 262429 262586 262600 262775 262789 265248 265262 268360 268374 269360 269374 276668 276682 277086 277100 281771 281785 286514 286528 296481 296495 297712 297726 301340 301354 303127 303141 306986 307000 307144 307158 309434 309448 312763 312777 318607 318621 321712 321726 328470 328484 330818 330832 331326 331340 333838 333852 334571 334585 344724 344738 346247 346261 352972 352986 354207 354221 357338 357352 359618 359632 363269 363283 371286 371300 374024 374038 382126 382140 389450 389464 389526 389540 390026 390040 390312 390326 391086 391100 395565 395579 398317 398331 398545 398559 398808 398822 408931 408945 409407 409421 409427 409441 414382 414396 417973 417987 420420 420434 420621 420635 421433 421447 423929 423943 423976 423990 429279 429293 432442 432456 438337 438351 439132 439146 439571 439585 444614 444628 447764 447778 450015 450029 454073 454087 459171 459185 460731 460745 463777 463791 464318 464332 465814 465828 468520 468534 471186 471200 471526 471540 472525 472539 475257 475271 479734 479748 486585 486599 491354 491368 491385 491399 495764 495778 501018 501032 509627 509641 518871 518885 521411 521425 531710 531724 534015 534029 540222 540236 542504 542518 544280 544294 546264 546278 546286 546300 549710 549724 550579 550593 551447 551461 567069 567083 569974 569988 571743 571757 581306 581320 582563 582577 591236 591250 598464 598478 603783 603797 604519 604533 614727 614741 617632 617646 624158 624172 626886 626900 632140 632154 633842 633856 634748 634762 638674 638688 640149 640163 643773 643787 643986 644000 644216 644230 646416 646430 648379 648393 652941 652955 656123 656137 665943 665957 669325 669339 673561 673575 678333 678347 682585 682599 686372 686386 688002 688016 688611 688625 691467 691481 692460 692474 695357 695371 702439 702453 710525 710539 717264 717278 717367 717381 718786 718800 719186 719200 
15 218
12473 12488 15929 15944 16045 16060 21616 21631 23846 23861 29565 29580 31049 31064 37709 37724 37758 37773 48869 48884 50167 50182 59858 59873 60808 60823 63120 63135 68185 68200 69329 69344 73122 73137 74285 74300 77602 77617 79724 79739 83824 83839 86604 86619 91134 91149 96924 96939 98019 98034 99646 99661 99666 99681 103371 103386 105385 105400 108931 108946 124027 124042 125334 125349 127741 127756 128708 128723 129632 129647 135924 135939 140036 140051 140973 140988 141431 141446 145736 145751 151650 151665 152382 152397 152512 152527 169776 169791 171162 171177 174120 174135 176718 176733 184237 184252 188406 188421 195358 195373 196720 196735 199063 199078 199081 199096 203040 203055 206048 206063 207079 207094 208785 208800 209448 209463 209981 209996 211547 211562 212016 212031 218047 218062 218260 218275 218347 218362 219572 219587 221916 221931 223985 224000 228585 228600 229785 229800 232242 232257 233063 233078 248177 248192 250470 250485 251446 251461 252620 252635 255064 255079 258085 258100 263781 263796 269417 269432 274273 274288 279551 279566 283554 283569 285249 285264 288431 288446 289906 289921 292452 292467 292638 292653 295785 295800 297785 297800 299485 299500 306274 306289 310717 310732 310738 310753 312233 312248 317122 317137 326010 326025 326075 326090 326360 326375 326548 326563 326985 327000 327533 327548 330347 330362 330579 330594 332918 332933 334652 334667 335436 335451 337785 337800 342243 342258 348116 348131 348517 348532 349973 349988 352275 352290 358733 358748 362148 362163 363377 363392 367781 367796 367841 367856 374834 374849 378535 378550 379183 379198 379743 379758 396165 396180 405908 405923 407171 407186 407210 407225 413142 413157 416272 416287 427322 427337 430220 430235 437468 437483 440465 440480 443524 443539 449563 449578 453864 453879 460379 460394 460858 460873 462579 462594 468774 468789 475856 475871 479935 479950 480381 480396 481458 481473 488044 488059 488362 488377 491778 491793 494785 494800 501652 501667 502880 502895 509919 509934 515543 515558 515675 515690 516202 516217 518231 518246 518258 518273 526651 526666 530509 530524 531310 531325 534672 534687 538553 538568 538585 538600 542185 542200 544479 544494 546723 546738 547614 547629 549414 549429 553808 553823 559037 559052 559756 559771 561508 561523 565813 565828 568639 568654 582906 582921 591954 591969 593878 593893 605285 605300 607861 607876 615856 615871 616828 616843 619156 619171 623545 623560 624548 624563 625950 625965 634658 634673 639763 639778 640872 640887 642725 642740 643516 643531 647285 647300 648558 648573 649585 649600 653445 653460 654385 654400 655585 655600 656826 656841 659168 659183 660185 660200 661732 661747 672664 672679 676813 676828 679427 679442 680321 680336 680412 680427 684314 684329 686262 686277 688049 688064 689249 689264 692434 692449 700985 701000 702874 702889 703085 703100 706846 706861 709464 709479 709770 709785 712724 712739 715550 715565 715718 715733 715974 715989 0 0 
16 211
739 755 4975 4991 7553 7569 9124 9140 17106 17122 18084 18100 21926 21942 23872 23888 27984 28000 39177 39193 40427 40443 45822 45838 49263 49279 57017 57033 61741 61757 73739 73755 73825 73841 80384 80400 80662 80678 83155 83171 86984 87000 91032 91048 96782 96798 97019 97035 100815 100831 103863 103879 104061 104077 111970 111986 124046 124062 125307 125323 137804 137820 142446 142462 144176 144192 144284 144300 149376 149392 152932 152948 159635 159651 161534 161550 166265 166281 173808 173824 176427 176443 181328 181344 182549 182565 182813 182829 184175 184191 188071 188087 191443 191459 193815 193831 200278 200294 201162 201178 201740 201756 205535 205551 206209 206225 209813 209829 213615 213631 218746 218762 224449 224465 226617 226633 228428 228444 229675 229691 229881 229897 231051 231067 233945 233961 235051 235067 236465 236481 237437 237453 242373 242389 244162 244178 248684 248700 249924 249940 250743 250759 251270 251286 252720 252736 253609 253625 254066 254082 257311 257327 259030 259046 261079 261095 276447 276463 280703 280719 281550 281566 287876 287892 288921 288937 293724 293740 295370 295386 296784 296800 299738 299754 300314 300330 301284 301300 301551 301567 302584 302600 308950 308966 309984 310000 317931 317947 319833 319849 320133 320149 320245 320261 325932 325948 332819 332835 334376 334392 337353 337369 337945 337961 340037 340053 340307 340323 342455 342471 345880 345896 347473 347489 351150 351166 352820 352836 355661 355677 356272 356288 358014 358030 360136 360152 362006 362022 362128 362144 363239 363255 365469 365485 371227 371243 378517 378533 378774 378790 380341 380357 389882 389898 396528 396544 399676 399692 400308 400324 402184 402200 405110 405126 411484 411500 414052 414068 425684 425700 430959 430975 435984 436000 437084 437100 442634 442650 444146 444162 447518 447534 450448 450464 457849 457865 458272 458288 463357 463373 465229 465245 469042 469058 470909 470925 471663 471679 475084 475100 483864 483880 484484 484500 495161 495177 508630 508646 513413 513429 520655 520671 522435 522451 524655 524671 526954 526970 528917 528933 536569 536585 544033 544049 545166 545182 546223 546239 563968 563984 569304 569320 571313 571329 572154 572170 574684 574700 577762 577778 580435 580451 580453 580469 583274 583290 586959 586975 590884 590900 591413 591429 593435 593451 594930 594946 594962 594978 598484 598500 599777 599793 602352 602368 603154 603170 604580 604596 605584 605600 608127 608143 611484 611500 613142 613158 617481 617497 620684 620700 626238 626254 631505 631521 637756 637772 642961 642977 645884 645900 651437 651453 658967 658983 659465 659481 663043 663059 663145 663161 665060 665076 670856 670872 681854 681870 684335 684351 688861 688877 688922 688938 689941 689957 692284 692300 692339 692355 697324 697340 704054 704070 705103 705119 707210 707226 710460 710476 712943 712959 716830 716846 
17 191
215 232 6517 6534 6921 6938 20376 20393 21017 21034 21507 21524 21683 21700 38655 38672 43844 43861 57623 57640 58383 58400 59237 59254 60244 60261 60913 60930 61865 61882 62638 62655 64715 64732 67568 67585 79419 79436 87760 87777 87783 87800 89124 89141 89678 89695 97808 97825 99111 99128 116050 116067 128233 128250 132083 132100 144632 144649 151619 151636 152552 152569 155716 155733 165946 165963 166423 166440 168452 168469 169226 169243 175983 176000 177623 177640 183165 183182 184283 184300 187032 187049 192983 193000 193903 193920 196583 196600 199967 199984 203970 203987 206244 206261 207853 207870 212083 212100 212557 212574 217552 217569 217702 217719 218221 218238 223353 223370 227749 227766 228283 228300 231474 231491 232066 232083 233005 233022 239378 239395 239831 239848 249727 249744 252383 252400 255330 255347 258556 258573 262083 262100 267717 267734 268473 268490 269564 269581 272241 272258 275929 275946 279576 279593 286965 286982 293083 293100 296228 296245 299815 299832 301264 301281 307266 307283 308810 308827 310235 310252 318027 318044 318183 318200 320024 320041 333606 333623 333873 333890 334782 334799 342433 342450 342883 342900 344037 344054 346553 346570 353544 353561 354683 354700 356483 356500 360169 360186 365114 365131 371207 371224 381211 381228 383533 383550 387536 387553 398476 398493 405383 405400 406820 406837 407530 407547 410321 410338 425383 425400 429347 429364 431920 431937 432183 432200 437625 437642 445320 445337 448428 448445 450533 450550 452603 452620 455683 455700 459749 459766 470552 470569 479616 479633 483844 483861 484363 484380 495744 495761 497963 497980 506583 506600 508773 508790 519835 519852 520634 520651 528475 528492 530209 530226 530483 530500 535810 535827 538274 538291 538618 538635 539027 539044 539732 539749 541621 541638 545441 545458 547545 547562 549538 549555 553544 553561 556872 556889 557539 557556 567364 567381 568563 568580 569453 569470 572768 572785 575719 575736 578242 578259 581383 581400 581640 581657 588083 588100 606212 606229 609548 609565 619112 619129 622383 622400 624283 624300 629169 629186 629730 629747 630583 630600 632926 632943 634536 634553 643875 643892 648633 648650 657029 657046 659125 659142 661054 661071 661712 661729 666912 666929 668331 668348 671269 671286 672023 672040 674857 674874 686976 686993 687347 687364 689579 689596 694026 694043 694523 694540 695555 695572 698613 698630 699662 699679 700503 700520 702083 702100 703777 703794 705129 705146 705745 705762 708704 708721 708735 708752 708772 708789 714666 714683 715783 715800 716407 716424 718583 718600 719914 719931 
18 192
5919 5937 6426 6444 8366 8384 11526 11544 16546 16564 21269 21287 22182 22200 23243 23261 26745 26763 26782 26800 30127 30145 32339 32357 37871 37889 61529 61547 61927 61945 62011 62029 62770 62788 63143 63161 63725 63743 66466 66484 66808 66826 66849 66867 70282 70300 76752 76770 96742 96760 97540 97558 101554 101572 111517 111535 112434 112452 112737 112755 116736 116754 118540 118558 122658 122676 123021 123039 127808 127826 129981 129999 134972 134990 139309 139327 141117 141135 141848 141866 144258 144276 150282 150300 155530 155548 164982 165000 166616 166634 167682 167700 168552 168570 168614 168632 169931 169949 172717 172735 177907 177925 180539 180557 198543 198561 200382 200400 204911 204929 205240 205258 215349 215367 217657 217675 226473 226491 227072 227090 229217 229235 231028 231046 231508 231526 232572 232590 233027 233045 245622 245640 246738 246756 247527 247545 249346 249364 262440 262458 262940 262958 264237 264255 265615 265633 267114 267132 267814 267832 268274 268292 271816 271834 271914 271932 272163 272181 273422 273440 279167 279185 283024 283042 285582 285600 297158 297176 300632 300650 303566 303584 310273 310291 328258 328276 333432 333450 337649 337667 338124 338142 339636 339654 344355 344373 346219 346237 355521 355539 356168 356186 375720 375738 377511 377529 380932 380950 386342 386360 393013 393031 394379 394397 400482 400500 410377 410395 413117 413135 414351 414369 426882 426900 433014 433032 436906 436924 439277 439295 440568 440586 449608 449626 457082 457100 459468 459486 472976 472994 481133 481151 482682 482700 486955 486973 488918 488936 497720 497738 497846 497864 502950 502968 512553 512571 513434 513452 514823 514841 515651 515669 518282 518300 523770 523788 524482 524500 525515 525533 536182 536200 538969 538987 539931 539949 542521 542539 543333 543351 547982 548000 548357 548375 557645 557663 560036 560054 563466 563484 565282 565300 566636 566654 570382 570400 570738 570756 572512 572530 573803 573821 578220 578238 584782 584800 594874 594892 600018 600036 602210 602228 603052 603070 621911 621929 623462 623480 624912 624930 625510 625528 627030 627048 631373 631391 632064 632082 632157 632175 632813 632831 633346 633364 636509 636527 638237 638255 640833 640851 643071 643089 644472 644490 645041 645059 647548 647566 648782 648800 655248 655266 655565 655583 657214 657232 661910 661928 665817 665835 671647 671665 679013 679031 683731 683749 684960 684978 693662 693680 698163 698181 707282 707300 707982 708000 709115 709133 709431 709449 714150 714168 714541 714559 717532 717550 717729 717747 717851 717869 717910 717928 718737 718755 
19 183
1081 1100 2522 2541 6765 6784 8072 8091 8741 8760 13854 13873 14323 14342 18905 18924 24013 24032 24873 24892 31532 31551 46512 46531 47720 47739 54215 54234 55859 55878 56825 56844 67116 67135 70819 70838 74057 74076 80313 80332 80630 80649 91319 91338 92102 92121 96153 96172 101530 101549 101644 101663 101709 101728 103064 103083 111539 111558 114281 114300 117650 117669 121223 121242 123069 123088 124663 124682 130219 130238 132909 132928 134781 134800 144078 144097 151325 151344 152660 152679 152845 152864 158607 158626 161455 161474 164316 164335 165040 165059 165267 165286 167270 167289 186673 186692 191681 191700 193743 193762 193930 193949 194328 194347 201765 201784 202720 202739 203709 203728 207158 207177 207832 207851 210665 210684 218281 218300 220035 220054 222911 222930 222965 222984 224275 224294 224740 224759 226645 226664 227934 227953 230277 230296 250811 250830 252359 252378 262753 262772 266804 266823 268317 268336 269620 269639 280465 280484 281834 281853 292281 292300 295567 295586 296763 296782 299343 299362 300664 300683 314712 314731 316275 316294 317758 317777 318054 318073 321062 321081 330516 330535 334018 334037 338320 338339 342263 342282 344334 344353 347225 347244 351512 351531 356551 356570 364440 364459 369415 369434 374110 374129 381835 381854 383969 383988 387613 387632 389814 389833 392231 392250 396666 396685 399260 399279 401178 401197 411058 411077 412931 412950 414127 414146 419067 419086 422519 422538 438443 438462 438481 438500 445479 445498 446754 446773 446954 446973 447981 448000 453272 453291 456074 456093 456829 456848 458581 458600 463977 463996 465007 465026 467651 467670 468629 468648 473871 473890 479353 479372 484162 484181 486521 486540 487165 487184 488018 488037 497744 497763 500337 500356 503176 503195 508022 508041 511631 511650 516851 516870 523525 523544 523581 523600 529720 529739 530275 530294 534243 534262 540869 540888 541932 541951 546568 546587 549746 549765 550607 550626 557837 557856 558052 558071 564014 564033 566669 566688 576863 576882 579727 579746 581681 581700 588121 588140 595774 595793 596660 596679 601465 601484 606365 606384 613530 613549 622770 622789 627435 627454 634558 634577 642216 642235 643535 643554 647824 647843 650781 650800 652264 652283 653504 653523 657005 657024 661281 661300 663467 663486 668675 668694 675543 675562 678231 678250 679214 679233 685111 685130 688739 688758 696238 696257 699918 699937 701834 701853 704509 704528 711161 711180 712259 712278 717138 717157 
20 173
1461 1481 2750 2770 6574 6594 11710 11730 15480 15500 17632 17652 20641 20661 32543 32563 33866 33886 53320 53340 54656 54676 62461 62481 77550 77570 84257 84277 98980 99000 113813 113833 114945 114965 122464 122484 125380 125400 128121 128141 139604 139624 141449 141469 152623 152643 152780 152800 167843 167863 170467 170487 172654 172674 181280 181300 181580 181600 182973 182993 184254 184274 185552 185572 193073 193093 196737 196757 197464 197484 198620 198640 205512 205532 211158 211178 218466 218486 220739 220759 227712 227732 229059 229079 232517 232537 240346 240366 240569 240589 241234 241254 256655 256675 256759 256779 257518 257538 258842 258862 262977 262997 264471 264491 270041 270061 270922 270942 272854 272874 278030 278050 280828 280848 282266 282286 285224 285244 288833 288853 289123 289143 289153 289173 290551 290571 293574 293594 295711 295731 307014 307034 308119 308139 308659 308679 320925 320945 321137 321157 321670 321690 323134 323154 328680 328700 329413 329433 340669 340689 341635 341655 345462 345482 347862 347882 351168 351188 351425 351445 352518 352538 359015 359035 371161 371181 381614 381634 382057 382077 387328 387348 391725 391745 391829 391849 392728 392748 406380 406400 406617 406637 410036 410056 422017 422037 422080 422100 427545 427565 433834 433854 439870 439890 446777 446797 464110 464130 465280 465300 473917 473937 476465 476485 480338 480358 489412 489432 490217 490237 499137 499157 501871 501891 505854 505874 513833 513853 515562 515582 516026 516046 525680 525700 527456 527476 534955 534975 535341 535361 535616 535636 541316 541336 541353 541373 544143 544163 545805 545825 546632 546652 546957 546977 547523 547543 552869 552889 557153 557173 557668 557688 563269 563289 572042 572062 573612 573632 576054 576074 581615 581635 585572 585592 586371 586391 587026 587046 587768 587788 588450 588470 592932 592952 606015 606035 606233 606253 608718 608738 612616 612636 623280 623300 626276 626296 629409 629429 632642 632662 638042 638062 639780 639800 641016 641036 641215 641235 648476 648496 651023 651043 652918 652938 654962 654982 656480 656500 672180 672200 674716 674736 675231 675251 679246 679266 685976 685996 690011 690031 691147 691167 691649 691669 697008 697028 697939 697959 700709 700729 700749 700769 702770 702790 704480 704500 705977 705997 717653 717673 717874 717894 718163 718183 718545 718565 
21 140
7945 7966 10468 10489 20579 20600 21179 21200 30461 30482 32179 32200 32728 32749 36063 36084 39038 39059 49610 49631 51323 51344 54168 54189 58045 58066 61327 61348 72877 72898 82341 82362 85338 85359 93636 93657 94129 94150 113734 113755 115414 115435 124506 124527 133167 133188 150679 150700 153110 153131 153858 153879 154764 154785 170041 170062 174964 174985 175958 175979 181679 181700 185613 185634 199920 199941 205951 205972 223857 223878 227633 227654 228331 228352 229355 229376 236275 236296 243243 243264 253251 253272 254562 254583 256711 256732 257665 257686 259269 259290 271253 271274 271466 271487 274963 274984 276911 276932 278066 278087 287918 287939 307655 307676 319347 319368 321879 321900 325113 325134 326041 326062 334321 334342 354563 354584 381179 381200 381519 381540 382029 382050 383348 383369 395146 395167 396579 396600 397121 397142 397857 397878 400779 400800 418879 418900 421924 421945 423149 423170 423947 423968 430879 430900 431271 431292 437416 437437 440650 440671 452533 452554 453809 453830 462975 462996 463462 463483 468666 468687 470641 470662 470712 470733 478208 478229 481737 481758 486552 486573 488942 488963 490242 490263 495109 495130 498159 498180 500309 500330 511479 511500 512005 512026 512336 512357 515251 515272 516956 516977 522916 522937 530529 530550 532508 532529 542866 542887 543371 543392 543419 543440 543831 543852 544117 544138 551535 551556 553828 553849 570319 570340 601049 601070 603173 603194 603964 603985 609525 609546 613111 613132 618145 618166 621640 621661 623518 623539 626754 626775 626843 626864 627507 627528 629817 629838 635731 635752 640736 640757 646965 646986 648107 648128 649559 649580 651112 651133 653866 653887 659640 659661 663320 663341 664369 664390 664447 664468 666819 666840 668418 668439 671542 671563 677844 677865 679445 679466 690119 690140 691409 691430 695323 695344 697045 697066 704030 704051 704346 704367 
22 150
1636 1658 13730 13752 16645 16667 20352 20374 27014 27036 29435 29457 36519 36541 38976 38998 40243 40265 48314 48336 53568 53590 62537 62559 71060 71082 72443 72465 74078 74100 76427 76449 77109 77131 84118 84140 84231 84253 85121 85143 92874 92896 98750 98772 103016 103038 115726 115748 118363 118385 119007 119029 120228 120250 126611 126633 145168 145190 151415 151437 154150 154172 154540 154562 156473 156495 158631 158653 180378 180400 184022 184044 188525 188547 192538 192560 197208 197230 200949 200971 206944 206966 210503 210525 213360 213382 214767 214789 215763 215785 219342 219364 220056 220078 221361 221383 222747 222769 228040 228062 237162 237184 246665 246687 250835 250857 251413 251435 270421 270443 271363 271385 273332 273354 277034 277056 281005 281027 283462 283484 283978 284000 294950 294972 301940 301962 303516 303538 304560 304582 304626 304648 308832 308854 316206 316228 325970 325992 330064 330086 332839 332861 341124 341146 342107 342129 349921 349943 352465 352487 366768 366790 377138 377160 380443 380465 380748 380770 381862 381884 384837 384859 390661 390683 419256 419278 422373 422395 429318 429340 433546 433568 436277 436299 438411 438433 440525 440547 441148 441170 441243 441265 442748 442770 443828 443850 446978 447000 447555 447577 447872 447894 450568 450590 452509 452531 457109 457131 458515 458537 465756 465778 466157 466179 469557 469579 472069 472091 472278 472300 476578 476600 483065 483087 485206 485228 486714 486736 491330 491352 494709 494731 505878 505900 526767 526789 528213 528235 529923 529945 529978 530000 531161 531183 533473 533495 548559 548581 553170 553192 553965 553987 560711 560733 572670 572692 573025 573047 576111 576133 588911 588933 595713 595735 595747 595769 595978 596000 598627 598649 602436 602458 602621 602643 603210 603232 616106 616128 633268 633290 635613 635635 635831 635853 651578 651600 659416 659438 670704 670726 676914 676936 695378 695400 695644 695666 698124 698146 705449 705471 705551 705573 706316 706338 706666 706688 713518 713540 717563 717585 
23 130
1869 1892 3243 3266 6536 6559 7422 7445 10855 10878 13268 13291 28037 28060 30516 30539 41062 41085 48806 48829 49437 49460 52642 52665 69566 69589 70340 70363 72148 72171 73877 73900 74030 74053 79967 79990 89477 89500 91643 91666 107668 107691 124066 124089 140377 140400 141823 141846 146226 146249 150127 150150 161563 161586 167330 167353 170538 170561 172256 172279 173377 173400 184136 184159 195417 195440 198224 198247 203519 203542 217359 217382 217510 217533 217970 217993 231316 231339 233965 233988 237367 237390 238934 238957 241609 241632 246220 246243 256057 256080 256956 256979 262472 262495 267742 267765 267777 267800 285829 285852 286269 286292 299957 299980 302808 302831 312030 312053 312460 312483 314748 314771 321160 321183 339945 339968 340616 340639 352418 352441 353743 353766 358077 358100 358127 358150 370060 370083 374163 374186 377377 377400 395536 395559 403652 403675 407556 407579 408340 408363 410571 410594 414222 414245 421109 421132 422555 422578 431777 431800 432153 432176 433520 433543 439022 439045 455552 455575 457915 457938 458077 458100 462511 462534 473465 473488 473545 473568 483763 483786 485637 485660 488622 488645 490804 490827 498311 498334 502755 502778 503326 503349 519763 519786 523077 523100 531206 531229 535677 535700 545731 545754 545863 545886 549241 549264 557569 557592 558566 558589 559507 559530 564903 564926 568777 568800 569477 569500 591825 591848 596167 596190 599418 599441 601815 601838 603077 603100 606760 606783 613617 613640 616533 616556 616927 616950 618113 618136 619371 619394 626107 626130 637516 637539 638624 638647 644268 644291 650877 650900 655077 655100 659952 659975 665977 666000 673528 673551 690661 690684 693954 693977 694628 694651 706344 706367 709312 709335 713312 713335 
24 122
30048 30072 37825 37849 50376 50400 57315 57339 57532 57556 59309 59333 77771 77795 78266 78290 82429 82453 86363 86387 88836 88860 91876 91900 110147 110171 116848 116872 121542 121566 129663 129687 134368 134392 140208 140232 145832 145856 147540 147564 149331 149355 152068 152092 152817 152841 152956 152980 154676 154700 154913 154937 177159 177183 181241 181265 205860 205884 210538 210562 214007 214031 215438 215462 223831 223855 229309 229333 229611 229635 229848 229872 241709 241733 249257 249281 255870 255894 256872 256896 259066 259090 263063 263087 269531 269555 275621 275645 308976 309000 309463 309487 312252 312276 320853 320877 323722 323746 324260 324284 340707 340731 347519 347543 349775 349799 354859 354883 357149 357173 357640 357664 361762 361786 373976 374000 378626 378650 384076 384100 387576 387600 390976 391000 391133 391157 397741 397765 404634 404658 409247 409271 415730 415754 419036 419060 431245 431269 433711 433735 445063 445087 459121 459145 481415 481439 484058 484082 486876 486900 490536 490560 498467 498491 499164 499188 503362 503386 514267 514291 529351 529375 531837 531861 536834 536858 537927 537951 540114 540138 560752 560776 565836 565860 569276 569300 574343 574367 575526 575550 581220 581244 589155 589179 590331 590355 592740 592764 594805 594829 608021 608045 610776 610800 613923 613947 618935 618959 619342 619366 623434 623458 623618 623642 627459 627483 632214 632238 632750 632774 637022 637046 660555 660579 664612 664636 669356 669380 675831 675855 677169 677193 678565 678589 684235 684259 688629 688653 689627 689651 692005 692029 695755 695779 695814 695838 697564 697588 699132 699156 701670 701694 714623 714647 
25 106
9175 9200 10826 10851 19515 19540 21947 21972 25315 25340 28062 28087 28513 28538 32059 32084 32755 32780 33964 33989 38317 38342 39252 39277 44375 44400 54122 54147 59275 59300 64756 64781 70136 70161 91533 91558 95473 95498 112757 112782 133070 133095 139420 139445 140127 140152 142062 142087 150927 150952 161048 161073 162532 162557 166119 166144 174371 174396 197232 197257 198516 198541 201575 201600 203338 203363 203941 203966 215411 215436 218875 218900 221875 221900 221973 221998 232259 232284 234145 234170 237461 237486 246406 246431 253061 253086 253163 253188 258023 258048 266164 266189 268975 269000 269220 269245 272917 272942 286167 286192 298932 298957 303271 303296 306757 306782 309719 309744 314327 314352 321350 321375 321613 321638 322242 322267 331673 331698 336006 336031 338762 338787 339265 339290 339425 339450 353029 353054 355930 355955 358752 358777 365561 365586 376306 376331 385719 385744 387675 387700 389552 389577 393659 393684 412218 412243 412966 412991 428632 428657 429375 429400 437040 437065 453417 453442 458754 458779 496048 496073 510037 510062 521225 521250 541213 541238 543567 543592 546455 546480 547032 547057 556327 556352 564036 564061 575372 575397 575975 576000 576762 576787 582167 582192 584861 584886 587235 587260 588847 588872 605106 605131 639258 639283 646932 646957 660715 660740 663766 663791 680020 680045 683224 683249 683275 683300 694475 694500 695475 695500 717065 717090 
26 108
574 600 12442 12468 16751 16777 17504 17530 17533 17559 18027 18053 21151 21177 23410 23436 27607 27633 30856 30882 42005 42031 49407 49433 57974 58000 67966 67992 68655 68681 76464 76490 78455 78481 84928 84954 85252 85278 105939 105965 108259 108285 120328 120354 120674 120700 122374 122400 141159 141185 142924 142950 144211 144237 148674 148700 157962 157988 169958 169984 175374 175400 177131 177157 182445 182471 188567 188593 192824 192850 217774 217800 228644 228670 230707 230733 232035 232061 233674 233700 239421 239447 265374 265400 273607 273633 275963 275989 287528 287554 290269 290295 303958 303984 304469 304495 312857 312883 319422 319448 319853 319879 322468 322494 322616 322642 330129 330155 337974 338000 339135 339161 345841 345867 365847 365873 379437 379463 390042 390068 391045 391071 404750 404776 419447 419473 421451 421477 432365 432391 433574 433600 440419 440445 449138 449164 449474 449500 452574 452600 457660 457686 465252 465278 475040 475066 483674 483700 484622 484648 497818 497844 520114 520140 537360 537386 552762 552788 553512 553538 556844 556870 559774 559800 573304 573330 575105 575131 578842 578868 581738 581764 584172 584198 596030 596056 599574 599600 608423 608449 611832 611858 619407 619433 620438 620464 624104 624130 644234 644260 658659 658685 660116 660142 669163 669189 673109 673135 680234 680260 680930 680956 690722 690748 694360 694386 695874 695900 698017 698043 701348 701374 708411 708437 719659 719685 
27 110
13755 13782 20448 20475 26054 26081 30211 30238 38820 38847 41314 41341 41442 41469 45073 45100 50957 50984 63456 63483 64551 64578 72847 72874 75331 75358 77351 77378 89017 89044 89553 89580 109838 109865 110813 110840 112066 112093 116069 116096 120963 120990 121627 121654 122559 122586 131359 131386 140053 140080 166954 166981 167404 167431 171133 171160 171344 171371 174241 174268 176357 176384 176750 176777 183831 183858 184659 184686 190525 190552 202448 202475 206765 206792 222271 222298 222824 222851 224637 224664 233858 233885 238033 238060 258931 258958 268173 268200 268606 268633 277355 277382 280573 280600 281173 281200 289840 289867 293458 293485 296734 296761 299623 299650 299857 299884 319153 319180 328440 328467 334530 334557 342663 342690 342847 342874 348140 348167 366522 366549 367321 367348 403823 403850 409215 409242 414735 414762 434938 434965 441213 441240 442665 442692 452154 452181 453835 453862 454002 454029 460055 460082 473615 473642 485713 485740 486926 486953 493673 493700 494156 494183 509549 509576 510473 510500 516730 516757 520338 520365 523738 523765 535366 535393 540518 540545 549558 549585 553851 553878 565573 565600 580173 580200 590038 590065 591352 591379 592711 592738 598673 598700 601073 601100 603121 603148 607360 607387 609573 609600 615109 615136 615138 615165 620511 620538 629113 629140 634717 634744 641113 641140 648718 648745 659873 659900 702473 702500 704420 704447 704671 704698 705273 705300 705419 705446 708939 708966 716168 716195 
28 83
18547 18575 23941 23969 36445 36473 40213 40241 57035 57063 62561 62589 69528 69556 72934 72962 78235 78263 80717 80745 89447 89475 91154 91182 97572 97600 100972 101000 107360 107388 114430 114458 114969 114997 117620 117648 118872 118900 122320 122348 153248 153276 168014 168042 191413 191441 207872 207900 226239 226267 230828 230856 231153 231181 235357 235385 271019 271047 283848 283876 285532 285560 302764 302792 327772 327800 331204 331232 331872 331900 332306 332334 337672 337700 355546 355574 357227 357255 363859 363887 370872 370900 379406 379434 379472 379500 380772 380800 381142 381170 401739 401767 402570 402598 414426 414454 417810 417838 442809 442837 443620 443648 474472 474500 483118 483146 497140 497168 518472 518500 529272 529300 531018 531046 541672 541700 564311 564339 566449 566477 572172 572200 579618 579646 580472 580500 586140 586168 586733 586761 615169 615197 622717 622745 622832 622860 623345 623373 623706 623734 623972 624000 627963 627991 634272 634300 641655 641683 648443 648471 670224 670252 675512 675540 691362 691390 694218 694246 694425 694453 699941 699969 701440 701468 717323 717351 
29 70
5261 5290 7271 7300 36645 36674 52609 52638 66312 66341 76719 76748 90415 90444 147571 147600 156661 156690 161764 161793 163519 163548 163564 163593 176151 176180 176552 176581 178867 178896 193971 194000 202226 202255 203752 203781 210136 210165 215925 215954 215959 215988 217268 217297 223014 223043 233111 233140 240538 240567 247854 247883 268716 268745 280852 280881 283571 283600 287814 287843 291448 291477 320948 320977 321735 321764 330425 330454 343071 343100 346813 346842 350020 350049 350771 350800 352729 352758 360260 360289 376552 376581 400447 400476 406013 406042 422652 422681 434063 434092 437912 437941 459569 459598 459909 459938 479642 479671 489708 489737 530369 530398 531511 531540 537843 537872 540971 541000 546765 546794 554848 554877 559712 559741 573167 573196 576145 576174 585253 585282 594271 594300 642848 642877 649506 649535 656944 656973 672044 672073 679568 679597 693233 693262 705235 705264 712742 712771 718509 718538 
30 77
2464 2494 14370 14400 21546 21576 22424 22454 39719 39749 44627 44657 54770 54800 58070 58100 79756 79786 82519 82549 109570 109600 136614 136644 144045 144075 150227 150257 159653 159683 167514 167544 174337 174367 193551 193581 202406 202436 207553 207583 210357 210387 213016 213046 227028 227058 230608 230638 241257 241287 241814 241844 246461 246491 249470 249500 259870 259900 267136 267166 281409 281439 288655 288685 327550 327580 327934 327964 336215 336245 346060 346090 351250 351280 362031 362061 383619 383649 411317 411347 414247 414277 423719 423749 428114 428144 430114 430144 442320 442350 446105 446135 457035 457065 460229 460259 461653 461683 484116 484146 497918 497948 511363 511393 513970 514000 516905 516935 517607 517637 527529 527559 543457 543487 543864 543894 553028 553058 554951 554981 562009 562039 571934 571964 572208 572238 575045 575075 575420 575450 585370 585400 622961 622991 638548 638578 652520 652550 665359 665389 668811 668841 671611 671641 675109 675139 678531 678561 709023 709053 712061 712091 719763 719793 
31 71
2639 2670 21857 21888 29043 29074 30630 30661 38127 38158 38943 38974 91669 91700 100718 100749 123769 123800 126669 126700 134137 134168 143939 143970 145369 145400 153169 153200 166917 166948 173229 173260 174428 174459 178823 178854 182127 182158 203561 203592 212035 212066 216055 216086 243051 243082 247749 247780 256620 256651 261647 261678 265269 265300 270245 270276 274753 274784 279716 279747 283321 283352 284404 284435 300113 300144 312648 312679 314557 314588 315244 315275 320817 320848 333657 333688 334145 334176 341150 341181 347822 347853 356109 356140 373160 373191 386069 386100 401140 401171 415115 415146 444243 444274 451237 451268 451453 451484 504637 504668 512359 512390 520960 520991 530914 530945 547907 547938 552541 552572 556537 556568 572729 572760 573051 573082 586262 586293 589932 589963 614121 614152 630550 630581 649155 649186 666320 666351 667443 667474 668969 669000 693540 693571 701718 701749 703356 703387 718251 718282 719559 719590 
32 69
18947 18979 42754 42786 54733 54765 57768 57800 59523 59555 59668 59700 61559 61591 70844 70876 74423 74455 101251 101283 117019 117051 122411 122443 136652 136684 142220 142252 157711 157743 163068 163100 181121 181153 206458 206490 236224 236256 255357 255389 268439 268471 273635 273667 275558 275590 280328 280360 286229 286261 291138 291170 301660 301692 332961 332993 337614 337646 351604 351636 364355 364387 393351 393383 421740 421772 431716 431748 437768 437800 455858 455890 458868 458900 464525 464557 476052 476084 481831 481863 487351 487383 490156 490188 504048 504080 517023 517055 518744 518776 521559 521591 529149 529181 549452 549484 562530 562562 563068 563100 566757 566789 570856 570888 570909 570941 575136 575168 581113 581145 607151 607183 608520 608552 619068 619100 633418 633450 668158 668190 674538 674570 675747 675779 679468 679500 682206 682238 688659 688691 697968 698000 703715 703747 707558 707590 716068 716100 
33 58
9713 9746 19442 19475 32367 32400 39953 39986 47117 47150 56929 56962 71335 71368 120814 120847 133367 133400 148333 148366 149667 149700 168257 168290 177258 177291 177653 177686 192733 192766 198434 198467 209936 209969 220630 220663 229167 229200 233150 233183 241645 241678 242660 242693 250911 250944 260745 260778 266117 266150 273867 273900 278413 278446 301514 301547 352237 352270 358167 358200 371019 371052 418350 418383 427359 427392 440317 440350 449644 449677 463817 463850 485967 486000 490362 490395 498507 498540 506945 506978 511567 511600 528942 528975 549667 549700 555831 555864 557332 557365 567958 567991 571134 571167 573862 573895 580030 580063 595114 595147 600456 600489 622213 622246 658759 658792 676013 676046 680454 680487 684353 684386 694653 694686 698308 698341 
34 56
3539 3573 4913 4947 19752 19786 28159 28193 59027 59061 81326 81360 87966 88000 120611 120645 125960 125994 149949 149983 157553 157587 158428 158462 177319 177353 189909 189943 190312 190346 197266 197300 204356 204390 205310 205344 221321 221355 275739 275773 287644 287678 356359 356393 367151 367185 369766 369800 370449 370483 390542 390576 399548 399582 404121 404155 404328 404362 426827 426861 430619 430653 431557 431591 449817 449851 485366 485400 500044 500078 501066 501100 507866 507900 539266 539300 570947 570981 576366 576400 587663 587697 588524 588558 605530 605564 609421 609455 615424 615458 629621 629655 633307 633341 650739 650773 653818 653852 655038 655072 672326 672360 678119 678153 680056 680090 708111 708145 709358 709392 717808 717842 
35 58
32932 32967 38410 38445 66037 66072 78406 78441 81265 81300 98039 98074 104021 104056 116265 116300 135963 135998 142339 142374 146330 146365 179265 179300 186048 186083 186625 186660 189845 189880 195724 195759 208940 208975 209408 209443 218637 218672 242459 242494 246245 246280 246510 246545 307206 307241 355965 356000 369012 369047 369351 369386 393465 393500 399509 399544 399761 399796 415312 415347 431440 431475 435840 435875 439165 439200 439829 439864 462242 462277 463865 463900 472029 472064 475715 475750 489158 489193 503108 503143 521433 521468 553309 553344 586225 586260 587724 587759 591431 591466 592133 592168 593824 593859 612712 612747 628344 628379 631635 631670 633865 633900 651765 651800 652146 652181 652665 652700 666365 666400 678255 678290 694136 694171 716510 716545 
36 61
26320 26356 59418 59454 59630 59666 65664 65700 75820 75856 99828 99864 112629 112665 132464 132500 138935 138971 141511 141547 164857 164893 179131 179167 193443 193479 199240 199276 204056 204092 213964 214000 219164 219200 220207 220243 222335 222371 225209 225245 238520 238556 256014 256050 268756 268792 272945 272981 274544 274580 280427 280463 294015 294051 299912 299948 300364 300400 327453 327489 333511 333547 335108 335144 352762 352798 355035 355071 359310 359346 365936 365972 386364 386400 392643 392679 403612 403648 404546 404582 434021 434057 438039 438075 448217 448253 451356 451392 483334 483370 510264 510300 514152 514188 525836 525872 548511 548547 552021 552057 563410 563446 565048 565084 571608 571644 597564 597600 602060 602096 603014 603050 603550 603586 627738 627774 657727 657763 701625 701661 713464 713500 
37 49
24815 24852 33024 33061 57463 57500 60422 60459 89208 89245 98612 98649 119247 119284 126905 126942 128644 128681 166149 166186 180420 180457 185734 185771 208740 208777 217616 217653 260042 260079 261741 261778 266340 266377 274046 274083 295329 295366 309749 309786 311820 311857 318329 318366 326163 326200 330021 330058 335050 335087 345415 345452 359358 359395 366827 366864 370363 370400 376821 376858 396722 396759 398740 398777 408538 408575 421507 421544 431663 431700 448922 448959 496663 496700 508727 508764 521047 521084 522457 522494 548757 548794 550637 550674 553732 553769 561356 561393 658240 658277 685163 685200 698052 698089 699761 699798 707044 707081 
38 41
456 494 7710 7748 19141 19179 75362 75400 75962 76000 90562 90600 123162 123200 134903 134941 185211 185249 220416 220454 252862 252900 256105 256143 267947 267985 280513 280551 283420 283458 295744 295782 311351 311389 314809 314847 333112 333150 336513 336551 339827 339865 358309 358347 367948 367986 409562 409600 413830 413868 421340 421378 459308 459346 463421 463459 519049 519087 519721 519759 528662 528700 560062 560100 583434 583472 597122 597160 623915 623953 625040 625078 636462 636500 636628 636666 647507 647545 680344 680382 707238 707276 
39 41
18761 18800 55533 55572 67361 67400 81953 81992 114746 114785 117061 117100 130315 130354 161407 161446 165651 165690 168661 168700 185636 185675 196243 196282 197829 197868 201518 201557 201828 201867 211742 211781 247656 247695 270761 270800 273361 273400 299223 299262 313961 314000 329155 329194 378655 378694 382642 382681 432761 432800 440148 440187 463936 463975 514554 514593 562238 562277 584422 584461 585814 585853 597761 597800 599150 599189 611061 611100 620231 620270 635643 635682 647961 648000 650107 650146 656046 656085 665539 665578 686541 686580 
40 42
48360 48400 64922 64962 86319 86359 105220 105260 113149 113189 114837 114877 135147 135187 166745 166785 178944 178984 211618 211658 213843 213883 229805 229845 244406 244446 247036 247076 296827 296867 304905 304945 317953 317993 320460 320500 334608 334648 342613 342653 354636 354676 358032 358072 361452 361492 409447 409487 413355 413395 417917 417957 448560 448600 488830 488870 524960 525000 542633 542673 548150 548190 563914 563954 577710 577750 587122 587162 593139 593179 597928 597968 606827 606867 608746 608786 653026 653066 684039 684079 710945 710985 711660 711700 
41 43
5355 5396 15702 15743 27642 27683 29824 29865 49153 49194 52010 52051 59138 59179 101414 101455 104159 104200 113454 113495 123506 123547 126246 126287 151451 151492 186759 186800 196514 196555 219948 219989 260406 260447 271110 271151 287741 287782 289048 289089 293859 293900 299050 299091 386405 386446 392751 392792 410059 410100 419321 419362 435113 435154 441850 441891 455324 455365 461859 461900 468544 468585 489216 489257 509117 509158 521659 521700 525625 525666 526910 526951 560333 560374 589112 589153 623813 623854 633610 633651 647230 647271 672617 672658 696444 696485 
42 35
6658 6700 11225 11267 19258 19300 29247 29289 46422 46464 49029 49071 61820 61862 67524 67566 76958 77000 89632 89674 124539 124581 162110 162152 181633 181675 195040 195082 203058 203100 218820 218862 223258 223300 259305 259347 269058 269100 304746 304788 307743 307785 321558 321600 376741 376783 387352 387394 396417 396459 403858 403900 522158 522200 532025 532067 542114 542156 567012 567054 568503 568545 613558 613600 642241 642283 669648 669690 685710 685752 
43 31
68439 68482 68528 68571 73005 73048 112828 112871 128357 128400 160311 160354 178238 178281 251617 251660 256911 256954 281719 281762 296557 296600 301609 301652 338716 338759 366553 366596 374552 374595 375057 375100 385134 385177 400335 400378 461011 461054 480630 480673 482613 482656 487119 487162 502835 502878 504948 504991 511514 511557 519525 519568 539830 539873 588718 588761 606513 606556 685431 685474 717214 717257 
44 31
21634 21678 44127 44171 62715 62759 81816 81860 90006 90050 152130 152174 171920 171964 180718 180762 194156 194200 225031 225075 231107 231151 252640 252684 263556 263600 276042 276086 279219 279263 289924 289968 303856 303900 382735 382779 395443 395487 409820 409864 434256 434300 475431 475475 480553 480597 520842 520886 542033 542077 552956 553000 556942 556986 599649 599693 602556 602600 616344 616388 692542 692586 
45 27
18407 18452 115437 115482 154947 154992 161147 161192 162155 162200 187334 187379 214531 214576 239538 239583 269006 269051 269734 269779 271419 271464 338234 338279 346434 346479 365655 365700 406840 406885 427615 427660 433123 433168 473951 473996 477129 477174 477740 477785 496153 496198 508332 508377 530411 530456 585103 585148 649655 649700 650255 650300 713543 713588 
46 23
60119 60165 129242 129288 155735 155781 164444 164490 177927 177973 179854 179900 182641 182687 220108 220154 235946 235992 249422 249468 253932 253978 255923 255969 295514 295560 323237 323283 344611 344657 414925 414971 427154 427200 429005 429051 499807 499853 540254 540300 562041 562087 656554 656600 681051 681097 
47 27
8953 9000 13324 13371 14911 14958 27040 27087 27334 27381 83841 83888 85042 85089 146545 146592 154253 154300 154626 154673 180321 180368 202116 202163 216324 216371 309205 309252 316041 316088 321441 321488 348933 348980 365144 365191 376627 376674 405817 405864 461553 461600 494306 494353 519653 519700 545616 545663 546518 546565 624219 624266 698753 698800 
48 22
7805 7853 12217 12265 12718 12766 37942 37990 45352 45400 68123 68171 115216 115264 156543 156591 202552 202600 216740 216788 371652 371700 384925 384973 390352 390400 437712 437760 461139 461187 475623 475671 480503 480551 481613 481661 520905 520953 641044 641092 682730 682778 0 0 
49 14
15416 15465 16804 16853 24048 24097 110514 110563 373451 373500 386451 386500 417219 417268 436223 436272 456627 456676 471131 471180 529514 529563 544226 544275 580221 580270 694251 694300 
50 23
12650 12700 52250 52300 71714 71764 225815 225865 239233 239283 285746 285796 337038 337088 339517 339567 369629 369679 383913 383963 428750 428800 495931 495981 498016 498066 516050 516100 533529 533579 566118 566168 581508 581558 599511 599561 612350 612400 621731 621781 650150 650200 668050 668100 689350 689400 
51 12
36006 36057 182208 182259 193844 193895 264318 264369 320742 320793 390121 390172 439940 439991 449415 449466 561218 561269 568926 568977 652210 652261 693828 693879 
52 13
3048 3100 41245 41297 153618 153670 159530 159582 160527 160579 231535 231587 294706 294758 433326 433378 565717 565769 614238 614290 615925 615977 655733 655785 713339 713391 
53 14
110947 111000 112539 112592 159141 159194 160718 160771 195942 195995 260615 260668 261239 261292 263830 263883 297022 297075 332414 332467 379114 379167 478837 478890 597838 597891 717414 717467 
54 15
50639 50693 67146 67200 73146 73200 94021 94075 150046 150100 176614 176668 182833 182887 216811 216865 252742 252796 257223 257277 350804 350858 427934 427988 522035 522089 596930 596984 629446 629500 
55 18
3816 3871 23331 23386 48939 48994 49334 49389 63924 63979 80014 80069 82715 82770 175316 175371 183645 183700 213518 213573 315932 315987 361932 361987 433740 433795 454345 454400 479845 479900 584538 584593 655505 655560 713406 713461 
56 14
51002 51058 96544 96600 141715 141771 248324 248380 340344 340400 445416 445472 462327 462383 469144 469200 480932 480988 500917 500973 509644 509700 517514 517570 521728 521784 583715 583771 
57 10
166443 166500 224343 224400 257443 257500 308031 308088 444343 444400 510405 510462 513132 513189 596817 596874 608643 608700 678706 678763 
58 11
9508 9566 211342 211400 278610 278668 331431 331489 439421 439479 446142 446200 481037 481095 554712 554770 603312 603370 604136 604194 704723 704781 
59 18
68741 68800 69126 69185 100841 100900 150508 150567 175537 175596 228519 228578 263903 263962 266214 266273 299422 299481 322510 322569 381321 381380 421141 421200 454534 454593 567241 567300 612141 612200 663818 663877 680715 680774 687508 687567 
60 13
167128 167188 174840 174900 195823 195883 335740 335800 424125 424185 449702 449762 486738 486798 570132 570192 594124 594184 598040 598100 600140 600200 617903 617963 644324 644384 
61 6
100904 100965 159310 159371 228217 228278 385216 385277 617239 617300 619435 619496 
62 8
49638 49700 102228 102290 123320 123382 259428 259490 292115 292177 348238 348300 579520 579582 683438 683500 
63 7
181430 181493 187909 187972 227318 227381 243315 243378 267237 267300 364117 364180 543115 543178 
64 12
53136 53200 62209 62273 99132 99196 316921 316985 350236 350300 358622 358686 483429 483493 534808 534872 542936 543000 611713 611777 649914 649978 706730 706794 
65 6
131120 131185 261127 261192 343735 343800 527907 527972 628904 628969 634435 634500 
66 7
82104 82170 179615 179681 296026 296092 411919 411985 455608 455674 474913 474979 489920 489986 
67 8
45911 45978 91422 91489 217427 217494 264914 264981 457731 457798 590813 590880 629919 629986 641420 641487 
68 7
66719 66787 424932 425000 425614 425682 499212 499280 526110 526178 618332 618400 626132 626200 
69 7
29310 29379 95515 95584 336123 336192 421615 421684 428007 428076 511915 511984 601731 601800 
70 6
176913 176983 198920 198990 302510 302580 456912 456982 515330 515400 654010 654080 
71 5
95629 95700 153417 153488 189229 189300 366119 366190 508813 508884 
72 5
143128 143200 197316 197388 230017 230089 346605 346677 547712 547784 
73 2
88227 88300 325309 325382 
74 4
40126 40200 51814 51888 285115 285189 415825 415899 
75 1
117409 117484 
76 3
141024 141100 351014 351090 460414 460490 
77 5
51123 51200 129014 129091 170323 170400 218915 218992 264523 264600 
78 2
401209 401287 453613 453691 
79 3
268521 268600 382521 382600 621221 621300 
80 2
455120 455200 467016 467096 
81 2
95906 95987 232909 232990 
82 4
79513 79595 197505 197587 267411 267493 278918 279000 
83 2
10917 11000 155411 155494 
85 3
22715 22800 305215 305300 714315 714400 
86 1
699814 699900 
87 1
47913 48000 
88 4
35112 35200 36812 36900 309312 309400 367008 367096 
89 1
508111 508200 
91 3
113509 113600 195509 195600 437209 437300 
92 1
124706 124798 
95 1
243704 243799 
