6.03289035952089
8.45038538115274
9.90304187167256
7.26007189117298
11.7180397609626
9.04594233437843
10.8201739939799
2.90987904554485
5.10135860061807
9.73981751061076
10.2646748260673
4.27405762478701
8.03264509539666
14.2632889556231
4.95618966834493
6.83735248250374
4.29224097180016
9.88110780875302
7.39221738993111
8.67870010600666
9.87088581080745
9.55921593280537
12.1712629617002
10.7926391781621
7.70103857021896
9.86917203923409
1.77217702301435
5.36500534016510
4.67197025992246
8.01177812286386
6.77772036662033
10.1848863916099
2.72058130185444
0.909731218547543
6.50618051072401
5.58205658832836
5.58181439766677
13.4385091055518
7.89303260112360
11.7327281541848
6.47419685907063
8.48813325558100
2.50421744271539
5.97317851728876
6.98184621116793
13.4447064002938
9.99271901089989
9.01958192532226
9.43848150503035
6.94714391569435
7.99595643347936
3.95644609840700
12.3836849059559
6.89506355373176
7.12199418708692
8.04212803805062
10.2798982311889
7.14528026042366
7.68624398117182
8.08313422070919
4.31755237013982
3.34553829599961
7.99759357028100
12.7509571342704
2.18560438609095
9.08801066179503
8.13795317632142
9.84422634685428
6.83021114973761
5.53075877163342
12.7953658119493
10.7897312761764
9.83673863330728
3.89081920037413
3.14384646412639
4.96092117760401
5.95329248987483
8.71892580998370
10.4554116523454
6.23263356375938
3.57803598221147
2.47431465460641
7.43878162335741
8.33120783920315
5.70125756916840
9.32243320920027
7.73694224588112
5.60643646624128
3.77904702925433
8.51461639105955
5.30166949774314
6.91388944087371
6.33334243988907
9.79235156151984
10.5418642900499
6.75100650569972
8.72787140357258
8.64935777615887
7.56450592659435
12.2619534777294
5.69909974295063
13.1769428861326
8.45133672299246
5.39935195541095
5.21033960793344
7.71116999585017
8.45796885102446
4.62082126297913
9.05075360453482
4.45252924319830
3.82439739300194
10.3585628255082
4.63810748473987
6.51985977533260
8.51506777776901
6.67885227116157
6.64305034528567
8.45552652056630
3.87097724224775
8.35989400530892
7.58183483670015
10.9613991360592
7.11682655869173
3.99651271985965
11.1702674974684
3.35976683417169
14.4862923870755
6.48950143308406
7.42866860884237
6.08972843811610
5.32246023234556
11.6723154354224
6.98791074213173
8.64122781463375
11.6490798403998
5.33666986283581
4.72778765280337
4.07315604110621
10.9849849428937
8.24431213505341
6.74434122957165
3.58997365310666
5.41421755532598
6.87222952204013
6.02618609471198
4.02030694101831
6.78438161146615
9.02574527098793
11.8326360790823
4.68638452567648
14.3158176143314
11.5480546571990
5.29285122712551
9.45159761957078
11.0105279281286
9.55328659015315
6.34798300092242
2.69228159745595
9.68195323320661
9.16538640777578
12.4222325999122
8.51817329830756
6.51106502840357
9.18958140559188
9.71101504828923
9.23830202607059
3.99068730432491
4.10290978209368
2.69889197634881
11.3761214128103
1.13062684383487
10.5271491947060
7.86289393877909
13.1970539956499
2.49258470694704
13.9384713625455
6.75487724610892
7.09571323944253
8.23583300037100
6.68457304865344
7.94552731549014
5.50227851393402
9.41353828961246
10.6390530678252
10.4382064250953
3.20968829795044
11.6554577056802
8.77733832548341
7.98034024844179
9.41096244812400
7.90056279783282
9.73021270939130
10.9340566346622
6.60880520063952
10.9273132448054
10.8983731308852
6.53900841508099
8.26491907401397
5.40060802965740
10.2025200656505
11.3726744548677
12.2632685577704
10.1763621717193
9.97816096182057
7.95898946261552
10.4541607836306
6.36747241399600
7.05562058361984
5.29645755859518
7.36541844677544
10.4063249617720
4.60836437144460
8.76198933094534
5.53018517321075
5.96872620581644
3.92774198490685
9.45636355635717
7.33663412063052
9.66185896113683
14.4035000971986
5.32753908479328
10.5013787356357
6.16306072987278
7.35538055873902
11.0132443505127
9.45221144600564
5.57823496816870
7.70891130056638
9.67835013470788
5.92952094102044
6.59509201591608
8.65351564315914
2.19260357568349
6.37686128397035
5.74220827827379
6.84277753535799
3.41749225982869
4.63711812173251
6.01940552380382
6.27235472330767
9.87159627112050
11.2345552156238
6.75964464302673
5.90061766597363
5.29762263369146
10.2680592997168
8.96549463568793
12.7285139988963
3.22167791531059
9.43187736106127
6.76928599073787
7.94090946995368
13.7167823678186
4.34193676024882
8.44393458584326
7.87433926116979
7.20533787271631
6.23925075461790
8.04455984951942
7.75740326204587
6.87873627492725
7.96563717790360
2.14844069268854
9.18980482754666
8.61345386241779
5.35965581544189
3.56640157441643
11.8152361128655
5.75746262119868
6.73971384941445
8.09834267612824
9.70349150257267
5.58616600182988
14.3382985044391
9.93712793799677
9.39762357673471
12.5544135428980
3.24498837902387
7.84615105338280
11.4225739620674
9.25398185107363
3.76883883576891
7.47363570091559
8.31150741517446
8.56820417298748
6.67262289208674
3.34500030484304
7.89668652869670
8.55331356191390
6.58841359053908
6.18524396770249
2.38735796821508
6.34785074433859
5.18331704799157
4.72508830076222
6.98615766283584
4.45747279085358
10.0455743783021
4.47518215271737
4.17920966332153
12.4212806763087
0.905497963829848
10.6244496298679
8.85315418731652
12.1631839250420
2.96898154585036
8.84994212141526
12.7953888327632
5.32297294845652
6.65116756249608
9.19494400296163
8.11259325123601
9.93468747168223
9.23278280722015
9.60922708369929
14.0592097078748
9.81854344865082
6.11534337392440
9.36749145646795
6.00929510654952
6.60520788927192
10.9086987372463
4.90969151474917
6.72037140789108
3.53572552243525
1.85243922707332
8.00996991879495
11.9460482404523
5.89619640191878
3.75594487446235
8.98102724191393
6.53397648679577
12.6381926981867
8.13263117905269
9.07201974107751
11.7433518069417
8.50630432139011
7.29176216035610
8.88452980804836
7.61529923628087
13.5762089366029
8.18725685501561
9.31817088757231
4.76755109044465
4.26397579026898
3.90606496361747
4.74000554799253
6.57807638295574
4.81485025935387
7.86114162765180
11.5824513576186
8.85081246722582
9.74942365901185
10.6367394275690
5.47940536737336
7.87259259017638
6.57518520424330
6.39665180003570
13.6206559552027
13.4123989554926
7.38803952611544
4.01799073015357
13.0952876035618
4.02776355562240
8.13106365858736
11.1485289939974
10.4030878901411
7.93995492213904
6.94264974991538
6.14457787077355
3.00634065809249
6.69562918701446
11.7719945554014
9.80970634402988
6.32729078865746
6.15760076266471
11.3189538977063
9.85031833201852
9.15641346707323
10.6948322193478
12.1574568659901
8.49721066979630
9.44447146471416
3.11115013037446
4.13540937030423
9.55536017636175
6.35307703321784
9.30506206051308
8.15671676838788
7.58307275838100
3.44277330941205
9.15210228581390
10.8535771780782
8.24769740834374
10.1159016523689
5.81196812329188
5.24755155667860
6.43355293200421
12.5762921311848
5.80189008405399
8.36038073908120
2.85941548853957
10.1660395301415
3.78375833498917
8.63702695846487
5.85265792395737
9.96029112526336
5.70243339217566
6.27648231513680
9.60039117119714
12.2984750132892
9.82861263346969
9.27823528578576
6.62959138129259
7.39378985330932
10.1721257119640
8.36372474958974
10.2575726202645
16.5090602195915
6.54285563190875
13.6087604802936
8.73091139998569
7.14782682638577
7.23757807725761
8.23233841444823
4.40063702574980
3.85114889605686
3.14874727953832
6.64228221396833
9.95945647563159
9.37320081135574
10.0964836119711
7.29335149991168
7.09564227748271
10.9123211726195
4.72920039858748
9.13506158339942
6.22620048878126
7.37041093066730
11.1766345705181
9.12927110135853
6.14728834365202
10.1930065916618
4.00612407571208
6.48671943435201
13.7708956433487
4.23214608486049
3.84754269534466
9.84748413386891
8.63751705553911
3.86429139487436
6.59901928850037
9.46460065190286
12.0895534802407
5.55337605909235
2.29881787664877
10.5488377663134
5.97918963572824
8.27659505333564
4.53840465279375
7.07985911512369
9.42113593257204
12.4552917749846
3.59285471413749
8.65189994986651
9.93252277029985
4.22507743952699
4.64299283652258
5.74348778008624
12.4729266578658
12.9111624942334
13.8537714659980
7.29172836850084
9.38938816680299
4.01735740755039
9.79908604156530
8.42208280130871
9.05728863236675
6.90220217579868
3.91602394910960
3.61043256549683
7.91481692523585
7.83485599464342
8.39083116300763
6.62774521764378
3.97482959383166
4.42517284747161
12.6252970389809
3.36124151130204
12.7894432408139
3.44810762303035
5.48106953157867
3.18432470048203
5.57529032158864
6.87173603829484
8.85274328126599
5.35231093258613
11.6322418690466
2.16112283167801
3.02349646105300
4.05881705057028
9.30509051809814
1.90181246472937
6.81515201034430
7.28102008031842
10.2228220613537
4.57377636969714
6.23268141078942
10.5228348181467
6.37505631162455
8.41732877871003
8.01992428767255
1.31420192131955
6.71478374707629
10.8009073435337
8.57715617791818
6.46200379526351
6.28313864101342
9.02168270007874
8.10509121073908
8.17732687533646
7.59518789635253
1.18233432771784
5.30284624352809
12.6540835650947
15.1220421861235
9.93992298284549
13.4147658772898
6.74535149640106
9.36656554197962
9.55504466263241
3.40757708702239
9.17859951149956
7.17237554720192
6.10367034279670
7.92201247285057
8.51641538970475
5.89144714055894
5.14685498723250
3.62087009448019
10.1357047322818
4.93253770922038
9.31769292314358
6.17884245084789
8.25173269092619
5.67173669237210
6.72184010297776
7.40862913365219
8.22931840004025
9.13571158786222
10.0343029603456
5.79795122435503
6.61215259503287
9.47103561866389
6.12267788190756
11.5859524974902
8.32988271564492
2.79270765745360
3.53693767262020
6.77743753986424
5.46048399411627
9.78959766589005
7.06314357475481
4.34851105207289
6.31308020042515
5.38361631745800
4.09799614079857
7.95591991249912
11.0697019013612
10.5387093976654
11.9481064281500
9.10332759215003
5.68770395590347
11.6605980644219
12.1965382988125
10.1351767371073
2.51808602124709
8.71920143978793
8.90366047870200
11.2479417290454
7.20972662865937
13.9071804494513
10.6156715341047
12.0936894167537
12.1757266797510
8.04681745350297
5.78594299055910
7.86156099207403
8.36782205475236
7.44146157665952
9.84934439696369
2.56173165261313
4.74113963925342
7.58875709322680
4.75192225209967
3.58222167767435
11.0171228639287
5.71541020211148
4.70173376681411
9.56398384670322
10.6804304992823
10.1880738658590
9.88158190169975
4.66069763876611
8.49882069171953
10.9997342887226
5.91595171798765
10.0756893072434
5.56931603510701
8.46144634164278
7.03403391731942
7.42187824812561
8.01497505226311
6.21122101522720
6.57050015143444
6.25517033869582
4.01296383781364
6.58864603617466
10.9556966903068
7.03532218005686
6.74141592638372
3.66757444152126
8.63594520839497
5.70695850036602
7.83988475106618
8.08121634037847
6.38039485039915
1.19795433134991
1.31284731972153
6.59752281532668
7.75894064321169
8.28133302614983
5.48047134560523
3.72590139697765
7.85039696073925
7.38797068348271
10.6621014982460
9.52994471411561
6.86164956697732
7.09689773422163
3.32097684467989
8.78409403404244
12.2086441139581
5.59974906134195
5.57702716461915
5.27672004942464
4.92796799752190
12.3743160918089
9.12890886341018
4.00729106878948
9.89684912416573
7.50444563375603
7.81697405522112
7.81626833789629
12.6675236640789
13.0450643329192
4.94968554416339
9.86172295258795
5.82297098057340
9.61270151895397
5.59064316007881
1.70947796417503
4.32678240844164
9.63537511672483
7.62786450925814
13.6550373723399
9.19775208026396
4.30130683746231
2.74838351945284
1.25069379617874
10.8241194293116
6.51306899548899
8.05537595243078
1.72586974691024
3.56535083368089
4.72584678805820
5.06616503485625
9.60646621754847
6.97753766453468
7.04822871098832
8.78601029407546
9.01020321662614
6.35301490253250
7.81944948509804
8.25104371882733
8.65885363775137
7.77729032348986
4.42719559766677
6.72391730615420
7.50262709922331
6.26843133057227
9.81305287512505
12.2689336970007
9.26336230534032
5.20333026916416
5.45449858465469
7.30087573462938
7.29034172793018
5.58503352362365
11.8621868362499
4.32643366152585
4.59960281855945
9.55553460461527
8.28070846425594
2.07563105825674
4.50232946640125
9.36800898270278
6.87563471725491
10.0400362269068
9.20863989508766
7.90481740836561
8.40668505579488
7.73250417989541
5.67124503438178
6.05874532060888
2.22680365546673
8.48195814189059
12.6936454506339
2.83335338424278
6.18612047897550
8.98751989227840
5.78063303843100
3.25491297703948
5.55788202127393
4.81097977858980
5.09609085222192
11.9314267658020
11.7213725928323
9.81653621243257
3.00231068512238
7.19377088667689
8.32888242383094
4.35812607322230
6.24554638442467
4.05209295106862
3.95229166686873
8.86503568622084
5.35925458631142
4.46176221622130
4.95719984769628
6.06341659997893
9.50433173295209
4.14320826051503
4.89213701361685
13.1229948322820
6.54603854536467
2.99686337860103
8.32646631531649
9.30482047543100
9.48129419507696
6.03812606512981
5.18189456064092
7.95714676175449
5.62784249064897
9.92659675472415
2.32350394251871
1.09869407006682
5.76966385406463
9.76279699189736
5.35421667612547
13.9525440438079
9.27708829482613
6.91894875974667
8.64168866245481
12.1378109233090
7.36617751584226
8.78324435087428
11.7553654985117
8.01606849334510
9.58585904382597
5.35594669993083
5.43234274453481
9.82091523888935
12.0471857706188
7.09447243563607
9.23084944357777
15.0123196905075
7.24306968665393
13.3299538523156
7.93002355418948
6.51458786033315
4.74358286227826
11.5503199320408
6.47897241080713
7.08710026496479
14.3767317655996
8.67057889935845
7.14421846860802
2.73867459551149
7.63337937482476
7.32979708655021
5.47062903238741
4.24484656306915
7.68652152472105
11.9701770190795
6.32817302307704
6.50527629774478
6.06289485792398
7.85663878385662
8.43499895959685
14.0456664238476
5.90131039834375
8.44600871240375
8.72030367934511
12.7758105915046
5.66593907662269
3.56020855147561
11.4081152146181
7.73132836451796
5.98673071133152
10.2387664791843
2.87639082532259
6.23470051405839
15.9565560761713
11.8724997309581
6.07860590964417
11.2566129728262
6.58196192784492
7.49173745845381
6.89340119987949
4.10305812885950
5.79093861985257
4.89437180366388
8.10816095995263
5.98982838652327
6.91066789616011
10.2079396760561
6.13171482213581
7.63173788572433
5.86302901852788
10.8141888137761
10.5692512681836
8.76608484672605
10.1356951981598
2.25685997270544
8.59747521717859
6.26432805355052
2.55007180683211
12.3611064262064
13.9701862335023
9.00038093138285
13.9860035880733
13.0181361215383
7.79904032504000
2.42437205091468
13.8657095548695
4.87030283170359
5.40352497357050
8.56024918384377
10.3073061204177
9.99615254267360
9.36788340549902
8.21380041211131
13.2531557444840
10.6083358779782
5.38177782057193
7.89875175011850
3.16259900392066
5.77616924440412
6.69414696750079
1.99410237059184
9.01759108520674
7.82188502460245
10.4215421124899
7.11067535487312
6.59324366245477
10.2451730922420
10.3901338345567
17.5658139576309
13.8571026322244
3.64137309678643
8.96640074834936
6.83208300374051
9.16348256568429
9.69938473407896
5.20238997554009
9.83644580877158
4.09823594728268
10.0150135410992
0.873607845946912
7.01703018976689
1.88239696929208
3.57905604733986
6.58139726140278
12.0276180143867
8.11372292667799
9.28055970618152
3.80825072495234
4.46842096370743
8.23358689356231
11.5323201108884
4.42560479404838
3.65820682883021
8.80772819006127
6.31409668994703
7.34330171517554
8.84210349330972
8.02587473674988
3.18211669804864
6.32757603194146
4.52354763141718
8.37594353670080
9.14828472993708
6.72171967259123
8.53156990922538
6.98393583375449
8.63673827150620
5.36464698279393
9.58694079568660
10.9654623132132
8.66706561707017
6.88752453008336
10.2662325862460
8.78776608683344
8.98508803022541
9.05069676071406
6.97154469970609
9.76204396624603
6.27320735987581
10.7740434662433
7.29186047431655
8.64441438733706
12.7983793737410
4.80709240809869
8.41298307914618
8.00318871515597
5.76101262713422
6.34740549279783
8.09978464775453
6.29929359170534
9.88381569625820
4.11821173933541
12.4487461003107
9.99021301246375
5.65106790729859
8.63514944456667
8.41571159558121
4.02472736343718
10.9098552606531
11.3114473777674
8.54592710827795
5.76223549870187
2.92735779372799
7.54217880605465
10.3132729053390
5.89894621190090
8.01367534967571
1.99503748836958
11.2654893441792
11.1464029158334
9.95931613986121
11.3837487305369
8.22156069976985
14.1253710239590
12.5644721285246
10.7593343430623
11.0206390726672
11.5115164891512
3.74435387350074
8.00306765506827
6.10501893556441
3.34083594029997
10.9376454537757
9.90978110866229
0.871950146901187
9.04212654136736
6.19723815663074
5.88202205198179
13.7671865105229
10.6439972976556
4.94892695541165
12.8558379067877
5.34657555507261
5.50028370858268
4.83714420666782
6.31356168401007
6.41241702861801
5.52737910880917
7.95491787826878
3.43490357797712
4.69073657115810
11.2195212745464
6.63210786655344
1.82974279340022
15.7323851336789
2.06747064791740
3.95977924889759
6.88402004631741
10.6564308060251
9.29314659964261
4.47999997433035
10.1452834926285
7.91223276647622
3.03321436492708
3.55841015764063
8.10733883091733
9.06892659860581
10.8806917068723
12.1402471468294
7.17238340929987
9.02170214427411
9.70610753185849
7.55507758139928
5.22762410932538
10.5203676398499
8.02513406056248
7.40374708171477
4.04805403249512
7.06395313037254
6.56936898331187
9.74576477882059
5.40163669363277
4.22926102845403
9.35336926580471
7.37234086366061
4.98050047685974
8.16272328113014
6.56244730402462
10.0011265930394
10.2600576630933
6.14074724606053
10.0435767860907
2.90942064798131
13.3975073877802
9.99274016678609
7.06235706566158
9.20083068152001
4.68479402249026
6.72303461912848
9.64203599248623
8.17830784048265
5.06745896875348
12.7265672406191
7.09929513472993
9.46676646458547
6.48144444954209
3.75188300590517
9.21984192461563
5.17061268618139
8.57999995221445
7.93326731119026
8.45998449705435
8.81808783579524
10.8418514802827
7.57766302101116
11.4426265788454
2.89572072472468
7.03371789312025
16.2970858057077
9.97085173543364
12.4373664114876
5.38872380995724
8.67938767310229
7.93685127679737
2.85060600616781
7.10210932962877
5.19404305339299
10.9112214275213
4.80728554067678
10.8914523975639
8.06780704466834
7.56029981299684
4.68526574806595
1.90798075556333
8.09047177877786
4.25142693221934
5.65403759626694
11.2636335599841
3.91018827679691
9.15907677552711
7.28023759021641
10.7708811812219
7.98443808605214
11.0767524040217
7.08018711122806
11.9094895445985
4.11044942220434
7.98252810893892
13.3001733710505
5.47542371420697
8.41869662952645
11.3775243518305
1.50294573754344
8.22547400397084
7.43929542127479
4.72461526581795
5.32248196691168
13.5657284784121
2.14851404733597
2.36890319979521
8.06975723095565
13.9119435069296
7.23819583183545
11.2047125758986
3.48392371239670
3.73386777618062
6.14233424308707
9.33185081066452
9.62010027502832
5.43343867179119
4.17041286325467
10.6703247073367
8.26121429522924
6.00234990899398
3.80209448725305
3.22707411907443
4.85910313977755
7.86329437576898
4.92277851856043
4.23569381253225
12.0219429902158
3.12945909863031
7.43232401002540
6.31976143635976
9.19992273135487
5.87389001344084
5.74119905507552
4.06174442450531
5.79563430005723
6.06860442111693
3.46782701738423
5.10265216725577
14.0014259773782
6.39749149745429
11.8410322854429
6.28981775332163
4.91869910709122
3.97121675686432
11.0448715293570
9.96332266866832
12.1861893280878
9.03348616165985
6.15904987533792
3.73322134757638
3.15209667378715
1.21364371213301
9.49338037423973
7.78209692219263
13.9673546272764
3.45015893112187
3.50929326360736
10.2506999228784
13.0014057827836
6.47207084247384
6.39876697087806
12.6485092177063
12.9445606995990
8.48743072365837
8.32525933590060
11.4456112676432
13.2082262925824
9.45868682278888
7.32704071672186
8.21952445587486
10.7673131756859
12.0400380829173
7.83050532852127
4.26866843523833
11.9095822298685
11.9264925527206
9.95103010433091
7.72198003888251
7.66218764127452
13.3154704513209
9.14981900148850
9.85963762691611
6.58978611261398
6.96441189835868
3.27231818287892
9.39789477008548
7.57824421900614
7.32559615048496
6.96953098385394
7.13995628396281
2.09806740416031
5.63473381531941
5.92186612901709
5.68892154718273
6.34271914176404
6.34907843490923
5.42220086311822
7.75736605283004
5.37357145760620
6.13640845935145
13.2705704216175
6.17579608957420
8.93407142460815
8.42818953334581
5.00842232744005
10.0276639293506
9.50915596517383
8.16051091353967
8.68001615623496
12.6366880502804
6.12021019629138
8.63206945465571
6.25153526558877
2.53367728302166
5.88802763750308
6.51573455855900
6.14723268878770
4.02223127208021
3.39036099995266
4.10623210863682
9.66388140336997
8.56542443242598
7.46813434432590
9.00901950161509
4.77449699278364
9.10727966519092
5.36995561061728
6.46322876432515
10.9057998612033
5.88224589422272
9.32515562630995
9.56586592578006
7.31033768492263
6.98314464192172
5.05313624243014
6.01412701275921
9.36667456464673
3.52609762570465
11.0444876943206
11.6556370306389
5.36658550218144
8.42950612728883
9.78341651889052
12.4196893433330
5.58548815234622
6.48982644597681
11.4189338670473
9.23186476602100
9.77327073246721
16.0895788336550
10.9837648531822
10.3399064173715
6.18801789127181
5.13206808085201
9.07080265984003
6.32841065652348
3.41365386735387
2.95501574525095
9.67860357655483
8.00449817353343
4.11168341680144
9.17614431556087
11.2135449328212
8.01137191443513
4.57247985889495
4.81579270918091
6.43343471064252
6.05249153186520
11.7593560631567
2.97585539299207
12.7310117713754
6.21761205769546
9.52971170259101
8.56021502358440
11.8629116044755
5.46322778675757
9.83101981129628
7.49327862470094
11.2479291787422
13.8111688713483
1.95515312443808
6.06616206625738
6.20991479249112
10.0457537858988
13.7058625540496
7.90336476943839
7.04213837623204
11.0161517507250
4.87167270657625
4.44340775811764
10.1990164907995
14.0287140294469
5.78997370028569
11.2955734143956
8.60277481281476
3.79624350509817
7.32768802965847
8.20301469034403
8.90793393610437
4.41198198187617
5.90277798413594
5.04611690213376
5.59898311645963
9.70970532215582
10.3644562059857
4.19627226624250
6.65441704208566
9.24042145900824
5.08382716169620
11.8722736922798
5.30932060400387
2.95945145423674
10.1607681379362
6.65050599172243
4.21016722737945
6.88260185322382
9.35278549101283
8.12277133860883
9.14733868783702
5.51068642185345
6.98817348739998
6.02470753499288
7.40038218214411
7.58614823955477
11.9091335528661
9.93770174386413
8.74192726816004
7.48439140745592
8.27793625126456
5.68974298189295
7.87598288167896
11.5741325625293
5.80443963359083
5.96516805653252
8.47146036872628
7.85310137652635
4.05909759982438
5.07698135017256
7.91141210887159
14.2307014734657
6.95929648302010
4.65641767385616
2.57820150397307
6.70193509928289
9.41260445041647
9.83374597495787
5.94622230832316
6.15220553379031
8.92998136299847
2.82743051672362
5.23644581852997
8.09474972821273
3.76788414630811
4.99264773288443
5.65455414422746
8.58961653111476
7.59133903984007
4.16686928400688
10.2304679042554
4.78832293606018
13.2847256241896
14.0715365159602
5.15881334603259
10.0497999990050
6.68120621220450
8.35844781045500
6.58967619917701
9.29453940978250
10.9984520760696
5.71608417207873
11.0797916997568
6.20116730462903
4.68597501610924
9.13606551465674
10.6645109709728
8.58547508295261
6.03086178216679
8.87957700988622
10.2366006471875
11.7464078687912
6.52929369916839
1.16002554282223
12.2938218313102
5.28103833836680
4.72925516017058
4.12006430775055
4.49782261962386
3.43142063285748
5.44689185856485
2.07076311054645
4.99425581232079
7.94958668375281
7.51734997509761
8.89108330590261
6.39413279186474
3.93153277107033
8.16031801708733
7.60432453048921
6.13995032846358
8.13784758390694
6.20626509343583
5.36076981785266
13.3142397808850
4.04181945663089
12.8258174542756
10.6899653820768
3.65372519081553
7.30573523903652
11.5451338432952
5.77836470780445
8.98476268412249
8.17803188426775
9.47085173168707
11.1531886409224
5.65706680710066
10.7101362149554
10.5821816317289
2.80829841185013
5.46020681608307
7.45899984405416
3.42847751779124
10.8700441518193
7.01570908667827
3.51640694783127
10.9094781739091
11.2007051965490
5.64023219308383
3.95184695806910
5.77361035805362
3.86063919780132
6.14927455269319
11.0236578076426
5.04718046536876
3.06898775005701
6.45601414205390
10.5190287032596
9.59500180458555
5.84498341666159
11.1755929014974
5.43915653995177
3.92294096947685
3.15212975773523
11.1593147546612
2.38831500434930
3.35983115172474
7.30539695978254
3.76780277084669
12.4428458489206
2.58303177107832
7.85726688231983
8.54105474834133
9.19335926090132
10.0463811126196
4.48356734803883
8.37190298851109
6.74443968824690
5.77718771462379
8.35428880575719
9.67944055473151
11.9834168570521
11.5979959604408
10.8498918049905
10.8651337939300
8.07097785215645
7.35375615312338
10.2844550956723
15.4606835652018
8.70652362944017
14.7721608202727
3.71817193523915
4.43856147304507
4.14794228262641
8.53970400189609
7.66811341754932
9.46501419896452
10.4709000953738
6.24300495114332
4.19839394292627
10.2816001818783
8.60591177681947
3.14636726400463
5.88934296740307
6.74212426035741
7.02362044789580
6.55681211104909
4.92788275247088
6.74657338039097
6.19347597799491
11.3664027845225
2.20533009093877
13.0136373029411
9.64893426757588
9.52857155144464
5.78096701339836
12.1228932903825
2.03512945064927
8.32070263129262
8.29566002979871
9.25839487592207
10.6045875998126
13.5136145401591
6.45139583830507
7.98224956696319
4.64772581269593
8.16695272865590
5.65510841183438
11.1500270694739
0.911540410513979
12.9687141295889
12.2355266773482
6.52458063403312
2.01479522289487
10.0912157419064
4.86067558889708
9.30183235765943
4.45239482499026
15.0910756220432
9.75860816689040
13.4809706047747
8.19084117639873
6.34983453800176
9.33843481425019
6.59699497168218
4.24719924224188
2.87397725982652
7.58264365683236
9.26259733174232
9.22222785681421
3.61842966908298
2.17584566088682
6.65320273627672
8.69617184092517
13.9836922409641
10.0432542863805
11.1623333734484
9.47608237511684
7.47100701501478
5.65402357817864
8.05963733008502
9.15844018424535
9.32747222402726
7.43215853975142
7.13749817443059
10.6326151204678
5.76206137246038
13.1062820445833
10.9864487255892
9.72513045722267
10.5274379519700
3.36132518815125
6.59151939616353
7.80618465939027
9.03170189136023
5.57504791459231
7.18115344432216
3.54467422747141
12.1811400379623
5.37721767761916
8.12432340629052
6.15634615099736
8.26261531683522
6.53241934756182
4.30316415461925
3.25011857439079
6.35544041514166
4.20154486878339
2.90084753304961
12.3068369165273
6.92474905538821
7.01047765705019
10.1108869615133
8.21589340790154
5.78745676268946
8.53575882942460
8.70400284122196
4.23002341011252
12.9513941589313
10.0502758061657
7.91015729631845
9.70829588650861
5.17704400002550
7.31794583079842
4.83292752790687
6.28406497802975
8.65698845757859
4.90044801498802
10.3976038566585
5.28085479065653
7.79883231964889
2.50306585810282
10.3625777888323
7.72190215077865
7.07339219116259
4.68604153413091
11.2590483813731
6.73285564229621
5.11248612027456
10.6803237172101
3.77717559295302
8.81546003591985
9.38982277611777
4.32486861452461
11.1966561834326
3.39696052523429
8.27012403266118
5.00914926039342
7.30965453056436
4.19477242529318
7.22003430073570
6.47384764158070
7.12879725479692
6.20370905910327
7.35292313956838
9.97524704420397
14.1564706814384
9.59156552862983
12.8616925901531
3.30222016772050
9.55544099296312
4.61283597328151
9.51906211504053
9.03543346874405
10.3121195484537
4.37558387451321
5.01812677253664
9.74361072802070
4.65937497096981
6.64535995563822
9.91403163128402
8.03086671587196
7.34590298669945
14.9357702760487
7.74121731383179
5.45162744027873
4.77929217144129
5.90349222599641
9.15671830004811
11.7334608851822
3.94824656348866
6.38289972504660
12.7151152030526
4.66007007076074
10.3185521032556
4.58696148773892
12.6109355465524
4.89675819496940
11.2040904515432
7.64468038256669
5.22284261922566
7.86885148481022
6.12789662961933
7.08315708353274
8.41964657749956
7.91646702489343
6.79206075429247
14.5868331791414
3.56678575713484
9.70949722333757
4.12773361530271
7.01430122036401
8.01507540700648
5.03287097174168
3.54397713054077
2.62176298755246
7.15572808597420
1.97021676726192
5.99976591143355
4.62427040839957
10.3810348771209
8.52958058171677
12.2520797063356
9.01978015364010
6.70254445968842
6.54833404233474
8.25900191149633
5.62769081010143
10.2787617702718
8.59195033388811
6.06152550023507
3.81683786661157
4.31982600172229
4.81384582428644
8.84825851679301
4.92867192343942
5.47901662162107
9.20036056696823
9.36493180802087
7.75921600784512
2.18292807435334
6.59746328736280
5.97189366512834
10.2272987484477
7.75363471089527
14.0113929712930
14.5402043819886
9.20417005277499
10.1105833856460
8.29924772735457
8.46051568097950
12.2536252410664
9.92844110875418
5.99740808099632
6.61830564664401
6.87267751680522
8.23296959183016
2.94921716731746
13.1746271917045
13.7777756095460
5.73507946152449
4.18312544067232
5.29793086213853
6.45289952889397
4.40316473232606
6.42362985465383
9.78946228803814
14.8169375153876
6.54580485667962
8.08517404797819
6.04589525844601
4.86249418405822
2.61701213027376
6.87950057678092
8.07366010342273
6.89226387806648
7.93603708154769
3.17923650724510
10.5513303344033
11.7497562338118
8.44428231962907
11.2535958475902
6.65908794813231
8.08260482827164
6.49861875785925
7.60155249178087
3.48343496177265
13.5832328173619
8.02322103029076
5.44537869574743
8.05720004778335
7.08979047715798
10.8313674500545
11.3077630215397
14.8977523420887
11.9214306918255
11.6802088997629
2.07266382705928
5.81728806317858
4.52260023106177
4.27903807939354
7.27714631569271
7.51917545548712
3.14555945103570
7.55262607524032
4.85755823512184
11.3715721800857
4.50728699552181
9.17559787909757
2.32466674506261
8.73574625203823
5.36424034737445
2.52721214204507
7.78937501809356
11.8566514420556
6.13128808163505
5.92720407106082
10.5515846735739
8.62654968889068
8.24791241481746
4.48925407731351
4.94957436221096
11.4242194422987
8.81316643346766
11.7539363134909
11.9568831675985
4.20231750818521
11.5859078112162
2.04618035627361
7.88572101015500
6.63664082650251
6.73427794433821
9.60692688399365
14.7738150196657
7.46308564355314
6.38700946453034
4.87233311258580
8.67311648140390
6.80681052144836
12.0908778252077
11.8987167570331
6.47267999960920
5.91992168157654
5.95909878756847
8.69705146242105
8.33939461160701
9.43276908707088
7.68396905215006
9.74224993880264
6.00080551252913
3.71919474785874
4.36298603940008
8.51282580170650
9.89608589039121
3.67142805824927
4.94996343202655
8.19906706024533
9.05590743989801
4.65959350265665
4.87061489052460
7.01879679606127
3.51481766667917
4.89079144308209
3.57578600310477
5.82056926446202
2.26772087066817
8.96798187498168
5.45818150121449
7.74574904705800
4.34211245505732
3.77969831732640
7.81943629490003
13.8693361626467
7.49922108688629
7.83577063153331
6.30184173555636
9.05057183442019
9.19832762307236
7.97290397927131
4.34453013581446
3.95581074907534
7.56903227616318
6.92994114970683
4.78939965444522
5.28877581392897
7.51963087336074
3.45408299913306
6.71900811206535
9.56916707585357
7.76374326229944
10.0342210081152
6.45180667739665
8.64966125973151
4.62617572915513
5.13806137788368
13.4025106415962
8.10382267911262
3.37562797691037
14.0036576957593
6.14254412520578
2.10706522302942
13.2790516461079
9.31611568090478
1.90565753743950
8.24945945032158
5.62341821759684
11.0519804156947
4.71448974439440
12.5538666291665
10.1876447274628
6.15504443850734
4.86273439949171
7.79798105310656
10.1679775048925
6.43951660672018
9.49377268055224
6.75242611237836
3.71586283628715
6.97313456345136
3.69119648081757
7.24416270852609
6.28439718623832
11.5706720444406
8.28365212526456
11.9655763457345
4.89472290635537
5.37001583424109
8.60062492299833
5.27907890545310
4.57628336644487
11.7363891721432
6.76525318521044
7.88269042525457
7.03979879738050
6.98197969346803
1.22224194822465
10.8884414335109
5.82919815068934
5.55046361239311
11.4679579795184
3.51821647287372
13.6794194776716
7.74772734290514
6.44403477539499
7.44782109422615
7.82608044450892
10.6184014479064
7.40068543036988
7.82171221649071
6.55438787396657
9.51432865953768
8.90455120317694
4.74352024239383
9.62052941264669
5.60868680263036
13.5987943428820
7.80330230113508
9.50933901531016
7.82530335897594
6.24726196530047
2.19440538150999
4.72645100471802
7.60762415702169
8.31838203859380
7.37379804646154
3.83968622025290
7.77162042369544
8.91104273797966
10.4404873223092
1.94377442364077
10.3456686238058
5.61837707082749
5.24234524008128
1.15207017581396
4.57423785345712
3.73547021302539
4.29693267400643
10.5959411677302
13.6310838793566
6.07566860073852
7.00689191885389
8.66024373803070
9.44902556526021
12.5948575180349
9.15824614050092
11.2641407959462
8.83484739336792
4.66375672178556
9.51971770865082
9.15510226103455
4.13004697382015
10.4139119004340
5.19746624602796
3.15364003335828
1.10084154245740
10.1960137117405
5.50014670804334
4.93856852102915
1.37523574593595
6.13821295981167
7.26450409112694
4.90735349230112
7.34762261619362
4.01990565187792
8.88195804876380
12.0473573763959
13.0790163166081
10.3302547967076
7.01600115468206
1.19965813151081
4.81942184482745
10.7966222421830
4.29318338415679
6.78409726437615
10.2302744358350
11.7736498958479
8.47236458373931
3.81740841023069
3.01214404836489
9.56248102998903
6.52052750473457
8.20436694267144
11.7467730847824
9.91078965017420
12.7199636601525
15.5768300799617
8.13637326577389
7.48575846207317
8.92357360237478
7.06877119377902
6.13762261567946
6.80988817103520
6.83729616340406
6.67681372703747
7.96612627441971
8.67353322585439
3.55263719663295
7.21788583803602
10.6106107716380
8.30128571362780
4.43653308839233
7.23473545749946
5.03537082844948
3.43298810311076
10.4214333001552
3.79177235043245
12.4446941893965
10.4357508599046
2.75917333272123
3.50733916523623
12.2731487247568
13.1256307524629
10.7366234350377
3.02459588044419
4.56372085912362
8.84848758432762
7.20304991097522
13.1050391180263
8.02477492581568
8.49461601898520
9.66690361430153
9.61950529549207
8.97713463918193
8.39546247648692
7.91251186143819
9.37274491374325
8.13352095820746
8.70715055393553
7.01115935445772
5.04321626147442
9.90166081710988
7.28606435574899
7.30141667904586
5.89693781572266
10.8267710952989
8.19371237653604
10.0710360479943
9.03042451438469
9.58832853565208
10.6869408649061
9.86087146227960
1.90191115118451
9.67594210703273
10.3428809574509
7.94335206886866
9.03079763064288
6.40655078884106
5.41435726324926
5.71710251613525
4.43691323895341
10.0774389995921
3.76126856345037
9.55460521162439
8.20483521223918
3.46307466278162
1.90543068008259
13.1723163845848
11.3983512281382
3.46247495586611
8.30069241147990
10.0822892273580
14.3095971644907
9.60262922902368
11.6861382759651
6.92100800245166
7.24720352902580
5.12726707149179
3.16618426658968
9.30342566370044
11.6557196135503
8.69824911195351
13.7926282268154
8.86491707803293
5.24608486969092
6.84748234846210
10.5111104218346
9.00891568168095
9.93344888127482
6.49024061572451
11.0328721399099
8.93621269342332
10.6344912048673
11.3841623024446
8.45056727073491
0.955361324107268
4.65725921760857
11.3062064694574
5.38168865019150
10.4929317296216
6.23630215512366
9.44082183045523
5.00812022319752
4.28789549267470
5.91201383455756
7.85466892809621
3.79469572693253
4.28320709982602
8.09474930186229
9.56906392613719
5.73951766005646
10.0854140876813
5.10766301762362
5.44330524222186
3.07289879429831
10.4206913619011
11.9184986344757
5.86963588052956
7.32556811039253
2.77527869836526
8.24754218666992
12.8147037242380
7.37761637522581
4.60124339479015
6.30918655137094
12.6826950203811
4.31594435668487
9.50570641763783
4.13288929834807
8.73586348840228
7.54988525293597
11.0577395558105
7.87595337594123
12.2552487940841
14.2554501440677
10.0534166845904
8.89020303684904
6.60334668709739
8.29814185827165
6.77193638837733
12.4819090389411
12.5017177225572
7.76871000031543
13.0677993260113
9.33941801666464
5.00412971654413
5.87476031255744
6.87053932308083
8.71784429604016
5.97845613181196
3.03499698846638
5.80246786807131
7.34799673760134
10.7758567854255
8.28094176808411
11.0652631975024
4.88284406283879
9.31757774993587
8.85524341503948
9.81774860342228
6.92473432414558
5.32800925674872
6.57662309505418
6.66687151537361
9.84522918102469
4.18132215692596
7.89977035109249
8.88020981306748
7.19684040742880
7.43923012212957
4.10064821632202
9.69291238998888
7.47763082667231
4.66522579651832
6.68482390044794
2.76893661864984
8.48639896828449
3.40558279593963
7.70446952894227
7.43658847475104
4.27793141132487
7.22736248360355
5.09083748556168
9.75697179205208
5.64542198631776
3.44980110441168
11.5429538017832
6.67412167779402
7.81264201662920
8.36251339464213
9.27576848634958
3.92377641540647
6.13082083995284
7.94431486541791
5.81398968523337
7.82450878777703
11.0631264645217
7.95713113676028
8.17648755756560
1.87361278817156
8.35157876835272
5.95205667925500
5.44549836194999
8.14393597715502
5.55055680644744
7.15489655844863
13.7261822620130
4.94983366286181
6.07945002332448
9.81038177178136
4.95137721382647
3.70095898928913
10.1241411518262
7.54633836681075
4.02425445264089
3.09058183518896
5.64799041933500
7.97204552057375
6.52101207194865
11.2078645157273
11.2103636359397
3.85300035167400
7.71910661540570
7.70650456367866
9.05354610139032
8.98403631070689
1.79602463111960
6.72641131974613
8.63321773259542
2.97767903711935
2.24127555869420
5.34201551570192
10.9997202137145
10.0858248335971
12.8567663901154
7.67718060097586
6.37787879098529
8.26036920119191
5.95990227856128
11.3083099594944
10.3735215751451
6.22558128530983
9.09587643165846
6.16367013230137
6.00266584527242
7.42249800606238
7.19593192991707
10.6997926498601
4.17311835502853
8.75970824799548
5.44748809452577
7.72196587405046
5.44634513779654
5.30187285871700
7.18304976037338
8.10663703455385
7.05809175698361
6.50188262116443
5.84710325973468
6.32726308560028
8.25826438492375
8.09859761524179
5.52930439748076
3.49979953033027
5.49499137714519
7.17975516643848
7.19687490303951
9.45741388171207
8.95452171028692
6.48913081225059
4.41697762979393
7.84188558638800
3.97627999748509
5.55758040337699
10.3635135199651
9.72980676927327
5.89844714236298
11.4966180270661
5.61666801772189
6.72956612643044
6.60951856127426
4.52275217335640
4.89825311412140
7.25495932353173
5.06259336258601
9.54558353072147
9.74989761105213
5.51789842874984
6.61689285767874
11.0377226449300
7.94230241239906
7.71097151464068
8.03132661768901
3.41055970669038
2.89189077421676
5.81041645753556
8.99718140346742
9.52994684319383
6.57127784985537
10.2971399270914
9.47513589004400
4.10475429349918
10.3625394841226
5.60445408135351
4.77822891979863
8.14054114785989
5.69177610680532
6.42891645707890
6.25164770325392
11.6540294277173
11.0649187055486
8.76046741620558
2.12882238338477
4.97380000100527
10.9847917777261
4.10525780921247
5.98955457525850
6.07337005709350
3.87996717834623
9.55402322218237
5.96007518157280
5.97613618402392
10.0008790683619
7.86410166811798
8.93057754515350
5.74515776549262
10.0599689989582
6.33614787153835
7.48839448769895
7.67074901063123
5.96602384768951
3.44848930021771
5.80356776206671
9.37265499311695
6.87183440647401
5.40190900904486
4.52563527710763
6.46374935467025
7.06287603317516
10.1639316486459
7.67164260302375
12.2058567369112
10.4856705819132
7.88277438802482
14.9819143786767
9.31678060201592
12.6863703112435
16.9913772402357
6.60189645163418
4.99314777870633
10.9683763014404
9.72303584998018
9.91600131300919
9.43112972766254
7.77331188490466
7.31762438306312
9.21443243016085
4.99744627861071
7.98893955142984
6.84445125415588
8.41949727950547
1.13561712297763
7.14340370831720
6.16864535347105
4.07573832104074
12.5812259851733
7.73063773529713
7.25468974388292
13.1884858346210
8.09915970085786
5.89740292501708
12.8280684570554
3.93251629430826
11.3515263235435
7.60731964699789
9.56554482488583
7.81176812891934
5.03947504548837
5.41873404044253
5.35362138778976
3.60946687199093
10.8749700257058
10.1888532279153
4.25925049040321
9.35137441502585
6.03894558221052
4.96990774964687
11.5306711251731
7.61560262684445
4.54688920073153
9.46662456528197
8.47845255102604
12.8309639708987
5.53805634338438
11.1947956792431
4.41819038634598
4.38718764700121
5.68451687386888
13.1979010311072
6.97258582550979
1.95403948742087
5.04726329280532
4.20395384132605
11.3146344837118
4.65533172824451
4.43259448291855
6.56807558641799
6.76193439335225
8.18653972933621
6.55431617409475
4.30165453681488
7.60905979603262
2.56798612583869
5.83988170171280
3.05263366451266
6.72424185588234
8.61299770662921
12.0209759308469
7.60088725413028
6.72297057275279
7.26716960044280
4.45989147851156
5.19352730967654
9.03442892052397
2.36533663695044
8.89613927161665
6.90955124519675
12.9512079465855
6.89430396414315
5.60194480444961
9.54864864692905
10.6110095212661
10.7841860902898
5.08949255820264
14.6635699493677
7.10372205326193
5.31596050036282
10.2864545302305
4.81782689203337
2.75767459425437
5.65512718597911
2.13230102999085
4.87735768617599
9.72581409129334
10.0206615357919
5.69498164422854
4.33888808917677
5.59742786465355
4.41245154144496
1.02967985801412
5.95776838895236
7.67474656155498
13.6135620702298
4.02467521815115
10.6563496284093
8.59434189743461
7.38023012092502
4.95077192803304
4.90025755960847
2.68101606485302
8.47441643492341
6.87334535797526
10.8700970709373
7.93011758931732
7.54598122579165
3.73178615410905
5.55205487544927
9.02776636144844
10.1834006741363
7.44045781293732
5.14160753680209
13.5049264918399
7.31708633490818
11.1729719654173
9.72416747143425
4.90518097627396
8.60120158809221
4.04947468321509
7.72629309824576
7.77188868229596
4.34310512306575
6.81451318877585
10.3248175930619
5.70266591253600
4.87597346280720
3.27956924153157
7.89705069367039
5.03913645436398
9.48691888239042
7.93822470372312
5.30325796185704
9.69278413790898
6.05282322170613
8.39032861930926
1.43537732321505
6.00917119826021
11.4748293643086
7.44261996496529
3.60736361349947
5.78639663434853
12.1715675563996
12.0563008121272
9.86925519048975
5.88109524344743
8.40043652020536
4.65394135154280
7.89805689387586
3.55496412084510
9.47885923621614
6.17186431170518
8.84368842338987
5.48096104711574
9.53681282242658
1.75379462663107
4.61481906626901
9.10407269486025
11.4630812978012
6.63358268283437
2.94623651630347
9.74476364054049
3.22857252822359
7.79804717300428
6.56851743546441
11.3424596872504
7.35197822265545
8.44701948085832
5.86036359182602
6.76040838875611
5.38199948949273
5.41016387367333
5.42838282548311
8.35555893010157
6.66350450153378
12.5483925898897
13.0649880937565
5.97413587558904
4.07486007735235
6.42685640623781
11.9391837715147
6.32060696452485
4.00990975584239
5.40868304395811
2.32470258192312
7.98548837955450
10.0434426547872
2.76783304570561
8.36965402202080
7.73389378644419
6.46094452305543
7.97221093930661
5.86943980236615
4.17495913872219
5.61372841256148
4.86035684534582
3.35685567905443
9.31743980876721
3.27903172629375
10.4002304137937
4.04192960601740
10.2440679600440
7.87131281934595
11.9263999579756
8.26241772061907
9.66571245485816
2.52421611792651
1.45684537271462
5.79662245864779
11.6937449878129
8.07345042057955
14.6116226169444
7.22614173370575
6.16930159256297
2.12395415440164
3.42844945180763
4.01748673313304
5.57071679588902
11.6209575673651
11.2689558637879
12.8578689728897
10.0173874942522
12.3295736192498
9.30848183647580
6.40088376788706
8.88726129538791
14.2423837210841
5.70062881970051
4.11299438487339
11.5155265634751
3.67688234682591
7.41499388199343
5.10727266340852
5.21841338052094
7.07727410053475
5.37516864200557
7.19635799901589
8.29837150436759
4.65377915462262
5.14967447411280
10.0838857404658
7.19616901135597
6.81842974299068
9.70063780212930
4.95961795806895
5.08059151280636
9.23065408099015
10.7343056626873
8.67486024383102
6.79180311966830
11.9940434939557
6.23442236234441
3.71047497363881
5.72026240416470
6.61882536198833
3.57558960033167
5.24096353927405
5.59291733507559
12.7219174002978
8.45779635957263
7.48243153593803
6.32361661551362
9.71381276342124
4.32325105360538
3.06145735975532
2.71156634254078
5.15962776176731
7.59804415507702
8.78552230211158
3.85281282182251
2.84624564646132
4.47937848734621
6.02360755776802
5.84677996849548
5.36280741962640
6.74649927065141
5.59311593850870
8.58653364501065
11.4750829129902
6.78943715858686
9.13514434423453
4.52093013217413
11.2084195256796
10.4040899602032
7.62166877273606
8.56515569385636
4.66517391530048
11.2254057688620
11.6950678575415
4.16707854684598
7.71995530621778
6.42212467879595
5.10301500914900
4.78048947807649
8.30443931345759
10.1447427045983
14.1622231672856
8.26196781705182
3.44724038181268
4.49110484624886
7.87752488017601
7.12917324870143
12.9640405977458
8.82446978180560
6.86796293962045
4.98298922334777
14.8398688873083
8.98833472040845
6.64542894428945
8.60774940553940
10.9518933177830
4.43361303449004
8.01526563065753
8.98084293482522
8.64930343784978
10.5450958350316
6.21107520724069
5.82783357045309
15.7909877236986
8.19665973867404
7.77851547019095
3.99449847466487
4.24498672399573
10.6052302993617
5.68317101857757
3.01602154304308
9.61464085288681
5.92746966731167
6.88789951944713
5.39416314485213
5.92238984532427
6.64996778861371
13.6030203396158
10.9935754852550
5.33193097479703
13.5603031503724
7.90456982131223
6.24447153383695
6.62899908103780
2.01152876131563
3.98723989747294
4.52421995390156
11.4410579432149
7.61153337934611
9.17255383085866
7.22818125049448
8.25843700769098
6.86656764766794
11.2900349517129
5.29762385320060
3.73398492664339
6.89134635974712
9.79347316685966
7.17061708530723
4.40773174088442
5.65012575227348
11.3855109027088
5.07448576760246
11.3909750211936
8.46132116693369
5.79621866047167
7.66597291542306
6.94377896627622
9.43135258102463
9.07270550277038
3.84217335247903
9.16361986171404
9.07426708072277
2.63046451030992
4.66265651962483
13.0799716372017
5.86869955973076
11.5307383303976
12.5722157697042
6.70233117624010
2.31495415721349
7.71312574854708
3.17726037083837
3.00389178400288
4.16048366058563
8.45338122706530
12.2225285800443
13.5132629572950
4.50550067806010
12.3649627904171
9.43840899569414
5.73349333391084
9.44929785470328
9.22318798735015
7.25520733286789
11.2623031614142
11.8867333632920
7.17482529256992
3.63926085215116
8.23414959907822
2.65785759024068
8.68941172519751
6.18321620709878
9.13580247487871
6.59550069033428
8.68190572027962
8.43470259916732
4.91556137103383
4.54243380248959
4.75739362361367
11.5448263798119
7.01091096149424
6.62710125817465
16.4796730091953
8.58723974103437
5.14485895822227
8.06698688782869
9.89193199430727
12.3390885721961
10.3385524774990
5.41079417203242
3.47045347181027
6.58320813129890
9.93402091652720
1.92279171258876
2.96170694532730
1.88948328915605
9.26006705051319
8.62713439619437
6.29622886821151
9.20005518407363
4.77689275915840
4.50564348123550
7.05798433796080
5.28106929418655
6.91652172771834
5.05947247250145
12.6947580937803
8.51366537632294
2.57520560559133
4.12625049893969
12.2999777845328
7.04827800388152
8.08181765169816
5.88100828669710
5.35048125107452
10.1711677544911
2.00423553007126
8.08236766548021
5.49428412367799
8.18836328517488
2.78508420519021
8.82105732924489
7.34448432959047
3.71811959328906
6.40964003233411
9.31981832812207
6.24382785476986
5.38132286563444
10.9167387164162
8.93010887450545
5.99780028093634
10.2818752660981
6.73684596279298
5.87652279550586
8.77836059050322
6.50448197245561
5.54625275853469
10.1712301935410
4.05778069181467
5.93444359249458
8.95353995300184
7.85083456376454
13.9464928256426
2.45035833337412
9.62121969035112
8.05589350103388
7.88536863374187
9.67292651057062
7.63402715478534
5.88199546157594
4.67580861242203
9.78855285024809
8.47797719773508
4.60273657964476
12.6856468002148
15.6690006222477
5.63324443421231
14.5410094186236
6.78703758160362
3.90137065401379
9.84045566528298
1.99393186694029
6.00128652207175
13.4452690791222
8.66227997656507
5.34378568713230
3.10726439494614
8.82304384750524
8.97486907032459
7.10043162420427
10.5873161153760
5.24292885799531
3.37209162374037
2.80780956799068
9.87358463183964
4.57912157463634
9.29571892916303
3.19193162552082
8.71679338633193
8.54144041365389
8.98743383221818
7.20398656509019
7.64356763298396
11.3175334627162
2.63229823958077
8.40674573244606
4.67980034723705
6.49975804857381
8.30931957623488
10.0888330027610
8.49370484182256
5.41432314606360
3.78096526432074
5.60838077701577
7.38535028599862
11.0585233272802
9.56095650131304
10.7414130592767
7.38363235271096
4.34825318801424
10.2921215781781
6.15545247982023
6.07496455462911
5.61538092929812
9.03367223281872
3.65483325677109
4.74256053308759
5.14603957330295
1.89686939247276
4.61163548429405
4.35595430761160
4.55923008193269
10.8995404910895
7.85766019181283
9.22855045556451
10.6855514421451
8.58164556418086
3.21106141641669
9.74598250678196
7.10918856833183
12.5790136777134
2.28315555755626
10.3474571977854
7.76153240861622
12.0357765840680
9.26301795420909
3.37680020433546
9.09368394232503
4.05510213681481
7.74195856003899
9.91471109261384
3.32384948931205
12.5749363547477
5.47588748509326
7.86206124181184
13.4794056097070
5.56877218833739
10.4725539616657
7.46285323382418
5.61732956652002
9.87284344408545
5.45639210109574
3.79499124166631
6.48811063747375
11.1207578412220
9.84455897742504
7.77419266841259
6.80823485567294
7.39097904813699
14.1178980666387
9.77183530559127
7.79858472342258
9.35874496179910
12.0853508242996
5.92311893684400
10.0548974228930
7.27120122194401
4.72230451051179
4.14493336463930
7.38948421585702
3.65756552504531
7.00498231775784
13.7985845324801
9.23145816325893
7.03732883557391
6.39681419849756
7.38792716751458
6.98642961534001
2.53498101454429
4.26007347706586
7.82484509047944
8.82240158913660
4.99449617963704
8.21337014020432
1.86802077946151
9.27059596179771
2.69226704254983
8.04866769956991
10.7468656295685
14.1539635140444
9.04099571908427
7.63130071481920
7.15016449391201
12.4748448278926
11.0916504028578
9.19080914228992
6.64020393738024
6.98858338947286
3.73892010319825
8.19315961162725
5.48881003314926
5.12457569170364
7.33826819215543
9.44462586924437
6.98257544893000
4.47606207955162
7.58827764192245
9.05176743188312
5.84536650896246
10.2391299698754
5.56333289854203
6.91556290062494
4.31169394704680
8.19898709941661
8.95546289648949
4.95668496174611
6.55292692848014
10.6003365276627
6.89968516010695
9.44553115476308
5.44426271026666
10.0041711310833
4.24301811828561
8.77236323124504
2.26639283849910
6.34114818486369
14.6540069448598
8.37788488288661
9.23692878666930
4.00228274169829
1.83392162864175
6.40238339523649
6.84074687223551
3.34839616736132
2.60411000343687
9.45793638559919
2.14010180957846
9.13504420002443
5.91970840286073
7.17848790014304
6.15457947918751
6.28973234793628
9.50176611951694
9.49146778164473
5.68971317554761
11.1186774168513
7.33775176746257
10.3651902003774
4.05370187241243
10.9775946003667
2.24479789978964
6.37451618713138
6.58497663549386
1.94367001571769
8.05331076141981
8.93297588222425
4.05751837881235
10.8980553705431
8.20964804820682
7.55925976865460
2.39618680068980
8.47946127370860
10.7952023478025
11.4436010127931
7.78997743437681
5.64343770522897
2.98429785376728
3.76350373881839
5.13700071641031
12.4771186581238
11.6885745512445
11.6168666782399
12.0411638033871
7.03635947649067
9.40866481813440
5.76026686277641
10.4715210342147
9.85272950009291
5.59409414829604
7.59584099952073
5.21952330510172
10.5375811546104
12.5327153335740
4.26159583020259
9.57800210292313
11.4888792508234
8.52184449362930
5.01165856088581
6.11524730529355
5.72720197173105
5.39273717460808
15.5715442551469
9.24577739766782
9.76802542603161
6.70502886637336
4.56735832047366
8.73185629863433
10.2713020388118
2.91073198182175
4.30066747283826
5.98696540211316
5.24863105485611
3.61552805183420
7.28572085895418
8.71592647857931
5.29014977056803
5.37958742748921
4.16519952973444
7.85640574072623
6.11135298578801
4.23739957909329
10.7255710715094
11.6426284321883
3.43371806255654
2.34036298253070
10.9423907543096
6.89534868588964
3.43257892261781
13.1675976943405
8.42065263718317
6.30336483316649
5.55091108666856
7.14820532598218
10.8557010017778
6.71620618043401
7.61653961150338
11.0241339939063
8.53480861906674
4.72481300959096
13.2205387731968
6.01110949759693
6.21163928765990
4.86578067354304
9.47421213294277
8.36824883114741
8.65283606744055
7.45346124763522
8.10866438129049
8.56851589684521
6.32752621013931
5.53111520762314
2.03782188956739
6.14950992681531
7.17026111382284
9.08003603847474
4.85041182240230
4.39250908371286
8.17354311727784
10.8538014266892
9.36005288801345
9.77243820139069
12.8652401322323
8.78488563670581
5.76215088066948
7.26928365521665
7.99403811217591
9.35542806992818
5.83658131889722
10.0563677449117
4.79188247561434
1.72416863734381
11.1961612899243
7.24681238050220
8.56974934814315
5.21148478555776
6.33611889487563
5.10588927220322
7.65484396941570
11.3566039576099
6.16056322055054
8.15741184506459
3.09118952903247
8.82461807332193
8.38178235937918
7.86820378866739
7.29307567834038
7.55280400778413
4.03564508503907
4.12129959357482
9.65487308200372
8.73470726665181
8.65345653077428
10.3047014085952
5.27285030628597
2.98445326900925
7.73312492075487
10.0919499211005
6.24401634206701
3.79358443691451
6.94314012407210
11.6893786490130
7.42808256146901
2.27361486184446
3.47729559428013
9.33452068989083
13.8756792814046
8.88667148600082
10.3064340821644
9.58771850784116
4.82171853895475
6.69054935412631
4.20355815727581
7.81770621793886
3.23068751506548
4.87263997414133
11.4654680042556
5.51127056494235
10.9388842526832
10.7689939650833
7.67411358183054
12.8857628040252
12.0635223781614
7.69594995477491
11.3735110612335
10.6137552647685
9.68215846320483
2.09758354389045
12.9966594243482
14.8806452538256
10.1504732133285
6.23469121722159
7.22568841702990
11.9541440655532
5.59558746424359
7.21612114504739
8.23693393259895
7.38100400526920
6.05126115457761
6.25437181577814
4.86045667607479
6.58276452639771
10.0039133277933
6.36224047565008
9.62712101617094
7.08769594077652
1.83679864680373
3.93022717409566
9.09955927998713
14.3848180610670
3.97066445569806
7.13042441163217
7.85059901536182
10.2513827945307
5.57505324703720
8.52684416274632
12.7763329218520
5.96463704930987
13.0849839468759
10.1340660837593
3.67893134495603
5.75995193122304
9.00887619664629
4.31138204696591
8.80389790717725
5.40843956238766
10.5744110479024
7.54893460843317
9.52029448925295
9.39727483444137
7.27327162717920
6.45943621456239
9.91413654535785
9.88844120120620
4.24029732683924
7.35094355799989
5.76543080263740
6.50494995873143
7.46396499292434
7.95025710590544
5.64280915683846
7.66363984344254
6.97500585089360
6.71825983793422
9.05261779937715
4.29656644543058
8.04886127287581
4.52340044767208
9.50460251983217
11.5741317014453
14.7895399957402
5.00542295016116
7.18572464891329
6.32046357951694
9.41047758484658
9.30529280202381
3.00707839272607
10.4959223287141
8.06935862052623
10.3160818443826
2.86578390094229
11.0636349609701
7.00538344061194
5.59782470211421
6.27083017390840
4.46083834945854
7.15817057151476
4.61077692151768
8.64530929117056
4.36065121770820
6.35566402510390
6.28615159298597
5.86660853134151
8.57486208423208
11.2367158594004
5.63004365716643
6.81590761454408
6.09681328958826
7.07350875014437
7.09749167030156
6.85939056549487
7.36736462787067
6.39479839278769
10.0443977295008
12.6552178487768
9.02156673766259
7.91522062129035
7.97794922585999
5.85814586196008
7.07293088118355
8.03478499364246
10.3222331522786
4.82725219042884
13.8152304861844
12.1741835327590
7.97117302409125
8.83956829319169
9.73293131007303
10.2242730470190
5.26473057620236
10.9613872338313
9.40539159259199
5.74606384057818
11.9798935366722
9.09458654530265
6.95501986157480
8.89378435324918
6.59695819450146
8.88953260087953
11.9940261655543
6.66075212344672
8.31579698886403
7.63653487126197
6.81175552189007
13.7205065872219
9.58697094707964
10.0477351149401
10.3016245558650
8.87717458879794
4.07825611015297
8.96040264720286
7.14074531824235
9.50720613324440
9.81766892316603
5.09673725632389
9.66097494388636
8.98757467229063
9.86535180545022
9.75193950196575
10.9388054102033
4.85799520996059
10.6726696240669
4.62716871584558
1.29014096520497
12.6266621836493
9.31521517411165
12.3902373554014
4.43887228584018
5.89018895833572
5.91016369993251
6.29448167047931
5.52364328791243
6.35601403262296
3.22644851965749
6.18370660526517
4.93224747757044
9.63613050658822
10.0088729865055
5.37165201683802
6.85633927836131
6.36322354785686
3.81849585948447
3.80635345048249
9.67900825651058
10.4445157735457
5.42768185231964
5.25353691945722
1.79128656749834
3.10361035892072
3.01759312366661
7.19437019511785
9.93787086802803
10.1870811655547
2.94265076128650
11.1758147644814
14.1261060844664
5.97526836304446
6.77276055755702
9.73263289890773
2.64306256895311
5.32185059730166
1.77597224429325
13.7918248643898
3.64070312165109
4.80665978929235
7.32385540972103
4.42093218338622
8.94333849242552
8.23501775104341
9.35676809760721
2.58876501251079
4.09223461082084
8.45801915994520
8.16801636935186
7.98440458820193
5.28374615779373
4.39548372309579
6.11806003534618
4.26845120740533
4.53564496323290
9.01996988354174
10.8804157512477
3.75143497346016
6.86706757429982
7.71248137403910
6.17619759816669
10.7951965577288
6.55103301979077
2.42459156150062
13.4715450836198
7.65634877160125
6.51507205562609
4.03382951300621
6.03767325536087
6.65810417536404
8.26445798948727
7.31874819607834
6.31155651698700
5.66867556136352
9.34494467452857
9.18041031000249
6.99420190633106
8.35134117013549
3.72726613485005
9.38170422950969
9.51268410965065
14.6688852487161
6.79490427694902
7.29645005327934
5.18801960726827
13.6406626913101
12.1660891916671
6.13350050154885
2.85890746439964
8.55595890558154
3.00585175615831
4.98447099800972
3.77968591935891
4.35824732588687
3.03658735754465
12.2972383257380
8.86317279364450
5.41049183438992
12.5012062546980
2.40255274924402
5.76151301916432
1.87382940325420
3.31519266860917
6.97987587709123
8.73569469704614
4.97629002748031
7.83682997773973
11.3506789087702
7.56356560175821
10.0875505856675
8.91686293863487
6.32057571510697
10.0666364104402
3.88057891170892
3.92074739176092
6.12127284149302
12.9053091010018
8.29629946964308
10.4032279198766
9.77587345347719
4.55210168752853
7.77389661945669
3.81587929579803
6.55680051015737
3.61485597927496
5.97906796796959
6.58574185191008
4.07191625036665
8.50531382901301
3.56213035175581
4.88187385027512
4.80751676108362
9.08913276061033
9.71855101821254
8.86241806899274
5.85703076037757
8.86575580816435
8.86745736564885
6.09665454794677
4.94813499562209
3.55313171522588
6.78900481955935
9.18730097308236
10.7654613003810
11.4177484907314
7.66957831154360
8.66164593711842
11.0545214565082
6.87754913983899
7.71724080031199
8.20005209330404
6.94531703955982
9.41166166890842
3.53019337997226
14.7216284225251
4.05361527651552
5.44827985790011
9.49342045050150
4.64901740263467
4.83425709287374
10.5896224248507
11.6337756442180
8.97095551716204
13.5049250235016
5.89199732926789
10.0403524944147
7.52001829402695
9.37394293784638
8.41943265123013
6.28062045040138
7.67753948215833
12.0428157759969
7.37186331902593
2.44565813841591
4.56692305496819
8.62413290076168
3.00244231233508
4.08034624497248
11.6962098668757
7.38279450072938
7.11066765999509
3.55249463702621
4.65424195976101
5.74224116181130
5.16070067181773
9.73095936534523
11.9641852536184
9.89306232263801
9.97528824094823
4.15309636042604
10.3777351114056
6.32587915392003
10.4637032684418
9.33261831557276
2.33383967763426
8.77396042503042
7.29317050700108
2.43165915785910
8.09626100560623
8.63210554636584
8.78790938472285
8.15762280630822
5.16085320562405
6.49093157069153
4.44824458297877
4.52777909575987
3.39790321816264
7.68608636748690
2.93618926612301
9.40217965829732
3.04439522538139
5.23587789033511
9.84920722025890
7.42463846231586
5.89157786048016
7.30524331422301
5.40226671707349
2.65308367376530
7.51902581918695
4.60713136995245
12.0095942716646
6.27111467204994
7.30057509441558
10.0860593122388
11.8510376102222
7.31453459626790
6.77567481731525
1.70291080799906
2.54319636381071
9.67455176687788
8.71896199366071
3.74241835448684
4.54228560528728
5.60980439765951
5.60053607424325
9.30086094240743
7.81075078197352
6.84435492139325
10.7891224672121
8.03873998708753
9.67144381605166
6.83278670061813
10.3786563292943
5.96487071611783
9.40354326610986
8.46340166493946
11.6873617561877
2.76515783891264
3.94859774983474
9.49931804363345
8.21088636053989
15.9603662642810
9.46139890044644
6.35268262412817
11.0488574455869
10.1879534307730
8.76472296995175
10.9387002497737
11.2426547704129
6.19548192650096
7.54322257567308
6.20607946452509
8.36319689712014
5.73392849119171
3.42906337211781
6.47370761017209
6.07293469394329
7.40170502654624
3.94506295640513
6.90293001993356
8.95479815877812
5.40418960714740
5.42627302390877
9.23553299159286
2.54315373190455
11.3780729405467
9.64136093658987
3.91797800279685
2.14222449570533
10.2032967864149
6.06088144414656
9.76599479930232
7.24889896189759
10.5325181248360
5.39497116897764
8.68680990251887
3.54632786831731
2.68526664970166
9.45302573529238
4.59191848638453
4.76715197362115
8.63272116683957
8.95445491585055
5.44581241138547
6.48215522381252
5.21436377806535
4.75159773987655
6.66495361607266
3.61055250238797
8.74677642815340
3.20653434723534
7.93877856249940
14.0247553987120
9.99956161339085
10.9307276281408
4.49367802946540
12.2938093677265
5.99433723636734
13.6558552244048
8.37232785603867
4.82668967058128
8.44864842542285
4.37006728213651
6.54311610320343
6.50182460135184
6.68337792586951
14.5584788621614
2.47793693624354
11.1713762200948
14.0899014506845
9.30526605950093
8.36985598083982
3.79711131199250
3.79785914035789
12.0691376353077
6.03405876014644
8.86913137685986
4.42736885858858
11.2453910330677
10.5581670055791
12.8431444755558
1.73035484511126
10.7195891468577
9.36479335586691
17.0067735743732
13.5104647055532
9.33282747456525
12.2424475681949
7.23245314191526
11.3205125908680
4.32990920574554
9.22720010670626
4.93461701553423
2.64162010326996
5.48507154593265
4.41950117547217
4.47149807716609
8.45808237663834
8.97824088785771
7.92183544262313
10.5774678014164
5.64541749829009
13.4424526720387
7.11220559179780
10.0238320481740
8.06400112911698
7.39955412913508
15.6530802904732
7.56276506328208
16.3796606268262
8.14118761361019
6.88927452683517
8.00120896052590
7.46514987785912
8.88849483489753
3.55306493185813
7.46910772047103
9.42944430295338
11.4716701177291
9.53568573569830
4.81049586425350
8.97092086451865
7.89809320269139
5.42779397668150
8.39227701075036
5.53983765765063
9.28614299425396
7.08841333797628
10.0842694583842
5.91646026607126
9.84880364359042
8.77393975190165
8.78306543986210
6.62923392632965
4.94163110723574
6.98237886288763
8.96164576012687
6.77851351230489
7.70576020714375
9.00970703719605
4.29537169339278
7.34362369046270
6.15580143035820
2.60075327934043
4.30235763995742
5.88164573822668
3.56033851502916
8.10080742272028
5.04571388120898
5.39364438876906
16.5303547082998
6.24321104720960
6.44769900851459
8.28620207159884
11.7332969403318
8.57676278907141
12.9181783165004
6.43063348031125
7.95111314219588
4.61147712019695
12.0710449887365
10.2373961001272
9.51665723625685
2.04551697377460
9.47262237655973
3.69292659852589
6.59597858547160
6.90212914251826
2.98819771005869
12.1945780013988
3.83931828542516
6.95141329946652
10.4392211902996
6.79155685318175
5.22262305838743
2.48652675634106
6.90725809058848
3.16984259681912
8.57193194793333
7.95246272200631
5.65517289832945
5.69019859319515
7.42256417958107
4.12771200545775
3.97739034669719
9.82784618005389
11.8404408216080
9.41774168524493
3.80494041083432
13.4677387957296
5.92584467059338
10.3729176657293
4.95474893924001
4.95558050383606
9.34184521773622
8.06104544708688
5.51966727645788
6.35608375180818
12.6812780460015
8.45391689632681
6.83070073198937
12.4647278225399
11.1217307248378
8.81491630649100
9.47773286224612
11.2180146929882
6.14829711790183
7.52847630932050
3.76941037386499
6.51849263597038
5.80939070987655
9.77119702032458
7.46374717149503
7.59092122649814
6.08421443520854
11.8676485039624
4.16873818344352
11.1609299045028
3.48606365260303
7.84432439413363
11.5925988048410
14.9352388387632
5.53947895473933
7.72806603173782
11.0502139455596
5.47752044152242
2.19985195158674
11.4371166052681
7.23349005736512
7.39465934441878
1.34530554915974
11.8388009447748
3.51511710052453
4.39643706767196
5.12618426813746
8.67153264336818
10.5605864652490
8.83797511033495
7.68534317886326
8.60989235161509
4.55646197065223
9.28873061995018
6.34921327322528
7.61608864312910
4.65348427525010
10.7737724141732
4.29181453932949
7.24004072307581
6.46529552450814
8.29734933638448
12.2925347966520
8.93091393643450
7.40821462400596
14.0197941686781
9.95616078430336
2.66399300757341
7.29049124606813
8.07511419176224
3.21737106812379
6.07360099529101
3.23851514895330
9.84225101234469
7.08147525339176
3.90026068177500
6.90719839101933
5.24073384746831
12.9842987169119
5.12613253340176
8.05956606021069
10.1782650549541
2.58559679679566
8.75998322410546
10.8427803025792
9.16141893386063
14.1773624358937
7.12559614915833
4.92954982063271
3.62172058828397
3.30177642981775
2.53234158209354
8.94219727275685
10.0827040976119
9.77693878933483
13.6311933259124
11.4129913291827
7.94047179958471
3.39247699181587
12.6358451790927
2.57960146340477
3.04369670959510
11.1008514740987
8.82503243336816
11.1476447620114
11.2117258261162
8.02069996072662
3.49448030786968
11.1851630426203
3.91549407222128
7.35110596101022
10.5555300378522
11.2323493131446
11.6099529724672
4.35242889086082
5.99078967717112
7.05506827819547
14.0881670111338
16.5531188740853
10.1245206918649
7.76188212355740
14.9911260717799
3.04097302520098
1.83044373581927
6.28187378255883
13.2496936349487
9.18943591957635
9.91756779205467
10.8730120921528
5.14021083808826
5.03910925263583
10.1769514654439
3.15462454769185
11.3102177319316
7.98248352895263
8.48818119328281
10.7733920197912
7.18065948198326
7.91735226669244
12.0582602067172
7.04015497670676
5.99445332401512
1.76002625548598
9.44930944037712
5.26047232925904
10.9852444412312
8.75362476291965
2.82975294541768
8.47308775142215
6.95571326752332
12.2554453227984
6.42526449242364
6.75574255845351
6.02549519458774
9.24243267988466
6.76530399464799
2.26252813905153
9.18380028154467
10.2415226690175
6.84345072386731
7.22952290403731
6.20881737470993
9.37974268348552
7.95561218831713
6.94234578582773
6.18557064385332
5.16722422091020
4.48644998038538
8.44843060514792
8.40731707502459
10.2412468147975
7.29102421094759
10.3471185984312
11.0851032844128
7.32545060593545
11.1777024141637
8.47538829683926
6.68389217304558
5.10545229827877
6.32211093959130
5.48903647035616
5.19840194082759
5.56054417570799
7.58739394588155
8.33672999202925
9.20998160964504
3.49414651238324
6.16312664436031
3.67786187130512
7.84309117020197
6.40333979126518
5.64336730064596
10.3843101738502
11.4358938192692
11.2196867631187
10.1043752419484
5.22652583984811
2.36863869376484
5.81882555590043
6.87945031888449
4.91064103156604
9.58394450369992
8.29636793267994
10.8105360717034
9.81026792396619
9.23588684437505
4.61147437417796
3.78519986922751
8.64408127333380
7.42414012291262
1.35742747076962
10.1231983106329
8.77172439346449
10.2425337881600
7.44397207225417
7.52292750534684
1.26399837772839
3.41326317473470
10.2559504552235
6.15271705513231
4.81177889790149
5.45899720278367
7.39473305603387
7.75262296038760
5.77969233523723
12.0955111127584
7.01773414928209
7.90750706711799
12.6851240131896
9.65299468670733
8.42736219610858
10.4216150139985
8.31116881200232
7.77903464257616
7.53292831234713
8.12227557476967
6.96386487519683
3.57895225729543
8.75986487681174
4.84303048410806
7.19491605247066
9.29209917984628
8.21486301650855
10.5858833962972
6.08350254869676
8.39365139495321
6.36840271880634
6.69917380950256
4.98215337078256
8.90419741470280
8.08582912075193
9.72074358318333
5.42017953784743
3.37165373073807
9.75034469185577
10.6633893540328
4.30177483792167
5.44950323057065
5.88843805605527
6.59725404942087
5.82354121827088
7.99818697330839
4.62278182051673
10.9389906691614
4.17427151608517
6.31400299252384
10.0516184139011
14.4682989334959
15.2036302149255
9.14462929374395
10.4067526645587
10.9716981643682
8.73586687110100
3.38436491383539
6.81677414589188
9.95526149119650
6.35032658873542
4.03965718482398
8.70816023153571
6.53509793828899
7.11479605470178
8.33609319434764
6.64242236010328
3.98969678072156
10.0553587693329
10.1118799024823
12.0592488630097
5.76617449701272
8.89519019133374
12.2078081053111
7.22275428563267
5.32380999398927
9.88378244044253
10.9685538791994
3.97800264580103
8.55235007410244
8.51830138868073
4.71124541182053
10.4619142886042
6.95428981133228
6.83906071328512
5.84966156285986
10.1106196565789
7.04423546028950
5.27659878559096
6.13011517872217
5.03634147504912
6.37133335652750
9.46028192973127
8.73671378780374
6.68987639722140
5.41962337414695
5.75463066509051
4.32121443693784
7.58643403329918
12.1452674796770
5.32353985141466
10.0906274021985
9.74056388132125
8.45302568551640
8.22970100611195
7.74299332170705
2.26751224693495
5.11900199508654
10.4858506459896
6.49257073033478
3.63660162926873
7.41545285602977
9.04090057385878
12.2643171603640
1.85440993849796
7.72835564241191
6.63649473975532
7.17840394009344
5.61658832833598
7.82706663188707
5.82572523986500
11.1144657383970
11.9267812631783
4.07754174963298
10.6687793345818
8.25587826824015
9.97413800501565
9.14654938357083
8.47559791283187
10.2548728637122
9.13888241143303
10.1326654785402
8.12447813140019
14.3351724531144
4.40390007493358
7.91136983404903
12.1543542609223
3.83603346184571
5.17430381067105
1.92490832931184
10.2436742421116
9.70006277817359
4.71676454150512
6.14061143815500
9.65341158813815
9.84770780276938
11.6944833767892
6.74383654161339
6.66483743720730
7.82841020961473
7.66476683488970
7.52565576289535
4.24449428083017
4.89962730342829
6.21839964499710
4.14805710061952
7.62188634631218
3.71476702129487
9.67800438291387
10.1121363253073
8.34424877000734
6.61525982407343
2.37673264001234
12.8238204411322
5.69475694441826
2.67752928275304
12.4034274428482
10.2275491200202
9.61076456076206
8.50421028287754
11.2424261596374
5.19019536144835
6.32654052313743
3.47206070511447
6.04432893711122
8.41056129784220
9.67914191444676
9.92882601084841
9.83944792968081
3.80325207428603
5.97111054498240
16.6819031099572
9.14489647106100
6.94677887222560
4.13938630066101
6.71802906273112
12.0564604319178
2.42705928483422
9.42632568442763
11.2929592494616
5.10969358372887
7.14711205592860
2.95665376566144
6.60614910571204
2.62716313920549
6.04805373157349
5.91774903384724
2.34380367991861
5.78058041591846
7.04095897712804
10.2088424152790
8.36459967422230
4.46699751708012
5.81360849301017
2.45412353397298
5.75334632506161
7.61982252148303
9.04691175685936
4.97943512680906
10.1618069504838
4.78420436958957
11.9128446721847
8.48207910833187
6.84940491841445
3.03530813633476
7.72617587296587
10.3892623453111
9.52859566410497
15.3201978712450
1.87862802044962
6.97248819029477
6.42843724944095
8.39891015620479
12.9095956377417
5.76383691809544
2.45652200071565
7.00944261193428
6.32854868450587
3.18897551349960
11.0438923980452
6.37855016034992
11.7358550309255
7.78993958641529
5.16913877256163
9.01010430974026
4.96742498081249
8.70518591645233
7.77425883429514
13.7335595738359
11.7331506481635
9.01840856082713
2.76814928788171
5.17133545324610
10.6032429826547
12.6241304734861
9.40456969031545
6.67826021224840
7.78751285089790
6.65158253127780
7.69954238114188
4.30038824526344
7.66540175659437
8.13798118515889
9.79653404443122
8.75590293521896
9.34995556887839
6.01157820480613
4.72438033358873
6.18414639622964
11.3664861320675
4.18831603338155
12.1159006413060
7.98776234479344
10.9269785338858
6.86964692033004
2.17311145834723
3.60028031269789
11.1287936030821
8.27287353269709
0.906989036593055
5.83722632526785
9.88256830788434
7.55395842996796
6.81794826059130
4.54538467239022
10.6940469734334
3.47285260268847
9.70891845447267
8.41507497471057
10.9797605651307
7.28236848601470
2.29422191256644
16.1916296448010
3.66882174819110
5.99412855551164
2.98253047763137
6.33688891292573
8.35983560462764
10.0075592208540
10.5671304791982
5.15316441034051
2.38511587703826
4.64342419601096
7.79906103707363
7.00926335287811
5.72761954837261
11.0125169271153
9.61784302065697
4.02736042984595
8.39160421893812
6.49240220366083
12.8423728169681
7.30572607924770
11.6242789877824
9.26786982934050
7.98110272205539
1.00520440811807
2.58218427841702
10.7928051608467
7.39520126568574
9.74333779349253
9.28110026343860
6.77759932442897
10.0419425669588
5.43904979271233
11.4936508056622
8.30147525793362
10.1692882164879
7.47404832018766
4.16093960681959
5.66412460138370
10.0867458477003
14.1481302390104
9.11303034468387
6.92674899357556
6.93658018297922
5.78638846086227
10.1444295342025
7.67669128922090
6.11039235155975
13.7211797424347
11.5937203724430
5.80741009831405
3.15687936869624
3.82282062520595
14.6391558029177
9.35833184974758
7.09368612629569
13.0660825942591
5.22723420694577
3.60398118474556
16.3801379780513
7.92373501954729
8.42682538770681
3.20754550864053
12.3134876064257
12.4792946471345
8.31428181550277
11.7156584697233
5.02880398703310
9.79918755469554
3.69097817625626
9.52000875035838
6.39509789974321
7.94035882970033
6.70831667708263
14.0035278091237
1.72450730207210
7.93423802327609
1.36176472979770
3.45335033566767
9.14129735967281
11.7119187633795
9.56633323745311
9.12867370375177
12.2017398527757
8.67847070274481
4.21402639788837
8.63220172566072
5.06379772992564
10.4501401785861
9.53379116870619
9.54516532671907
5.47746433032658
3.97555388469330
2.61359102768585
3.72113197293512
9.27052540547729
10.0372654711530
7.41150714243736
8.06420370886674
9.68102661905750
6.44998834422397
5.99213196820640
12.8781262876027
6.86342896007528
3.76008854050007
5.38380857850648
2.35364275963876
4.56008363190852
9.12163917018213
9.38828416538400
6.60052111427575
9.81081320581531
9.09615977610882
5.12299725122901
6.04093451214297
6.23748681330069
7.70086064475913
12.2472167919940
7.23530442828773
4.77048799495398
7.74806153772671
7.31037905370310
5.23200971146996
8.23583316307464
15.2115787331472
9.96178014897437
5.87597442472310
5.31726876507103
11.3770141487123
7.98836687074398
10.2808924876005
5.96119847430028
4.11286395714713
7.33622094637968
13.8446920464126
6.30561581736820
5.95490364069814
3.74175255267328
6.35613315254644
5.81869117314195
6.48624970610907
16.4637970243076
7.32598453692062
9.13890931402648
1.48152689816959
4.31281951493452
12.7582211193569
5.45224862648431
13.4674365077397
7.17537327600453
5.71765865805226
5.84977821288979
7.41556836824589
9.36036675670350
7.17566298347407
10.2217679341687
6.74495558547274
5.64080981328036
7.89799167341293
9.66206149535387
12.3214227617684
7.57612225746127
9.60047631070980
7.58510057217437
3.34322447186560
6.73577607481128
8.26894550704018
4.28432952164046
2.47741835649149
2.74933813847988
4.17777980338839
5.04455230322771
11.0473055393657
6.57036689767017
14.5523168502476
13.1036309120640
11.9022974349360
6.29929661567266
2.13363621976686
5.28113655949172
5.35354957858802
5.43916862948741
8.49921976953767
8.02759949673625
11.2098573998877
5.30787645391262
12.1033697076475
10.8942975069529
8.72272026663701
9.32339890170961
2.47812365149522
9.56579968860419
12.4083405489856
10.0722130214765
9.19924927969669
9.57475561098036
7.91007467223439
2.89396955934232
3.86613767448858
9.80140427795936
7.65051311539952
5.88245121781728
8.00855503386223
10.0404570873292
5.37177012818866
9.31807359685467
6.27049796188468
12.2380253706879
4.02002891339105
4.92925499644723
5.30706288359201
5.61305675456787
7.23060077379466
5.57490676693341
8.26500053115546
11.7440508473567
9.98069897953045
7.26109134510784
5.82960914079152
3.68036000005434
14.2096296700512
7.53828956594266
8.72555085637354
6.46969571823900
8.61988363260781
10.4889343710407
7.11863354398862
11.9955912071894
8.78321823502758
11.7945345200648
8.81075240499357
13.1250288546578
8.04267480755003
6.58429274409939
4.62117467533959
5.85643670332054
8.44853624540962
6.93365906646700
14.8235346720763
10.5371126405671
14.7673826365720
7.12788180036678
12.5060648878854
5.82695561287367
4.04205524474864
3.73415792649427
4.18461835416325
1.98837331595453
7.00873376152925
7.21021997728918
8.49579490159691
8.07612198025760
8.61379075643238
4.84100829769997
7.30736661971328
6.32209368295820
3.83656750494502
8.84613451014622
4.26772550916762
6.37412554159392
9.74327457082576
10.3057773771996
7.82045284430511
5.89717173058408
6.21387127501850
13.4597065987933
6.37427131600154
6.03506246697215
3.86554267110066
7.31424219061004
7.50903723256184
6.57305812908919
8.40416286253426
8.25956128132723
5.69296792982360
9.99804023487103
5.93434323179912
8.62431058749625
5.84759869604610
4.72210108799208
7.64951570362464
3.54029716408100
1.19726457080296
7.39910711340226
10.6761999396976
3.43650973414888
11.2248503624859
6.43203739385896
5.42934288109528
6.57780438609267
4.95412050929739
14.8895575652872
5.30939695430658
7.81942207711031
8.90364250700240
13.8484805968020
1.78002779587848
5.27228197184341
9.84440234004487
7.37719796844303
10.1733567496132
3.11928573234322
4.71913459194586
5.97769218736629
13.6046410028714
10.7922590479214
1.86711347764403
8.76052575505032
7.00449051272825
17.1275365960783
8.33564891934036
9.40471505788453
5.06402214735481
10.2424109974215
10.8906651696258
13.8739097306275
11.7388698145137
5.63922840002070
15.5425435962200
5.28601028845244
2.98303512885784
10.5210781862935
9.85847227223874
1.99658738852072
7.56199731883052
7.04701625736744
0.876954594035518
5.72702957212550
9.66923620613334
1.34878015258233
8.41360702968709
7.05054375278957
11.4451719511438
4.15813921201540
5.94295555591660
3.97466726185979
6.24347279244493
1.34304826421093
5.58247684276433
5.89991254956376
8.70118572379650
2.93270683104602
9.74452480894272
9.16107627568399
14.5167092004214
7.14392337724866
4.43979647056033
9.85316984020878
3.28693496284912
5.75787183790713
2.48880244232040
6.78667464153101
7.68919605225409
11.0432165178448
2.83392886643260
6.71056036780834
8.30176391738527
4.97668629279563
10.0398035941945
11.8054067120790
14.2089775270214
8.27020066322456
4.61627836453783
9.39107890300683
10.2444078550202
10.8606194079389
6.98293742942868
8.47086951203948
6.58226533877206
8.00644861783300
3.59008978446222
6.83377770296927
5.07648359595498
2.69571419108184
11.1293737248140
6.56651608769826
17.1490378663061
10.2946492981597
9.61343463856701
6.80232785979182
8.27347980079725
9.32300673293761
3.70576578995489
10.3002501610398
5.25418077195675
7.19700403432567
8.97559152549290
5.11326678378901
4.33729815389823
11.0304193981915
6.57207065238955
3.47619268546782
8.51574117326260
6.54815948568756
6.38637251415857
5.69967015709681
7.94577120297332
7.28052215503806
4.96875075748422
7.34321921422069
8.90242886532097
8.68586641530366
9.17689999093376
8.31262632986711
13.1895883313316
7.76581924461290
7.82520763494490
8.75684492828895
12.0348125250251
11.1249423211988
8.90215115461426
10.4382686995545
4.60406231169823
7.37209412403965
9.27354344573853
5.36265873812608
2.64660465482928
6.18336610269843
9.22908856334145
12.9119918722868
3.59293754536591
7.61314910764921
4.70248094090768
5.41055075868437
11.0085228205871
4.25678328243287
6.59016203290936
4.40701261088507
7.54546148155301
5.91041760494477
7.81999461508766
4.60273602762531
11.0787135688220
7.52973780752026
9.42814392140489
7.61575839821616
10.9215959369499
4.62230690457698
7.32955191359608
5.88815680773704
13.3880659521829
8.67520212470004
5.21273013304928
3.82902489022988
7.12594718412226
5.25728646875934
9.56185951940834
4.28846955489951
9.58302379565552
9.54128227768678
8.98111239919087
3.50271267454240
7.36674698764659
7.66409108570612
7.76454235860840
5.78160088037906
6.81483099075098
13.4517210756431
6.50204570654498
5.98149351453297
6.45847865445106
10.3061058305841
8.17100760677653
12.2473881747457
6.82441195195601
3.57512533976083
11.2843772607796
5.31650235493223
5.10422755237264
10.5989371464360
4.13072308856452
5.39693222103076
2.98304094857915
6.03851381053319
8.91080935091757
15.7973309214057
11.9800483630493
8.13211139385707
8.46342727032022
5.43423025714921
4.66516509461348
12.1094787156591
3.07388350242816
9.44069284798526
4.56673671126331
6.54940582202691
2.85863479517758
7.32627213147314
11.7178720025822
8.63338724360838
8.24642854494599
12.0626534283507
12.2805672629565
10.2925251641082
11.5813411265708
6.16188821522267
3.48511851448412
4.92349870943418
6.00891848089156
12.4470509700089
7.63321522401275
4.62939131502188
11.2266094207289
6.74274144823157
6.45114576692389
4.34578994463607
9.45897461988349
4.47021689053227
8.25144466199708
7.04318813109518
9.89949642456625
9.42613722923658
14.0613568848321
6.50248234400525
9.30687346986624
9.51848371754648
2.89235232639455
7.69830029463647
6.60719962850374
7.53955576437365
7.18936715560528
3.37803217077361
10.7215335734959
3.40825297863876
5.92352332573275
5.39139153206332
7.33801360928147
5.56136011244381
5.08613038169491
4.54084681529778
3.67440517484123
10.9579328968424
6.84356116744053
5.39633604002753
5.82096500509151
8.37293617974006
4.71388966142611
12.6796118088410
2.28055067650337
5.60270959179574
7.60426146709856
10.2215173273101
7.67909163594888
5.97488376340494
6.89638753623954
9.08129506185654
3.96504436136596
3.91328328486451
8.99214646733470
1.87374755719654
4.06461915067083
4.41379693094279
4.70512421408830
1.65972278106918
5.06024624005591
7.44552237925587
7.65675297692175
3.05780183242640
11.6908571597638
8.08113850710406
6.29322380819243
6.45681963043726
7.03593114662160
7.26390850231471
7.39365986572280
4.93334062172885
6.28852296489406
3.92902477803335
8.75473543518021
7.30750339445696
6.56712581347426
7.73644334588576
10.9903461279479
5.46648398698835
6.55933690017520
6.45945519628211
4.27817036360171
7.66260278626003
10.5525425595920
6.59114352141994
5.34292185522117
8.92244981941619
9.06719137715754
4.46779932069470
9.12115516930284
7.75224070405454
12.3544494708910
9.19581978836037
10.2227408509851
8.35390155615925
4.23179581313891
2.03092513402144
4.42612017685919
12.9365410233957
11.5143548121464
5.34870968158948
8.35968808329593
5.57289308348904
7.29207850067455
9.99002192490087
6.45949355653367
8.31027264942011
13.0050773082093
6.06197513633965
8.33775324661266
5.84939123827429
9.27298842067647
7.88376413381324
3.35873511502470
2.56612453516972
6.04729507383260
9.31140191485686
12.9079206299853
8.46304659056655
13.1411886148095
5.19660129145964
5.18689537728495
10.2461167658777
4.96194138872891
2.77903286313782
5.21625556813506
4.23301684499364
8.36288706346803
11.1502480943045
6.42670881380198
7.88554776750075
9.78307313696468
3.05175801776615
5.22030935586197
12.3101317008227
2.93434945771631
6.16959834754257
7.57729529119725
8.82314391357752
3.25242064007717
4.47383796743914
5.34032929883542
10.7271025892363
4.74263196375177
5.72351800051332
6.36202001371420
8.63214076887651
9.43158560635485
2.60426233125620
4.83611898684265
6.74966005579607
4.50249743253675
13.1818092944178
10.2784854791161
7.93486237057707
12.8908221266140
11.6310060957124
8.19315158176998
5.56883703241529
9.33008566038383
11.5469110352899
6.40558089403295
6.90222475265041
13.2103477595255
9.27285037407593
3.33201144636104
4.35918273442396
7.48495383152094
10.5169901117192
5.45174529967239
5.78260872638812
4.75382348536418
4.76112705376878
8.92974296413962
4.79354787692790
7.87758892237974
8.03426843908044
6.40765197946955
8.62382884802336
15.4815457545944
10.0669655755843
15.7989678527080
8.89915934288177
5.93130681721996
5.43391429710260
9.90493481957353
14.6955005559389
5.70399381048051
4.28483398744922
7.64158664660684
9.99263325205123
11.2345710861608
5.72271455484196
7.95544806092026
7.92101830006723
8.47838777775586
2.01314582929305
7.17197780950276
7.70946871386090
9.93117729732483
9.58350346329045
8.90117059436566
5.41687758491920
6.66676012767821
7.26698336489083
8.09625070572794
4.77786811140701
9.27484601252764
6.33832895877139
12.0651189368361
4.00188826167048
4.66235753026299
2.22718068867346
9.19171830181931
9.92093736480581
8.74906416721811
10.6893015442030
8.56701166426194
7.35494095632868
6.84992387475948
6.13404077909497
8.73835618065550
9.53745139816712
7.08909838021091
5.12229277635914
5.46927628152025
7.19093564396178
8.53848504771192
7.08033317153932
7.23529324561210
6.24364124745328
7.06644175165974
4.18479862956391
5.87328979737932
8.02281465103738
2.60058994982927
5.33412982040182
5.93246948074746
7.67950721560960
7.75792935761212
10.4031522069467
15.4565858827233
4.25121094630695
12.5070420121026
5.73308871692214
4.64621252502337
3.16395838051894
10.7603753972619
8.09799009631402
6.48656981901066
3.31729823356297
5.63414317820376
5.19021109589967
4.84954693347739
7.14508353345151
8.82913830766650
4.30309638748657
4.03061236847455
12.2911711248359
6.89798070073627
8.07198304321807
6.55312497424702
13.3925987698430
7.28115360777397
5.78189328183252
3.97346583783427
7.28522067339076
12.7322913644795
5.21476473024922
8.19917779170570
0.848140947071892
4.11114269298694
4.84393972834097
10.5784087470659
5.49996567920201
4.52438213571754
4.90183104257991
12.3946794118928
7.67608585478302
11.0459387079596
3.31032060380864
8.66089040587052
7.77046498303029
6.01386698639070
5.41536153575179
4.92294803487707
8.58643017548620
5.37493182189319
8.70092916480188
6.44308664383772
7.56949505885961
5.67926868620424
9.23720214404773
9.34702552261413
7.09821710431570
7.46978307254635
7.05888552747528
6.50444969386342
7.49474365672369
11.4262581088474
2.10548833397385
6.26539494206071
7.21805049649834
13.4108875832498
6.77483108740727
2.90025542738912
9.56593747470681
8.24404182682257
8.66845774462793
11.9793198308585
6.72835514669819
11.7590947916921
4.63415832363332
4.55073203342056
3.63139665418142
10.0959207473167
4.16185475048085
3.75019067515240
7.91719044512635
13.2999330424480
11.2399508419744
13.2361610514530
5.39053869535318
7.52067707752434
9.88933085501744
7.66007053100688
11.4614679709189
2.71582537362033
8.12742402240710
12.0361948841816
15.0571423698821
9.71089194101139
5.05235920536140
2.93330866301179
3.51557560294186
6.13278119453156
5.06097132969552
8.02182605022074
9.75187957729175
11.0800651377327
4.43513066848092
9.12143709401101
11.1475414018563
8.84695864023903
7.39097643457210
6.81885285564221
5.57276694008461
6.77686359387586
6.25798275051953
6.57495139299721
6.65020805764752
11.0291132809533
7.22889665554156
11.6093678418939
11.0457187983626
6.65676878775281
6.49884344145172
5.50795221566056
4.54757546549807
12.6870159253467
5.85447182864518
6.36443144232853
6.59848134118753
6.88763076082044
11.2018529478118
8.54951522894719
5.19962939160090
3.36006851120628
7.90029041645185
10.2395497867289
9.15773761198693
3.62510802873514
2.78762954154601
11.5420449479284
3.47288894381896
6.45999795975200
10.0537910223806
9.86142456443286
10.3203913719248
9.56769777354741
2.91253526330583
3.31295397645364
5.37865684777343
9.11821464542264
9.67031866248988
4.07115067989383
5.37666692756767
5.66934572415547
7.25042865698298
5.07259310806613
11.5398645383081
3.47586719107621
8.83032205188463
3.94437866843435
11.9936073497510
8.46861720252486
5.26458205117937
5.12270665048273
7.34718097553749
6.99186204740912
4.99600557186439
9.78634756548632
7.13417494636913
3.47343096299610
8.15338877829335
8.66090154178536
7.81806502493424
9.78311503317833
14.2051993108897
4.39116208878698
3.52023540548072
9.89889583509696
7.05772329254271
11.7094969755323
9.94996724919232
2.07867903727343
9.55568383024993
6.19987619634457
5.57908584088828
4.91044145738446
6.28542334294198
5.02839651380040
7.04784560685746
5.86216237513940
8.66485740923646
6.12989517137936
8.79173239697388
6.39199070243379
5.57839176196868
8.97409447869255
4.26022363858988
6.48307372625053
6.02270669291641
13.0712146526977
10.6531934231009
10.3706664149417
9.24226684585551
7.11735740954639
5.80566322654010
9.21855891375653
4.91965233527736
8.32435815543757
11.1668097755133
8.00207200391224
5.23576675091624
7.91483753686075
4.85356906719169
9.42612966916963
8.91879525794914
11.1692566185042
5.58831688256849
13.0100922029169
5.94844913822082
4.55367742559791
13.4785481948502
8.17306204509056
11.2749962612145
5.97826115689170
3.89034233198057
4.07197257603732
4.66862295339814
6.94768237703049
7.45385620618616
12.2556473196686
9.29203378868157
6.57257662792911
4.88359162198284
3.74970867701746
9.65157931221622
7.01434500346255
8.39958119754193
8.23820176616232
11.8731215240487
6.41637494306559
5.43354386105422
3.67441083425630
11.6185662456684
4.91612824775759
5.37841002714557
7.91125117664709
4.49270375352081
12.9125136007673
8.64153229591257
2.90089664091105
4.83346560832909
8.75808709815676
9.99512305809188
8.00886619613538
5.42406950637619
7.08937237366609
8.39441309919877
7.29890940278752
6.30418690707216
6.18658776658022
13.9143979528724
9.07932345854580
10.2134686884525
11.2816399159165
7.81899088182100
4.48824448937444
11.3820270439847
6.39098505318233
6.66603018012377
10.9590602781443
3.71426896845126
7.01072987242413
10.7762994855470
9.36789781471276
7.63169118125963
9.33860423510923
11.0264162651516
9.67143394280289
3.90986108076745
5.84770250696801
5.64705698048993
11.7379094351422
9.17756686402229
6.21311210373674
6.18292724039350
11.3478762454204
3.90190526185606
8.97000479019939
5.12822020811315
9.16283555035776
6.83791744977958
9.34962196181749
3.97203062830588
4.23718571813887
12.6797385477935
10.5568165746166
8.48861444877785
6.33305294072298
11.7912033910878
3.38369318551254
8.16554657447987
9.21231352078293
6.72785195221328
6.85310342176448
9.69886240014261
9.58574677700699
5.93350863654887
9.77623761630721
4.19911268509193
10.3404652339680
10.3644228597707
9.80258093616166
9.83571461194356
13.1702050227018
12.3174149674353
4.44767168752371
6.29917795986112
8.63764438547918
12.9979487000834
6.11438683549839
3.29833894862247
8.33098160122803
6.18417180207665
6.98674169058081
9.94426497685978
5.88017209357005
11.6823626129307
7.29469317106621
5.17700770125948
8.35942246395647
4.18569655613018
5.49406890860499
3.74558613036731
7.91342146119490
11.7766359468611
5.72696592010115
4.54591254715706
6.11569478473215
3.84182570531251
9.03012820174775
6.03990933263075
8.49383442066679
6.55881376501117
4.31071038230359
7.08771496574177
4.00635545851838
5.32450041017080
5.93241355520669
8.20379497988394
6.23562831688997
6.80427958265238
10.2952099926809
5.75637864189805
10.4898357674703
6.84503553667912
6.50623376462912
10.7668660941799
1.89493233623262
5.44833069342344
7.82197061472363
11.0253574542053
10.6133116982036
15.3120443780084
8.22380684062168
1.88229067627718
4.59877924018972
3.45959560509606
8.88073458954832
6.75331320006706
5.72208918053538
4.43836268346786
5.54795154048771
8.06267611518657
6.75587659831054
8.21531939001765
3.40764260743406
7.30407681983151
11.4944243731298
13.4883640738972
9.04130401186687
11.2215302383409
6.85177113745052
6.17809484829264
10.3301066517050
4.60465114530949
10.9738778141152
9.28518215545608
12.0407363188470
8.03956289249863
15.2291345658117
10.8039127504807
4.88223836809511
7.29145630983777
5.73475141777121
7.94511868319159
11.0284996930679
12.7289144530278
5.39323163181121
9.84830011478631
7.83887664783673
8.25125242697132
7.29203343904154
4.58921805321996
7.80009081319570
11.6665424286118
15.3679452972738
6.10245002390024
7.95183620143172
8.08381126613332
13.0033806100568
6.09451835868922
9.65569731330161
3.69245875223665
6.13801654850327
8.79640581032959
4.98467440341895
7.27842115983954
7.76283883012523
9.16112445578598
11.7922154127204
12.4838564608097
8.25672901093405
8.76513607369560
14.0113324370846
5.72303667907169
3.26653813539656
6.49418251129424
8.12909659510207
10.2769129859117
5.18419737279552
13.2776441803507
8.97666063916649
3.83729752951215
10.8885252206164
9.02811957893780
7.22720475404564
10.6871409559526
14.9795226310754
7.90611717342969
7.66362182420297
10.0665116991880
4.99378821906777
2.99946911504353
6.20959130780762
12.4502664487994
5.41417551433273
9.07743321523662
6.37483913600963
5.03744787820182
4.56376223485722
4.80219395615171
11.3578102094867
9.79553609610010
7.30049003328544
7.45357060072554
8.38945466046513
9.80991508882722
7.06435720713498
8.62422187736378
9.90857078543620
1.40043348289021
4.88417069154018
6.52836806916744
3.57604313312913
5.75846761075375
6.68556959503078
12.3086030348696
6.65094692581440
5.32283856911601
5.15435692982160
2.15802513655425
8.75185673116854
5.91662561506979
4.05629743238831
6.74211485900381
7.68284884710743
5.46062837374052
8.65340528924885
2.98748550639162
4.29249809395415
8.18621162619804
5.52458101959778
5.95048248295884
7.63994746340575
8.45968011097347
7.15611224129415
10.2780032042999
6.44990824508380
7.01442510973636
4.36316702063994
8.38085674200437
3.57981481923297
7.91195082460072
10.0112395033832
7.97453401775928
8.16273533823491
3.63604749418926
5.65980651082703
10.4689791240598
2.64718499731318
6.37952148839551
6.74601010523999
6.10716958634685
5.76908646126923
4.74425421426803
11.4365445042919
7.59336166026616
11.6427701725320
7.92166897882006
6.73602905064408
5.77646614029720
8.09237846356682
2.90505529551504
5.34764665717547
8.18900255301584
6.49238132092724
12.3300982073299
10.4403531608658
9.62165626191770
4.83380349828166
4.62481015934708
9.91267525958558
4.77660951621545
11.6419023900735
12.9410471303523
11.0168500098712
7.45615853267619
9.93338416754330
6.38057077406873
5.29455017942034
7.78878703393539
5.89595034802703
8.06039927556943
4.10301096653676
7.38635193408086
9.07732106428433
4.22514549453625
11.4986491215664
2.53183277791011
7.16275203775756
1.69551852616604
6.67302992425480
10.9299779979559
7.84334568345040
7.48363106881278
5.58540690504282
9.71429623081364
4.68182765628179
4.90209608516602
4.74502449519494
5.51413122984936
7.28920658314058
13.4938368679334
13.3678575532357
5.43498084817233
4.68578246827571
12.0386992468622
8.25737905386836
11.7955779214077
9.38147978419716
3.73568165072989
6.96817789671188
2.74321491137680
7.17364610588646
13.5593738220675
9.97935910016269
5.36224072939662
2.72593221199647
15.1522640070189
3.96683237705149
9.91224860917037
5.20002558805243
3.51598814412108
6.71914956374689
3.98257543091151
12.0039543563777
10.1314424752352
1.29235360490076
4.27779362375150
6.99634476676214
6.56508649764800
6.29796070779264
5.54285373818397
6.00443363857908
8.85373727981580
4.05443005780097
7.78850473020977
5.37003821642723
5.64526527388218
14.3020276348670
6.87933041021436
9.60446126183036
4.76460666473110
7.82905714949125
6.52152298930242
10.1922910015364
9.08824763198913
7.64366351758108
10.7121513049434
7.71455698339186
8.45441110695476
4.85736221214766
11.5080102976144
10.5665506235668
8.78727439041823
5.98591092984184
2.38197912355587
7.38317745283154
10.3751510378211
2.33928671821134
6.09366598116438
12.2367324913966
10.2619307954254
10.5426471165927
7.08449696467576
6.04294173247600
8.91373386914822
9.75545023064031
10.0154113335399
10.5629443210688
13.7531667526697
9.16405300805817
6.61102836251668
13.0174395704378
7.08543851077687
5.96657210518736
11.8044068338905
6.59123292715407
12.4468774893505
4.73374104593819
9.66621528727765
2.19335288770411
4.41831122262794
6.59199962740442
7.09691225357197
9.14144197268680
10.2313582275131
7.96365265641967
12.5595477279240
4.42365091588385
6.32413176728632
12.9414224153491
7.77766220467307
9.41127320079489
4.41284064520803
9.94892546877802
4.65713984741708
3.78601669061298
9.93830617019319
11.2561680580496
9.18657690002103
5.53724478856588
7.66103384362717
7.73025248684673
3.73719454270178
9.68797960928903
4.57140141996959
5.60538877822047
9.54479503451489
9.81502097996739
6.98868769727193
8.97136973599907
6.59006808730380
9.99807451250489
2.99332361992485
9.27587750296435
5.04705358239835
11.1795461776228
4.16731709211094
9.81814644013828
6.35530399844067
15.6620201940905
6.50791001109419
9.00600026673328
11.3088932535417
8.66230233815468
6.15216856775723
11.5673800007824
2.82581075626536
14.7109152028009
7.31602482978290
4.61259744720911
8.03433306026704
6.08535396324125
8.33131809257095
9.45045685350714
5.43963512530023
10.0238181946283
8.83679473621516
6.80156826989188
3.08693785496242
7.09784442461935
8.22135856938499
6.05503254987122
12.5527238256006
11.2304245990771
7.25825100491847
16.9144652833189
9.41683419148920
5.90215126454753
3.03948315323510
7.07982461650005
6.60028866111172
4.45648901186797
10.8246354239947
10.7067175118287
13.3413057501918
6.52271075244028
6.25420326020829
8.44897442652066
7.30735316984885
10.3064088920438
12.5178201049544
5.26025585404360
10.4487240163572
5.46129056801678
2.56513767096427
2.36180976371934
8.65920140602469
7.57387853913700
7.23292947359506
5.27218064016210
7.35584312842519
8.16385585615033
3.94930482616878
8.30406457246089
2.29562926013762
8.42076765009580
5.26994593771132
8.43874769086030
7.00543230635341
7.65303500363745
9.66695600952027
6.81818227797556
5.50154142272873
9.87166260768671
5.05034270433839
5.20019302742696
4.97939936136880
9.02619575790377
4.33631902872702
10.1578419275790
10.1279217372865
10.1636074220180
9.82460809358317
11.0051646852749
8.55081132799689
4.51214797839122
1.66599208377471
2.20305058546099
7.15020463343533
7.26761174582820
8.40523617455214
10.8177609521795
5.17396330678910
1.69621401361974
5.29103214151077
8.08806596953808
4.00054839052098
5.10995904680263
7.41814917256319
10.3751459640472
11.5840396710301
10.8192919722133
9.39177592159225
9.62255109313534
3.29038892837914
4.19454455692153
4.67644655011687
9.39689668497531
11.9234056921670
7.41516689135242
4.29347688449583
5.11345196911049
2.33733790935329
7.17217292108884
3.32547208710282
8.85989661048593
9.89811293015492
7.09361592014256
3.86865301126891
3.41695729711816
6.42618182606126
5.91112958993668
12.6059836909342
6.42272985994273
14.7493464801604
7.76127931552525
4.76566256880404
5.70939975566609
10.2555206342009
8.80775328845450
10.3345134962900
6.76868245820410
11.5323140774087
6.68805642252666
8.50379974129213
6.54589172611341
7.90530990733197
6.87901302295613
6.63473813759066
5.33256462247763
3.84558793815718
4.17609431885824
4.44356411566211
6.87999405959046
7.10542977236423
11.1809399421739
12.5195129162440
5.73792119831738
10.5960580496758
8.05253490953625
6.59708461538125
10.0825282623160
5.23823610313624
7.46872075325487
10.0923413739181
8.52912019296832
6.04356718721650
10.4694949032893
4.80791103487783
1.95315229052934
7.81252553467827
6.56133472549603
9.26880191772378
4.39055321627013
8.38469250444523
13.6734452507077
5.54615221269665
9.61801550009148
6.92025832263507
3.33428053558785
3.50091706414191
11.5665163333650
7.49455920051340
10.8582717079699
5.50464476947423
6.10367072997881
13.0074364099926
8.16695916482996
6.30408116511836
12.6287759604801
7.79935996300337
11.5029962816172
7.80270985619739
4.95281200354910
4.58678150951187
10.7111563018238
5.00406286431336
6.63324565729327
7.13698992001530
8.79791326280272
4.97409296354622
5.55403660953004
4.85838326297957
8.66962494315066
7.13465064666799
5.50447883580194
4.26412267793740
13.3850637626311
10.3822426055742
8.83776555563679
10.7739751995575
7.44368773240791
4.74699147730434
5.97295091809735
8.99029453260014
6.27173912040353
5.02594884916271
7.59206394137983
11.1514025439673
2.63855593459756
10.1553859059816
9.38956677284229
6.04044166100460
5.97232332785994
4.54489835354983
6.00994985021506
1.33200877489602
8.23224016411086
12.5430159869945
12.7621770468992
4.54520414833042
8.84696007790246
7.74061856636794
3.72360573052519
4.28921910025590
9.73148018032200
10.9375302112680
9.30644441301296
12.0766465234859
4.30674866459607
7.87371056602920
7.31489958167574
10.5567267662805
4.53111689618575
8.22100034195961
2.90922280791623
4.43026178120436
6.46765643258824
9.21498984318485
11.1852701125185
9.11376198778528
2.64995064293659
8.41106427404404
7.71844908154482
0.943935863764057
9.73314027947816
3.53187265625475
2.98533568805922
9.49978180178892
7.45908972160813
5.84205942948204
7.10242790811705
8.98086742414117
4.40606920640155
5.89819861822235
1.70061351576423
5.28967663893550
10.5234792137819
8.57498281164458
5.44627471396733
4.12556574908218
10.1866594999342
6.86665569618865
2.41270761386456
8.72652424909253
9.58008008987399
8.96960893549435
7.45333106335684
4.54252822323648
5.93493109311304
7.92631592923220
6.33959476544045
4.90536107335637
7.46731915235722
5.60335065228833
8.37543903685054
8.86457649887461
8.83967772036967
5.49674820023621
6.41091590102381
5.72892447410506
10.2906538401773
6.10075729315631
11.0825481447183
7.78904664968056
3.18634407118880
4.03120400128795
13.5397972782055
10.6851270560345
2.03376032265358
5.29885602842727
13.4889313249790
6.82978209885206
5.35509231759827
14.4065525107987
10.9153711235853
6.51167160388944
6.97088342392842
3.81783449017896
8.22210225064125
1.93829111345536
5.97357376977133
0.999907225696465
7.65940673391876
11.4946693428359
1.89323439911702
10.9121428239370
7.67819892552934
1.83262071362298
6.60099743069182
12.8414858653078
13.0897005772554
6.54976039402969
8.53280517030595
8.22997071962963
7.25125397286538
4.73748534456836
1.83893448866456
5.65811252009007
2.90671563755384
5.55526991851881
8.00707124546798
5.14421636116532
3.60152878700143
5.82565439156838
6.65251439672250
13.5658805796012
8.20465235865975
4.63577732676797
2.27130086734453
3.27256894260458
3.63014859337741
8.95828315371869
9.10388400684015
10.9625074460941
5.38478359703526
2.62871378170009
7.74677734820695
11.0115513216803
3.22966456035685
7.49648399275287
8.05443680588532
7.00460899068606
11.8671213643621
5.91146480072883
7.93587594104142
4.76120153007620
2.84353085089647
4.75580135990771
7.00671044757096
6.08507529172811
13.3665023809522
4.77923184792284
8.23832123069378
5.48121555150863
10.1264695414987
4.92226522407113
11.6126878012801
6.78643038586561
11.4674381053486
8.70408846789255
2.68852640407343
7.96363232687195
11.0106660044070
6.76837599059036
10.1404036133923
4.27347152282544
9.74903867312054
9.00764969845075
6.59635035000416
11.1436329760043
2.80603799020969
1.36962603136769
3.07171360352817
4.98863659329881
7.35404408879903
14.1112044256647
8.84322310214262
2.48933881984755
11.3239077843119
5.92712327271839
5.97294602956498
9.35781949548078
5.38350097984573
8.84241969429183
9.32591926922832
5.04343104840346
12.5833519889335
5.33714414533653
5.03487186256016
2.38275817875000
8.08751774341176
9.45254646161023
6.57638149945697
6.97454224971073
8.83365770052248
9.43230872417247
6.77683559588102
12.7375611484303
10.6846994702706
7.11813556025030
14.1182651841309
5.34093732481481
13.7706780156244
5.77248282284148
7.43155814146670
12.9588865177530
4.33796928563631
6.28321927505320
9.50140886290028
5.48117881937818
7.60165143744437
6.96564839104013
7.02907900866109
4.78974047939968
4.61870984502166
13.3477925261071
6.57880228640442
3.03544244221497
9.28257515401842
3.42047148942949
9.65645576244721
7.03293621675186
2.97050344325672
5.31441272484553
8.88864108860854
8.09628865283347
8.08597131394862
13.3342607091657
2.05302281282990
3.05065740783851
7.18695098842340
7.19588352462712
10.1915658056061
6.69273229203888
9.77723493683158
14.1085653117565
11.1244408893211
4.24473394454823
10.3796024639675
7.74976799542412
8.83920948388486
13.0558296906018
13.9277953829887
6.92823716132755
8.43503939074382
3.50609838475763
5.84492601753042
8.71421886975534
2.96608720883254
10.5749379007586
9.56768426788844
13.3787420324184
10.0751883687800
5.92459427756028
5.48107760139373
4.72861334959839
10.1939198143845
9.83154111622384
12.1742309431397
7.59512840395078
7.83202387828332
7.31507474016336
12.9550282133849
12.1764361473298
7.57292443815465
8.52212094983074
2.63015814923742
4.92961776712962
8.97515207597620
6.66502963628070
6.13464260756077
15.6054424527759
5.82931365857080
10.2002716371918
3.55556433073570
10.0144970200405
12.5768719049253
10.5699090538566
13.8393051421992
4.56788580636601
5.34474544950459
9.84181264430491
1.94994358579011
11.2025701979680
8.62650032747927
8.22046688116922
6.63680635030133
6.29192407614714
8.88968080129427
5.69527503259500
2.23323910663413
7.14567916898737
7.22382965946042
11.2654169582888
5.82130147217957
6.18098636300065
7.13502371144624
7.70100740682672
4.69438466826058
10.1124103229645
6.75230304266625
7.20484408826624
6.01767771320465
7.21692424358300
6.15699469404514
5.33480893156672
5.88822276074029
6.63526717321917
6.38740676930004
12.2800958387710
9.69862559077316
12.7014528472140
2.94081136812615
6.83387852632018
10.6144657761189
3.66028058816534
10.2071132675404
8.37872063623082
6.01341684802409
8.36657322274777
5.04207906919358
3.22975359586455
8.69149508816521
9.69491315001842
9.39518117134524
9.76901966283721
4.49922394752695
3.80142054763742
10.1210294289464
6.45259797445959
5.72925483898212
8.75092290477981
10.0143401440335
8.25315912484426
8.86014548599040
3.37722951248505
6.60714704619172
6.38654100727459
8.25925248312461
5.14082712606639
9.20664812133601
10.0176908037731
10.1375334248524
7.66385287828518
4.20401064091185
10.2151340807469
9.01994056992617
11.5560017908444
5.92406694314809
11.8404116317804
10.4284240907514
6.05804022848974
12.0302472767604
8.76480211920954
8.30503559387917
3.70778152802994
10.3193481422036
6.12433057831630
11.8305966493664
8.20326210601612
4.36010254697020
7.95778423384298
6.48346560027891
10.9784849958489
7.77088000859851
7.35226963664962
4.75741203702181
7.14032389103604
7.82892038661781
13.1477825545185
5.20891837236868
9.97158709233389
13.9459234217781
7.07236958052957
9.58567955128899
6.97272728364132
10.2187166909549
6.67076098676155
6.39886903210247
5.38374772875736
5.88069700120658
2.43225610904773
11.4765210911190
8.99710835940637
6.92501771044667
5.19409341752726
2.27850576709584
7.08322226250172
10.9590325389607
4.71216145203027
8.47209393302506
8.22694872920088
11.9816338072068
7.98587450154333
8.58326374003975
10.9018096887627
4.35478512905011
10.9554522918956
7.24355705220163
9.22453545551210
6.58158189191626
5.92772938822278
8.14211019576621
8.36416416699840
9.05524939621212
6.08325669111537
11.5911756693788
9.84119023058187
8.23692847654391
6.27284986190488
10.0449465545666
9.08475056636361
5.88423962674023
5.75306223588794
6.01394904850224
10.2045415639998
4.04735406160618
7.00723332992416
3.72153333001331
5.17051705248131
4.98610082430149
9.84772148278474
5.80901506030928
7.74932153257103
9.78813095999435
5.90518877209696
4.92405309577385
8.54288471721350
5.66175473065551
7.62382812198701
7.88634525255520
6.82517701168988
3.76706939590977
6.64434316169777
6.16614877293761
8.80962328990292
5.91505248074774
6.78616601934406
8.08169996935601
9.91775737254123
6.30404968968361
8.79026916823370
5.05348935489133
7.85196875738875
16.5115393646292
7.33267944913045
11.4600342861791
9.02998297712909
4.31289031740896
4.13019638872972
8.48715616328579
5.95989054246804
3.37563777267067
8.49437567217274
10.5170819817096
10.1628488307474
10.6260693751547
7.09526033504762
6.79346160068635
10.9619143048511
9.23170246270968
2.27057357953888
9.39272773402913
6.37625807824620
9.20148229947763
13.2755406834387
4.02528431230640
10.5883646319911
0.892267482316819
1.92731306081809
6.34010432462558
9.96092783077962
7.85681949773571
5.02285525274221
8.72644096401276
6.12056356715621
6.46427571566220
5.43439465810130
2.48354893851520
8.48179330684260
10.5208809563601
8.90573735759145
6.60097018220807
8.63306814735642
10.1616630277726
6.90319431571240
5.83841907901191
5.45338827244127
4.85341603801899
8.65679758941492
9.35371750963220
4.89286488981660
11.9147104112353
15.2551934714051
11.2403735282343
10.8517440579844
2.30921142817197
6.65531407147701
14.3301393221036
1.82704102307529
2.39412802915801
11.7869546414670
8.65971800349180
7.31843182535712
5.22730511544907
5.37158320330236
11.8523143432032
6.49377989664725
10.5556286504452
5.75207713599366
10.0620808119693
8.39089954153308
2.10302887638282
5.37669326631156
6.22000160450140
3.31511494521683
9.00319068566250
4.48420724431866
10.8190201192160
5.61163174165946
2.70943338910555
6.63277365092463
12.3628483040924
7.77883717081158
10.1408807990036
8.20272847045421
10.5744560456489
6.91403103033245
11.5936024578213
11.7475296020440
8.91966501918093
4.41380589316068
13.4983635421113
5.66623424793752
5.20671501140594
9.25440606143905
9.29013860983784
11.8648793697197
10.1087830614966
3.40486714131404
5.74455322718834
3.80052329891556
9.66493792064905
6.66048921839830
5.98236705848947
10.0765661189514
5.59945519743850
12.0745675081967
12.3371989239859
7.21402526610491
8.27710938069566
7.81660516272889
10.9327254903615
11.8533629415622
4.10751868407193
8.48298459743974
2.56600284294464
10.9393064263691
6.88497182839037
9.35672084119217
11.7299332358543
12.4359703220979
6.56536981874593
12.0911348011673
6.17027118698198
9.43465180385583
8.61741088975685
8.98812380255190
3.86010680292657
2.06938112729386
9.94468170310865
8.02406106968286
11.3086308600997
9.25578697410436
3.28679805860692
8.31024583150222
10.0934244758655
7.02413693340157
8.46523409741869
10.8622102334838
7.00265058519986
6.85515841173638
7.82912920370848
11.3711468977408
7.37579713845222
9.65820686255994
7.09573530625262
12.1267715101753
6.39211017865493
7.21764887121146
5.96678124207684
9.81554533953157
9.52382493599079
9.91068284680727
4.92187496895238
3.70688827589935
14.3583799037357
7.20725991358165
8.56395622011229
3.97480449099072
2.76953778995702
6.12233787453779
11.7111652490262
9.30460973174050
10.2391934615769
5.82747933243868
7.05903056220895
1.72962211479849
6.52305176126175
6.75248588373200
3.60307454030485
2.88884136289966
3.91304415835561
8.16899698288596
7.48296862080819
7.69332319742255
8.54345539846730
8.83282473277943
12.4571962280483
8.45106013009610
5.52462466598410
10.6221862914374
3.31522612200133
4.38711506231601
3.67430824101626
6.19419586084425
7.18429010149924
3.05464573068629
10.2176013770356
7.30311414945707
8.39971225650590
11.8048236167682
10.0293342175538
5.12607317154174
6.45970230435583
8.27380674454631
9.55468600714320
5.59737165524141
6.16696280027697
6.80729992082764
12.6409405559871
11.6286507447296
4.60721672704899
8.88643541697119
4.07270726421628
8.29051348576191
11.2985734448381
5.95851846958621
8.56814351907109
3.56370138339340
7.38193385367277
4.91083591442434
6.38543492818618
8.17801038089339
10.3859395617344
10.0818189777440
5.96868613620284
3.49337881661866
5.62544658938293
4.74041439855209
7.62224568935560
9.40266214823228
5.01342052416311
8.68853954010684
11.7376102393119
4.95366878485027
5.46296458675141
11.9404736011600
4.36344016688668
6.59226054096772
2.63092185602310
0.987576336290013
5.81052821926716
4.30057970743480
11.1565273938623
9.02820346746793
5.23260144287715
12.7093101871187
7.07135058528426
8.00155084848556
8.08876218095204
4.03957926181676
12.4441206214019
10.3966897544218
11.2171470766858
7.97039899914678
6.13731340897628
8.44855807044019
6.16628612132132
10.8911073348856
8.01153192654189
6.37073869142347
2.65544929767073
4.22703955978649
5.94800597239108
6.65671412410056
6.84605467283814
5.22980916529552
5.62963720941234
3.71076062283732
16.6746174233084
12.4012348816600
4.93792537433486
6.06216245988179
10.0395441239742
8.54164073290372
6.13306597551339
4.81455534370517
5.85276144738533
6.71127843335382
5.80353371559087
10.3494541706314
5.15890358429967
5.87329972875291
7.25182042386600
9.21393051860062
8.73529674023728
5.03388109712575
7.43182077625665
4.35246755415821
12.1337912612835
6.63898289980634
11.6496449984538
8.30259766781457
5.15850743999657
10.8731078611315
9.24753896494089
8.16969738127429
6.10425523221302
4.92266179527905
9.17651451502693
3.37584209152324
4.04900138429218
7.28067918724620
4.26185265582939
7.72175493071362
11.2068744679326
6.87463504922261
4.84742386634386
2.36993572275706
7.86212057590063
11.3531535627067
4.15651440757758
7.01975514718433
4.54334238199148
10.5443519886241
12.4285029572189
5.95627900118858
8.11065370361723
12.3519110142722
4.49699751500932
4.99109650302416
8.02261692903881
8.21593422624597
5.89454420257411
1.92150148061353
4.31407857832933
5.39570501560269
7.21132612606031
8.85691494156402
11.1321452498294
5.45029064270889
2.18342745471426
7.05519322626957
5.52739995563918
9.93795914008505
7.09642745189437
9.04016917054653
9.08047522378648
6.51841507423392
3.14077380592745
6.49779318384327
7.76935410507205
11.4248365170196
4.68649715352522
9.19357769423851
8.08514692648810
6.20914322031631
5.46701666450725
9.44541200928393
4.22234306872381
5.78222364579579
2.31122381728815
3.05930086784546
3.52852832149609
3.53802110932086
7.99731480958453
9.72431327285377
4.22049459940420
4.27899873078972
13.9745256026815
6.77358910272095
7.51828288923076
5.79642423050625
13.2661048816147
4.32790352624501
9.45609672683206
8.67901770997156
2.95066278995076
9.29153663112835
2.80924682432854
9.80627744508588
6.22553134574873
8.18002619519645
7.51106275503008
9.70398597402634
9.17553636252399
8.49793575718833
7.18482499475283
5.37908167624363
9.02860633431317
11.8302351663016
4.50046943773647
8.66392520339367
3.98137090208887
6.07991076543069
10.5191888555202
10.4530456562860
5.48116765753430
8.19434839862206
6.98783282069627
5.21961344258366
7.07000972135117
7.43185136961175
5.99816893264103
5.92666980436738
10.0455116903023
10.5616820275750
4.81817968739233
3.47046578141897
8.74189089648801
12.4374423359387
10.3372857457845
9.73704274869942
11.9795151103916
5.43896015216144
10.2575523713018
6.91463381242998
12.5309258005943
2.98325540448685
3.10381737220475
7.15634488764341
6.06204772209028
8.07311828787366
7.28522507957030
6.00957476865044
6.80964145415161
7.05170756473211
5.26190333648386
6.88883255436653
8.90102380554619
2.74849219391287
5.08565593237490
2.79858644468953
4.61659771125880
6.46599624354979
5.43938745632263
9.61897099842286
9.11976193165151
7.29260385309726
5.53347754129355
5.69763601066267
6.59504402259758
6.84265433293250
7.45334043634128
9.62389419564139
11.6217059801907
9.75273895703663
8.94509743927365
10.0977391045768
6.60957028784777
4.62056759458186
8.46603444476811
6.32015501282999
3.71626311534853
7.46625022685417
7.30644241901625
6.67233766156959
2.65767146389466
10.2670110664448
6.69351339451114
7.21499607415001
11.4925328918389
8.13592304351510
8.60292127651997
5.30166491774047
8.99679679497098
12.0084322689558
6.69038826258237
5.54450691654362
5.18234647803483
8.56622467312760
1.12316882524400
4.72897251948031
5.65245724088206
8.82369354465578
8.58222293056991
6.94714656646951
8.76382035986589
8.36019336199827
8.70646187282182
2.95157463642714
9.70041010009370
9.53113375050419
10.8744687893248
8.54613452253123
2.51956715546540
9.31980170872750
1.32464444286004
4.29825355347960
4.49498408117314
6.91787953274701
4.93859264770845
7.59003582863744
7.85280960640840
14.6498141675074
3.59015670131542
9.75661238647923
12.6034373251903
10.5415238414567
9.32310381976410
5.48385619712990
5.61912375375378
3.51427610789192
10.5097896192074
11.1196013170437
7.78328083114056
11.1777225972020
11.8821699386097
2.88228821110173
10.3780589642958
4.21782013349313
6.66300221753678
7.56552698891492
3.95962811637659
7.36599049190942
8.47310608058816
2.95891213117254
2.52560992467166
4.77850722654052
10.7862477545669
8.55408600230908
5.69188500843964
7.49074569962164
7.32765439526183
7.05943932416732
9.15305072694345
8.46076552055717
10.0140110974574
13.4547612893026
4.67206249876861
15.0070330644035
5.40681821773213
10.1909085125959
7.18458858181872
10.8521033191727
6.89255308358231
8.66685436995454
7.99721255938592
6.34081997635164
6.83936147649033
8.18506056972091
10.5228882208308
6.29178098553979
5.63625688733223
5.61428243414953
15.6469483673335
7.05614103039338
11.7021327974861
8.85594137119256
12.8976841940714
10.2358509539803
2.39859243098948
7.72941124083847
3.43420630277216
5.03696415974940
7.01116082168110
6.83316354333774
9.32555915125735
4.69999925728718
7.47473511831022
11.5083106757682
10.2899715687459
4.19162570850500
14.1276066147101
10.4708470725916
3.74959803687928
11.9556731629800
8.04675036584334
9.43566068601452
5.77796013399193
7.81794350404888
9.13160318742005
8.09197271034078
5.43219851809560
4.03680752208971
9.82885606263516
7.85629729198176
12.5232998451526
8.72531837642616
1.66671258770072
12.5457433295122
5.49849108483409
7.61174349738613
5.95084563906677
5.18748647419923
4.04035389291582
9.49024248746574
4.55507693240191
8.39109043820289
4.58493564060609
6.89096634732749
11.6280952720626
9.13199211234876
3.73822020218178
5.34088074665593
7.82087025252944
10.3555546920481
7.54640682046760
9.67944530078558
5.36295856127940
13.5667520945730
4.54181643288233
5.09262720053216
3.19889717341477
3.76162204507577
3.54653425683441
6.81129941159541
8.58856996816117
6.49123120062750
10.1052010179709
10.1671378922684
2.64922088358068
5.23420481456935
1.68479902730266
3.41299827966555
8.64936971833786
6.56093690374324
5.21511926038130
10.1720257146745
9.40924817931804
8.45329357325297
1.28261205159627
7.76207121907548
10.5392946827575
2.78172732128798
3.53128295524446
12.2669413026475
7.02003358966323
6.13988477579995
4.06689992904915
14.6911740279666
4.38488311702832
13.5299077709347
4.24507231269386
7.34761562685474
4.04067724769004
10.9915252473940
12.9533520779025
5.44942125367456
8.18388103536458
6.42286901673232
7.66941792733321
9.44509314564976
8.82021042187203
6.61509732476401
5.16529633709432
9.40007308291271
6.03408729555680
5.09563982566468
7.84193458848006
7.99164842282867
10.8731573510181
10.2066575835040
5.66974856938119
8.39278139805869
5.68574496652813
9.99254622756382
6.87478188890382
9.08361709651502
9.54491980584436
4.42780844888304
8.03805192008611
8.42214355493897
8.27385635420389
7.42646623704706
11.6008894040974
4.38611665713533
3.79233455934467
2.90521000254715
6.80638884431384
3.66479105985593
13.5361770121552
9.87196304895840
6.81658386316783
4.38926389301213
9.25136539498900
5.72070354589364
8.30759598082382
13.5783361723151
4.46853786108298
4.86621834487520
7.27205431910406
6.20362437773275
4.59546436153084
8.05860772652447
2.72669896394890
5.49906582744742
9.99306313099242
4.48620675288155
10.4505223146980
5.15521511528860
7.78180394228099
5.97523938823922
7.07667875207007
7.22056167205848
6.95861382891737
5.37158609303621
9.86305945293346
8.48896133781984
4.36315018439842
9.91156022632159
4.77221191901617
9.76880257524432
4.74734225929625
9.65403597054848
3.95819478193141
2.66340675083623
10.1075541780195
5.93150088024945
8.43708830332479
4.93961027142831
6.56039693997246
12.8923104077586
6.74487805396806
12.3558279584980
0.897315054147652
7.16067738876707
11.4371085550676
5.24767380160962
4.32255285334951
10.6167216425034
6.30994186699846
6.67081917440430
8.36954351429091
7.76095712566433
5.61282913066129
11.0670968419003
6.55136466574713
6.94614333452024
9.53808391554614
6.74884642957595
4.33555781190841
9.36525035813400
8.06364605850852
13.3204455000574
10.6982207543165
10.5127937382077
8.54382098487556
12.3709179632071
12.9847225201080
8.58264574708755
7.20198161336059
4.16173452513492
5.21573195715616
10.5074266921069
5.74396740986576
8.78362563291492
9.13108605711829
7.70491651784106
4.34169040927609
3.58158807805979
13.2455200741836
10.5555944257109
2.47040241256359
8.64098790243338
6.09787226543194
10.1729112912676
8.50845798779074
8.85437592606052
7.23733907499158
5.44051720427388
5.90733720215801
6.13759696786943
10.3142118992437
7.90837604758398
9.41279498820621
8.24181771577120
3.26714527748614
7.00038554167554
7.91288314080273
11.1997560696696
5.75482816554066
7.73976193513082
6.46275091576335
13.0979560798622
3.11925744386785
12.2123001469830
12.5907358402219
5.58826897885203
6.19202219049641
5.24211539075591
8.29501021686286
8.87163515302563
8.45137524962654
12.9799206777237
10.3311756204655
11.6479125872407
10.3067012482171
6.50727910420323
5.86413478912277
2.52248915670613
8.36055982993962
8.67511120083772
13.1112844138170
3.13191325710020
9.13241322323952
4.08505825985383
7.74244535580329
5.99340316514749
10.3995617003795
4.99100442796838
8.44889473185694
7.32438846047914
10.7894959896188
4.38581514772340
4.63218907429306
6.38372447243770
5.93638333162541
7.14942423234906
4.44495945313341
3.94555296758262
16.2822674188824
3.26846389793432
8.21917844191254
6.20141783223804
9.11299076294934
10.1841977239250
6.84322546830075
7.10915904239031
9.40726180245878
8.29899821966483
10.0634934361831
9.78150538251143
7.85485037110829
4.68809240781365
9.07502788537760
7.78374350104113
13.8687578841798
4.79990972869793
4.70514166630506
7.45544545046773
4.90232205388793
4.66454898016947
4.84283652594221
12.2466748256006
7.93577821600377
8.04805313573205
9.71511372145998
7.94938567776505
10.9498483015793
3.05986001967410
2.27094143913928
2.47974520685090
10.9173266007663
5.91367566547237
6.94022320696532
4.09770285037849
13.9637269942519
4.25334759219136
6.48550073571039
5.11964378535265
10.6381438060594
4.87037441439567
10.4512566393951
4.00109862767715
6.25498089605396
10.7925474466875
5.84914732674773
6.35109751857110
7.71194072785833
4.37507635349373
10.4496339444786
3.79734196511191
10.4924851311260
2.82376341305730
9.07645513977786
2.66710326858260
6.17420704301370
6.13993814096689
5.91296336586825
6.89463254754015
9.30209730867185
11.0193147268784
9.55729005846322
1.55728433498832
4.18126116022427
4.23096863520636
5.24154002488772
4.91290315902929
14.5313782488104
11.0253115813613
2.97120582424039
6.35399853044522
7.55644661861645
9.24151393243710
5.71623143052912
1.69659798714958
6.78630493200092
6.75224358121062
8.52140655584510
9.37279742126117
3.53270379879208
8.47147906311342
7.38220072736613
6.07142433083045
4.38828395959058
9.13673125630824
3.44749162819868
4.60938466025521
8.95258070279180
6.09371329978692
3.49185654630886
10.7282308289857
12.0562928174460
8.15347787695533
8.86563157871135
7.41862303732978
8.09460301053733
9.22581701205915
6.76646866615075
6.89973851523375
4.06333894352908
8.86829153898315
8.70573072159368
3.90965544901338
11.0222291740872
1.72771197831120
4.94813492338275
6.14265500333529
3.59654291036545
9.55268275250466
9.88594510757570
10.5553711090610
14.8881230989672
5.85143837196462
9.52054892934751
4.64283203362991
6.95843842833290
12.2773836300736
8.04212602425503
6.30709688062908
7.03665066704323
5.22104700323604
6.81729394059696
7.19217541944717
5.16795693365376
8.76757063168584
8.60939503090084
1.37023754232615
4.96695724820901
6.66903753550690
9.19956422065741
4.85718015425617
6.77404467688987
8.96174370731500
6.57867050265477
3.16964844776199
10.6087349735961
7.51655303137708
4.74931810035925
8.99652733781207
6.12237474205067
7.59257970257804
7.28674630819545
9.72082001492102
11.4472074603372
12.6214996404112
2.11760268700245
8.93992572435029
11.5587411139795
1.20593059932983
3.22198548879414
4.49226714325851
4.21706352597397
10.0476690734717
8.90235350223749
1.88218621352937
3.30569977614423
11.9893965994791
7.31321877834924
2.41589539922572
10.6363432650618
8.06872190932368
10.0584469248488
5.90919978437013
8.69288376906651
8.07595305789255
11.0779736495489
5.04332270333756
4.26199614424978
7.36409063632435
7.34546883609889
5.61651248110427
6.96059289213210
7.32810306900769
12.0066554481254
5.52681078471120
7.26929099224952
12.4404809483557
6.13853865359053
12.0753572668514
3.86524359516965
4.82142873638095
7.56925427568661
15.3921668118365
3.14210400528054
6.42185875740038
7.59504267240152
2.70900672941209
14.3590907434893
13.0103260144740
12.5880743298926
2.46647859597443
8.14563137619817
7.45039433251690
7.52961394912780
5.09925016091739
12.5089033995790
7.69650920158613
4.40767682345246
4.39483723926154
2.34079637488099
6.84001492469132
12.8393350675999
8.50097524934639
9.66665665729367
3.30311349518905
8.76341649708606
11.0254095453388
10.7217434151354
5.39386426599706
6.11830739502356
1.88757030586943
8.43687347861161
8.27921722897159
4.10140897985070
3.86549000439789
6.08062966311878
14.8081667802230
8.33598478945349
4.74827353744495
8.23592965443738
7.72642365457655
5.72891518003191
6.08608445626855
9.46959424613325
6.37615537533395
6.45952078563109
5.68310727067509
3.13295971207036
6.34449196547683
11.3075753285132
3.42682170823053
3.21431029412221
3.50583701801724
8.31745795921470
11.2024551042885
12.4773997667623
12.5448968357655
3.00117212243816
9.91195045034023
12.1854657153512
4.48636385060329
10.8371270644023
12.3206409403083
9.45466418070996
2.16460251778473
4.10556222031770
7.59164400993619
2.45164413047652
10.0612236264830
10.5813256437934
6.32058688636079
15.7529723636525
5.24239771348960
3.95653364779070
11.7286344955412
10.2168938345761
8.54020428385645
6.60708242191665
5.04726293153032
7.85459934115037
4.63168987303770
2.51416953781960
6.02860362438932
3.61479082935652
4.87122304684358
4.93675328208986
8.20564561609261
12.1760672127744
3.97073543188161
7.75819339859481
6.47061982443722
5.33028839577185
8.53368402323405
7.61759378412895
5.33559850532253
10.0685012326811
5.61487711669631
8.35490552825704
8.87818256232660
6.87570938449263
13.1827348484448
3.54018690411961
7.11715373867953
5.55055991176575
7.10401661279730
8.27057626408221
7.89976047878035
12.1683929053922
11.2395636195762
11.0468796939950
6.17800038604724
7.14398830503662
5.38505366175677
8.44997469767218
3.97662110591392
5.48612377366752
9.07198210794030
10.5611804234112
8.01421552565191
4.43320398470452
12.3084136366146
6.65924269529952
6.19434892866070
6.72250483748432
12.6196698502813
7.72790054305178
2.24534576624626
13.2078519990534
6.21687983756772
5.00654634753340
8.85957466340266
5.11879611969455
5.18882562979332
2.06173008417688
10.2359100728758
11.8428263377836
7.13689517507438
9.42086157253677
4.37188854729852
9.38287879224707
5.03330447121968
10.7120599484880
6.29298097724759
10.2827835298328
1.91290517015350
4.62484157390110
6.55005472496223
3.72742562656856
7.64937226049302
5.35879050626165
14.0011241037425
7.44050680279240
7.13778152159338
4.63394570327491
9.56239636231421
10.4710501529885
8.88268201806752
5.08362308807410
5.81930999762000
7.39592287277253
6.12010544843796
7.07622277560564
5.50931026263724
4.99714967300360
9.44861526379924
7.49668380418969
7.47424293322073
7.69076290168927
5.23456247455315
2.88411378727140
4.55632210385745
9.70290463412374
4.67951786619092
5.65521290757695
5.60766036328878
5.72225935932652
10.0747439252817
6.78297761329786
2.07091241784871
9.04233521414684
8.94503668298795
5.63173650839597
8.83639178171724
4.80484611512169
10.5565271983830
13.4642070397777
6.05292553811791
3.34327104943647
3.05077551789090
5.54359588173597
6.21248097292056
7.64710492277961
4.33603962307772
5.93991727151145
6.15099321957105
6.94776270738286
11.0613258960262
5.64375525252788
8.28718137582375
5.85703614083096
7.90944577166441
10.4804026883512
8.87117373350337
6.28837991916837
12.0083153653666
7.26819232340477
10.5005494094357
7.00416341725405
11.6034798662341
7.85396002090665
4.60093793046592
5.47731278913301
13.0701479887427
4.25707054045795
2.72484223829564
5.82929678520489
6.90165362684191
4.52372654124893
5.94851949059596
13.9429794317033
3.16626724866995
6.77558093467187
4.68034369037147
13.9400134472675
12.9395404750632
5.74742986125103
7.22001207425583
7.31084887602664
7.77068222085738
11.9750487616289
4.98618647927452
6.14789854369767
6.63735239459229
11.0645350683343
11.7947295806220
3.83005860180768
10.3814007566850
3.96276093778063
10.7481559760547
12.8476533133370
3.54673691791484
5.93247320840136
2.99541163448365
10.2694197966584
11.4540525138485
10.1150897906296
6.86661863493234
6.30810168989055
10.5896622580751
5.58316664537250
8.50734246286112
5.28244335700819
2.47621761765803
7.66571122907718
10.3454244659173
11.6501752976726
11.7941282057471
8.46871476110159
12.9652044769838
9.02585479940820
10.0342657264994
12.5702024752985
7.70761260573597
7.58198090870717
4.80003092090040
7.03960353287030
5.79844825612853
12.4498762500235
8.43464467242100
6.79829034372613
7.00778045647122
10.8900743996035
12.4235974777840
5.73318589093359
7.11716189924046
8.07451662791031
3.60225115232128
4.80286536396764
8.46457856068452
5.62148977674068
7.49319859739485
8.67500812663648
5.09449502993182
6.06525881505818
5.95877832886071
8.33113948334199
7.98945054806649
7.09101044588146
12.0968362330922
5.58360020864674
6.93738761746092
2.59574465616323
6.31105491894976
11.6695405737501
10.7685669362269
13.5150608998295
11.4143324094097
4.69014715067662
8.54938762309910
8.90308443462152
2.44365790373775
4.12362621366195
5.63109929978721
10.0926773503417
8.24240048337861
11.7249448617040
3.22179120831875
1.90727156401494
1.67654501281654
9.36516179358371
8.08122623395243
5.64726697103120
9.65590128423546
4.08562181997625
7.84541717770164
5.64427432093799
9.51519780309106
3.99734845694105
9.98898015040755
8.35724212230926
4.78666117026263
5.21682162719792
8.50974240561958
7.62045346222913
2.53854360301335
7.17905763523319
10.6470161491377
10.5225708203842
7.61508633371940
4.98640015968434
7.63848168337159
8.24370946479799
9.90025345657373
6.18578490386628
6.32072598757453
7.11674360076468
5.83564896473391
0.897782100512146
5.98104180562216
5.21798827231338
3.70067120668670
3.96237872744391
5.36028853794271
14.1450994867481
7.36196840084226
5.71556118198380
7.79092778893503
8.56343274282574
3.16823466618242
3.89764500986172
7.57647396237827
9.37827423294926
6.44171265580824
5.87839619642126
7.27593592673821
7.78644676730022
7.89159640693821
8.57329495424601
2.11241156264587
9.77769438671510
4.89377267020037
10.6239818175673
9.76122685219947
15.5370209214154
5.86580706979014
11.6317059621063
6.02921571264456
1.92408996151427
8.46900466997155
6.69251672788347
4.04901296590910
5.65262593987078
9.47676347177664
10.6874855175434
4.66113675780920
13.7988325852008
12.9117314927162
10.0048957664935
4.60315006624811
4.67561020188809
8.28267786045069
4.47395671041961
4.67124017388316
10.3120608929350
3.53730656558065
6.34200782875581
6.41023128213015
13.0165812985284
9.11597740712075
6.83574472460756
7.93408017163931
11.3491631602334
7.41728278016957
11.5133727512836
3.64274356769729
10.7992674218393
10.3391177237906
12.9775443956089
10.4458169371093
8.78352123670228
8.29656755594746
9.91005212347543
5.82352991749849
11.1272313733696
8.10952573335827
7.85871183848854
1.27780359402374
5.36752945896900
3.31621106234208
4.68370375877894
13.5597743144936
6.34640145995351
10.1534068312069
7.69273291620084
6.51704699074665
7.50339536402688
11.1997231291671
3.90293843277088
10.3809752255027
12.1079494403470
14.7794694478523
9.02042398393778
6.30147333368951
12.9561852985398
6.92287059174155
12.0757070774344
11.2790147828505
6.11004796250405
14.6970687702991
6.47766332715740
10.1148096165771
11.8562168476458
8.98544266629135
8.56285182284501
6.22267967759871
6.43161649120966
10.5754937577401
9.54380541641540
12.9904232917946
8.25529190698912
10.6476060307893
9.64072150930624
7.30063284928094
9.62052569717476
5.56053264711215
7.73372336258545
8.87364181100409
4.04229242386049
4.08039759332347
10.7334611566074
12.6202646402126
4.39685828973371
7.44526707177116
4.48244648277032
7.40919660114374
11.2273741189336
5.47577500246312
10.3345333728948
4.88740082839539
5.39634692546727
4.39891665249525
3.54462944889871
10.1290087790267
5.13862572678726
6.86837495627604
8.05532556806058
9.65789951324246
5.49711302090843
10.3389188167816
8.51223520337637
11.9920259053089
4.76922937800227
6.62793728470631
9.46440301373520
6.46171777306128
7.81463385179370
8.11082169573466
8.84386036938785
12.0466134166935
4.95960058054074
13.1133682888875
6.22857959891338
11.1912694847368
5.98415588700695
4.14009536876869
8.19185348318682
5.15233043292062
5.31702592335226
9.39330743180085
12.1009520290761
13.0359817601130
8.03837402028545
6.26767416032454
11.9652435328705
8.58950037236741
7.88910442208113
3.60842016677659
9.28430738935329
8.67925371550457
4.86221439366879
7.86927949116055
1.32551137467771
7.90774368514812
5.91635679206385
9.79770580799403
8.11360275315374
8.63184969459038
4.45390403336218
5.62361858952046
13.0429842166431
11.0085664043462
9.54515416428671
3.92914897565618
7.25261446100645
8.14526060696624
12.8737123227917
10.3847110423738
5.15055316785489
14.1810662047111
6.41382392883528
12.4091746002706
2.45147931053884
5.28696535412329
7.50423957306801
10.9528180836030
7.80134228732466
12.8507705745609
5.53831881530848
4.82260012021824
3.15247439451933
7.48082518710336
14.1558396855856
8.63980533461257
7.67256606423171
4.15153519240774
3.91495556889845
10.5997830032695
9.89291388014674
10.2143025003962
6.16262761094649
8.04640063388593
12.6802956181037
7.97950403157991
13.5130240261016
6.38340871117375
10.2941600550992
3.36260172485532
9.91493093874082
8.81139408152875
10.4354281579627
6.65349491169866
9.63765191380141
10.0888329240800
8.17388476368490
6.15365152006514
11.4602551363397
9.85455803169274
4.74245790387221
3.69194386468701
6.93775944616849
10.3651009276321
5.00599899520567
8.59221223492530
9.80221514148715
9.85159509271468
8.55603610695981
9.98256100324962
8.08344527661318
8.43467986233028
5.51817632310712
2.39716375370979
7.29128747503485
8.11047164350508
14.6270924633025
5.61221161664454
10.6072554947262
8.39183638841940
5.56668870514600
10.1794553434847
10.5587041073458
5.02922848357479
6.00860847984698
14.6838603542154
6.81249546369053
5.25113344145814
5.18828548270042
6.24556297654583
6.96092449704779
9.91688717955891
8.56985843582028
5.72153476154782
5.44117375709506
9.91119973568413
8.40936682515395
10.0350542384633
3.11151541895585
7.18262908651143
4.06354408898636
3.56134850583315
10.1121578320357
9.88100192006863
11.0229121152262
9.18755700336059
4.94259694684889
6.60342722758419
8.61638147832372
6.99059649449888
3.42633340321691
2.43805575818110
7.37802962284647
11.8922666057589
11.5157581587145
6.33176075103917
14.0535811414742
9.08897453446207
4.48021125171570
6.62127636487105
6.36732633528391
5.37733005737978
11.7526275930874
7.00631466350891
8.30521200165390
6.05029854603060
7.35019039247284
3.21475940157269
11.2320736527144
3.82556723767862
10.4798176782805
5.46340012171907
6.57898942999607
7.95057809244712
4.90753363717458
9.05646467717398
9.80959614830804
10.6183621783635
13.4654102155152
6.16138011244234
3.15676883363353
9.21147466478631
7.91960574018681
10.1132339011812
8.09915898688870
4.33198135148341
4.31436468208241
6.31889809856117
2.33297065565965
8.61175164644220
11.8933779316727
14.6413272021357
7.42466491564434
10.0097331872533
5.75669017224386
14.2632998825657
5.94866863592182
5.15680336355770
6.74374912493043
7.33627353770291
4.53469979822259
4.95377084678934
5.85890247597833
9.05399864330120
7.92321190301004
13.7668093565285
6.76224609748122
8.16151077051203
12.0775506747022
4.43025656648687
9.91319578828644
14.5724063135205
9.27936258263465
7.20984451053558
4.44689416447030
11.8290016205933
12.1323927278835
12.8493103612140
7.44444679878901
8.19467545788117
4.50572372123503
6.38464562149694
8.74292449584234
8.23641143520648
12.1502425546365
13.9152259950782
4.24475585399207
5.96617431865890
8.45209164110281
3.61390063202918
10.5842261785085
5.84286520638633
5.55260645394575
11.3389152439729
7.79542180019144
3.10878561417477
8.68941684694664
4.48640130300445
4.99370120151377
13.4420406490235
7.22504849396183
3.43925900956878
11.3005980238683
12.3657125191460
4.31472608312509
9.10166998907343
8.36272404303765
11.3971803262912
9.74784284290632
7.96556928831832
8.87562177236975
6.38864490561184
6.68063743683939
9.75290707994288
6.36120898205628
7.73335032443248
4.91255542174630
8.77971431710622
2.86696835350515
10.5409281248901
10.7933077975371
6.50280698160418
2.56503661572306
5.89823008273668
5.03117566997019
12.4075125993930
6.29088179072696
5.74430468485961
8.05749640745188
5.87632407531273
6.39307471956960
12.0162745995795
10.5902054474816
6.26706118943321
6.67060969178230
5.45676478877366
8.73931768732549
7.39984300310243
9.66184880134232
11.8171302139563
5.14176757642739
7.50992792346239
3.80150862837374
14.5382464602200
9.63597301323146
8.20512008138821
3.20981191176368
4.35949327307659
6.12084878591197
11.2308399539171
13.2129507170049
9.75535747525430
7.89517363322783
9.21923390719642
9.55517068293393
8.98447533491433
6.08565932684372
8.95589802135442
9.23144851472400
6.50914797003894
2.70457120943413
10.8313535890072
9.16996198937051























































































































































































































































































































































































































































































































































































































































































































































































































































































































































































































































































































































































































































































































































































































































































































































































































































































































































































































































































































































































































































































































































































































































































































































































































































































































































































































































































































































































































































































































































































































































































































































































































































































































































































































































































































































































































































































































































































































































































































































































































































































































































































































































































































































































































































































































































































































































































































































































































































































































































































































































































































































































































































































































































































































































































































































































































































































































































































































































































































































































































































































































































































































































































































































































































































































































































































































































































































































































































































































































































































































































































































































































































































































































































































































































































































































































































































































































































































































































































































































































































































































































































































































































































































































































































































































































































































































































































































































































































































































































































































































































































































































































































































































































































































































































































































































































































































































































































































































































































































































































































































































































































































































































































































































































































































































































































































































































































































































































































































































































































































































































































































































































































































































































































































































































































































































































































































































































































































































































































































































































































































































































































































































































































































































































































































































































































































































































































































































































































































































































































































































































































































































































































































































































































































































































































































































































































































































































































































































































































































































































































































































































































































































































































































































































































































































































































































































































































































































































































































































































































































































































































































































































































































































































































































































































































































































































































































































































































































































































































































































































































































































































































































































































































































































































































































































































































































































































































































































































































































































































































































































































































































































































































































































































































































































































































































































































































































































































































































































































































































































































































































































































































































































































































































































































































































































































































































































































































































































































































































































































































































































































































































































































































































































































































































































































































































































































































































































































































































































































































































































































































































































































































































































































































































































































































































































































































































































































































































































































































































































































































































































































































































































































































































































































































































































































































































































































































































































































































































































































































































































































































































































































































































































































































































































































































































































































































































































































































































































































































































































































































































































































































































































































































































































































































































































































































































































































































































































































































































































































































































































































































































































































































































































































































































































































































































































































































































































































































































































































































































































































































































































































































































































































































































































































































































































































































































































































































































































































































































































































































































































































































































































































































































































































































































































































































































































































































































































































































































































































































































































































































































































































































































































































































































































































































































































































































































































































































































































































































































































































































































































































































































































































































































































































































































































































































































































































































































































































































































































































































































































































































































































































































































































































































































































































































































































































































































































































































































































































































































































































































































































































































































































































































































































































































































































































































































































































































































































































































































































































































































































































































































































































































































































































































































































































































































































































































































































































































































































































































































































































































































































































































































































































































































































































































































































































































































































































































































































































































































































































































































































































































































































































































































































































































































































































































































































































































































































































































































































































































































































































































































































































































































































































































































































































































































































































































































































































































































































































































































































































































































































































































































































































































































































































































































































































































































































































































































































































































































































































































































































































































































































































































































































































































































































































































































































































































































































































































































































































































































































































































































































































































































































































































































































































































































































































































































































































































































































































































