3 547
126 129 2140 2143 4194 4197 5397 5400 7997 8000 8597 8600 8989 8992 9197 9200 10997 11000 13709 13712 14997 15000 15008 15011 15097 15100 15997 16000 19197 19200 20870 20873 21042 21045 21068 21071 21184 21187 22408 22411 23396 23399 24057 24060 27697 27700 28015 28018 28197 28200 29359 29362 29471 29474 29925 29928 30697 30700 31686 31689 32097 32100 37572 37575 39797 39800 40097 40100 43155 43158 44755 44758 45104 45107 46490 46493 48554 48557 49688 49691 49825 49828 51023 51026 52697 52700 53597 53600 55018 55021 57624 57627 57697 57700 58097 58100 58397 58400 60943 60946 67738 67741 69539 69542 69573 69576 71997 72000 72397 72400 73421 73424 73558 73561 76238 76241 76697 76700 77497 77500 78597 78600 80478 80481 80597 80600 80659 80662 81497 81500 83597 83600 86724 86727 87597 87600 87975 87978 87997 88000 89797 89800 90297 90300 91715 91718 92897 92900 94181 94184 96097 96100 99684 99687 100338 100341 100993 100996 101497 101500 102140 102143 103097 103100 103906 103909 105820 105823 108913 108916 109897 109900 110197 110200 111824 111827 112297 112300 113457 113460 114297 114300 114422 114425 116097 116100 117197 117200 119697 119700 121543 121546 124097 124100 124483 124486 124497 124500 124782 124785 125397 125400 126219 126222 128695 128698 128997 129000 129719 129722 130325 130328 130422 130425 131333 131336 132407 132410 132432 132435 133866 133869 137936 137939 138326 138329 138765 138768 140109 140112 140397 140400 140973 140976 141718 141721 145038 145041 145808 145811 146297 146300 146978 146981 149511 149514 150215 150218 150339 150342 152697 152700 155637 155640 156797 156800 157173 157176 159597 159600 159897 159900 160954 160957 162958 162961 163097 163100 163745 163748 165843 165846 165944 165947 166148 166151 166814 166817 168317 168320 168692 168695 170061 170064 170597 170600 173597 173600 174233 174236 174397 174400 174623 174626 176997 177000 178259 178262 179897 179900 182697 182700 183697 183700 184297 184300 185240 185243 185731 185734 186010 186013 186797 186800 188991 188994 188997 189000 189562 189565 189635 189638 193556 193559 193872 193875 193914 193917 194738 194741 196169 196172 196397 196400 196542 196545 196560 196563 198216 198219 198864 198867 200397 200400 203215 203218 204015 204018 205253 205256 209309 209312 212082 212085 213897 213900 214745 214748 215194 215197 216297 216300 216414 216417 216997 217000 217577 217580 218219 218222 218961 218964 221597 221600 224127 224130 224597 224600 224683 224686 225312 225315 226697 226700 227068 227071 228345 228348 228693 228696 229053 229056 232978 232981 232983 232986 233523 233526 233949 233952 233957 233960 237727 237730 237797 237800 242197 242200 243527 243530 243697 243700 246795 246798 249344 249347 249627 249630 251271 251274 251997 252000 254797 254800 257214 257217 258025 258028 258041 258044 261462 261465 264387 264390 264590 264593 267897 267900 268356 268359 269196 269199 269211 269214 270597 270600 271247 271250 272347 272350 273668 273671 273673 273676 274973 274976 275374 275377 275393 275396 277797 277800 278649 278652 279153 279156 280561 280564 281049 281052 282541 282544 283255 283258 284147 284150 287384 287387 289197 289200 289539 289542 289897 289900 291493 291496 292097 292100 295797 295800 296597 296600 297407 297410 297497 297500 300997 301000 303897 303900 304404 304407 307862 307865 309497 309500 313280 313283 314797 314800 315297 315300 317113 317116 317297 317300 317797 317800 319839 319842 320797 320800 321097 321100 322687 322690 322797 322800 323797 323800 329446 329449 331213 331216 333397 333400 333997 334000 336429 336432 342429 342432 345143 345146 348994 348997 350597 350600 351597 351600 351797 351800 356596 356599 358312 358315 359130 359133 359283 359286 361997 362000 362017 362020 363716 363719 365547 365550 365557 365560 366075 366078 366422 366425 366977 366980 367985 367988 368059 368062 373020 373023 373063 373066 374108 374111 374597 374600 377352 377355 377703 377706 379023 379026 381132 381135 382531 382534 383697 383700 385474 385477 386486 386489 388520 388523 390397 390400 390603 390606 390997 391000 395424 395427 396697 396700 397495 397498 401497 401500 401729 401732 411297 411300 414497 414500 415021 415024 415211 415214 417757 417760 417979 417982 419312 419315 419597 419600 420443 420446 422697 422700 423928 423931 428572 428575 429797 429800 432910 432913 436497 436500 437758 437761 437941 437944 438035 438038 439789 439792 439897 439900 440140 440143 441213 441216 442739 442742 444797 444800 447797 447800 448297 448300 448597 448600 449756 449759 451703 451706 452058 452061 452133 452136 452797 452800 456997 457000 458752 458755 459397 459400 459935 459938 459959 459962 461197 461200 463320 463323 463360 463363 463997 464000 464697 464700 465297 465300 465812 465815 467075 467078 467697 467700 467751 467754 469597 469600 471692 471695 472880 472883 472897 472900 475497 475500 481792 481795 482297 482300 487281 487284 487351 487354 487897 487900 489761 489764 489780 489783 493597 493600 498507 498510 501497 501500 501680 501683 508654 508657 508897 508900 509204 509207 509218 509221 510728 510731 512688 512691 514942 514945 514949 514952 520478 520481 522197 522200 525227 525230 527011 527014 527619 527622 528497 528500 531297 531300 532197 532200 532797 532800 535638 535641 535997 536000 538097 538100 539747 539750 539797 539800 539955 539958 542071 542074 543572 543575 543697 543700 544156 544159 544614 544617 545197 545200 548207 548210 548797 548800 549206 549209 549456 549459 549906 549909 552097 552100 553997 554000 554603 554606 554826 554829 555097 555100 555897 555900 556097 556100 557371 557374 558679 558682 558755 558758 565890 565893 567255 567258 573326 573329 573753 573756 577223 577226 577497 577500 579625 579628 582197 582200 583316 583319 583432 583435 584297 584300 585197 585200 585823 585826 585829 585832 587424 587427 588930 588933 589197 589200 590316 590319 590897 590900 592597 592600 594019 594022 594546 594549 594768 594771 596197 596200 597997 598000 598397 598400 600497 600500 601360 601363 603997 604000 604006 604009 604197 604200 607604 607607 607997 608000 610797 610800 611897 611900 613797 613800 617297 617300 618009 618012 619403 619406 619936 619939 620697 620700 620795 620798 623734 623737 623797 623800 623991 623994 624397 624400 624597 624600 625797 625800 626297 626300 626885 626888 628514 628517 632013 632016 632548 632551 632664 632667 632958 632961 633697 633700 634982 634985 636753 636756 637005 637008 637597 637600 638297 638300 639297 639300 639958 639961 640890 640893 644397 644400 645021 645024 647168 647171 647396 647399 650197 650200 650233 650236 651442 651445 651597 651600 652697 652700 653970 653973 656422 656425 660397 660400 660931 660934 665950 665953 667725 667728 668779 668782 668867 668870 669751 669754 669997 670000 671344 671347 671597 671600 674555 674558 676597 676600 676881 676884 676897 676900 679826 679829 679892 679895 679997 680000 681097 681100 685397 685400 686229 686232 686966 686969 688111 688114 689625 689628 691197 691200 691421 691424 694478 694481 697757 697760 697829 697832 700197 700200 700308 700311 701540 701543 702853 702856 703338 703341 703397 703400 704229 704232 704397 704400 705288 705291 705897 705900 707297 707300 707721 707724 708397 708400 708442 708445 709597 709600 709619 709622 710346 710349 712354 712357 712390 712393 712578 712581 714148 714151 715097 715100 716726 716729 717141 717144 718235 718238 719292 719295 
4 555
868 872 1496 1500 2873 2877 6961 6965 11596 11600 13196 13200 13293 13297 13993 13997 15873 15877 15962 15966 16735 16739 17242 17246 19790 19794 20630 20634 21177 21181 21396 21400 22084 22088 22096 22100 23870 23874 25307 25311 25896 25900 26896 26900 28467 28471 29415 29419 31096 31100 32554 32558 39696 39700 39876 39880 40496 40500 41124 41128 43836 43840 45096 45100 50279 50283 51096 51100 51466 51470 58609 58613 60018 60022 63466 63470 64754 64758 66434 66438 67856 67860 70974 70978 71051 71055 72043 72047 72990 72994 79096 79100 80264 80268 80496 80500 80696 80700 82073 82077 86396 86400 87103 87107 87124 87128 89048 89052 90703 90707 92314 92318 95693 95697 101896 101900 102480 102484 103219 103223 103929 103933 104096 104100 105946 105950 108596 108600 109878 109882 111394 111398 111668 111672 112420 112424 112426 112430 113402 113406 115896 115900 116024 116028 117724 117728 119247 119251 121196 121200 122658 122662 125243 125247 127796 127800 127846 127850 128147 128151 129476 129480 130796 130800 134565 134569 139496 139500 142096 142100 142129 142133 142209 142213 142961 142965 143883 143887 144096 144100 144409 144413 144718 144722 145896 145900 146357 146361 151746 151750 152096 152100 152144 152148 152996 153000 155796 155800 156079 156083 156185 156189 156442 156446 157748 157752 159855 159859 162196 162200 162518 162522 162543 162547 162749 162753 163065 163069 164442 164446 165086 165090 166011 166015 166996 167000 168006 168010 168080 168084 168626 168630 170096 170100 170349 170353 172134 172138 174838 174842 174942 174946 175728 175732 175937 175941 176190 176194 176596 176600 176853 176857 177893 177897 181096 181100 181182 181186 181296 181300 181396 181400 181996 182000 182174 182178 182973 182977 183296 183300 184678 184682 185096 185100 185296 185300 185425 185429 187351 187355 187702 187706 188174 188178 193596 193600 196524 196528 197789 197793 198096 198100 199041 199045 199960 199964 199981 199985 200096 200100 203570 203574 203596 203600 204396 204400 205796 205800 206105 206109 206963 206967 207896 207900 208758 208762 209376 209380 212596 212600 213786 213790 214686 214690 217267 217271 217796 217800 220248 220252 220296 220300 221396 221400 224496 224500 224825 224829 226596 226600 226896 226900 227396 227400 227417 227421 231596 231600 231917 231921 232096 232100 232902 232906 233963 233967 233996 234000 235937 235941 236344 236348 237537 237541 237996 238000 238768 238772 239677 239681 239996 240000 241296 241300 243520 243524 244521 244525 249831 249835 249913 249917 250896 250900 253596 253600 258596 258600 259396 259400 264481 264485 264920 264924 265945 265949 267915 267919 269794 269798 270096 270100 271289 271293 272009 272013 272672 272676 274609 274613 275246 275250 275381 275385 275685 275689 276096 276100 276996 277000 277065 277069 277096 277100 280474 280478 281003 281007 282239 282243 284451 284455 286206 286210 289829 289833 289996 290000 290196 290200 290643 290647 290716 290720 291096 291100 292625 292629 294296 294300 298467 298471 303713 303717 303880 303884 305396 305400 308696 308700 309264 309268 310258 310262 311996 312000 313285 313289 315177 315181 316296 316300 316921 316925 317135 317139 317996 318000 320162 320166 320456 320460 320873 320877 322146 322150 322225 322229 322496 322500 323150 323154 324281 324285 328696 328700 329110 329114 329437 329441 329773 329777 332050 332054 334296 334300 336077 336081 339659 339663 341533 341537 341667 341671 341677 341681 344673 344677 344880 344884 346096 346100 346145 346149 347453 347457 347696 347700 348796 348800 349496 349500 349824 349828 350560 350564 351515 351519 353396 353400 354011 354015 354371 354375 354394 354398 355533 355537 355914 355918 358006 358010 359379 359383 359428 359432 361296 361300 362194 362198 362557 362561 363296 363300 363340 363344 363396 363400 366427 366431 369618 369622 372947 372951 377223 377227 378042 378046 378517 378521 379028 379032 379173 379177 379185 379189 379246 379250 383982 383986 385056 385060 387096 387100 387196 387200 389196 389200 391016 391020 392096 392100 392796 392800 395968 395972 396412 396416 396923 396927 396929 396933 397847 397851 399612 399616 399796 399800 401396 401400 404789 404793 405086 405090 406370 406374 407125 407129 408928 408932 410787 410791 413340 413344 415026 415030 415095 415099 416270 416274 416552 416556 419272 419276 420459 420463 421550 421554 423920 423924 423963 423967 423984 423988 424096 424100 424570 424574 426096 426100 426270 426274 426809 426813 428796 428800 430967 430971 431296 431300 433896 433900 437209 437213 437654 437658 437778 437782 438496 438500 439040 439044 439171 439175 439196 439200 439905 439909 441989 441993 443311 443315 443552 443556 446196 446200 448280 448284 448434 448438 449296 449300 449481 449485 449522 449526 452019 452023 452037 452041 454880 454884 454896 454900 457157 457161 457415 457419 458712 458716 458851 458855 460418 460422 462340 462344 462349 462353 462381 462385 465221 465225 465788 465792 465806 465810 466656 466660 467163 467167 472796 472800 473974 473978 475096 475100 476629 476633 477178 477182 477284 477288 481427 481431 481759 481763 482496 482500 483229 483233 483867 483871 483873 483877 484382 484386 486630 486634 487728 487732 490558 490562 492596 492600 493696 493700 495106 495110 498355 498359 505821 505825 506396 506400 508396 508400 510229 510233 511315 511319 511696 511700 512096 512100 512696 512700 517171 517175 518069 518073 518296 518300 519210 519214 519396 519400 520909 520913 524910 524914 524996 525000 526968 526972 527423 527427 528696 528700 529027 529031 529696 529700 532625 532629 536450 536454 536961 536965 537466 537470 537831 537835 538531 538535 538977 538981 539496 539500 540496 540500 541625 541629 543304 543308 544391 544395 544496 544500 545659 545663 558770 558774 562226 562230 567515 567519 567546 567550 568513 568517 568658 568662 569938 569942 571727 571731 572756 572760 573896 573900 575116 575120 575715 575719 578565 578569 578996 579000 580215 580219 580940 580944 583496 583500 585096 585100 585728 585732 585896 585900 586519 586523 586582 586586 588405 588409 588848 588852 589455 589459 591059 591063 591953 591957 594715 594719 596866 596870 597561 597565 598696 598700 600150 600154 605588 605592 605696 605700 607626 607630 608790 608794 609082 609086 609496 609500 610168 610172 611096 611100 612850 612854 613659 613663 613996 614000 614444 614448 614740 614744 615168 615172 617035 617039 617736 617740 618132 618136 618932 618936 620596 620600 620612 620616 622250 622254 622396 622400 628735 628739 629286 629290 630996 631000 632522 632526 633479 633483 634017 634021 634591 634595 636196 636200 637847 637851 637879 637883 639159 639163 639561 639565 641063 641067 642168 642172 643041 643045 643373 643377 644163 644167 644496 644500 644596 644600 647996 648000 648306 648310 648389 648393 649596 649600 649996 650000 655879 655883 656237 656241 657477 657481 657796 657800 659342 659346 660684 660688 660990 660994 661894 661898 662967 662971 664625 664629 666196 666200 666732 666736 667416 667420 668439 668443 668632 668636 669296 669300 669756 669760 670560 670564 670570 670574 671321 671325 671636 671640 671674 671678 671768 671772 672729 672733 677206 677210 677952 677956 680096 680100 680270 680274 682271 682275 682296 682300 684078 684082 684296 684300 685972 685976 690796 690800 691823 691827 693896 693900 694096 694100 695153 695157 698022 698026 699640 699644 699651 699655 700096 700100 703540 703544 704643 704647 706153 706157 706549 706553 708948 708952 714896 714900 717177 717181 717375 717379 717696 717700 717706 717710 
5 693
1247 1252 1740 1745 3347 3352 3715 3720 4172 4177 4995 5000 5535 5540 7863 7868 8995 9000 10749 10754 11473 11478 12476 12481 13959 13964 15324 15329 15810 15815 15954 15959 17195 17200 17555 17560 17644 17649 21613 21618 24050 24055 24473 24478 24495 24500 25092 25097 30256 30261 30484 30489 30595 30600 31291 31296 31590 31595 34649 34654 34795 34800 35436 35441 35995 36000 36418 36423 37284 37289 38071 38076 40375 40380 40667 40672 40748 40753 44338 44343 44543 44548 45365 45370 50395 50400 51527 51532 53095 53100 56218 56223 56570 56575 57312 57317 63090 63095 63214 63219 64514 64519 66305 66310 67112 67117 67195 67200 67695 67700 67933 67938 69145 69150 71095 71100 76795 76800 77153 77158 77440 77445 77823 77828 77852 77857 79276 79281 80411 80416 80795 80800 81417 81422 84364 84369 85090 85095 86732 86737 88558 88563 89075 89080 89095 89100 89195 89200 92595 92600 93416 93421 95533 95538 96795 96800 98495 98500 99403 99408 99956 99961 100731 100736 100822 100827 100986 100991 102791 102796 105923 105928 105931 105936 107249 107254 107731 107736 109011 109016 109186 109191 109195 109200 109884 109889 111660 111665 113423 113428 113595 113600 114026 114031 114090 114095 116881 116886 117251 117256 117739 117744 119256 119261 119495 119500 122630 122635 122969 122974 123286 123291 123510 123515 124120 124125 125635 125640 125962 125967 125973 125978 127808 127813 129252 129257 130509 130514 131313 131318 133376 133381 133395 133400 134558 134563 134578 134583 136026 136031 141431 141436 142985 142990 143195 143200 144495 144500 146713 146718 155746 155751 157607 157612 157792 157797 158415 158420 158895 158900 159248 159253 159695 159700 163526 163531 163732 163737 164488 164493 165220 165225 165395 165400 166019 166024 168572 168577 169787 169792 171040 171045 171871 171876 172006 172011 172295 172300 173395 173400 173566 173571 173881 173886 174846 174851 174880 174885 176540 176545 176941 176946 176959 176964 179503 179508 179744 179749 180371 180376 181688 181693 182246 182251 185063 185068 185079 185084 185195 185200 185724 185729 186495 186500 187043 187048 188495 188500 188542 188547 189975 189980 190612 190617 193091 193096 193982 193987 194450 194455 194978 194983 196177 196182 196759 196764 198586 198591 200281 200286 200736 200741 200763 200768 200974 200979 201180 201185 201995 202000 203876 203881 203895 203900 204937 204942 210079 210084 210324 210329 210908 210913 211289 211294 212328 212333 213595 213600 213919 213924 213995 214000 215495 215500 218225 218230 218995 219000 219793 219798 221446 221451 221472 221477 222784 222789 223195 223200 224763 224768 226572 226577 226963 226968 227565 227570 228335 228340 228636 228641 229295 229300 229495 229500 229664 229669 230304 230309 230980 230985 233087 233092 234234 234239 234242 234247 234577 234582 235962 235967 236120 236125 237544 237549 237788 237793 237815 237820 237825 237830 241259 241264 241395 241400 242165 242170 242689 242694 244031 244036 244409 244414 246520 246525 249281 249286 252895 252900 254058 254063 254076 254081 255395 255400 257330 257335 257695 257700 257753 257758 258195 258200 259340 259345 259734 259739 260743 260748 263514 263519 264533 264538 264595 264600 266676 266681 267862 267867 268260 268265 268507 268512 268562 268567 269110 269115 270295 270300 271495 271500 271922 271927 273439 273444 275049 275054 275076 275081 276795 276800 277576 277581 277763 277768 280251 280256 280465 280470 281880 281885 282804 282809 285595 285600 285786 285791 285804 285809 285864 285869 289595 289600 290295 290300 290820 290825 291785 291790 293061 293066 296195 296200 296447 296452 298181 298186 299249 299254 299495 299500 301195 301200 301458 301463 302140 302145 304795 304800 305749 305754 308020 308025 308395 308400 308580 308585 308742 308747 308918 308923 309272 309277 312095 312100 313095 313100 314574 314579 314766 314771 316185 316190 316539 316544 316823 316828 316844 316849 317158 317163 317753 317758 318050 318055 318795 318800 319867 319872 322461 322466 323708 323713 324095 324100 326315 326320 326995 327000 328094 328099 329815 329820 330517 330522 331370 331375 332554 332559 333149 333154 333376 333381 334751 334756 335636 335641 336437 336442 337716 337721 339568 339573 339720 339725 340126 340131 343618 343623 344844 344849 348533 348538 348544 348549 349247 349252 349995 350000 350772 350777 351015 351020 351083 351088 352295 352300 352487 352492 352829 352834 352845 352850 353718 353723 357995 358000 358160 358165 359051 359056 361653 361658 362025 362030 366969 366974 368595 368600 369495 369500 370321 370326 370862 370867 372919 372924 373127 373132 373395 373400 373458 373463 374523 374528 378689 378694 379072 379077 379252 379257 382177 382182 384068 384073 384817 384822 391721 391726 392049 392054 394381 394386 396195 396200 396595 396600 396895 396900 397391 397396 397780 397785 399282 399287 402195 402200 403639 403644 404117 404122 404795 404800 406114 406119 406677 406682 407519 407524 408095 408100 408495 408500 409289 409294 409509 409514 411017 411022 411315 411320 416544 416549 417256 417261 417522 417527 418680 418685 418795 418800 419681 419686 421619 421624 421636 421641 421727 421732 426310 426315 427032 427037 427195 427200 427529 427534 427875 427880 427892 427897 428111 428116 428177 428182 428185 428190 433727 433732 434388 434393 436108 436113 437074 437079 437751 437756 438185 438190 439495 439500 439951 439956 440009 440014 440083 440088 441218 441223 446983 446988 449095 449100 450095 450100 452126 452131 452195 452200 453805 453810 454537 454542 457188 457193 457495 457500 457595 457600 459192 459197 459586 459591 459928 459933 459995 460000 461467 461472 462958 462963 463016 463021 464163 464168 464374 464379 464389 464394 464531 464536 468641 468646 468674 468679 469049 469054 472094 472099 472873 472878 473534 473539 475868 475873 477247 477252 478395 478400 482695 482700 483695 483700 484036 484041 484671 484676 487203 487208 487343 487348 488327 488332 488615 488620 488967 488972 489792 489797 491195 491200 491774 491779 493304 493309 494721 494726 496646 496651 496895 496900 501948 501953 502585 502590 502753 502758 505070 505075 505134 505139 505728 505733 506334 506339 506556 506561 508195 508200 508832 508837 509552 509557 510433 510438 511990 511995 512330 512335 512607 512612 513575 513580 513943 513948 515286 515291 515556 515561 515567 515572 516295 516300 516795 516800 516949 516954 520583 520588 522854 522859 523511 523516 524695 524700 526290 526295 526404 526409 526781 526786 528480 528485 529127 529132 530679 530684 533281 533286 535011 535016 535310 535315 535395 535400 535943 535948 542176 542181 542521 542526 542695 542700 542995 543000 543125 543130 545021 545026 545063 545068 545280 545285 545295 545300 545614 545619 549462 549467 552548 552553 553520 553525 554186 554191 555075 555080 555695 555700 556388 556393 559266 559271 560095 560100 562238 562243 562295 562300 562595 562600 563595 563600 563978 563983 565140 565145 565733 565738 570095 570100 570660 570665 571295 571300 571312 571317 571659 571664 571802 571807 572287 572292 572721 572726 573331 573336 573440 573445 575361 575366 575803 575808 575995 576000 576155 576160 576881 576886 578695 578700 579617 579622 579939 579944 580135 580140 581324 581329 581395 581400 582092 582097 585283 585288 585325 585330 585838 585843 586323 586328 587232 587237 589227 589232 591177 591182 591813 591818 591944 591949 592819 592824 593082 593087 594051 594056 594539 594544 594725 594730 595358 595363 597082 597087 597089 597094 597478 597483 598081 598086 598963 598968 599195 599200 600124 600129 600785 600790 604091 604096 607386 607391 609615 609620 610626 610631 610921 610926 610929 610934 612635 612640 613049 613054 617759 617764 620065 620070 621233 621238 621795 621800 623217 623222 623812 623817 624389 624394 625484 625489 626247 626252 626288 626293 626581 626586 628264 628269 629023 629028 629067 629072 629077 629082 630047 630052 630717 630722 630945 630950 631695 631700 632026 632031 632033 632038 632530 632535 636792 636797 637870 637875 639705 639710 639823 639828 640846 640851 641942 641947 642546 642551 642567 642572 643207 643212 644235 644240 644835 644840 644895 644900 645714 645719 646130 646135 647550 647555 649395 649400 649615 649620 650895 650900 651412 651417 652795 652800 653020 653025 653955 653960 656278 656283 656821 656826 656848 656853 657357 657362 659320 659325 660908 660913 660936 660941 661108 661113 661316 661321 661562 661567 662930 662935 663353 663358 663685 663690 664315 664320 664641 664646 664981 664986 665047 665052 665614 665619 666110 666115 667795 667800 668319 668324 668907 668912 669486 669491 669678 669683 670195 670200 670245 670250 670428 670433 671327 671332 671537 671542 678336 678341 678539 678544 680492 680497 681440 681445 682233 682238 682278 682283 682845 682850 683857 683862 684048 684053 684844 684849 685965 685970 686272 686277 686976 686981 687088 687093 690638 690643 691871 691876 693045 693050 693870 693875 694295 694300 695565 695570 697023 697028 698031 698036 698795 698800 700616 700621 700863 700868 701520 701525 701551 701556 702295 702300 702445 702450 703673 703678 703795 703800 704352 704357 704751 704756 706187 706192 706513 706518 707412 707417 707695 707700 708083 708088 708768 708773 709493 709498 710637 710642 711795 711800 712051 712056 712866 712871 713627 713632 713809 713814 715375 715380 716115 716120 716122 716127 717773 717778 718113 718118 719368 719373 719395 719400 
6 542
1749 1755 3476 3482 3666 3672 7313 7319 9174 9180 9994 10000 10776 10782 10894 10900 11525 11531 11677 11683 12441 12447 13057 13063 16774 16780 17344 17350 17416 17422 17426 17432 18729 18735 22415 22421 22513 22519 23281 23287 24011 24017 24873 24879 25294 25300 30128 30134 32193 32199 32566 32572 32625 32631 35631 35637 36885 36891 38321 38327 38762 38768 39294 39300 40155 40161 43723 43729 44681 44687 48321 48327 49061 49067 50075 50081 50117 50123 50677 50683 51194 51200 51994 52000 52668 52674 54294 54300 54625 54631 55010 55016 55162 55168 55241 55247 55838 55844 56377 56383 56653 56659 56794 56800 57748 57754 59687 59693 61494 61500 63456 63462 64618 64624 64794 64800 66221 66227 66729 66735 72694 72700 72737 72743 77811 77817 78225 78231 78920 78926 79723 79729 79916 79922 80420 80426 83537 83543 84237 84243 85292 85298 89677 89683 90094 90100 93825 93831 93894 93900 94025 94031 94564 94570 96925 96931 97209 97215 98037 98043 99788 99794 102956 102962 104631 104637 105894 105900 112562 112568 112594 112600 113430 113436 114061 114067 114076 114082 115831 115837 116316 116322 117470 117476 121165 121171 121627 121633 121885 121891 122977 122983 131323 131329 132483 132489 133873 133879 134194 134200 134394 134400 134742 134748 137927 137933 140694 140700 143918 143924 143991 143997 144048 144054 145838 145844 146349 146355 147911 147917 147986 147992 148081 148087 152107 152113 152715 152721 152873 152879 155518 155524 157094 157100 157180 157186 158437 158443 160538 160544 161122 161128 161233 161239 161679 161685 164024 164030 169080 169086 169794 169800 171294 171300 172719 172725 174223 174229 174382 174388 174414 174420 176933 176939 177181 177187 178973 178979 179403 179409 179788 179794 182037 182043 184220 184226 186206 186212 189294 189300 192517 192523 192881 192887 193492 193498 193564 193570 194185 194191 195794 195800 197194 197200 200361 200367 200845 200851 201513 201519 201536 201542 203560 203566 204427 204433 207016 207022 211656 211662 212213 212219 213470 213476 214794 214800 217324 217330 218916 218922 219745 219751 220013 220019 223094 223100 224528 224534 224780 224786 226683 226689 226847 226853 228044 228050 229718 229724 230047 230053 230087 230093 230312 230318 235884 235890 238894 238900 239444 239450 239971 239977 241818 241824 243351 243357 244494 244500 245194 245200 251494 251500 252747 252753 255016 255022 255484 255490 256056 256062 256065 256071 257890 257896 258565 258571 262305 262311 262366 262372 262715 262721 263866 263872 266147 266153 267084 267090 267886 267892 269636 269642 272806 272812 274163 274169 275618 275624 276183 276189 277753 277759 278994 279000 280382 280388 280835 280841 280843 280849 283994 284000 284138 284144 284685 284691 285512 285518 288525 288531 288985 288991 289094 289100 289807 289813 290962 290968 290970 290976 292294 292300 293721 293727 294314 294320 294794 294800 295221 295227 295594 295600 296226 296232 296294 296300 296794 296800 296811 296817 297010 297016 297019 297025 297029 297035 297038 297044 297589 297595 299088 299094 299453 299459 300105 300111 303213 303219 303294 303300 307272 307278 309231 309237 312646 312652 314239 314245 314410 314416 314583 314589 314756 314762 314908 314914 315361 315367 317094 317100 317767 317773 318715 318721 319814 319820 319822 319828 320879 320885 322588 322594 322608 322614 322639 322645 325985 325991 326324 326330 328431 328437 330167 330173 332419 332425 332879 332885 333020 333026 334037 334043 335194 335200 335747 335753 337929 337935 338470 338476 340306 340312 340708 340714 344240 344246 345932 345938 346480 346486 350686 350692 351094 351100 351918 351924 352594 352600 353872 353878 354694 354700 356150 356156 357032 357038 357774 357780 361184 361190 362037 362043 364494 364500 365627 365633 366434 366440 372977 372983 374349 374355 376845 376851 379794 379800 382069 382075 382184 382190 382554 382560 383814 383820 385293 385299 385758 385764 386375 386381 387342 387348 392294 392300 396566 396572 398027 398033 400910 400916 403144 403150 405779 405785 407294 407300 408483 408489 409470 409476 414762 414768 414911 414917 418866 418872 420449 420455 421610 421616 424994 425000 425510 425516 427520 427526 429821 429827 431947 431953 432724 432730 433032 433038 436613 436619 438040 438046 439880 439886 441394 441400 442650 442656 442731 442737 444954 444960 445994 446000 446973 446979 447449 447455 447532 447538 447717 447723 450059 450065 450278 450284 457094 457100 458769 458775 460763 460769 464550 464556 464638 464644 465794 465800 467281 467287 469021 469027 470694 470700 473918 473924 474042 474048 475254 475260 476592 476598 477034 477040 480794 480800 482640 482646 483644 483650 485594 485600 487719 487725 489213 489219 490194 490200 490412 490418 490863 490869 491016 491022 494794 494800 495940 495946 496603 496609 499445 499451 501022 501028 501694 501700 503150 503156 505328 505334 508875 508881 510085 510091 510566 510572 512321 512327 512994 513000 514031 514037 516280 516286 516512 516518 519753 519759 525694 525700 527431 527437 534869 534875 535355 535361 536325 536331 538894 538900 538926 538932 539377 539383 539385 539391 539976 539982 540967 540973 541110 541116 542825 542831 546672 546678 548164 548170 549747 549753 550963 550969 554835 554841 556751 556757 558685 558691 564348 564354 565594 565600 566173 566179 566848 566854 572204 572210 572247 572253 573473 573479 573777 573783 574639 574645 575016 575022 576893 576899 577356 577362 578571 578577 579121 579127 582115 582121 583420 583426 583794 583800 585302 585308 587627 587633 589170 589176 590867 590873 592123 592129 592579 592585 592854 592860 595047 595053 595076 595082 595491 595497 595812 595818 596175 596181 597253 597259 597947 597953 598338 598344 598857 598863 598921 598927 598975 598981 601138 601144 601564 601570 602376 602382 604888 604894 605294 605300 605558 605564 606306 606312 607121 607127 608622 608628 610421 610427 610967 610973 611236 611242 612094 612100 612494 612500 613941 613947 616524 616530 619981 619987 620176 620182 620332 620338 623505 623511 623531 623537 623919 623925 624979 624985 625611 625617 628255 628261 629294 629300 629831 629837 630922 630928 631917 631923 632938 632944 632980 632986 634027 634033 634462 634468 635113 635119 635389 635395 636846 636852 636859 636865 637194 637200 638116 638122 640375 640381 640394 640400 640414 640420 640457 640463 642558 642564 644631 644637 645050 645056 645090 645096 645274 645280 645783 645789 645826 645832 645850 645856 647246 647252 648351 648357 649076 649082 651842 651848 653448 653454 653551 653557 655132 655138 657324 657330 657757 657763 658284 658290 658846 658852 658854 658860 659176 659182 659646 659652 662688 662694 662804 662810 663345 663351 663894 663900 665938 665944 665961 665967 668640 668646 669494 669500 670466 670472 671104 671110 672552 672558 673372 673378 673384 673390 675271 675277 675856 675862 678567 678573 679355 679361 680210 680216 681013 681019 683294 683300 686257 686263 686386 686392 688834 688840 690871 690877 694494 694500 695555 695561 696278 696284 696452 696458 697242 697248 698918 698924 699528 699534 701682 701688 703236 703242 703389 703395 703742 703748 704343 704349 704718 704724 705548 705554 707032 707038 707094 707100 710274 710280 710606 710612 713494 713500 713662 713668 713828 713834 714688 714694 715776 715782 717481 717487 718194 718200 719545 719551 
7 493
1418 1425 1477 1484 1663 1670 5545 5552 11713 11720 11770 11777 15842 15849 17651 17658 19488 19495 21128 21135 22579 22586 22710 22717 25734 25741 26093 26100 27455 27462 30577 30584 31514 31521 31653 31660 33302 33309 33493 33500 34010 34017 44180 44187 45060 45067 49613 49620 52449 52456 52931 52938 54761 54768 55060 55067 56619 56626 57093 57100 61565 61572 61829 61836 62170 62177 62512 62519 64605 64612 69629 69636 70493 70500 74093 74100 74293 74300 75815 75822 79371 79378 84993 85000 85224 85231 86312 86319 86329 86336 86348 86355 86693 86700 87931 87938 88221 88228 88293 88300 92014 92021 93729 93736 93835 93842 94013 94020 94260 94267 98785 98792 99155 99162 99670 99677 99993 100000 100319 100326 100975 100982 102442 102449 105069 105076 105811 105818 107318 107325 107604 107611 110924 110931 112540 112547 113102 113109 115316 115323 115878 115885 117310 117317 117622 117629 120338 120345 120955 120962 122775 122782 123312 123319 124450 124457 127306 127313 127886 127893 128241 128248 128674 128681 129680 129687 129942 129949 130315 130322 130590 130597 134993 135000 135229 135236 136847 136854 138622 138629 138631 138638 139893 139900 141066 141073 142366 142373 144137 144144 145366 145373 146252 146259 149218 149225 153611 153618 156269 156276 160936 160943 162085 162092 162493 162500 162508 162515 165616 165623 167693 167700 167751 167758 169979 169986 172521 172528 173023 173030 176515 176522 176793 176800 176838 176845 176859 176866 177323 177330 177348 177355 179244 179251 180257 180264 185443 185450 187020 187027 191693 191700 194372 194379 195554 195561 195575 195582 198386 198393 203093 203100 203866 203873 204951 204958 206463 206470 207193 207200 208622 208629 210803 210810 211156 211163 211211 211218 211622 211629 212019 212026 212917 212924 213320 213327 213431 213438 213461 213468 215943 215950 216793 216800 217757 217764 217829 217836 218441 218448 218675 218682 222959 222966 224446 224453 224536 224543 227742 227749 228737 228744 229152 229159 229460 229467 232150 232157 235232 235239 236486 236493 237209 237216 237852 237859 237975 237982 238093 238100 239487 239494 239664 239671 239917 239924 240330 240337 240541 240548 246681 246688 246785 246792 248728 248735 249636 249643 249646 249653 251811 251818 251931 251938 252027 252034 252036 252043 253275 253282 253620 253627 253748 253755 257547 257554 264469 264476 264521 264528 264908 264915 269164 269171 272936 272943 276639 276646 281313 281320 282993 283000 283569 283576 285079 285086 285820 285827 288317 288324 288572 288579 288663 288670 289393 289400 289837 289844 290281 290288 290932 290939 292593 292600 293246 293253 300881 300888 301554 301561 305224 305231 307724 307731 308374 308381 310242 310249 313216 313223 313345 313352 314422 314429 315167 315174 315866 315873 315974 315981 316693 316700 316910 316917 318817 318824 319493 319500 320222 320229 320427 320434 322093 322100 322171 322178 324086 324093 324159 324166 326165 326172 327718 327725 327733 327740 328270 328277 328793 328800 329621 329628 330282 330289 330526 330533 332593 332600 333629 333636 333693 333700 334251 334258 334280 334287 335778 335785 340565 340572 342293 342300 344032 344039 345217 345224 346247 346254 346886 346893 346939 346946 346979 346986 348461 348468 349792 349799 351449 351456 352860 352867 353354 353361 353765 353772 354118 354125 355775 355782 357062 357069 358180 358187 358317 358324 362893 362900 368711 368718 369093 369100 371119 371126 371293 371300 372644 372651 373882 373889 374510 374517 375769 375776 377377 377384 386406 386413 386493 386500 389319 389326 389885 389892 390117 390124 391153 391160 391163 391170 392038 392045 393313 393320 396707 396714 398487 398494 399270 399277 399509 399516 400931 400938 404036 404043 404388 404395 408363 408370 408540 408547 409122 409129 409166 409173 412184 412191 412993 413000 414890 414897 415002 415009 417265 417272 417872 417879 418741 418748 420493 420500 421993 422000 429510 429517 432778 432785 432888 432895 435793 435800 436193 436200 438293 438300 440237 440244 440489 440496 445326 445333 447510 447517 448837 448844 450646 450653 451976 451983 452834 452841 453893 453900 454573 454580 455124 455131 455275 455282 457044 457051 457893 457900 461893 461900 463924 463931 464141 464148 465228 465235 468648 468655 472729 472736 472760 472767 473954 473961 474080 474087 480681 480688 482284 482291 483484 483491 483569 483576 487107 487114 491161 491168 495146 495153 495912 495919 497951 497958 501978 501985 506271 506278 510014 510021 510293 510300 516270 516277 519926 519933 523551 523558 523788 523795 524306 524313 528065 528072 529763 529770 530370 530377 532651 532658 532768 532775 536951 536958 538854 538861 538964 538971 540979 540986 542578 542585 544015 544022 544146 544153 545028 545035 545071 545078 545954 545961 550022 550029 553846 553853 554675 554682 557166 557173 558646 558653 559093 559100 559255 559262 561023 561030 561150 561157 562365 562372 562659 562666 563361 563368 566973 566980 567567 567574 567577 567584 567992 567999 569337 569344 572693 572700 574393 574400 574604 574611 575131 575138 575140 575147 576573 576580 579593 579600 580077 580084 580248 580255 585756 585763 585993 586000 587127 587134 590118 590125 593138 593145 593493 593500 594754 594761 594803 594810 596112 596119 596857 596864 598877 598884 599353 599360 600280 600287 601493 601500 602522 602529 603931 603938 605502 605509 606005 606012 609510 609517 611869 611876 613142 613149 614210 614217 616868 616875 622257 622264 622516 622523 623834 623841 624917 624924 626358 626365 626835 626842 630584 630591 630981 630988 632093 632100 633264 633271 633411 633418 634452 634459 637693 637700 640018 640025 640093 640100 640350 640357 642523 642530 643593 643600 643993 644000 644206 644213 645705 645712 645755 645762 645890 645897 646481 646488 647014 647021 647057 647064 647930 647937 650023 650030 650735 650742 651553 651560 652767 652774 654955 654962 655066 655073 656493 656500 656617 656624 656793 656800 657052 657059 658918 658925 659611 659618 661265 661272 661652 661659 664353 664360 664427 664434 665812 665819 665972 665979 666165 666172 666345 666352 668293 668300 669147 669154 669971 669978 670105 670112 671979 671986 672693 672700 673349 673356 674849 674856 676713 676720 678155 678162 678577 678584 679832 679839 681679 681686 688163 688170 689173 689180 689968 689975 690435 690442 690748 690755 693546 693553 694022 694029 695370 695377 697836 697843 698974 698981 699310 699317 700623 700630 701369 701376 702880 702887 704653 704660 705232 705239 705277 705284 706393 706400 706464 706471 707622 707629 708070 708077 709938 709945 710236 710243 711069 711076 712718 712725 713478 713485 713730 713737 716712 716719 717293 717300 719793 719800 
8 414
1880 1888 3492 3500 6810 6818 6917 6925 6986 6994 7092 7100 7773 7781 8965 8973 10304 10312 10450 10458 11290 11298 13835 13843 13949 13957 14070 14078 16785 16793 16887 16895 17545 17553 19548 19556 20917 20925 22459 22467 22521 22529 23240 23248 26262 26270 26872 26880 27142 27150 30024 30032 30680 30688 32655 32663 38092 38100 38522 38530 38672 38680 38771 38779 41111 41119 41213 41221 43345 43353 45876 45884 46566 46574 48469 48477 51488 51496 57930 57938 63171 63179 67756 67764 70744 70752 70958 70966 71420 71428 71609 71617 73492 73500 74243 74251 76180 76188 76279 76287 77475 77483 80554 80562 82609 82617 83546 83554 84145 84153 86865 86873 88208 88216 89035 89043 89892 89900 90042 90050 91426 91434 92345 92353 95584 95592 96914 96922 98876 98884 100831 100839 101735 101743 103479 103487 104679 104687 107807 107815 111045 111053 112279 112287 112577 112585 112731 112739 114015 114023 114844 114852 115009 115017 116710 116718 121553 121561 121833 121841 122454 122462 124473 124481 126592 126600 127092 127100 131148 131156 133692 133700 135260 135268 136432 136440 137915 137923 140249 140257 142136 142144 142157 142165 142320 142328 148092 148100 148792 148800 149258 149266 150064 150072 150310 150318 150609 150617 151514 151522 152179 152187 152320 152328 152510 152518 155642 155650 155841 155849 156930 156938 159392 159400 159544 159552 159557 159565 162115 162123 162963 162971 164672 164680 165818 165826 175092 175100 176870 176878 176984 176992 177448 177456 177525 177533 178054 178062 178858 178866 179034 179042 179192 179200 180457 180465 180537 180545 181571 181579 183383 183391 185206 185214 185352 185360 186692 186700 188066 188074 190312 190320 190578 190586 193847 193855 194175 194183 196531 196539 197329 197337 199084 199092 202950 202958 203220 203228 203277 203285 204347 204355 206892 206900 208585 208593 209916 209924 211392 211400 214778 214786 219725 219733 221211 221219 223182 223190 224230 224238 224815 224823 224876 224884 224949 224957 226858 226866 230639 230647 233147 233155 233574 233582 235381 235389 237922 237930 237944 237952 238692 238700 241704 241712 243452 243460 248539 248547 249314 249322 249331 249339 256938 256946 259404 259412 261515 261523 261664 261672 263074 263082 263737 263745 267292 267300 267473 267481 269176 269184 269375 269383 270052 270060 270079 270087 272117 272125 277017 277025 278013 278021 278152 278160 278969 278977 279784 279792 280392 280400 281840 281848 284163 284171 284303 284311 284611 284619 285176 285184 291774 291782 292081 292089 294944 294952 299282 299290 300253 300261 300325 300333 301574 301582 303013 303021 303113 303121 305212 305220 307141 307149 309675 309683 310722 310730 312272 312280 318474 318482 321030 321038 322479 322487 323163 323171 323723 323731 326542 326550 328292 328300 332242 332250 332615 332623 332818 332826 333932 333940 335792 335800 336235 336243 337951 337959 339266 339274 341855 341863 342892 342900 346445 346453 348114 348122 349411 349419 352222 352230 358617 358625 359041 359049 360158 360166 363271 363279 365155 365163 373075 373083 375083 375091 375654 375662 376619 376627 377619 377627 378776 378784 381191 381199 382792 382800 386775 386783 391124 391132 391637 391645 395392 395400 395955 395963 397754 397762 399761 399769 400492 400500 400743 400751 406667 406675 406878 406886 407592 407600 407945 407953 415644 415652 417747 417755 418892 418900 420181 420189 421773 421781 424592 424600 426888 426896 428544 428552 431255 431263 432714 432722 433012 433020 433529 433537 436292 436300 440019 440027 441245 441253 441792 441800 442070 442078 442720 442728 443339 443347 443577 443585 449118 449126 450636 450644 454583 454591 458042 458050 459505 459513 463877 463885 468769 468777 469091 469099 473943 473951 475265 475273 479675 479683 480644 480652 483880 483888 484065 484073 486652 486660 488360 488368 488842 488850 490773 490781 492111 492119 495868 495876 498006 498014 499039 499047 502216 502224 510023 510031 515453 515461 517017 517025 521443 521451 525592 525600 527643 527651 528430 528438 531313 531321 537942 537950 539719 539727 542557 542565 543561 543569 543825 543833 546235 546243 549439 549447 552712 552720 556312 556320 556838 556846 560920 560928 561139 561147 565116 565124 567376 567384 569383 569391 570135 570143 570328 570336 570618 570626 571115 571123 572092 572100 573647 573655 573719 573727 574629 574637 575088 575096 580125 580133 580492 580500 582577 582585 585315 585323 585813 585821 585942 585950 588761 588769 589078 589086 589134 589142 589148 589156 589313 589321 590076 590084 592971 592979 594210 594218 599266 599274 600792 600800 601382 601390 604162 604170 604172 604180 609112 609120 611005 611013 613633 613641 617749 617757 617933 617941 618147 618155 624165 624173 624556 624564 626825 626833 630153 630161 630269 630277 632537 632545 633915 633923 634962 634970 635410 635418 638042 638050 639149 639157 642534 642542 644883 644891 644982 644990 646592 646600 651878 651886 656718 656726 657064 657072 657314 657322 657767 657775 663642 663650 663860 663868 669620 669628 671165 671173 671545 671553 672834 672842 675816 675824 676871 676879 677038 677046 678592 678600 678806 678814 679492 679500 681325 681333 681429 681437 688058 688066 689691 689699 690192 690200 691066 691074 692092 692100 693955 693963 694409 694417 695476 695484 697011 697019 698173 698181 698466 698474 698907 698915 703345 703353 704683 704691 704731 704739 705112 705120 705472 705480 705980 705988 706105 706113 706127 706135 706140 706148 706878 706886 706992 707000 707542 707550 712363 712371 712492 712500 712814 712822 712992 713000 719020 719028 
9 426
245 254 5691 5700 8784 8793 9875 9884 12464 12473 12491 12500 13768 13777 18091 18100 18491 18500 23260 23269 23820 23829 24978 24987 26484 26493 26791 26800 27833 27842 29516 29525 30844 30853 32291 32300 32774 32783 35409 35418 37824 37833 38591 38600 38751 38760 41741 41750 45015 45024 45308 45317 46305 46314 48941 48950 49328 49337 51818 51827 54633 54642 56246 56255 58527 58536 59877 59886 61439 61448 64160 64169 64521 64530 66670 66679 68658 68667 69608 69617 70244 70253 70860 70869 71039 71048 71083 71092 76991 77000 79967 79976 79983 79992 80329 80338 80579 80588 80617 80626 81291 81300 82383 82392 84615 84624 84923 84932 87959 87968 91885 91894 97870 97879 98636 98645 98750 98759 99915 99924 102704 102713 103491 103500 106144 106153 112528 112537 113870 113879 115756 115765 120529 120538 121570 121579 122763 122772 123710 123719 124268 124277 124462 124471 124616 124625 124645 124654 127219 127228 128230 128239 131122 131131 132454 132463 134979 134988 135272 135281 138572 138581 143491 143500 144159 144168 151406 151415 159863 159872 160614 160623 160881 160890 163719 163728 166477 166486 171122 171131 171325 171334 171384 171393 171825 171834 172558 172567 173515 173524 174027 174036 174038 174047 176425 176434 176676 176685 178871 178880 179691 179700 181215 181224 181273 181282 181581 181590 185569 185578 186016 186025 187779 187788 188077 188086 188272 188281 188552 188561 190091 190100 193060 193069 193991 194000 196991 197000 197508 197517 200568 200577 201567 201576 202591 202600 206113 206122 206413 206422 206951 206960 212967 212976 214171 214180 215235 215244 216514 216523 217734 217743 217955 217964 221248 221257 221978 221987 224659 224668 226452 226461 226652 226661 228363 228372 228375 228384 228791 228800 229743 229752 229859 229868 229987 229996 232512 232521 235216 235225 236362 236371 239851 239860 243464 243473 243533 243542 247350 247359 247625 247634 247891 247900 249262 249271 250780 250789 253767 253776 254084 254093 254724 254733 255340 255349 259280 259289 260517 260526 260891 260900 261416 261425 262289 262298 267159 267168 267233 267242 267491 267500 267979 267988 268910 268919 269462 269471 272680 272689 274291 274300 275578 275587 283091 283100 285231 285240 288937 288946 289379 289388 293044 293053 294122 294131 294261 294270 294908 294917 295389 295398 297124 297133 297425 297434 303068 303077 305266 305275 305346 305355 309686 309695 311910 311919 312291 312300 312817 312826 314216 314225 314443 314452 315477 315486 317120 317129 317191 317200 317974 317983 321191 321200 324242 324251 326437 326446 327475 327484 328247 328256 331224 331233 333045 333054 333167 333176 333610 333619 334024 334033 336063 336072 338191 338200 340906 340915 340917 340926 341422 341431 346741 346750 350659 350668 351762 351771 352776 352785 352815 352824 354176 354185 354885 354894 357342 357351 357646 357655 359135 359144 359434 359443 360291 360300 367847 367856 368728 368737 369022 369031 370041 370050 370891 370900 373850 373859 376630 376639 378485 378494 378523 378532 391839 391848 397743 397752 397836 397845 399644 399653 400318 400327 401107 401116 403130 403139 403154 403163 403338 403347 403837 403846 405273 405282 415616 415625 416566 416575 418813 418822 419691 419700 420414 420423 424191 424200 431044 431053 432791 432800 433121 433130 436905 436914 439111 439120 439764 439773 440156 440165 444168 444177 447871 447880 449313 449322 449360 449369 452142 452151 453848 453857 453875 453884 455880 455889 456572 456581 456691 456700 457011 457020 458615 458624 458757 458766 459525 459534 460877 460886 462368 462377 463913 463922 466678 466687 468618 468627 471666 471675 473579 473588 473928 473937 475477 475486 479419 479428 480620 480629 483705 483714 483809 483818 484045 484054 484177 484186 485669 485678 487175 487184 490874 490883 492005 492014 499522 499531 504271 504280 508059 508068 509127 509136 510247 510256 514175 514184 514691 514700 515367 515376 515485 515494 515723 515732 518457 518466 519047 519056 520325 520334 520341 520350 525215 525224 528910 528919 529169 529178 530379 530388 531365 531374 531378 531387 532681 532690 533635 533644 533855 533864 538864 538873 540313 540322 542531 542540 542980 542989 545463 545472 546271 546280 549681 549690 550081 550090 550391 550400 550677 550686 552812 552821 559280 559289 562150 562159 562714 562723 575453 575462 575507 575516 576091 576100 578922 578931 579711 579720 580257 580266 580755 580764 581344 581353 583783 583792 584457 584466 586248 586257 586286 586295 586525 586534 586632 586641 590086 590095 590883 590892 591013 591022 595036 595045 596040 596049 596070 596079 597841 597850 599742 599751 599985 599994 600749 600758 601479 601488 604574 604583 605277 605286 606769 606778 610430 610439 612879 612888 614291 614300 615837 615846 615888 615897 617133 617142 619076 619085 619430 619439 619446 619455 619806 619815 620547 620556 622012 622021 622718 622727 628502 628511 628525 628534 629417 629426 631140 631149 633818 633827 633891 633900 634471 634480 634856 634865 634987 634996 635351 635360 635719 635728 636477 636486 640364 640373 640438 640447 640717 640726 640832 640841 641249 641258 644482 644491 646972 646981 647066 647075 647378 647387 650591 650600 651563 651572 658228 658237 658718 658727 660656 660665 661059 661068 663443 663452 667607 667616 668968 668977 669782 669791 671582 671591 671991 672000 673232 673241 676191 676200 683776 683785 685016 685025 685183 685192 685279 685288 685342 685351 686159 686168 689638 689647 691441 691450 691647 691656 692269 692278 693972 693981 694552 694561 694665 694674 695382 695391 695865 695874 698319 698328 699719 699728 700647 700656 700679 700688 701691 701700 704142 704151 705122 705131 705563 705572 705591 705600 708044 708053 708928 708937 709755 709764 712088 712097 714073 714082 
10 363
131 141 1405 1415 5650 5660 6419 6429 7411 7421 9159 9169 14035 14045 15045 15055 17381 17391 20547 20557 20775 20785 21576 21586 25029 25039 27218 27228 27977 27987 29315 29325 31550 31560 31609 31619 39551 39561 45372 45382 46174 46184 46348 46358 46615 46625 47745 47755 64181 64191 64919 64929 66327 66337 66339 66349 66490 66500 66890 66900 68745 68755 70417 70427 72587 72597 74021 74031 75916 75926 76962 76972 77840 77850 82314 82324 82715 82725 84337 84347 84352 84362 87847 87857 97937 97947 99167 99177 100875 100885 101354 101364 101722 101732 109158 109168 109170 109180 112511 112521 112883 112893 115423 115433 115611 115621 117341 117351 118112 118122 119277 119287 124037 124047 124054 124064 124790 124800 125622 125632 132439 132449 133830 133840 135979 135989 136865 136875 137090 137100 138335 138345 138544 138554 140668 140678 143808 143818 144278 144288 150077 150087 150483 150493 151526 151536 153114 153124 153877 153887 154139 154149 155774 155784 156122 156132 159569 159579 159674 159684 161561 161571 163564 163574 166488 166498 167357 167367 168086 168096 169966 169976 170512 170522 170616 170626 174639 174649 175390 175400 175520 175530 175990 176000 178536 178546 181943 181953 182255 182265 185144 185154 189550 189560 189570 189580 192867 192877 195710 195720 197848 197858 198665 198675 201550 201560 211230 211240 212570 212580 215135 215145 216056 216066 220741 220751 222869 222879 223490 223500 225808 225818 226290 226300 228617 228627 235109 235119 235830 235840 237346 237356 241657 241667 242520 242530 243983 243993 244724 244734 246418 246428 246832 246842 247769 247779 248320 248330 248632 248642 249703 249713 252775 252785 253118 253128 256419 256429 257855 257865 260534 260544 265290 265300 265915 265925 266307 266317 270448 270458 271235 271245 271262 271272 272226 272236 272576 272586 274640 274650 276902 276912 277221 277231 280543 280553 280588 280598 283537 283547 284429 284439 285753 285763 286590 286600 287547 287557 288951 288961 292417 292427 294930 294940 299265 299275 300466 300476 301612 301622 303223 303233 308280 308290 311955 311965 312749 312759 316642 316652 317167 317177 317917 317927 319083 319093 319151 319161 324181 324191 326040 326050 328320 328330 329249 329259 331477 331487 331490 331500 332729 332739 333318 333328 336137 336147 336157 336167 336171 336181 338405 338415 338450 338460 338682 338692 340090 340100 340745 340755 342236 342246 342488 342498 345818 345828 346871 346881 347171 347181 347377 347387 348578 348588 350721 350731 351003 351013 354868 354878 355348 355358 356137 356147 356583 356593 359163 359173 362583 362593 365836 365846 366506 366516 366619 366629 368042 368052 368814 368824 373870 373880 375714 375724 376804 376814 393248 393258 396548 396558 397822 397832 398876 398886 408373 408383 408550 408560 410709 410719 411923 411933 414163 414173 415773 415783 419927 419937 422067 422077 425623 425633 429379 429389 432970 432980 437982 437992 438981 438991 440254 440264 443690 443700 444941 444951 446990 447000 448412 448422 449643 449653 451442 451452 451488 451498 451873 451883 455188 455198 455222 455232 455517 455527 455552 455562 456810 456820 457972 457982 461431 461441 464517 464527 467664 467674 468509 468519 472971 472981 474245 474255 478324 478334 483290 483300 483415 483425 485970 485980 493147 493157 494730 494740 497190 497200 498020 498030 504314 504324 505077 505087 509563 509573 511843 511853 512049 512059 512580 512590 515436 515446 520390 520400 524948 524958 525969 525979 526947 526957 531563 531573 537583 537593 539290 539300 543316 543326 546746 546756 560749 560759 561007 561017 563963 563973 566433 566443 567810 567820 568990 569000 571126 571136 578210 578220 580649 580659 581622 581632 586158 586168 586855 586865 586963 586973 587390 587400 587607 587617 588414 588424 588918 588928 589371 589381 589809 589819 591252 591262 591265 591275 593414 593424 595790 595800 597921 597931 598476 598486 599363 599373 599909 599919 602258 602268 604852 604862 604871 604881 607635 607645 610378 610388 610952 610962 611019 611029 611308 611318 613646 613656 618781 618791 618942 618952 621585 621595 622527 622537 622938 622948 624114 624124 626890 626900 627030 627040 629815 629825 631858 631868 633644 633654 634826 634836 635269 635279 635855 635865 641343 641353 641916 641926 642209 642219 643216 643226 645862 645872 651040 651050 655048 655058 660819 660829 662675 662685 664932 664942 667733 667743 668676 668686 669633 669643 670118 670128 671559 671569 675250 675260 678324 678334 681312 681322 681577 681587 681878 681888 682243 682253 684852 684862 687866 687876 688710 688720 689917 689927 690446 690456 690560 690570 691934 691944 693460 693470 694651 694661 694816 694826 698307 698317 698626 698636 698690 698700 700390 700400 700838 700848 700881 700891 700950 700960 701559 701569 702283 702293 706865 706875 710674 710684 711247 711257 711659 711669 715546 715556 715790 715800 717362 717372 719219 719229 
11 297
2113 2124 2145 2156 3555 3566 9918 9929 10466 10477 12222 12233 12539 12550 13019 13030 22423 22434 26842 26853 27342 27353 27608 27619 30217 30228 31248 31259 37264 37275 38652 38663 45258 45269 50212 50223 55079 55090 56824 56835 59354 59365 62384 62395 62707 62718 63068 63079 64575 64586 67828 67839 67842 67853 70429 70440 73853 73864 77878 77889 82331 82342 82689 82700 89060 89071 91474 91485 95229 95240 97857 97868 104016 104027 110426 110437 110715 110726 112648 112659 114972 114983 115743 115754 123179 123190 123519 123530 124630 124641 139079 139090 141470 141481 141917 141928 142175 142186 145302 145313 146724 146735 150521 150532 155471 155482 156278 156289 161243 161254 161508 161519 162973 162984 164218 164229 176762 176773 179755 179766 185014 185025 189689 189700 190431 190442 191389 191400 193614 193625 193659 193670 199057 199068 199589 199600 200961 200972 202520 202531 203441 203452 214711 214722 215114 215125 215217 215228 216068 216079 217582 217593 218242 218253 218810 218821 219274 219285 224924 224935 229643 229654 231169 231180 235040 235051 237775 237786 238658 238669 251868 251879 253360 253371 253905 253916 256628 256639 258715 258726 258728 258739 260589 260600 261578 261589 269644 269655 270772 270783 275274 275285 275778 275789 276971 276982 277234 277245 277384 277395 279956 279967 280773 280784 281269 281280 281354 281365 281781 281792 283511 283522 286575 286586 287326 287337 289689 289700 291416 291427 293231 293242 296173 296184 300229 300240 300312 300323 300970 300981 308534 308545 311258 311269 312042 312053 316089 316100 316519 316530 316663 316674 317940 317951 322619 322630 322939 322950 325850 325861 331317 331328 332844 332855 333640 333651 336581 336592 339355 339366 341887 341898 342436 342447 344621 344632 346652 346663 348446 348457 350972 350983 351047 351058 354138 354149 358572 358583 365360 365371 365652 365663 367761 367772 368770 368781 373809 373820 377107 377118 377232 377243 378789 378800 380406 380417 382032 382043 383609 383620 393326 393337 398819 398830 399680 399691 407380 407391 407916 407927 408585 408596 410353 410364 413315 413326 414145 414156 414945 414956 416289 416300 420780 420791 422414 422425 428419 428430 430842 430853 431632 431643 437215 437226 437269 437280 440124 440135 441848 441859 445223 445234 445379 445390 446919 446930 449655 449666 455989 456000 457025 457036 459650 459661 459718 459729 461247 461258 461453 461464 462082 462093 468789 468800 472935 472946 482649 482660 484913 484924 487308 487319 488668 488679 489283 489294 494365 494376 496615 496626 500111 500122 501649 501660 502671 502682 505177 505188 508641 508652 511113 511124 511666 511677 515211 515222 515784 515795 516821 516832 517731 517742 519031 519042 521402 521413 522709 522720 526126 526137 528936 528947 529071 529082 532668 532679 535767 535778 537550 537561 541540 541551 542707 542718 546522 546533 547289 547300 548354 548365 549277 549288 550621 550632 554363 554374 558589 558600 560586 560597 561377 561388 562922 562933 562936 562947 571319 571330 571646 571657 571782 571793 572769 572780 578676 578687 584754 584765 589919 589930 592666 592677 594078 594089 595060 595071 595451 595462 596889 596900 601823 601834 602550 602561 607189 607200 607948 607959 612615 612626 615437 615448 615459 615470 623621 623632 623971 623982 628209 628220 631108 631119 631549 631560 633309 633320 634718 634729 637508 637519 641089 641100 644342 644353 645740 645751 647616 647627 648107 648118 648628 648639 649314 649325 649346 649357 654208 654219 655264 655275 658656 658667 658819 658830 659961 659972 663262 663273 666966 666977 668728 668739 670258 670269 672019 672030 672818 672829 673219 673230 677065 677076 678735 678746 678751 678762 679213 679224 679256 679267 682568 682579 683211 683222 683426 683437 684386 684397 685661 685672 688677 688688 688757 688768 689245 689256 690724 690735 690855 690866 693557 693568 693849 693860 699571 699582 702089 702100 702431 702442 703223 703234 703515 703526 709923 709934 710985 710996 713271 713282 715614 715625 716764 716775 
12 333
3772 3784 4013 4025 4073 4085 6711 6723 7017 7029 7034 7046 8088 8100 13279 13291 13318 13330 13848 13860 14007 14019 16573 16585 20825 20837 22137 22149 24030 24042 30035 30047 32147 32159 32687 32699 32710 32722 39961 39973 41175 41187 41422 41434 52221 52233 52966 52978 54172 54184 55211 55223 57940 57952 59079 59091 61526 61538 61716 61728 68573 68585 72870 72882 76975 76987 78430 78442 79813 79825 81215 81227 82735 82747 83114 83126 83830 83842 84322 84334 85208 85220 87917 87929 89148 89160 89714 89726 92328 92340 97524 97536 99715 99727 103935 103947 105865 105877 109854 109866 110646 110658 110662 110674 113765 113777 114253 114265 114431 114443 117038 117050 119263 119275 119727 119739 123734 123746 125229 125241 126227 126239 127381 127393 132916 132928 133171 133183 133843 133855 136237 136249 137988 138000 138936 138948 140160 140172 140306 140318 143866 143878 146208 146220 151340 151352 153269 153281 154033 154045 154277 154289 156983 156995 157188 157200 157723 157735 158868 158880 160336 160348 160867 160879 161788 161800 162556 162568 166134 166146 171926 171938 176559 176571 179665 179677 180888 180900 182063 182075 187573 187585 187710 187722 187726 187738 190322 190334 196742 196754 197615 197627 197863 197875 201188 201200 202755 202767 204457 204469 204917 204929 217661 217673 219753 219765 222919 222931 223467 223479 225139 225151 228016 228028 228223 228235 237388 237400 237459 237471 237509 237521 240140 240152 241788 241800 242088 242100 242372 242384 245129 245141 246003 246015 246610 246622 249843 249855 249857 249869 251830 251842 254288 254300 255088 255100 255135 255147 257838 257850 259347 259359 267834 267846 267872 267884 269234 269246 272863 272875 274147 274159 280271 280283 281471 281483 282967 282979 283014 283026 285253 285265 291534 291546 295518 295530 295718 295730 297176 297188 299053 299065 304622 304634 306315 306327 308614 308626 310733 310745 312773 312785 315443 315455 315815 315827 316885 316897 320088 320100 322914 322926 329679 329691 330359 330371 332860 332872 332927 332939 335804 335816 341227 341239 342134 342146 343061 343073 344853 344865 350671 350683 352041 352053 358658 358670 358723 358735 360414 360426 360476 360488 360855 360867 361923 361935 363670 363682 365932 365944 366667 366679 367012 367024 368741 368753 370361 370373 371548 371560 382049 382061 383384 383396 390126 390138 395582 395594 396124 396136 405659 405671 411330 411342 412166 412178 412578 412590 414671 414683 415117 415129 415131 415143 419256 419268 419973 419985 422427 422439 423034 423046 424024 424036 427547 427559 431724 431736 433132 433144 433579 433591 438458 438470 441149 441161 442540 442552 442775 442787 445667 445679 451426 451438 457815 457827 458061 458073 459166 459178 459427 459439 460330 460342 467228 467240 468572 468584 475815 475827 476313 476325 478805 478817 479552 479564 488345 488357 495588 495600 496188 496200 498326 498338 500525 500537 500931 500943 502559 502571 504257 504269 505156 505168 507415 507427 510150 510162 510207 510219 511508 511520 515379 515391 515575 515587 516021 516033 516934 516946 519727 519739 526619 526631 527409 527421 528411 528423 530482 530494 531829 531841 542057 542069 543111 543123 545665 545677 547034 547046 547988 548000 548368 548380 549469 549481 550356 550368 550444 550456 550716 550728 554561 554573 561180 561192 563447 563459 568620 568632 569821 569833 575478 575490 577803 577815 578223 578235 580779 580791 581552 581564 582155 582167 585574 585586 585770 585782 585848 585860 588255 588267 588441 588453 589027 589039 589326 589338 594036 594048 596211 596223 596872 596884 599136 599148 601969 601981 603147 603159 612717 612729 614188 614200 614507 614519 614719 614731 617166 617178 618171 618183 618968 618980 620569 620581 621632 621644 623317 623329 623670 623682 627048 627060 631937 631949 634424 634436 635520 635532 636515 636527 640114 640126 642948 642960 643072 643084 644185 644197 647344 647356 647570 647582 647635 647647 648324 648336 650653 650665 653508 653520 658239 658251 658635 658647 659160 659172 660667 660679 661286 661298 663065 663077 663380 663392 665326 665338 666134 666146 668954 668966 671351 671363 674131 674143 675836 675848 678470 678482 681563 681575 688618 688630 689272 689284 691117 691129 692059 692071 694519 694531 694536 694548 699364 699376 700968 700980 703559 703571 705179 705191 707428 707440 710615 710627 710944 710956 711259 711271 713637 713649 714388 714400 715055 715067 718511 718523 718525 718537 718788 718800 719775 719787 719905 719917 
13 251
1271 1284 4977 4990 8366 8379 13456 13469 13750 13763 19454 19467 19722 19735 27326 27339 27621 27634 30616 30629 31059 31072 32602 32615 34022 34035 36240 36253 43732 43745 44581 44594 44724 44737 44973 44986 45319 45332 45823 45836 49639 49652 56672 56685 56922 56935 61246 61259 62226 62239 64959 64972 68112 68125 73587 73600 74225 74238 75333 75346 75838 75851 79356 79369 82347 82360 87130 87143 93424 93437 96145 96158 110746 110759 114039 114052 114926 114939 119460 119473 126864 126877 128043 128056 131342 131355 135870 135883 138310 138323 138643 138656 142606 142619 142821 142834 143166 143179 146505 146518 146739 146752 150240 150253 157973 157986 159267 159280 161573 161586 165175 165188 169059 169072 172187 172200 172765 172778 177369 177382 179119 179132 180238 180251 189840 189853 195359 195372 196250 196263 200856 200869 201147 201160 201287 201300 202574 202587 204053 204066 205779 205792 206214 206227 213604 213617 215479 215492 217687 217700 218469 218482 218587 218600 225954 225967 227036 227049 229310 229323 235451 235464 238034 238047 240526 240539 241268 241281 243279 243292 244704 244717 246657 246670 248705 248718 248739 248752 250468 250481 252456 252469 253854 253867 257314 257327 263262 263275 266127 266140 268763 268776 272640 272653 273629 273642 274111 274124 276587 276600 277337 277350 277946 277959 278064 278077 279712 279725 283476 283489 283551 283564 293987 294000 295533 295546 296264 296277 304176 304189 304426 304439 309035 309048 309244 309257 310747 310760 311163 311176 312021 312034 312617 312630 316552 316565 318614 318627 324256 324269 326148 326161 327920 327933 329550 329563 332257 332270 332280 332293 332487 332500 336622 336635 338348 338361 348132 348145 352721 352734 353367 353380 361303 361316 361410 361423 362173 362186 363362 363375 368755 368768 369707 369720 373828 373841 375017 375030 377673 377686 381659 381672 386087 386100 387009 387022 390560 390573 390617 390630 393483 393496 396576 396589 408466 408479 409813 409826 417918 417931 419619 419632 425247 425260 428121 428134 434942 434955 442187 442200 452677 452690 467145 467158 467242 467255 468753 468766 469574 469587 470423 470436 472955 472968 474217 474230 483840 483853 485921 485934 489142 489155 490541 490554 491337 491350 497284 497297 497769 497782 503129 503142 504155 504168 509972 509985 515466 515479 517030 517043 517617 517630 517642 517655 519014 519027 522061 522074 522113 522126 523750 523763 529451 529464 540266 540279 541520 541533 544622 544635 545251 545264 546764 546777 547924 547937 548533 548546 549661 549674 553312 553325 554147 554160 562273 562286 563462 563475 565064 565077 565717 565730 566271 566284 573624 573637 580476 580489 580985 580998 582009 582022 582508 582521 589987 590000 590516 590529 592168 592181 602632 602645 604141 604154 612013 612026 617227 617240 622844 622857 623427 623440 623652 623665 626341 626354 627746 627759 631380 631393 631565 631578 631636 631649 637661 637674 639274 639287 652176 652189 661216 661229 663771 663784 664608 664621 667217 667230 667232 667245 668850 668863 668979 668992 669470 669483 669765 669778 672187 672200 672329 672342 676668 676681 681464 681477 684022 684035 684137 684150 689230 689243 695173 695186 695739 695752 698187 698200 698415 698428 699349 699362 707060 707073 707280 707293 708427 708440 709624 709637 709903 709916 713412 713425 714218 714231 715425 715438 715520 715533 719564 719577 
14 212
227 241 1757 1771 3728 3742 8620 8634 11660 11674 13435 13449 15737 15751 17526 17540 33643 33657 38424 38438 38549 38563 41086 41100 41370 41384 45282 45296 47322 47336 50628 50642 56312 56326 61786 61800 62683 62697 64108 64122 65768 65782 67940 67954 70754 70768 87186 87200 91602 91616 92041 92055 94510 94524 98761 98775 101458 101472 107678 107692 112217 112231 118886 118900 128153 128167 137972 137986 138726 138740 150221 150235 152486 152500 158207 158221 160841 160855 165970 165984 168651 168665 172503 172517 173054 173068 177119 177133 179768 179782 182436 182450 191586 191600 193965 193979 196938 196952 197467 197481 200773 200787 202335 202349 206032 206046 207376 207390 207546 207560 210051 210065 213554 213568 217972 217986 222753 222767 225386 225400 230937 230951 233030 233044 235024 235038 242123 242137 247647 247661 248355 248369 249733 249747 252141 252155 252165 252179 253539 253553 257606 257620 267574 267588 270714 270728 272709 272723 272948 272962 277973 277987 284413 284427 286273 286287 298480 298494 301275 301289 303164 303178 304474 304488 310472 310486 310514 310528 315251 315265 318318 318332 320957 320971 321006 321020 322969 322983 323755 323769 324103 324117 332625 332639 334539 334553 335044 335058 339823 339837 345914 345928 347533 347547 348378 348392 348745 348759 350257 350271 351027 351041 351669 351683 352271 352285 356326 356340 357181 357195 358070 358084 358627 358641 358675 358689 369342 369356 386467 386481 389832 389846 390541 390555 393466 393480 394651 394665 404773 404787 405869 405883 406579 406593 408983 408997 409242 409256 417341 417355 421521 421535 421749 421763 427080 427094 430949 430963 435983 435997 437410 437424 437467 437481 442321 442335 448511 448525 449270 449284 457476 457490 461018 461032 462022 462036 463774 463788 464673 464687 467339 467353 467535 467549 468544 468558 468657 468671 470471 470485 474052 474066 475719 475733 480935 480949 481017 481031 484318 484332 488043 488057 488986 489000 496241 496255 497111 497125 502226 502240 507880 507894 510736 510750 514583 514597 516959 516973 520659 520673 520708 520722 523369 523383 524918 524932 525520 525534 532631 532645 533319 533333 536336 536350 536986 537000 539345 539359 542025 542039 552769 552783 556149 556163 560570 560584 565741 565755 569475 569489 574163 574177 575024 575038 578862 578876 578933 578947 582059 582073 584304 584318 591571 591585 594735 594749 601338 601352 605542 605556 608720 608734 609122 609136 609573 609587 610186 610200 614272 614286 615816 615830 617666 617680 632063 632077 632120 632134 633356 633370 634245 634259 634838 634852 635869 635883 651021 651035 653285 653299 653858 653872 672670 672684 674512 674526 675866 675880 679452 679466 682581 682595 689941 689955 692251 692265 694633 694647 697607 697621 697634 697648 710256 710270 713526 713540 714272 714286 715586 715600 716512 716526 718675 718689 
15 219
4455 4470 8571 8586 9853 9868 10915 10930 12683 12698 15363 15378 18029 18044 23853 23868 24082 24097 24961 24976 26015 26030 31342 31357 39885 39900 44319 44334 45851 45866 61914 61929 62410 62425 63014 63029 69510 69525 69662 69677 70667 70682 70685 70700 71466 71481 71553 71568 83375 83390 83518 83533 92840 92855 94037 94052 96075 96090 103008 103023 107660 107675 109583 109598 114819 114834 117374 117389 117632 117647 118014 118029 119705 119720 129314 129329 136218 136233 136673 136688 136885 136900 137943 137958 141414 141429 142968 142983 145820 145835 152161 152176 158620 158635 159229 159244 160960 160975 162164 162179 164329 164344 169942 169957 171064 171079 183129 183144 183978 183993 184029 184044 191372 191387 197665 197680 205524 205539 205748 205763 210659 210674 211007 211022 217477 217492 221285 221300 226945 226960 232918 232933 235242 235257 236685 236700 249657 249672 253169 253184 255466 255481 259073 259088 265168 265183 266351 266366 268146 268161 277074 277089 279681 279696 280315 280330 283849 283864 288674 288689 289904 289919 290680 290695 296830 296845 299125 299140 303985 304000 307485 307500 316676 316691 320850 320865 328452 328467 335016 335031 335722 335737 337970 337985 343041 343056 345941 345956 346951 346966 347138 347153 347866 347881 348149 348164 349568 349583 349720 349735 352079 352094 353070 353085 353325 353340 357474 357489 359764 359779 360456 360471 361327 361342 363231 363246 365423 365438 373253 373268 377314 377329 378713 378728 378733 378748 380314 380329 381108 381123 391822 391837 392250 392265 392729 392744 394353 394368 396972 396987 398083 398098 410155 410170 414618 414633 417278 417293 420465 420480 425653 425668 427668 427683 428443 428458 434068 434083 437282 437297 443883 443898 449957 449972 456967 456982 460066 460081 460206 460221 461285 461300 465818 465833 473425 473440 475448 475463 476822 476837 477708 477723 479472 479487 481819 481834 488450 488465 488819 488834 488903 488918 496018 496033 503105 503120 504065 504080 507436 507451 510754 510769 512370 512385 513478 513493 519838 519853 521785 521800 529151 529166 531152 531167 535451 535466 536456 536471 544025 544040 546556 546571 553767 553782 553871 553886 558508 558523 560078 560093 565546 565561 566485 566500 568785 568800 568921 568936 572648 572663 577928 577943 587962 587977 588109 588124 592708 592723 598826 598841 599770 599785 600132 600147 604528 604543 606836 606851 609746 609761 613236 613251 614250 614265 616642 616657 619036 619051 619058 619073 620515 620530 622730 622745 625433 625448 626011 626026 629973 629988 630028 630043 635217 635232 635621 635636 635973 635988 636875 636890 644146 644161 644215 644230 646464 646479 647912 647927 650767 650782 654243 654258 660968 660983 666318 666333 669169 669184 671721 671736 672737 672752 676071 676086 676626 676641 679585 679600 682743 682758 684948 684963 695757 695772 701663 701678 702485 702500 704027 704042 707633 707648 711564 711579 715710 715725 719745 719760 
16 209
2521 2537 8508 8524 8705 8721 9122 9138 15922 15938 18333 18349 18952 18968 21928 21944 22471 22487 26242 26258 26274 26290 26418 26434 31372 31388 37243 37259 46684 46700 56329 56345 62622 62638 63474 63490 65512 65528 67154 67170 72051 72067 73134 73150 79314 79330 79837 79853 80230 80246 81741 81757 84247 84263 89006 89022 90019 90035 108784 108800 111020 111036 111534 111550 114224 114240 115356 115372 119415 119431 119868 119884 122928 122944 134368 134384 148324 148340 150122 150138 152729 152745 153021 153037 154927 154943 155528 155544 156646 156662 162454 162470 166849 166865 168263 168279 169920 169936 172731 172747 174443 174459 174854 174870 185611 185627 188459 188475 190466 190482 195584 195600 195774 195790 200714 200730 201122 201138 202537 202553 208135 208151 217715 217731 218366 218382 219364 219380 221119 221135 223341 223357 231027 231043 236520 236536 237476 237492 242784 242800 242867 242883 245632 245648 246863 246879 254323 254339 256977 256993 259037 259053 260084 260100 261717 261733 262053 262069 263009 263025 263029 263045 275255 275271 285842 285858 286114 286130 288430 288446 293016 293032 295202 295218 299069 299085 304123 304139 308937 308953 309466 309482 311349 311365 311974 311990 312713 312729 313047 313063 316017 316033 319768 319784 320202 320218 321869 321885 328211 328227 331255 331271 341121 341137 341141 341157 341365 341381 349935 349951 350477 350493 350947 350963 351638 351654 352435 352451 354350 354366 355641 355657 356167 356183 385717 385733 390021 390037 392604 392620 396820 396836 398044 398060 399251 399267 407158 407174 414479 414495 416931 416947 417578 417594 418318 418334 420006 420022 424550 424566 425635 425651 432427 432443 437084 437100 439240 439256 439516 439532 454547 454563 455821 455837 477729 477745 479655 479671 481611 481627 483235 483251 489733 489749 494319 494335 494702 494718 497747 497763 499376 499392 505884 505900 510446 510462 511770 511786 512631 512647 513972 513988 514563 514579 519230 519246 519764 519780 521765 521781 524010 524026 524484 524500 525541 525557 529553 529569 538573 538589 539020 539036 541328 541344 541931 541947 545444 545460 546716 546732 553080 553096 556965 556981 560044 560060 567829 567845 569415 569431 572512 572528 576928 576944 581121 581137 584715 584731 584767 584783 586124 586140 593162 593178 595717 595733 595765 595781 599412 599428 601707 601723 606419 606435 609459 609475 612039 612055 614522 614538 614756 614772 615184 615200 615974 615990 628574 628590 632856 632872 636728 636744 637061 637077 641041 641057 643265 643281 656473 656489 658767 658783 661070 661086 661833 661849 663454 663470 674562 674578 676648 676664 677107 677123 678520 678536 678764 678780 682777 682793 682915 682931 683452 683468 692922 692938 699671 699687 700324 700340 705524 705540 707011 707027 707249 707265 715684 715700 
17 193
2563 2580 16819 16836 20748 20765 25041 25058 25330 25347 29271 29288 30505 30522 31749 31766 32172 32189 33661 33678 43078 43095 47479 47496 47583 47600 50365 50382 63149 63166 66070 66087 66750 66767 67121 67138 71010 71027 72708 72725 76212 76229 78058 78075 80628 80645 80665 80682 81870 81887 82044 82061 82410 82427 90428 90445 93766 93783 103753 103770 109822 109839 116860 116877 122950 122967 125644 125661 129261 129278 130015 130032 131263 131280 139973 139990 141164 141181 146328 146345 146368 146385 152961 152978 154014 154031 154254 154271 154664 154681 158645 158662 161130 161147 165857 165874 169354 169371 170483 170500 174241 174258 175360 175377 176436 176453 178566 178583 180836 180853 183467 183484 197283 197300 203341 203358 210143 210160 211933 211950 214542 214559 214724 214741 225116 225133 228239 228256 229675 229692 240451 240468 245657 245674 246437 246454 249957 249974 250429 250446 252183 252200 257438 257455 258761 258778 259835 259852 264257 264274 267519 267536 269432 269449 272838 272855 273828 273845 274432 274449 274452 274469 275966 275983 276923 276940 289878 289895 292546 292563 294322 294339 295309 295326 296862 296879 301635 301652 306821 306838 308868 308885 309716 309733 319040 319057 319130 319147 319423 319440 319964 319981 321623 321640 331335 331352 332568 332585 333224 333241 333414 333431 334770 334787 335063 335080 336111 336128 339624 339641 360139 360156 369036 369053 376855 376872 381138 381155 383548 383565 384862 384879 385783 385800 387074 387091 400940 400957 402557 402574 409583 409600 414820 414837 416617 416634 422048 422065 430423 430440 437231 437248 437573 437590 439743 439760 442882 442899 448945 448962 449532 449549 458521 458538 465015 465032 467108 467125 473648 473665 479383 479400 484625 484642 504844 504861 505829 505846 507853 507870 510118 510135 516879 516896 517518 517535 521422 521439 522468 522485 523451 523468 526662 526679 529919 529936 535366 535383 538076 538093 542077 542094 543258 543275 545964 545981 575161 575178 575521 575538 576771 576788 580221 580238 580708 580725 585707 585724 595283 595300 596555 596572 603262 603279 606221 606238 606744 606761 616827 616844 619108 619125 622207 622224 623539 623556 626858 626875 627509 627526 629257 629274 632263 632280 634933 634950 635572 635589 639625 639642 643766 643783 665066 665083 677212 677229 679029 679046 679129 679146 680325 680342 682206 682223 685132 685149 686353 686370 687538 687555 689152 689169 689524 689541 693877 693894 697764 697781 706372 706389 706971 706988 708719 708736 709272 709289 711683 711700 712769 712786 713839 713856 716034 716051 717268 717285 
18 166
8548 8566 18765 18783 23944 23962 28022 28040 35542 35560 37152 37170 39528 39546 39724 39742 40644 40662 46363 46381 49110 49128 50608 50626 50961 50979 53152 53170 55177 55195 67069 67087 84115 84133 90472 90490 90557 90575 108615 108633 123575 123593 124716 124734 136610 136628 139424 139442 144435 144453 147535 147553 151482 151500 154153 154171 154182 154200 158116 158134 169004 169022 170533 170551 174110 174128 175011 175029 177662 177680 178905 178923 181227 181245 182858 182876 194144 194162 194430 194448 196782 196800 203931 203949 214615 214633 214750 214768 216018 216036 216748 216766 226619 226637 226870 226888 229161 229179 230061 230079 230382 230400 230847 230865 238068 238086 243911 243929 244338 244356 249241 249259 250807 250825 251447 251465 256916 256934 267721 267739 272132 272150 273456 273474 281565 281583 288547 288565 289847 289865 299463 299481 312217 312235 314807 314825 325113 325131 330562 330580 331641 331659 333967 333985 336465 336483 346673 346691 347356 347374 350840 350858 351118 351136 355925 355943 357736 357754 361763 361781 361939 361957 362763 362781 370067 370085 374307 374325 378664 378682 381852 381870 390521 390539 392662 392680 403811 403829 406008 406026 416517 416535 418827 418845 420760 420778 421557 421575 426861 426879 430116 430134 430682 430700 433752 433770 435855 435873 440182 440200 448812 448830 449169 449187 449882 449900 451366 451384 452814 452832 453746 453764 454820 454838 456864 456882 459339 459357 459745 459763 461043 461061 469115 469133 473613 473631 476063 476081 492469 492487 515255 515273 520917 520935 522038 522056 527454 527472 530950 530968 532015 532033 538545 538563 538635 538653 539259 539277 542960 542978 543851 543869 548017 548035 549725 549743 557958 557976 560245 560263 560769 560787 562563 562581 564015 564033 566055 566073 567282 567300 568721 568739 572038 572056 577682 577700 584437 584455 586179 586197 588366 588384 590370 590388 590555 590573 595843 595861 602217 602235 616113 616131 617244 617262 622822 622840 628973 628991 635245 635263 642859 642877 645254 645272 653054 653072 653459 653477 660518 660536 661963 661981 663309 663327 663652 663670 666355 666373 672352 672370 674757 674775 676935 676953 686928 686946 704159 704177 706628 706646 717844 717862 
19 142
2172 2191 22540 22559 23508 23527 24811 24830 25171 25190 31627 31646 34604 34623 40758 40777 45112 45131 55857 55876 59812 59831 62105 62124 65530 65549 66612 66631 69237 69256 69312 69331 74481 74500 82841 82860 89331 89350 99935 99954 100442 100461 101258 101277 102762 102781 114860 114879 115855 115874 121264 121283 123029 123048 128066 128085 138347 138366 139152 139171 141441 141460 152552 152571 153135 153154 153452 153471 155413 155432 155955 155974 160724 160743 161161 161180 180435 180454 190340 190359 190538 190557 191868 191887 203967 203986 206472 206491 207128 207147 209839 209858 211964 211983 227005 227024 229612 229631 242723 242742 244360 244379 244741 244760 246760 246779 247181 247200 253253 253272 258933 258952 259814 259833 274952 274971 288631 288650 291459 291478 299142 299161 301667 301686 314721 314740 326011 326030 326457 326476 332367 332386 332757 332776 338105 338124 345418 345437 350917 350936 351524 351543 354832 354851 359742 359761 362536 362555 362739 362758 362826 362845 365119 365138 367940 367959 372340 372359 382581 382600 382819 382838 383922 383941 385245 385264 386268 386287 390365 390384 396673 396692 398428 398447 414737 414756 414961 414980 418659 418678 419635 419654 423416 423435 434237 434256 438413 438432 448542 448561 449460 449479 450218 450237 454513 454532 462219 462238 473549 473568 480336 480355 480657 480676 487122 487141 490240 490259 498520 498539 507816 507835 511464 511483 513825 513844 514117 514136 515746 515765 518419 518438 520826 520845 520981 521000 522912 522931 541212 541231 544665 544684 556863 556882 557638 557657 565524 565543 566781 566800 566826 566845 577838 577857 580730 580749 588022 588041 598317 598336 605160 605179 616246 616265 617613 617632 625411 625430 628318 628337 629615 629634 640318 640337 640734 640753 641965 641984 644320 644339 689381 689400 696460 696479 697918 697937 698604 698623 706923 706942 708653 708672 714862 714881 
20 137
1673 1693 7218 7238 14313 14333 31015 31035 36443 36463 37714 37734 44520 44540 46534 46554 49830 49850 54226 54246 67338 67358 69107 69127 71371 71391 74415 74435 76867 76887 89211 89231 90748 90768 97457 97477 97540 97560 99459 99479 100740 100760 111968 111988 121015 121035 130108 130128 130454 130474 140056 140076 141339 141359 150567 150587 151254 151274 162718 162738 163752 163772 175911 175931 185216 185236 192547 192567 194324 194344 199212 199232 201251 201271 217274 217294 217911 217931 225828 225848 227527 227547 227768 227788 233869 233889 237734 237754 244419 244439 252048 252068 254210 254230 256469 256489 263769 263789 263831 263851 270746 270766 272433 272453 272617 272637 276016 276036 278712 278732 285544 285564 291437 291457 294537 294557 302465 302485 307211 307231 313380 313400 316964 316984 318017 318037 321470 321490 337223 337243 339412 339432 342658 342678 346576 346596 349844 349864 354057 354077 367167 367187 367331 367351 382663 382683 387628 387648 393341 393361 401131 401151 404335 404355 406074 406094 414223 414243 424115 424135 429322 429342 431608 431628 431741 431761 436449 436469 438959 438979 439269 439289 443518 443538 443665 443685 443855 443875 451849 451869 463065 463085 488012 488032 492040 492060 492180 492200 498361 498381 504327 504347 509457 509477 528031 528051 535826 535846 536738 536758 545622 545642 551117 551137 559017 559037 566872 566892 569159 569179 569220 569240 570742 570762 570770 570790 571750 571770 581259 581279 582807 582827 587016 587036 589237 589257 593027 593047 593810 593830 600023 600043 613156 613176 614412 614432 620231 620251 626737 626757 638238 638258 639465 639485 649009 649029 650680 650700 657116 657136 679469 679489 682716 682736 696423 696443 701345 701365 704759 704779 705210 705230 706560 706580 706765 706785 709965 709985 712745 712765 714155 714175 718153 718173 
21 129
715 736 9937 9958 20370 20391 20562 20583 21137 21158 21852 21873 21953 21974 27662 27683 74260 74281 88579 88600 107264 107285 108934 108955 114748 114769 121702 121723 123112 123133 139054 139075 142062 142083 147751 147772 152366 152387 153926 153947 159621 159642 166413 166434 168225 168246 179264 179285 182013 182034 186067 186088 186542 186563 199924 199945 203536 203557 208732 208753 209413 209434 219961 219982 230711 230732 231528 231549 239421 239442 242463 242484 247861 247882 252622 252643 252708 252729 253879 253900 255367 255388 260003 260024 267441 267462 268313 268334 271033 271054 289958 289979 293738 293759 294627 294648 296066 296087 296240 296261 299908 299929 299971 299992 308062 308083 311372 311393 318731 318752 324136 324157 343656 343677 346069 346090 347834 347855 351946 351967 357146 357167 376879 376900 382131 382152 383515 383536 396163 396184 397276 397297 398452 398473 401646 401667 405567 405588 419346 419367 420253 420274 424072 424093 425224 425245 426962 426983 437916 437937 445415 445436 446810 446831 460844 460865 461163 461184 467257 467278 467728 467749 475737 475758 485642 485663 492079 492100 493666 493687 497134 497155 502956 502977 518879 518900 526737 526758 527921 527942 529045 529066 536563 536584 536816 536837 543335 543356 547724 547745 549415 549436 550323 550344 551279 551300 555619 555640 557379 557400 560723 560744 566665 566686 567957 567978 575427 575448 576546 576567 590052 590073 591228 591249 591545 591566 601839 601860 607361 607382 613753 613774 616218 616239 627975 627996 634168 634189 644244 644265 649144 649165 658964 658985 670131 670152 673161 673182 676813 676834 681059 681080 689554 689575 690072 690093 691622 691643 693124 693145 695241 695262 700813 700834 704059 704080 711046 711067 
22 106
6640 6662 7267 7289 12238 12260 18556 18578 32735 32757 36814 36836 44762 44784 49654 49676 51960 51982 53916 53938 54124 54146 66456 66478 69166 69188 69261 69283 71441 71463 79213 79235 84159 84181 87767 87789 103369 103391 105256 105278 108270 108292 115247 115269 140214 140236 141660 141682 142017 142039 147936 147958 150534 150556 167522 167544 168012 168034 172146 172168 172438 172460 208767 208789 218560 218582 220129 220151 224252 224274 229356 229378 229754 229776 233842 233864 235339 235361 238009 238031 247830 247852 250715 250737 250829 250851 261745 261767 262409 262431 265222 265244 267955 267977 274771 274793 278619 278641 299348 299370 303127 303149 315947 315969 332969 332991 339532 339554 355571 355593 359342 359364 366830 366852 376756 376778 382003 382025 408320 408342 415322 415344 418711 418733 421648 421670 421915 421937 429263 429285 433539 433561 434027 434049 442041 442063 447808 447830 460344 460366 488927 488949 504920 504942 514667 514689 519662 519684 526175 526197 527953 527975 529737 529759 530522 530544 535724 535746 536409 536431 545828 545850 559523 559545 563413 563435 571862 571884 576060 576082 584468 584490 585059 585081 594149 594171 607146 607168 608474 608496 625661 625683 630233 630255 635932 635954 637534 637556 638715 638737 642773 642795 651464 651486 655521 655543 656917 656939 667319 667341 667627 667649 672032 672054 672640 672662 675519 675541 690821 690843 715341 715363 
23 122
5251 5274 10828 10851 16648 16671 17747 17770 21361 21384 21666 21689 30143 30166 34740 34763 36849 36872 37304 37327 45908 45931 47110 47133 48370 48393 48955 48978 54650 54673 63109 63132 70932 70955 73464 73487 76457 76480 79772 79795 81967 81990 88410 88433 90712 90735 108465 108488 118047 118070 121636 121659 141127 141150 149668 149691 150662 150685 151823 151846 156451 156474 160310 160333 161741 161764 162127 162150 166662 166685 169442 169465 174736 174759 177635 177658 182831 182854 201757 201780 205128 205151 205945 205968 207035 207058 207852 207875 218036 218059 218970 218993 224362 224385 238521 238544 241223 241246 242062 242085 243723 243746 246050 246073 255057 255080 260823 260846 262376 262399 279515 279538 282124 282147 292048 292071 299322 299345 309416 309439 311271 311294 312477 312500 321057 321080 329936 329959 330056 330079 332527 332550 343513 343536 351424 351447 361352 361375 368261 368284 369059 369082 374157 374180 377260 377283 398310 398333 406718 406741 409845 409868 414445 414468 418052 418075 425567 425590 431226 431249 443817 443840 453360 453383 467756 467779 472808 472831 479316 479339 480512 480535 481766 481789 481858 481881 484352 484375 496551 496574 502127 502150 503172 503195 510408 510431 513422 513445 520862 520885 531025 531048 532721 532744 535877 535900 558557 558580 566911 566934 569844 569867 571250 571273 576162 576185 585255 585278 596802 596825 596967 596990 628540 628563 633619 633642 638659 638682 641677 641700 646154 646177 647955 647978 656572 656595 668351 668374 669360 669383 672562 672585 673556 673579 674822 674845 679521 679544 703357 703380 717662 717685 718564 718587 
24 76
2427 2451 12508 12532 14376 14400 17213 17237 41132 41156 69544 69568 85026 85050 112828 112852 113724 113748 136557 136581 142909 142933 149123 149147 167256 167280 179209 179233 180717 180741 198353 198377 202459 202483 207565 207589 236264 236288 240369 240393 246076 246100 253511 253535 255965 255989 257642 257666 262968 262992 263915 263939 272018 272042 273322 273346 292252 292276 298752 298776 300631 300655 308405 308429 311819 311843 331611 331635 367076 367100 391671 391695 396616 396640 427355 427379 430723 430747 436747 436771 454376 454400 456607 456631 457065 457089 459538 459562 471114 471138 514957 514981 519558 519582 541131 541155 542618 542642 549551 549575 554737 554761 563921 563945 564313 564337 569872 569896 573167 573191 576129 576153 581741 581765 583437 583461 600717 600741 603119 603143 615011 615035 615411 615435 621251 621275 624253 624277 647313 647337 655548 655572 666824 666848 675220 675244 688116 688140 688808 688832 695814 695838 698662 698686 699457 699481 706723 706747 708217 708241 717115 717139 
25 82
1020 1045 5364 5389 12645 12670 33954 33979 41319 41344 54542 54567 55540 55565 67959 67984 70340 70365 76407 76432 96748 96773 102412 102437 108224 108249 119153 119178 120310 120335 141310 141335 148028 148053 168513 168538 169706 169731 184060 184085 185525 185550 187934 187959 189122 189147 192952 192977 200254 200279 209926 209951 215957 215982 216711 216736 232027 232052 253650 253675 258050 258075 266156 266181 275513 275538 278414 278439 279245 279270 284875 284900 303552 303577 323252 323277 335643 335668 343544 343569 355375 355400 367724 367749 369760 369785 375618 375643 382341 382366 395308 395333 400448 400473 404560 404585 411029 411054 412951 412976 415045 415070 417941 417966 419415 419440 423715 423740 428031 428056 435115 435140 442748 442773 457940 457965 461675 461700 465836 465861 466142 466167 511857 511882 518171 518196 528951 528976 553349 553374 556325 556350 568669 568694 570921 570946 581230 581255 581636 581661 584170 584195 593055 593080 602421 602446 606536 606561 623372 623397 643321 643346 654261 654286 676021 676046 689108 689133 694357 694382 697132 697157 709366 709391 
26 70
1634 1660 11739 11765 37857 37883 52552 52578 81921 81947 91257 91283 98053 98079 113524 113550 133012 133038 137228 137254 139017 139043 165041 165067 174337 174363 177855 177881 185763 185789 200916 200942 202413 202439 210364 210390 232222 232248 253055 253081 259440 259466 261162 261188 262757 262783 271374 271400 272470 272496 296519 296545 317216 317242 320925 320951 321516 321542 335450 335476 342047 342073 347250 347276 349750 349776 352521 352547 358040 358066 360061 360087 401736 401762 412216 412242 415658 415684 433156 433182 437031 437057 439414 439440 449412 449438 453424 453450 467311 467337 471159 471185 499415 499441 508342 508368 513224 513250 517049 517075 534960 534986 543420 543446 554119 554145 565220 565246 565821 565847 566724 566750 572728 572754 579745 579771 580443 580469 636615 636641 644441 644467 653817 653843 656056 656082 667354 667380 672126 672152 672159 672185 700027 700053 705735 705761 713449 713475 716161 716187 
27 67
7713 7740 13716 13743 15331 15358 36059 36086 39207 39234 49147 49174 81153 81180 81311 81338 91073 91100 95340 95367 101635 101662 102227 102254 122367 122394 125367 125394 133502 133529 149561 149588 188573 188600 191555 191582 192760 192787 203758 203785 205155 205182 206813 206840 261131 261158 274018 274045 283917 283944 308813 308840 322248 322275 339933 339960 342453 342480 346614 346641 347908 347935 351605 351632 365673 365700 376655 376682 397170 397197 412915 412942 414554 414581 432348 432375 436218 436245 456528 456555 480148 480175 481440 481467 483662 483689 488638 488665 533457 533484 534825 534852 544435 544462 553817 553844 557563 557590 575050 575077 575816 575843 577157 577184 587728 587755 606249 606276 611761 611788 619640 619667 622359 622386 626218 626245 639245 639272 660723 660750 667430 667457 682538 682565 685720 685747 694255 694282 708956 708983 715918 715945 717537 717564 
28 52
11563 11591 16109 16137 48855 48883 57538 57566 58672 58700 72163 72191 74033 74061 89462 89490 113462 113490 121111 121139 133072 133100 143928 143956 145316 145344 145716 145744 159158 159186 211327 211355 216816 216844 222344 222372 223926 223954 229427 229455 232944 232972 275716 275744 290550 290578 302813 302841 308246 308274 322657 322685 329150 329178 336516 336544 344711 344739 345452 345480 387132 387160 405056 405084 409344 409372 411955 411983 423933 423961 440314 440342 458868 458896 459305 459333 487248 487276 515333 515361 571219 571247 578735 578763 594956 594984 597266 597294 603337 603365 632212 632240 676958 676986 677732 677760 678418 678446 680357 680385 693650 693678 719653 719681 
29 53
23531 23560 40344 40373 93465 93494 101414 101443 120352 120381 123050 123079 127025 127054 130557 130586 157553 157582 160547 160576 164861 164890 175946 175975 203234 203263 232060 232089 235304 235333 247035 247064 260440 260469 264949 264978 267044 267073 269716 269745 275934 275963 291149 291178 299422 299451 299851 299880 304753 304782 329971 330000 330111 330140 337115 337144 349052 349081 386436 386465 438056 438085 441255 441284 449325 449354 451816 451845 454322 454351 462571 462600 484121 484150 534659 534688 541854 541883 549059 549088 550741 550770 580946 580975 595252 595281 604456 604485 604821 604850 646930 646959 652851 652880 663031 663060 665353 665382 684343 684372 688722 688751 707652 707681 711718 711747 
30 41
13870 13900 32937 32967 42755 42785 49411 49441 57960 57990 66262 66292 80715 80745 83855 83885 95544 95574 140938 140968 159310 159340 161004 161034 161417 161447 187317 187347 199247 199277 206970 207000 211550 211580 238924 238954 243318 243348 268108 268138 268959 268989 273857 273887 276052 276082 286149 286179 289924 289954 297730 297760 312340 312370 360254 360284 364427 364457 398758 398788 427757 427787 470143 470173 497846 497876 518138 518168 520121 520151 524359 524389 582856 582886 592728 592758 623444 623474 635823 635853 701721 701751 
31 44
47930 47961 71304 71335 105716 105747 116031 116062 119645 119676 126927 126958 128007 128038 140018 140049 141724 141755 204309 204340 211762 211793 217517 217548 231650 231681 237421 237452 239619 239650 256015 256046 263521 263552 279645 279676 300114 300145 307027 307058 313312 313343 320758 320789 353024 353055 363721 363752 384920 384951 427941 427972 439442 439473 453544 453575 455840 455871 466609 466640 476356 476387 481132 481163 491239 491270 494147 494178 511569 511600 530423 530454 589869 589900 602566 602597 608630 608661 648423 648454 659450 659481 667112 667143 701617 701648 709561 709592 
32 33
9507 9539 13339 13371 25412 25444 46017 46049 57757 57789 71725 71757 122521 122553 127328 127360 169626 169658 170955 170987 178935 178967 229948 229980 239358 239390 265113 265145 274058 274090 280868 280900 288811 288843 297046 297078 330451 330483 332330 332362 353242 353274 427720 427752 429133 429165 459111 459143 483153 483185 517941 517973 568525 568557 612358 612390 616414 616446 616722 616754 680235 680267 688411 688443 699126 699158 
33 32
52462 52495 55267 55300 59629 59662 69724 69757 76034 76067 84942 84975 115442 115475 128349 128382 150155 150188 153629 153662 155654 155687 171149 171182 201812 201845 236540 236573 255804 255837 267252 267285 287967 288000 297245 297278 330014 330047 331661 331694 357611 357644 357941 357974 366119 366152 439960 439993 472267 472300 499110 499143 527520 527553 540515 540548 586739 586772 599152 599185 647514 647547 714639 714672 
34 36
5208 5242 22739 22773 45936 45970 73020 73054 93657 93691 113146 113180 129051 129085 180943 180977 196111 196145 216552 216586 241715 241749 243766 243800 289047 289081 293805 293839 303818 303852 323942 323976 337622 337656 342809 342843 358942 358976 407227 407261 410066 410100 417015 417049 451221 451255 452603 452637 473851 473885 476552 476586 551304 551338 554764 554798 566130 566164 620914 620948 623561 623595 653911 653945 655747 655781 668529 668563 700552 700586 708113 708147 
35 24
12555 12590 19753 19788 26438 26473 76741 76776 79603 79638 212118 212153 217360 217395 218846 218881 226334 226369 239542 239577 274540 274575 287644 287679 335411 335446 355065 355100 395346 395381 429524 429559 455235 455270 459049 459084 489240 489275 492129 492164 603216 603251 616352 616387 684909 684944 689327 689362 
36 15
6523 6559 99114 99150 249543 249579 253708 253744 290838 290874 360516 360552 378424 378460 413350 413386 474919 474955 524057 524093 533544 533580 591905 591941 603015 603051 608429 608465 659217 659253 
37 25
30538 30575 32019 32056 77209 77246 103949 103986 104830 104867 113825 113862 158232 158269 170707 170744 175559 175596 215344 215381 226242 226279 282246 282283 295346 295383 307363 307400 332437 332474 380907 380944 381012 381049 381219 381256 387030 387067 390047 390084 435926 435963 620407 620444 626126 626163 633850 633887 648713 648750 
38 17
33719 33757 97248 97286 112745 112783 165662 165700 189648 189686 276143 276181 294662 294700 337659 337697 385133 385171 415819 415857 431645 431683 554513 554551 554843 554881 575252 575290 599513 599551 619332 619370 648758 648796 
39 16
72539 72578 78155 78194 103861 103900 112603 112642 161608 161647 177536 177575 198416 198455 201023 201062 250921 250960 272251 272290 356540 356579 542121 542160 588512 588551 593432 593471 616909 616948 680754 680793 
40 14
24410 24450 68430 68470 107060 107100 142510 142550 182645 182685 198912 198952 217417 217457 231553 231593 239249 239289 382843 382883 514247 514287 517546 517586 559717 559757 684224 684264 
41 7
124739 124780 181124 181165 202118 202159 217604 217645 223842 223883 255421 255462 584523 584564 
42 16
26045 26087 43027 43069 57017 57059 62437 62479 88244 88286 126245 126287 141811 141853 287720 287762 348252 348294 348937 348979 420618 420660 500010 500052 561845 561887 608746 608788 713339 713381 717427 717469 
43 5
55110 55153 311538 311581 440538 440581 526239 526282 544241 544284 
44 6
110948 110992 344432 344476 448234 448278 461624 461668 463207 463251 499837 499881 
45 9
6737 6782 46635 46680 49014 49059 338755 338800 339729 339774 379116 379161 397123 397168 417805 417850 463947 463992 
46 8
36716 36762 59920 59966 210554 210600 242954 243000 281420 281466 294703 294749 416809 416855 551537 551583 
47 4
99527 99574 152625 152672 350422 350469 468109 468156 
48 7
7440 7488 11234 11282 141015 141063 151420 151468 193722 193770 228549 228597 489913 489961 
49 9
81230 81279 118334 118383 124131 124180 171725 171774 197540 197589 236419 236468 243126 243175 623242 623291 708317 708366 
50 5
104032 104082 179821 179871 260029 260079 477120 477170 496039 496089 
51 4
181507 181558 264326 264377 539835 539886 668032 668083 
52 4
206243 206295 227121 227173 265022 265074 533210 533262 
53 1
368534 368587 
54 5
25446 25500 364118 364172 390846 390900 615110 615164 629909 629963 
55 3
139321 139376 181426 181481 286311 286366 
56 1
410005 410061 
57 1
451907 451964 
59 1
457716 457775 
60 2
76629 76689 509140 509200 
61 1
387839 387900 
62 2
3023 3085 325323 325385 
63 1
89822 89885 
64 3
152807 152871 438119 438183 445715 445779 
65 3
82119 82184 246235 246300 415224 415289 
66 1
124528 124594 
67 1
520731 520798 
68 2
79513 79581 347609 347677 
69 1
151919 151988 
72 3
231328 231400 254512 254584 366520 366592 
86 1
454114 454200 
