7.50579431029251
7.67762256644819
14.2646471002451
6.73203082274665
13.6057110185379
11.3211523170554
12.2084049034364
8.83566840030461
4.86211786777121
13.6257045038463
12.7335915365463
11.5791712542192
9.14848758412342
14.1314175373052
6.65372179146225
13.5906538568946
7.63174623206513
12.1652251628050
5.92339222236718
10.2878118891248
14.8586815974200
12.6828999348119
16.0611180894363
11.7027926712016
12.9780038097745
13.4297495370127
6.75667209152026
12.8272732972257
8.59644756608969
8.24512629762891
8.15710478343807
15.6723922205866
10.0163487204731
1.30748274558405
9.72233582716537
10.3626436642609
6.95988294468267
14.2473232488298
9.01184663421222
14.7761832145886
10.0191677229135
11.1098166278340
8.48473347959424
8.44049852395686
13.3132455306441
16.8584855333242
13.8116684381613
10.6207952202073
12.5310683112886
9.69788970314367
10.3325124489084
8.07716252706479
14.4758966839088
12.6700093085018
11.7514122653002
11.5237768571858
14.0143262741855
10.8807702046195
10.0869587248136
10.6788216725747
6.67438430640097
3.10983733087748
8.97410674126488
13.5050153765888
10.5909474044473
7.25943072418022
10.9894845218002
13.1704462302489
9.90570611731965
9.49941185304552
14.7116263712968
11.5281901734017
11.2628531037744
9.02466540933870
11.8824104844113
5.77284278410987
13.8926455572484
9.02605208610886
12.0889725792014
9.14126748843841
7.90118112476611
8.82555485747761
4.72014272771492
8.56331497412777
11.2355359556902
13.5946430375205
9.27381548568899
12.3806325796714
12.3793899589257
9.43822197752994
7.34522376984979
6.70283219866405
6.15065164771994
9.77308092028394
11.9281227481355
8.48599107107967
9.11101867408475
11.7790461358021
10.4142166997204
13.8662346168740
10.9622221219752
15.8883668712992
10.1385530101836
6.65508081863672
8.74303423059833
8.33563413142140
8.43611854547376
11.2777343895348
11.0623628099765
8.50292332160849
9.23396704869092
11.1447954959080
2.92612486746549
5.43117446080041
12.9586151317509
8.77351662248418
7.40467301828845
17.0925620033571
11.1070193097538
13.0936528134259
10.7939156061780
13.1021792728119
6.33348489467443
4.00942417290168
11.8192687195211
4.98962297515224
12.5257861423581
8.56959756240916
11.6297836850944
10.2014474879980
6.71662618449173
14.6812948156133
10.1470145002604
9.52978142344262
12.6745995524962
10.5043351444736
8.42031254161977
12.9117056103610
10.0999756895923
11.0810456184404
7.51200308268966
4.90096151024438
10.1598622317234
8.48692160923552
11.9780470919401
12.2465001455759
12.5330746477982
11.7546353207234
15.2993957431038
6.99369341295483
12.9434351922382
14.4541691520155
8.13222573607695
11.1420192000065
14.5516478054710
11.6165052350467
8.69152510042124
7.14792694078400
11.8112329372526
13.4747660809168
14.4353278523707
12.3730020882440
7.15282249957854
10.2922831286272
11.1551614538520
10.0699041677410
1.93476450838339
4.23050149036731
8.79750838461735
13.9440979543772
7.46630371365962
11.2967349205552
12.3819226373544
16.2375151919143
2.81872998236368
12.9984432717911
7.65987469582416
12.4222737604469
8.40167222423757
5.88554425714003
8.41126382544116
8.98653320652657
13.8630495835833
12.7408390887742
11.1848121233784
5.29938624693396
11.4887658545030
10.2172447318171
9.20143028730330
5.39309741689893
7.13570089501241
9.03433690766185
11.3525430275287
10.6604016443375
11.4919182869546
14.0839643677357
6.78819749897247
14.1359495899416
7.92463382323632
13.0680408805798
10.3849745045122
14.1415049710565
12.7238295955965
15.3865397757195
8.32596584654314
12.1006215852131
6.39036972946611
10.2618197688481
6.67870845916784
8.94646376069112
12.2718370832283
6.11436416735172
11.2182332702261
10.2318425897273
9.40969590511365
9.46684769781967
7.78332811954250
10.5875567509149
11.8570276331161
14.1538523664222
4.85872112101695
13.3501561244944
9.89737496867825
12.4616566587021
13.8874390414991
13.2670887499040
10.3264436305872
11.3174163735521
8.32764928536258
10.5637767671711
7.58513971421352
9.28185452332203
4.77336732332934
7.65033873553279
6.90102510852801
8.51597389256152
4.08400870128087
8.94930392989471
10.2159836659492
8.68573578435617
9.80758477020899
11.4945498256812
10.9129546903204
12.3277000606135
9.07466884642541
14.9499827172273
9.71408086610784
12.9075642300966
7.04536215718919
12.2794233429000
10.4489050424386
9.56211758355639
16.3872851293787
8.06685277462741
9.57301443480471
9.92954247786068
9.64344336417762
10.1492477410542
9.11992169261303
12.9734796864322
7.24459043338019
9.16113150702504
8.53568431182237
12.9293589044594
9.25469472477369
11.1433870075347
7.75621107920398
14.5460109917103
6.54893823768387
8.01241107048581
9.50044079940924
13.5609774814695
8.62707591862949
14.3511817845705
11.0335315260751
11.6433888597548
15.5297786580068
3.66233968782197
9.83644599773475
13.2941123423691
9.18224391541664
6.52214988106777
8.85574406513034
14.2237962848239
11.0949718809131
9.80202344099642
8.79207865294790
7.47386818257768
10.4110879875988
8.50974922045899
11.1892040671378
9.31130872096236
7.00328219601439
4.73910445691994
11.4761660416735
11.1952559922768
12.8140128620630
10.7978478713024
5.45055932088167
8.31324608229905
13.0267736373888
7.93139310431959
10.9205380126929
8.30989561350681
10.8136873255610
8.87926475405335
12.3531832778558
15.9666223953799
9.75703864402306
9.65274572013589
12.2979967142370
9.04352231038065
11.5153352851330
9.93156278167031
9.25369186476454
13.5763565362668
12.3052746646591
11.4399891777504
12.2507299659402
8.85704861469907
10.3013188949093
11.5253556631836
6.21777523545053
9.17345224094431
13.3454932918139
9.34914829513547
9.54411866536624
11.2535238610990
7.89797867171935
13.1006888757895
12.3832804102958
10.0502059672110
15.7982986267742
13.5639827830087
13.2223421119883
14.1859555691042
9.06370094629280
11.1637848445987
11.8648267930931
11.6681697802150
13.9336720126391
11.8597433850235
12.7128427737585
7.49868517068699
8.50370441103028
6.22825567920133
6.16785768329563
7.76348184309386
8.97177266999902
8.46403286030858
12.3415191463804
9.55990255413046
14.6659942515944
11.4493219079180
10.8811389371881
9.53211706122256
8.90786893239269
10.7977273380707
14.6419485274764
13.7805037072663
7.63906992193875
10.8128121784160
14.1598582090443
9.82150720770002
11.5318598533027
14.1039581557460
15.7033957922818
9.98306707382766
5.90520931146982
8.19241234042477
7.31154528915654
10.4499781924026
14.4933738429216
11.3019710540101
8.72922438933334
9.31642322979455
11.4699527859299
11.8398310084492
12.7988500283162
12.8235428346019
13.9123120233762
14.9901907000608
11.5333007679735
12.1070437816415
4.73658722832090
11.3302428420890
10.8691967236471
10.1458568684573
11.1751111427382
7.43326183965107
9.17880375454128
11.2893010035574
10.6111545770126
8.51213506749958
7.62313307565586
7.57659836162009
9.58812999063731
6.57011540088148
16.1214192670259
10.7139588284492
8.62981396231389
3.93366110853986
13.2192109259571
10.2331613239941
13.5449365472387
5.88984784943290
10.3843377795601
7.39211674899859
13.4566619020833
11.7947672078286
14.7093672002685
14.6066537284627
8.57183254653797
8.15281724531846
14.2358124251255
10.5090632429746
11.1904794727048
10.3697123619933
15.8658917414145
4.16778468806871
13.5789294974372
9.66260666187714
7.82958661557595
9.21664198577056
13.8847049002566
9.11100089029011
11.3613827520055
5.50536288702011
9.65175786322996
11.5808794891369
8.79888001396894
12.7339893889430
4.80025801865411
11.5564099649401
13.4878849333476
5.19749157767475
11.9695997633248
6.60460419952924
11.3354316445131
10.4109984400199
10.2224812144388
7.58959150158865
10.9313426104825
11.8278538158688
12.4691646965279
16.3014794972090
8.43462850189686
13.6908388215224
14.3867143015178
10.3371033298330
6.27939418614406
10.7456765618218
12.0152887917961
13.8457083122974
6.89269654109295
7.89019715849310
9.35701716736440
6.36792389558795
10.7355388103974
5.91042124402423
9.04600986900433
9.52219863183705
13.7709267233433
10.1219684761676
11.0017688832455
11.6656074964281
15.3361774347533
5.84106696680779
7.11724584673372
11.0210258794195
14.3966275755579
17.5444208630315
5.40453800365846
10.0583977670822
6.88139425188909
9.63228571344475
7.44937597449630
12.1796793035815
9.32760198205318
11.1818193335943
2.98034180254547
6.95092108463219
11.0358780738217
9.52906160024189
10.0362341825024
7.99833206753641
4.01086893558277
14.9359967703961
6.07381491905347
14.6470439362687
13.3131032353519
6.79684446155821
6.25483310985684
12.2139605201861
7.73589669259957
10.8832538000470
9.88923441657346
11.3242161425528
4.11704682805528
10.1367669893066
9.25964603058479
6.51428502082524
3.06996564557326
10.7482451204168
12.7006713981340
12.2552225990209
5.31646673082791
12.7211398719520
14.9905501053247
4.93505900471312
14.2290629528927
8.63391392388670
4.16939699860758
6.57399940939065
11.3582718395504
11.0436856043678
9.22851423118097
9.36433635537247
6.75609429108753
10.2029212919434
15.2248323754273
8.32727355255667
4.81831944752524
10.9674611221252
11.8037784961908
17.0837525971918
13.8045209327869
13.1751015331019
11.3948859471445
14.2162659515551
12.1971356560145
9.92446528339981
9.83131456182262
8.49381134164695
10.2679241055510
11.1291251121597
9.85396695768684
5.39241484800628
10.5180368653827
3.65868046591938
13.6172906275020
3.73224834886632
12.2396201994425
5.25524810371986
12.3486553812553
5.70005971333990
10.2875006521068
9.42335323157066
9.51816662860469
10.2790293031179
11.8855085810183
7.83820632676202
8.39299581606733
10.7616975055985
5.02024516118455
13.6392507935956
10.3253805690789
4.18525158418224
12.5481836974443
8.01099535042298
13.2635975622943
12.3172307868508
7.38516485609774
4.54628305563669
8.06472525663444
5.41771134545405
7.54438823217811
9.47684247875895
12.0941610661005
13.4689984397282
11.2240649017949
11.8895139299539
10.0188422920060
11.2579295749513
11.9988190131175
12.4562263907343
11.5384094676103
11.9387899718988
8.82366247743416
9.67937468036256
13.1116258128309
16.0313615819135
12.4289968631567
12.5041559325107
11.2700447578859
8.16731514604491
9.87817477603705
8.70338225072594
9.35890975560717
11.1516151809913
14.1911018028653
5.86201839081548
5.48873237815548
7.43938894701903
9.96781655875543
7.18021925035656
14.9249188103082
10.9031854790700
11.1629669535443
10.3078692930143
8.83330750794967
10.0390459298704
14.0630569801764
14.6187976719472
9.73607399729338
11.1309692727574
9.25773498317790
11.9783769918136
7.60716823886827
13.8043666217671
10.1063246758380
7.89926243798615
9.62147797724000
8.19156354751162
7.82241037855915
9.76484287508380
8.73212395730093
5.97648857432545
12.2614028920118
11.2001701507985
7.41702908181360
6.31169369596426
11.2511151303329
7.99346036205462
11.7703413482623
10.1595427500805
11.3799936873543
13.7088388397872
6.90466646142965
4.67261055704629
9.39424498061367
9.85152277623458
14.0174841414439
3.06010787391556
10.9920413223198
9.88670898893983
14.3743280708925
15.6625361932937
11.0581255405102
7.69967151070719
3.22836102955426
14.5282396857341
13.5470337962576
6.44359640185510
11.0531857062820
8.94447838774832
9.06804195894977
13.3500815803462
11.3746117586155
8.65133510071363
11.4237938670179
13.8571986077452
9.51157544580540
9.56706582688152
14.7720717442212
12.8365005234824
8.05197225733554
11.9259538581715
9.70994964531723
11.3048275549749
10.1227098902693
9.75147367080568
5.70845474623678
12.8346971573408
9.05664296604532
14.5186320602436
10.5022701096986
14.2021090454772
9.75795284786057
6.62927204735098
12.8487391870182
12.7289454501359
6.31287768400208
2.13528586278278
3.59067270310230
8.05824486589713
8.56746296780304
11.1821824783305
8.65032159500326
8.53794607196074
12.7540636934052
11.7028605450089
6.95933617591299
13.0042431720640
11.3145393015271
11.2266380234741
9.67050260465373
8.18048990167018
8.58296627263001
7.18509595293157
7.93716695020973
9.68776501095472
11.1534290765278
10.9275024478767
4.10808929917547
7.41245105846694
10.8259328335458
7.10352320361507
8.12108981673153
13.9989277532646
7.19789188785445
6.80667834277484
7.14326488980812
10.4833373434769
3.13837417941201
7.16160396177493
13.1932780201321
8.57267870414249
11.4782700708719
9.58966790900616
8.73545215478689
11.2183905160907
9.63486308369730
11.4478875249764
6.05595863521908
8.94531263191061
11.6977497367774
14.6666483937830
2.35169201055325
5.98128913311376
10.8440528666629
10.9217844073705
11.9504316310121
7.70598951403838
13.4300394670346
6.67548247012912
13.6299254691898
16.5963729126101
11.9146913196758
8.96069541154016
12.2818958960988
10.9594897025712
9.17729273653984
8.92689083368901
9.63525572346114
10.5607867305307
14.3574566178902
8.49895570140718
5.18283195367166
8.40476018516430
12.3342572816826
10.0684256851215
4.74424783817204
10.7923216987044
13.0448097958915
9.63046981293179
10.0631968966083
6.82633819867242
9.08383877146474
13.0349278218940
9.31709796491861
4.65303927524660
10.3244443732042
6.18785601907592
11.5840350261765
2.76056666893581
2.95713666603354
9.47893988959358
13.7892374595890
6.84675414064614
13.3276366056900
16.8018719949891
9.35554330617215
12.4541502955006
14.3964547033112
10.3571889179386
10.8313255651760
11.6576521463892
11.7232566910654
12.0451020047957
8.80952788747801
7.17262169468778
11.7743448208485
13.6521669954448
4.96747942096689
15.2061152618355
13.5888176449991
9.09153364530757
16.0220500310288
8.64675297856447
8.44776557956448
7.24543912994657
12.1934275459060
11.2302117852478
7.46002595758397
12.3336890688925
10.3969154713083
9.59576100592112
6.91405350008076
12.6089163612469
8.95494886429036
8.48802666322662
7.17276894798598
12.4227299831759
13.7914187887419
9.23547865698888
7.89275828668204
10.1741126743660
9.97923843974341
9.40961150754991
15.6598393170342
6.93864579914925
10.2436466199461
11.9683770830742
13.3913693644518
9.02130785947678
7.95630892925498
14.1379803018442
9.39584523498233
8.39646916632862
8.62448968329709
2.71940504338725
12.7479849264360
17.5979603214405
15.9437397615985
10.6164796745999
9.67550677510328
7.15754352015584
9.15257240116351
8.93304131147294
5.42006485132290
12.3443115671513
11.6878528533113
12.1289523679526
8.86724866607489
7.26064032530220
13.8009817479869
5.07238075365010
8.96360142889419
10.5463902684365
12.4501914823261
10.2319207227707
9.82505858179529
10.0734642205803
1.70862792980216
9.23242890574260
7.26977651131184
2.76406693117225
13.4146435601123
16.3283284843706
12.0442317751360
15.8321269037047
12.8078430761523
10.5044176121905
2.87836212716955
14.6357035177159
9.53047518395306
8.19675679781780
10.7781664537783
12.2743535344796
9.23436062991726
7.46894007292454
10.5566342860103
12.8702432170826
12.8817147505061
11.7020210185448
9.05124646520926
11.5492162290806
11.2915511071333
7.47804928580032
8.34230213593457
11.3317597053211
9.49069612103689
12.4868061161795
13.4164108910671
13.6768130094958
12.7335377239344
12.0931800820421
17.1350889373724
14.7558329296437
6.85183142785904
8.47112309319136
7.43198551694956
8.93585900901744
10.3050629809157
6.34559123873115
14.6491058729933
9.19370669964149
8.04771867642626
1.12395753981189
10.8772615381308
7.21511646345284
10.6809994114481
6.53196969446970
12.5807308906553
6.80133419130966
12.4177323422638
9.89659625354843
12.4568791422878
7.42721921751758
13.1881771671950
10.4394979403912
8.91538240879291
7.22812440152633
7.30161538359834
8.13855010495354
10.8151391155502
10.5819229046714
7.03991860745088
6.37794130588837
7.27328844088701
11.0939922169539
12.1179614951997
11.0019197701113
9.78626810099773
10.8533685527723
8.85596468989121
12.9058803540990
10.9770102323582
13.7732951473805
9.16628512794625
7.86810003362252
11.0262593853378
10.6459171181169
9.48911037873830
10.5527219955076
7.17059861682866
12.7425978256402
11.1879389416601
13.8707641292612
6.75742947326908
10.3644751191901
14.9920185404164
9.52408762345957
14.2633522746779
11.7877906812568
8.33897588424190
8.06021908534217
8.16785672070709
8.80273994608783
12.1338853182216
2.76967065363043
15.8716743386770
13.3914823445515
7.37289483460617
13.1188372779738
10.2322385829569
11.4626484390951
13.8673829409989
10.8630525129397
6.54184162702053
12.4265456594893
8.95631773194583
6.87280240299107
11.4722804896429
12.4787616719236
10.1242556588654
2.11262885583341
13.5902070331606
14.6729535772301
10.4296846256952
12.0470492676822
13.4334016887755
13.2026656913423
12.7654467601779
13.1437578556189
11.5319279490963
12.5509029938589
7.73857682945473
10.1033513200537
12.1596352007486
10.5577527276962
12.2029070431756
12.0589543581923
3.46503791436688
13.2658716542153
10.4236724082584
6.62449319193552
15.3910097977098
13.5693645143313
12.2517432566317
12.5105770322699
9.88479239576827
6.88224792017651
6.35401811611353
6.13492925215698
5.51775566741355
8.62734563898216
9.67665878619821
5.72767976221019
7.72337864100450
13.3816119122765
9.01289380234618
10.5679662015316
15.7856377230645
7.80710965233759
11.8660127879587
9.15020508035885
12.8241421204417
9.39222063726086
6.74806611216701
12.2601615289564
11.1079958159268
8.68110240531132
4.15087933891041
13.4032059510924
11.3180842038921
12.7401888062562
12.8992549939279
9.81957589267179
10.5110430549838
11.0557839454087
8.12954418558726
6.60652827346428
13.5772355473574
8.24364411508621
12.4771631980611
6.53641849448939
11.2804361976099
8.70298188691890
14.2623783446896
10.5305876731152
11.4282105269698
14.0927454873509
12.8728191639252
12.3899213381425
11.7299810347486
12.7882687925060
14.0979445700324
12.0049017019239
8.31949934424156
11.5563238535903
9.62359194926544
16.2991969439681
10.4573436251252
11.0205156735316
13.0992526502783
9.97170386189008
10.2875134641428
14.4614586064218
12.7294960986757
12.7152318990575
16.8288161860319
9.21328081441381
12.1692714911520
7.58156694550707
5.20087348456007
11.1172713138913
7.19756655643694
10.7205675621834
8.87421140505553
8.55568667171118
13.2121238173571
11.8990430171624
11.1822431825318
11.1044129225713
9.09716927378817
10.2990454451936
16.5348878424820
9.72470152032148
14.1281049427098
11.6544560280270
9.52720698448386
9.50133899242119
4.83328467724154
9.50562354490286
4.01814227762349
9.27942061839329
7.34706140260299
12.1184377727737
12.1679439023657
10.6203518962556
11.1866917849661
4.92398888556054
12.1201893501748
6.85236003213492
11.0422500116152
11.7229616917166
6.58623024347009
14.7850370590001
9.86440510029339
13.9291289367190
9.02886107431200
14.9830452757655
10.1893313252616
12.6848942848337
7.08779944306371
9.58179253563078
12.2442466813055
9.16381857966133
10.5642281246264
11.6672238205606
7.07981247820584
11.4063526895604
7.65011493861291
12.2651705127611
10.4383900019882
12.5212702994421
9.99815835099284
6.10000900313638
10.5916259076460
15.4216858683272
6.69886993698366
12.1130308136283
5.19227942781395
3.87888741472365
6.74548589085438
10.0370695672645
12.5855899097502
7.38872075615792
3.52868253223439
15.1072101143412
11.5433619224614
7.41882019994091
4.55788206736418
2.17294423275532
7.91980043709898
7.90234843924299
6.44955212163230
5.74580029807970
13.1153141970756
3.72315868672261
7.24952941235545
11.6873707331639
10.2256048826071
11.9293876806601
7.58191423610839
3.06929952423376
15.7604397211834
7.92355905155488
9.86339957499837
8.24507652125872
11.2729962853321
5.02456199008079
13.2868448860986
8.98458125511718
10.4837040714679
4.81004901742176
11.6409277240119
11.0226381591603
14.6483659753754
11.8070014423186
7.68517536612225
7.60096268744386
9.99971998843923
9.76923852032890
10.9210493244295
8.83692822232711
14.9288665084819
7.99746272447519
11.6100690838205
11.0920287848276
13.5743905633560
10.3952796901967
8.56723372932798
15.0289256853164
14.9051052378833
12.4124057449080
10.4601268705471
12.3311399000632
12.9221450864791
11.0625328409991
11.5574127376238
14.0385611132474
13.8906521427577
14.1277737269485
11.4893877508368
13.0167668609567
14.4780999760724
11.8861204040060
13.0876445180090
11.6226894406645
13.8795008722783
15.2121394621487
12.5789000891764
10.9134182166233
10.0039896948502
7.39601260296284
5.38560459802556
10.6486175272729
10.2255747318502
9.34329614288546
13.8920914694312
10.9104148806571
3.12819644219895
4.78474587157500
15.2443042670486
9.48667009277527
5.06029963105517
7.87068365053420
5.50447150033409
6.64291666164796
6.44010073897616
9.52957694336274
14.3664389458426
7.61734683145121
9.96889103009485
12.7112299564434
8.58759796154838
11.3270955345366
8.89744827447034
11.8071587026026
13.0180166157603
15.6575113508549
12.7560634790802
12.8391819576147
11.0069669069615
8.10493752883070
6.87499396798144
7.46832602758231
12.1741240856917
12.4709257858365
3.35911281924261
4.60672999416220
13.9190822363577
7.23740841588031
13.4196073979229
10.2872998365431
8.59790696352333
12.3341052793628
8.20100699085443
10.1352854079396
15.0651546735527
11.5307241993275
10.9915336231120
11.5089358959393
10.3212724174813
9.83484742734268
12.2329767643909
9.30699296151687
8.16507632661710
4.64345211715840
13.4824839691227
11.8843985129013
8.67869838760217
8.56453481927948
13.2536891849758
11.9151013400979
10.3008892595244
9.12466233731905
12.6645107876935
10.2586531518418
11.8597634652193
17.0156743192142
15.5710532893030
13.0119855690341
7.72334835789595
5.16032890506022
9.03445410366773
6.53048667355020
6.65733156008043
3.13505216633233
12.5129799922138
14.5054078514239
7.56972969983378
8.86059860683022
15.3465577759271
7.33846269823061
8.42501605953685
11.2490521798913
7.56588479158348
11.5009742813071
11.8723851484728
9.69552509154907
13.6412356353905
9.23932072341854
14.9171066308997
12.6337195592593
11.0650734602201
8.39264777705658
8.65180465213536
9.21838044062669
10.4925575880174
17.1174172422552
2.89517976816639
7.44065690242092
9.29732703948368
11.0567033757975
13.9711636985735
8.51308173819874
10.2101062975026
9.60191054669342
6.54485573865380
4.66945255885564
12.5113188478452
14.1414972225572
9.07635032607022
10.6004398722394
9.86520823068543
2.61268629192255
10.2856023546893
8.33833279602632
12.4278717294610
5.61496411438596
5.70084648188320
8.33943901601664
6.74421994266394
16.0011388287073
8.85398531022855
9.21015607296217
13.8169571375742
11.7171337871314
8.49351429183517
12.6536953757526
9.72075798498406
6.39053482357429
11.6420733181921
12.4778345614800
6.66177670091890
8.21728867847427
11.3914543172611
12.0048867308355
13.2831459557446
14.0603042671454
9.64930956264156
9.57184434359076
10.2027718607465
11.3644738504070
12.5902052678071
9.75327697822267
8.76429056102155
12.3155992551123
11.3825509047922
5.03413776485023
11.2534624921353
12.9920890682277
13.0862272612803
13.0075608480615
10.8167605251582
13.8949461060325
4.80583605889528
8.48699338484349
9.22787212804027
11.2041041650398
4.87901725761768
12.5839781745168
4.51892926285414
10.6743003023703
11.7832153549124
11.6300247154646
8.10727323660404
8.93566416133258
7.89964065372905
1.13249573217054
10.1472985771392
12.1915449705054
3.53677970137112
9.13808138453788
9.50447356257930
14.0029698781621
11.0702104268771
7.52449209154915
13.8711687465620
6.93055334153009
13.2048449971993
15.7183139857389
4.98041849211086
12.0859898096332
7.43800173695253
8.86754247718515
13.1993472156739
9.42323551485333
14.2621804399958
9.30324180665216
12.3545377406720
6.54168650439782
5.74472210874984
9.08728994574025
12.0270621082006
11.3131165471881
12.9867166317009
12.6970413444500
13.5234476080085
12.8894330784278
7.68986789147921
3.49553214433621
14.5935215288767
3.39042883943905
4.77385768389388
10.9608762038329
7.52401784684907
7.72108631281858
6.26067070042873
5.55493554613619
5.17112596208601
10.9876022222410
13.3437124620309
13.0922757670795
10.2660364265534
6.65879380681491
9.20612734577471
8.31756740672984
12.2131473893325
14.1502511178173
9.13734730511750
7.02309827111198
13.0517913564303
12.4954499354955
16.9488194592404
11.8793166386062
9.53155405029054
10.5825289932679
16.2813946745673
10.6251944472179
14.0457611916463
13.7039849644839
12.7084194129055
14.0191334868566
11.6440772613527
13.1887496525373
10.3182168925913
3.12016451168845
9.18528442192996
10.9591342088562
12.0394752700398
13.5413536651173
7.34585640526646
8.61564463721416
13.2274902217460
11.1418374818490
10.9173254838823
10.6998427275438
6.51982584748463
8.42457688096121
9.40318388650106
12.9892099235375
8.33338766979971
6.59664678538648
9.11157414913266
12.5689768462826
13.1691122528376
8.24687216694202
13.8695280609947
7.96815364512718
10.5232033724681
7.32643770484650
12.9213267814010
7.75669909760535
12.6401793292531
12.0527346436097
7.23475377098982
12.7098674821354
4.81100428165325
8.98566515397219
10.4570791617591
8.60120420614041
9.24513355780571
6.29755030416424
13.2493767541719
6.86776403934783
9.69820900327868
8.87966672492149
14.0051294621328
14.5870982635918
11.2945158868758
11.4108851982108
11.5396867761852
12.9712550353108
10.8205022188926
9.61470803622826
16.0773145063086
11.3962427468897
15.4341274892307
8.30334907572228
12.8003750597826
9.51508731316060
8.04003243546389
6.74071720612586
11.9684286361617
14.0580996881456
9.49027646327360
6.49852381183707
12.7171346423823
9.24042614079075
8.76517166076213
13.6228980853753
4.71852563817343
12.7486162384972
4.82991856741220
6.01066764363661
7.85682920344905
10.9844672570803
13.0647767632005
7.75565171287076
14.8457756418354
9.64608451081325
8.55678182663272
8.15964671645367
15.0480030609196
9.04289172425655
13.7927511959008
12.3647564362544
10.2803074915838
10.5341614082418
15.7716431533870
7.65267212701816
11.4392560174533
8.54115867099321
8.73035653262923
12.8034236667383
13.3238682930334
9.76782585800366
12.6366713017224
9.61367008924988
8.81936859821343
7.48660501072227
12.1907254518839
12.4149463359525
8.63756900342010
6.25984755572544
13.5173462523630
11.3853033715913
12.9810344317262
11.1653335911736
8.61662272119215
10.3881080407815
7.97665608979728
3.32517140821342
10.4406663348424
10.8088639878255
11.2713820556291
10.3374785470743
9.81623780620608
9.31637218959888
11.6783750467983
12.7906344325267
15.6644721236054
11.9502398379640
10.6762263869250
9.00178278750615
11.1352430726324
11.8354691477345
12.7616510578969
9.13495696873207
11.1394359991748
11.4853946915742
9.61012754966982
12.9502217248542
6.39422273578268
11.7882295867285
15.2673844988825
9.56032966673520
9.47513821039060
6.78254100725685
13.7406952989657
8.37871756554459
13.7912299410558
7.46043399702845
11.7683351082398
3.06963503825780
13.9182753104387
7.75839831609973
12.0422620749987
7.80250738969827
10.4782149547359
9.76875203106647
7.54532509947320
4.11619588061897
10.1191560531433
9.33901499781904
4.92296326943355
10.8644546576360
7.97850452973393
8.79414384440595
10.0931522531934
15.7623300189885
7.01591954246962
13.0312759212227
8.66287181289564
4.67852002223587
11.4154467088114
11.7256841073439
10.1659297814300
11.7217795761130
10.0865588608002
13.0717041841143
4.06922291797472
8.75094139437794
9.43393053445143
7.98931419678293
14.2745385025232
8.48382610044679
8.53833658206008
6.11717834020987
17.2667086205970
10.3449596043140
9.94391480218079
7.21902053734677
12.3433765350663
8.28622914277609
6.86463242837200
14.8528432082648
6.87455182594803
10.4054520624894
11.9434213409864
6.41050270620770
11.8511108373064
6.60555621013727
11.6508922279836
9.75585571917196
9.97988107867918
10.9707521149584
6.96999518260134
10.1091149439214
10.8721611747623
7.83442344261176
9.40172143138561
10.3287167738979
15.1103343939522
10.8173285764104
13.3636942713831
8.36010087163650
12.5794888295487
8.69193382638643
12.5292657667347
11.9486304838015
13.6601276617009
3.32370656664799
5.88899196020882
11.7781801977636
7.46288990541702
9.58379754577808
9.45314840375417
8.76557827202374
11.2887249166836
15.3617063675055
9.77902827071579
8.04434286836665
5.22161018383699
4.93618036080530
12.9636398856339
13.4751957160955
6.48801445525481
5.63369662212122
13.3811674425865
5.66787784078380
9.32260842951156
8.33506918050915
13.8148668774386
7.65076865358992
11.6614700908335
10.6074600452982
10.8454193020923
7.63567113966461
9.32309998939278
7.55144527822323
12.7807217124925
10.9720241268237
9.66764257820143
13.1830529983403
9.86653936714968
11.4264145908574
6.58313211706440
8.96089946408168
9.89254703514466
8.28182141785897
9.79915169281652
8.04989185513936
10.5148049091167
11.6516555933360
14.0817704728768
5.93503041958176
9.00094083186771
8.46939814322564
12.8830785780038
15.1473926310905
11.9874605230238
7.69527035378709
11.1482931187831
8.22568519913267
14.4093222759446
10.6434283034545
7.04085781806046
7.21934071400237
4.30779551087631
9.65069263741983
8.67448090623373
7.87577992503150
7.56068122976072
9.82432128104822
14.0928514896240
9.94252448554940
8.51698357717634
9.16084412343165
11.3414633904587
15.5082397149744
13.5847997853943
13.5115182805523
16.9342385518538
13.5137257507415
10.6496083937684
13.9161152433085
10.9007388219176
16.2715270791703
11.5311676656988
6.73893096098513
3.54948196017391
8.55954552394167
7.19526528663258
9.86320526829548
11.7957241073325
14.5121950606548
10.2466872089907
10.7300716659229
6.73657160860496
7.87349904553243
7.34957552790905
6.19062178267939
11.4946228619004
16.4987807607990
11.3736660191240
6.92292499164974
10.5654221407868
5.80783970969170
8.58955075108925
8.63170414671614
7.73903547249300
9.20822312098659
8.10621944162994
4.90541943102448
12.5051412783283
16.5183633875684
6.80382294107144
14.8967993790296
10.6155978652954
11.3330916461001
6.04958878048669
9.29870736847506
8.75986120212467
15.3929567128942
14.6383818471038
7.67459551547431
13.3548036398905
12.1150896359377
11.7183485905012
11.4262590427122
13.6701605794952
16.6074101761137
11.8408766786191
4.19631168327567
11.6793833499130
7.60176995416814
5.35387195918335
9.60416893904530
11.2854776985690
7.24157109406000
13.3511155113065
9.60788356344865
12.3239753814534
3.48520040193405
9.62848815922350
8.94303461926261
8.84598319351783
7.12194810000058
5.93893874425313
11.3036297922297
12.8526801077299
5.90167560793656
8.91505739942382
15.0766312558237
10.1519851419847
10.1296222949332
11.1735911947474
7.16394901175853
13.4734388227160
8.93911756422993
12.1977191640068
12.8039635190113
6.17953116920866
12.5796754299258
4.42775103911681
7.77638915382380
8.58165233909911
8.41822463029039
11.7877167943198
13.6478759429132
10.1069194758043
8.99378150510324
12.2680549800504
11.1949830001784
5.00886386959159
13.4520305919427
15.0425885607225
11.4776140351883
6.99670048766125
7.02967580648391
9.98097391020209
13.3654438217163
9.93155712259937
12.9956806956971
10.0464210084892
7.43290401715115
3.75487942584366
9.60584051163967
12.2850961859179
12.3065920668657
11.6855927156761
4.87937749961669
9.66530280582327
13.0396355614992
10.2277292721405
10.0007828359439
12.3170325686540
3.55616013667014
9.74298936427345
8.30173446539811
6.93654105100931
8.84046788323471
12.0616519689466
6.32271928493468
15.1504485813512
7.84480945456557
9.77906459221390
9.90331325629119
14.7945205891408
5.85849973901609
12.8279630158122
5.91223893473633
11.7814567076852
12.3743393292019
8.85880060660636
12.8665262004262
4.44465765040618
6.45982423971650
16.1259742738123
9.56325266013778
16.0071654142417
9.83788105343731
4.09135806060158
7.92395396581834
11.1611645891616
8.64277359155331
11.7983778421174
7.24479635914827
7.48731743429206
5.33006155934071
6.21647015446353
13.9975838075789
12.9179532485774
8.21803549914624
14.9086081131081
9.77754607934057
8.62116363153351
13.9585485608247
10.5912627627160
1.55562210622321
13.4121376298352
9.70144982202929
11.3818341854444
8.71663690915485
13.7473109492801
11.1714831530138
7.91960828839648
10.6767732002969
11.6853542498918
10.1401900981614
9.26863652128964
10.0857805136181
8.04548459447673
7.25239306071617
7.87046187458444
8.58111173041325
10.5972464905490
10.3819885374133
13.3979867913672
12.8313189614934
13.5460394096507
6.81785847891311
13.2901229637764
10.5877305859773
7.53415130819427
4.51526502101482
14.2738664338697
9.56113600660345
9.09157856182816
8.89523663606539
9.37690269106764
8.82829449000904
10.2262397726819
11.1209520000371
4.47389598963811
15.3572073390450
10.9319407559799
14.3166406530698
12.2852299733530
7.75410320785797
12.9868792744762
11.6928960774508
13.1723584906029
12.2951566754254
9.64450995792397
7.23629804389648
13.4279554168799
14.3470818136013
12.1576040408428
12.9006560582213
12.7910764639471
14.4531195403592
7.05402339047115
12.3007302137328
12.8752423058187
10.0875278956644
1.92857208158018
7.62939553361067
7.13467528643901
8.42611759102626
8.87673961082472
12.0474183604714
9.68020264530091
15.2806159020837
10.6805607844192
1.05207304879461
11.8983884467413
6.38529202199781
9.52286548994907
2.00743502510044
10.1474288468803
11.2957220281041
12.3280727916759
13.0153207046007
15.2616189154508
6.11546968048523
11.2247161282284
10.5293188637811
11.7174996548332
12.6104698931934
9.29873939441475
13.7077446268188
7.96782406887225
6.28381097199480
11.0762007844632
11.7726892661505
7.59625437287515
11.7351154911224
9.14436095687291
4.34652992865596
1.95018637827260
12.9038577727235
12.2151334220247
4.81917604086492
9.30615821503054
8.59756635422346
7.35560480356009
4.93649706370823
10.6655979584928
3.03884531689258
10.3842111788969
13.1411119496089
13.7567783465732
12.8491249264975
9.18984676469814
0.914681889456659
13.2760721556045
16.0001780635992
10.4846195707860
10.3844374199229
11.8056107912834
15.9117636105336
5.26470059618103
6.42907773036332
12.2735723867400
14.3136642512248
6.31816740914642
15.1860422667605
15.1748059082073
12.0915043974721
13.7875982720012
16.7908626350661
11.8933784040082
8.56678827038134
8.81173248553050
7.93156028578721
7.48225874578788
7.87710772950814
9.90756105465222
11.8047703954832
7.28295254487312
10.6681324288872
10.3896068435960
8.09601738185462
8.95096752283411
10.3324305542796
12.2084051285583
8.33647079538545
5.23290179185965
6.32716274251315
15.0857639119858
12.0083426646009
9.62832604240346
11.0913147525230
9.68567063220564
8.28645446068447
13.4119816629522
12.8006291677806
12.6649682528668
8.30769661605510
5.73280177574630
8.18466907607961
9.48848794532552
13.5964583356006
9.81625433444717
13.7730768262274
11.4494120118810
12.7220370009700
12.7948791394379
12.8773358962967
8.26605505027796
13.9985449822021
8.00259850825209
11.7213126327738
9.04875927318581
9.58599562710868
13.2632558077955
14.1902724477107
11.3456012228686
7.22355249091715
9.61338071499550
8.86980366638990
10.2754718424372
8.57806794586497
10.5090204365350
8.34083704127850
9.77078944871093
9.41541573051627
11.1847866102417
12.8874004987284
14.6444352934390
14.0942403702133
6.61554785788751
7.72069752062225
4.47651560703189
8.36303620824439
10.8558483766024
12.2356107495395
11.2899104269034
9.56316926344201
8.95476616909699
9.27425593307657
11.2441900559249
12.0965083863751
12.2258327020712
13.3529869254669
10.6471927306611
12.4861025530038
11.2499584163880
11.5126012440662
9.28327818823149
10.1021916125739
6.64034462355870
6.44110513270537
14.6981572190222
12.8901852736039
8.83206344992268
13.9539734214998
10.6107043735839
10.6652047777823
10.9883774649433
10.9738512342349
13.6257869458875
12.3613985309202
9.03134984010702
13.0148034773495
10.7317888462094
14.2179995795401
12.6102963617877
9.77574186967715
3.68946284839324
6.57505045007420
10.9047998666220
7.43479566061974
13.2655189796865
10.6012397828539
10.8886802047590
8.17615102876349
11.9206983990405
4.78301083967121
11.7913137846042
2.20388149853843
7.76005851612497
9.69243388368171
11.8170517023759
10.3849963968073
8.65037569487250
7.57487356891402
6.55631037193093
10.9144189181717
13.1774962553032
14.4884129011293
6.19429564328845
7.55318741322079
7.11404324711037
8.50931839481804
15.4509454681536
10.0730078798542
6.83397757398952
5.99723439085793
12.8232105581950
13.7734762582980
10.9498612948521
10.5422020307379
10.7627210781562
12.5711422589887
13.8086733821368
11.7656525835926
14.7711224848650
15.1708573178224
11.8262925019209
10.9920456314770
10.9091441445769
9.72775769786022
8.48284783292738
13.3967059217248
12.3747319901453
10.4570442579653
13.2357351017421
11.8379157032553
12.7719457502646
11.7020766144133
8.13635166856148
10.2013941831236
10.2304297063513
7.84752235349970
8.13628586825709
14.3470142160832
12.9030913189268
9.26561541395017
13.4575309968087
8.69685973680505
12.1205743412763
10.0681369722378
10.8843416409730
5.86285258611612
6.77359034550473
13.7746980978786
12.1815140867139
11.0750594348513
6.78123904073057
9.89547892574421
11.4167866190648
10.2806131737414
7.46189558830874
10.5573835784212
10.8951872598251
7.06131616397769
5.91332228479604
8.28706402322265
4.96105827065871
10.8402973580353
8.60748437073001
9.88101797222230
10.6455511526272
11.0209058392580
8.27879163883781
5.94726587721825
12.7881099624116
12.8196130251740
12.2761686772964
15.5397069698423
10.4726192943271
6.50504608669311
10.1825489229072
8.35047186294661
5.88719515884684
4.45528355039471
12.3244193541323
8.13140048648926
8.77300760470695
11.2438058898751
7.21357487501390
4.43903204200160
7.97361762630713
9.07229258090655
5.32955535856685
11.3321093341474
12.0077781988399
6.30232239320042
9.43074228245689
15.6123374295843
9.90396879988816
7.22514403712219
9.82403453643223
10.1448878164118
4.75197463343642
12.1672576309571
9.04314268620316
3.79131675324008
6.07164328015729
10.6334162511779
11.2569229915122
11.1406046988649
10.6169218692721
12.0574904535215
9.04991838799085
10.3607142550218
10.2806431507314
7.46149773302921
10.5004057343324
14.7606917254226
6.82131934439154
8.63407267143849
4.14631807602699
8.07947178463378
7.37273820110747
10.7701334929788
10.8521937017164
15.2907750110846
9.04280590025873
11.0309050452512
9.56768086839579
11.8645357865120
12.3222653025847
9.27648007004557
10.1099549909432
9.34723266706381
8.85487133531848
12.5473471428933
9.18239304938041
9.25390325248249
8.60305902783919
4.14835228512024
12.3802671042674
8.09303482897958
8.09886605776826
6.72731042534429
10.3745368036202
8.65326085938408
10.6426031124722
9.92218758770477
4.93466777505158
7.18159977630953
8.09269445223142
13.3013284171883
9.65310554666161
8.17056027965293
5.97375409585256
10.0417562773281
13.7528365064958
11.7537247289800
8.77447449837770
9.44984249650045
8.62613914366212
7.72542548554172
11.4469373471264
2.34764519159093
6.80940965353498
16.7621453753098
11.3849588595739
8.98785633331763
11.0905274424513
5.55345200701127
11.7090894283955
6.22455465630273
8.72206151907882
9.23713629103170
13.0379234252042
7.36775119765689
11.6589409356469
11.0935219423554
8.74432115121937
12.9933715872232
10.5504415808761
6.84234358694313
14.0755112174713
10.1740041416409
6.82886387317427
9.88674590804246
7.24578327765394
10.0971296829014
13.5224572807209
6.70107196153207
11.1490777812018
10.9326772539555
6.20538331820054
14.7765256817246
10.1070677856011
7.04325301599066
9.91738637062481
9.62952398947521
5.78491120077914
6.42309476331383
14.4865392301117
12.0761843751138
8.68067779453697
8.54537810596837
10.3366815941821
13.8570606536607
10.7780566825432
8.57734951286814
9.99414625710016
6.66890087191650
10.0924594162418
11.1757396851936
5.06869094659374
12.6343611446732
13.1242052731161
11.1218688249455
7.21682023888261
11.5781674701377
10.3211369535537
8.21570993151979
11.4692707476648
3.37640218724014
3.72861804209975
8.10632664535590
9.57295987191018
9.63733056773386
9.58005260265215
11.5491997509661
9.20413831212305
9.55224942126862
9.42852118494379
10.9623370378039
15.7691078999697
13.2658042810255
13.0411238532006
15.5398457431823
8.00235546279068
15.3201345240604
16.5595050205075
12.3575611519806
11.0875555890754
12.1409052608271
11.5740071873582
12.9445946874237
12.0867465209472
10.6147945262154
9.90539621636675
13.6815258356350
14.0531153698774
10.0766774802171
7.75071968487128
8.12873769017224
6.82755915931830
8.30691600443425
11.9235692849432
5.69177406692909
13.6073918633346
8.31790523018867
9.66915959554404
13.3804095256236
7.97026805880557
8.26056051252735
12.7754296004359
8.38880221489361
11.5546431349578
9.76659339710975
10.9708810532497
10.2115025161458
9.20705816591806
13.5400531049931
13.8849868710466
10.0937882892897
12.7554319719723
13.7467440705825
7.49467937513112
8.40776428436913
8.41654400478827
3.87375064503041
12.1901238671268
10.5833199456455
12.2574094499617
10.5297741957392
10.2034399522906
16.3560032813062
3.88558732331412
12.9149536980430
13.5414646071080
6.61369417496757
4.32727152378397
15.4283358839253
12.8548920844392
10.3557072299043
10.8765307047520
9.01985052972181
14.6797255193889
8.13749692516649
5.60248198376394
12.5217767374481
9.35719380280658
10.6781261442725
7.47702215272421
8.92874845150702
10.5376679262561
7.88117853767768
8.09059315838825
4.60263705637480
10.2781692113786
11.9349610527433
13.6881269354338
8.19224784422459
11.6333281123246
8.81118002093573
8.54120894144081
4.60200764135098
12.1599689510384
9.16621021667156
13.9866772521308
10.2016872276042
16.7761679503046
8.13740442284139
8.36695745968598
12.0881552079510
11.7275363238336
13.6327149000996
8.44413205027002
16.1594489017018
8.13798122958844
13.3313214862563
12.4557304446047
6.28571838732503
5.28306061593939
13.4877617519664
8.89980356055393
8.09841484439773
14.5110488456256
17.7009874350198
13.2670467050947
9.85272400726288
15.0120205284236
3.77819386061647
6.23804373604541
11.0292004580923
10.0041938370865
15.8326457361920
10.2386819920149
11.9438533316083
10.2099801839428
9.30650612384909
12.0305956038305
6.03201747270227
4.98762368227015
10.6582877603151
8.15148622834382
11.1253835467770
10.0479828007342
10.5128004999353
4.58687783770569
8.16158195354760
12.4103608220907
14.7292205092726
8.76124781625210
4.76011621041228
12.4731992934689
7.20951215241661
13.8977336770719
9.39832234690825
6.59993476355451
11.9776886116568
11.9598852388528
11.3091581912705
6.79406425544328
5.22467365017183
11.2581930309383
14.3834310723566
6.64441786651027
6.22982389545003
8.38581754337857
9.95805944000324
7.04684995308532
11.2194480342424
10.4012519713173
5.24163674800583
10.3035406982263
11.8088264824112
12.6164851930803
8.53271889406169
8.19153648302881
13.3395013308820
7.87337211606718
5.00575240598254
13.3415860925663
15.6766682447652
13.5715638849424
14.5348581372686
10.1906864194900
13.2681088326843
11.7055105545817
10.8409085488375
3.33698496027101
12.8664153673149
11.1424492037061
9.93679072149034
11.1396846151934
13.1718687706441
7.24054949760112
10.9543731710166
12.6672834505064
12.0170252514925
7.45310649295721
4.55023491591369
6.70832164686155
4.16790042347463
7.38357726696643
8.14194978822892
15.7174069351831
12.5913172252852
12.1396085862461
6.29895364778844
6.56612391183452
7.81763168284097
9.07869782917114
7.44756712017316
10.6532995810634
6.02372964699169
14.1949597335717
15.5703615942737
9.13332526319111
6.93646511837955
7.66657346744380
17.2267306004577
7.76923363790439
9.41323620931971
8.29443291448088
3.80841769400127
11.7429030536218
10.9623286859852
2.37888939347755
11.9628123430122
6.33658086247849
11.3851795983391
10.8707071039918
6.39986545952335
14.9611726797076
12.5630672983560
4.18964027717178
5.77739481604222
9.52450784097429
4.86182764007970
10.7646690340428
5.75164245240623
9.67821634798617
9.35153241007378
16.3310865355992
8.59112344748927
11.1558113982152
5.57158058543534
3.14071258315689
11.0833996994082
12.7658368900022
9.88259082147110
13.0051989342757
8.26246914053650
10.7996449465517
12.0009336463360
4.05512833396718
4.11993503485617
8.22638744492208
10.0584459510347
12.3565590144341
16.2619365332234
11.8331025492828
14.3755412213978
10.0252176180684
10.8293482441913
15.1049099946180
15.5988748854835
7.75113106945359
5.46661469571314
11.2488320899122
4.76819364100285
12.8076889590401
3.64386828193611
8.84594558114463
12.6738944572243
6.73754768197664
6.34597674540586
9.43863929261495
11.3063332689213
15.5284571019564
9.69301634406249
11.1617694998482
7.43472620332182
9.58932273672417
13.5647166095841
10.7531005711169
13.8945404022451
11.2517220831008
8.60920115113925
8.10083576816212
13.4886712680385
8.52623591549871
11.1903751676189
6.22075281288353
6.98354960221550
9.35898857581519
8.49777486696720
11.2849837922702
12.2784657688294
9.53236169295321
9.87967618176093
8.23359708829186
12.4363871870769
5.39084417475666
9.10378082232571
1.75724576539538
6.66787107537507
12.2060585477022
9.89168959657446
11.3837799471195
5.79195106936542
8.24462587686988
6.78149623285361
13.0291130264939
10.4153234971132
10.9797278493854
11.1618017790992
10.9273600541120
11.6005419804915
8.77409887655328
10.8954401209550
7.09479921423538
10.4240712148994
11.0235409287848
10.1281643096844
11.8597535368284
6.62143681729048
11.1841827114503
16.6608217320607
5.48537821293118
10.0129304033721
7.87667676748921
6.88268270456312
7.46309943227335
7.08179864688656
8.14655044778350
16.8346266077503
14.8457009192083
6.98682832376628
7.32691071909881
10.4034383413228
3.71844735743294
14.8974703792383
12.2810067024747
14.8885664986181
14.9674766932010
14.8212814779008
12.1892400123473
9.24312917793196
8.25480019371085
13.1086718093425
10.5119785737377
8.15357783927180
11.0768033754592
7.32755959531056
12.1850361709936
7.97917857387277
7.68524720861901
15.1187026434234
11.7568797899086
10.9799721984728
12.4858497777844
9.50154871216932
11.8247347408586
9.31072043932883
10.4952757428999
11.1219047167764
10.4300852744069
9.86876891596543
6.78457003347266
10.2782189022011
7.02840608498450
14.2491960123084
13.1465117645891
9.23628884884748
14.1870838041057
6.07022570822329
7.18076682340403
7.03343116439623
1.97544180374923
13.2454140075111
6.73352309329630
12.1439158639779
9.18757430417174
13.1097091464500
10.6521531487382
11.0833947802225
7.08457968506954
13.0290361883963
9.56778475089925
2.00216442541566
8.57966663161941
11.6421242093600
13.3995217738029
13.8631128343138
8.39186462958010
14.0459870110574
11.2537762030438
13.1280871984883
11.3497311420778
7.42827975264644
9.07104838629509
9.05042915585811
11.7002915251367
10.6081041496397
9.74952623787048
10.9154774411965
8.21112023923676
6.93134167016382
7.46196452361927
15.3425926555668
11.9625435505532
12.4322131634766
13.3178860282392
7.97618365349246
4.52237571305172
9.74872941563687
8.17097868835417
6.99518763998947
8.93887865755574
13.9298272379926
12.4138714045781
15.7712819185080
6.41617761968333
16.3467186534998
7.74610766340028
9.01516322187975
14.3493311029425
8.57944863900898
7.41268372106266
13.8153467957235
9.32931043672110
9.69592180840595
8.29638449788733
10.2504788450451
8.48677467181732
11.5064786520288
11.3838768396084
11.6408223071288
9.07716024486018
13.0221221781485
9.83731174822625
7.69843251536097
5.37518545145190
7.79136684968059
14.3309005980033
13.4040429165712
8.95251729421136
16.7715648422623
10.4530833455680
6.81885723486052
12.1208317240855
11.1973750835594
13.8812978529368
14.0234915176951
12.4143056418043
8.61163153755373
12.3811502370164
13.1022030174590
1.55741460440051
9.54510174875073
8.47455607412503
12.5304014271640
8.33917846739623
10.1594106985726
14.8003946481659
16.4848429679317
7.28789236889600
6.27201201767572
9.10971161203156
9.75479521495159
11.5126372577431
11.9927450134172
8.52298777623239
11.8480929824312
6.55204436171790
11.0387670167130
10.7515150871756
7.58581090792437
6.01787626537056
6.31519606195895
14.3949157311912
1.40986869601392
10.2804869018339
8.16621294755072
7.94786913591134
6.70032079526635
7.05389493907650
10.7350690460665
4.56240428831115
8.05895074410054
13.0377247218171
10.7633762021133
6.81007785657396
12.9532949228930
9.82548215643676
7.07738182950857
11.6774898382866
8.07013487602488
12.6456227754857
12.9515767097489
7.62129782346685
5.84536628881359
14.2321770203223
4.80414490543489
8.87295168117634
7.75388296838278
10.1952880408338
16.0780897239006
6.53321514100364
9.39770003235808
12.1963156176495
10.9427005829280
13.0433377748295
12.6184824633412
8.27103153082572
12.1460694836196
9.72808333246637
12.4025138817411
6.82751446371149
14.0233046729462
15.6952745773881
10.7935707808690
15.8030736892825
7.91505695867206
7.06094758837699
11.1557130297636
1.89067900236925
7.91944870190915
15.7805691435040
9.43598569810363
6.98408855078315
2.08242387608862
11.9732151532223
9.41759795191446
9.19596589242476
11.2337284050306
6.74770179240521
7.63335739429300
4.73337688291395
9.60747977051313
5.34134370489442
11.5046151171631
4.72977929575306
12.4001667720708
12.0545670258444
9.97885242270477
11.8573864135023
12.3602046943130
13.6562993975299
3.25509392220870
9.72298525621061
11.2418423749926
7.37388948962244
5.62849894536558
12.2282808423924
10.1050699312481
12.0551911267798
12.1641219650624
5.57308621832197
13.5065672407189
12.1874308700423
12.8651009677157
12.4834405063439
11.9889733842245
12.5104422218560
11.7255217352935
6.29531586331704
10.6148786793884
12.6744055388130
12.5114397231990
9.71291814623894
5.92514892516310
8.10742976331533
12.4150272206991
7.65612079263155
5.68961311532493
6.90931411057054
14.2040861063042
9.00827207498902
13.3038432843495
17.6899187196925
13.5863505159674
7.25348558647067
9.99654757484113
11.4783414124178
11.8720144012547
2.90216322594026
11.1765584261246
7.23598886383886
13.4979383431156
8.07435359946565
5.82818208180620
10.4947284342107
7.22161124019989
10.1272063650760
10.3122520053736
10.8493256745595
13.5354218550054
6.15215442520788
12.7246241547584
13.9680764715726
11.7343642759016
11.7756708336350
14.5947672750733
8.75162136537556
11.9941383137845
6.64223507257946
4.88649075797224
6.78137054686171
12.6717988701780
14.7385957419965
8.76463297525845
9.78669559964191
9.66862335026403
16.7747146498997
13.4127757088377
14.2261525169126
8.79844315140507
13.8392042356110
8.08533956711918
11.1911764475046
7.15388572974698
7.00614512891278
2.91581969178479
10.8553233691645
8.40266464922884
11.7506158144431
15.9801158555355
13.4816105221553
11.1958311601201
8.69880452626109
9.59799769686972
11.6027969088029
4.94666854710493
10.6541673487417
5.27022671098050
11.9401966395707
6.41461455795841
11.6146454824309
11.4723553548006
7.92328899898336
8.88967800748629
10.1217182636225
9.60558361359176
15.2967644344824
9.55537513299684
11.8928055581284
10.3652313748022
14.4096426895539
15.7697439600897
13.4738410282239
6.37650435947378
9.73225502843322
10.2358298742230
10.0057978140431
6.90399795531274
9.75853085983883
12.0128114385081
9.08525100610463
6.94917860707616
6.00495213102677
11.2139779807452
8.00908868694959
8.27048053923523
10.5675296811069
3.02042019096681
10.0048881573523
6.14333882381914
11.9962430350235
8.45174873454278
5.12431081167534
15.2439317238499
9.88370350239244
10.3948362516902
14.6558972574754
11.4614692361297
11.5836434470301
5.13880556294678
11.8687436010734
11.2949925902119
13.7168077598829
15.0994905381963
11.3598674963830
11.0551685369782
12.0244408837302
4.09047373616428
7.12801505716071
9.31978536939134
4.28479858206894
15.4033351959040
14.1229947401016
1.11736234627154
9.22221207074440
9.43503384849633
8.43545142952940
6.41371364741076
15.6230629304057
15.1368739755008
12.5059356120693
6.29888952911543
13.4045101130465
11.6641138028321
11.3129361833276
9.32077724015521
13.3300935169869
4.92228219805768
9.26209953665203
9.58310916518416
1.12683205935934
8.96933435521803
13.0806079411468
6.73369874793164
13.0649015955280
10.3938365804383
7.41890203013527
14.3229782155797
7.87898423214325
13.5933540958166
12.4412932695520
9.26381985374714
7.65076830831140
4.84540499642996
4.81790906509687
11.0089587138097
12.6453722002558
9.12776809673181
11.2713766472906
11.1636092411152
8.96702714588894
12.5787479421879
8.26324827446873
14.1686896110205
11.0182564549188
6.95702178307977
12.3138394805611
5.10874563476310
13.7916823834100
8.91902642600774
9.03535405441233
10.7181680936307
10.3146877733695
13.6262130286650
8.95648330464464
10.4578995371444
8.32051127699613
8.10227182021877
17.9602108460102
10.1731398216926
13.6618124424450
12.7089572299650
8.12432426544312
10.1143205184601
11.2099603410420
7.09371625341740
8.59800490840485
8.99163847990715
6.61741767945554
10.8457174840985
7.64056028178347
12.9185469784016
7.63685837084303
8.07567588890713
6.61625358556580
8.33976956317341
7.20050605509435
5.11251802918791
11.4630997570677
16.5609166052355
8.53498154025585
9.72326127101007
11.3119752289602
7.15081124959197
10.3831591343477
15.5984704748827
12.7516178049418
10.6298142731044
10.0933873349608
8.19624726786038
10.3754472843431
6.45658444923475
7.69929595312075
13.8866306375233
12.2114177667813
7.57233868574888
14.9178169068712
9.21373733719046
6.54252356979514
12.9878538434274
9.21244554168736
10.8072540666327
10.5199034028501
16.4433605406028
8.64299845640823
7.19758310633442
10.6585990145841
14.1826600332176
5.07576631826628
12.1018816315941
8.35779896410817
9.86637393249166
5.59163549081793
4.84308008127211
11.5095256749598
12.5786492832685
13.0804377135927
12.6964503689628
11.8779398035627
11.0852916617583
8.28380185322971
11.4572379401459
11.9291517573128
14.1078317810812
9.63514088794345
11.2236785312781
9.54486399269781
10.4289243355797
13.1473178075610
9.29727876717799
11.8067719954457
9.86216333687164
13.2531788021131
11.0579467388652
9.11811674257364
13.0689709570558
13.0661254149309
11.3016517039538
13.2694418468173
9.89369094468611
10.9479344148281
8.51579080569298
12.2615421385021
8.29770117193182
9.99616643325020
12.4222716553097
11.5619506462618
10.4429020693615
8.31292598542017
11.4645407224925
6.45969779353587
6.50944678884913
7.83479315553384
13.7100128928335
11.2914592219346
12.1825925472210
8.57865175784213
13.9753244121033
11.6237631159621
9.75924289766335
4.15867821068185
8.16390425809954
13.3637260511581
10.1740942077874
11.0158575625186
8.86679525541479
4.39620796355376
8.50202914181100
13.1355849234479
12.8905265043419
10.3356480301165
14.4031310317950
11.1774781827355
6.71568878584811
9.72035833439645
13.2759235726608
11.2215595424203
13.4263178319670
13.0111541407934
12.5685127858531
11.9279409670565
13.7035275731058
11.6599993999436
2.27406437697462
15.1134854693975
14.5160254626799
13.7604199358402
8.58951186802306
8.27754809126268
12.4643115145193
12.8251861392872
10.7742513572782
13.2042052266928
8.60937488879436
10.6668070878178
8.65540409736413
5.92626325014338
11.3970329684834
9.46008913406350
10.1547477326839
9.96557159627354
12.4962934554417
10.1673854476878
5.68169516027976
8.02478708876240
13.2843039495588
6.05026310494837
7.41270094710838
10.8567758298736
11.2890829950990
11.1704553642614
12.6845128876267
15.0954171647253
11.2209455927719
13.5055190504510
9.83224093989799
12.0070491876569
11.6342048861283
11.9423195735493
6.98007910214454
13.9718633904241
4.61600002529594
9.22970960014400
8.93722423965800
9.39235530085009
13.3014320003489
8.57886919350334
9.87406970888783
13.7474033697673
12.1969754244223
6.86686400617964
10.4687493378534
6.87322390221648
9.12504188426562
11.5223062704458
8.70635003666400
5.12397503637756
10.1101275220099
12.2947101786377
7.67111923613732
11.3667452522196
9.24956544967861
10.5547070936960
3.96841917770792
7.32577553437177
17.3185509077999
13.3227622447070
6.02898437024479
7.82176845950285
10.7326137823883
9.90593355091470
8.90644661672407
8.54341804758318
8.70412764898766
10.2742996868642
11.3342297110963
5.11494841501593
13.1556052826649
12.2585420769644
8.92011577750774
9.23626270358761
6.44568247531849
7.62045467562126
3.85215029554963
13.2271165495799
4.43249435136121
8.25202683537978
11.3252629923940
4.64054097014851
10.0488968891343
13.5902750788415
10.1212853253596
10.3098966294882
8.82217663361391
10.4844785398994
10.4569365899354
10.4492336082349
11.7602027704042
8.63295308016958
12.6895177717804
12.5847769856859
11.5900735518587
10.6499416923681
9.36710756094594
6.79142894360095
9.11141205037364
10.8507696948097
12.5999258606487
12.8406807156420
15.4057707931520
14.0592481311390
8.50528584546455
12.0684438804381
14.4140561212696
12.7495782380471
9.83558054367220
9.57399431431780
11.5606859428395
8.63913044128607
14.0440324078096
10.0455068039275
11.0522917576976
10.9478258578497
9.69495270641445
12.8251208728769
14.3086519244437
11.0005496690243
12.5468624978835
8.93094649385929
10.4553737924363
14.1346310437723
10.8897983917412
12.1655476206683
12.7321581918368
9.90793863145116
9.11052040461523
11.8635093611161
13.1311928516414
10.1592930838713
13.5535131166311
7.99537970369391
10.6940452211696
12.7911315515249
14.5619593244962
12.9954417085878
13.1097027030104
6.05352761837364
11.3454819102826
10.3703096145076
6.26976897900098
10.8678841652843
10.9226589407376
15.0798908681416
7.59409437898854
8.69852331145670
8.99552601652175
6.56522464365048
10.6841423613372
12.7104310784225
7.63548827721449
6.81729292411136
7.39866839822958
11.2855877721297
13.8772086026277
9.42451495757093
10.6668654717291
7.01438883394347
4.84328786604246
10.9116762283627
13.2995097273928
16.3517060614262
8.49884856604582
11.6611133944667
4.03694090611036
8.73707282953507
4.71715089205639
6.89077858497203
14.4836047654083
7.70732422391054
2.59658245653578
13.2457925670029
13.5958646155861
8.67322205735053
10.1637605752203
14.9287905076697
7.40081391934362
7.81275680640222
5.87065615141400
16.4725314061123
3.42540580661620
5.22959748929113
9.65172083640770
3.83641988267281
9.01852170682633
6.40787040460289
10.6486850201607
4.46612662443136
9.34963605785170
13.2747086880094
11.4777078518186
11.9085258154531
6.87545977635876
7.63098344750491
12.0060073329357
10.9392319883354
8.60912127058000
12.9373971254825
11.6797992882030
10.3100850314283
9.46477222281133
8.68044458119543
10.1222756768301
10.9130666296372
8.33758994402873
11.2392838376951
12.2586358157955
11.2782852263685
8.75039569530558
8.21804193973655
9.43640941492803
11.8751884044507
12.0897903808572
8.81288647309910
5.50327565758300
10.4338281048475
9.80087115619243
12.4030740607073
10.9373705682659
9.87820766266034
9.08305060081587
11.8792998275399
9.70535623753671
14.0400092232180
6.09745864745932
3.84202872191242
13.0231712309587
15.0681710630157
13.9761876020017
5.28230871820378
10.8573510882356
9.83263933801009
7.20899212975046
9.73685711131213
8.86651359306480
4.04753670573886
11.4433333804796
12.7166101286744
11.4880296960450
12.7079354143272
11.8300373187067
3.92410645348305
7.15962928267468
10.0717849984552
6.55049156387412
10.2486789311647
15.7773562938298
6.59030862952563
8.58335680313943
13.7902714803333
8.25057934026933
11.6918794101935
9.13871525314341
7.14444300899596
12.7933226936057
10.4082387494125
6.81919379673105
10.9212799886473
12.9755273127728
13.5695566385737
12.1940122644306
11.9342294855667
6.34894447530476
9.15033959425873
2.33849023784578
10.5442037073170
9.72537460583342
9.79092150413760
12.4703465764450
2.83848657386291
10.9192211363286
17.2900524687263
10.3273839291027
7.59906427158340
8.10292394809328
12.8895449277060
11.8772789388248
6.86647426225093
8.82631671616702
11.0090750639143
9.55323430628272
10.0671507675995
8.03229085952600
13.0401388852971
11.4045715689758
13.0725304597499
11.5601067501679
12.0700437948577
9.13130277380615
14.5833146096091
12.5653547696500
9.98941336419981
12.4748090624908
11.6383890686396
4.72602372471278
5.11792030091720
16.4304614135700
6.07135605821597
11.1576014406242
11.8442070637252
4.81451444008184
7.63209380683156
11.9178233061689
11.4268768106963
11.5465838323942
14.4741937695199
8.84887120323576
12.6054572333901
8.28489459907874
9.74096412564469
7.88615598753258
11.0987126232313
11.9685111873703
12.4441841432887
5.90376193559735
8.25703871017659
6.03959605708247
8.83710997955987
9.53829091514118
9.47737930377940
16.9987624269404
10.2932275332377
6.92639646552825
8.06799652412891
9.42762080255330
9.82552787396133
10.4493238158782
9.78294987519919
14.3649857486602
10.6800573442834
10.8781080598214
5.70519168938509
10.6881277990420
9.16756776632072
10.7129921434909
8.55663101130338
10.7627717189844
13.0766637109876
11.7089288036467
9.87384668262571
12.1877285908976
10.9990370176367
10.9604957861293
8.68237239717265
10.2721534560335
10.1179647933665
11.4882937257144
12.9534186043786
11.4608664828484
12.2290455772600
3.34636784362741
11.1646701923043
9.26422796228805
7.35874196885855
11.0485091014273
10.5864800622266
9.43674344418119
12.8930462263458
12.8180527905151
4.20688690154737
9.80632863728883
6.70481502970505
15.1287189951398
6.78740261800065
10.8245863664354
9.07957390758519
14.4016173437934
12.0900993714350
5.94863011684308
1.39783759786321
9.73381001116836
12.2666619627315
10.4740188726372
2.40428832297625
9.69762197982423
9.99331944491267
9.75898611535350
10.8690137091317
11.6229525447680
7.66204882076697
11.1103137328517
8.00376974655788
9.52978164218642
9.02072690381954
11.3507439680457
10.1971538855682
8.91261248854780
9.38468492211945
14.9142100047739
7.24078025580188
9.36483378068210
11.0782072997339
9.78438130053729
17.3633699017748
10.9266627029891
6.72991597849067
9.74013079098825
13.2763471399582
11.4802345149767
12.1149341344941
8.67955964175655
7.80730518465733
7.07996531033969
10.0289159417986
10.3842859620705
9.56943797066087
5.14320122078697
9.62526529743168
7.39826155070379
8.45077886209842
8.33073786292873
14.8235911745325
11.6504428846735
8.81783063993063
8.86340552228548
11.5948977371935
9.42567337078737
11.0875894078360
13.3283323535752
10.7906691314174
3.44539088783843
13.4957334557183
10.8539387412560
15.6327524548191
10.5401664072041
10.4422862422154
6.88167720060657
9.94189182538358
5.88561922257886
6.80796997654567
8.05429385744719
6.71822100513496
10.6070214119456
13.3212985870985
7.53134842629310
7.11044339147255
7.21248237618168
6.88831743211721
11.7481150021778
12.4443013796812
6.02776698455262
11.6404054297095
10.8841229842465
8.03104591957799
13.1181722548221
14.2128312753417
16.0276387290567
11.0975493264892
11.8217091487595
9.99227275875753
16.1232479721695
11.6482806352227
10.5193293165632
13.9298064356676
4.33411722065751
6.54438666558040
12.3746223192324
13.7060653570271
16.3467048116214
5.02710809155233
13.9372337505459
14.2259981025808
9.40251087695721
7.75713928181136
3.99565154613112
4.59213868942348
14.2318107885972
8.22957410411738
8.76548784336937
5.47821980010694
9.35707717632488
12.3277791740844
11.5849031531951
1.50013893356582
13.2424136278001
15.2007691715721
16.4641132697122
14.1065144393360
10.9874299291779
16.6188663283101
15.4224953283436
12.5893779556360
4.87546192706235
14.7521095886927
8.84483488969734
8.73280697967611
10.9565591789078
7.57623067786685
10.3010872340837
9.70397333569430
7.94602421969629
9.64417976700289
10.2533074322251
9.16946674741449
12.3260228785301
9.97154220100366
9.26778482479841
10.2480648779632
9.85242590884104
15.3777678146695
8.46072865974567
15.1404302160300
12.8218663904297
6.56433201199361
11.4343899219406
8.27686531530807
7.03634179399299
11.6380373365760
11.5268648618014
11.7520278801689
13.8087989147773
12.7239867680453
4.72929998663822
9.61625441620473
11.1541667308947
6.00267220201399
10.5661563653816
8.34883532585766
11.7884117448092
10.8301493897870
12.3887907473951
6.92777516082993
11.0264896440318
11.5890900894198
9.45851649980418
7.49517428506662
3.70692307213616
12.7987893149194
12.0182490137814
11.4606473936498
10.6573354815944
11.1005777269008
10.6581304272141
8.23680894607331
11.3192473803226
3.25257430862026
8.98891122373911
7.70310725760888
9.62794107758396
8.39196791732684
6.98038959605447
6.97266737954872
14.8350083775419
7.19433507918328
12.4739058329731
10.5691218142960
10.7948945545659
9.15349299465095
13.2066998696679
7.65075196746046
10.1266516942507
8.73050293673943
13.7018625540856
13.5953358589672
10.0689214624030
1.84095804949488
11.3449703613294
8.15555283150850
11.4764325539755
12.4595156054101
8.34135579949337
13.0280139604578
7.08905292801493
5.28378875561796
11.8838489084745
12.6417615689545
4.29950111659168
3.02345378995611
15.1201643914975
3.54095341704081
11.8612376843079
10.6172815413750
7.29560077169831
7.40702366271376
14.8061750522645
10.2846152831371
9.26236029216701
13.5922103433089
13.1731830158161
9.35704279538708
4.48524555648663
15.5739433667681
5.42288311694066
8.13230578658555
6.91003641586711
7.65627417823821
12.2848173598550
13.5419355882323
6.63932138909447
11.4108139053718
11.9612487634731
10.1595505403041
8.63729502324347
13.7849040074014
10.1510799336257
7.50137235665303
13.7185994494264
11.1759050441446
13.5247804636318
5.70763195822595
6.66054618055086
11.7517843862994
8.16142829429875
12.1883992521794
9.41181908912604
11.6389292941674
4.45372187483729
14.2010528467863
8.22278819480357
12.7394350235453
8.35486595641057
13.2207229253217
12.1344328169678
13.5617279628735
5.08644511815472
8.76686332552793
11.7285105239275
6.34763514124308
7.31069071085959
11.3344442926056
9.46688630303427
8.44868123215296
2.27389422818851
10.7266205479545
3.92588301107582
6.60895702210420
9.40703726088867
10.9198588071365
14.7716252127473
12.7072434455472
11.8612993665155
8.95027320955064
9.40516847375308
9.81328070530514
7.55105034357637
8.04077800389358
4.64959189069320
14.4318045699926
6.43766399972376
6.97560171362727
15.5713324096722
10.7687698359780
16.2706286944130
9.67215496102133
9.84366444663881
15.5234012220817
9.55111595964992
11.7259159236807
8.66754737173441
9.85622050697481
10.0451440826004
9.79271987622673
11.5300723153209
15.4711622809008
10.1590528781460
15.1522459864377
8.75931175423370
11.9938830545158
12.6800186873067
8.62552224902101
6.86441386695908
13.0018935159950
6.23772429781044
9.37222395936108
10.4393718570391
11.0488086047151
15.9984923546894
10.9965543709002
10.9999047154301
11.6294227316821
5.16203063318617
5.60267304015825
10.5047250026990
11.1412805773249
9.81857576005895
13.9115319212005
13.6871467194746
8.83492385464317
3.75408556900181
13.8572768742879
7.27046642598964
8.63106027612509
12.3715390771239
10.0656281606901
10.9464774238834
15.2283599617024
7.58717491539687
7.86005098729225
13.5483290682511
9.04090366410513
11.3025615053864
11.6999742870020
8.79528307801972
13.4949327525701
5.36580162332445
5.55415476958688
6.97862653088766
16.5121506369247
17.0098858975904
10.8689715727113
10.4307793323541
15.2803039674594
4.28090448324052
3.58528127501462
5.46718805568921
12.6957509694371
8.97743750507975
14.2761423454984
13.4618870758391
6.89858799808044
6.40375806032561
11.8157397847096
9.20780421165839
10.9806619474012
12.6967420746198
11.8313445014350
11.5303036012721
11.5635741522726
9.28217324378777
10.9734001071931
7.87395032253297
11.7652271682414
3.99822264623420
12.8153034221726
7.11080920688005
10.8673046905083
9.84802744375920
3.08127805105734
12.3030948649409
6.39595624203293
11.3806578924676
9.41166442161968
9.61441800101187
5.49275885467451
12.7826471049880
13.3045501549779
4.22187984116699
10.2286111568504
14.5367555550941
8.25476432827946
9.46622005024511
12.1653181062113
9.70238531145079
10.6316776682684
8.21472018932068
8.26121449597243
12.0785108615634
6.06584991600773
10.4851249102229
11.2883859496754
11.6153504166646
7.67095995850709
9.96006619146413
14.6364946521410
11.3044018192625
13.3411343534336
10.0632430228635
9.25197768543923
8.61485408439634
10.2449072046575
10.2529736456142
7.15916002170100
11.1205497047376
11.0118175813068
6.98950857854378
10.2093182887225
3.88963390693777
6.59356893508556
11.3554887960330
11.8754543606537
9.49832996277314
5.85233423911056
15.1634850933834
12.1478722484134
14.8886344657823
14.0699487892642
8.15591768684183
3.28904942851216
9.14568187942787
7.35540572821146
6.81925281723621
13.0293228945658
9.05018232965502
9.99800862244046
13.6839818142324
12.3893363352203
8.18028135951259
4.38622696859157
13.0753037650113
9.47354125583450
6.92891393572793
12.1649033418763
13.0673058628980
12.1443027190115
13.8178680757334
10.7325476152600
2.17722465380361
10.5713301771081
12.3526567935296
9.89171033855327
6.44071714452770
11.3871039229761
5.98959303458925
12.0934720950740
6.37628056550212
13.1667384423464
9.14327867007664
8.04048330277557
15.4871196594203
10.2017976340390
12.0302445697512
11.6718596972012
12.7420087736761
10.3650711752828
7.38291264155005
7.46152932902791
10.2602743291486
7.76587538769866
13.3542453124076
5.70744751968538
6.86268557205025
11.0019584964912
8.46732721712311
11.7047362292256
12.4369972028288
12.7093914605872
9.00610662979362
4.27770984468138
8.32469447603059
10.6427352411928
7.07231489420764
10.0581062992382
7.37203972822223
7.57176424358113
15.8205754615174
8.94370982468344
9.71128990491860
13.5942096936423
8.23565370768936
7.20180302430135
9.71969307769839
10.6690624940716
10.0218237566071
11.6696867815074
8.28319948191288
9.03202610850279
12.7124542153008
14.0079950591411
14.5054243020648
11.0052206898819
13.5175942066527
11.6049155847285
14.6365957645621
7.46710094688181
11.4175621263209
12.5756562832633
9.40724363265064
7.52608489995241
10.2252718413505
7.00989186110803
9.64551937315996
13.8688984459887
11.7994634766168
8.85768822810596
11.2506775885761
12.4259761906694
12.0473048302307
7.57679060402651
9.33295060066756
10.2391042328743
10.7099229491611
8.29989079374880
10.7753629297987
11.2078378880148
11.9300982236979
10.2409741854259
11.9316193321129
4.46585638303416
13.8917769998352
6.93287665939117
8.00925232565556
9.11597525989602
12.1877006056519
9.87086407325101
11.4212833686514
13.7499864678879
8.35992205159533
7.69543981170401
10.9750029408595
12.5512092302105
5.96667939325006
6.12058906756934
9.37209057283706
6.91187163327979
9.75786468267417
14.8275128177163
8.04643209555964
14.3275874227700
9.44285032626228
8.23197567294753
12.9417360687113
6.46680556318404
4.84721911634811
7.15827742060333
12.6256745739444
10.8181663466876
10.7566737940175
8.60316557062385
9.58614136165290
13.1809692280524
12.0649233973441
12.1234325628298
11.7989165657813
8.34882074551979
6.73951389617886
13.4604824980261
9.05908096956757
14.7007672039545
14.7344851754610
6.42726412275000
9.57601792557235
11.5829027105361
9.88554627760226
9.25181771366757
11.5026065717301
12.4510862658430
10.2463128696696
12.5745169943143
8.39581203709057
13.2050100509389
6.57977588209041
7.92710424858587
17.4398313695681
11.7264154470075
8.64843202989024
3.86404621381054
13.0176417824208
11.0314086714347
7.91313343947386
9.07366143170789
11.5255932796451
14.0127298485342
13.3133155615740
9.21045922029067
9.69919426960979
10.1130511796864
10.4514863000461
9.18746220178792
3.29827666924492
7.17862643183516
8.01849699335643
12.0047042499832
9.25727379199524
4.51700019872705
13.9616337735853
14.3168691655886
10.7042230359396
7.48085170953148
5.41863911572666
14.6315289459506
11.9079189140928
3.26399043197127
12.7468699334525
13.2746544677587
8.35673224822059
12.4072178648425
15.5912667078712
5.32375671561782
7.94675534472873
4.52005944460223
9.34801815503553
7.84296425841961
14.0509629219969
10.8117611254163
13.1998462124453
4.08370263209514
3.79162773716998
12.1498854331151
10.9176774514689
8.47375893645315
8.26862069297577
8.83025507673597
11.0005257245251
2.43680101569960
10.0047561076756
13.4645547252725
5.72811925400475
8.46215984584915
10.3026765671026
6.02775885180276
7.81189344558316
9.04581104901372
12.0571594521337
8.20715322892482
9.13930979435113
8.91099471097977
6.79639608174803
8.16496642812635
8.91662021640700
11.8053915116945
0.846948670227425
6.00829748165465
12.5827732121707
9.77359696871473
10.9991109158457
13.8798409140646
6.51125684998161
10.0074494475665
8.80062082910599
6.57854196156524
11.3013876202522
8.99385959793778
12.3785572378295
11.8446638240861
14.6429607555754
7.54452173603470
9.69956225161081
5.17639566170700
7.21193667416042
14.4354189340758
10.2635567208302
10.9684664490717
13.5585628410929
7.42081768806427
9.77963156535758
10.8119478298587
8.32240274203712
13.3639191823246
6.79492983669489
11.5290870255318
7.50575954957924
5.53869894227474
9.22508466441377
8.83028559228929
14.1742171490955
13.8123781288658
9.40752277541315
12.7948314208610
10.1884370182356
10.7464380197587
15.0112906633411
10.1567464895502
11.4701892218791
13.4121876893848
6.49382314653721
10.5028513257947
5.32073073437387
10.0660576759367
8.19058578997582
11.3084509014358
10.3757978152141
12.1789103041898
8.67081629726947
5.10341215997200
11.8272456260889
12.4984947839275
2.63777903428642
10.4219149052921
8.52208035491816
11.4359725754156
12.7512186026444
8.89320402550632
10.5703028677111
15.3971237636290
8.51942801204285
10.1251327907232
5.97731034732642
9.25237300936911
9.92441326740966
6.92179157244514
4.57180244256633
10.4729851584743
12.0157629668798
10.5862127970051
8.17099836026723
13.9274529153820
11.3354137380837
7.39926432229355
15.2782020391154
3.97746544673866
7.50502326056323
7.10473046658514
10.7142741371714
12.4948076868992
14.2153288217945
11.3050709855771
7.86774438015186
7.36081562818357
8.27309969831062
15.3227781894493
8.93456830062553
8.32913182897282
14.3806299761176
10.2194959171998
9.33890127296632
14.0103256751378
8.88975748185779
12.3734958616671
5.85235687950346
11.6385752292202
11.1144640929741
8.14758036454498
6.11073415624984
4.96780299720109
13.6720510782996
6.71288433423131
11.5403904584785
9.92359973378054
9.02105081194302
9.51781945106375
13.4356454757345
12.1240144234977
7.89569009568442
11.3947180274617
7.76696376556502
5.09282712230207
13.8645642582894
14.4316533569983
16.1374059671013
9.02755176309425
5.81966120061984
13.4841949606096
12.3096985444126
14.0403464559471
10.5399025621760
6.25216341724366
16.6112577581360
17.0428285324730
4.75086751845334
6.18552365439705
4.94623330404510
14.6154948784529
13.7274664905529
8.31948434844518
14.4441655157492
7.74042682316912
8.48199711100901
15.4228954233719
10.2390369664919
13.7906744248643
4.63012690421004
14.3856182042418
13.2560373695675
8.14451166140807
12.3243793542141
4.77912916125940
15.5662543268186
3.78945130704534
8.60268072835490
7.47283703108834
11.3222252566905
12.8622839267343
13.1673886362608
11.5595951690462
8.23260530255649
1.65284073877945
4.94538960839174
11.2698900486687
12.4270640214322
11.5196186958144
13.5954236722504
10.4786999817603
6.50537210568130
6.81890036899408
11.4490497396311
6.83601821534080
10.0501240723741
9.49567945542564
7.63464145626533
10.4917574117724
3.80990902248335
6.13567831911851
6.43535923971546
16.4215962166236
12.4248854703981
8.79365743913975
12.7055893294209
10.2265565908971
6.12034763883303
7.35864416668117
13.7992727834566
10.3636518291865
8.89977629910187
9.83675071241870
7.56934975621169
5.21742163977118
11.2365494313006
12.1957431533043
14.4148248368626
9.33555935596791
11.8386638323675
7.55851869244144
9.07939921576857
6.57902627219596
7.38859819341373
14.3676468298864
10.9110140758015
8.69931958340611
14.3681939195667
7.63741091968725
9.46050483009310
14.4985519541103
16.3914391164753
11.3858584634177
13.1167258031176
5.28526972721958
14.6836420571816
9.62335576711925
12.7234464014055
5.20826601263211
6.67729176380563
5.23815069390907
15.7783661395361
8.69439095689760
11.6134073447749
2.66287136694021
9.28170216647327
9.18065379191463
8.14773156004726
15.3229059694868
10.6363893300525
12.6731137061748
6.20951149759672
7.16034948187085
13.1676490167919
7.99593830762811
13.3931558558981
11.9281940565621
4.21549144690375
11.4775051140225
9.24443897119727
12.6385136547783
12.1934829461379
14.6527866016436
10.2684854904732
8.41599539350341
9.50098974123605
10.2596653428702
11.6059930573548
10.9225445214430
10.8087279301079
9.09181744877851
8.17664939788621
7.90262268193659
8.15074773650190
12.7449029063724
5.23806872503518
10.6923674293437
8.63082934896616
8.38734618296409
11.6772921849608
12.2077602227890
12.8165951293655
10.0017316163698
14.9678766021093
11.0807580786164
1.91215002858039
10.2156369210091
8.13758739794297
6.63659385706872
6.90553382569606
13.8479141891792
13.0433498883336
7.25276926310886
14.0134317198057
15.9626363575143
12.1955610429314
10.3959336659927
6.61439734504506
14.2772023854127
12.1577433160502
10.1218516870380
14.6701952013581
9.99907207728858
12.0897271246891
10.9552852289134
7.64680300967418
13.8277570186155
11.5108666501666
6.39669416970520
9.85392374489951
10.8923396117721
5.16171221784711
7.89764005480118
8.31099422260587
12.3043446519533
6.76531370698737
8.70291469133263
14.2328992754194
8.20893428467277
13.2200045479950
8.01329624369383
8.82180131566241
12.3586081796776
9.96826998542862
9.81573692650977
12.1206739827309
11.9055726008687
14.8818153297233
7.31103575699777
9.98244317043014
7.16653247347765
9.39431518400702
11.6126691396834
6.64687216637303
12.8999946386585
10.5619784724192
11.8436373042637
14.6503885885104
13.9209845897224
10.7522666903634
7.49293874504713
11.8783292546163
6.07963808891669
12.5474736267836
9.33453352915860
15.0361342691593
10.7777886611064
14.9914312786147
5.14147270970213
13.1980475892775
5.32375383507728
10.8785014832107
10.0224652066109
5.37185332832525
11.7354381043031
6.01093294672514
7.71044603547873
10.2373741242364
15.3456294790511
13.1167370048933
15.5162439361639
8.48681099053804
5.80633372731021
6.28396141633714
10.9830753743215
9.90097545788203
8.93819179898583
11.4163221359400
13.5791360636162
7.95253597173229
8.56842354044263
9.42237169977300
14.2330706919904
9.57847883224081
11.0195343294644
9.08272324463915
10.6799615345910
8.93721208055937
7.71816462460986
12.1008647016165
9.71339488153095
10.2483931506536
16.0326473840650
12.7583940764305
7.02137222388718
8.32064724624718
6.85452971767768
8.00473035566923
8.35920610514383
9.87900112847282
6.35385811341189
11.5464409508274
5.06498625285400
10.7650607705770
5.12245553063177
8.54417166300128
7.95580564928616
7.72258199278336
16.5073373927135
3.67305379946469
7.10488174761215
10.5854569404718
13.5053603566532
5.30413805410209
9.59566353464731
8.91559997297747
9.40530505807598
10.6812434932300
5.17124880520864
12.7983576224139
8.25704403431104
14.2969652566406
13.0268494298052
0.957962895941174
9.70472963737767
9.50390166145593
15.8371763348146
8.01062209984343
11.0695544099018
5.42616733227712
12.0535519109586
12.9903866003002
14.3668564950437
9.82062674474967
9.20446888542289
14.6126986588056
5.77356526697113
3.69177330555385
11.4589611650367
11.2445938368720
7.49193599565326
13.7662262815024
11.4822795695489
6.97212220762299
7.71710302172153
11.9081757722973
3.41539617440661
12.3192949088799
11.6070707453939
11.7908725116179
7.23793538089566
9.34002279233487
9.97342333187982
5.47136103908342
10.3180858140876
9.44672392910532
6.63971982665348
10.0514467559886
12.2964978839868
12.9030920768484
8.40727756053907
14.4688110237476
12.4129698354409
7.56252668472017
10.8763295836376
3.81160367436940
8.14519933295157
6.01421882213588
8.34641310783609
9.45220764644071
10.8132215100661
11.8308258601532
12.6958894311293
11.1865978745593
8.78731946764315
12.7297521067112
11.3755588468728
12.0199618796632
10.2462597703473
10.4448585808106
8.45138791935550
10.6545098778893
12.2892466371723
7.33539257494539
7.75483782880426
8.84156392155818
10.3740563779954
9.78336765510315
13.1643873837745
12.7617588459888
3.20800589930879
8.81983282707301
10.0037989219565
16.1289601044131
13.2276326098212
11.7001874289431
9.22720689261262
11.6907509419828
10.8893043470720
9.49796143850080
13.6116835327001
13.1590077954976
11.1685930381680
9.32249290302607
6.92290012363121
7.68956958672792
11.3359641656171
7.06382144606751
6.95660066572144
13.7416761814596
12.5670769662567
13.2792827614869
6.82814214935550
12.2099066150089
7.67285335868239
7.81641868220549
9.15477517539746
11.9713434994418
11.0676541980543
8.71498087934105
13.8914007150079
12.1897707153512
10.9821939860672
9.21080492571679
11.6283703382683
14.7817379397326
14.7433744824424
11.9641826044899
11.0723566400549
5.36845205702905
9.22600868290340
14.5421819102370
8.77661672256961
8.29688006131888
12.9614242790623
9.10295042643158
13.2019846454246
7.32075729060798
8.36131585999223
5.38968417241678
7.09399591483848
11.8064647783791
13.0619081643444
6.69261194002136
9.62886771044461
7.62610134739660
10.0081766469635
14.1054155691531
13.3697835743592
11.9962131929441
10.4598611565150
8.45344933743963
12.5836355082461
13.6303513204970
12.5749317541028
7.04333297413244
8.13784192526485
13.7323508543432
9.62616726811617
7.42704027887532
11.7530379955550
11.2602366150144
8.97257126281834
11.1555101309644
5.45401108876937
12.8774773676495
8.02324967532924
14.5841437174791
10.5685794306265
10.9168226850046
12.3009853534918
9.61531834189434
10.8369453563548
6.38202410222436
17.6246021036356
10.5971403411890
11.5145868688226
10.8637171797625
12.7060967076706
9.40140281299326
12.7007701364162
7.85637152944873
4.07621525107521
13.4563378953860
10.8922166233400
8.85459810222535
12.7759961595527
8.13437409279121
5.74951692166406
7.91247144335259
9.64826785630397
9.69896572139789
15.7466891303749
11.2960830888661
9.39803051788774
11.8391769262154
5.25598931663663
10.7265151753258
13.4393996293508
4.15019722697609
10.4430331698673
11.0739604625027
8.73918952531304
10.8268687328756
10.0687946117912
13.3968282011632
10.2072496612924
13.5460922514842
14.2451918666665
10.6772712074725
12.4029378115245
13.2159897183454
10.2281664387274
8.43517496784890
8.48925393117374
6.32676941164265
13.7953556318490
15.5350004918811
9.80750935928795
10.9395004045674
7.27767418946139
8.17791421604559
12.2826623603156
9.66904094752540
3.66398851926998
11.5094427554580
8.43501529146557
14.5553787363280
9.99504202940024
17.1814959073468
12.6220069425470
9.24142831784990
13.3425902656136
11.1918022711831
12.1805225002204
11.6134878435396
8.90054464640733
9.11020537117565
5.74227485531831
10.6068618342090
8.32945726988678
9.25065565241594
8.04841389250495
7.43512705876638
6.86069664568462
9.17689490336573
6.00313961832639
4.17964004950187
12.7579497845899
13.3440984869443
7.56027500632082
6.92376176339908
12.1033503898097
11.6454135224300
14.8978926667963
7.97163874670467
5.84745655106690
6.12876200933475
12.3670200347606
7.88977443568955
6.29460203947553
10.4975384802748
13.8832075486225
11.7902246868361
4.17897018078529
11.7516824512883
8.23392151335167
12.2033741045663
15.2471711376366
11.0637669837087
1.20382706814558
8.92270697267827
9.44435297418272
12.9377833662982
6.77845556133028
12.0243663190088
8.49438716749535
10.6724193109722
9.37929991566546
8.88294451538668
9.73960567700757
11.0962278879381
14.2524835783367
10.7756391083117
11.9835333388286
13.4523499900942
9.11674317335867
8.77972713939919
12.0281002466519
10.6731801910821
6.30068802912711
11.4819440463091
10.6439886375826
11.1291772592567
11.7854523878203
13.4055896791435
9.11732185577873
13.3280339188595
9.08529386386105
11.9198101875554
5.45227980500818
11.3148090007189
12.9392781574493
11.6067628689131
15.3458370377220
11.8338059971721
12.5129699729900
6.09791976351866
10.3747388656847
12.3799721666143
13.5337851863401
11.4390190617294
8.07991621088966
8.14358685313895
5.80547034813191
11.4651192078408
12.1405277557999
11.0507042456343
8.27140536531092
14.7160858327232
12.5863895903506
16.6090879925086
6.57233437779911
11.5213585161978
12.2566009314416
3.93940762818026
5.47441408192729
5.48158008835777
8.82537929823684
12.0227248444525
11.0876077154721
14.7641434856320
11.1147661252652
8.10291810035079
9.51338216824513
12.3830548752240
10.3175600766398
9.76292509010615
8.39270950782665
10.6776990520185
12.2874559840348
11.8345528352346
14.1024754405333
9.48442735940403
2.48268876092031
14.2972792842106
13.8557530738679
6.52777782196922
7.70185221213652
9.12268068126214
8.80402355315219
8.95876762703290
7.78419957861980
4.53539285392036
12.1692499767776
5.90622807803151
10.7843681470246
8.29136090656215
11.1125586411354
10.9341045241885
10.2755069445182
9.67192925105848
7.36884229392665
10.2284671372760
12.4997934302992
11.9705127670032
7.73252013196567
11.2992475183085
12.9289104619141
13.9651993282625
8.74096188546818
11.6263921117497
11.5777835487364
11.8440543576762
7.03211631106362
16.8493656036671
8.35848848945815
5.08552737773676
14.5807112898536
11.6246734735305
13.8253482043736
3.62800886958213
11.2182165162831
12.6629115115800
5.68201756514788
9.26318634988412
12.1002992784976
10.1654767788418
8.62911390453995
13.4305215790303
10.9920092572603
14.1959760910692
11.5454885998437
16.0239763169871
9.61079625681452
5.44945951429816
6.84577167028500
18.3814248413384
15.9738562507823
9.99471352750301
8.20695185406582
9.70789490493868
15.4650740916956
11.3675875856432
7.55433120256960
9.33831031343379
8.86611286738788
11.6046807694703
10.5841923746919
10.3653017906013
12.0457068209936
9.05444426708704
11.8053987079631
10.9685169337826
11.1201892048338
10.5811420784573
10.7494189041532
9.58230963070260
7.15852869117326
12.6831266217149
8.26093106106099
13.9526548767885
10.1025114850752
5.91027101790296
9.32340151393957
10.7314270142567
9.82305577402789
10.9527673317514
12.4687670587831
10.6789488970689
7.84210715973695
7.23368299346882
9.90709099415275
12.5752306563365
10.3210989684196
9.38056530074492
11.9746747272318
9.25779249645517
8.60896084861747
12.3210527646670
6.70152450075674
11.3397991497285
10.4331734753901
12.2467686843439
9.73068882056534
14.2399394029342
11.0002358059376
4.02418197532120
5.58229835193355
7.62108792356520
11.4839299756518
10.1822634451632
11.5389353439175
16.0173115431063
10.6509316929350
12.0272664945000
7.31736494221084
10.4118498132279
11.3197381299296
11.9867838451278
9.59117314877154
7.02849439140922
7.21205840151618
13.6089377744171
11.6977514753563
10.3129184775244
12.6209547472462
12.4253150852141
5.36567946303169
11.0663066460279
11.3518128073062
8.38196204626067
9.49673910040070
9.99654117303603
14.5921114683603
6.86916076533371
7.84005745703043
4.39132983435080
9.40487227999926
13.8315119298025
12.9827094413919
12.2866012042371
8.48161148245742
5.12797736838101
15.1947968223160
13.1957510478752
13.4805580315275
6.91405498069684
8.90857315720412
14.3411215700934
9.19365785439421
10.9479536811137
7.83214912820990
11.2651444773315
9.91507760980039
12.5835142091974
14.1696566299540
7.94921764340912
9.01933947585018
8.59560481036168
10.2827717063758
11.5755929338991
12.6106393713146
6.54904909179951
14.0333846205662
10.6634895039659
6.70460427915026
8.78697057348912
8.54096109163495
11.7687945490615
10.1062463537099
16.4880551363349
6.09738573819846
10.8294830324895
8.49557326585262
16.3433617297901
7.06822141208771
11.3841844185861
11.8146837137410
11.2096406467497
8.52180410712941
13.9206347298913
13.5876546834694
16.0691981444496
10.9379442892993
5.94666078673570
8.59086225072607
14.6385455877390
6.88661784844509
8.71168893670486
11.0328736961195
18.0213062107452
10.0322318646135
13.0836593981060
7.88503036964305
7.96461250675186
14.0675497145033
12.4739110125366
10.9703175300479
5.70740297319705
7.31231210034987
13.0937581157889
15.0727203827875
11.1934616788741
7.09170529586984
6.35387632647906
3.91247506573524
12.4796669611364
4.72403014808330
15.6490107781889
13.8363888614493
14.3784236739461
9.85758592509099
12.7405989357583
11.3644827578947
10.2509368114701
12.7071144886202
7.07719105980291
9.34982337324536
9.52377942456866
6.20198081429635
11.2005642001816
5.99156519380475
12.2469110221560
10.7132136474315
11.8563548547398
10.8483678747801
13.3692674706250
8.08222064612412
6.68558303130807
6.59761471010273
10.9075503646442
10.5831921006098
9.88969011582274
9.90033673824793
7.86388627726431
11.2698292250419
9.25856248700708
6.21834792381675
9.50910616405299
10.1901775520052
9.57497974721100
14.8227737252214
13.9324555808556
4.79304489619159
13.8429146888572
10.0251512305668
8.00406249901473
8.99505799480171
14.8356968624271
14.0014398947902
9.97193490344996
9.73719277362745
4.43899450142280
12.7639874791151
14.4487483652956
10.8344253937189
9.15506246586234
7.59583721336723
6.01923974756796
16.5308671704367
10.0303942522379
13.5947255324789
5.22114031944925
11.9005248367637
3.36483107695853
12.4803570991721
11.4726032875552
6.09773853396166
5.03713624345945
10.6399065008955
8.17037269406971
8.48444405625216
8.01530194674055
6.97757050324429
9.33420788758955
12.5200740997562
12.4487680880813
12.6553195286339
9.80966969525953
13.8996437414591
7.70758574584216
7.63534143783314
10.1274403750917
12.3580813772257
13.9779298048789
10.7368008916192
10.3071037415362
8.46395396392418
11.1115378377254
5.02834553580421
5.96054493151894
8.36493147519372
10.9813810821062
7.05286058692559
8.27280149558764
14.9165558365007
8.87895857132332
16.6629746234470
7.79584691227518
9.42599047577270
12.5373607195143
4.62380208591769
12.5196596024709
12.2703060806503
16.6620281246047
12.5093224668652
13.6059671650896
11.5417217980570
9.12037276874146
11.2324307657697
11.9324439654091
4.90156485726752
10.3224669614811
11.5128435282345
12.2054294539355
7.10738262583351
12.3947565492323
13.2639834360731
11.8108113489353
10.2559631864139
12.0471325479085
6.16236369862261
12.0509441060295
9.20660790753801
3.56877002055330
15.4071388087641
8.85991639189115
13.9912144951972
8.02168280939618
5.82736227944442
6.72708279752531
9.41239798769273
9.02139980295927
9.99764461100592
12.0115490628098
11.7427793466130
13.0834653460272
10.0886377593493
6.32302943545925
9.47484764434245
5.76515848612161
10.2661392349788
15.5405345213250
12.0904288610240
7.62325823097115
10.5993552057731
5.38029694358781
16.6161061210955
6.49899369500045
10.5718782941536
12.8583244861590
9.97316795580247
14.7211851118487
9.07591338194344
11.4999020774007
8.40298737768505
10.1060785219824
13.7424550560041
12.0006939327650
8.87272924910945
11.5507231207087
8.73413698366119
7.71787315428164
10.5381449938019
11.0595508727938
14.4116225120295
8.97396585026289
9.95429472089229
12.9321523005226
10.0895385786143
6.22255111831488
13.8465271958104
9.27227640685404
11.6369509623515
12.0515765853447
3.17198945141505
11.5077609131521
13.3721565960019
12.2425305400484
6.88903549095711
8.93421745690704
12.4592586343996
13.5136240438998
9.25007119837789
5.20290766685192
9.70028724496345
13.8151377494024
11.5096636562409
11.1004032238081
14.3543880109748
10.1342637891333
9.63658045017684
7.69751302615465
6.86831654715618
9.58208234348625
11.0066750639256
5.93577239877002
3.95856208152657
10.4696260559186
13.5206997839439
12.7127105137741
11.1717904286308
11.4736174620609
14.4531741708927
7.66339749722090
7.38127286852985
7.96144233669487
9.76831116549678
11.3101035027315
10.8866738669997
13.2151076722845
7.85106115120753
12.5087568476427
8.60000436166328
9.81750807234756
10.4777983491550
10.4417277587600
12.9031644497258
14.7876081952141
12.6266059160572
10.6258764311663
7.27558892034902
9.87952597711472
10.4097098606220
11.3041905676928
6.57066876682027
9.08157935866819
8.71194433132789
9.11823453484208
14.8637084175682
6.40673061163023
8.08663474062355
7.99935822730466
5.59461289278355
8.04140883008071
7.54520723499562
11.1680115788958
13.1977893459604
9.77915846959428
13.0551486856292
8.35545553181475
9.51296152940668
7.12929242009869
5.84390005857700
10.2878407562105
11.0686313802232
9.50110709711936
10.4473870618672
4.48045468022370
7.60813035954494
5.61658307857311
8.43515521098030
4.86845729632510
16.1378566784354
10.0748479222578
8.92443089783024
11.9307237657047
7.60507597395318
12.8763024657178
9.49599799086571
9.47603508604046
10.9065975490162
3.83671668675644
13.3990086780034
12.3337064608280
13.1159241779541
12.4385409753384
15.2159605568862
10.8686113738021
2.70456757541756
2.79926215099622
2.80442000065967
9.24741534603501
7.40551322943576
4.74973956022854
6.38211611489968
8.08750573369194
9.17163946480244
12.4576499855729
9.38927184048578
11.1255099525101
9.21715562368130
10.7738999619376
14.0547193527489
11.3209147897958
13.2746130307779
10.4146395432664
11.8880154355359
11.4288404465677
12.0245947438754
9.97107126363655
9.87914549777140
12.8931001895715
10.0514579755716
17.0451015561635
13.3180633648652
8.97290564266467
8.97855736937480
13.1476132766159
6.91985182931154
10.7634571098690
10.5629683015856
6.13990612563005
11.7305802095948
8.79252783912677
11.7110639198374
8.83728797391744
5.71076334142809
10.3135561359752
12.9035491878389
15.9549178869390
9.80467569131648
9.02794027118844
7.98617760733507
14.2113032789689
9.09484659780784
16.3345319625184
7.85021404023454
14.8566623241028
12.0518243285071
4.59777823955863
5.65414789111972
11.2215804843562
10.1418720746992
12.2490457511879
10.4294515920546
8.88008009853550
15.5022913464742
15.8117710625468
7.46446663390768
7.31363325163894
10.8738201274032
11.2871880811545
14.3334682503571
7.84830805947059
13.2447577396910
10.4500587518534
7.28815703664810
13.3560549380297
14.2260484791086
7.54728432558227
14.8484284825292
17.0590786679470
11.7780979234578
9.91426900209334
13.8127415194802
5.38917234399701
5.92115555486208
7.78934993029031
11.6159063251876
11.4346903675661
11.4236077233046
10.6156654236079
6.43279601106869
6.94304903478257
11.4484870471612
12.0082156113410
10.9696966027595
13.8970125885282
7.03591199883511
7.93657042101546
10.7442642867374
7.81847174772970
11.3131128362418
10.4584048020079
5.21354078724426
8.65280377702029
13.9758108988361
4.66318881652983
13.3992358640813
10.0772330017126
13.5962651233962
6.37802956013499
5.23252130992087
6.15371692881627
3.80712284105466
9.57629317029999
8.14083357436198
9.08259385124089
12.3948517212024
10.3018444103957
7.72243029082371
12.9780150905885
5.26495364889004
9.02989528523392
8.60384658812328
8.30518872093237
9.56109201811384
8.89277211517324
10.3665459292548
9.13220539411608
9.68347309533975
9.57298480764893
8.47597791257961
8.33527656682849
9.21207340764861
3.04620122447615
7.27101173763612
12.5680392663131
11.2723654948117
10.0816538546245
10.3550798837993
8.60440334494700
11.7821609065270
12.7162660655459
9.82627006330355
5.79293729825264
8.82596781738550
4.84500596658052
4.59290345297227
12.3324685912715
12.9268590960276
14.0408871425694
12.5170282330404
8.39659931241815
6.42104180547806
13.1426248706627
12.1660212613284
11.0263319800411
9.70642171274826
8.68905117937637
15.5598221160261
12.2856255165823
9.07943672999378
6.46416796992800
8.60963594998579
7.85997118181856
12.0033754463036
13.9802162183241
14.3589936698693
12.1000586659489
7.38934779591872
10.2510258851027
10.2156969191599
9.46559184791226
12.3449562869870
7.09973657794145
8.46612963748350
6.20145660809490
10.9622776400950
13.2563475705470
12.9685974745461
10.5867898254404
6.73747069760744
12.5529045496520
4.93547979459719
11.8542591540663
10.5580260036411
11.4624139618487
11.1872903195026
9.97021339906830
13.1984794865262
10.6768037129521
5.86410322254408
7.47471344855740
5.22270710513938
7.01286429162896
14.8549169708008
14.8010015146535
14.1054364746185
8.08106858774129
11.6660643929604
9.73891346465691
14.3815609909749
10.2260306582922
12.8894076364826
13.4809545539462
5.98121885671596
13.6428343377657
15.5585648086457
13.9275024483644
8.88233368944411
9.79328770961122
14.4315425515697
8.34371211332231
13.7226340531508
11.6869985910273
5.32882453638289
8.92840084326578
7.19173953354905
14.2959933566460
9.51937282396882
9.24695532503013
13.2843247288467
6.91335337289515
10.5143430818490
7.02758745375308
14.2493630917249
7.45387629741474
12.6431645169104
7.85961277879283
13.5397756800359
8.65176370575922
6.57095542782788
16.4197900402004
10.6020107104807
10.4038464590795
7.32265894552526
10.9835800599303
13.5491369573445
13.8424189566752
11.6370364073646
7.52510274282019
12.0880123020194
6.54525718796343
10.4869619032766
2.65318066855614
11.0662457553588
13.9002739387994
9.98317758887402
7.58881897187643
3.58321800858614
7.83330665032441
11.7733446061089
6.98330615316180
10.5635515559071
12.6105469529209
10.5408598983405
13.1615968560995
11.7554272942814
12.3824477700630
11.0990961072370
12.2262099723933
13.1110399450264
15.8993818221154
12.9482088153139
12.6732044572985
9.41307044789151
14.2397542950351
8.87023623095170
5.71528560004659
12.9716041772386
8.78936101476679
15.1803104959346
8.46082318531854
9.93208780992593
6.44875058086281
9.28718598664481
8.52879058706768
6.21958002003351
11.4819393402866
13.4747376218059
9.06294035697923
12.6092882866016
3.55369681098430
5.23166944961167
12.9479208101058
11.7168087794684
8.10505954730702
10.3452762886190
13.9849508152167
5.48462997906403
12.9013051281141
11.1241245630662
12.5893563928326
13.1443099016827
9.85556942307896
10.9746432863534
9.69437229203284
6.08310865057723
10.3699301932401
9.62193163048395
10.0109250914011
9.32906666947680
10.2413336116213
7.88778772657458
11.9201726109086
11.6373178227698
13.2416946481050
6.73680540645327
9.15930016857702
4.62719073747886
8.85773594514326
11.4681432757477
9.72839954820651
10.4322636188154
14.4973193133738
13.6660305114995
11.1112177572888
13.4359051836328
11.0496751635883
12.7075854129999
15.5646938351493
11.2597474270007
14.9289407661192
9.02993147423638
6.24137743396292
13.1153953131112
10.2051637807015
11.0981901501675
9.84786195487146
11.5834963323255
10.2092151791070
6.71058840172409
6.85081263362431
9.11837324041763
13.8904416668562
11.7928329766611
10.0027234222882
12.4373583448867
13.9712415814345
7.55849872293289
15.6506796614194
15.2591435988982
10.9585371031600
8.20775305709970
9.79383364284158
11.7005088586566
8.27243578345771
12.2896492355304
10.4781622191171
12.2761748670758
6.57045381766427
9.60111917846461
12.0937998105110
10.9744230240781
13.5039588545146
13.4468239141029
6.75265523562516
9.70964312920707
11.1344663301648
7.07679121100077
7.85182540459996
14.2583192911059
7.84230019624412
7.22148598554675
8.76873700528565
13.6358304995826
11.9455736368464
6.61256548550089
10.4255096783513
9.32561006437966
7.89120044479926
5.23778694013741
11.7093829746907
13.2723738611198
10.9429528256353
9.03963876816309
10.1542670286832
8.88583633281672
11.8083597399984
9.69202687871974
6.93208032559278
10.0717662399477
9.55654656653503
6.82869990757238
12.1662287794058
8.64533422919084
16.4245950669796
10.7125716730705
15.6926341429234
11.4858063300577
12.1109289787460
7.16299631108873
9.48298055709597
7.62402314984813
11.2728729286067
10.9619148004340
12.4564357164580
6.70862334400048
3.18490122867300
5.59838614895552
12.3288232994964
11.9391584721170
4.54773178766217
10.9887596598783
12.1085035702060
14.4978935651959
12.5978743733860
11.2460350131908
11.0407072995360
10.3018001997940
6.37745027953785
9.63425788515367
13.4196051122741
15.6169151908049
6.95727857244655
9.69296445567582
7.77209481306754
6.21554898885230
7.50742534777947
4.25987219455932
9.25763479642939
11.8425126936662
10.9442864097961
1.74990920233022
7.38222250640208
7.39633871725583
9.65203295672482
10.6059327541417
10.2481007329639
14.6489412757397
14.1461055767236
9.53360775626440
8.89689040218092
9.13496627653922
10.1096882962536
12.6170972868478
8.74742656163853
14.3067270474740
6.24123721252401
8.29900341193713
9.35215432303934
9.36092790968734
9.78189333558664
15.4572813396060
4.39470183495991
11.5005311991319
6.71679625159593
2.21357058428233
6.48555398867360
8.61347067864378
13.9658331229728
14.3366191279368
4.87288731116724
10.3703327439969
11.4911657893156
8.58050121403346
12.5338913885450
8.24107789935825
11.0661175110445
10.0630183995139
10.5661046436090
7.54945037759367
11.5327542471959
5.93988381899876
5.01967179056029
12.4591351341180
8.75413502413741
11.7267175701981
8.69555298503882
9.86329344669157
12.7534841228558
7.89718223868314
9.15642587207731
15.8377212299603
11.0088103382066
6.88934753276943
15.0350797874737
8.55411971013868
12.6577248693071
10.4209440396462
6.08512233528315
14.1849004463003
7.72568262679745
7.25880182669452
14.5193537162136
8.54018249124040
13.2084283956979
12.8695338172881
7.66361485719144
5.43451676266015
13.8313794319783
5.92961726589348
8.14968672421664
7.83046143803804
10.0990545501083
7.35020771009103
11.9585215413478
8.24230546214844
15.9701042861370
6.71809587484077
9.37531787874204
9.60853724784100
13.2217475784434
11.0705043315385
8.32657895289542
15.1508943395578
8.46436028919175
8.23689220331621
7.37915220255889
10.1996617816630
11.6881847955522
11.6898190305315
9.68675924947940
14.6409198375394
3.53475298753675
9.91798944759092
7.82769012342557
9.56164487780847
4.86896705093089
13.0436571474778
6.10623919987139
6.70897144037781
7.80638667299324
14.9087310833972
12.7270180371792
9.14831811912410
7.91895623046371
10.7302163244122
3.47651779854497
12.1561151973669
11.7251002273522
11.9046686629239
8.32716690805515
15.0010055459506
5.54850308686062
11.2649024129326
11.7262698874986
13.4359150160233
5.77897783900913
10.4093439056366
9.89289647511662
6.03060130094308
11.7010761536289
8.64359127503574
7.97538033959329
9.09237359435266
9.07913968190526
7.04512450482010
14.3633358767575
7.03633614555384
8.32389755287208
4.90604286934891
7.31308135370807
8.13990201874052
11.6840588415353
7.13077044863359
14.1372027961376
12.5691575245852
6.76911599687722
7.29150875386729
9.29750392836072
13.8189746197076
12.4925719506897
8.80366569538876
7.68008516957816
6.22822957285319
13.7386186770387
9.94369418552489
11.4244303362278
12.1660899640120
10.2996585822627
11.8389897121609
9.44204179827183
5.61047231402843
8.76442263704885
12.9558503726528
9.19398951646401
8.02603074464413
8.41447623097842
7.77256174922008
7.19209444418717
10.1741527887403
8.12103155108555
7.53380057444047
7.65066002459485
4.74631016658512
11.5338816183173
9.09572522078660
13.2645826936076
10.6589590782715
3.66727343403788
7.01342721535114
15.1120983503613
15.9775900436867
7.59624274419325
9.49588869570820
13.8989528169995
8.28009637171573
7.97006012289669
14.5415688751144
11.8312815747769
10.6323313989815
6.42522300082740
7.88003094391434
13.7804836500061
8.42478360195290
6.92571414971743
4.41983149287630
13.9430338553351
10.8967362190559
7.03126420937807
11.6610553335830
6.99022677611996
5.69396212089605
6.84694829466822
11.5895322888362
15.0804868334810
9.94306366141757
11.1838976381914
11.1216422459487
10.6916360624219
8.81138614472800
9.87131304672346
5.60791209631534
9.39208844405599
6.12965417894350
7.73876094206283
10.9793511224394
5.24438604161908
4.91957037351840
6.28258945526674
14.1325183952718
8.65821129509516
4.43896055647915
7.80659214721654
11.3381163294933
7.00563845865340
6.74605677936779
13.8286093548430
11.1396957433757
8.27225867079816
9.74909485187406
12.4459718692228
13.1269215962142
5.96141685486156
11.6903219969373
8.78884359078972
7.07111746950588
14.4921529434596
12.3211476272409
8.47105364190251
7.84484004226661
4.15287198606304
13.8193764901663
8.83009611899956
8.23792301419209
16.0682050630326
12.3294282953198
13.4884296538119
15.1215506469371
11.2197142446900
11.2045645056705
16.6921032360595
12.3030286152472
13.9910393959027
10.3450720427179
13.8195298727465
14.4074667980983
13.2196913408283
7.80783998053064
10.0035104362536
7.73666110441040
9.46464039468599
14.9109768599132
9.82510804434085
12.5995632904545
8.38542632601359
5.44801905451048
8.23309603444237
11.9869504116677
11.1941288480407
15.7858735859015
9.29697678254826
7.38857979256812
10.9880917230804
10.8785568267606
11.5126854455711
8.97962250334084
8.17634907182074
13.8288344389230
10.1833441246598
6.39258258989604
13.6826569357015
7.50654068388738
11.4728738878106
7.72296960438401
12.8336853214336
12.0901769043809
5.93642218790932
11.0202078968664
12.1550159245014
10.1004421078662
9.56048936848528
13.2394566897814
13.7570669992480
9.65735427075435
14.5900407574920
12.0749997183647
12.1222271670679
12.5765041759953
11.1459764336066
12.2815347135533
6.49771374783709
10.3885519304743
15.7717137481072
7.90441276253021
8.75101375521688
10.1937697163247
6.77686154320742
8.53568980170930
7.44343697177598
11.4366215989448
10.2492387342953
10.1946617165929
10.2726347342123
6.18830510300073
11.8708895135014
9.10332812767361
3.93492180273878
10.1740321348970
8.87775182965321
10.5237784427591
12.2003266909506
13.4166473796672
2.88200556675451
7.90253618864351
8.03074965707371
9.26655070671305
9.82228610573352
6.19616246745583
9.04729138089904
13.0354558455484
12.6438366262970
4.97934893736119
16.4870146193699
11.5961715181264
10.0933342197265
12.4319490309625
12.9449526136619
10.7131498702640
6.94996681337486
7.41652233616399
9.66851434982723
12.5881098681592
5.40220977228021
13.3693819977780
9.70298444990077
15.7653006983313
13.8952307648385
10.5001146221450
4.34318101831065
5.30574898351778
9.49371136220030
9.89891637220411
9.95318335669390
15.4159563538672
9.98738105703908
9.61128563814395
11.2969342867458
10.8302946290570
10.6084326274638
12.8595400953236
9.29506948067597
7.41077659712655
8.03301729584783
10.7260487976770
8.50017216712284
16.1270162796368
10.7424658673708
12.2174678430244
1.03687593761260
11.3348505218339
13.9073619989463
13.4753338757649
14.2185479843257
4.48426684049212
10.7465061933874
11.9910211119087
9.71953251387183
11.9145428671306
14.6361794855788
8.60432619789225
8.98050855771543
4.96634130321306
14.1234940472766
10.6018795619229
7.96971065019703
8.85104152305780
12.3695389212336
10.6172991503135
7.04960904484979
10.1699664000130
8.68100047121027
10.2780868292373
6.96411892309674
11.2509071062970
9.45118666764366
8.66823626816674
10.0672079027384
7.87006562233526
9.53438641240455
14.7417052633582
9.09027161665524
9.49976488685267
11.0679424501289
13.8954314909074
12.0269009919127
13.5205189825023
5.69662202305421
11.5661516379950
13.7359007066064
7.50400826905830
10.9277811636357
11.3752569541680
4.39386045260423
9.87640440270924
11.2748385867907
13.8812142567217
10.6258280159448
13.2535975220285
9.69688611148606
9.99808800407534
12.0692044269267
12.6039071393463
13.1411572597773
11.7856379923398
9.77411547758747
16.8669060794633
11.1852881162684
5.26722785764200
13.6763969632262
6.74022822141379
8.43725737441352
6.21235479524807
12.3207891309715
12.4982530187974
7.38814169617817
15.8737244653039
10.0757367297104
12.5116479827496
7.31260724604660
10.8205543012433
7.82687742712753
12.5012505436745
6.04310351146042
14.5487804280691
11.6564673547993
9.45803137450426
11.9672929494552
10.4493949303177
10.3875655470084
8.53614999504593
14.2868340336230
13.7344665338913
12.7314545242345
10.8784327582130
4.06359375190196
8.50227360443596
11.6484063187595
15.6645506553884
9.34224135082111
12.0092387010420
8.58716304027952
8.81090671002429
7.65096148484361
15.7265020375262
12.4118490772649
11.8229048345467
14.6709673491020
8.28056222072648
13.4384486944379
8.40810026800829
11.9624714669493
6.26461774249657
11.1835439309205
12.7485880079690
9.89919544319315
10.7947575673056
11.5335740572928
12.1964826717023
7.21293281783320
6.37633788563635
6.09025095094444
6.46522177036488
13.8913223138088
8.44904270950399
9.22058523372870
10.2372560444850
13.1482841903424
12.5410051253421
13.1798375109192
11.9320169495859
12.2963452068265
11.8619065750387
11.5942270742156
11.9293642316815
9.08478603636957
6.74783823544330
8.81371949065185
9.55535070219812
10.3570171396683
10.7019309401328
11.9540974993843
13.5930732566208
10.6058328667712
8.49056785684683
10.9830898033821
6.64663150225197
9.40506624787234
8.26694825202687
8.62618036144130
7.91647286189011
6.01312709372615
9.50030007289443
13.7712070844953
5.82728724788260
7.96610783736061
12.0690334441556
8.72270587666976
10.0103730754829
13.2909684304075
9.39489194257493
6.51471518672761
9.41236214944743
8.82147770420293
12.5429534818563
13.9731928374738
6.46531259895523
4.08085239043266
11.0165303392623
12.1458057331726
10.6557492047526
6.84351749253883
8.09312116202220
8.82185776001432
10.4560169133176
8.49198334335769
17.2614089819979
5.67966352910380
8.52892528592197
15.8885954568865
10.1525600464048
13.3753739778024
9.51607242464372
4.86806506859504
7.03907552768794
9.54100552175550
8.15402429550767
4.30539841087891
10.5871405412400
10.3089869180144
12.4864501482675
9.76588274951842
7.59468753715635
9.17576439103203
11.4511103383484
10.7498611133077
8.41846135122508
10.7735014847842
8.38972402192768
9.67437969430206
13.8390292407167
12.0449405630848
12.6964474112738
12.5633719138081
7.69499480243146
6.12145761682080
13.5198916626815
5.98560631932973
10.1571021501273
9.64963250949588
4.41365682384291
8.10268216382861
5.49127553845017
3.80954548447112
10.3098591611522
10.4501371279303
9.68372608980112
4.63818661983322
12.3545450635658
11.5098073369324
9.37508274058676
11.5619931147996
5.99062013771837
8.53987328695359
12.3140601514472
12.3948370968460
7.71852865740230
13.4678739712751
16.3634415661891
12.3032717787167
14.0089819378969
8.23804347209843
10.5854707978865
15.8464597621818
9.51349373264798
11.3433715388348
11.5733589755996
9.89181535452009
15.1964307866265
7.86161734245013
10.6881786058300
11.9064640760867
11.8360616188252
10.9411452247379
9.29373224961093
14.0353157742290
12.9649909408341
4.83191096817409
7.08566909729929
6.71525698442680
10.1908220145392
13.8172029324188
5.29070298542641
14.2753997208459
8.23261443300578
7.01150944971486
7.27306092326613
13.7540967403568
17.2811278310761
14.6435898313899
10.9490357375831
12.3858997581456
7.49575383470945
14.9443723781742
14.9808230035824
12.4773434184854
11.8638715225155
15.0933554599084
5.92355771330417
8.77111315508576
8.93664873058351
11.0622079819404
10.7834211086084
12.0563821052510
4.99701598273678
13.0093304404259
8.71432231111062
13.4573896109087
11.7757752529559
10.4110693037858
8.34781928867623
5.56371143959281
12.4172907533754
11.8116852986612
7.82930577221669
13.6086258023446
7.16446052631113
11.1951758880966
14.7236313852053
4.45706742417245
7.86782732759154
11.2373193437857
11.9954001108390
13.9111562897174
11.7178418095842
13.5199049379370
13.7025435261919
14.4312575672011
14.3625322849182
9.04219739434141
11.3233701169803
13.0280388090375
9.26962131517965
8.87235245623703
2.47126861281235
10.4263651936380
8.45565116043176
12.2043978406528
12.0615815843966
3.96906012371504
11.8137573821881
10.6048899705235
13.4588819627985
10.1761461103815
12.4584773376787
13.8286394577427
9.66624666115732
9.07064336313575
12.4897570537720
11.9984557804022
9.97102974168986
10.6232220424736
11.3418812582725
6.41360271898727
11.6533280351329
8.15005875300351
11.8726197903421
12.9943064670897
12.1585596590640
10.2149516424175
4.55905963424824
12.7224662399310
14.4913099603757
11.6767055766556
8.68932255225767
9.12271118889873
9.14984640497964
15.0023098626422
10.7705882506312
7.45635812961848
10.4071346086359
9.62864400460950
12.3860243415207
9.61280326870561
8.42307092052293
4.76235358328951
10.8314995707409
6.64857692545850
10.1925374068319
12.2226566389257
10.8429895799414
5.84163362409010
8.94011168318504
13.2632950777640
12.1824566705157
11.3332646316866
8.07580551683196
12.5035714595388
9.98520509782704
5.16871758029534
5.53540778059549
9.21787068731489
4.27263135406514
13.2914125647562
7.19981095064895
11.0812464996540
13.8585353881445
11.2457259155352
6.79264803734464
10.9232047528726
11.5115792902906
12.4373919248458
12.0075641478287
11.7696972070909
10.7548056266958
12.2291988689869
12.7972415403788
5.67611972829976
9.03023051822457
7.56369200782969
11.7293737745503
14.1003026494981
7.05621439274651
13.2512807587613
7.72878804743091
11.9560422049803
8.52299809903897
7.63032361294727
10.6770068829638
11.5319506192403
10.0759240782473
12.9144457903423
8.88394885198377
9.15364690904480
8.48035244199510
7.00968066531062
10.2353473507549
11.8822801473151
8.95248463160893
13.0762799327154
10.2508062065668
10.0695004942713
13.2392278988060
11.6648109351653
6.90590131043583
12.0389375756002
10.1224643239242
11.3654725502528
1.87898727244226
11.5312510771007
9.57968057828806
11.5967598005170
15.1990609182058
9.73031866108004
11.4569746691806
10.7353909571190
9.72789973593915
14.9962288075213
15.9511993666782
12.5958999949475
10.6738767116088
8.63577656054656
7.38302700112842
11.1935757904922
11.5054037058348
12.3997845971776
10.7489289806185
6.03012032017826
8.45468372259605
9.17259604186341
8.43695898299822
9.04108200561890
9.35612187011647
14.9464332638829
9.39777929204230
14.1978937494096
12.1070223057530
7.38838899964028
6.69652720829011
14.6101138292384
10.5157686558790
6.75685700538470
7.31430191053883
11.0023164725120
6.90580261799492
7.24449180807095
15.6166376747739
6.77901901835365
10.3301812811472
12.2678492010503
11.8939502159913
7.58100696159365
4.13020567768725
8.89342004863766
9.39651011589612
14.9710570057475
11.7054509793643
14.2315631488455
11.9762137070924
6.04627870754101
12.6391315467173
11.6965265968208
6.48508095094098
9.38480612676343
6.09210511342055
8.90423142493784
2.43812491238657
7.33049274059908
8.27211382950463
8.71290859923649
11.4677808486205
12.7198440849680
12.4821719147627
8.36969490236832
7.47217588418818
12.3110424485372
13.5585570085124
5.43913468098269
10.9230257348691
8.72934721638850
13.4885758526295
11.8497264919984
9.34359470123731
5.92798638071985
14.6527218108920
13.5116724050948
7.21564368730192
14.7622291984847
10.7495080869624
10.8319169035314
6.28732630664561
3.46112211428606
9.04430362638968
5.85171823577872
11.8114087687692
13.4486197881032
13.1157075644224
6.12247354792909
10.4840627512256
9.76367619397311
15.2522132165425
9.85062983311955
14.8689395854380
9.63475527458627
6.99565910865820
9.12603121530017
9.63351350038679
10.5137947976982
11.1635528713708
8.43771256339609
8.13187701430762
11.7755311226654
4.58157930958310
11.4176547416206
9.77186598491731
10.1461988403699
7.12290832470871
4.21419007437710
4.74167529360668
3.05538988602110
5.94708591513333
7.40829465327467
11.3970805450435
5.29307887993709
5.69191368296817
15.7916258410354
8.32560048743133
8.74089939720974
6.04818088521565
13.5094320972835
6.31332101240294
9.72026302745201
10.2438728312488
9.91936473098041
9.07051651354286
5.90557434015773
10.3302204145107
6.56296898724343
9.58778653151690
13.1645019410885
11.2955938212324
8.07042418853194
11.1493064317890
12.7584978457384
6.79739450274625
11.1454332554156
12.0383356912967
13.8317918374667
11.6499086964364
11.7780040414886
11.4648831219538
14.4435923655555
12.5050603310855
12.8936973068833
9.23433978847313
7.55712569307482
4.31612281220727
10.1117443458231
12.6018005402805
9.66596602791928
8.82896043727495
13.4161778438682
8.69923489620645
12.3723640879591
5.78616676286157
8.82548460562564
12.9292438866289
11.9522858090461
11.8079745148234
13.4019565513458
7.61473648600331
14.0906952447098
9.88194069779506
11.7525135077893
6.94446945867068
12.8362687935866
8.79515791892550
12.4397478743869
9.44499652332260
10.8456953911139
6.92626803966481
8.73457393192836
12.4411329269637
9.04382005206777
8.53367061092762
8.13392649153605
6.38019752422662
7.61197582289187
5.04922505624753
8.11058532086177
10.0963479650677
11.5036659460619
9.85267593769518
11.0347424532235
9.54361526168773
11.4808701826550
8.70009520909957
8.34721209598992
10.8920592512081
10.5230999418645
12.2147321385473
12.4744821391471
14.2114520931119
9.79569201794892
11.8732932801366
11.0602567203236
6.72468161279033
10.9282055163032
4.98600507146486
5.02360694510821
9.53933037797278
7.93336412009332
11.9134284099578
6.16540884137521
11.6964622077120
9.55619021763926
11.8138665347177
14.5254496675162
12.5234749038376
11.2140461680497
8.18045426235864
10.7352461266742
11.3115924602257
10.6839299328537
7.20906449137732
9.58206181533903
10.6623071885963
6.45366549190524
8.92508333201490
5.90441258551602
11.6468106869512
8.84944511979734
6.10989770892292
13.5011106541176
10.8286619498888
6.93707055395942
3.16572291958725
10.6402972254404
10.7399976473889
8.80693821239433
9.44296426649698
10.6906010917108
10.7370307253812
9.42314970062234
6.93079812988659
9.43393698638883
6.32412718214861
10.6329314518145
10.6639325294333
9.36732458240173
15.1920499700780
4.74578913775148
13.3900863367460
16.0158393568750
8.89790521437168
11.3479151657835
5.50558203170390
6.87070797286108
11.2711277797079
11.6061130912115
14.1099527555589
6.66546874570724
11.8064596671157
10.1392047173336
10.0305040934780
15.6955652011165
10.0737766776299
6.64589588894288
8.14359782286764
6.25829544890086
10.9454673817528
10.5365140236742
12.1107798062770
5.47715574188761
9.70091963029222
11.0736202120346
8.79439381511740
10.1335132391398
11.3662638512781
11.6675348353189
5.17338382747694
13.3435706464868
8.45262209125054
11.4570410798619
16.3554902880723
10.8817508760491
14.3135802932760
6.13544076565797
12.6944970866292
8.11190482470281
10.6140066131671
4.69263893442678
14.4951142311429
11.8503134453256
8.88735019894752
7.17359082835792
10.9166097355049
11.6334638586784
11.1170449011398
4.68936553597606
14.3115514155675
15.0473445588059
8.77275276440738
13.3242063043276
10.9631347304971
11.5694841374522
7.55321380755944
10.3115236887264
10.3651203978801
7.10367330432694
10.5563327085621
11.4439827096812
7.66181110931981
12.9541069664836
8.67227801977029
6.61366489710663
11.6000451399145
12.2842997152360
11.4472732120423
13.9177664359810
11.2289193195433
5.88418433483310
15.2435921830230
9.61682950817373
11.6112942358356
8.20838688845287
8.09542990721640
9.04636831457264
9.64212626274873
12.0145423828150
10.4541287333449
14.1482282959262
7.44061666078894
13.9161739718408
12.7436633030615
2.27303129742704
15.0171080531558
12.0300786994046
9.22085276203556
9.30302311597262
12.9333482151542
9.44655785519785
12.0906063913833
10.8451852523226
10.7718556135210
2.57687770452926
8.36714271119317
11.3479723091646
14.4005444220935
10.2219754222014
13.6331331637778
10.0922331722630
12.5091807054321
9.88614153056941
12.9286133886280
10.5988273337117
14.8339510643038
5.85837398661865
4.59742707199926
9.22933770659863
6.35112405418115
5.81385290943698
10.1997544493265
11.8979061766813
9.29826309873267
13.2250665931589
11.9716474795781
11.9823193888562
5.52324444417853
5.04907122920642
12.5794375205008
17.0061892452451
10.0873526900697
3.55773954446635
12.9702117135745
11.6125945706418
11.8504759444732
5.28066476360896
7.22635911211504
11.6785715309346
9.53751683735841
14.2227490878380
13.7833369930749
5.00602714535189
4.59136649157960
6.78292022373705
15.4799862556735
3.00858798770563
16.9782187207444
3.71314610808678
10.9272415165824
5.66547618036555
14.7361687809014
12.1491090865931
9.53898933049469
9.44600728719474
7.73528583305937
13.1757860362025
12.0414249224048
12.6602929550248
4.80066039174946
14.3926139567696
10.3457489572868
6.92978614500477
8.74880153325577
11.0312749820641
13.5253815769864
11.6985026700139
11.6152464727472
6.25299509004138
10.3046862550740
7.64708949268710
11.3524918376654
8.54183444892213
12.9262191552745
13.1280005997794
8.14799953881840
10.5459653192588
10.7853403680792
8.56863475923938
10.6775970284586
14.2850250637115
8.58165800666978
6.78451764680659
12.7346499049706
7.45838622928667
10.3704318213521
13.9117575461849
11.6027553132688
13.3869918484901
6.32237326205530
13.5727811173524
11.0334855597349
8.89901258860859
14.6802363472076
6.58917708473216
9.83676852653934
9.05540459612025
11.9842493312116
12.4355228495631
8.49999241272184
3.82970222890199
8.33322710728621
11.0501566012454
7.79164862445668
14.2183412108606
8.86967187290008
11.2532090204864
10.6687316776743
12.7421220187390
12.2468019872125
5.79701370001939
9.11397875296852
13.1844964928138
7.75992821648702
9.04614185925138
8.98065458951109
6.05317139331038
11.1438426547026
6.20241703117129
9.93987142524898
8.61196419839255
11.0447889406285
13.9508144445266
9.24034099102249
11.6049419769105
8.69549439733619
10.6151766899326
15.1305477539178
8.96375090886154
14.5366810274556
4.42355078211452
5.79100865276679
10.0506142242761
4.76454310613233
4.55744084752228
8.69609363175909
10.2739934009069
6.40565426735127
7.36504351085278
11.0077764509481
6.09576160417700
13.7851290067430
7.70035374379645
8.09100988074739
10.9312483199548
9.42353110842514
10.2606379394104
12.5008841569028
7.40201356517948
12.9526259157818
12.3999417087340
10.3316074163388
12.4745650364490
14.0942556147189
14.8696681797713
14.3904231685751
10.1622116401651
7.79138729029861
8.20194214536734
10.4556459484395
6.80456194015523
10.1064177844802
9.27841445912522
9.33189685493719
7.99658610602370
7.89529161430894
13.9867683863534
11.3190645588536
8.34270616490681
8.58705074497756
10.6355995096082
13.5846928474886
9.55767723264053
10.9874443027197
12.4495681955041
5.35472783031632
8.07618641850292
11.2978695000197
12.8022176530755
8.80023782081034
7.63840020499334
9.77325944748483
8.41968993859830
9.37325467727116
10.6286011596523
13.2461489955253
7.95722801669972
9.08306382404917
8.14552304294082
13.1451089058894
11.4055035371642
12.5534101175971
10.7368648257140
6.42626745593732
7.04047955600359
7.21385310934174
11.0839810154746
11.4554581000987
9.71294768483010
14.0451902919926
13.6907725944488
12.4328554861427
12.5546613421844
8.49210111098643
6.54240851921740
12.0001542008217
10.1409681159224
15.9366801607543
13.0838444639854
5.58522426440316
9.42518756434398
7.90250962099718
7.40373915819522
5.13158781519411
12.7203174281968
8.48689866547629
10.1072139079176
8.81971110368589
10.7863100999652
6.69369566633926
7.25948500110422
7.20848908305243
9.50242576853203
11.4223612401992
11.4535405480191
8.42495913725478
12.7018929065711
5.32658876250650
10.5534507650788
10.6116269465539
12.8169952021954
9.19143587832232
9.81725120344574
9.07688141619704
10.1470733213308
6.97530076395780
14.7379920222807
10.1896358773798
8.64335327292924
10.3237391832874
10.5425540051166
9.21413336645655
15.0609769130594
8.10771838140984
7.47413464532206
14.2516504825804
10.6987191833254
3.61465019595744
7.64474475944668
10.6428401932964
8.52070829466135
9.89837761052872
14.6749699870247
9.55233571982596
11.2687334628251
4.54451228535715
4.54898291578309
4.32173392203728
11.3538235977214
8.06563503576594
10.2288658750612
10.4375268481832
14.8833698065483
9.39138619931406
14.2353778144876
9.00051272674645
10.4009934213409
15.2298854151740
11.6698744504415
7.47455930994006
8.38887255386357
13.2283096267049
8.02207594243310
10.3389389994950
11.9854749357077
3.02584654270503
9.45969128798118
8.77070362868071
10.3973885878719
11.1319385204044
10.7685169847428
6.10053334528161
8.88113109888970
10.0668233226911
9.70824250210250
10.4614334323389
12.9247170096100
7.05631119147403
8.82850262067449
12.7560403049990
8.95511470900159
5.99233957452414
9.29007651779033
3.86884768889463
14.5019847017379
10.7018698953932
12.3780290416937
5.32914290102490
12.6360808475473
14.8265728890295
7.73392870246652
10.8075500390494
15.2522166585892
16.5216524090559
11.9004392735818
11.3044646917220
8.76951316878155
8.80006764722427
7.77120278619429
8.17470706940813
6.52265592071205
12.8989779617799
8.65378093742123
9.32054369931065
9.66694701586222
7.50158185025242
10.1684353277909
15.5622745947729
15.2033087535520
10.1838305689653
8.73708470025506
12.2451946817044
10.7385125807624
10.5291420932847
12.3203779218725
4.24063471429691
3.39459343238216
11.8348412148823
8.08821025572131
5.63338279322612
14.3112104544577
10.0928885937295
5.57876474216372
9.79348376183247
8.27464865021988
12.3477889187789
11.4302016216192
13.4684823670113
11.6449582415241
9.95146430867641
11.6723670906964
4.34887143700523
6.15088106054847
14.5627106703183
9.15638567339756
12.6901222933745
8.35436752806239
8.43601570833175
5.52760037086618
11.2911976408181
5.77837743584459
12.5363708938547
13.3600139918648
9.40541928335436
11.2385258467189
8.74991710555496
13.1962068377141
10.5425620716097
11.3335585142301
13.5689894077049
7.71250249566334
6.68008426493810
10.2563237134752
8.91155713489730
10.1757624738522
10.7948147677442
7.02553768789462
9.03897100024011
10.1215158428934
12.9008375147502
12.7647099728016
11.1971575219505
12.0673668598228
15.7292699152948
13.4003252028923
6.98415393363750
3.16371219710343
5.33224341764327
4.29818793526993
11.5042474507194
12.8043637296323
4.70561492243161
5.97733089638052
12.2163187225823
10.2255179734920
10.7872468991904
10.6747705614057
9.16516580685031
12.4963446012446
8.59920239402795
10.3962802065492
8.43501366037540
12.6875641814707
6.89313506686665
5.15152934914580
13.9802394779979
12.2767811221395
11.0357087199737
8.57186287423750
9.54565201358597
10.8814662678809
7.17331526849657
7.44105065838213
14.1289315979935
7.33135140076089
12.9115331145412
8.45385908071663
10.4146869670424
15.0133952664677
16.0645727090627
9.08751791585247
7.70259676011616
8.60410449718126
7.85861106419648
15.6601121597828
10.4290366278880
11.9236133354082
10.5536813642573
11.2935719609929
8.09998641759146
9.18900098685988
6.36495886779586
14.4279365167080
13.6293614262300
8.02295421556729
14.9091184932647
6.17083867827552
12.8520461003971
13.3435991739207
9.15484435192708
11.6409119544825
10.1025015030059
11.0998501201488
11.8398071925285
12.6099925269230
5.94421305750485
11.8891273506666
6.97070641943162
12.5830892077176
10.9464910401050
13.3309736149954
10.0611964514189
8.74521765486052
12.8491895194374
7.00307307541336
6.82057443269459
10.7427991338703
12.3357491849308
7.98315928345351
7.83408758411065
12.5093090508930
12.6519567423012
7.61953897994810
9.81858613087056
9.44070109699166
9.09094324327164
13.9364549046148
3.41906041960079
5.04988595180068
8.65475802691671
11.0560357513199
11.0884412365841
16.1850029171699
12.3467964166305
7.98069606845705
10.4520095214792
12.4658472305315
8.45302806264204
11.3971486229956
14.6754304602650
10.3208340803585
3.51238722663836
8.62220358763838
8.99611068245540
3.63982749307543
12.0953910039767
12.4003159582203
8.73556316246125
16.6553987102706
6.39738292215880
6.37769727480505
15.5226631574298
16.0977142731670
8.19226712295633
10.9141773213802
5.10763941615570
9.39317369375396
10.6561377291393
5.87350706635286
9.46160288273745
6.02683760460830
10.4899752119045
8.06965249026482
11.3871216598616
10.6996585270536
7.46149643673210
10.8405027676315
11.5281022480453
11.2307450718949
8.91055870579314
10.7120705563046
5.65359803834825
9.38924798780041
9.73159741295603
14.5091782192768
12.4493319924653
12.3112888431549
15.8737402936314
4.09865981702734
6.91637759409874
5.49761264086930
10.8510819842909
10.1507675189512
8.24283290587226
14.1748917511502
13.6042034284410
13.1083031020257
6.60106925800237
13.6636126522987
8.49017089676921
7.38427909529733
8.47634950123289
4.00306537989029
11.7436044504311
13.2135502173706
9.08869249960490
10.9153761878647
14.8450812698848
6.03065068373551
6.77606654708432
11.7494328465733
14.3002385073955
8.00420322378951
10.5782368270476
15.8899713106677
8.74780496180763
9.83219247519931
10.6257926218141
4.89852484488987
12.1541532494987
7.68011458777394
11.5924754982918
12.7321166559355
9.79986494645287
9.15296898365948
13.0988700588123
13.1027067819377
7.97304612995547
13.4771062902430
10.2725916513248
10.5186009176654
8.92503904991104
7.03189511078594
10.6993343030198
6.72081909746313
8.27898683546260
4.81297287754669
18.1391968418814
10.5065608816591
7.76768138721438
7.55898543651715
10.8228149577794
12.6854875139731
9.21363571452481
12.5799589796066
6.86043427616115
10.5490572905031
6.05764095934979
8.52121883064398
7.90516582717586
5.46659961597349
13.2842814703612
16.0630700308172
6.63706292936989
12.4755084368732
7.22217701542201
7.49763038084384
9.90038376332608
10.1848354720758
5.16631121107981
12.2015982333580
6.19437649971793
9.94039171450810
11.0018520223761
5.33753323254292
2.20122354083846
14.6660312760499
10.6616316802226
6.37127086926000
9.97987632095899
6.30259442176037
11.8718084876802
14.0389340038376
14.2062957934780
10.4233748839199
2.59086133223948
5.54599923086467
10.1027825957918
12.9826281453960
5.88421773580754
10.1340867324244
6.64066667799663
9.34652788452407
11.0386968965614
7.07665195150588
10.7795796713886
13.7059679105613
9.49525886346047
12.1655566211429
12.1818304260835
8.67055370137899
13.4451196650942
7.00137569307633
12.9713955584091
10.6183060503077
10.7271582911488
11.4495515300403
11.0496038669498
10.8927918405497
12.0702479192642
5.30119254478742
8.06489340388202
7.98255986459009
9.07551198801267
8.81408436011593
12.0114367815987
14.6737408024803
10.3444231440708
8.93283440855303
10.3214301912884
12.7747609955834
10.5783250618652
13.2049588749207
7.19175724047988
9.93492634800281
10.2812914658861
13.1155559272264
4.39227592281040
8.74834436284550
4.91584627474773
14.8573077351032
14.2521568148175
9.98008457590488
12.3856369719017
12.3681922487045
14.0323863095577
12.6443356189712
8.26088075232020
13.1773694573676
6.73975739727980
14.3683708968367
16.2017085226364
11.3877511035164
8.86115538343920
11.0244845454614
11.4382195330980
9.36850043923726
9.31271637357668
7.95719073154686
7.47235110692092
12.2714774930563
9.50897229744978
13.4158039685457
13.7395514695804
9.11411614757384
13.8964935157992
9.04134133692336
8.41137065896418
13.0931913009574
9.57433137203174
7.24629517762314
6.13061393462363
6.41327800698161
8.71746829451121
13.1327460349359
13.6541731517356
10.8953143049346
10.0659926715567
12.2350849697206
15.5002362767046
8.76873905484886
10.2487740382092
8.84619689454207
8.32289746096751
13.5842179445063
9.57327966060636
11.0944323324073
12.5603318510960
14.1176713592821
7.85963272297125
12.7778254289022
5.28445688182307
11.7100233283933
14.2983613277202
11.1418640085898
14.7120759529013
4.15092778424294
9.55460203267752
14.2594207723310
8.35366083142103
12.3875463036758
13.7957218575466
15.0613109762095
16.6167388148866
6.21468929312507
13.2868492393485
12.3440109558651
2.65494477081202
5.59539767157550
5.59869531286685
10.5455424505422
10.3329195087012
14.0565351872896
7.53217209581479
5.12117746001396
2.44076788941513
8.21889638482578
8.39659963719591
5.39287814456681
13.0392933929082
9.03676400082268
9.17787005528027
9.19542776747191
14.4487780304633
8.02241662538945
10.7426203220312
9.96210298862179
8.42968577424922
7.15830785028560
9.64640705283985
8.09843495309586
4.03319133527671
9.08516107389413
12.6035879625509
11.5064963947909
10.3860540495886
12.3257471123416
11.1012910539486
8.64102791396950
9.85039095499793
8.12104540212700
7.30253828873518
11.7944097327195
11.6082403501318
3.05691760253350
9.66877303212879
8.43035275549075
6.29742934287370
9.06266087128565
12.9723952055489
14.4781157004780
13.7895990633483
6.92258459593662
9.31889279170014
9.38111051998183
8.67717523697078
6.69328831006816
9.47895271025452
9.53527955878942
9.26453358948304
9.97844262561505
10.5740421396065
8.74648726710653
11.7053710177209
10.8952282309161
8.24767696599181
11.9544162058850
5.26391712721513
11.8685588046267
14.7408927426821
15.7066901750207
5.20455377776460
14.3036823589129
11.5041691148804
3.76254364849653
11.7632157078592
8.24421281517998
8.87224972490970
7.71502232241062
11.4915937888716
11.6119056575510
7.36778004584425
16.1037680791500
13.3221962018811
11.7719913401288
9.79270386711120
10.6849549531109
9.66036459661782
5.48115825406173
9.55084616884658
13.3317378240047
8.90281613847788
10.6935737198310
9.48501749668890
11.3731608075135
9.05542459820736
8.74272741396691
9.96991133640779
12.7044173266867
8.51121044344940
12.4224688693360
7.41105030835169
10.5209544478629
12.7643875466368
13.8137545084594
9.12510240786020
9.90146986956081
11.6702139759369
12.5341900114060
6.05630281484818
12.3742924183115
10.4703674650224
11.9542872346465
2.25243908021948
14.0241987187625
7.44371608362246
6.46526605775258
14.4528446804729
9.17782452148057
13.2832109461826
6.37228830055152
10.3543090319072
9.43167547348067
10.9107496777258
2.57682544810470
7.48604465207531
11.4300829901841
17.2698294192712
13.7962141953651
9.50143044909097
14.3698864015662
10.1487925161750
14.5905565281881
15.1631342690210
8.56760936966285
16.7479060576092
11.1992899058843
13.9287660539129
12.8490988355486
8.96947054876938
10.6764113138733
5.67419068149811
10.8569575022951
14.4385087507395
9.78436623772643
16.4993809207205
8.88388134055326
13.2246672806220
10.5260200868394
9.60935493002240
11.8815800765676
8.42276794538932
6.81354337437396
9.55842383499981
5.02576703891495
5.35927775473754
12.3255289712837
14.2534007165343
5.88930986362670
8.25989242105739
5.09615346078879
13.9203678894842
14.0869208552648
7.80217278021239
12.1054891345410
11.7350848952474
8.73334924118913
7.79565629354962
4.39107475602175
10.5520136292991
6.59129207316240
9.26406480888566
10.1095620690934
12.4339591980425
13.8959971450454
13.8270237769859
12.8385264062485
14.3040917517301
10.3466029556514
14.0621151154561
12.7925127066173
8.38936447761886
10.7664495753392
13.1410638953200
7.55142187405404
15.1981714974489
5.90676271555995
14.5759687098515
3.94297773097128
13.1729786761762
13.4740191897396
9.87748837073957
15.6673489557136
6.73200736972436
6.43379426851086
12.0447328969029
11.6214520652672
13.9171570104049
10.2320150175326
8.40770609043355
10.0809464086376
8.90318948806869
7.83208598753010
10.7704458040885
10.1250831999385
14.4831250202016
8.51140130187503
10.1017230900244
7.13089706431888
13.8721072224564
12.3892777988777
10.8174129082479
11.9162219539123
12.4093203412336
7.78112850441157
5.73541363043576
10.5365964190465
13.9590566210292
11.1491943696318
8.53872742080669
11.7532442350492
7.96817455589776
13.6078213700055
11.2264021989554
9.20057741197105
15.8778507296763
7.69106460431464
13.2989999310610
2.31975653463893
10.9898020520003
11.6712704553323
11.9957491292489
9.80312182267897
14.9800404551310
7.31110463131256
11.6265454111811
3.47818466130963
14.5322032682461
15.3643442474650
12.1076295084365
9.99257180732388
5.49057066028679
10.8428916012195
15.0819668914496
12.6798803169633
11.3035921486843
8.69676979468306
12.4928534726229
13.9058988878791
10.6195238672285
15.9431075859079
9.03440950991824
10.0798054239767
6.59899645642560
11.7104573299799
10.4353024922445
11.9595187578623
10.1648613921268
16.1561370944776
11.6444748926744
10.6365441799775
10.5015745639514
13.1495760478474
14.0542720545590
6.22127735692540
6.25347034938542
10.8950473291257
12.7108305066124
7.94916372849670
10.3744176016582
7.60320643344224
11.3575825818731
7.89971997309111
10.4034477868153
10.3512075491346
11.5282166114535
11.2615438095986
4.97153224844140
12.5226774792122
9.25861908234725
13.5016843455085
6.09592346858216
12.3538420219497
12.0407961950924
5.86030325396793
14.5681083126162
12.8717059655714
6.78603433745505
6.54326919806470
13.4035738888141
10.9025312269684
4.08938914530976
6.87662502102857
5.85242377377100
7.04851583497115
9.60347397120975
10.6098008854013
9.01302847242738
6.13040134134738
14.7586356320931
11.3664442540507
15.5621401421401
10.5142224483569
8.48914773116890
11.6781145856214
10.8101808128769
9.75814639565070
8.76820864138546
12.1375692537648
8.29682035532913
10.9846144725892
9.08372436261113
17.3144974439473
12.1601984759931
6.99848085453981
8.98825435718765
10.1725323747971
11.5247248893180
15.0387925393348
8.86653050340126
13.8150845073002
12.2362123197988
12.0764700102893
11.0553962160465
10.8587487576579
14.2527136430868
11.6614861434791
9.98804288031892
8.67944074496373
8.57501525405369
9.96859646222459
4.18022810484966
12.9604064378563
10.3952696145978
12.8208763797947
9.58990967301429
14.4188518122645
10.9553798363121
9.20215860971829
9.89792855138402
11.2039349685836
9.96996656357691
15.2124792539580
6.28580279942799
8.27510092338582
12.4551721911590
10.2900416248751
11.2600037556848
8.85821171708170
9.40287213533592
15.7467852820936
7.38841687316656
5.73246241658476
11.4086722473207
14.9769600255761
15.0449145447453
10.0575288441960
10.2301598545824
6.97898215648116
15.6911852828488
8.91584721282820
4.45395976278928
8.74794039323826
9.42621897686597
8.48309871978725
11.9387273760134
7.57662133942676
14.0832723892823
9.29979587144156
12.6295999975486
7.29434859348687
8.71379912592202
14.0798521563066
7.09156912370613
8.79067289095667
13.1744953638850
15.3276404176192
8.79231975047891
11.7866043627181
13.0976635974296
13.2797550758422
14.2648044467884
11.5823169093202
13.6790783942183
5.18659490031755
8.19143012177953
11.2373104470906
9.05356714277505
13.1003868843867
13.3407789836662
6.41840915470136
10.6211970550729
12.2594004780357
5.02786714031390
10.8739066416880
8.30175882417314
6.86845826405207
13.5776682844153
7.27596336227706
6.61234701509551
12.1333080550294
10.9949382408433
9.61984456918436
14.2604689926593
12.4126448061886
6.19890347810524
12.9810943540122
13.8981536797198
6.67889844834692
9.28816632984724
12.1445724815225
12.7337206780716
10.3773247560164
12.1594649744655
7.53130067429195
12.3012161844780
7.82648338217607
10.5508184643519
6.01668614231715
12.0373023376887
8.49911973308287
11.0825567305514
4.01602210246325
14.4046564506554
12.8782944525682
7.96112113613928
2.60612765612124
6.11211878138538
10.7061449101924
11.4349826530986
10.0288181880935
7.48008188087324
12.2366257613904
4.34992961161644
12.3644452775362
15.5285853891865
14.8786287719891
10.3743724211833
8.96458944866708
12.2332478197228
8.65709728777493
8.44393863589752
11.6233942670121
14.0626396121163
11.2754513746647
9.39349195273921
1.64238728687846
14.0985966195289
12.3215030142071
9.88719982979203
4.57327693777667
9.64396359199464
7.76070952977107
13.2411048575099
13.3151077006193
11.5855335988329
8.54204508268436
10.5603856169444
12.7627368346146
15.1932862464734
10.6852887590493
12.1412643527225
11.0152715757439
11.7590911888780
5.30957294083996
12.6343792053440
12.4221019913185

































































































































































































































































































































































































































































































































































































































































































































































































































































































































































































































































































































































































































































































































































































































































































































































































































































































































































































































































































































































































































































































































































































































































































































































































































































































































































































































































































































































































































































































































































































































































































































































































































































































































































































































































































































































































































































































































































































































































































































































































































































































































































































































































































































































































































































































































































































































































































































































































































































































































































































































































































































































































































































































































































































































































































































































































































































































































































































































































































































































































































































































































































































































































































































































































































































































































































































































































































































































































































































































































































































































































































































































































































































































































































































































































































































































































































































































































































































































































































































































































































































































































































































































































































































































































































































































































































































































































































































































































































































































































































































































































































































































































































































































































































































































































































































































































































































































































































































































































































































































































































































































































































































































































































































































































































































































































































































































































































































































































































































































































































































































































































































































































































































































































































































































































































































































































































































































































































































































































































































































































































































































































































































































































































































































































































































































































































































































































































































































































































































































































































































































































































































































































































































































































































































































































































































































































































































































































































































































































































































































































































































































































































































































































































































































































































































































































































































































































































































































































































































































































































































































































































































































































































































































































































































































































































































































































































































































































































































































































































































































































































































































































































































































































































































































































































































































































































































































































































































































































































































































































































































































































































































































































































































































































































































































































































































































































































































































































































































































































































































































































































































































































































































































































































































































































































































































































































































































































































































































































































































































































































































































































































































































































































































































































































































































































































































































































































































































































































































































































































































































































































































































































































































































































































































































































































































































































































































































































































































































































































































































































































































































































































































































































































































































































































































































































































































































































































































































































































































































































































































































































































































































































































































































































































































































































































































































































































































































































































































































































































































































































































































































































































































































































































































































































































































































































































































































































































































































































































































































































































































































































































































































































































































































































































































































































































































































































































































































































































































































































































































































































































































































































































































































































































































































































































































































































































































































































































































































































































































































































































































































































































































































































































































































































































































































































































































































































































































































































































































































































































































































































































































































































































































































































































































































































































































































































































































































































































































































































































































































































































































































































































































































































































































































































































































































































































































































































































































































































































































































































































































































































































































































































































































































































































































































































































































































































































































































































































































































































































































































































































































































































































































































































































































































































































































































































































































































































































































































































































































































































































































































































































































































































































































































































































































































































































































































































































































































































































































































































































































































































































































































































































































































































































































































































































































































































































































































































































































































































































































































































































































































































































































































































































































































































































































































































































































































































































































































































































































































































































































































































































































































































































































































































































































































































































































































































































































































































































































































































































































































































































































































































































































































































































































































































































































































































































































































































































































































































































































































































































































































































































































































































































































































































































































































































































































































































































































































































































































































































































































































































































































































































































































































































































































