6.91998980924105
6.59743883260770
8.54784872409427
6.71790724566066
13.1510326626467
9.59351342541407
10.5719999754067
4.15529886440302
4.86211786777121
10.6352239525080
12.1346880730450
4.50382782752627
8.62306179619513
13.6547716475859
4.93987986048244
9.59536343345055
4.61192615020015
11.9526096797185
5.92339222236718
9.96268972818084
9.43434983663422
8.97348233129146
15.5976830948316
11.2103251018871
5.53174400325973
8.91851517294219
2.05506322686189
4.68408814755871
6.38708053358497
7.83970710486049
7.06121005886392
10.9237362156910
3.75919702729187
1.30748274558405
7.10189521586895
4.99384885500152
6.33431891208518
13.1288152481479
5.37470353601945
14.1087736015573
3.93170764681200
8.93868871800557
2.76254061508605
4.69638337185680
6.01067076813395
15.0609467047593
6.90741874167188
10.3183124497226
9.87379260073985
9.13350270277510
6.31551929210101
1.55441954452458
11.0399701548510
9.40515377014114
6.49143554031772
8.94208129611893
8.60256792159178
7.35900130368245
7.74783701989787
8.50447245218656
3.36309123004417
2.53833899627296
8.52141258576886
12.0835663613852
4.45600079359284
6.73316395017974
8.27668379062533
8.70779922802542
5.78879736473820
4.24967669123194
13.5716450359601
8.61395693395317
9.68984901533558
3.63791677200015
3.74063276198024
5.74826892043161
6.63527403726478
7.52877364648454
11.8473738900231
5.60995621105905
4.41939221839384
4.72241203306107
4.72014272771492
6.22213973002857
3.11172556791244
8.52192343781614
8.61861766848954
7.03664897589754
4.90320957025090
8.56218987525972
6.45504646835327
6.61960061148828
6.15065164771994
9.23165609164466
8.11384492745387
7.77297063676430
6.65170054483814
7.80495457065575
6.94366432328061
12.4528804410867
5.20133385801181
11.6438618247770
9.00139537240755
5.97700741131379
6.22033379329438
6.89310382919045
7.29477226254528
4.68633831258479
10.9744054718285
8.47824621348071
3.25787394975619
10.4729495305764
2.92612486746549
5.23476717332299
7.23527697396582
6.82131063726026
6.61213671365014
9.73806539359846
5.90780304089431
9.75045853332036
7.52926473358560
10.4041780919975
6.15491733336038
2.76849539280816
9.65829905948247
4.84144124925626
11.4840267929155
7.51019849604522
7.29734586682035
5.35060094662273
3.12348441289532
13.9776857563654
8.03647338949119
9.49827944691037
10.1780268216192
4.84940663048584
4.08698672006651
3.04328258287002
9.62415513260255
8.19294078166937
7.45179729880651
4.60196967612782
6.03357777936110
7.51551595434405
6.56383556882680
5.67748168909421
8.24717529703353
7.66039070962441
12.8291194697844
6.65769581912541
12.6569230425617
12.7598869384070
6.43528988154877
7.00677773908235
10.4855950776339
9.93439634120262
8.50193681110368
5.35821735001483
11.5148820306593
10.9865798982784
12.7319267814508
10.7420481212849
4.96566019357950
8.14037643539904
8.14238300934683
9.48428734994886
1.93476450838339
4.23050149036731
2.31953276329522
9.38585238489292
1.71846564702353
8.94303613780577
6.15922315735101
14.7820594499495
2.81872998236368
11.4077849549069
6.87640838374220
9.12719084915507
6.53735110729109
5.19578595794708
7.69178441770828
5.68468435250366
9.38089591990019
11.8004732866949
10.4688324058082
2.20335558864202
10.1085565829351
10.2112394061642
7.31605687514798
4.77487837960298
6.80131388744439
8.12568999839398
10.0348273353357
5.93870867276717
10.3217478330949
11.1396872945339
6.62128825629122
9.94647918662679
6.15460671204911
10.9188359910752
9.37001699224180
12.4403185417416
10.1850935109551
13.0928335458754
6.61327974882679
11.3627240153935
5.91401725421900
7.46736444328921
3.19521803481390
8.03430297265419
11.9447452450858
4.38929179367241
9.81218795599350
4.25470159823224
4.81794695902726
4.16307510501553
7.49714147725652
8.91364308527103
9.61950318274806
12.7626712156978
4.85226439819596
9.95961044040057
6.03244571991328
7.34312261672655
11.2078926065563
9.28252650359804
6.44131689197947
7.54121040748765
8.32764928536258
6.77486008342608
7.42187957965501
6.98603109426233
3.45039880593534
5.23258695317144
5.75350756464264
6.18594155265793
4.00406918176447
6.58665410408805
7.51633518108393
7.79938923441804
9.67786456662832
10.4584099702584
7.52779587263098
6.80864966154083
7.16863715908401
9.54118374040140
7.90294410115218
11.0039052691533
2.81421761418694
9.40646966879711
7.09793412201043
8.50662039237675
14.9076808336441
7.63425908258293
7.76068678468600
6.02675872837133
7.09806683823138
7.09720451227101
9.00649650474590
7.61431827217644
7.01725248348668
5.98591920279584
3.82069555055097
10.1643881337196
8.87000084611044
6.62407559890435
4.82650609240266
11.0329708069445
6.01268810287878
4.61666631219715
7.96127126845958
12.3391586244160
6.73665356538391
12.8720295707437
10.0868776816416
8.95317038204903
13.5388803799465
2.63004905087339
5.89239189630154
10.7826822356453
9.04251487419291
2.70364188826849
8.55757563215190
9.00714631368337
8.17863926584979
7.53033526478071
4.82364447178686
7.34379569697442
7.76847424723800
5.85849808312677
7.57075613595498
2.93804844214659
6.35474089785728
2.82659342141738
4.98844498516322
9.01082926760906
5.83515844018824
10.1079949218428
3.60999064126211
3.64459545903246
11.4332932390699
2.04618450527439
8.93442129407383
6.22768970907350
10.3088372008874
2.90511723083596
8.41824536765234
13.0719904036111
5.96983653126281
7.93515252395315
9.16143346954504
8.43592386997418
8.79621906616701
6.55786286369272
7.77963585282113
13.5385842668279
11.0751764217190
2.17448104896870
8.24897470870168
5.46326868784613
7.31829676791670
9.57971104940019
5.60910204507816
7.14938183359233
3.50817391706854
4.59218042437359
7.64036359933217
11.2393303484318
6.54666717421926
5.01555605990004
10.0135236275749
5.58046204986648
13.4695325677657
8.47300427049344
10.0071695636179
12.0736733068441
7.40189134303180
6.76603808922918
10.8804509823555
10.1836452481417
13.1487997760415
7.46718398929610
11.6317775666490
5.09800896919572
5.29922073610828
3.82022757568185
3.92549824124276
3.44722032223065
3.44925235087258
6.45380622811066
11.9552291426973
8.99946061605916
11.1848508926047
9.21245919448222
6.24351121485339
8.55920602500022
4.37884381479861
6.33586675940238
13.6706846430601
12.3250107877803
6.06040427849075
4.31041190654675
12.9579650443424
3.51412728568559
7.50380535261943
12.5591326953735
9.73835703288804
7.35778490817040
5.62806615188556
8.18213346077904
1.87261616462103
7.60066919685366
12.6067048374268
9.42111142889203
7.64007644218302
5.39847737135435
10.7108331523930
9.97193804022568
8.98577278479708
11.7362555502170
12.8161938205576
12.1836879412336
10.0121302080476
3.29114123999564
3.61365483271438
8.70143104609810
5.92512558958879
8.50066616330744
9.52380080891028
6.48192634404310
5.28860123189488
8.23744862260154
10.0692170211045
8.33719419490754
7.40436196643573
5.52205246559729
6.26917905547448
6.57011540088148
12.6140638563668
7.60433538479860
7.09805254227524
2.69911782271541
10.5802617216400
3.58409646145301
8.41849619536506
2.77340670023349
10.3843377795601
4.87870988201799
8.56791896744764
8.18428341456966
14.1833970800933
9.66954036963495
6.98044818787447
7.52643988141113
5.11018255740438
10.1653637839479
7.80405366590979
8.54500715414563
15.5749503443318
4.16778468806871
11.5510422365257
7.07765631562454
5.99695053673115
8.54828801345041
12.1389173722371
3.93719436580162
4.22103451467765
5.02215511896039
5.30686472787841
10.3764302628602
6.46990716780388
11.9062098066388
4.71986200842450
6.82693760554467
13.2991086861827
5.19749157767475
10.2340772805564
6.48335613374740
7.54489673829934
10.2378684016938
5.92045983514794
6.35185053508031
9.47691470390913
5.74395110181137
5.99166586685206
14.7695433869839
3.19142483853216
5.43855147498854
10.5326475667469
6.61472708907178
3.72803649666953
7.34503296861219
10.7564102957260
11.6553561175281
4.96227626289589
3.79033415149640
9.33746807544744
6.36792389558795
6.03364748802911
5.16850553375925
7.33263168105422
6.53214942342870
11.3207146073028
6.21834951221986
9.61356993494612
8.46665503947102
6.18639577945026
3.32122940791509
6.76750409604605
8.78756705081105
14.2470996938128
15.5154102565288
4.94406492878077
7.98448224764136
4.84385890962980
8.02940456385155
6.75690985214395
9.31054135751515
8.56347830111106
3.65465805924440
2.98034180254547
6.77618811500980
8.95771922075904
7.27075600734889
6.53306804571941
5.50384523355263
4.00616704968727
14.3187531188334
5.08793013997834
13.1981678099651
5.32920520152864
5.51928748571770
2.98967023240022
4.54430050612853
6.47082484077571
9.53589801502721
4.71036055805710
9.59648641013991
4.11704682805528
4.09028267482824
4.75481950000207
5.85056555642273
3.06996564557326
6.74185216492471
7.86497031017918
10.7960586823387
5.31646673082791
6.69373188639192
14.7930156655092
4.93505900471312
8.46289639487569
7.84427734912528
3.35686825301500
5.89858688331366
10.2754063639547
9.27073701924501
5.42171555598410
7.61677924903302
6.71906244724664
9.33186260004399
8.81536107315521
4.51852913865784
4.81831944752524
6.70840007113470
11.7404928205804
15.5801338828298
9.95347311067348
12.4565979857303
9.61172057490229
9.42747223602509
11.0163026725894
2.91499131652223
9.32138421571067
7.48379563187023
7.57645053789708
9.13798953337658
9.83942756922373
4.49747231453402
2.17579724057643
3.65868046591938
12.3665227788574
3.70556405428378
7.72129460841898
4.58885454880627
10.0217901741605
5.32839151091584
5.73598364886093
8.89786550415323
7.25909204243485
10.0543893234746
8.64153681991809
7.48076537461242
3.26564548902663
9.59606029211989
4.71808130709932
11.5396397157797
7.48452837533863
4.18525158418224
6.01371128256087
6.51646521703784
6.67858879180325
8.72340617992765
7.13924592573333
4.20139522777851
8.06400282942039
3.98776746092347
5.08927814724249
9.05205235179293
9.95451884178236
11.6093917291393
9.62975683951054
8.30336654496234
6.76041488741631
10.5217769131454
11.7398576886136
11.6087054924311
1.67962610497099
8.12502754331332
8.44990795393654
8.34123145644575
9.32011940105919
14.6249395107672
10.6001179101933
10.3736186084895
10.0270645998717
7.62396740614754
6.47015871830050
8.20744550999883
7.12215329307085
9.28787633006060
12.7992863508088
4.12028636019391
5.19760056553983
6.84476329101306
5.44816704314396
4.79478946008060
7.42573635203944
7.93405348182756
5.41812238585471
9.54557189591069
8.83330750794967
7.26385284647893
10.0656442620430
6.20112060276205
7.72314578976727
11.0116367956994
5.81801471208427
9.90381713906815
4.36141430626581
11.3327212442952
8.13341948875133
6.72521143905528
9.15714649052313
6.10827769096985
6.72379160965002
8.44721041833338
7.58333136844224
4.68127805625772
9.53522636385734
8.47168083871200
6.27732417815179
3.37793458142694
9.39129823932772
6.70651562377961
8.63405735619124
8.50092576252728
6.25768748268080
3.24658297599184
2.02372098531393
4.67261055704629
6.22328623326487
8.77664309517027
7.44880395760957
3.06010787391556
10.1813847544231
8.98660518660968
10.0002360137149
9.82757065456159
5.88019918200056
6.85849659181952
3.19346859317577
11.4246245816175
11.4388391490614
6.44359640185510
5.43422860546002
5.52287972890955
3.96751460822768
12.6586148744640
9.51691373301770
4.52231778295157
7.29779710666171
6.91529899932027
5.52858441646684
6.22688861792148
14.4562070661706
12.3414725920370
6.99543895662023
10.2921792686680
5.48013532001720
9.52132234820353
5.31294288450422
3.71966107864682
4.07643116586065
11.8290760082941
8.55623784744791
14.3368118830513
9.07776291274453
3.88987903539429
3.00017843636008
2.46534245187154
11.4898773313730
7.66483488798030
5.94774397687896
2.13528586278278
3.59067270310230
5.07105185430005
6.28371692536353
7.40267572766091
7.75212628573606
7.31919201029376
8.30779263776486
8.32018251579254
6.70321285952013
8.75392897275275
11.2302427850693
8.55451887893176
8.48961852413876
4.06576613567480
7.91392034455743
5.63478211104032
7.83503746504190
9.00581072986214
10.6834771499592
10.0016682984590
4.10808929917547
6.11139546584902
9.08907554399236
4.44857734225224
5.43186308553520
10.6638594091867
5.24485785223012
6.80667834277484
6.75070285599952
8.88675585239068
3.13837417941201
5.21624181763077
10.6066279222003
8.02530827871428
9.58244358994093
9.57318248945569
6.23845757286206
7.09335349713378
7.44313208686370
5.00457979854452
4.70452504935408
3.86522457950375
7.82207334140406
12.7697981958408
2.35169201055325
5.90640335734023
5.99020259397794
7.14206343378438
1.70584487571409
6.47309864593458
5.43637110212318
6.13806753177743
11.0200278423832
12.3730849580854
10.8773813765079
7.26106753446075
8.99308896447155
8.03098745236226
6.16882758134802
7.08347591581986
3.48806769144465
5.26072582254579
8.55014957460634
6.45946267737495
5.18283195367166
5.98927169779432
7.00790147719701
9.24134014361553
4.74424783817204
4.71009294812746
12.5767586996809
8.82191985369398
4.69854616450664
5.69854260056025
6.93870920632937
10.5998219763777
5.95544837278437
4.33141436715538
6.52341407181853
5.60620905619733
11.5058601339200
2.36430627872110
2.95713666603354
5.90706451179433
11.3351165195158
6.44354756115760
11.9861454484177
12.0131635009268
5.57871301108060
7.59139470835893
12.4127139373305
6.90801234183177
7.94869840543249
10.8346386086293
9.71084560169710
9.79969763370789
6.05481427996764
4.89519375123192
8.24487293795362
10.8198284018971
4.61055334765796
9.62956514127196
13.0739530930779
6.88383153629576
13.1001391227687
5.97806031000023
6.10348845333552
5.81261576810303
10.5384269514003
5.50620863198081
3.57789147436713
12.1620772062177
9.53430944379298
6.61766592743998
1.68895787220996
9.35977979495244
6.01330290688903
4.56305724943267
4.26856386241661
10.4244033987562
10.4504897660349
5.38900745314014
5.75941719382265
8.68031712390832
6.86034507732665
9.01036667449777
14.7583196376180
5.31785517881974
8.82733432583132
7.81904213698839
13.2447932913277
8.23496407642437
2.29302508272369
11.0250320539217
8.41507500204247
4.10874039213967
8.19065722480345
2.71940504338725
4.31213529936156
16.9201380007240
10.1768963281592
8.73517186847340
8.87347029633841
7.05356641656545
8.27236961631309
8.00848708636656
4.82735643519308
6.36494712868065
3.63912868148407
7.38528130194781
6.79658782110553
6.39876531679355
9.19171934188593
5.07238075365010
8.73503883286159
4.52932246699217
12.2616406414476
9.60676145535008
7.85862215722324
8.05750688054314
1.70862792980216
8.42306512440691
6.34972974880821
2.76406693117225
11.3895638353714
15.1178638741685
7.94225559208465
13.4296120283536
10.5570365900474
6.26712563174698
2.87836212716955
12.7223732176823
4.72152324895261
5.24093396829229
6.74756796721337
11.8853801096137
8.14917088605338
6.98280151908560
7.03307589821126
12.1176153120216
11.0320407513751
2.93930428162856
7.73599859734346
3.15784648227237
6.51679955653080
7.20927647840614
3.64161897030703
7.55830482703628
7.53654192714404
11.5938301690202
8.58294879158090
8.00208387727222
9.94762196758602
7.63990999030748
16.4342217965615
13.6452058720270
4.32982453686059
8.47112309319136
6.58816990749328
8.34434277654628
7.84342330315080
5.91155641459168
9.74708733652515
3.82521067505621
8.04771867642626
1.12395753981189
7.76180530170655
2.92496688015437
4.15166989294669
5.98595243430818
11.9584582041332
6.62814433759555
10.7360504696513
5.62245698826589
7.08668268881851
6.41221568074569
11.5143798257700
3.21772914968864
4.48777672822524
6.76856692734880
7.30161538359834
6.17003678647056
10.5513077431189
7.54587928209828
2.86620324645689
6.32386101365297
4.84152807345987
8.91439165619281
8.48410735611002
8.76619155697615
8.90084831730857
6.42020183016079
8.85596468989121
7.09487778471201
7.60523656042335
7.96323552897941
7.94765694139474
6.91398031889736
8.70777553052443
9.06805787528951
6.87909846636898
9.28494450629082
6.12305681012352
11.5061323280143
6.97129163498416
12.0597726370318
6.19717416731206
9.62246777651139
12.0355709757286
6.07893597926480
10.3199722417262
7.72010294069321
4.96032437850591
8.04197535310821
8.16785672070709
7.11169639661516
9.32936054670415
2.29330105088712
13.3306770098146
9.53296305740644
5.77741143094379
10.7533333924881
8.86939980663855
5.88387877580767
10.7943516783362
9.35014753519965
6.11872556093179
5.91138010895087
2.16355837242724
6.83718746184423
10.4388829790356
5.12615185888986
9.02707283398112
2.11262885583341
9.63122760300930
11.3873290902169
9.25273120096980
11.0528080943261
11.2827502488711
12.0593598406466
12.4812239305064
11.9299075199978
11.4281425511760
11.6582163258365
3.84075014287574
9.08336292766066
4.64204356120233
2.10289535878512
9.50551642403505
9.39097462527186
3.46503791436688
9.28460042188677
9.73058100320839
6.62449319193552
13.4257062844567
10.3817853822018
3.77501632049452
12.3451949540094
6.44031358944579
5.66797324390297
5.45452590515436
5.45886664762018
4.89978974882851
7.87275571505302
5.56663123801101
3.80355327292783
6.50156560299133
10.5755954815793
6.00130500837943
3.16391935421875
15.5497975012538
1.58288040243096
6.42878240804586
8.11793401030090
8.42812916918696
7.53424909148218
4.54340840008908
10.6883125737789
8.25307898605121
5.83898050280184
4.14882913000764
8.76658117856691
8.87552639692430
10.6830863859654
11.9209711778194
7.21969112566459
7.60821568832009
10.5937347474816
6.89331250584985
5.44471076058224
9.34396822440017
6.01088850503817
7.78893527640331
4.19974009433917
7.09734124506494
7.42443637122711
11.5364517603291
7.06094554078985
5.09100149598289
7.25305978271240
8.28396221261300
7.57116211423320
11.6847928836662
10.2338167505775
11.4799964586231
10.6950261607908
6.25634521905561
10.3770961876818
5.21259336343245
11.4129456565779
9.97589955911746
7.13554251772239
10.1936726379652
4.67962359554014
4.82917540062483
10.7142793980557
8.94051146456957
6.09886536168819
14.9703884047810
6.80730280948336
11.0109898005811
5.60378828826536
5.20087348456007
10.9652474842842
6.77925885457253
8.82498929744393
8.08728309024044
8.07269080180828
9.84231274060116
9.70592075617090
8.50443602421701
10.2456371113562
2.91497889133009
6.61993979202228
15.7358606576863
9.69954705849711
12.3508704795452
7.05082476168568
7.66332357981183
7.14582545336786
3.50277666179275
8.55596909414708
3.97892194303934
8.71915607957559
7.06330215196830
9.64104727542087
6.71132572447501
8.72374718123468
3.22037620914079
2.45701264270252
6.71889897605255
6.85236003213492
6.87518357645816
11.4665551522678
6.58623024347009
11.0896037895860
6.23545443572479
12.8427175367988
7.40337325683367
11.3361372137955
9.15087888472468
12.2122846607873
3.99817057751417
6.09560086373772
11.6434926712778
6.47070757915238
7.60112597645901
11.6672238205606
2.08532742167747
8.25387122930810
6.18401784813886
5.07054430806003
3.81855467290963
12.0675998102357
2.64022709239186
1.97037096253472
6.72722921599227
14.4269223004215
6.34712697367872
9.88217274605641
5.19227942781395
3.50259599297436
4.49544775395066
8.18920489507986
8.70100639158483
5.75807507062916
3.49230206167794
7.39981988294310
9.70918354685398
5.99239873172672
4.55788206736418
1.41487092344143
6.61425023745428
7.85056457396537
4.33092653031658
5.57795526133690
12.2344670701261
3.71436121695238
6.31612051420807
6.70260299517285
8.76788255831840
5.35662886898094
6.00185593130158
2.72678277462654
6.50967817407283
7.38693872791699
2.51894320549313
5.75003270338526
11.1668727381483
4.98313160472408
11.1425822619759
5.11390668765084
6.87584654494267
4.81004901742176
10.6649285520345
10.1161904657831
12.3346310301525
8.51359050447906
5.82329336579396
5.12444408789870
5.13698817869966
2.14730600287896
10.2355002618338
7.75320041604111
14.3657709374784
3.98847077712750
4.38131469880902
10.1892322149218
13.1085526724120
6.82465714743239
6.68906261741240
13.8301155805004
12.4334084228789
9.14886108206372
9.40731082934969
11.4648804830229
12.0195417398668
7.08276730741989
7.86761298037086
8.47381929254342
10.8092805402811
11.9451088172063
9.34339451270254
5.32416709448530
11.3302702677385
10.6730562234114
9.88212453310522
9.63826958911194
7.97057335739406
12.2404581111166
10.1658074160393
9.80238426496840
5.07113428534485
7.15245372232495
5.37944953038877
8.53591344742904
8.60408577012107
7.32098696829874
5.58494717766256
8.45190030895419
2.90966609293919
4.63636610014318
6.09990502385077
4.74309977757163
4.95907728563995
7.82853138209358
5.17854593491262
6.64291666164796
5.74688085399376
6.70965990270744
12.4801167211500
7.53165384283399
7.83384219550662
8.52866485330500
4.09272956106313
9.77215786763599
7.39113826314324
7.96084716911460
8.53492885782301
11.7784695198018
5.63721507375850
8.82417349557453
6.62381454345606
1.17771637290139
6.00113395701179
6.76220092008512
6.57374443927508
5.64187041063511
3.35911281924261
4.19255609264802
9.54197646656079
6.94517975045283
8.52341285263780
8.91418897069023
4.08465165615135
10.5748067452791
5.38674391631902
8.21783615923316
11.4778983968146
8.74255572928192
8.43310112357252
10.8634177002452
9.09599070701482
8.31513695858342
6.80157724516571
7.86093039470520
8.09529868133350
3.47106914929680
8.95866642532247
11.7328306098742
6.25294234188746
7.89001070214737
10.8226350992954
11.3961743888070
5.99238914040135
4.37519222841694
11.6403235900038
9.95102603009358
11.8320387412036
14.6862513273504
10.4661906627961
10.2889444060117
7.02733221176429
5.16032890506022
7.18255821038716
4.99597036504421
2.30612564247918
3.13505216633233
9.98650284211770
8.85132336910137
4.37254126681498
8.55819834544631
12.1842568875619
6.93493252357224
5.00354596161562
5.54196562787067
5.25826398063087
7.13893753754016
9.18951675062949
3.36341411515144
11.9615688173625
8.18132143971865
10.1760359714380
10.2267408009590
10.1279338706026
5.70953193703302
8.45945386410376
7.99932772875946
10.0124550216218
14.6509742300674
2.89517976816639
7.05629531191120
3.81378851275211
9.34157233850919
12.3089878424670
8.13089056038759
6.21316354202913
9.60191054669342
6.49618738722953
3.56645519842883
10.4565464242693
12.9734443341003
7.12225295043640
9.51558023506712
9.16062854175411
2.61268629192255
9.59162523246191
4.76213019246639
9.42910152082371
5.58880169024631
5.70084648188320
6.44275164040956
5.71530438409889
11.9312723567019
8.80064224088612
4.30725540547621
8.85856542223401
9.84044847702075
3.80031099385300
11.3271616715574
6.21341967458339
2.73625703633632
6.93807709815912
7.85286447121565
6.56913202538204
7.52288251270748
10.2655149505517
9.78699998152672
8.60191832674549
6.49970018231610
7.36384621376628
7.64001786182467
9.99900487054332
9.48529759116181
11.0242351122425
9.12736442736895
6.98569338812548
8.01131418557530
8.77010783742138
5.03186981548609
7.14092297808203
11.7877012139094
5.22266210471250
9.59159654072772
7.05249562281814
7.54400178552471
2.47100088425723
4.84426135752397
8.81436861087622
10.9795974203110
4.83472955296168
4.92206735608890
3.82121282259965
7.66624319755120
8.61088215109231
9.67250027759111
6.61323238301543
8.29989885119091
7.54877846826227
1.13249573217054
5.03479118757670
5.58809288710379
1.36635531981985
5.45877971326046
4.93342544992828
10.0886307724141
7.18774500287816
6.72611514047299
8.60829254904827
5.97203645006458
12.2068257286651
14.0628386771661
4.97440205787831
9.85977345885797
6.12007448402387
8.16284540556937
6.32963243403596
8.28820071547497
11.4831782141574
7.05731265026568
9.60214400693929
4.57680661751182
4.26086858964226
8.73604416245706
9.15019537441688
8.89731702385050
6.84008159158939
8.67280773049305
10.6751735834880
9.86985420054420
5.55729738362092
3.28154577752619
12.0749735345466
3.39042883943905
4.14883493284561
4.40605380811447
5.17137992811397
4.63188813535042
4.36507914005004
2.56482665301186
4.85788938644140
8.72829471589955
7.57346361187535
9.75854610267841
5.55621035418926
4.84001914562329
7.83882170354703
7.67891533211534
6.64320869179947
8.01437097140505
5.73429707462040
7.02085224313972
12.4900747848041
3.31590284712927
14.8361898977635
10.4519152402801
4.44904691254205
5.02985956246295
12.2819604862945
6.06492284696186
9.87014894771097
8.70724795241872
11.3332949908356
11.1541677990785
7.15294055616290
10.4612767901868
8.92356721001753
3.12016451168845
5.75287280092303
8.75054859540117
3.90211840286786
12.3758186804268
6.87098646571946
1.20766176474417
12.1578720611174
10.9529733118455
6.44511159972184
5.64862451752637
6.06691003938436
3.31919102457210
6.42098294188670
10.2353132795240
5.15491112047530
5.01477349638047
6.79551040871103
11.1585202356764
9.05968514463941
6.45928219450612
12.0780972495671
5.46871241083310
4.36730992030563
3.99471393649157
10.5685861685705
4.32030304608369
3.30354453815898
6.22292441943496
4.63326489098130
11.8990060374806
2.78919439002806
6.77977467693433
9.75234702843905
8.18585484173767
9.17993461686956
3.31320096106469
9.60697937562062
6.23911377646096
6.83573695002960
8.85240055295737
11.3255205257129
12.3433560369003
8.93690485531629
11.3908779999612
11.3194420348355
10.7259034686920
8.56269860890245
9.34156749984974
15.7558168400182
10.4475404995626
14.7606957132786
1.02978779852939
5.27998024333425
2.38270936121047
7.68948013912514
6.54583576305577
8.32573221079083
12.5092212151916
6.87416182599741
5.17102946133553
12.1783430322027
7.44233653907830
5.08662700126518
4.81380312794364
4.71852563817343
9.07279892216840
4.61854670687653
5.00696570851050
6.10235911998795
8.47340812837432
10.2220683836492
2.14420764407275
11.2493955050927
8.56963296255447
7.60197666217123
5.86913945821702
12.8231120551916
1.78906342537094
11.9772048820917
8.41881051990125
9.58326918883113
6.04881817237880
15.7593167440724
6.23892719215411
6.59880989042721
4.27304488509072
8.11634491492938
5.45767527051582
12.0888344285129
3.07807957337039
11.9298278680585
8.78267587298997
7.28337106839958
4.09213568554368
11.0598178244897
4.62447364726074
8.41237721600738
6.25244120007538
11.6992577304032
8.91020137443032
12.1547238232138
7.36488577593027
6.25607625113377
9.89785102231792
7.97665608979728
3.32517140821342
3.44499747605132
9.94889914658904
9.33213482864452
9.07155492988936
3.67424450374495
0.913463704807143
7.86735083620910
8.72347304573127
14.5371599857056
11.1076262844318
9.61150286167569
6.85573337141987
7.68052205454525
4.06411196410729
6.17669927817439
7.47965088613098
10.3799188994905
6.62779832599032
6.38725568456438
9.84470684987623
5.83205254605957
11.2499213040903
11.4758048737333
8.83324236047557
8.87874539336324
4.03083532201453
5.58089047195875
6.61033239755763
8.94766103605294
6.56717395536314
9.04912514049839
3.06963503825780
12.2443162073684
5.69882365441325
8.46686965353784
5.77746622768147
9.10372175681594
5.34576679275294
4.93501005329270
2.77818032728259
2.63886338706649
5.53604252809713
4.90819041501040
8.64955160340696
7.96232491376733
7.33395587680346
8.84372712203401
8.20129319314948
5.36429427324788
7.41503075533069
7.92107744880708
4.56256444070656
11.1799247586914
10.5465563071554
6.37718972373412
8.87961358900263
3.85964902419896
8.55633348881657
3.89109457736508
8.15020811454530
9.18749638417104
4.14085700865171
11.4254424894618
6.02248674635320
7.25036154654373
4.20938559412178
10.3599979142083
8.24405811290774
7.09396633273657
5.00416036174901
11.4427646459455
7.84299512877573
4.78112273529973
10.4722726072663
5.74310187529353
9.52556715462129
9.85219891795227
2.40644643730128
11.6867880827026
4.18383983082527
10.6059821705300
4.65615889467917
7.41283375664799
7.02242331464004
6.67040618329949
8.53831637046203
7.82146597895817
7.30083443655586
8.44474800607454
10.3287167738979
12.8762652124791
9.94013624152104
12.0019151990047
4.73807868339056
10.9259733140805
5.48212171791178
9.47098237037742
11.5961658603049
10.6607407148894
2.93053082051699
5.11319016704836
8.79792741326047
6.78775179305342
6.92426024785320
9.45314840375417
7.49168206802718
8.89831147409440
13.3980676142084
8.83328394349463
4.83218040007819
3.27440417175400
4.93618036080530
9.62236520541597
9.64337111767975
3.31806111058853
5.63369662212122
12.5435492426825
4.65680310620924
9.32260842951156
3.79457940001260
11.9047198836764
3.53294953261436
10.9116834723337
8.57947842004396
5.46343406971293
7.04431700876671
3.64419511948798
7.55144527822323
8.26081667270252
10.4201831981256
6.44191618231718
13.0963685402061
3.73396631096800
10.1382045077025
1.14513495383732
7.44439742061773
7.95012457386675
5.42880772978745
3.76072736343649
3.51980385851257
7.12444025731145
3.08462067197898
4.97588383149165
3.72952695940114
8.56169391300577
6.38624125288108
12.7048924973807
8.85131122602748
7.21120267576082
7.23080962288456
6.51931309544188
6.99452468813285
10.0545362340388
9.86001091530836
4.25488059291915
4.81450099283405
2.94874518729578
3.03776943496375
8.63741168290594
4.23744580968300
6.30766243706811
7.72425914598442
8.31141868536828
6.81218948162777
5.64097834063746
7.59611664294329
8.03011249652830
11.5461332122101
9.00085606928586
12.8749031448784
15.8029976653165
8.82134811947131
10.6231497275573
8.16958772670935
9.80845079421312
11.5429082357004
11.4195263702134
6.31033835384443
3.54948196017391
4.97463977389318
7.12752558115367
3.49809521597112
10.5992454100893
14.0037107334913
5.23851412043530
3.51495987494879
4.88547890180687
7.87349904553243
5.45291657464150
5.01542553046100
10.5584047633458
13.4988087776106
3.48802700609170
6.63544410873153
4.18804991447093
3.39874620705930
3.65014679293861
8.47595669833795
7.28539465992749
7.72019685381144
7.98283706629416
4.24238424136711
10.2772637106876
12.1000433339100
6.22824895147906
9.60749373039608
7.46874431158284
8.30923412475542
5.89274893491993
7.56898966543092
6.61737789962913
14.5334711259845
6.89542468235279
5.22923916397979
7.47721415531213
9.08144029380802
10.1368368326416
10.6747204332022
10.5580148574247
12.9548024712845
10.8540521382846
1.82470633527699
5.93041409093834
5.21224089715739
4.61605268341903
6.70671249644712
7.23592053121785
1.96007784284196
8.28099847192958
4.58101890785227
9.49940103734967
3.42701162676756
8.09969061386915
3.61820088199923
8.84598319351783
6.86938510966593
5.75061305448385
4.78033478584921
10.2419733821613
5.49545662070041
5.56614661413082
10.0610889497161
10.0772385305747
7.56849925810923
4.04722152448516
6.54495314949046
11.6846873813373
8.93911756422993
10.9392493149027
11.8464309538401
5.35905468488613
10.3131982454523
4.42775103911681
7.41913528721508
6.72876394886906
6.02924243363957
10.8954046330047
13.2952524246251
9.94282178651513
5.88041385363309
4.52023756676571
8.93439052258183
5.00886386959159
11.5708113096273
11.4789671813598
6.88341181511821
5.85260583577093
4.49856905804501
8.93211888747569
8.39079405813895
9.92498267756675
8.93552857232856
9.65518838736976
6.13833937267238
3.75487942584366
2.20499253288986
7.87852962944863
9.95426003729057
4.04135183953340
4.77090737416899
6.90885944694202
8.06157759870858
6.58028331883210
4.92718574028827
7.61528743045198
3.04242741737581
8.05534225249486
3.95997002513908
6.85607263745069
4.38651678059027
10.1001663416995
5.08966428967570
7.53969186969865
4.06606448055119
2.94669326194635
7.23281027125695
12.8956497045477
5.34184173296065
7.64779923965058
5.60213603726293
10.5172570649386
10.5784070416770
8.77049693275000
5.64891014763910
2.53400449676002
6.00355905196243
8.05921371544551
6.60026089560102
5.19546503212176
7.70209130563901
2.47972478571716
5.00533054452950
8.86416846528201
8.62262170818713
10.0542569090709
5.91120995864637
7.29225849333387
4.99775886986357
6.11689293662231
13.6829507516617
8.94121385509260
4.36731550378490
11.6275326982985
6.43213946541118
5.18320345366647
13.7275271735298
8.13864158075535
1.14114841716579
8.88882807034201
6.76716844625579
9.89087976796806
5.30761434450545
12.9578291296961
9.74757066365256
6.43499376375767
3.50536883508712
7.75707231076261
9.95680309989105
6.21421396381714
9.34116777710367
6.04605839793572
5.19217771773078
7.55222868430240
4.94619626480793
7.98557304971910
7.22488539662741
10.5394810930140
9.65117201575021
12.2296629157799
4.26777177224837
5.32308405156259
8.77476158322835
7.44680132002997
4.51526502101482
12.1083065376625
6.23911920867040
9.05731548473387
8.89523663606539
8.57846122040544
1.83291227013187
10.2262397726819
5.09749911819512
4.47389598963811
12.6018813964424
4.85337686564726
12.6943593353741
7.36095445509616
6.19727055229962
8.47321163151848
7.75849997597061
10.0916446783911
7.94464877278467
8.68794910882885
7.23629804389648
10.8366236574405
9.06330775161034
3.44075150802845
10.4040070374640
5.67732763454779
14.1787930537123
5.81583394557479
8.41824822019997
5.81833965663745
8.15948801244773
1.91700510839173
3.86282330070895
6.57467624294915
8.40514034743025
7.26170134748050
4.10710095566203
6.35968852146078
9.88078837814068
10.6697070488791
1.05207304879461
10.8813091449559
4.11632649822631
4.94044800305853
2.00743502510044
5.60131189454756
5.06467031741455
4.46893180386544
11.2385490171107
14.3297562737054
5.28609697092288
7.47851013992092
8.82687077825998
9.55647706127781
9.80153453342894
8.84066207645106
10.9580094262781
7.96782406887225
5.84983872427266
10.4026988298662
10.4471739475324
5.41438282808447
10.0315549073910
5.74867358886378
3.44338715946959
1.95018637827260
8.88171130694980
5.71597393538494
4.72173296296349
2.57921118607241
4.76593594375753
6.62780948881302
4.93649706370823
7.84303539198951
3.03884531689258
9.03055959783224
10.4492801639012
12.6573751146127
11.5659881845392
5.40588285411365
0.914681889456659
5.82660056829881
8.35019905777102
3.30529045773590
7.67654533522079
10.4125022474187
12.1725610998672
3.91926026472676
4.21973946614006
5.14001877136650
11.6665841226170
6.31816740914642
9.25346714264442
11.8441817449582
9.28294689040070
13.6608007084358
15.0208698479815
8.43103034450713
7.85442408455260
8.18680696395121
6.18817580471014
7.06252065441936
5.46694579634013
9.13593908824375
6.19567963075852
7.24882857432840
8.35802558562726
4.50770988977774
7.79689104064562
8.47365271313948
7.62167589753021
2.46065293334920
7.60663517332073
5.09798276379982
1.53802233628124
10.9209386009123
2.63150994718413
9.44083440552263
10.9224375914903
4.60341852974505
3.02081850828546
11.0711040257962
11.7929224978374
8.17416344221230
4.56312970777733
5.73280177574630
7.93827341968013
8.82233785626009
12.6757314859745
7.08261885604471
7.37827683947953
10.0995078000658
8.97766131016313
6.46730785180356
9.36803951840512
6.53336884798341
8.66168649714939
7.61736744426183
7.48399922568142
6.58532939072907
6.44440145475125
10.6229130230648
8.49095937508242
5.91029182017267
3.78362541750633
8.86382162783074
6.46271683780196
9.72003183412482
8.45393353830038
8.62362606271863
8.05586479529045
8.73542295310330
2.64433228547397
10.0814131996958
11.6414851013262
9.32353981436236
10.4175499463311
6.61554785788751
6.85412925031326
4.47651560703189
6.07139590703819
8.62221728212065
1.88797266675130
8.17539821623999
7.11173278322519
3.33264046965766
1.15139710391333
10.6885755636567
11.5369381059274
4.46211381410201
8.03358993850197
8.81742249073389
11.4856186050208
10.5378849916148
10.8552392860337
6.63850960607876
8.20559719535391
6.64034462355870
6.03504512493486
11.5571119895932
12.5482101757701
8.06205443829921
12.5103085299485
8.64156221897407
4.49196314878028
7.05126495424048
10.8238753715155
9.95044535756285
10.5449471919019
8.30978642505329
10.2417067426089
9.56462990397433
10.2576496518452
11.0925481197965
7.94873670266926
2.53967039060190
6.35311626240225
8.86755826031045
4.09557553220546
12.1940511292392
7.24880041179228
8.84744440474197
7.76754580932742
4.34181672530060
4.76115213052472
8.57252981170086
2.20388149853843
4.05815630181983
8.80047882220052
10.2947215799603
5.80994261008661
8.18071862296339
5.36273417733539
6.35147819330272
3.75397316719233
13.1003223509958
12.9523455053515
3.84030094263458
7.40964962464488
1.05418583276384
8.19781769841218
13.9256398409552
7.94446993637712
3.35190045645750
5.34309063089894
10.9959084717908
7.08400226708038
8.85235828909449
4.50365581384724
10.1960274862174
6.92807470910209
11.3044310963976
8.84625155984160
10.5953843441567
14.8971009491780
11.0697892606770
8.74952341525526
7.02304915261171
9.19236407133661
4.49684865701527
12.6964752699322
10.5917588832073
7.59275713295243
12.7756196032457
9.59985772811243
6.28798393843369
5.15756543997263
6.77287777610079
8.47106158046322
9.41762724353114
5.47045810695960
8.13628586825709
9.35531462407331
12.1476648229197
8.19177063856771
10.5925468556906
6.82684416694126
9.16653870315290
8.85606917881742
9.50934075456338
5.85477625277004
5.24395817237323
7.51575571503625
7.80447423026689
10.1084070533591
5.66621895358801
7.98808234684646
8.74564957027779
9.01654544102119
5.79852847970931
5.15127283140779
5.92087093883999
6.14178820947125
4.06875777583282
5.81589509104145
2.20257404118454
8.43356424850134
3.88507211516080
6.36606460080323
4.80881343458030
4.42406346021392
7.39869360491432
4.51066711536109
11.3093586971145
6.48299989792534
4.41191692011534
12.4127105013732
7.65112830960245
6.49227069213846
9.73415822033934
8.00248211130078
4.08297575505905
4.45344101391272
7.85961455464580
6.55494556651693
8.17759713730140
9.37309126222506
6.81200093676594
4.36737230770403
4.01889150139687
8.27387791713172
4.71213804896461
6.32191194971900
9.68776573682498
6.06391808461329
7.89223583662450
13.4240449421923
3.92028503683087
6.61568166301856
9.66580144478460
5.55420826581071
3.11986171778494
9.47133566390718
8.12870226429779
3.73783291044423
1.84645678801319
4.72801389406799
8.98920479088668
5.87011579187328
10.4420318526425
11.2565818768399
4.95673751776307
8.03992333358970
7.07450046363699
7.46149773302921
9.92355864097653
2.03081618008155
6.77626635471186
6.87212985715491
3.18028680775807
1.18911733230998
7.23701426971096
10.2708205436567
10.7591715918885
9.40300676592333
8.96702989456375
6.51852273859653
9.55200635615890
7.63285968821647
11.1208387480441
9.27538834281347
6.76215918845453
7.53086428572445
4.67276678078416
9.59672450555917
7.84835370449752
7.05049252747636
8.54569804580059
4.11104291051553
9.90880951981619
4.60552005532491
6.91429764835157
5.98719607829909
3.45698047579098
7.36848977945957
9.28822155689667
5.86308630935107
4.63521976606288
6.98955845672672
5.33688144261234
8.81939731507454
7.19727351413193
5.36825739978999
4.10978224892755
5.02615677790695
8.41341808422712
8.55724388164788
7.49179396072796
7.63754635665146
8.02189503922595
7.68925553725457
8.96265973135207
2.34764519159093
6.72219936851028
12.3864640049087
10.0384752242360
6.37468337965181
9.88090825665860
4.82115871728986
7.07844155234752
6.22455465630273
6.50856765655855
4.95873326566373
5.23323430135705
4.02303815050268
8.55874480016784
10.4576687316103
4.39828273534115
5.65850798002442
8.42934148948778
6.36069430644171
7.48124556851331
9.35300496418130
5.33456694118651
6.59735633568477
5.73821465788794
8.86907330278361
9.78913999274711
6.67420785786598
9.58601571730925
9.71034748719118
4.43467468254436
8.90997307852274
6.51837679948007
4.72180755537538
9.88073790918471
5.82205471375871
5.78491120077914
6.39204686798368
11.2568590304978
10.6443612474211
7.80611587154586
4.33819628878178
2.78772912959635
11.4237451949919
4.90435168192494
6.63407741588836
6.44120649024699
4.57303621809406
10.0148655672455
4.24747281215548
5.02233067637924
9.77138711186902
8.82790855422784
10.1036582369951
6.82463028709981
9.08377607550957
4.32233434731743
8.15908990464623
8.25409443610261
3.37640218724014
3.62872867143577
6.46334558838532
9.23496935566112
6.23699944765109
6.89082024189428
4.70388589709572
9.18792393579746
5.99614682441983
8.43622291845592
6.79839177990802
14.4254721319234
12.1703988785177
8.07195553655371
13.6726158126380
7.88140886519663
13.5980516202874
15.5966793917808
6.86400833769890
4.89367945823999
11.3060458600697
10.5452001526761
10.2737034099150
8.61186255986474
8.60141548002420
9.40502320951948
9.18286297077333
5.11905183085461
7.55770729417328
6.02651494422473
6.69778169471057
4.13115963743837
7.45439047139335
6.48327295371713
1.91233702573579
12.3119570861013
8.31790523018867
8.64083441572630
12.8009275589701
6.50315582621239
6.18949998142016
12.4349862674673
3.65699617490858
8.88526537699353
6.09531889203510
8.85000716494626
7.85514512023807
7.19464697282639
7.31124138476011
6.19673937776957
5.32560529986968
11.4474964817640
8.80583136393152
5.93212691536518
7.90362459191984
6.92102780654001
3.82523934022434
11.5032720918180
6.07325507944463
6.22991485583680
9.32608985442988
10.2034399522906
13.0719782485322
3.28723729073518
11.3184306111757
3.52105005360617
6.61369417496757
4.30832345284671
10.9248951858816
8.57913623559505
2.00436773644459
6.13510765092187
4.47907473704112
12.9735363544409
3.77710625214595
4.57843054768771
4.16083823719452
8.26879599034829
8.32264860365978
6.04690572193746
5.52574886191003
8.26321916799984
3.54643404698297
4.59144894559441
3.81769488986482
6.02843518486348
9.26284439206446
13.1134133199560
7.14248652851372
8.98705773474278
5.41709732983449
6.08093243938789
4.00679303388633
8.56322614964710
4.66522140963320
10.3497807884805
5.48208044267867
12.6354362435098
7.72894285720887
6.37146538247678
10.3690820402049
9.72235929764479
10.3226402170181
5.19170208216919
15.6661226182486
7.40217063637417
5.92142586553475
10.8439839485126
4.67203083240040
3.32914038039852
5.52403617769652
3.62095934387560
7.97279622090017
9.78419603110036
11.7469170994649
5.02428923157296
7.15429788396457
6.52404303039151
3.77819386061647
3.44768718128545
6.23428238219123
10.0041938370865
14.7025509789968
5.01454542841123
11.3422425541909
8.07701899279679
7.52667159259529
5.68160396301080
5.84282782512030
4.93128191244426
8.04858522624319
6.71440754273971
9.49059965163424
7.63347366871728
6.83317208476414
4.20702951855582
4.16394956021323
9.66802702421233
10.7828425922852
8.64428574759650
4.65157054713019
12.1958093216482
6.42801372345299
11.9826651573888
9.28191513051052
3.68876867396154
7.73600536868997
3.77704323644832
9.21352795513207
6.46645770418395
4.06111287949498
5.66455324098909
9.85071069314291
6.13210667633889
5.58088091702377
2.58357339744781
7.66152272064111
6.64409460667140
10.9066519173438
7.83594612555497
5.22005844411727
7.98520561874270
8.24843798131501
9.69149328999923
2.99241181323695
7.11831216581571
10.3776223042660
6.89734610748946
5.00575240598254
4.87465499394572
11.9836973403912
13.0557149073691
8.70678573053317
5.43691182667229
7.73792058378089
6.08413703100941
9.23669574047451
3.14483443510545
8.24865723254397
9.33218971573124
8.79987054620691
7.87725408121383
10.2961581286420
1.76207257866979
4.70057362926058
9.94390885895984
11.7659858103773
7.06169407861881
4.55023491591369
6.69469757420004
4.16790042347463
7.29491166979423
7.03472416303582
13.6271091325286
9.53364720444909
8.64924952929444
3.48042161355489
4.27265602227479
3.67372104684065
7.53277132866782
5.30050269502808
8.22449189803844
5.74563570481979
13.9857491715675
13.0392898890239
8.14332669981993
6.10378780922142
6.30158506019716
12.7753779059564
4.28428212072921
4.35274031616865
6.00984420048473
3.05898222198168
6.55709950282897
9.46521953099874
2.37888939347755
8.49883231584204
6.14224224367617
8.12247845145803
7.08215029261516
6.39986545952335
5.63940702379248
6.96454802051074
4.18964027717178
4.55600590100583
9.09089669614609
2.84207757002672
10.6846013280796
4.78417541681950
7.83979670017023
7.93561054802968
11.0524291071420
8.59112344748927
7.95114272152751
5.57158058543534
3.14071258315689
7.99985056628560
11.7577333202450
9.88259082147110
12.4027953454050
6.43736393972719
6.68324272640161
4.89551460624928
3.09539588427716
3.98553226795368
4.73814407231355
9.58062989725102
10.7913087349265
14.6740601120651
11.1492431505461
12.3093225489829
8.03396854425009
7.18040826276612
7.82781345176289
15.4488499470673
7.42428309603021
2.01115659758259
10.3085849267007
4.76819364100285
7.10837755187497
3.64386828193611
5.22065371577162
5.79387979488702
5.99003754579218
5.71093782666210
9.13831264517690
4.29152170127334
2.32332247707890
9.27925106592121
7.42852628857164
7.21058277886746
9.02886423464214
6.02115732147899
5.90097926957891
11.0146792685443
10.6483171299506
7.78330768889423
6.81940733821356
11.8691944803937
7.91104438180573
2.52633722610423
5.73517275575897
6.37302233921238
2.53458857410823
6.76087172296591
5.26832949816770
11.1346227821153
9.44302524300343
8.27573650015515
5.46145648888646
10.4441858072518
3.67680096393591
1.90037819985918
1.75724576539538
5.80096797870839
9.24982939261584
8.67585245313681
4.30278586964306
3.44252419454098
5.22238014093191
5.47075885412618
4.61934384301494
4.89022726159020
6.69790822551944
6.64640603349659
8.50791558305558
11.1563951565907
8.38540157304831
7.45298882999298
3.71661138673389
9.32708092429780
8.72247684376405
9.06740742224590
9.04274746025786
5.53880848287788
10.4071560228047
11.9322671922816
5.48537821293118
6.13589263595771
7.78455492947413
6.75957180751118
6.25661609098720
6.98006312490081
7.92853584985904
16.6794527203383
9.62602160084840
4.90904275903154
4.65232959709434
9.53132445262068
3.71844735743294
13.6157192865452
6.38792584568732
9.13294252551717
4.29871710862671
13.1206661718260
8.97552700879453
8.71971646872190
7.69239811162741
9.32041674134204
2.84876607246015
7.34444996306735
8.38543960147588
6.75207454490840
10.2534160171135
5.40784353046573
4.81704385257183
12.9482696986895
8.82367742327993
8.68542915807849
2.59722787843115
6.07641897005135
9.85138571836978
7.44671899673944
4.59179756850191
10.8907037371329
5.48442861785984
6.90676795179916
4.86658974256101
6.23025610067516
6.81166129953626
13.8042549023843
10.1552995918387
5.94387543358709
11.9526595622062
4.90243732545353
7.18076682340403
6.84881113902990
1.97544180374923
3.62136509482267
3.43461398681132
8.90884594658590
7.17622404959600
10.8224123789477
6.79280880490537
9.85921080107328
7.08457968506954
10.0843497634900
6.38120661787408
2.00216442541566
6.80842612796820
9.49907537921455
6.27235180350242
5.93376751958652
4.99131441071347
11.1790128454037
4.45181739468276
9.46420955056094
7.83680081729783
7.31242344165052
6.78571784338252
8.12915834939879
11.6040178075699
9.16341528525255
3.36276220492916
8.88085346686905
8.06947923511449
3.21600293221259
6.16262224252793
12.1316144951940
7.55212913419785
10.7677703936330
11.7938982146744
6.23596946503108
4.52237571305172
4.69875789229451
4.00889906419456
3.76640917320464
5.17128816253746
7.33512900840878
11.6747088030880
14.0013548600734
4.34877227502200
11.0376795124202
7.66065275743523
4.40195720787924
10.9498934052529
7.62406135009418
6.61932296761534
8.78737038994032
8.36111130472499
8.08898776804422
4.19033646143123
7.17016426938742
3.12287579003712
9.73622701769017
6.34795129593666
10.0535968991202
4.84451627638921
9.05251416029138
7.21583814320277
7.47113045642358
4.60063359440849
6.49481132828352
13.3072368450404
8.17053091848994
5.74572813491902
15.9710910615681
9.27793999387795
5.92236578826401
7.58430809805351
10.4698223122458
12.5048322754685
12.0176536898847
3.83115134143772
4.44689754098293
7.48774045757464
10.2485428744773
1.55741460440051
2.39319939411659
0.960842239912463
11.7105772462334
7.93713551037148
5.54592722523475
11.6487823608307
5.35890210129836
6.41071589528034
6.13642291727029
4.13960662623877
7.86432226577726
5.38543447272363
9.59832923604936
8.45020742822328
2.70545253118586
5.14508813724313
9.93294976278446
9.24036377043675
6.66378947600387
6.01436430058074
6.23963396302219
9.89647987114610
1.40986869601392
7.44919053186318
5.00218786893295
7.07638193288067
2.43224742573612
6.80876002936100
9.43256580481154
4.56240428831115
5.95000584790469
12.4156273484548
7.10153368083261
4.20178194136726
11.5303065436267
7.55946470688236
6.64609046883956
11.4981100469816
7.85684207223869
6.68918138585732
9.01983195180487
6.61726567775543
5.15904293619815
11.0685117902092
4.80414490543489
5.19384924291224
6.31664478263580
8.03986287057186
15.3769028352949
4.39565318269083
9.10515650606842
10.3679603167643
9.41465280666259
10.6637995057578
4.51746281556362
3.74980615765669
3.71672900007520
9.57667597241805
8.94391657608433
4.18747705699984
13.2377440778247
15.4396773826398
4.64141913064701
12.5482311839398
7.13480511691805
1.93087305641774
9.00842519842397
1.89067900236925
7.51202361950493
13.1985716806782
9.39909239416764
4.47913667016312
2.08198040826517
7.29615165273447
8.95546111555089
5.67886696269599
10.9094716991979
6.52487038108804
5.04636336484007
1.98460885879308
8.39526678576089
5.27975153332048
9.51665217500356
3.23127079976284
10.5597860930040
7.06565994723777
9.09789811577377
7.10666044355575
7.32731383113894
11.8247049712921
3.25509392220870
7.52324582211694
3.92366172089287
6.81384216430055
5.48472101113630
10.2796529896210
8.45512216469993
3.89112790460556
7.21202321474356
5.28765602039316
7.05794315738658
12.1033572239276
9.58916277940884
9.70285277895114
7.52507190331096
5.47823417828419
8.97390806839473
4.63354176348126
8.33411000287373
7.05721050303227
9.86283459964731
4.43250697246930
3.54220273285212
6.64510407141980
4.61015046678522
3.79514491686417
5.67721041445532
5.11355002322261
10.8425371145134
8.03223855285686
11.2832896141861
11.7155598168139
7.44457255551989
3.32696559795860
8.62757612452072
8.00049474795779
11.8720144012547
2.90216322594026
9.40400143024235
7.23598886383886
12.6395572633103
8.00851508333473
4.35144456703748
9.44028838494354
4.02700097342924
9.98969208771221
8.70127500140065
3.40608560316678
12.2338404289199
4.74157895939697
6.85036427790522
13.3193426403896
4.73174200417774
10.6449378664227
7.79004246407553
5.44738010754712
8.28589920713962
3.76328188475166
3.30504016363808
4.87533495669785
10.3950707402788
12.6570258564167
6.53391933406742
8.73178905036075
8.10289374174437
14.5396645910420
10.6616017882680
6.42565197570643
6.47132727498772
13.8148074003802
5.23131443616229
10.7794438785357
5.55673696426238
5.52484633451465
2.91581969178479
9.51438100461086
4.52869395411083
6.39955771563160
14.6625497025586
7.68322250686520
6.36248542159430
4.90115646068354
6.61001203717512
6.27930658424161
4.54580543908337
5.33847823447844
4.35724215301376
9.29778014420646
4.88867969255504
8.56961904287467
2.56685220190022
7.63522244069549
3.14846263819344
6.75043529411252
8.03870963463664
14.2138200203218
9.16750218216500
5.64438648304668
8.35635762398906
12.2865468887723
10.5126019534255
12.2349963784220
5.40143080488865
7.81653199062090
4.29399826666243
9.68139495217502
4.31104172561575
7.66974827357457
6.56962776571094
8.35560773133827
6.73946921129550
2.88953104845752
9.20418315370245
7.48345048429533
6.06340827096444
8.97186436979517
3.02042019096681
6.95863551351844
4.80923522690459
10.2835091065696
8.37594600684604
4.43539928529552
4.74711971831341
9.14059264317692
7.91257979257082
10.6263098339028
6.01859239786181
11.0372572231510
5.13593497981624
9.59257712286433
3.16831196450097
7.46096960782578
12.5049317331203
9.49121157410370
9.31415829101052
4.96184096053068
3.23329074782952
7.09330005321219
8.04950318529038
4.28479858206894
5.16508608447139
10.1247713991080
1.11736234627154
7.71329347327716
5.71354581674113
7.48929885473934
4.99830162782129
6.48007493132603
9.78330929708348
11.0759268388700
6.29888952911543
10.9771865275215
6.47616286298113
9.30507359777449
3.75153246687270
10.0432292187324
2.46133184323040
6.79335530426607
6.69341136790501
1.12683205935934
6.75580688371123
10.8571208104221
3.12740667640139
9.50065599230390
8.69783244358852
5.80197689843729
5.02187757960108
7.87898423214325
11.3515375469581
10.7752314290692
8.00091504779922
5.07953404029346
4.42251299602387
4.24289565601135
6.29940299584810
11.5029037960682
8.83341431723884
9.82195492302830
10.8241029937820
8.39080012752062
11.3803886490269
5.99364782423025
13.1832433964484
9.30730383199689
4.88888379489633
8.40459790828806
3.59386165838364
11.9167865156677
8.75143044533863
6.36557059971847
7.97522723302602
10.1640960257172
9.77533258323726
4.78173383257580
5.12927068051590
6.10984386654847
4.27509389506242
14.8378343608493
9.23365891117081
9.87372599237492
8.22627506073679
3.68587250356005
9.18991943653479
8.21347198159828
2.19905171608127
2.49314845354143
7.82338693833432
6.11194449663935
3.76925396630421
7.20184756798559
7.96174920541962
5.22394235975896
3.83123859998304
4.22717455281894
6.97201350543507
5.76359655726353
4.97635448344468
9.81648927977818
12.5928640606496
2.65872810226274
3.43443175212436
9.26927386907949
7.14626170525541
2.64619646473954
12.0784197832332
8.38669958801434
4.68676042592322
6.11471079153381
6.95840046890088
9.90881934541144
6.45658444923475
6.14340157971860
11.8873988898371
8.44513206992075
3.73423297721232
12.0626257630750
5.33911041653944
5.61766618623784
3.98946458589571
8.30117516680620
10.1087996938311
7.71768271268002
9.96261753906071
6.30264793067961
6.98728797729133
6.05221872539319
5.17766900931298
2.78851501737035
5.00762521960261
7.71904711606297
9.39083440648380
4.02001819574240
3.59675885394059
9.31952401091386
10.4054829421801
10.8581011637855
9.67852934024586
11.1273691711024
8.91560990678709
5.80232061587810
6.81442870606187
7.81344576141026
10.5628825049084
3.77343963912237
10.7758976829961
6.04357215987365
3.39366840159730
12.5401972137602
8.09360965113836
7.85640744933713
5.47638002955420
7.29409632099824
4.67307683160677
6.89438782597846
11.7798400434811
6.60151686663754
8.03923561167354
4.62843596602567
8.11567468606277
7.36352099571937
6.89950088774543
7.95572462884432
6.69675717567839
9.10858200707443
4.10953866175998
8.11814626793974
5.86446316135586
8.15392627756714
8.96624219312422
4.26809324340508
3.53641132394126
7.83479315553384
8.88750910491798
5.97473795994435
5.05113891018649
6.78634781236565
12.3800193028929
8.37966570335595
2.22435158641794
4.15867821068185
6.94416854202143
12.0344895201251
9.81481605034450
9.61443777971443
7.84091459828820
4.24126955832803
6.53885058783269
4.51509527722284
6.73268574938709
4.30303833238794
6.18698521722010
10.2479711356586
6.71352924995490
8.58656270159369
13.1199909409267
7.19323433422553
12.5530874794080
12.8222559801152
7.06852505212367
10.3969072776475
9.54812615107802
9.33003991837120
2.27406437697462
14.1238956556044
14.0170236834579
13.1089100591163
5.97821598806868
8.21221126250415
12.3590478358974
5.12979044726975
8.86863945878961
9.39619266830987
7.93651544558442
8.55975820593368
7.18348436763107
5.92626325014338
6.94675003796740
6.22571327399520
5.20562046061754
7.30622495889635
10.0140980054321
4.58791582093656
4.03369463395533
7.74526186581190
11.9063296166367
4.15149819167983
6.07639164935902
8.83066224187065
10.1532319652414
6.81369506730379
7.09835907091660
13.7001748350158
6.70561426716449
13.2760454326580
8.94977855815440
4.20996585705870
7.72585767941010
9.76998776042221
5.21091735709750
9.69268062921708
3.74434977132212
7.67867761662124
8.51658957893945
9.30868774532694
10.7944798310190
6.62969361153304
5.13004679413356
9.32848712385883
8.83513753185242
3.89463559784481
4.55002200561711
6.87322390221648
8.60480316218796
4.87081134309265
7.98192458245504
4.95746997576385
7.26595039154549
8.75890405073603
6.99980963741157
10.6143312205527
2.94102381153230
9.46659735596693
3.96841917770792
7.32577553437177
12.1599122636637
12.7885212961624
6.02676500288504
6.84647731683966
5.84207629957021
9.21290171227285
8.82359471307267
6.06242227991419
8.64992298257042
8.43847648740577
9.68035951088595
3.47259546742779
11.9071276712564
8.16821751057108
6.10554795083947
6.21418746498688
5.81185193032307
6.47527200022516
3.80732949191425
11.0071799830838
3.50043709540680
5.66771682955315
7.74652409342410
4.62588940820033
9.35942391723321
10.4527460332297
8.03342259640933
8.34215302544853
6.34467595576007
6.12947883393923
6.93742490121515
9.22940998601752
7.38512198274341
6.23277675326977
9.85259670472206
10.5233637953840
8.85010444094305
9.03116752929039
8.03702264387130
6.79138320005579
8.17017693015274
10.4929341421454
9.46434694735987
6.56391050289384
13.0297533579880
13.2375321091849
7.63842846140487
11.3260833940952
11.2646327332630
10.4497798239963
5.91407881415187
9.34807961080778
7.76076969185402
6.66551797312107
13.1300773131768
8.62034632437120
4.46609677975075
9.11556151362279
6.59794770364240
8.14940588646805
12.3160211452400
7.16176309158575
9.10703711313398
8.52297038654951
8.97151033327165
13.0535029834907
9.48619217831897
11.1157251697764
10.3173000237465
8.00626165857699
3.16838717646692
8.04721408811771
7.73355307022586
9.14975022719200
12.1963301189989
5.43569709604941
10.4989564323175
9.33797171445705
10.7400948859872
10.4993743727900
11.4095990368404
4.87699987799877
9.61646342123673
4.62605613265771
2.47909233219338
10.8597724488131
9.68813181475149
14.2850435321087
3.05816382981684
3.03831039796792
7.15455825400842
5.72767240508743
5.34732925682532
5.50244147487277
3.03965293413574
5.81421459356291
5.77179201288473
10.2696024431328
9.56657669702177
5.84009875430202
8.02290720749031
6.27497416249661
4.74368541188178
3.78245988874965
9.84873775762154
12.0502603116748
3.96998255537729
5.39601990822866
1.96752063778249
4.21401855003036
3.44898312405266
6.74442831666699
10.9519856390565
7.56135096675852
2.02069923204815
11.5283744413512
13.3842246757143
6.14375549923660
6.23768647897600
12.0435105318757
4.59294259566827
6.59341035504389
4.78531915801861
14.5525981285130
3.42540580661620
5.22959748929113
7.99152773489525
3.26850279117045
8.71713551821354
6.07435959916763
10.5087130368852
4.42068884790594
4.96495893336491
7.37096501551866
9.55975248842772
7.46195548354451
4.44586894346876
5.53167667981418
6.73353598624823
5.36804954243158
5.63641611756975
11.2505214012507
11.1972541830576
6.72465919579573
8.28032474604711
8.18249028325729
6.36271408932540
9.63178453766487
7.28418312187194
4.64917578339430
11.3858193179059
7.45113322371839
6.50709473882162
3.93295255755774
6.65814455157741
7.18725318463180
8.00407017335555
8.14763412651795
5.18377689398377
6.90087715656495
8.91498222824925
11.4173567299967
10.0530890610914
9.82402929046937
1.70476633882770
8.32755199623515
7.82175931168941
13.0164154996681
5.75754559503440
3.84202872191242
6.38148377446029
14.2567832299716
12.8539447349676
5.21022751385196
3.18588175078737
7.50536123664278
4.88717081755896
4.95210061489061
3.82637884801022
2.41543777789866
4.24103006473663
11.5819658391829
10.0449539944193
5.79246390925312
10.9344289893940
2.48509552693655
6.78667437704212
3.48443413341392
3.44280344632103
6.58559561786935
10.7285885767887
6.59030862952563
8.58335680313943
11.4769113682253
7.76515389499139
9.92593135309730
8.07550344686943
6.58822191232961
9.86820035518129
4.75890788101640
4.36717277079806
6.29623578021027
11.6079095366048
12.5998326262693
8.67873496359924
11.5009408287714
3.94704919275147
7.91249294091312
2.33849023784578
5.31763092927668
6.58654438870642
5.88594304424533
6.15933423512639
2.83848657386291
9.20173061874776
3.69007614750699
6.27500016972112
4.55046419092602
6.91017955410712
11.7602922969669
9.32433458717565
4.05183748884182
8.44033936936187
11.0090750639143
8.80381511985003
4.89077993530684
6.89688417374832
7.80399667734424
10.3599946394774
10.0982970227658
11.2387485541941
11.4414651918807
8.85288402499434
11.4328544918800
8.49074794715401
9.20982606708726
9.05546594675835
4.49663241103829
4.63655224062018
4.17645182182196
14.1245180551409
5.08861924887292
6.87050049850810
9.88848318449297
3.78405911291037
6.90601804747859
11.5774573834500
8.64478047957263
10.5965897467062
12.4118777500465
5.31437553392682
8.38550074011088
7.05491473012963
9.38439861875549
7.17201640631838
5.23821253228618
8.27447496353092
11.6787166886493
5.85874429704011
3.34081447853664
3.64492958093843
8.53653404623328
0.751697176328341
5.62134363306327
12.5921879929582
10.0469152982396
6.49800653388407
3.76045762566207
5.82613144840554
6.86486032662719
5.24739834841038
9.37312963795978
12.7698812840997
8.89705463661430
8.57341026663253
4.38999331376061
8.86547139962675
7.01069280171368
9.80745614825782
8.39832404853974
2.00362689435933
10.8119629008797
8.64649996549823
6.16259308198262
9.31223921444912
8.41654253672492
9.95585097128317
7.95291141343847
4.93050743534578
8.01255740862429
5.45170894124035
2.13074396866447
3.10327448995412
8.83842213288865
2.73806914129282
8.93973905482705
3.01832609079205
5.63334247307049
8.89332104235532
6.34159945281945
6.21442385387415
6.59770013641118
5.39373703705511
3.39407884999745
8.06148772954472
5.89790477457885
13.5117988502642
6.55708687909501
8.32676938904880
8.73416763922012
10.7367202944102
5.52058711913869
5.68993949528464
1.39783759786321
5.38409443658820
10.6415722174874
9.60618106697973
2.40428832297625
3.00005590947902
3.45062262497654
8.15837493135888
9.29478386838554
7.85121286658310
6.80497160412150
9.20332957708241
7.66138419869412
7.21576189941333
4.67797828366581
8.79877193590105
6.84403166927214
8.82205357428756
9.28545954240822
11.2477720096026
3.78805817248099
5.30247463360269
10.6535329216368
5.93923354773156
16.0462436062151
10.3521622498346
6.53942421107547
9.07989487232644
11.5887957535026
9.84815828772060
10.9757342682346
8.67955964175655
6.59889035343398
6.97556697518022
9.11434223956946
10.2013669979518
6.70303867380310
4.44048108767508
7.06408635592743
5.38022957655154
7.19018136975696
4.70256540837020
7.25195074645822
10.3735026806892
5.32336651847306
7.10642490356437
9.16757841236169
4.71175193425970
9.05927997514703
10.4372813925135
3.66293001818217
3.44539088783843
10.8474839824579
4.67182490468126
8.81648840071828
9.07843956178593
10.3544292112120
6.76897087765194
8.05627004698825
2.62356498574764
1.33501951296601
7.09622337117428
4.05422945630856
5.12647952564916
7.67201730989314
6.70590830462213
5.78715077934729
6.20502357549913
5.28948412040343
5.25647768245048
6.29740400054657
3.36782728707991
8.38338243154874
3.61179715238827
5.96194039302642
12.1351799902968
8.38576458171823
10.8596550081494
3.32759530141513
10.0499808616733
6.28499276145963
15.8131990319531
10.0321515518905
5.11035894948254
11.6859067523406
4.33411722065751
5.23078956181569
5.93455315694830
5.99762563770031
15.6172278618838
0.869714872817523
10.5506083039273
12.8751099029445
9.03706747192362
7.32964399135457
3.99565154613112
4.59213868942348
11.1376423919068
6.18777226878948
7.36608956231188
3.35218861193698
9.35707717632488
10.1041035425217
11.1927907967584
1.50013893356582
11.7661081663777
11.5467355528637
15.6122285414351
9.86184051483292
8.84273719727099
13.8029261187619
8.18824806292530
11.7801775423803
4.87071835051053
10.6891980343710
6.78859912721321
2.51107611593118
6.11401987982538
4.49072609830526
4.34284933038207
9.08256265709188
7.94602421969629
9.25847245554039
10.1262130043763
7.03709333112046
10.8379667848725
6.21734371818062
7.56266576347256
8.14534538877879
8.20421697970013
15.2195035599063
5.28802202647644
14.5950463695735
8.47844750765138
6.56433201199361
8.11388768347208
6.07832207232563
7.03551841302401
3.65847206768071
7.11326555950219
9.52093108600204
10.4730399836915
9.86935879882782
2.57517036329638
8.01876764351287
6.64727262789785
5.32769833253535
9.05774172376321
6.18568235628859
8.52049245206713
6.15733410982383
9.68870111731797
6.86941224851152
8.92717772535082
9.55396389620560
9.10937746610601
6.84135605052097
3.24434825658406
7.41029969072776
8.87314009976175
7.81416816359234
8.86451572394115
9.88454603775510
4.24292125281627
8.12744562127247
7.68005182599701
2.69321048936023
4.18137155720465
5.09874846408411
5.08271258999562
6.90826261950137
6.98038959605447
6.83116410911054
14.7563642249233
6.64599628272541
7.30064875726123
10.2239637686663
10.1401818435371
8.87962280730438
13.1329366728276
7.65075196746046
8.87274033768599
3.13330728823395
11.6021706608419
10.9358607270804
9.64672339012579
1.84095804949488
8.07979199354166
4.09686779024952
7.55094707238767
6.64078615602099
1.79973047159846
12.9297702683922
4.66469336159409
4.76961858118655
9.67585950394073
8.59382374790175
4.15033501780278
3.02345378995611
7.70257523819145
3.26937911443993
11.2236574507823
8.53551877694613
5.41450744851275
6.29411202474185
6.29135483421496
6.06477338488422
2.79319297757960
10.5292481435191
11.0647185183357
8.76700391826649
4.36281261687916
13.7205833217834
5.42288311694066
7.55170165790466
5.77157518143011
5.73723968995544
7.82206496360775
8.71010436791661
5.73326106661819
10.5691525738822
11.7901430877661
7.41449121720432
7.36207485767429
13.1185797196190
9.30105605834627
7.37687826306826
8.96468660770693
10.5836466898241
8.64461446508750
5.26777729977265
3.03779593970378
8.00903017668182
3.71162561016060
9.38067843495341
6.80760586035942
6.99563241947431
4.38665927421996
11.9977147755771
4.15781322331824
11.3116175710159
3.58407525590633
9.78760809681814
11.4151495592480
13.0407339729327
5.08644511815472
7.14651486589092
11.1746124182173
6.34763514124308
2.90417476831199
10.4455174318939
5.98031562461381
5.02229827270345
2.27389422818851
9.86967107911910
2.78319569171843
4.28830693514352
5.53336373118558
7.68029311953652
12.8318772866639
9.13034261077316
10.2896748458880
8.95027320955064
4.72917088822131
8.56864633124743
3.41895355856146
7.33675932411579
4.64959189069320
11.5450741167868
4.06933223637491
6.52174227638604
7.22937265570284
9.92053002465090
10.9744697262146
9.42830361093660
8.23415188112054
13.8448142844749
8.86189200295850
3.86301220505450
8.04095728921004
6.20196435333193
2.69923681806543
9.32376896914547
4.61909298287012
11.6661385869533
6.59733018955396
4.14149803392444
8.75350353611718
6.23514558049769
12.2786234672295
5.38088700308788
6.86441386695908
11.1778332265292
3.16213369687304
9.35952840265470
8.62908732195938
10.4775791039820
14.2238779348419
4.11776758251361
4.14222051561720
5.10474638547304
3.98660174696445
2.12647003740942
8.16640227449640
9.98857959321544
9.55513855173749
10.5957732744902
13.5421061515556
7.71299897964469
2.54999405881661
12.2642202426408
2.98581660186958
2.70666247803453
12.0818773210127
9.44780089385885
9.76354540676695
11.8365070628966
7.10234693956864
1.91098236900397
12.9989284373751
4.96221685569061
7.31453133837022
10.2225104473461
8.79528307801972
11.8101374426422
4.15700235265750
5.55045661985570
6.06926789489474
15.2467719103061
16.4452542433980
10.8002126460547
7.29650023709998
13.8326216000439
2.45282172813273
3.28789412998654
5.45544626497228
12.0544557517127
8.09653349835595
9.64810077320920
9.00822811068303
3.82794937009360
4.75704764848956
11.5770903049946
3.47051498525795
10.4065856220472
10.8888101188743
10.3281994026064
10.2420502894733
7.55302360936043
7.91534826397424
10.7974600111739
6.03552825959261
6.43824600784282
2.33089640481940
9.98346699548810
6.38370898988981
10.0540420531048
8.62102708074276
3.01864681175191
7.54531538108912
6.39595624203293
11.3097880416964
5.90945191510177
5.94141605470076
5.16010914031864
8.99040107159097
7.38732092777889
2.04396215718393
8.55914700465531
11.2433347352998
7.50622672519289
8.59828345776063
6.15911882427381
7.73856712044291
6.86252667918311
7.51724516694779
6.19110946229348
6.40405407738723
5.50470445401931
9.55406625526535
8.52803694527644
11.1481078567800
7.40429170256148
9.92560173793005
11.5547048101152
6.40935444893634
12.8594864793311
9.84583605833557
6.38104463050401
6.30544100757434
7.13566564028893
7.00408952053013
4.03448220345561
8.52692445668425
7.03310899375944
6.77241139406046
8.84541737511577
3.88963390693777
6.54996900337344
4.04719673744680
10.9497476857871
6.07522382333359
5.49624934023193
12.3412617573584
11.1093696089427
12.4259013335049
8.45291836651106
5.36745384633162
2.14094744449741
7.70139232152212
5.75296649912026
3.79513552885796
7.74555215914269
9.05018232965502
8.59955233654055
9.29518404882872
9.45215988623235
4.68256515437853
4.38622696859157
10.6552963332795
6.50776244899121
2.71067311094495
11.8698815841819
8.17934915081268
10.6594082251127
6.13710838914386
7.00732650852870
1.25384249445455
4.08959787142942
11.1833334185296
5.64893752665047
5.26629018196159
7.49054277472600
5.98959303458925
8.04091787031612
6.37628056550212
10.9401159156885
5.82441947836864
6.84557065710493
13.5814405870659
9.13730492782746
7.37522601975696
9.90599003734609
9.97576313610142
9.05958272097010
6.49212646449528
7.33244532412544
6.64069926287887
3.77183026261788
9.36904468449159
3.99530571295865
6.71835945183793
10.2266950912844
7.53017624030142
11.6572666165787
7.02002590712378
8.05307977484391
5.44354911087427
4.27770984468138
6.14230378441184
9.77936994698534
7.06848293341648
9.11649980749192
5.02019272972672
4.42714807635796
9.93433749527365
8.28959274290360
5.94684940615525
5.87046088991316
6.00701202446774
4.95063343483437
6.44371501871397
10.0694313493861
3.08025538064622
11.5650600317897
4.70058710690484
5.91413904622642
10.7481383385887
13.6638141974267
14.4663054059868
10.2400151415904
11.5459913546391
11.5700942109388
9.69532433211494
3.85690699913804
4.10475274681679
10.2234993137047
5.66106475392218
4.10519410066077
6.45500745862466
6.30587976183308
8.11281912900812
9.02657787885448
8.41590958007511
4.00402568949052
9.81757561570065
10.1332209808730
12.0329992391756
5.89977829244456
9.32805906124098
10.0268975326369
4.53037201095009
8.26876131418056
8.31495201188798
10.3082710099687
4.13249175195789
7.64923507482937
11.3877027455448
3.96525170580633
10.2033567912918
5.26620934733894
7.63675371934960
6.13097362659472
10.0818701414966
7.71543461057120
5.77769657546154
7.30474523605033
3.88723341007457
6.86396503050533
9.13234966971808
10.0975545103753
5.78105258510939
6.07311842828081
6.39663152659867
5.23677493692444
6.92753002497282
12.9448527063231
6.94696930297666
10.4671502048074
7.98820422951767
8.23197567294753
7.57170958568803
5.47965538332475
3.72484760627868
6.33423702992247
9.70835665238974
6.88304822450780
4.66991098951575
7.82440333827442
7.28001608378031
12.6247923654213
1.69621833795063
7.15445064921829
5.49954727795843
7.46766168777188
5.54800280829958
11.1233117312247
6.81517641756250
11.0329182368039
13.1865814534966
3.31288888381184
9.14390412788761
7.11466175302804
8.83199889493313
7.78716401795288
8.10916381077605
9.96192182537586
8.48520858813147
8.88844156756402
7.90715662820081
10.9033396565069
3.30618344923569
6.49411357180054
15.0430982383949
5.54407821374302
4.69891079426924
1.85465862202617
8.10615817645449
10.4343030865240
4.11171206433525
6.60843828737925
9.83829473943529
12.1020165427833
13.3042448541809
7.75840458553819
7.27982441494299
9.08296572161318
7.34642580936472
7.50883943695696
3.26602074243260
3.76265851472067
4.99681971827081
3.30339458890397
8.48576252296751
4.36878343227265
12.7822840639731
7.65571205647130
8.57587279115076
7.48085170953148
1.41887191331706
11.8446014673352
4.71277768612100
3.26399043197127
12.4801616375750
10.0589891281040
7.61483866014245
8.62392622111878
10.9642193824093
5.31365408264407
5.40920145708218
3.70204536709101
6.68738031369534
6.71521650627141
11.7864392052901
9.78299324716623
9.21303007591422
1.86998271299496
3.57318020716840
9.44992595367816
8.60357416708893
7.09966289033501
7.04330575361456
6.84886251186283
9.84981033452421
2.22903967414221
8.01712014706652
13.0427524978434
5.72811925400475
7.69232172299105
4.86125776111492
6.00217836076203
2.68309950616819
7.93750387653449
7.45815078235886
2.62089749429466
7.52159401523374
7.34159546236375
6.79639608174803
7.58148878783053
5.49344806197902
6.59652838620437
0.846948670227425
5.83674328032337
7.49628517483827
7.62326399107364
4.62830652338412
11.8611794807431
6.48877296875149
10.0074494475665
8.46271016518940
6.52231471307541
3.89860840044240
8.90100467924829
10.7040883558807
10.3520789433814
14.5693483760119
1.55958681491477
6.68508040990533
4.54565153525872
7.21193667416042
9.98761152678657
5.69815784464593
5.34444090808384
9.15983118730908
6.39725792664326
3.64075895612783
9.89247079958414
8.31935095425118
11.1806414555919
5.67847529183671
8.57402187832524
7.50575954957924
5.32579241521860
8.97681511116276
7.71011812061242
14.1469624240117
12.9380315659261
7.91618130856033
3.41422149398659
6.67865382468653
10.3720074248066
14.6449668023830
9.27774010036927
8.19617466578769
5.69196671227090
6.38758309954556
6.56461806792292
3.08849448922933
7.84172114780933
7.18377270102555
10.1538465285390
9.93975735198803
7.47608758241903
5.26857034973436
2.45273286796585
6.55481834988583
11.5226843087344
2.63777903428642
9.37295921787777
7.66438286935745
10.6812668977046
7.00735888477249
2.14867648388491
4.99203468938268
11.4114579388437
7.78627368312340
2.94718974251744
4.24167992263678
9.05879513014838
6.55102669548896
6.59651001273401
3.90069702617365
10.3071760555450
3.91675550041102
10.1277980664160
6.29335432189385
11.7059862366270
7.49802667539267
4.28189734908486
12.3220547926229
3.97746544673866
7.04680726073873
3.34253629898016
5.20793085229144
10.0645893219743
9.70719523085840
11.1359963186237
5.55015744191100
2.65235030161930
5.21169458084412
7.56733080024918
7.75959341331748
7.52026126304134
11.6244110000851
7.83069704304795
5.54279784016168
7.25063424156811
7.24063118198959
11.7184396691710
5.78560523317137
8.52110984751100
7.47047387008347
4.96690810565285
2.13410189906668
1.63634933747321
11.9398256997328
5.45025561785867
9.62752730896672
7.70869933905844
4.23482619639213
7.52927661444976
3.95026693560068
10.8814464888635
7.89569009568442
10.9385903941047
7.76696376556502
3.61862560257345
4.75878712804008
10.7175656856956
14.8687001116439
8.15634413444829
5.81966120061984
9.91863825341463
5.15949201666211
10.3383776913208
6.53967098866602
5.46208557421064
12.5920364265515
13.6627322195306
3.81611264377770
3.07160269354616
4.15340095282168
12.0591242267961
7.60356146355114
7.83268656927494
13.1288920454089
4.61274618967227
3.14018186416010
15.0781330744227
8.63309391585659
9.09492592652079
3.71012820398433
11.6689794071118
11.5832078242601
7.34525895391034
9.63919114661599
4.77912916125940
9.13156273228191
2.90426416711703
7.70596918742867
7.15924621887668
9.14613732904771
6.56137294490261
11.8778286151805
1.47488071846506
7.94693849542074
1.65284073877945
4.94538960839174
10.1361857617489
10.4178072861684
9.98525861157336
11.8366371794062
10.3952540110345
5.59517595056456
4.38342000041065
7.81122688392162
5.18312887751211
8.91010654843140
8.90270334045789
7.57801594097030
6.13611061911371
3.80990902248335
1.30093082444840
6.08725000472298
8.12884580016744
10.8673133346794
6.99735161125979
8.62161930023009
10.0867075164347
6.12034763883303
4.74505001518424
12.5134951183592
9.09378325442167
2.21226007343169
8.92044731781988
2.37213301903582
3.22289183343158
8.52861458266605
10.5420111937903
5.31455558725281
9.33555935596791
6.81764305710558
5.34865418721383
6.32455257785086
4.89552634380615
6.64866874644842
10.9722994456313
8.12250593720928
6.67551410131834
11.0435413203782
6.04077793156817
3.81175135546130
10.3137309786517
14.8626599542881
10.2642445830027
8.22543690085822
4.27627101690246
11.2501595464242
9.33649950454666
9.06967028243585
4.48628976995468
5.12832872386316
5.23815069390907
14.1309678267272
7.75733588867499
3.91748879896293
2.66287136694021
8.03783626372172
5.32819515476700
4.15827118163306
14.6972473762300
7.85242709328141
8.93434801482459
3.55245515242628
5.28138657130871
13.1180635133392
4.18569306686480
12.9122673198784
6.84166373114026
2.74243985166494
6.71213212474248
7.43545496751079
9.24240267246564
8.51479009952095
10.4992340701596
7.57948667786942
5.69232790713957
8.02154719920041
9.26630555507425
10.9863976357357
9.37781791356604
10.5177162640756
9.00999502830051
3.28358330766862
7.08746378756181
6.53502886203267
5.20275918143440
5.06662220762472
3.03971955142247
7.85095979129234
4.72922875424736
11.0152738250168
7.09461281395962
10.7701444321792
9.32150816103574
13.7242145651764
5.87455100157314
1.91215002858039
4.52365333220838
6.60954057517616
5.53251998098516
6.28333823249720
10.5424459348863
9.06564437817853
3.80230203297949
12.8150816719988
11.7562647388531
9.12765437119527
8.80419605745465
1.02125245071922
10.2782081937709
11.4760684463626
9.71859712355647
8.71252387830300
9.17072228616699
7.39500923877195
6.72050113931989
3.18405316953094
10.0747315180108
8.15298731141537
4.74839155609560
8.30813212550812
9.04602021788588
3.44046818408484
7.89764005480118
7.78428971069294
10.7794065006567
4.70733191556533
3.28947142258449
5.65596506845649
7.32652581378104
7.52631027064391
5.44227514923676
8.39146305360394
8.69112123461639
8.85711575288480
7.00575201138322
5.89625067988972
4.13698067435660
13.5867864611173
7.31103575699777
9.73351742272900
5.05623062243694
9.14301474984045
8.47853097771070
6.63870136916099
9.85408164112719
9.03033858973676
11.2836690260925
7.13600847628421
11.0132330252111
9.51017790527601
6.66374303376113
7.23314371902010
4.88722364743010
7.82845991111917
7.53953779352554
13.7360225298228
9.69090424728260
13.6421133875495
5.00833469328878
12.1516414487920
5.32375383507728
4.77663734513099
4.14892823389367
4.34011318976821
2.51837763071784
5.58126645215940
7.68147549591874
8.93533996946954
8.42711596514489
9.53960824500147
5.53571679138302
7.43665313821346
5.80633372731021
2.48184428399527
7.28496274338448
3.88185449026622
6.27748539066400
11.2728761163644
12.2955277503652
5.42583528869059
7.22269396347374
4.90835265645206
13.5175298576656
9.28101045132479
7.17144405946002
2.97860980272677
7.44775392474805
7.52016131076988
5.84923622987652
7.21024581342412
7.66614406856537
5.58985835850069
10.2067214881224
6.25914172315182
6.54792614573500
5.71210030986852
6.36977763463718
6.20586813998654
2.69789122464194
1.97532650923841
5.96568373368887
11.4328669102024
5.06498625285400
9.62500265704114
5.12245553063177
6.35304130158934
7.18010192135182
5.71880874085758
14.8776728989315
3.64549608558286
6.86483290182653
9.43791961879841
13.1596170833349
2.66997900197736
5.45250037385601
7.91137430186595
7.89222645128736
9.92121774805896
2.73144493812341
8.03174017134520
6.12672175588218
13.7918608785218
10.8706424566352
0.957962895941174
8.92411051699832
8.51681714389243
14.3003303227583
8.01062209984343
9.45957107589980
5.35256451829401
9.80875948043381
10.8785025008041
13.2385248910746
9.47910322551664
5.74408428532347
14.4270513564711
4.50578232228811
3.69177330555385
8.27868653045880
10.4164611641430
3.94838420749551
8.30657645242611
8.40586179151484
1.60912631263056
7.19412052790332
10.0067790192449
3.36105724830744
9.40251058228599
7.44116779275941
11.4158463748320
2.94677821340205
8.81314387378307
4.39679319764985
5.47136103908342
0.992978972587034
7.07615550846644
5.02545188415927
8.81071911916956
3.87820160737490
8.63856381873747
6.99267342338393
13.2815948700787
6.88575398485889
5.60900664734853
8.92500372941099
1.95808108616574
5.65542868512193
2.68693068204225
7.48918486218627
7.38456256862923
10.2109211832234
3.09920759065926
6.74474483653755
8.27709381425631
6.14738482445991
9.44165097745093
10.4027805653537
9.62961978363112
3.28450808645678
4.55340374440923
8.41007648110884
10.5046924695585
12.1431069366493
7.33539257494539
7.62120931742463
6.37425379083701
8.44208973773674
3.89459694782399
8.02291494423317
5.03195571323914
3.20800589930879
8.52410126939492
6.64381752458630
14.8909053656922
9.36255562576800
10.4351111110520
8.80687220540868
9.20953048681636
7.78537199463841
7.98129558968969
9.24007418909610
7.06624496731468
8.76937163231208
8.39156789654949
5.96163465137114
3.40864780464336
9.02071277338992
6.46927494314471
4.67346771669603
7.00202796124094
6.89835306576867
5.74268767439080
4.79876094892213
11.3946324793738
7.07532518652033
5.54091283183556
6.17494407054833
11.6593125253979
9.82508049534455
7.10617043835145
7.84486940681615
10.9816227484830
10.3472781590136
6.40543600857897
8.96619942562065
12.2636011425070
8.79716014725206
8.50952555248529
7.70345268856115
4.49284272704932
7.02069338724459
12.1508213063974
5.25413080367248
3.82126382876085
6.64266232018458
7.92237181278435
11.7680876386098
2.73798803446984
5.53860739102132
5.38968417241678
5.11180862181870
8.99502242970522
5.91898538468377
6.28454660974044
5.56282272973793
6.23705372448402
5.45666823274432
6.27306023404845
3.73434855764697
10.2169952476254
6.71108802728738
7.37157296826695
8.54656643395463
9.64259829454696
5.46649274717345
6.16618435002555
8.13177886517458
13.1269351522318
7.80866089240018
7.41684179014222
3.93048341047256
6.49029309923674
5.27672805944375
7.75224491935078
3.93809294077730
10.1418837668206
7.72055120210986
10.3375114441339
4.60994708321039
9.41728679716191
9.65246223976038
6.98632621998436
4.99693046779721
6.37403573727038
15.7366975961572
8.26592936335655
5.08183344276453
8.96752460214077
11.2876567493391
9.09861283768026
11.6645378272137
6.37283743006205
1.65808543929437
11.9756175970553
4.22329130773619
6.16314535386762
9.11363298385446
4.12566650616600
4.61841238640510
3.53094757883772
7.20924088999667
8.32801991160564
14.3616500060717
8.67328253692338
7.39390205987339
11.7203487541967
4.07570811345710
5.24351002764370
11.7479038028493
4.15019722697609
8.47965940884420
5.12151300789133
7.03581163690445
1.29111515369467
7.04946993919401
8.88986762974568
8.36708084053811
8.00470793286051
13.1794304236905
9.71944654905823
10.0205298954796
12.6076405207319
5.68250157497558
5.48833961594944
5.94642912454189
5.68367640264644
12.8801313506501
9.25001985122243
3.86916000186087
10.5396401568365
5.95522909024498
5.33554320477306
3.59899751098830
8.79796808600713
2.71214509405673
7.83954741040578
7.71638014022119
10.9633191475027
8.78431548213063
15.4356225064986
6.10864243923313
8.10277894849045
10.5086868217824
4.87503809318451
9.88391456974917
10.1623387550111
8.75513629511842
6.74874264297943
5.73916536380413
10.6068618342090
2.61626173539652
6.12979360150079
6.33735069243878
7.43512705876638
5.02849054989666
6.92464302762243
3.28076937013256
4.17964004950187
10.4945592137069
8.02093954132557
4.99244603800582
4.48521716157646
9.71363588776108
5.30848392098912
12.1577401655941
2.85836453919020
5.82941538492498
5.55355546384476
10.9823028221589
6.36454990755827
6.29213637906872
8.79191878147200
9.35182233722391
4.84390108449790
4.14948517434392
7.11124582474829
4.19615574573919
4.26100663810795
5.18393417405160
8.41685612209214
1.20382706814558
8.30651070125116
6.83164952409007
8.82237200828100
2.40695250158785
10.9383049477513
8.22289044626912
7.68561300092582
6.68695717049241
6.56311346313623
4.83227080056572
8.97998385633293
6.52312281215830
5.92092972851392
5.61688627369293
10.9980973013517
7.46059006996766
6.55061920508282
8.52613489844020
10.3529313781943
4.21580776838793
6.00982271369131
7.53575920973753
7.01769005015183
8.18618165080644
10.6113634770573
6.44019494580715
8.06552483334470
8.74187342106942
10.0246305532922
5.45227980500818
9.61758049420435
8.79550820556152
9.22604438781546
9.90467194863111
9.94504994883887
10.4371386854061
3.99022445965136
1.21856432329196
5.68624149416818
13.5337851863401
10.8714346619938
5.67153000484005
7.55836076805017
5.79739288042479
5.89028786902644
9.79586506389303
7.24618109533566
7.71364748808889
13.9295776085222
6.79671525904241
10.0166223060271
6.57233437779911
9.53007376873862
7.51853648407721
3.83058870312385
3.70156176363438
4.67261006504930
8.56328933296079
10.1718173105891
7.93284045877641
14.5180353219711
5.57543581300153
5.51569853491831
7.09880469163647
5.72722289713575
6.05954681279688
5.90085651939615
6.62827201615172
7.65741530335687
11.3815636274459
5.95718961441551
9.21641525936196
8.39532038179008
2.48268876092031
7.24442423054448
12.8906702871340
6.14161395807324
7.05739325884565
8.51393811758108
8.00950608150091
2.75601985660481
2.08224099229652
3.97203717253502
11.1510025674824
4.31714262017136
5.68212584531529
4.90773605163317
9.57757159493470
8.13353256955426
6.09094666205508
6.92730961067000
6.84117695108678
4.03885307110818
11.9731635959299
8.99496843720977
7.54304189899539
11.2992475183085
12.4640796567938
7.70020733228950
7.94423119253210
7.97034132499983
11.1839294286981
5.05022049122610
6.16786576219846
13.8020558698478
8.21077635549769
4.72081661086045
4.24652242497835
6.98278251916813
10.4151077896486
3.59025889123612
4.75675035071213
3.38443724568797
5.40609470455745
8.78668311271557
5.52579713212710
8.87063458440263
6.73591780399857
6.92073366197544
9.91563348808335
12.8261401637437
11.1965083012518
14.3473241064980
9.61079625681452
5.38452989777195
5.52288678537773
11.4059206481941
15.5380106221002
5.21296232673899
6.36505644044104
9.70562105895341
10.2791524850058
10.9916828666042
2.75684764553502
8.46490529362261
8.33832382556591
8.10611793153789
3.02864136551359
6.31295530695411
5.96723010868527
8.04621681863595
9.78877664891788
8.33967921985013
7.50784652613517
4.89810881565528
9.88640801112315
9.12781100702682
7.04718250750610
7.62272417601477
5.83347343077861
13.1985545435854
4.95723989338785
4.95732728493893
1.12458450104917
7.89243150682982
8.64391331876945
8.64092076573099
11.3855535721413
6.42877402996871
6.14386577572296
7.23368299346882
6.95685002710279
10.3833724531532
8.71813882661317
7.40249875633789
4.71295989533117
5.88714936933827
4.80562751885745
8.46547958712322
3.97702871626545
8.45791524313172
7.30796668946979
6.06398289038648
5.23111472728328
3.74107800105799
9.25020403239301
4.02418197532120
5.58229835193355
7.42713348607658
8.38957836016382
5.78733132469958
8.37180574010769
13.6948195877127
3.62082003281025
10.7644718324914
6.42512848509662
4.64893491457990
3.68287541361268
10.7467218210950
8.10169380315006
5.98981955207334
5.37997673560026
7.19375656827502
5.16512531987366
4.85338142123612
8.28351640259739
9.97785994411627
5.36567946303169
4.51351004386830
10.5505383652020
5.79520650983517
7.73625909060057
6.36338425144985
14.2906354750235
6.86916076533371
5.43083735375126
3.66610549336078
4.46677574543429
12.4452136699215
5.58284390178348
8.39923790411964
1.24137229584843
4.49926939291259
4.46618988392791
11.7355302781766
7.01525442178685
5.45781395981944
3.06253373042649
12.0685502878722
6.34976935092921
9.99255373215476
4.91085941663982
8.67670699206214
7.40836938485116
5.68554101999098
3.53511804210270
4.68350804979515
8.71953837178322
7.53317936265957
9.43848772751758
7.66164440443433
6.30598116552848
6.54904909179951
7.71323165346406
8.26069177423877
6.70460427915026
7.44089938207069
5.49219628381944
6.59992256318209
7.56385871232402
11.0794200958353
1.66582537707288
6.08398437045987
7.80995706710351
14.0219211980476
6.49579704905410
2.56276296650705
7.05492056156553
7.24542510247674
8.32215001340399
11.9566767732510
8.43870826498938
10.5160550635683
6.62814973955779
5.94666078673570
2.96483416062349
9.29704148695164
4.14310513595781
3.48802201971261
6.85388390858789
12.9179091229966
9.15840684562550
12.9305581546196
5.90640015475585
7.72155230805956
9.74958277158566
6.50467665760566
10.6892354504707
3.60145784509551
6.00372051148286
12.4734333769817
14.5281774851631
9.06142303228362
2.95263317396523
2.37883528853933
3.91247506573524
7.21375825904916
4.72403014808330
10.1230441039245
9.44989604651818
9.66205926303498
5.17478260988807
8.90969903475982
11.0160247789482
8.77636921386629
10.5190843590305
7.06660862934973
5.23163604320866
5.03541150949950
6.20198081429635
6.63817103129778
5.93470829106200
10.2959142996822
7.36571191608795
10.9759310735308
10.5936629411597
11.2755018979201
5.72762212175349
3.58606975531710
5.74453239231880
9.84314374272772
6.13020856579122
5.82036008882612
7.05231651728706
4.34426088585849
11.1023042621791
8.51815602226209
6.17453448159454
4.27752108820050
6.25931060667299
8.89382105410829
9.49153321123621
5.85134212467533
3.64870821639659
13.5761821474227
4.21459390731776
5.61093349987326
8.30847332580421
10.4600369932424
12.3235586712159
9.09252585239657
4.67557460532928
4.43024029827954
5.47775999405779
9.45232781488243
8.87402050509779
4.61731885752977
5.46236970294029
5.65559663257556
8.91043773840545
5.30831521012081
12.4555800575846
2.87531851800805
8.07261249162872
2.46687034519449
9.35383357025343
7.59808618353990
5.01829432103180
3.70978918593766
9.28752824134064
8.17037269406971
7.18802441623566
6.37860715372878
6.96619756492737
7.97746113322403
10.3370225389132
9.90353015487407
10.0733910472774
9.77803236509779
12.1674176594255
5.14335665786459
3.69838880189739
8.67750235230305
8.86721144061086
11.4492342949212
8.74970507845835
3.09049188803336
7.55907567297087
4.90045420037776
4.54604268457743
5.38256010638989
8.36071105648318
5.13498364554358
6.28779147246758
8.15769290476174
9.23598719035491
8.69823857737875
13.6722224210258
7.33238365403775
4.65786759043234
5.97346939370949
4.28046027666418
6.25606090923035
4.49640815878630
14.3691639721871
10.1241477870288
12.8902910089765
8.51914796033031
8.73337045709731
8.65361654916602
9.72273601732043
4.90156485726752
10.2005494773566
10.5017395463704
6.70219568329850
7.10738262583351
8.73518246988006
7.51348082515687
7.64582411189271
8.68276610919728
11.1982962717549
4.48332415290262
11.1444712237100
7.26822282560022
3.56877002055330
13.5714850960203
6.26427397010220
10.7921846419944
5.28980894740066
5.21029274609402
4.18908633594487
4.22175550191209
5.58018315828432
6.55796066067036
11.3351298433774
10.6874136062754
7.60729088354718
5.07596084716342
3.87774390742865
8.64667994550509
5.76515848612161
9.87082123320040
7.93477939053128
11.8216667013311
4.64230676065251
4.96876030212769
4.13719933210862
11.6784536833082
4.14228838060558
5.18162763235646
5.71919528692630
6.38718050730524
14.4029929035600
8.76896839435683
4.07955495072208
6.77496563761765
9.59371052513051
9.84807716830550
11.6109707980212
5.30604501488632
6.41745570008083
8.21075099671157
7.42604346613323
6.87608979963176
6.50245777918627
12.0212834424449
8.54513518388679
9.36152730594746
10.2796472226872
7.16970966497249
2.56924013048605
11.7849914747530
6.46081934587247
7.53523105846689
9.01222020425600
1.77237500264476
6.78906816065357
11.7925078600525
10.6572344132097
6.36792127388593
7.50634679054998
9.24319799623485
9.47670762132081
5.41909791206064
3.95476955465170
6.10904915959922
10.1579719777129
10.5172150015867
5.70093637645606
5.37971153594689
10.0327664083891
4.64111350216734
7.34078187000295
6.29573228531836
7.98809202501448
7.30065710656239
5.93577239877002
3.95856208152657
5.62561841330356
10.6552149058571
10.2175724119039
6.39565130557475
10.0544713943598
14.0312101349100
5.27295582723922
6.38636129811805
7.75062038201459
6.88185509437681
7.09830996319152
9.80450693294161
7.34463493089343
7.85106115120753
8.82956112613192
5.18901378935342
9.51562266380924
10.4777983491550
9.69994916842352
10.8597044042460
14.0556575687515
11.9030231380267
5.81896416297609
5.99414508082678
7.72596236141492
10.0282825827756
7.57637638244359
4.60125078647100
6.59528646004099
8.14045216898914
6.46494026850983
10.0410767170458
6.40673061163023
7.92969430621383
7.83775422936953
5.59461289278355
8.04140883008071
5.53744545887361
4.27946097223704
4.67831040654636
7.39886096300802
11.8412980136850
6.85746051319291
7.85102074774994
4.85554127467783
4.99536524990916
8.39758227289260
7.68632570608350
9.46942304668030
5.87112005624992
4.09527114242757
7.15329173530620
3.78961919063117
5.92127804516263
3.76347104280078
11.1974631858296
6.58742292042191
8.59443569019514
11.4551202902484
7.60507597395318
10.9959740778159
7.71588054145475
8.52833658693183
10.2913167024439
3.38552164354328
3.69206038370176
7.85066682661416
11.6020488723070
9.39533386553139
14.8712222839954
9.17666587873967
2.70456757541756
2.79926215099622
2.80442000065967
8.98193901393235
6.71291323707524
4.74973956022854
3.94655330383361
6.66180317873472
4.70098789298590
7.06668639038128
9.13316255247874
1.58945445043260
7.67714948988230
9.51858620763084
13.9248506469549
11.2694054722598
11.3930624171203
6.05656329447650
5.03202124738161
10.9423231699854
4.34390024977554
9.49574022285788
8.32853313675344
11.3929012358573
7.53543704482600
13.3914249062600
8.94401161615973
4.24235971865894
6.99471576416083
7.38345784099327
6.69394615006724
10.0590956815213
10.4387709468165
2.72986468025432
11.1698658806854
7.42934263040816
10.5910340252546
8.63196926206297
3.84220306985459
10.2940101636874
10.7183790149864
14.2058351915683
4.72372445086502
6.29359515082596
7.21252103813091
13.1383386959691
6.90177287114695
9.28022638338635
4.05330067947704
9.18293404814061
10.4981329530541
3.79465522275740
5.62305684214556
7.10684701552665
9.78310714356640
10.4553696013101
9.98894411297310
8.01208816414298
5.88605175329779
14.9896299085735
4.55802489352570
4.31314277064880
7.07526587132950
10.3324052572477
10.3861863154865
7.10680097585405
12.5723337881238
9.73951804381508
3.78759371237201
10.5212588096672
5.86140638239663
6.27406620063894
10.2679850260117
13.5309155761537
9.03002355312542
5.53833058265792
8.80838799526056
1.76549766513581
4.29200033578750
4.88771258668101
11.2555499395854
6.60756551991730
10.0565616781473
7.16882680011172
6.34867285914938
6.94304903478257
4.38896568782441
9.05330589395962
9.02388528462103
8.61487101354977
6.78979084655779
6.90516413201019
6.83252247197183
7.43884966443064
7.86780172157382
9.90457691272071
4.50929915584451
5.04275443483023
6.49198096478280
3.93764239488555
4.38418474583360
4.78971484119879
13.1425312976610
6.28855836181871
5.23252130992087
6.15371692881627
3.78699231712978
5.75217684251797
8.03467949865457
4.51793463764141
9.26384872046710
7.49807242824448
6.86504782112988
7.62218555664974
3.80713678771856
5.84185723617070
8.10804167455989
5.24173898282812
3.98345431252826
5.33711850365907
8.79095106800169
8.48122010797975
8.91134699318235
6.30472649763652
7.25010519234032
5.10898112543001
8.94344556868324
3.04620122447615
6.61686008049891
9.78473690187427
7.43553275312639
7.93441347112211
3.88582032652051
5.99702893797420
10.4914424122711
3.70047234552564
7.31457116443609
5.48024389082274
7.08940659070109
3.90696302399958
3.26769267373785
11.1256003720762
11.5056449158489
11.3077642969068
11.8920979503198
6.17937741391592
5.84887653998612
8.10798290159149
3.59837484635773
4.10278847736512
8.35947386010029
8.64956559605863
12.0255776198069
9.82228095703336
6.98364467352829
3.94943105118952
4.53874774249462
6.67841745850767
4.58463216120988
13.4352455150622
14.2626697185345
10.9113860201168
6.98269049679993
9.54206930492543
7.41951816909966
5.93836862138079
8.26869974482083
7.06947876633065
7.55961820805786
6.08336231566064
7.26036346103968
10.8605691728795
6.51240356158154
9.28151736657859
2.05682497539290
7.24903795076285
2.16108790971214
5.71592019275986
9.76815117023687
6.95629357719066
7.05694797475509
6.28572189178777
11.4149987301795
7.21146620920469
4.06060127450357
4.21658100716682
4.96875120930802
6.47466778070504
14.2379171334855
13.5260067326798
3.38495067910893
6.06089230146848
9.16842922481272
8.03422050486093
11.7313004060529
8.06979027923898
3.42314935776983
9.05721285266058
3.87841401606379
9.55280190103406
13.6617543066804
9.16567679170502
4.92594386590022
0.990329748164719
14.3655649904346
3.28028035394843
11.2208720503355
6.28391382229260
4.90340826364683
8.25491897673139
3.67133639168355
12.2747778309833
9.03005767308360
1.60175829727834
5.62789212962864
6.52069858676200
6.51566349172331
5.34654628095558
7.25904937914738
6.33146538931550
10.2110385221093
5.36237426522991
7.73327222140796
5.68059742975156
5.95157665827300
15.2880674564482
5.39579293565830
9.49619094216202
4.59931853360908
6.84487915598223
8.21237014448326
11.8983392916827
10.1424080128451
7.52510274282019
11.4955070988626
6.31408253113625
9.12145463434972
2.65318066855614
9.71803918390948
10.4044698380460
7.38052610577058
5.62819959578549
3.58321800858614
6.99628456110814
11.6070874249350
1.55820097227540
5.36447080241845
12.1146627374352
10.2334670395891
11.6199326672103
8.03287071623215
6.72591250118525
9.12212840076262
9.99331783756026
10.3844116549759
9.03092159915033
12.9407602656861
6.58328875372332
5.83530226209406
12.1935551460597
6.39265649163163
5.71528560004659
9.66667081059451
6.61743807451192
12.6039291170492
6.23843649409850
9.29161848441918
1.49159987597210
6.02095429230284
5.14102427251613
6.21958002003351
8.23616229927507
11.7729963401251
8.38220383229256
11.9981658990031
3.55369681098430
5.23166944961167
10.7013580903033
8.55394647048952
7.27218355997702
5.95270841382307
12.4892029460050
5.17997205687444
4.33376187768779
7.70056175883292
10.0502580398268
10.4267002880298
5.21775989977500
8.66962970400028
8.75756512236135
5.96624944667921
8.95669200430605
4.79895701039299
4.83211115038758
8.80631374483671
8.59191999827024
6.46746969363600
8.75978325074313
5.68663628417538
9.43721247191669
5.87193484365247
8.96617478582701
4.24386770510109
8.28510000809284
3.36968543908775
9.35565371366427
7.40984438849798
14.3877381883881
5.28644876359843
7.46341021072807
10.7613247966967
6.52816808910432
3.03875070547092
11.0043532683252
5.19829038992715
14.5259522674866
8.49528503936154
4.85868952759898
7.88080004351360
5.03200892766934
8.80560315481001
9.34960612753286
4.90932717952267
10.0792171303474
6.21514247946095
6.84405742670238
5.88237146468157
7.42928365588500
7.21170272821197
6.24039497948647
10.0207603906490
11.2956199840292
7.39520764303478
15.4738333965601
9.74827804170562
7.60301568458200
2.26880597742513
6.99052385564916
7.78165143012715
5.75790610031112
11.9678578528532
8.86266601760441
11.4214068620989
6.52091051752744
4.98266761409799
7.62812949155951
6.90944867789030
8.52411110028489
11.6815615154824
6.04111001555178
9.57236649005876
6.76191061279281
2.69301588552611
1.75659295797291
10.1915579585508
6.49320636376206
6.88856466979878
5.75430552755065
7.29904557116888
8.26314039636263
5.38104681079806
8.11196224427234
2.35588329507215
7.89120044479926
4.90876241776886
9.40919869542566
5.53363692512221
8.13241968774362
8.14697498844817
5.09765385863929
6.16498749098488
8.83781818041081
5.98206341402178
4.02174852520642
6.43738716471210
8.26666164119471
1.93367251438810
11.6395020463430
8.58596583415634
10.9032941156148
10.5058392820374
12.2481174367737
9.24622965906645
2.97040862624993
1.13431873201495
4.06980927715292
7.00271806115311
7.84525607564852
7.50327058621772
12.3206162284603
6.46864099158586
1.52137342555994
5.15568058189217
4.77651877035985
3.95410821404776
4.54506042534090
7.58713620934546
11.4404636389791
12.2437385409849
11.5141077895771
9.98998520191402
10.6631400914552
5.07429763908267
3.19813943723534
4.65936808101699
9.78204247249520
13.7597357409218
6.18591149507492
3.64170784601346
6.53876898601717
1.53853379192659
6.63228729021896
4.06327026031988
7.50078351376708
7.30495772048682
7.52659034328294
1.74990920233022
3.13176896077664
7.21754696971208
4.94132423102644
10.2244698202939
7.72214338338780
12.6882444086108
6.95502274044449
5.49634934524726
7.63354113960225
9.13319449692165
7.90712841302075
11.2415223162755
6.90061586961628
12.1588409435275
5.30582040216214
7.66601196347227
9.17227060002048
7.82382951089912
6.92603458986453
5.28675591058448
4.39470183495991
6.07874882932335
2.59509912912783
2.21357058428233
6.48555398867360
7.33150627224720
10.6874889452013
10.2430068876283
4.19647078756662
9.73514471759408
9.68041026399708
6.44885616164603
12.1563729039381
6.18900628600424
8.22029788614135
8.74698279374808
9.93187572284556
6.38316083229148
9.42770377451477
4.45642693068113
2.79838323679942
5.18968280051874
5.27540281874285
9.94922069008423
2.48399835144873
8.37295278606060
10.9749961036030
6.50885611640786
8.62623550571164
7.85265652737340
6.14886077415971
2.79030220764704
12.5547834027513
7.37458686097059
12.2289581034690
6.14991507668195
5.20308307352477
10.9564223345214
7.72568262679745
6.28026371714596
13.0075833501077
7.74173975388607
10.4173191858558
8.30767728309183
7.50716433884992
4.61813101752213
8.45226773238993
4.92198845030136
7.04319343053988
5.09888828612669
7.22135495408583
4.35084163237413
4.24964720182746
6.36400685339040
8.73858948701105
6.33027999459740
6.74387353658927
1.72026146268525
12.9332886679868
10.6491444925684
8.17243648088500
9.19714886214744
7.00853472989183
5.80629012693132
4.67933704171862
9.45484252875742
4.22396097591869
8.22299830952190
6.29205805043151
11.0807331603283
3.53475298753675
8.31140182279740
7.48251407299044
5.53229474088285
4.13891655655197
4.56423307057166
5.79034464900459
3.17662886130879
7.36080824944761
13.9772998036101
10.9325620543585
4.46780988069098
7.91895623046371
8.90959950783424
3.47651779854497
3.96903576955411
11.5359968229885
10.5152727861002
7.05592229643751
13.0595001683822
4.54783931334430
10.3515729213294
6.94055506353778
12.4062427492146
5.63425618187530
5.53464297822362
3.38043415134802
3.75987163276886
5.22962827933305
6.44637823432662
7.45760690168099
8.73640663602605
1.80769352767553
6.97461290941655
8.70041919926276
1.01186647261385
8.16725995790509
4.11003377601693
2.71966643550271
8.13108443213450
5.71707413991633
6.06240277834622
8.42579906077163
11.5528544507407
4.68839968591629
7.15174851417469
3.53909444067264
7.61804170560913
8.86370513729445
8.72348217514084
5.77361911282689
5.91352829874010
10.5251724192494
8.48212988936151
4.02889553724095
10.4571965186134
9.84942857926794
8.36930580354787
7.88946786355074
5.60625224223813
7.78213147537357
8.99330463178024
6.24139626365768
7.07557629455015
7.81728016837698
6.52496390893467
7.17247681627483
9.05408190046898
7.36597087219330
6.94718317957602
6.19504015886903
4.44451277532194
9.39631678915435
6.27508569592970
12.3101439264535
5.87739592248982
3.66727343403788
2.32628208306732
12.5120896564243
12.9591967312214
3.25571424421739
5.48835136448096
11.4958274056285
8.28009637171573
7.38906948268860
12.7449209622343
10.8396249132523
5.63750490204665
6.13267762237670
4.90037478887476
11.7519226686530
3.62324547923322
6.56810989935461
1.95950471548298
8.29259401881582
9.63993176092203
2.45095464054315
10.3119721270958
6.18143731263207
2.79662163511620
6.53142529085345
11.2169876188039
13.8487635687089
9.05733994103793
10.0629804026889
8.28517460953484
6.39006685508845
6.04014937729192
0.777180101392205
5.60791209631534
1.77332890136038
5.81551548251744
5.58435548116343
5.85455924387993
2.60358821820963
4.91957037351840
5.68153387070780
12.8622073898690
7.89117591827074
3.83357339307597
1.89276359326779
3.83585677742274
5.47168284918818
6.05714454220799
10.5501748976024
10.2668128920663
6.41266305998530
2.65530386888205
8.62063871450115
10.5586344486397
2.42278633729652
8.07721197077927
7.96636745072683
6.92711030181619
13.0882606077653
6.88285631947232
6.56820448676805
6.50481955629824
4.15152897858127
4.26032244109527
8.48009196862864
4.78630103380471
13.2787212290943
4.32394006601618
8.14236873692784
5.02078105692730
11.2197142446900
4.78367660219626
11.9521056178399
7.85316453062076
12.6739821611047
9.43027082029461
2.97469405346163
8.80047874180149
11.8206760768786
5.60003936504021
9.89519946893442
5.24308317127432
8.84351925592974
9.03073375761350
7.27524487560385
11.3639374528913
1.96447608527057
3.29622862286583
3.38382599258590
5.50468424167672
6.43703721365661
14.4172614675638
7.62800262442463
3.04435168285466
10.8537250165021
9.09951015165103
5.58684400810950
5.63648901533570
6.26713581391053
7.14581389276267
6.71698997054961
4.87892267104122
13.0289629870258
5.97197295459382
6.98055569338860
3.42235304112536
8.15335025495655
11.4133572729675
5.39910256338959
7.15198861834945
7.44727720982642
8.64681193750043
7.86009627504015
10.8712903640736
11.8775521808999
7.15496563081193
14.1499796477736
5.05405062400447
12.1222271670679
4.71311926541224
8.52908340796360
12.1191236886171
5.69125073538049
6.95345616487945
10.6105164751769
6.06221875553828
7.74631835829770
7.28393545300890
6.74195329707941
5.85828990491253
4.09862025179206
10.3204973358845
8.81987104908569
5.21580900533177
8.68573108321919
3.58274981683064
10.6552577190793
7.51900062833486
3.83823033001213
6.93697599102087
8.00753090112676
8.17731240322883
8.32972467552200
12.8455068409152
2.88200556675451
4.20901462815229
7.50736354920954
5.07124341754564
8.68936754948253
5.50721730141457
8.91906986686392
12.3198430890211
9.45231596699983
4.97934893736119
12.4626263094903
8.90584387579302
8.10781919013985
11.4411731854736
10.9907507819075
7.04896704507121
6.35017778462934
5.90511332082582
8.48391503751670
8.27556388713179
3.53226213783745
9.47307653072116
7.53536095552164
14.2638309543544
11.4134520749903
3.74506224185363
4.28336328705610
5.30574898351778
9.15001339048746
9.83365611103012
9.36154839362058
11.4243601301955
8.00272903274876
7.76707424002758
11.2711885103080
10.7493736812895
7.37576364646401
10.4030817410515
4.62229591869668
3.93639697693208
7.83190489919279
8.79136932849485
6.47355023600652
15.0612054819526
7.17952309418947
10.3256296695214
1.03687593761260
9.49757706976363
13.1784193308189
9.69979044240648
11.4542391402733
4.41062743949202
6.00465805284531
9.68391461922811
4.71449135917768
9.25307356951732
7.98888086307463
7.46384708285051
8.98050855771543
4.96634130321306
8.40242242996626
5.26161983044195
1.70480635853460
7.80713546699428
6.66079280212949
9.29067532006689
4.91705183519556
8.36150211780754
8.56794600715948
8.94663751696692
4.95396820762911
9.40967902003039
7.52206841633336
7.99197948813409
7.95643744146838
6.94341273070383
6.44805734286692
4.79764912023472
5.01249211654243
8.15164420040521
7.22740170930052
12.3886014284341
8.05282624300313
12.0313511493930
4.91459908623278
6.36661642285453
12.2792083186539
5.96864971950105
8.96550708807930
8.46928837801619
4.39107903970083
9.58048152382749
4.67002755559322
4.80883132891974
5.52447361926908
10.0731625187128
8.80145615037080
6.54531249539699
4.95831107031416
3.97643325732998
8.08870564122592
5.48431992958106
7.41078786904604
7.55697305985670
9.58412039886812
4.43153914007311
9.83153171407838
4.60064486240788
7.17270837180071
5.54513532166709
11.0671753519134
6.07334165641947
6.85415484537664
9.24213203433061
9.55520856182637
8.56660882321587
1.66451171819245
10.6879719980801
7.48244415565529
10.5472291474159
6.03656132482724
13.9900498047720
9.45094436160541
4.25555008312674
11.7025318021358
10.0010222547610
9.12806452242752
4.03890259279671
12.1020745924986
6.17586797421221
11.4004535225578
9.62850393259514
3.58552472680485
6.01072089257187
5.00754858488662
11.0725477081171
8.98172050099026
6.66565871088522
3.70534228783253
7.74107152223773
5.33660839578847
14.0141592836138
4.18375270899225
9.01308878520566
13.1924875493934
7.75474960762112
10.6433894042265
7.74581234580338
11.6305386414388
5.71684217050812
6.54638615497131
6.61639055417680
4.78367739819482
3.24740960767194
10.7582916143828
9.39295389887547
5.79380260782157
5.91023246497124
3.61341472632439
6.46522177036488
10.5619722182933
6.85854883339034
8.14806185727624
9.96950468478751
9.37255540127664
8.68084605139960
8.80077628974377
9.67014626311309
4.04622733932783
11.8476074998288
7.08833950536372
5.09137816018413
7.13335203533374
4.27265017758299
8.59012683317307
9.51204089335722
9.78016002481043
8.99667590502181
11.1987201214291
11.8644947073190
8.49766790389575
8.15143774434915
10.0878125364422
6.46096269978494
6.91541189391492
6.60736478862791
7.79850829451479
7.06265381225074
5.84033470444973
8.12011524610335
6.42671885331854
5.69254480526943
3.54316447155646
8.86299183303810
3.59786071471645
7.04384655255074
11.9203060695074
7.92434049942959
3.79024424938552
9.37304394538343
5.16953350337339
7.93523801939173
6.20391216427989
6.06047485799586
4.08085239043266
5.31408914137691
7.72009205968426
8.46468551217350
5.86243080470892
7.87610606058603
7.53083543439903
10.3753460112893
5.70802024786177
8.87017598810756
5.61945999985764
7.09499212652988
14.7806331144407
9.75484556907489
13.0191588973674
8.79868888126004
4.10686068061726
4.06877145603879
7.57791436280458
6.50292120143709
4.07106437258907
8.77527481620946
9.85486843088227
10.1795638508715
7.33756130826176
6.35622504110734
4.57387067044970
11.1048559620015
6.35277165180679
3.20891573519779
10.3140861619874
6.53427308048877
9.19435529061717
13.7057523055358
5.11204778733532
9.90987746897004
2.83093260605051
2.81784503315920
5.46615936734020
7.98468461305768
5.98560631932973
5.38016887103927
7.97553999404235
4.26079056712484
5.39340746820598
5.10642600357628
3.67565475255770
9.24969793128403
8.88991680300215
9.33436307748954
4.63818661983322
8.66489806400514
10.6986439650079
5.19761984375502
5.12973643430888
5.91194825247989
6.25838722835204
9.35485984175605
12.0907343093792
4.56215271226205
13.2735544833515
16.0955803633917
11.4974770811291
11.7076536186420
2.61187593311781
7.60609764662537
14.0838270103726
0.860482521612151
3.02570139471825
11.1086998883758
9.44685925691709
10.2917445874108
2.97366760262475
7.07851444513607
10.9650848453443
6.49863681691014
10.3403684858181
6.61240815496473
10.8303046086341
9.45864340387140
1.75735540016811
4.93905069218772
4.89622067006789
3.46965827423970
9.13213078741211
5.29070298542641
11.4117396088414
4.82448493740005
2.65836838116917
6.92972720692525
12.1195842647345
7.28342822569839
9.68302297991697
10.1576125477398
9.83215790153535
5.84884601315507
8.80325107275716
11.4298909893708
11.0326584390391
4.55525641851258
14.6297161334627
4.36375833117509
4.26134840044791
8.49725534275627
8.50656669697006
10.7804120161615
9.83309519043216
4.58679703932929
5.83386952716634
4.62515548279190
11.8452816306747
6.71506206077055
5.35220952714858
8.33279464763773
4.86449874263279
10.4458031318803
11.1647162167249
7.02944678477617
8.78117858490533
6.57067711046587
10.6873246845223
11.1746859004700
4.44613139032126
6.63590369794499
2.65061292157116
8.87159751904920
9.06876988000026
8.89283070343746
11.0595210530836
12.4565830068121
4.78528174092185
14.0821077591389
6.92942894923528
9.78026785625015
8.29272816836535
8.09565956423564
2.87668930195807
2.25121324400866
9.55000393511982
7.10473417518207
10.4694083634177
10.4503985325920
3.93236774329222
11.3451916074608
9.47416087065234
6.88329113418079
10.0549113307925
8.55358739536225
8.81962613076088
5.69074503558190
8.60692798671169
12.4784696401442
10.0335686358793
8.76809325452233
6.80065411140723
9.82018114802369
6.20231878094419
7.97194095362604
3.91036586640240
7.15709443755635
11.1873724074540
9.22505183264028
3.33907257483272
3.72874263660016
12.3367012576296
7.77873538560735
7.55395257133640
3.80424092670272
4.54182992746316
6.32958229430664
12.6638136609791
10.3651286077115
7.28734488444866
5.54517722169454
6.97001989139916
3.79285649630987
3.64684680271875
7.91148025909185
4.17645178702795
5.42169584816411
2.06030661203618
8.17317079795228
7.21619017626338
7.62631523482344
5.84163362409010
7.59999408815560
12.0614294882489
8.13813515962963
6.85744747628445
7.87718947975736
5.00665220881179
4.75965155657428
5.13147605567833
3.21641312775582
7.36838233936052
3.97344917294785
7.98748098526688
7.18994643999522
8.42965782746251
11.1921489149318
10.7003241738931
5.94234169414718
6.38060591137621
8.33644702316281
8.73503127111798
5.64879167197729
5.68800273118781
6.96030100088351
11.0528979643350
12.4122152189043
4.58366553426404
8.24208764088322
4.04299824016781
9.47483280591273
11.0984999723792
4.66900788648938
9.08469845241437
4.12731974288399
8.97783626994834
5.60176146797595
6.31415471226355
8.71762312846799
11.3918525587369
10.0149689809804
4.15265838228959
5.32474665058348
6.05486948827140
6.26688045920776
6.43881210833178
8.48591568192850
4.23814438210875
6.82605822272269
12.5246866747236
5.12685056247986
5.32579549246871
10.9355422965667
4.78653971988116
6.41051912016492
3.15736225271982
2.55008207514974
6.01510821073902
1.87898727244226
9.30619417055114
9.13917788315777
7.07720432162305
11.9745917847583
5.78815557582897
9.47830896198789
7.95350510215465
6.77842835422784
14.2073991800048
9.78504043029461
10.0906323310286
8.38255944804449
6.73378956754665
7.37937895341471
4.84676031179591
11.3772075422750
9.03531890361375
7.23059998893591
2.94565728863695
4.12918630483053
4.13824875459415
5.28484833935658
6.23637513834086
7.45751813741006
6.54067415474124
2.37749373500752
13.7648464917884
10.9238310288149
3.07935185219227
6.38776517492620
11.6839727071960
9.71674462873241
6.43838450622515
6.14108425230276
6.08879979798975
6.16473545012274
5.99443020699215
12.3620258752358
4.33933992354828
6.18311107250226
6.48297874514486
10.3047391034853
7.37766583886801
4.13020567768725
8.43723308022245
4.98199202829551
14.8789958315775
5.91752592395175
11.4695082235465
9.63849403220752
5.79383049331787
10.6494059537798
10.0960013716768
6.41949440766171
7.73028966807842
6.06235427263204
8.43069006867172
2.43812491238657
4.58695972819688
8.19668558519235
4.30767107031166
5.31889851473028
10.9325425281588
7.19950766788952
3.91912292611498
4.68829134973500
6.93473749539231
10.0592318817144
4.41710268457730
9.70465438409291
6.96212247019543
11.8476313143176
10.9040659861173
3.91710337521235
5.92798638071985
11.0396492988364
4.76712937206449
7.21564368730192
6.47604619115707
8.37650892018865
6.28476340844267
2.76036148538557
3.46112211428606
6.48824719567619
5.83172292123863
9.16354046008419
12.3412504553023
5.56677380894895
1.31338275837625
9.83743158807216
4.96928425836156
10.9045805539507
7.51395750453780
11.1054061716850
7.58130277119309
6.06165592392046
4.65023176196628
7.31680513954007
9.22038745064436
9.31528352440762
3.74694323148883
6.48124755043348
7.52300718665083
4.58157930958310
4.90282852264894
9.54346320538304
5.12343992840747
6.36570605510496
1.13892767549129
4.74167529360668
3.05538988602110
2.86321019312240
5.97077976633705
9.99090471251228
3.89335800249605
4.75358523033930
14.1801807142928
7.28719062891180
6.50641514920805
5.62067022160169
11.8067824050416
1.84633262972846
9.61089615569745
9.17478149821564
1.57791834389489
8.32105829308388
3.42292252322485
8.02436829850176
5.29459608042955
6.66903120547505
3.57391297879510
8.48360311909981
7.36007361240362
9.69716182405966
9.15321768964882
4.74862578215003
10.6256151737205
11.0963593763901
5.84941202173347
9.06732430709303
5.06313659898684
7.02755662386295
10.5677654649410
10.6337331514807
4.12825694210038
8.84091491076574
6.81301637822779
2.34328278016034
7.42115821283983
8.29225534459715
8.48602258995933
5.78169101734087
9.85292407156373
8.40251258146038
6.01048798745693
5.48495293051818
8.08249213896308
12.8124279597492
11.0376308010370
9.54671083934148
11.6653707495990
3.98761194497408
9.11939126751342
8.09623178027902
11.2518814417856
4.01681175685394
1.02585285981958
8.39808572594969
4.14593835815247
7.78444194146247
7.43326740404245
5.85406998933221
8.59056985049589
8.28523613688832
4.95358189920183
7.76785938791377
7.69233242261409
3.11773894032197
4.40249387920074
3.74692407211248
5.55973607270166
6.72050986420674
5.75730949142045
9.26077600660441
10.6543877620631
7.25824462063351
4.65408460279785
6.01559878067013
5.98911202934125
8.20061270210952
7.59914277468189
11.0882385084422
10.8282594533424
10.4119107175821
9.06494268578131
9.42731574823396
7.94034032582987
3.74285612472614
9.32129963363479
4.84053858454821
5.01748015039422
7.59692573677010
7.25833043612648
8.36505400699840
4.72974067576648
8.17869089586469
8.01453928058251
8.19477547526471
12.4705441348804
7.74853515317573
7.14166626468221
6.95923756240581
9.09548751634567
10.5942925159021
9.97266063560271
3.27454190219361
6.38779617756390
8.19586959352698
2.62469229815611
3.06436943921584
5.90441258551602
8.59844941414439
8.31335240251488
4.72871505507458
9.24232439919743
6.76868747912031
6.88822141714390
3.16572291958725
9.11641342414878
10.4839185908705
8.70555249826224
7.69177734251974
3.14010150447402
10.6493719514345
1.42715732489449
6.82945278481373
2.93846379252834
6.02477043802500
4.84680118944443
8.83600529311747
6.57443326236566
14.2964293115898
4.74578913775148
11.0684197286695
13.6006866588566
8.14258312883572
9.06570099022133
5.42173336858241
4.80912514497180
4.96039233610608
10.9539286984168
9.87591017273851
6.66546874570724
11.6562859732421
10.1392047173336
1.56229643461156
11.6101651480761
4.75028044617368
5.81225962628133
7.91356818634932
1.57390222377377
6.79301675738401
9.51269239298738
2.65008520051715
3.78158670175629
6.37185191695476
10.8504024898664
7.59855920037476
7.75966032790740
6.70735166441271
9.59056991134521
5.17338382747694
7.69331508453930
7.58873905088981
9.23156917159808
13.8763210819526
4.64355856928714
13.2301599000957
5.25524832643520
10.2273134810712
6.24304404357362
9.88387200696164
2.32091991460283
7.48285239798301
8.89493940226689
6.25405982385842
3.54752393305528
8.96945804271361
9.45075456003911
6.54886544754128
4.68936553597606
7.27335642624064
14.5617444270939
5.62641152728175
12.3341897139618
8.96463488325096
10.6841261959039
7.02576427859632
4.88301753119933
5.90365755781956
4.40921081600778
5.92906923802548
6.74228139330568
7.05738729984405
9.39967587484271
4.43930390630108
4.34720797064046
11.0336930213777
10.9904851026194
4.01563516810230
13.3251934924038
10.6776667080594
4.61188658746028
12.6165662309521
8.93537733520527
11.0150256800472
7.12163683572815
7.39019633365718
7.35058239847572
9.53113431169659
4.08031152016608
3.65331111219671
9.14982333272069
7.04889783866953
12.5539599598095
9.62026766414407
2.06475654254927
12.8522043062659
6.82738343071487
7.47982010444770
6.67766547455022
6.79872307790220
8.63624672065361
11.1117287506310
7.25208155636022
9.53298616226836
2.57687770452926
7.35490688792183
10.3316664116988
11.1701011606878
4.21767455596091
5.21846272191342
8.00802185901113
11.2891436544142
7.09012224295181
9.81674433761010
4.29080455276164
14.7898493684858
4.77163726408452
3.93908848943622
6.46469996616363
4.76872859470950
4.35328232077819
8.10834860575814
6.57196218263617
5.79212134368748
10.0626537317996
10.9084624069573
3.57120031570619
5.52324444417853
5.04907122920642
2.85777018307981
7.90509511062327
7.72526538475540
3.54363263474079
9.65868989511518
8.70437159937464
11.6196206388935
1.83421426908091
4.89306854744546
11.6232735918071
3.27318741748773
5.54798422312104
12.8707910539096
5.00602714535189
4.59136649157960
3.64989637693469
14.0872356074568
2.41561949404288
14.6361382866827
3.71314610808678
6.34812682292974
5.03888306968916
10.7465840515068
11.5315233706610
5.48751142231157
7.72416558908728
7.64292057086164
7.74775349420075
9.59636452829924
11.7223853215291
4.64905978934451
4.45228084693677
10.3322424900115
6.38785171836072
4.43113145726913
8.07554569611243
8.54491544267116
10.4015735175020
11.1252390965273
4.96480730441777
8.19118849755028
5.13193376181923
7.70746302553570
6.10189487782279
6.82126637281422
10.2387231669774
7.87654205727361
6.57618006824631
9.46208052121731
6.62979026742174
7.84504377935523
11.4595411408180
5.04279853454408
3.08994843322668
3.74036553026572
6.41865369918022
4.06129814666444
12.3774858945951
10.8114547776883
8.71475738930236
5.59763538223061
11.0880153721439
5.94064350554719
8.25140422369429
13.2258779502761
4.15941198929897
5.79997742323192
8.42509387603486
6.16256418222155
4.26644271729974
7.42143171553845
3.77950355073255
6.82794766852383
10.0332294073244
6.29999513546638
12.3845873936115
5.54538791804505
8.34286628177630
7.24292020923336
7.55027549166254
6.70863857723756
5.53515789476687
3.22145372869144
9.85609487458902
7.00264264615152
5.95520495107843
8.81298891977064
4.87919282668763
8.82245106362172
4.13777818477501
7.72278301282640
3.66167150749818
3.18446831380059
10.1924142406252
8.28796101501449
8.32527841879778
3.66233232539047
8.40362597573215
13.3346496785630
6.72002966436905
11.9773023774137
1.81972464018598
5.68174117106095
9.30861113163505
4.75131424199663
3.86692802622443
8.65102728737929
8.88960929414223
5.51324241431483
6.68835377595780
8.77602742054171
5.01600774166069
9.48604912508262
7.70035374379645
6.68649757027549
7.92921048150446
7.72954840272056
4.73748670479401
8.55412412714616
7.35759378992888
11.4118052883845
12.3999417087340
9.33866364850989
8.56034645534864
10.8232861777928
14.0634298235886
9.46792275105791
6.82309014704892
4.66657299813257
6.56047341017399
9.08721771886203
5.01924025103401
8.84115430969283
9.18433370996960
8.38969722900654
5.70943515069573
3.89032511737772
12.3890262069139
10.2253242568683
4.11068498184913
7.14931168295242
5.03999225099603
10.2169222024052
7.52386979751776
9.96699661583167
8.33879893982940
4.55772878197025
7.25464513329218
7.82315153502730
11.0748161566502
6.41183113392734
5.83763977477199
6.62772464726772
3.33627267710779
6.88197509324903
8.51174776235762
11.7180712329301
7.13178072271575
6.23229786354920
6.04325891394701
12.6201073695908
3.25739232558806
11.9288581871862
10.4149207951333
5.37607572212297
6.84026485835892
7.19867762161913
8.42523720020962
11.3380141277959
7.47854513792623
11.4260562483300
10.4746896413402
11.9209543854509
8.89611519821995
8.13991622192759
5.45626617240215
3.59240226312422
7.26322919506193
9.51089748938553
12.7030157561108
3.41937949195464
7.68333324085321
6.33938766964918
6.37541870255593
5.07445911994569
10.4683450210623
4.33687777323733
9.17109466203463
8.23559023082135
9.57795670328489
6.15222225378765
5.83107947639200
4.20140631336699
7.67264005215936
5.50576417385453
4.34600630694435
4.01692665852888
12.7018929065711
4.64657597946057
8.29281959890603
5.59383812690356
6.40872887849845
8.95889089452483
7.95483563123714
7.97890612364878
9.08435993672642
6.97285676462668
10.7290060510562
8.63792631647782
6.80305864005301
5.35185238237902
7.46498314666155
8.19860702985574
11.7295278613421
7.19975459778346
4.94151150762598
6.29173138441240
6.18111547894479
3.38345934611309
5.59926531052959
9.47915979723942
6.91338536191930
5.82309753331507
10.5199480847626
7.96624794368246
10.4745891234024
3.91306317096977
3.08803523457878
2.56682882345123
10.3967847789593
5.97949091090538
7.77246597386569
5.67863964783820
12.1279717500496
5.28037481813555
5.97465113830088
6.30219502682200
9.32488913693348
5.46695375031653
9.28730243343028
3.68009197162245
7.97874281450405
11.2494844924039
5.74925949948339
7.43763685562155
9.44194683155968
3.02584654270503
8.75942969661838
2.40192668081272
8.42126430474664
0.851737591985607
9.20188048492807
3.90391514900427
7.95242279469597
7.31469560187572
6.19953384795986
6.44758163887825
11.4607800284099
6.90768629137137
8.14109037436633
0.996290200744743
7.42151093241801
3.62742122996489
6.58031407533106
1.85168762214365
13.5511478757336
8.04511095946476
3.22280198119586
5.24335070099264
8.35621304299980
8.41265350932748
6.59034243438078
1.80617748020508
8.12423306795786
9.16591576316300
8.39171317491249
10.9629820496068
7.30286285644199
8.43606793579420
6.90335902094046
7.76374686098150
6.52265592071205
10.7631172858982
2.98118008255120
4.39547415019131
5.46149002928688
4.44709923545675
3.75099662623149
13.9301061711675
11.6720381754859
7.07141388054751
8.17030092574026
8.06978314702446
7.02765518978414
9.95614751347126
8.11944598725800
4.24063471429691
3.37578332983620
9.35313766951498
7.42613078016406
3.71102681343048
9.66180677772020
2.62610687330123
3.02242364502397
5.27592826713935
5.34798419781697
9.72638869210973
8.85375663602744
10.0926086746688
10.7620520134406
4.60768456438806
9.97691932782103
4.34887143700523
5.30139205303664
13.9033553543740
9.15638567339756
7.73909469451828
7.18191821033908
8.42580032341142
5.52760037086618
6.65279297946359
5.48041002503462
9.64044957468790
10.8089179291407
1.12361013701373
4.06341777694591
6.23211787677351
9.95663501691209
4.50716330966607
8.12608043317933
7.74988715295907
7.63474261413572
4.28720728224097
8.33524588539534
7.94626882218315
3.81321565124502
6.61246190234771
6.26839471683939
8.64971291373303
8.26943359789532
9.49452585400661
11.3496693890175
10.8454582103524
2.73688982240791
9.63428302775562
12.7328645111774
2.02435022782620
2.00647362554308
5.33224341764327
4.29818793526993
9.28527067357759
6.75799389580377
1.98944498564298
2.39963327614867
10.3985667124321
7.11565449765515
4.10393560134659
10.6259143471797
8.88022321397385
11.4183991666958
6.10321606397807
8.24907238346227
7.06436810961632
11.8738968274194
5.91417157512361
5.10386567735672
6.68489893266907
8.02669860483748
6.47503296378482
7.21688225967419
7.74098169614165
10.0382196100703
5.77061026322173
4.84284917481435
12.3288118037425
6.85883194272057
11.4116433229093
4.80340266998302
4.33588834727095
8.45684578255982
15.5158160351849
5.16584484765077
6.32555655496020
7.38203317888100
3.15775450755755
14.5614404534613
9.28929834855141
11.7379526966607
3.08745795151934
5.76686102750881
7.75776894925339
7.62145927638533
5.03650490650024
13.8087931786235
5.70020276218311
6.13796394743404
4.28323291392145
2.84125490857895
9.23190841538195
10.7860091013127
7.52838262377783
11.2566168918552
4.02210234913285
7.90084877035373
10.4687207037727
9.53505110683735
4.50900267686769
6.48952992442442
1.89173009766193
10.5365408055263
7.40894266496914
5.99449882976884
5.74303072964867
7.08352991600233
12.3428167426888
6.16161814461104
2.82680784886416
9.35913242949132
8.76164304739699
6.83108779112082
5.68441374558012
8.44335438865384
10.0039316253961
5.00095428293441
7.20563120968593
4.11788488678588
7.40600199635404
12.2001988784978
1.05592327372778
2.67510183037955
3.50274973984725
8.75214870195885
9.62085602981356
13.1195876482457
11.7622075058213
4.43450001337242
7.40948998244819
12.1200843058124
3.34460273575204
9.10079700960306
11.5109655759193
9.40140378720114
2.30198527797204
5.71001268541498
8.91143606692547
2.80630337757699
10.2534388318456
10.0699244594982
8.68604153019228
15.9490198031102
4.53435417924273
2.28732105783163
12.5608709956754
10.6948302336578
8.02435481082436
7.37372064903465
4.73462339156981
8.85457062651826
7.93846036457952
1.52997043660981
4.30223711805846
4.38013508581642
3.34910805403468
5.13995764476712
7.92814985043169
10.5817553123289
6.70373049204695
7.74932045149767
5.73135297695056
5.12871452023799
7.03359664837983
6.95913601102895
5.43946700881621
9.11001364581305
5.38565483893091
9.43978674043540
9.48278255946006
6.09648924791966
13.9977358500616
3.63096464980038
5.71953306660605
5.12205265578059
9.01837824547185
9.81724978239833
7.63078386307069
11.9627484638774
7.46743131516595
11.4032777244790
4.14564868265511
8.22408247845315
5.31002214872970
6.97126991758811
5.53315937326949
3.42359288467540
11.6704727192867
11.2212610393128
7.58195100567789
4.88312690189391
10.5419050972772
5.11420328537104
6.62058357766896
6.33940783038921
11.7607862908906
6.46195959833393
2.79167934584185
12.9914723001514
7.85199033236797
6.71649360157515
6.50705611720846
3.96158708873098
6.77302992777236
3.22648430958528
11.5827109718925
11.1975695484511
3.36667827242224
8.82729428887471
6.30611997824336
9.74352303173754
6.39871451933902
12.7639768273842
5.29393468886801
9.29256448301006
3.25953630751369
2.02353162673579
7.45433855013306
5.47270011734610
6.36171352081340
4.81297287754669
13.3702926683600
7.26482564485205
7.58666231619676
6.28739100021623
7.61983850550653
11.4713302445749
8.37123580422867
4.13585484548237
4.76429963504606
8.29316458355916
4.54379227188040
8.48185807061165
5.50140011724288
5.19695081370798
11.1967875418711
9.04616902008801
6.17811870816675
9.15310679332433
6.73544816697449
2.81336697598873
2.30331852473773
9.41462152340178
4.36947725706405
7.16476606142169
5.81702145861608
4.10801668089359
9.10901949772861
5.33753323254292
2.19337945757226
7.16205080184440
6.92991487032849
6.09518649591626
9.85147350653698
6.25942852583206
10.9134338027589
13.3546197811843
8.91401335145960
3.79334124222960
2.49510458453027
3.30087583226029
5.84558339881487
7.75665641239832
3.65816448674742
7.03326650568567
5.09520832940126
6.29317697253144
10.4942524261807
6.39158093136033
9.00476202640025
5.15968681360603
7.81765339871883
9.77875503885847
7.26689311535542
7.52341310393760
11.7926557179501
7.00137569307633
12.7510883061016
6.62350138521915
9.88041173630431
8.88531517505147
4.69312652716715
6.71238729663299
11.7188916536608
3.89106358243206
3.02801893488136
6.01945873812588
6.24248498235278
2.66808269294638
5.96782638906328
13.2200249913266
2.88674633627549
7.51378229274072
3.99908631939847
11.9469731066074
9.72547948038553
8.14959834286328
6.48492239896708
4.94288790207708
6.60362559036322
12.1951334507499
4.39227592281040
5.85872422055348
3.83409712057480
11.3253245703777
12.6630004087065
6.26447085067047
10.3725182033487
4.19726231846426
10.1789138506817
11.3145003152061
5.04421507004807
5.50118953863616
3.84710432533354
10.2847901184224
13.0290518242887
10.7934671543717
5.79744128667984
7.43938640010048
9.80924525545161
5.77228310674381
8.23412627214327
5.21228264870584
4.95759707620537
6.03343166910838
9.44108549955990
11.6855718807810
10.7621765127924
7.40106048320779
13.4852702249529
6.99351309672042
7.15677965708041
12.0701704925821
7.44031179132300
6.87413445387854
4.75438226133154
6.19494100859726
6.53845278496373
13.0711697553662
7.54447573659032
7.25990337773858
7.55984956149261
10.5101641743647
12.5040123200675
5.44990398264043
6.19804101793462
8.04975833295013
3.15947916220379
5.72954057498504
9.14567998018737
6.43757311880805
8.27955409246174
9.18762434146200
5.03711422344183
6.27073497109557
4.13152621262410
8.29072145350451
8.59892831462153
7.68746876481459
13.3238030972429
4.15092778424294
6.54879142459890
4.31982477075170
8.34971306632748
10.6933053273017
11.2188620639528
14.9078191932958
13.1264183585965
4.83414234553556
11.4589113566691
8.27237865731496
0.823339170026545
5.56396638109901
1.98151573791378
9.53207203668226
9.83004108219289
11.9575993117348
3.05401773694915
3.73713229603930
2.44076788941513
5.83426941098884
6.04789805900364
5.37340011341981
9.97198303996752
4.57908037264787
7.03627414158942
6.43600848740895
9.91176623696933
5.07083379699246
8.37336772345774
9.64425973740339
7.33457025666808
6.94251396829707
9.06797544052695
7.56693596444426
1.58576964291791
7.01739606121816
8.84220645427373
10.7989990786184
6.80615740781830
6.14296295903605
8.07161754037566
8.64102791396950
9.46914778260959
5.86292959193609
5.49521883913644
9.16587850660132
4.53237482065418
1.70764094001052
8.08353133986007
3.86383759234262
4.84580140843597
5.14997961520237
5.53265287723710
13.3161056416657
8.87517393219401
6.02221019281958
3.07136327452484
8.90760067989691
3.44360033830873
2.08022229975548
6.90077830201783
8.50505047192549
7.00431407705994
6.29094753670701
7.06912406737921
6.14413992760581
10.4268559005100
9.68086546586099
1.44324219034783
9.75951235923188
5.24615568801575
8.84922349926817
8.87373407309460
14.7986090010142
4.35474476938661
11.7906096224114
6.14586122787368
3.14356350977676
8.13811088889799
8.21337767090373
7.37450390687401
6.65419868128387
9.92346011681409
9.24864565499728
3.77965774306101
15.0994697897807
13.1733656806490
10.7931143809190
5.85779207450213
3.26068459222906
9.20764801727347
5.48115825406173
5.29979623179043
11.3257388365793
3.72617002408639
7.13164805988069
8.30745926682761
11.3631274065417
7.76191779503243
8.63805060473716
9.81126341405631
11.0836127837497
5.71244595519292
10.7613090848651
5.92287561409152
9.56783775690203
9.45991036960182
13.2128870929105
9.11202189308718
7.43537952003124
8.67162764258245
9.85006379522488
5.51931802490126
10.1977398953298
9.82797881000972
9.40150410202538
2.25243908021948
4.85553723767000
4.57733697033548
4.34848243068774
12.3877403976674
8.30944887723609
9.95131743840984
6.07334550721429
7.35222693331075
4.34050874757741
10.6371662584544
2.57682544810470
6.51335419151300
11.0080727286842
14.3416597487878
10.9771705325188
5.33629321098457
13.7314963223241
9.27000506472354
13.3359712668407
11.8754741518855
7.45817940586039
13.5060695651992
6.65119427922535
10.9063800829685
11.0118444027805
7.64143401224561
7.93744249176018
5.67419068149811
7.15870899673956
12.6843915813885
9.15256781346088
13.5824756881800
7.71085308655275
9.47328019148595
8.30854383210440
8.56225040103360
8.46152869994542
4.09047128567113
6.30028865517287
8.89105660031472
4.53506523326842
4.98318336368430
10.2647397578507
13.0056978321388
4.81777778130125
8.19767830425176
5.06846514389711
9.31672087284470
10.8238983999297
4.43786667083408
11.9074482450523
5.92473613593888
5.30602995279898
4.85256429529790
4.18910793606467
10.4256350361789
5.65764526636303
8.10870176847071
8.05700784799630
10.6866248262681
5.83288400918184
11.3063798644836
9.70901680192181
13.1772181715262
7.05119088523350
9.07751843080938
8.06105734169532
6.13462700239957
9.49111434020790
7.34057664969176
7.28827454132492
12.3332897843017
5.83783095028453
14.0271964023464
3.93159605376748
12.9216513278141
6.30991154771601
3.73435419344497
8.90751491719211
6.71548703371543
5.25014693802945
9.39693320697535
10.2860236408439
11.6077647179851
7.61262680813923
6.58636654327711
8.43586777660721
8.64976203224112
7.26405081362321
3.41269813051198
9.99278881444014
9.86218626016057
6.48348528879337
8.18266489781905
3.62164742546814
8.46882261193373
3.04371212516887
7.23361112723098
8.36776098927305
10.2870701509225
5.96119435737504
4.96610387963240
10.1366329190170
12.9818069100382
10.1387449625673
2.09891795162078
10.6133067933609
7.94958152017476
13.4660732438970
10.8243230987623
7.80455468764874
14.6705123995594
7.65227208013411
11.3241566383550
2.31975653463893
7.13646560970485
4.84696489877944
9.32469798816026
8.70814252653802
14.2873154777236
7.31110463131256
6.94933809481515
3.47818466130963
6.51252547096747
13.8401702632590
8.67512232420962
9.39900514203498
5.01501503590966
2.98876486671054
11.9377289577970
9.14072962350380
10.7463533078715
6.05723215396273
8.89540246447568
12.9391797167556
7.60714151110652
11.9862582889741
7.57485760006094
9.72300168775054
4.43553116661353
9.47119777430500
7.84480805246374
9.14663546338215
7.01135722809785
11.0118745865951
10.2087672507507
7.93221392172450
5.98338690400980
10.5702704383568
11.4056714896581
5.50703506889143
4.54720237728650
6.62583585172656
10.3072501386160
6.43095239136476
9.89709200977742
6.69269093893480
8.40968626320863
7.76234226532816
9.94245756251944
7.50664857493675
9.77989541201745
6.02100808145114
2.54914033623279
8.89811884012009
7.46719052522432
13.0721425221729
5.22873662178542
11.6798085734527
7.52873040625045
3.74308318635854
11.1397036100607
10.2945026450222
6.56366686083320
6.31181716785269
13.0090977540950
8.00757688149474
2.31706968388955
5.46838118459202
5.85242377377100
4.67226942187210
7.72591771638813
7.60482452000045
6.80176001046788
4.91329229826610
11.5340508236200
7.33130930598348
11.7165988880093
3.76706426450359
7.39289588946713
2.03451983032852
3.70296211970903
8.73294594280762
8.69135060756382
8.58054280042935
7.69912048223692
4.33131342241588
7.04868653651161
8.25350976615403
6.70895245581603
3.13282564149363
4.46057595047993
7.34893106308666
9.43310915754186
11.2456000484634
8.60319481355618
11.5541984001487
9.95459024019071
6.44592924178508
6.77147314769836
6.78628703784330
5.54520146812539
11.6002176397040
7.95894232958124
7.03025968488854
5.32911771042825
6.00171724139017
3.65795407570954
11.2941798436186
4.65465971366329
11.0910695629412
6.01642802999421
7.02171092053781
9.16694355619691
4.35583573381733
8.42345197348450
8.60521983835974
8.47746112120840
12.8278297421894
6.16804895165400
3.07375933555313
10.8596837914370
9.09943759855520
9.94263004491267
7.76082679127038
4.49211191534673
4.63453099460991
6.40351595175651
4.76210783326554
8.36779663591318
12.4096653767175
13.3503848985713
8.67224757073390
9.72170074163980
6.11463091045371
13.8101751635235
6.53330987249189
3.79031630136589
6.39767701748064
8.09420820463619
1.84660882159704
7.96053918289458
3.98503529122692
9.06749319581217
6.52810834085955
11.6713226262236
6.56146399765327
8.64768972556254
10.4455023455074
6.58035031803779
7.14486058226471
12.1045759601105
10.9694203907955
6.00820419429966
6.45123454386833
10.9393911443919
11.5339171791547
12.2787142962934
10.0771806463911
10.0297456261911
5.18659490031755
7.92151515108695
6.63061515547388
8.47497704775653
12.2039774679077
12.7230613810523
4.99889184319885
6.01253224349018
8.32528065274078
3.64274397542417
9.42047702336246
4.92304998451163
6.38896086449902
12.0980171705945
6.60091554510433
2.99587800454224
9.17052401828816
3.82657841321722
6.19515737733917
13.1845033218131
7.96919568277753
3.13172375697474
11.2388313550148
11.3518576304642
5.69667015658270
8.60169713777461
11.2830201324823
12.6168175904227
8.67267854471732
8.20908531289571
7.37034348257129
7.74784102895768
5.09387237751398
7.72140832361558
5.68613181796386
7.54997591829934
3.35014852217405
9.34799671266524
3.58003430989146
9.17364036369968
11.1254857369530
5.15312234184286
2.60612765612124
5.59129457152814
5.44802395461878
11.0061664118352
6.33387801083191
6.33401327141805
8.03579306276611
4.16420437831766
4.88575400936232
10.0302861285210
8.06046042996360
5.15587880923136
6.05893868412613
6.64422418270184
8.65709728777493
6.73277941910538
8.46947112988763
11.2235930824714
4.47137986979411
7.78000074982644
1.64238728687846
13.4080085683184
8.42896610365405
7.11589093227264
4.57327693777667
6.67466323031357
5.66933162021768
10.9531830278372
11.6765968985874
8.85842748460470
7.32666946699276
9.37474177471038
11.1277072665487
8.63358707203442
6.97814627984395
8.26884269109045
9.90004093577396
8.27710282494570
5.30957294083996
11.0681605379394
8.84560634881521

































































































































































































































































































































































































































































































































































































































































































































































































































































































































































































































































































































































































































































































































































































































































































































































































































































































































































































































































































































































































































































































































































































































































































































































































































































































































































































































































































































































































































































































































































































































































































































































































































































































































































































































































































































































































































































































































































































































































































































































































































































































































































































































































































































































































































































































































































































































































































































































































































































































































































































































































































































































































































































































































































































































































































































































































































































































































































































































































































































































































































































































































































































































































































































































































































































































































































































































































































































































































































































































































































































































































































































































































































































































































































































































































































































































































































































































































































































































































































































































































































































































































































































































































































































































































































































































































































































































































































































































































































































































































































































































































































































































































































































































































































































































































































































































































































































































































































































































































































































































































































































































































































































































































































































































































































































































































































































































































































































































































































































































































































































































































































































































































































































































































































































































































































































































































































































































































































































































































































































































































































































































































































































































































































































































































































































































































































































































































































































































































































































































































































































































































































































































































































































































































































































































































































































































































































































































































































































































































































































































































































































































































































































































































































































































































































































































































































































































































































































































































































































































































































































































































































































































































































































































































































































































































































































































































































































































































































































































































































































































































































































































































































































































































































































































































































































































































































































































































































































































































































































































































































































































































































































































































































































































































































































































































































































































































































































































































































































































































































































































































































































































































































































































































































































































































































































































































































































































































































































































































































































































































































































































































































































































































































































































































































































































































































































































































































































































































































































































































































































































































































































































































































































































































































































































































































































































































































































































































































































































































































































































































































































































































































































































































































































































































































































































































































































































































































































































































































































































































































































































































































































































































































































































































































































































































































































































































































































































































































































































































































































































































































































































































































































































































































































































































































































































































































































































































































































































































































































































































































































































































































































































































































































































































































































































































































































































































































































































































































































































































































































































































































































































































































































































































































































































































































































































































































































































































































































































































































































































































































































































































































































































































































































































































































































































































































































































































































































































































































































































































































































































































































































































































































































































































































































































































































































































































































































































































































































































































































































































































































































































































































































































































































































































































































































































































































































































































































































































































































































































































































































































































































































































































































































































































































































































































































































































































































































































































































































































































































































































































































































































































































































































































































































































































































































































































































































































































































































































































































































































































































































































































































































































































































































































































































































































































































































































































































































































































































































































































































































































































































































































































































































































































































































































































































































































































































































































































































































































































































































































































































































































































































































































































































































































































































































































































































































































































































































































































































































































































































































































































































































































































































































































































































































































































































































































































































































































































































































































































































































































































































































































































































































































































































































































































































































































































































































































































































































































































































































































































































































































































































































































































































































































































































































































































































































































































































































































































































































































































































































































































































































































































































































































































































































