1.385858585858585812e+01
1.692929292929293084e+01
1.168686868686868685e+01
5.656565656565656575e+00
7.888888888888889284e+00
1.364646464646464707e+01
9.040404040404039776e+00
9.868686868686868507e+00
8.060606060606060552e+00
1.021212121212121282e+01
1.024242424242424221e+01
8.858585858585858119e+00
7.828282828282827843e+00
7.707070707070706739e+00
6.242424242424242209e+00
8.575757575757576134e+00
7.555555555555555358e+00
1.758585858585858475e+01
1.000000000000000000e+01
6.828282828282827843e+00
1.429292929292929237e+01
7.292929292929293261e+00
1.217171717171717127e+01
1.521212121212121282e+01
1.461616161616161591e+01
7.454545454545454142e+00
7.646464646464646187e+00
9.262626262626262985e+00
1.168686868686868685e+01
1.530303030303030276e+01
1.024242424242424221e+01
1.161616161616161591e+01
6.070707070707070940e+00
1.072727272727272663e+01
1.332323232323232354e+01
8.383838383838384090e+00
1.517171717171717127e+01
7.838383838383838231e+00
9.888888888888889284e+00
1.077777777777777857e+01
1.168686868686868685e+01
1.105050505050505016e+01
8.656565656565655686e+00
1.033333333333333393e+01
8.232323232323231821e+00
7.949494949494949836e+00
1.407070707070707094e+01
8.757575757575757791e+00
1.337373737373737370e+01
1.003030303030303116e+01
7.000000000000000000e+00
1.867676767676767824e+01
8.464646464646465418e+00
8.464646464646465418e+00
9.373737373737373701e+00
1.494949494949494984e+01
1.021212121212121282e+01
1.026262626262626299e+01
1.063636363636363669e+01
1.066666666666666607e+01
8.838383838383839120e+00
8.696969696969697239e+00
8.858585858585858119e+00
9.828282828282828731e+00
8.808080808080807955e+00
9.464646464646465418e+00
9.424242424242423866e+00
8.848484848484847731e+00
1.033333333333333393e+01
6.606060606060606410e+00
5.878787878787878896e+00
7.797979797979797567e+00
7.747474747474747403e+00
9.010101010101010388e+00
8.787878787878787179e+00
8.868686868686868507e+00
5.787878787878788067e+00
1.098989898989898961e+01
1.691919191919192045e+01
1.003030303030303116e+01
7.494949494949494806e+00
1.189898989898989967e+01
1.166666666666666607e+01
8.606060606060605522e+00
9.737373737373737015e+00
1.415151515151515227e+01
1.352525252525252597e+01
8.646464646464647075e+00
1.139393939393939448e+01
9.191919191919192045e+00
1.250505050505050519e+01
1.605050505050505194e+01
7.939393939393939448e+00
1.182828282828282873e+01
9.707070707070707627e+00
9.939393939393939448e+00
8.424242424242423866e+00
8.676767676767676463e+00
9.161616161616160880e+00
1.063636363636363669e+01
1.020202020202020243e+01
1.477777777777777857e+01
1.218181818181818166e+01
8.868686868686868507e+00
8.848484848484847731e+00
1.486868686868686851e+01
1.035353535353535293e+01
1.242424242424242387e+01
1.119191919191919204e+01
7.808080808080807955e+00
9.131313131313131493e+00
7.676767676767676463e+00
1.059595959595959513e+01
8.969696969696968836e+00
9.767676767676768179e+00
9.040404040404039776e+00
1.080808080808080796e+01
1.394949494949494984e+01
8.848484848484847731e+00
1.373737373737373701e+01
1.081818181818181834e+01
1.274747474747474740e+01
8.060606060606060552e+00
8.747474747474747403e+00
7.212121212121211933e+00
7.585858585858585634e+00
1.183838383838383912e+01
1.170707070707070763e+01
7.636363636363636687e+00
8.717171717171718015e+00
7.343434343434343425e+00
7.010101010101010388e+00
7.757575757575757791e+00
1.033333333333333393e+01
1.123232323232323182e+01
1.393939393939393945e+01
1.580808080808080796e+01
1.021212121212121282e+01
7.080808080808080440e+00
6.545454545454545858e+00
1.177777777777777857e+01
1.168686868686868685e+01
9.878787878787878896e+00
1.090909090909090828e+01
1.356565656565656575e+01
9.030303030303031164e+00
1.248484848484848442e+01
1.044444444444444464e+01
7.282828282828282873e+00
8.141414141414141881e+00
6.010101010101010388e+00
7.747474747474747403e+00
1.519191919191919204e+01
6.909090909090909172e+00
8.414141414141413478e+00
7.747474747474747403e+00
8.444444444444444642e+00
8.717171717171718015e+00
7.040404040404040664e+00
7.929292929292929060e+00
6.484848484848484418e+00
7.787878787878788067e+00
1.231313131313131315e+01
8.727272727272726627e+00
9.959595959595960224e+00
1.749494949494949481e+01
8.141414141414141881e+00
1.383838383838383912e+01
7.181818181818181657e+00
7.909090909090909172e+00
1.007070707070707094e+01
1.087878787878787890e+01
8.888888888888889284e+00
1.308080808080808133e+01
9.858585858585858119e+00
9.202020202020202433e+00
8.424242424242423866e+00
1.526262626262626299e+01
1.172727272727272663e+01
1.040404040404040487e+01
9.333333333333333925e+00
9.868686868686868507e+00
9.565656565656565746e+00
9.353535353535352925e+00
6.121212121212121104e+00
1.293939393939393945e+01
9.363636363636363313e+00
7.949494949494949836e+00
1.196969696969696884e+01
6.393939393939393590e+00
7.222222222222222321e+00
7.232323232323232709e+00
1.085858585858585812e+01
6.858585858585859008e+00
8.131313131313131493e+00
8.585858585858586522e+00
1.086868686868686851e+01
8.000000000000000000e+00
1.005050505050505016e+01
9.646464646464647075e+00
9.363636363636363313e+00
8.323232323232323537e+00
1.080808080808080796e+01
1.424242424242424221e+01
9.929292929292929060e+00
1.089898989898989967e+01
9.262626262626262985e+00
7.686868686868686851e+00
6.535353535353535470e+00
1.052525252525252597e+01
1.006060606060606055e+01
8.414141414141413478e+00
6.818181818181818343e+00
1.173737373737373701e+01
1.275757575757575779e+01
1.117171717171717127e+01
9.454545454545455030e+00
8.484848484848484418e+00
7.969696969696969724e+00
8.727272727272726627e+00
1.666666666666666785e+01
6.080808080808080440e+00
8.393939393939394478e+00
1.084848484848484773e+01
1.130303030303030276e+01
6.393939393939393590e+00
1.034343434343434431e+01
7.898989898989898784e+00
8.535353535353534582e+00
8.050505050505050164e+00
7.292929292929293261e+00
9.494949494949494806e+00
8.969696969696968836e+00
1.132323232323232354e+01
1.489898989898989967e+01
7.727272727272727515e+00
7.020202020202019888e+00
1.386868686868686851e+01
8.525252525252525970e+00
7.343434343434343425e+00
1.225252525252525260e+01
8.535353535353534582e+00
8.585858585858586522e+00
1.183838383838383912e+01
8.191919191919192045e+00
9.585858585858586522e+00
1.140404040404040487e+01
8.636363636363636687e+00
9.686868686868686851e+00
1.616161616161616266e+01
1.177777777777777857e+01
9.070707070707070940e+00
8.131313131313131493e+00
8.989898989898989612e+00
1.213131313131313149e+01
1.054545454545454497e+01
6.737373737373737015e+00
1.645454545454545325e+01
1.043434343434343425e+01
7.030303030303030276e+00
9.353535353535352925e+00
7.757575757575757791e+00
8.040404040404039776e+00
7.656565656565656575e+00
7.919191919191919560e+00
9.686868686868686851e+00
1.269696969696969724e+01
1.047474747474747403e+01
9.282828282828281985e+00
1.069696969696969724e+01
8.464646464646465418e+00
1.154545454545454497e+01
1.608080808080807955e+01
7.252525252525252597e+00
9.737373737373737015e+00
1.024242424242424221e+01
1.236363636363636331e+01
7.646464646464646187e+00
7.828282828282827843e+00
8.404040404040404866e+00
1.168686868686868685e+01
9.222222222222221433e+00
1.042424242424242387e+01
6.575757575757576134e+00
1.044444444444444464e+01
9.151515151515152269e+00
1.023232323232323182e+01
7.121212121212121104e+00
6.262626262626262985e+00
9.040404040404039776e+00
9.656565656565655686e+00
6.141414141414140992e+00
7.767676767676767291e+00
9.626262626262626299e+00
1.234343434343434431e+01
9.787878787878787179e+00
7.888888888888889284e+00
1.432323232323232354e+01
9.141414141414141881e+00
1.274747474747474740e+01
1.196969696969696884e+01
8.979797979797979224e+00
8.101010101010100328e+00
1.235353535353535293e+01
6.595959595959596022e+00
1.093939393939393945e+01
1.170707070707070763e+01
1.618181818181818343e+01
9.686868686868686851e+00
9.171717171717171269e+00
1.477777777777777857e+01
9.363636363636363313e+00
1.184848484848484773e+01
8.919191919191918672e+00
1.066666666666666607e+01
8.383838383838384090e+00
9.000000000000000000e+00
1.168686868686868685e+01
1.045454545454545503e+01
1.312121212121212110e+01
6.676767676767676463e+00
7.656565656565656575e+00
1.040404040404040487e+01
7.020202020202019888e+00
1.261616161616161591e+01
1.088888888888888928e+01
8.727272727272726627e+00
8.222222222222221433e+00
8.595959595959595134e+00
1.256565656565656575e+01
8.313131313131313149e+00
1.521212121212121282e+01
9.090909090909091717e+00
7.848484848484848619e+00
8.747474747474747403e+00
1.000000000000000000e+01
1.112121212121212110e+01
1.123232323232323182e+01
7.090909090909090828e+00
1.285858585858585812e+01
9.181818181818181657e+00
8.656565656565655686e+00
1.112121212121212110e+01
9.070707070707070940e+00
9.595959595959595134e+00
1.155555555555555536e+01
7.979797979797980112e+00
1.754545454545454675e+01
8.181818181818181657e+00
1.055555555555555536e+01
8.878787878787878896e+00
1.332323232323232354e+01
6.666666666666666963e+00
1.241414141414141348e+01
1.087878787878787890e+01
1.155555555555555536e+01
7.878787878787878896e+00
1.160606060606060552e+01
9.707070707070707627e+00
7.888888888888889284e+00
1.723232323232323182e+01
1.021212121212121282e+01
8.111111111111110716e+00
9.313131313131313149e+00
1.109090909090909172e+01
8.626262626262626299e+00
6.848484848484848619e+00
1.315151515151515227e+01
8.464646464646465418e+00
9.707070707070707627e+00
9.797979797979797567e+00
1.013131313131313149e+01
8.848484848484847731e+00
1.055555555555555536e+01
9.737373737373737015e+00
7.030303030303030276e+00
8.242424242424242209e+00
8.434343434343434254e+00
9.747474747474747403e+00
9.696969696969697239e+00
8.646464646464647075e+00
7.919191919191919560e+00
1.209090909090909172e+01
6.555555555555555358e+00
8.111111111111110716e+00
8.949494949494949836e+00
8.646464646464647075e+00
1.402020202020202078e+01
1.316161616161616088e+01
7.232323232323232709e+00
7.404040404040403978e+00
1.137373737373737370e+01
8.282828282828281985e+00
9.404040404040404866e+00
1.419191919191919204e+01
8.848484848484847731e+00
5.848484848484848619e+00
7.797979797979797567e+00
1.803030303030303116e+01
1.358585858585858652e+01
8.898989898989899672e+00
8.474747474747474030e+00
8.959595959595960224e+00
9.272727272727273373e+00
7.747474747474747403e+00
9.606060606060605522e+00
9.707070707070707627e+00
1.213131313131313149e+01
9.848484848484847731e+00
8.767676767676768179e+00
9.363636363636363313e+00
1.432323232323232354e+01
8.757575757575757791e+00
8.313131313131313149e+00
1.236363636363636331e+01
1.102020202020202078e+01
8.777777777777778567e+00
8.575757575757576134e+00
8.464646464646465418e+00
9.070707070707070940e+00
1.059595959595959513e+01
9.252525252525252597e+00
1.268686868686868685e+01
7.949494949494949836e+00
9.303030303030302761e+00
1.350505050505050519e+01
9.434343434343434254e+00
1.150505050505050519e+01
1.098989898989898961e+01
1.130303030303030276e+01
1.473737373737373701e+01
9.747474747474747403e+00
9.696969696969697239e+00
1.240404040404040487e+01
9.949494949494949836e+00
9.030303030303031164e+00
8.575757575757576134e+00
1.220202020202020243e+01
6.787878787878788067e+00
6.282828282828282873e+00
9.878787878787878896e+00
9.000000000000000000e+00
8.949494949494949836e+00
8.787878787878787179e+00
1.004040404040403978e+01
7.131313131313131493e+00
7.606060606060606410e+00
9.141414141414141881e+00
1.370707070707070763e+01
8.363636363636363313e+00
8.141414141414141881e+00
1.059595959595959513e+01
1.172727272727272663e+01
8.858585858585858119e+00
1.235353535353535293e+01
1.374747474747474740e+01
9.101010101010100328e+00
8.545454545454544970e+00
1.455555555555555536e+01
5.909090909090909172e+00
9.363636363636363313e+00
8.767676767676768179e+00
7.777777777777777679e+00
1.247474747474747403e+01
1.612121212121212110e+01
7.494949494949494806e+00
1.351515151515151558e+01
1.957575757575757436e+01
9.838383838383839120e+00
1.043434343434343425e+01
7.464646464646464530e+00
9.424242424242423866e+00
9.424242424242423866e+00
7.070707070707070940e+00
7.383838383838384090e+00
7.909090909090909172e+00
9.595959595959595134e+00
1.206060606060606055e+01
9.525252525252525970e+00
9.363636363636363313e+00
1.065656565656565569e+01
6.565656565656565746e+00
1.026262626262626299e+01
1.203030303030303116e+01
8.626262626262626299e+00
9.323232323232323537e+00
1.016161616161616088e+01
1.487878787878787890e+01
1.264646464646464707e+01
1.204040404040403978e+01
9.828282828282828731e+00
8.000000000000000000e+00
9.474747474747474030e+00
9.333333333333333925e+00
1.260606060606060552e+01
9.717171717171718015e+00
1.357575757575757613e+01
1.132323232323232354e+01
1.416161616161616088e+01
9.666666666666666075e+00
9.212121212121212821e+00
8.191919191919192045e+00
1.004040404040403978e+01
9.030303030303031164e+00
1.759595959595959513e+01
1.123232323232323182e+01
8.030303030303031164e+00
6.505050505050505194e+00
6.787878787878788067e+00
1.201010101010101039e+01
9.888888888888889284e+00
7.808080808080807955e+00
1.114141414141414188e+01
8.888888888888889284e+00
6.565656565656565746e+00
6.292929292929293261e+00
1.048484848484848442e+01
1.207070707070707094e+01
7.939393939393939448e+00
1.012121212121212110e+01
7.747474747474747403e+00
1.606060606060606233e+01
9.121212121212121104e+00
9.232323232323231821e+00
1.191919191919191867e+01
1.198989898989898961e+01
9.787878787878787179e+00
1.175757575757575779e+01
6.929292929292929060e+00
1.191919191919191867e+01
1.315151515151515227e+01
6.484848484848484418e+00
7.242424242424242209e+00
7.464646464646464530e+00
6.969696969696969724e+00
1.013131313131313149e+01
7.686868686868686851e+00
2.122222222222222143e+01
6.929292929292929060e+00
1.011111111111111072e+01
9.545454545454544970e+00
1.131313131313131315e+01
9.969696969696968836e+00
7.626262626262626299e+00
7.292929292929293261e+00
9.858585858585858119e+00
8.545454545454544970e+00
1.300000000000000000e+01
8.848484848484847731e+00
8.101010101010100328e+00
1.191919191919191867e+01
8.030303030303031164e+00
1.142424242424242387e+01
7.030303030303030276e+00
7.909090909090909172e+00
1.011111111111111072e+01
1.068686868686868685e+01
1.033333333333333393e+01
6.959595959595959336e+00
8.656565656565655686e+00
1.021212121212121282e+01
7.030303030303030276e+00
9.898989898989899672e+00
9.424242424242423866e+00
8.161616161616160880e+00
6.949494949494949836e+00
1.081818181818181834e+01
9.010101010101010388e+00
9.585858585858586522e+00
1.226262626262626299e+01
1.055555555555555536e+01
8.141414141414141881e+00
7.353535353535353813e+00
8.707070707070707627e+00
9.505050505050505194e+00
9.676767676767676463e+00
8.414141414141413478e+00
9.626262626262626299e+00
8.676767676767676463e+00
8.616161616161615910e+00
7.353535353535353813e+00
8.292929292929292373e+00
1.029292929292929237e+01
1.144444444444444464e+01
1.247474747474747403e+01
1.716161616161616266e+01
1.031313131313131315e+01
1.228282828282828198e+01
7.686868686868686851e+00
1.266666666666666607e+01
1.000000000000000000e+01
1.030303030303030276e+01
9.303030303030302761e+00
1.000000000000000000e+01
9.202020202020202433e+00
1.091919191919191867e+01
1.350505050505050519e+01
7.121212121212121104e+00
8.888888888888889284e+00
1.381818181818181834e+01
7.858585858585859008e+00
1.377777777777777857e+01
8.575757575757576134e+00
1.792929292929293084e+01
9.848484848484847731e+00
7.040404040404040664e+00
8.313131313131313149e+00
1.138383838383838409e+01
9.414141414141413478e+00
9.818181818181818343e+00
1.134343434343434431e+01
7.575757575757576134e+00
8.050505050505050164e+00
3.268686868686868507e+01
6.818181818181818343e+00
8.343434343434344314e+00
8.181818181818181657e+00
8.242424242424242209e+00
1.706060606060606233e+01
7.939393939393939448e+00
1.160606060606060552e+01
1.264646464646464707e+01
1.012121212121212110e+01
9.141414141414141881e+00
9.050505050505050164e+00
1.411111111111111072e+01
8.656565656565655686e+00
1.005050505050505016e+01
1.119191919191919204e+01
7.171717171717172157e+00
8.373737373737373701e+00
7.919191919191919560e+00
8.919191919191918672e+00
1.122222222222222143e+01
6.989898989898989612e+00
8.929292929292929060e+00
1.018181818181818166e+01
9.111111111111110716e+00
1.068686868686868685e+01
7.858585858585859008e+00
9.949494949494949836e+00
9.575757575757576134e+00
1.117171717171717127e+01
8.494949494949494806e+00
7.383838383838384090e+00
8.151515151515152269e+00
9.070707070707070940e+00
1.326262626262626299e+01
7.131313131313131493e+00
9.313131313131313149e+00
1.207070707070707094e+01
9.616161616161615910e+00
1.424242424242424221e+01
1.144444444444444464e+01
9.565656565656565746e+00
8.070707070707070940e+00
9.404040404040404866e+00
1.061616161616161591e+01
8.595959595959595134e+00
9.535353535353534582e+00
9.949494949494949836e+00
1.036363636363636331e+01
8.424242424242423866e+00
8.585858585858586522e+00
1.026262626262626299e+01
7.919191919191919560e+00
8.595959595959595134e+00
7.979797979797980112e+00
8.494949494949494806e+00
9.959595959595960224e+00
7.020202020202019888e+00
1.014141414141414188e+01
7.555555555555555358e+00
1.351515151515151558e+01
1.947474747474747403e+01
1.332323232323232354e+01
9.474747474747474030e+00
8.474747474747474030e+00
1.051515151515151558e+01
9.010101010101010388e+00
8.080808080808081328e+00
9.272727272727273373e+00
8.424242424242423866e+00
8.878787878787878896e+00
1.279797979797979757e+01
1.250505050505050519e+01
7.383838383838384090e+00
1.420202020202020243e+01
1.398989898989898961e+01
9.292929292929292373e+00
1.536363636363636331e+01
1.549494949494949481e+01
1.003030303030303116e+01
1.029292929292929237e+01
8.535353535353534582e+00
7.898989898989898784e+00
1.230303030303030276e+01
6.323232323232323537e+00
1.063636363636363669e+01
9.272727272727273373e+00
1.104040404040403978e+01
8.676767676767676463e+00
1.582828282828282873e+01
1.128282828282828198e+01
1.186868686868686851e+01
1.178787878787878718e+01
9.303030303030302761e+00
8.484848484848484418e+00
1.535353535353535293e+01
8.464646464646465418e+00
9.838383838383839120e+00
1.532323232323232354e+01
1.160606060606060552e+01
1.018181818181818166e+01
9.060606060606060552e+00
9.373737373737373701e+00
8.000000000000000000e+00
1.063636363636363669e+01
1.117171717171717127e+01
9.131313131313131493e+00
8.262626262626262985e+00
7.444444444444444642e+00
8.474747474747474030e+00
8.070707070707070940e+00
7.818181818181818343e+00
1.184848484848484773e+01
1.194949494949494984e+01
9.626262626262626299e+00
8.686868686868686851e+00
6.676767676767676463e+00
8.020202020202020776e+00
8.656565656565655686e+00
8.141414141414141881e+00
8.969696969696968836e+00
8.666666666666666075e+00
7.313131313131313149e+00
6.454545454545454142e+00
6.232323232323232709e+00
8.050505050505050164e+00
1.486868686868686851e+01
1.311111111111111072e+01
8.222222222222221433e+00
6.949494949494949836e+00
1.044444444444444464e+01
8.858585858585858119e+00
1.324242424242424221e+01
7.131313131313131493e+00
9.878787878787878896e+00
6.595959595959596022e+00
9.525252525252525970e+00
9.060606060606060552e+00
7.030303030303030276e+00
1.104040404040403978e+01
8.989898989898989612e+00
1.232323232323232354e+01
9.595959595959595134e+00
8.666666666666666075e+00
1.513131313131313149e+01
1.129292929292929237e+01
1.329292929292929237e+01
1.116161616161616088e+01
1.460606060606060552e+01
1.532323232323232354e+01
9.858585858585858119e+00
1.748484848484848442e+01
5.949494949494949836e+00
7.212121212121211933e+00
7.565656565656565746e+00
1.315151515151515227e+01
8.414141414141413478e+00
8.171717171717171269e+00
1.114141414141414188e+01
9.525252525252525970e+00
9.090909090909091717e+00
8.565656565656565746e+00
8.212121212121212821e+00
9.141414141414141881e+00
8.252525252525252597e+00
1.065656565656565569e+01
8.828282828282828731e+00
1.119191919191919204e+01
9.919191919191918672e+00
1.589898989898989967e+01
1.670707070707070585e+01
1.226262626262626299e+01
1.268686868686868685e+01
8.171717171717171269e+00
1.029292929292929237e+01
1.298989898989898961e+01
7.737373737373737015e+00
8.282828282828281985e+00
1.319191919191919204e+01
1.356565656565656575e+01
1.127272727272727337e+01
1.042424242424242387e+01
1.273737373737373701e+01
1.782828282828282696e+01
8.464646464646465418e+00
8.050505050505050164e+00
1.197979797979797922e+01
9.030303030303031164e+00
1.340404040404040487e+01
9.141414141414141881e+00
2.285858585858585812e+01
7.636363636363636687e+00
1.076767676767676818e+01
1.123232323232323182e+01
1.239393939393939448e+01
1.398989898989898961e+01
1.079797979797979757e+01
1.193939393939393945e+01
7.878787878787878896e+00
1.260606060606060552e+01
7.000000000000000000e+00
1.509090909090909172e+01
1.001010101010101039e+01
1.123232323232323182e+01
1.003030303030303116e+01
9.919191919191918672e+00
9.848484848484847731e+00
1.680808080808080973e+01
9.131313131313131493e+00
7.050505050505050164e+00
9.000000000000000000e+00
1.240404040404040487e+01
1.223232323232323182e+01
1.404040404040403978e+01
9.858585858585858119e+00
1.434343434343434431e+01
1.014141414141414188e+01
7.454545454545454142e+00
5.676767676767676463e+00
1.009090909090909172e+01
7.414141414141414366e+00
8.202020202020202433e+00
1.424242424242424221e+01
1.807070707070706916e+01
1.068686868686868685e+01
1.026262626262626299e+01
6.383838383838384090e+00
6.151515151515151381e+00
8.202020202020202433e+00
8.545454545454544970e+00
8.898989898989899672e+00
1.094949494949494984e+01
1.007070707070707094e+01
8.777777777777778567e+00
9.898989898989899672e+00
1.095959595959596022e+01
1.377777777777777857e+01
9.383838383838384090e+00
7.727272727272727515e+00
9.303030303030302761e+00
1.131313131313131315e+01
9.606060606060605522e+00
1.619191919191919027e+01
8.777777777777778567e+00
1.043434343434343425e+01
9.252525252525252597e+00
7.949494949494949836e+00
7.848484848484848619e+00
1.155555555555555536e+01
7.393939393939393590e+00
9.979797979797979224e+00
8.131313131313131493e+00
1.035353535353535293e+01
7.262626262626262985e+00
1.051515151515151558e+01
8.898989898989899672e+00
8.848484848484847731e+00
6.787878787878788067e+00
7.656565656565656575e+00
6.171717171717172157e+00
6.818181818181818343e+00
7.202020202020202433e+00
1.177777777777777857e+01
9.818181818181818343e+00
9.424242424242423866e+00
6.080808080808080440e+00
9.626262626262626299e+00
9.494949494949494806e+00
1.236363636363636331e+01
1.084848484848484773e+01
8.868686868686868507e+00
1.878787878787878896e+01
8.282828282828281985e+00
9.494949494949494806e+00
1.344444444444444464e+01
1.042424242424242387e+01
9.626262626262626299e+00
7.030303030303030276e+00
1.163636363636363669e+01
8.393939393939394478e+00
9.676767676767676463e+00
1.127272727272727337e+01
9.141414141414141881e+00
7.404040404040403978e+00
1.132323232323232354e+01
1.272727272727272663e+01
1.451515151515151558e+01
1.463636363636363669e+01
8.969696969696968836e+00
9.181818181818181657e+00
1.010101010101010033e+01
1.098989898989898961e+01
1.087878787878787890e+01
8.848484848484847731e+00
8.242424242424242209e+00
7.686868686868686851e+00
7.676767676767676463e+00
7.101010101010101216e+00
7.646464646464646187e+00
9.242424242424242209e+00
9.646464646464647075e+00
1.046464646464646542e+01
7.494949494949494806e+00
1.579797979797979757e+01
7.000000000000000000e+00
8.717171717171718015e+00
7.454545454545454142e+00
9.474747474747474030e+00
8.393939393939394478e+00
8.646464646464647075e+00
9.949494949494949836e+00
8.737373737373737015e+00
1.334343434343434431e+01
8.010101010101010388e+00
6.888888888888889284e+00
1.306060606060606055e+01
7.474747474747474918e+00
9.040404040404039776e+00
7.111111111111110716e+00
9.222222222222221433e+00
9.686868686868686851e+00
8.262626262626262985e+00
9.323232323232323537e+00
8.858585858585858119e+00
6.464646464646464530e+00
1.170707070707070763e+01
8.767676767676768179e+00
8.707070707070707627e+00
1.269696969696969724e+01
1.039393939393939448e+01
1.142424242424242387e+01
6.747474747474747403e+00
6.212121212121211933e+00
9.626262626262626299e+00
1.031313131313131315e+01
8.171717171717171269e+00
8.989898989898989612e+00
7.424242424242423866e+00
1.037373737373737370e+01
1.109090909090909172e+01
7.808080808080807955e+00
1.528282828282828198e+01
7.040404040404040664e+00
1.136363636363636331e+01
7.404040404040403978e+00
9.363636363636363313e+00
2.434343434343434254e+01
1.155555555555555536e+01
1.216161616161616088e+01
1.045454545454545503e+01
7.838383838383838231e+00
7.575757575757576134e+00
1.613131313131313149e+01
9.202020202020202433e+00
8.050505050505050164e+00
1.042424242424242387e+01
7.000000000000000000e+00
1.060606060606060552e+01
1.735353535353535293e+01
9.484848484848484418e+00
8.929292929292929060e+00
7.838383838383838231e+00
8.383838383838384090e+00
7.070707070707070940e+00
9.151515151515152269e+00
1.041414141414141348e+01
1.234343434343434431e+01
1.038383838383838409e+01
1.242424242424242387e+01
8.060606060606060552e+00
7.454545454545454142e+00
1.008080808080808133e+01
1.126262626262626299e+01
1.334343434343434431e+01
8.616161616161615910e+00
1.503030303030303116e+01
1.119191919191919204e+01
1.104040404040403978e+01
1.234343434343434431e+01
9.131313131313131493e+00
6.454545454545454142e+00
8.090909090909091717e+00
6.545454545454545858e+00
1.178787878787878718e+01
1.097979797979797922e+01
7.797979797979797567e+00
8.363636363636363313e+00
7.505050505050505194e+00
8.666666666666666075e+00
1.322222222222222143e+01
6.585858585858585634e+00
7.212121212121211933e+00
9.373737373737373701e+00
9.848484848484847731e+00
9.848484848484847731e+00
1.331313131313131315e+01
1.021212121212121282e+01
1.150505050505050519e+01
9.090909090909091717e+00
9.333333333333333925e+00
1.248484848484848442e+01
9.393939393939394478e+00
8.111111111111110716e+00
1.051515151515151558e+01
8.303030303030302761e+00
6.595959595959596022e+00
7.292929292929293261e+00
8.595959595959595134e+00
1.905050505050505194e+01
1.067676767676767646e+01
1.262626262626262630e+01
1.348484848484848442e+01
7.818181818181818343e+00
8.020202020202020776e+00
1.231313131313131315e+01
9.949494949494949836e+00
8.070707070707070940e+00
1.574747474747474740e+01
1.021212121212121282e+01
1.084848484848484773e+01
1.006060606060606055e+01
7.929292929292929060e+00
7.666666666666666963e+00
9.878787878787878896e+00
1.110101010101010033e+01
8.030303030303031164e+00
9.191919191919192045e+00
1.390909090909090828e+01
8.969696969696968836e+00
1.096969696969696884e+01
7.555555555555555358e+00
9.282828282828281985e+00
1.054545454545454497e+01
1.169696969696969724e+01
1.176767676767676818e+01
7.434343434343434254e+00
6.939393939393939448e+00
9.282828282828281985e+00
8.545454545454544970e+00
7.868686868686868507e+00
1.183838383838383912e+01
1.314141414141414188e+01
1.123232323232323182e+01
8.888888888888889284e+00
1.226262626262626299e+01
7.818181818181818343e+00
1.118181818181818166e+01
1.119191919191919204e+01
1.429292929292929237e+01
1.189898989898989967e+01
1.988888888888888928e+01
8.656565656565655686e+00
9.131313131313131493e+00
7.797979797979797567e+00
8.626262626262626299e+00
1.015151515151515227e+01
9.868686868686868507e+00
1.012121212121212110e+01
8.151515151515152269e+00
1.342424242424242387e+01
1.338383838383838409e+01
1.532323232323232354e+01
1.266666666666666607e+01
7.484848484848484418e+00
1.429292929292929237e+01
8.191919191919192045e+00
7.101010101010101216e+00
1.079797979797979757e+01
1.434343434343434431e+01
1.145454545454545503e+01
8.494949494949494806e+00
5.686868686868686851e+00
1.194949494949494984e+01
6.818181818181818343e+00
1.395959595959596022e+01
8.101010101010100328e+00
8.141414141414141881e+00
7.505050505050505194e+00
6.575757575757576134e+00
7.303030303030302761e+00
1.196969696969696884e+01
1.042424242424242387e+01
1.779797979797979934e+01
1.080808080808080796e+01
1.394949494949494984e+01
9.707070707070707627e+00
6.606060606060606410e+00
1.267676767676767646e+01
6.303030303030302761e+00
9.393939393939394478e+00
1.160606060606060552e+01
1.749494949494949481e+01
7.979797979797980112e+00
5.939393939393939448e+00
8.323232323232323537e+00
7.323232323232323537e+00
8.363636363636363313e+00
2.104040404040404155e+01
6.070707070707070940e+00
1.376767676767676818e+01
7.282828282828282873e+00
7.333333333333333037e+00
8.181818181818181657e+00
7.383838383838384090e+00
1.255555555555555536e+01
1.346464646464646542e+01
8.767676767676768179e+00
1.347474747474747403e+01
1.131313131313131315e+01
1.282828282828282873e+01
8.747474747474747403e+00
1.118181818181818166e+01
8.101010101010100328e+00
9.050505050505050164e+00
1.031313131313131315e+01
9.060606060606060552e+00
8.282828282828281985e+00
1.152525252525252597e+01
1.183838383838383912e+01
1.214141414141414188e+01
9.919191919191918672e+00
1.341414141414141348e+01
1.461616161616161591e+01
1.297979797979797922e+01
1.042424242424242387e+01
1.066666666666666607e+01
9.161616161616160880e+00
9.212121212121212821e+00
6.565656565656565746e+00
7.646464646464646187e+00
1.018181818181818166e+01
1.132323232323232354e+01
7.404040404040403978e+00
1.065656565656565569e+01
1.073737373737373701e+01
8.898989898989899672e+00
8.111111111111110716e+00
1.104040404040403978e+01
7.777777777777777679e+00
7.323232323232323537e+00
8.848484848484847731e+00
6.868686868686868507e+00
7.404040404040403978e+00
7.858585858585859008e+00
1.643434343434343603e+01
7.717171717171717127e+00
7.171717171717172157e+00
1.397979797979797922e+01
1.045454545454545503e+01
7.727272727272727515e+00
8.373737373737373701e+00
1.531313131313131315e+01
1.263636363636363669e+01
8.171717171717171269e+00
1.090909090909090828e+01
7.393939393939393590e+00
1.341414141414141348e+01
1.259595959595959513e+01
6.707070707070706739e+00
8.939393939393939448e+00
8.747474747474747403e+00
7.313131313131313149e+00
7.555555555555555358e+00
8.868686868686868507e+00
1.124242424242424221e+01
9.171717171717171269e+00
7.191919191919192045e+00
1.812121212121212110e+01
9.000000000000000000e+00
1.219191919191919204e+01
1.009090909090909172e+01
1.307070707070707094e+01
1.423232323232323182e+01
8.212121212121212821e+00
1.213131313131313149e+01
1.118181818181818166e+01
8.363636363636363313e+00
1.144444444444444464e+01
7.868686868686868507e+00
1.108080808080808133e+01
1.057575757575757613e+01
9.424242424242423866e+00
9.282828282828281985e+00
8.353535353535352925e+00
1.751515151515151558e+01
9.090909090909091717e+00
1.462626262626262630e+01
1.226262626262626299e+01
8.313131313131313149e+00
1.126262626262626299e+01
8.606060606060605522e+00
9.494949494949494806e+00
1.057575757575757613e+01
1.208080808080808133e+01
8.545454545454544970e+00
1.141414141414141348e+01
8.474747474747474030e+00
1.244444444444444464e+01
1.014141414141414188e+01
1.282828282828282873e+01
1.141414141414141348e+01
1.649494949494949481e+01
8.898989898989899672e+00
6.797979797979797567e+00
9.848484848484847731e+00
1.175757575757575779e+01
1.088888888888888928e+01
1.330303030303030276e+01
7.666666666666666963e+00
8.454545454545455030e+00
9.797979797979797567e+00
8.080808080808081328e+00
1.119191919191919204e+01
7.262626262626262985e+00
8.868686868686868507e+00
1.251515151515151558e+01
8.424242424242423866e+00
5.848484848484848619e+00
1.393939393939393945e+01
9.818181818181818343e+00
1.402020202020202078e+01
8.252525252525252597e+00
6.848484848484848619e+00
1.087878787878787890e+01
7.050505050505050164e+00
1.035353535353535293e+01
6.888888888888889284e+00
9.040404040404039776e+00
1.211111111111111072e+01
7.464646464646464530e+00
1.423232323232323182e+01
1.064646464646464707e+01
1.183838383838383912e+01
1.102020202020202078e+01
1.353535353535353458e+01
7.777777777777777679e+00
1.200000000000000000e+01
1.156565656565656575e+01
9.969696969696968836e+00
9.313131313131313149e+00
1.426262626262626299e+01
6.808080808080807955e+00
7.606060606060606410e+00
8.202020202020202433e+00
1.371717171717171802e+01
9.313131313131313149e+00
1.460606060606060552e+01
1.260606060606060552e+01
9.808080808080807955e+00
1.515151515151515227e+01
9.848484848484847731e+00
1.161616161616161591e+01
9.070707070707070940e+00
1.060606060606060552e+01
7.696969696969697239e+00
1.109090909090909172e+01
1.037373737373737370e+01
6.838383838383838231e+00
8.353535353535352925e+00
8.909090909090908283e+00
1.120202020202020243e+01
9.000000000000000000e+00
1.291919191919191867e+01
1.221212121212121282e+01
1.034343434343434431e+01
1.196969696969696884e+01
7.616161616161615910e+00
9.404040404040404866e+00
1.072727272727272663e+01
9.484848484848484418e+00
1.133333333333333393e+01
9.595959595959595134e+00
8.979797979797979224e+00
1.089898989898989967e+01
1.121212121212121282e+01
7.050505050505050164e+00
8.585858585858586522e+00
9.252525252525252597e+00
9.212121212121212821e+00
7.272727272727272485e+00
9.939393939393939448e+00
1.143434343434343425e+01
7.575757575757576134e+00
9.212121212121212821e+00
8.313131313131313149e+00
9.222222222222221433e+00
7.919191919191919560e+00
7.828282828282827843e+00
8.686868686868686851e+00
1.216161616161616088e+01
9.757575757575757791e+00
7.262626262626262985e+00
1.003030303030303116e+01
8.505050505050505194e+00
1.233333333333333393e+01
1.207070707070707094e+01
6.646464646464646187e+00
1.028282828282828198e+01
1.122222222222222143e+01
1.216161616161616088e+01
1.265656565656565569e+01
1.176767676767676818e+01
1.074747474747474740e+01
7.494949494949494806e+00
1.491919191919191867e+01
7.686868686868686851e+00
1.073737373737373701e+01
1.730303030303030454e+01
1.108080808080808133e+01
1.128282828282828198e+01
9.737373737373737015e+00
7.373737373737373701e+00
8.787878787878787179e+00
9.555555555555555358e+00
2.105050505050505194e+01
7.868686868686868507e+00
1.593939393939393945e+01
1.092929292929292906e+01
1.283838383838383912e+01
8.535353535353534582e+00
9.111111111111110716e+00
8.787878787878787179e+00
9.030303030303031164e+00
7.626262626262626299e+00
6.646464646464646187e+00
8.959595959595960224e+00
1.191919191919191867e+01
6.797979797979797567e+00
8.151515151515152269e+00
9.585858585858586522e+00
1.010101010101010033e+01
8.898989898989899672e+00
1.048484848484848442e+01
9.595959595959595134e+00
7.323232323232323537e+00
8.626262626262626299e+00
1.973737373737373701e+01
7.323232323232323537e+00
7.818181818181818343e+00
1.373737373737373701e+01
1.148484848484848442e+01
7.767676767676767291e+00
1.158585858585858652e+01
1.037373737373737370e+01
1.221212121212121282e+01
8.595959595959595134e+00
1.114141414141414188e+01
9.575757575757576134e+00
6.525252525252525082e+00
1.093939393939393945e+01
9.232323232323231821e+00
9.404040404040404866e+00
1.090909090909090828e+01
9.707070707070707627e+00
1.032323232323232354e+01
7.616161616161615910e+00
8.646464646464647075e+00
9.111111111111110716e+00
8.545454545454544970e+00
1.161616161616161591e+01
8.505050505050505194e+00
8.929292929292929060e+00
7.080808080808080440e+00
1.001010101010101039e+01
1.076767676767676818e+01
1.113131313131313149e+01
1.069696969696969724e+01
7.191919191919192045e+00
1.025252525252525260e+01
1.442424242424242387e+01
1.217171717171717127e+01
1.038383838383838409e+01
8.161616161616160880e+00
8.383838383838384090e+00
1.055555555555555536e+01
7.747474747474747403e+00
6.595959595959596022e+00
9.101010101010100328e+00
1.308080808080808133e+01
1.187878787878787890e+01
1.521212121212121282e+01
1.236363636363636331e+01
2.073737373737373701e+01
1.057575757575757613e+01
1.095959595959596022e+01
1.223232323232323182e+01
1.594949494949494984e+01
1.692929292929293084e+01
1.387878787878787890e+01
9.070707070707070940e+00
9.454545454545455030e+00
9.878787878787878896e+00
5.696969696969697239e+00
1.118181818181818166e+01
9.767676767676768179e+00
1.217171717171717127e+01
1.305050505050505016e+01
7.626262626262626299e+00
7.868686868686868507e+00
1.078787878787878718e+01
7.232323232323232709e+00
8.858585858585858119e+00
1.293939393939393945e+01
1.126262626262626299e+01
1.251515151515151558e+01
1.072727272727272663e+01
1.047474747474747403e+01
9.292929292929292373e+00
9.212121212121212821e+00
1.243434343434343425e+01
8.979797979797979224e+00
7.808080808080807955e+00
8.545454545454544970e+00
1.848484848484848442e+01
8.040404040404039776e+00
9.191919191919192045e+00
7.434343434343434254e+00
8.696969696969697239e+00
9.292929292929292373e+00
1.492929292929292906e+01
1.444444444444444464e+01
1.159595959595959513e+01
5.888888888888889284e+00
9.444444444444444642e+00
8.545454545454544970e+00
8.727272727272726627e+00
9.525252525252525970e+00
7.686868686868686851e+00
1.008080808080808133e+01
7.606060606060606410e+00
1.057575757575757613e+01
9.484848484848484418e+00
1.816161616161616266e+01
1.006060606060606055e+01
9.060606060606060552e+00
8.909090909090908283e+00
8.080808080808081328e+00
1.001010101010101039e+01
9.767676767676768179e+00
1.072727272727272663e+01
9.969696969696968836e+00
1.168686868686868685e+01
9.777777777777778567e+00
1.175757575757575779e+01
8.282828282828281985e+00
1.093939393939393945e+01
1.320202020202020243e+01
8.535353535353534582e+00
1.009090909090909172e+01
9.080808080808081328e+00
9.646464646464647075e+00
8.101010101010100328e+00
1.479797979797979757e+01
8.686868686868686851e+00
1.113131313131313149e+01
1.142424242424242387e+01
9.727272727272726627e+00
1.195959595959596022e+01
7.989898989898989612e+00
1.000000000000000000e+01
1.182828282828282873e+01
9.585858585858586522e+00
1.085858585858585812e+01
6.484848484848484418e+00
1.007070707070707094e+01
1.596969696969696884e+01
8.393939393939394478e+00
1.292929292929292906e+01
1.037373737373737370e+01
9.363636363636363313e+00
1.012121212121212110e+01
9.444444444444444642e+00
1.380808080808080796e+01
1.126262626262626299e+01
9.616161616161615910e+00
1.070707070707070763e+01
7.272727272727272485e+00
1.078787878787878718e+01
9.333333333333333925e+00
8.040404040404039776e+00
1.062626262626262630e+01
1.069696969696969724e+01
6.444444444444444642e+00
9.000000000000000000e+00
1.371717171717171802e+01
1.159595959595959513e+01
8.707070707070707627e+00
7.070707070707070940e+00
1.301010101010101039e+01
7.747474747474747403e+00
1.057575757575757613e+01
6.444444444444444642e+00
9.515151515151515582e+00
1.280808080808080796e+01
7.515151515151515582e+00
9.030303030303031164e+00
1.040404040404040487e+01
7.858585858585859008e+00
7.202020202020202433e+00
1.056565656565656575e+01
1.189898989898989967e+01
7.787878787878788067e+00
1.263636363636363669e+01
8.505050505050505194e+00
9.787878787878787179e+00
9.474747474747474030e+00
8.000000000000000000e+00
1.049494949494949481e+01
9.121212121212121104e+00
6.484848484848484418e+00
1.011111111111111072e+01
1.178787878787878718e+01
1.357575757575757613e+01
1.186868686868686851e+01
8.555555555555555358e+00
1.484848484848484773e+01
1.070707070707070763e+01
1.209090909090909172e+01
1.001010101010101039e+01
9.080808080808081328e+00
9.353535353535352925e+00
9.616161616161615910e+00
8.727272727272726627e+00
8.484848484848484418e+00
1.042424242424242387e+01
9.838383838383839120e+00
7.151515151515151381e+00
1.048484848484848442e+01
1.073737373737373701e+01
7.333333333333333037e+00
8.070707070707070940e+00
9.616161616161615910e+00
8.303030303030302761e+00
8.131313131313131493e+00
8.353535353535352925e+00
1.019191919191919204e+01
1.092929292929292906e+01
6.959595959595959336e+00
7.626262626262626299e+00
8.464646464646465418e+00
8.575757575757576134e+00
1.111111111111111072e+01
1.380808080808080796e+01
7.929292929292929060e+00
9.626262626262626299e+00
1.017171717171717127e+01
1.250505050505050519e+01
8.515151515151515582e+00
1.041414141414141348e+01
1.156565656565656575e+01
8.707070707070707627e+00
1.539393939393939448e+01
5.848484848484848619e+00
1.224242424242424221e+01
9.616161616161615910e+00
1.039393939393939448e+01
6.606060606060606410e+00
1.227272727272727337e+01
1.206060606060606055e+01
1.066666666666666607e+01
1.035353535353535293e+01
9.505050505050505194e+00
9.707070707070707627e+00
1.542424242424242387e+01
1.020202020202020243e+01
8.636363636363636687e+00
1.051515151515151558e+01
9.868686868686868507e+00
1.346464646464646542e+01
1.277777777777777857e+01
1.129292929292929237e+01
1.150505050505050519e+01
1.239393939393939448e+01
1.009090909090909172e+01
9.878787878787878896e+00
1.023232323232323182e+01
1.143434343434343425e+01
1.214141414141414188e+01
8.777777777777778567e+00
9.969696969696968836e+00
8.323232323232323537e+00
7.090909090909090828e+00
6.818181818181818343e+00
6.151515151515151381e+00
7.858585858585859008e+00
1.364646464646464707e+01
1.308080808080808133e+01
9.040404040404039776e+00
1.178787878787878718e+01
1.103030303030303116e+01
7.434343434343434254e+00
8.393939393939394478e+00
9.929292929292929060e+00
1.326262626262626299e+01
8.676767676767676463e+00
1.171717171717171802e+01
6.757575757575757791e+00
1.035353535353535293e+01
6.080808080808080440e+00
8.121212121212121104e+00
1.309090909090909172e+01
7.373737373737373701e+00
1.133333333333333393e+01
1.004040404040403978e+01
1.372727272727272663e+01
9.797979797979797567e+00
7.242424242424242209e+00
9.262626262626262985e+00
1.460606060606060552e+01
7.545454545454545858e+00
9.949494949494949836e+00
9.656565656565655686e+00
1.544444444444444464e+01
1.214141414141414188e+01
1.107070707070707094e+01
9.787878787878787179e+00
2.166666666666666785e+01
7.878787878787878896e+00
1.152525252525252597e+01
1.205050505050505016e+01
1.156565656565656575e+01
1.336363636363636331e+01
8.707070707070707627e+00
9.565656565656565746e+00
1.096969696969696884e+01
8.494949494949494806e+00
7.898989898989898784e+00
8.464646464646465418e+00
6.535353535353535470e+00
9.494949494949494806e+00
7.232323232323232709e+00
8.969696969696968836e+00
9.797979797979797567e+00
5.909090909090909172e+00
1.522222222222222143e+01
1.010101010101010033e+01
8.797979797979797567e+00
1.086868686868686851e+01
8.777777777777778567e+00
7.828282828282827843e+00
1.041414141414141348e+01
7.878787878787878896e+00
9.535353535353534582e+00
1.057575757575757613e+01
1.160606060606060552e+01
7.848484848484848619e+00
1.083838383838383912e+01
8.404040404040404866e+00
7.616161616161615910e+00
1.025252525252525260e+01
8.363636363636363313e+00
1.220202020202020243e+01
7.505050505050505194e+00
1.009090909090909172e+01
1.197979797979797922e+01
1.060606060606060552e+01
1.122222222222222143e+01
8.343434343434344314e+00
1.338383838383838409e+01
5.939393939393939448e+00
9.373737373737373701e+00
1.297979797979797922e+01
7.555555555555555358e+00
7.848484848484848619e+00
8.777777777777778567e+00
1.333333333333333393e+01
1.014141414141414188e+01
1.058585858585858652e+01
8.262626262626262985e+00
8.252525252525252597e+00
1.084848484848484773e+01
1.314141414141414188e+01
8.222222222222221433e+00
1.212121212121212110e+01
9.343434343434344314e+00
1.317171717171717127e+01
1.284848484848484773e+01
1.138383838383838409e+01
1.025252525252525260e+01
1.111111111111111072e+01
9.050505050505050164e+00
9.141414141414141881e+00
1.170707070707070763e+01
9.929292929292929060e+00
1.084848484848484773e+01
1.382828282828282873e+01
7.595959595959596022e+00
8.202020202020202433e+00
9.818181818181818343e+00
1.234343434343434431e+01
7.363636363636363313e+00
1.291919191919191867e+01
1.020202020202020243e+01
1.022222222222222143e+01
6.272727272727272485e+00
8.606060606060605522e+00
1.204040404040403978e+01
5.161616161616161769e+00
8.454545454545455030e+00
7.848484848484848619e+00
9.727272727272726627e+00
1.049494949494949481e+01
1.003030303030303116e+01
8.515151515151515582e+00
5.929292929292929060e+00
1.552525252525252597e+01
7.494949494949494806e+00
1.208080808080808133e+01
9.565656565656565746e+00
9.323232323232323537e+00
9.575757575757576134e+00
1.206060606060606055e+01
7.929292929292929060e+00
1.022222222222222143e+01
1.750505050505050519e+01
9.474747474747474030e+00
1.054545454545454497e+01
1.220202020202020243e+01
7.959595959595959336e+00
9.585858585858586522e+00
1.270707070707070763e+01
1.142424242424242387e+01
1.191919191919191867e+01
8.474747474747474030e+00
1.175757575757575779e+01
9.727272727272726627e+00
8.848484848484847731e+00
1.670707070707070585e+01
6.757575757575757791e+00
9.363636363636363313e+00
1.447474747474747403e+01
1.056565656565656575e+01
8.363636363636363313e+00
8.373737373737373701e+00
1.028282828282828198e+01
1.253535353535353458e+01
1.038383838383838409e+01
1.114141414141414188e+01
1.032323232323232354e+01
6.525252525252525082e+00
2.185858585858585812e+01
1.017171717171717127e+01
1.265656565656565569e+01
9.888888888888889284e+00
8.696969696969697239e+00
1.413131313131313149e+01
8.232323232323231821e+00
7.242424242424242209e+00
1.237373737373737370e+01
1.283838383838383912e+01
1.141414141414141348e+01
1.021212121212121282e+01
1.249494949494949481e+01
1.100000000000000000e+01
1.024242424242424221e+01
1.286868686868686851e+01
1.141414141414141348e+01
1.333333333333333393e+01
8.595959595959595134e+00
6.606060606060606410e+00
7.898989898989898784e+00
1.962626262626262630e+01
8.646464646464647075e+00
9.070707070707070940e+00
1.161616161616161591e+01
9.757575757575757791e+00
1.526262626262626299e+01
1.082828282828282873e+01
1.006060606060606055e+01
1.118181818181818166e+01
5.959595959595959336e+00
8.292929292929292373e+00
7.868686868686868507e+00
7.434343434343434254e+00
9.424242424242423866e+00
6.555555555555555358e+00
9.323232323232323537e+00
1.467676767676767646e+01
1.021212121212121282e+01
1.024242424242424221e+01
1.012121212121212110e+01
9.777777777777778567e+00
1.102020202020202078e+01
7.404040404040403978e+00
7.979797979797980112e+00
8.909090909090908283e+00
1.219191919191919204e+01
9.434343434343434254e+00
9.474747474747474030e+00
1.242424242424242387e+01
1.574747474747474740e+01
6.979797979797980112e+00
1.112121212121212110e+01
8.323232323232323537e+00
7.535353535353535470e+00
8.848484848484847731e+00
1.216161616161616088e+01
1.556565656565656575e+01
9.323232323232323537e+00
6.616161616161615910e+00
1.532323232323232354e+01
9.050505050505050164e+00
9.686868686868686851e+00
1.482828282828282873e+01
1.153535353535353458e+01
8.808080808080807955e+00
9.888888888888889284e+00
1.078787878787878718e+01
1.218181818181818166e+01
1.025252525252525260e+01
9.828282828282828731e+00
9.191919191919192045e+00
1.057575757575757613e+01
1.330303030303030276e+01
9.161616161616160880e+00
1.201010101010101039e+01
5.414141414141414366e+00
1.015151515151515227e+01
1.705050505050505194e+01
9.929292929292929060e+00
6.868686868686868507e+00
8.888888888888889284e+00
9.292929292929292373e+00
9.070707070707070940e+00
7.454545454545454142e+00
6.767676767676767291e+00
1.124242424242424221e+01
7.373737373737373701e+00
9.818181818181818343e+00
1.130303030303030276e+01
9.515151515151515582e+00
1.039393939393939448e+01
7.040404040404040664e+00
5.626262626262626299e+00
9.232323232323231821e+00
8.010101010101010388e+00
9.373737373737373701e+00
1.186868686868686851e+01
8.909090909090908283e+00
9.737373737373737015e+00
9.515151515151515582e+00
1.130303030303030276e+01
1.224242424242424221e+01
7.979797979797980112e+00
1.347474747474747403e+01
7.848484848484848619e+00
9.282828282828281985e+00
1.165656565656565569e+01
1.153535353535353458e+01
5.606060606060606410e+00
9.818181818181818343e+00
8.636363636363636687e+00
1.483838383838383912e+01
8.212121212121212821e+00
1.230303030303030276e+01
1.257575757575757613e+01
8.545454545454544970e+00
1.235353535353535293e+01
1.082828282828282873e+01
1.219191919191919204e+01
8.272727272727273373e+00
9.484848484848484418e+00
9.060606060606060552e+00
7.444444444444444642e+00
9.818181818181818343e+00
9.050505050505050164e+00
8.262626262626262985e+00
7.505050505050505194e+00
1.012121212121212110e+01
1.121212121212121282e+01
1.252525252525252597e+01
9.444444444444444642e+00
1.067676767676767646e+01
8.717171717171718015e+00
1.074747474747474740e+01
1.083838383838383912e+01
1.040404040404040487e+01
6.858585858585859008e+00
9.969696969696968836e+00
8.717171717171718015e+00
9.292929292929292373e+00
1.290909090909090828e+01
1.119191919191919204e+01
1.066666666666666607e+01
1.114141414141414188e+01
9.939393939393939448e+00
7.797979797979797567e+00
9.717171717171718015e+00
1.529292929292929237e+01
1.421212121212121282e+01
9.676767676767676463e+00
8.202020202020202433e+00
1.018181818181818166e+01
8.696969696969697239e+00
7.767676767676767291e+00
1.040404040404040487e+01
9.626262626262626299e+00
9.393939393939394478e+00
1.237373737373737370e+01
8.252525252525252597e+00
7.808080808080807955e+00
9.272727272727273373e+00
1.313131313131313149e+01
9.737373737373737015e+00
7.737373737373737015e+00
8.929292929292929060e+00
1.133333333333333393e+01
1.360606060606060552e+01
5.131313131313131493e+00
7.272727272727272485e+00
8.121212121212121104e+00
9.858585858585858119e+00
1.050505050505050519e+01
8.111111111111110716e+00
1.003030303030303116e+01
7.949494949494949836e+00
1.463636363636363669e+01
1.059595959595959513e+01
1.004040404040403978e+01
7.868686868686868507e+00
8.727272727272726627e+00
1.017171717171717127e+01
1.248484848484848442e+01
7.373737373737373701e+00
2.108080808080807955e+01
1.278787878787878718e+01
1.222222222222222143e+01
8.252525252525252597e+00
8.464646464646465418e+00
9.424242424242423866e+00
7.595959595959596022e+00
7.808080808080807955e+00
6.303030303030302761e+00
9.757575757575757791e+00
1.231313131313131315e+01
9.292929292929292373e+00
8.747474747474747403e+00
9.969696969696968836e+00
9.808080808080807955e+00
7.111111111111110716e+00
8.373737373737373701e+00
6.494949494949494806e+00
1.013131313131313149e+01
6.797979797979797567e+00
8.666666666666666075e+00
9.030303030303031164e+00
1.581818181818181834e+01
9.030303030303031164e+00
9.818181818181818343e+00
1.061616161616161591e+01
1.157575757575757613e+01
1.143434343434343425e+01
9.353535353535352925e+00
6.545454545454545858e+00
8.272727272727273373e+00
6.696969696969697239e+00
1.168686868686868685e+01
6.767676767676767291e+00
9.161616161616160880e+00
1.003030303030303116e+01
1.710101010101010033e+01
9.454545454545455030e+00
1.760606060606060552e+01
8.040404040404039776e+00
8.050505050505050164e+00
1.079797979797979757e+01
8.949494949494949836e+00
9.070707070707070940e+00
9.474747474747474030e+00
8.141414141414141881e+00
1.034343434343434431e+01
9.272727272727273373e+00
1.527272727272727337e+01
8.090909090909091717e+00
7.858585858585859008e+00
8.262626262626262985e+00
6.848484848484848619e+00
6.222222222222222321e+00
9.525252525252525970e+00
5.949494949494949836e+00
1.958585858585858475e+01
8.797979797979797567e+00
9.484848484848484418e+00
9.393939393939394478e+00
9.666666666666666075e+00
7.171717171717172157e+00
6.494949494949494806e+00
7.939393939393939448e+00
7.313131313131313149e+00
9.505050505050505194e+00
8.353535353535352925e+00
1.188888888888888928e+01
1.030303030303030276e+01
1.307070707070707094e+01
9.535353535353534582e+00
1.097979797979797922e+01
9.909090909090908283e+00
7.585858585858585634e+00
1.183838383838383912e+01
8.707070707070707627e+00
7.898989898989898784e+00
1.475757575757575779e+01
8.797979797979797567e+00
1.363636363636363669e+01
7.686868686868686851e+00
1.212121212121212110e+01
1.586868686868686851e+01
7.232323232323232709e+00
1.003030303030303116e+01
8.727272727272726627e+00
8.747474747474747403e+00
7.747474747474747403e+00
9.979797979797979224e+00
7.626262626262626299e+00
9.898989898989899672e+00
1.466666666666666607e+01
1.028282828282828198e+01
7.848484848484848619e+00
1.430303030303030276e+01
9.111111111111110716e+00
9.707070707070707627e+00
1.179797979797979757e+01
6.828282828282827843e+00
6.909090909090909172e+00
1.306060606060606055e+01
8.696969696969697239e+00
9.030303030303031164e+00
1.041414141414141348e+01
8.545454545454544970e+00
9.000000000000000000e+00
8.171717171717171269e+00
1.218181818181818166e+01
1.021212121212121282e+01
1.597979797979797922e+01
1.013131313131313149e+01
1.260606060606060552e+01
7.707070707070706739e+00
8.242424242424242209e+00
1.758585858585858475e+01
6.535353535353535470e+00
1.484848484848484773e+01
9.020202020202020776e+00
1.059595959595959513e+01
9.585858585858586522e+00
9.222222222222221433e+00
9.717171717171718015e+00
7.787878787878788067e+00
1.193939393939393945e+01
7.505050505050505194e+00
7.444444444444444642e+00
9.060606060606060552e+00
8.262626262626262985e+00
8.797979797979797567e+00
1.124242424242424221e+01
1.027272727272727337e+01
1.950505050505050519e+01
6.111111111111110716e+00
1.094949494949494984e+01
1.195959595959596022e+01
8.575757575757576134e+00
1.149494949494949481e+01
9.212121212121212821e+00
1.266666666666666607e+01
1.098989898989898961e+01
8.949494949494949836e+00
7.363636363636363313e+00
7.636363636363636687e+00
8.444444444444444642e+00
8.939393939393939448e+00
1.086868686868686851e+01
9.010101010101010388e+00
7.939393939393939448e+00
9.888888888888889284e+00
8.353535353535352925e+00
1.438383838383838409e+01
8.222222222222221433e+00
9.050505050505050164e+00
6.121212121212121104e+00
1.230303030303030276e+01
9.595959595959595134e+00
9.252525252525252597e+00
7.858585858585859008e+00
5.707070707070706739e+00
9.050505050505050164e+00
9.020202020202020776e+00
8.535353535353534582e+00
1.009090909090909172e+01
7.818181818181818343e+00
1.143434343434343425e+01
1.164646464646464707e+01
1.055555555555555536e+01
1.235353535353535293e+01
1.331313131313131315e+01
8.737373737373737015e+00
1.255555555555555536e+01
1.180808080808080796e+01
9.272727272727273373e+00
1.997979797979797922e+01
1.092929292929292906e+01
9.585858585858586522e+00
8.949494949494949836e+00
1.027272727272727337e+01
1.219191919191919204e+01
7.545454545454545858e+00
6.545454545454545858e+00
7.686868686868686851e+00
1.041414141414141348e+01
6.434343434343434254e+00
1.196969696969696884e+01
8.494949494949494806e+00
1.405050505050505016e+01
7.040404040404040664e+00
1.152525252525252597e+01
1.044444444444444464e+01
1.056565656565656575e+01
6.888888888888889284e+00
7.333333333333333037e+00
1.229292929292929237e+01
1.019191919191919204e+01
1.284848484848484773e+01
6.949494949494949836e+00
9.181818181818181657e+00
8.737373737373737015e+00
8.404040404040404866e+00
7.929292929292929060e+00
1.045454545454545503e+01
1.138383838383838409e+01
8.151515151515152269e+00
1.298989898989898961e+01
1.114141414141414188e+01
9.919191919191918672e+00
1.176767676767676818e+01
6.686868686868686851e+00
1.102020202020202078e+01
1.597979797979797922e+01
1.000000000000000000e+01
8.424242424242423866e+00
1.310101010101010033e+01
1.395959595959596022e+01
1.356565656565656575e+01
8.121212121212121104e+00
7.838383838383838231e+00
7.686868686868686851e+00
1.051515151515151558e+01
1.028282828282828198e+01
9.898989898989899672e+00
9.464646464646465418e+00
6.888888888888889284e+00
6.707070707070706739e+00
9.707070707070707627e+00
6.353535353535353813e+00
7.525252525252525082e+00
7.595959595959596022e+00
1.098989898989898961e+01
9.212121212121212821e+00
9.878787878787878896e+00
8.979797979797979224e+00
1.072727272727272663e+01
7.292929292929293261e+00
8.494949494949494806e+00
8.454545454545455030e+00
8.404040404040404866e+00
8.848484848484847731e+00
1.088888888888888928e+01
8.050505050505050164e+00
8.474747474747474030e+00
8.989898989898989612e+00
1.190909090909090828e+01
1.231313131313131315e+01
1.023232323232323182e+01
8.030303030303031164e+00
8.454545454545455030e+00
9.181818181818181657e+00
6.828282828282827843e+00
1.063636363636363669e+01
1.064646464646464707e+01
1.203030303030303116e+01
2.132323232323232176e+01
9.666666666666666075e+00
8.727272727272726627e+00
1.090909090909090828e+01
1.007070707070707094e+01
8.151515151515152269e+00
9.232323232323231821e+00
1.330303030303030276e+01
7.626262626262626299e+00
7.777777777777777679e+00
9.121212121212121104e+00
8.474747474747474030e+00
8.676767676767676463e+00
1.161616161616161591e+01
9.101010101010100328e+00
1.332323232323232354e+01
1.267676767676767646e+01
1.440404040404040487e+01
6.646464646464646187e+00
9.373737373737373701e+00
1.681818181818181657e+01
1.141414141414141348e+01
7.515151515151515582e+00
9.242424242424242209e+00
9.383838383838384090e+00
7.989898989898989612e+00
8.959595959595960224e+00
1.346464646464646542e+01
9.969696969696968836e+00
8.343434343434344314e+00
1.045454545454545503e+01
1.441414141414141348e+01
9.919191919191918672e+00
1.118181818181818166e+01
8.585858585858586522e+00
1.110101010101010033e+01
1.083838383838383912e+01
1.810101010101010033e+01
1.129292929292929237e+01
1.031313131313131315e+01
8.969696969696968836e+00
1.192929292929292906e+01
1.148484848484848442e+01
1.005050505050505016e+01
1.127272727272727337e+01
9.989898989898989612e+00
1.054545454545454497e+01
1.283838383838383912e+01
7.282828282828282873e+00
1.088888888888888928e+01
1.389898989898989967e+01
1.197979797979797922e+01
1.189898989898989967e+01
8.282828282828281985e+00
1.021212121212121282e+01
7.979797979797980112e+00
9.171717171717171269e+00
9.363636363636363313e+00
9.202020202020202433e+00
9.222222222222221433e+00
9.444444444444444642e+00
9.676767676767676463e+00
1.007070707070707094e+01
7.747474747474747403e+00
9.414141414141413478e+00
9.292929292929292373e+00
8.626262626262626299e+00
1.128282828282828198e+01
1.109090909090909172e+01
1.051515151515151558e+01
1.380808080808080796e+01
1.266666666666666607e+01
9.828282828282828731e+00
1.327272727272727337e+01
1.128282828282828198e+01
1.170707070707070763e+01
8.292929292929292373e+00
9.242424242424242209e+00
1.034343434343434431e+01
7.404040404040403978e+00
1.077777777777777857e+01
1.421212121212121282e+01
1.018181818181818166e+01
8.151515151515152269e+00
7.505050505050505194e+00
1.008080808080808133e+01
9.212121212121212821e+00
1.050505050505050519e+01
8.777777777777778567e+00
9.434343434343434254e+00
9.464646464646465418e+00
1.461616161616161591e+01
8.606060606060605522e+00
8.464646464646465418e+00
8.353535353535352925e+00
1.251515151515151558e+01
1.336363636363636331e+01
8.282828282828281985e+00
1.862626262626262630e+01
1.096969696969696884e+01
6.474747474747474918e+00
6.565656565656565746e+00
6.686868686868686851e+00
8.383838383838384090e+00
8.474747474747474030e+00
7.676767676767676463e+00
7.565656565656565746e+00
8.848484848484847731e+00
1.251515151515151558e+01
8.424242424242423866e+00
1.038383838383838409e+01
1.265656565656565569e+01
6.282828282828282873e+00
8.979797979797979224e+00
6.909090909090909172e+00
7.383838383838384090e+00
1.477777777777777857e+01
8.040404040404039776e+00
9.242424242424242209e+00
1.336363636363636331e+01
8.242424242424242209e+00
1.244444444444444464e+01
1.120202020202020243e+01
1.761616161616161591e+01
6.757575757575757791e+00
1.086868686868686851e+01
1.715151515151515227e+01
1.033333333333333393e+01
1.197979797979797922e+01
1.170707070707070763e+01
8.949494949494949836e+00
1.041414141414141348e+01
9.989898989898989612e+00
1.303030303030303116e+01
1.453535353535353458e+01
6.080808080808080440e+00
9.545454545454544970e+00
6.727272727272727515e+00
7.707070707070706739e+00
7.494949494949494806e+00
6.111111111111110716e+00
1.166666666666666607e+01
6.191919191919192045e+00
9.414141414141413478e+00
1.550505050505050519e+01
1.014141414141414188e+01
1.002020202020202078e+01
1.402020202020202078e+01
1.079797979797979757e+01
1.654545454545454675e+01
1.133333333333333393e+01
1.261616161616161591e+01
8.575757575757576134e+00
9.838383838383839120e+00
9.040404040404039776e+00
7.030303030303030276e+00
1.481818181818181834e+01
8.000000000000000000e+00
1.101010101010101039e+01
9.101010101010100328e+00
1.154545454545454497e+01
1.022222222222222143e+01
1.288888888888888928e+01
8.020202020202020776e+00
1.246464646464646542e+01
1.183838383838383912e+01
8.262626262626262985e+00
1.189898989898989967e+01
1.113131313131313149e+01
1.036363636363636331e+01
6.767676767676767291e+00
6.080808080808080440e+00
1.373737373737373701e+01
9.222222222222221433e+00
9.272727272727273373e+00
7.232323232323232709e+00
1.022222222222222143e+01
1.519191919191919204e+01
1.617171717171717304e+01
9.191919191919192045e+00
7.656565656565656575e+00
6.979797979797980112e+00
9.303030303030302761e+00
1.036363636363636331e+01
1.071717171717171802e+01
1.254545454545454497e+01
1.253535353535353458e+01
1.010101010101010033e+01
7.717171717171717127e+00
8.181818181818181657e+00
9.151515151515152269e+00
9.767676767676768179e+00
7.737373737373737015e+00
1.139393939393939448e+01
8.666666666666666075e+00
8.303030303030302761e+00
1.006060606060606055e+01
9.707070707070707627e+00
1.953535353535353636e+01
8.434343434343434254e+00
1.064646464646464707e+01
1.103030303030303116e+01
1.025252525252525260e+01
1.076767676767676818e+01
8.464646464646465418e+00
8.353535353535352925e+00
7.646464646464646187e+00
1.338383838383838409e+01
8.838383838383839120e+00
1.046464646464646542e+01
1.264646464646464707e+01
8.909090909090908283e+00
1.211111111111111072e+01
1.047474747474747403e+01
1.236363636363636331e+01
1.261616161616161591e+01
5.818181818181818343e+00
1.426262626262626299e+01
7.090909090909090828e+00
1.173737373737373701e+01
7.727272727272727515e+00
7.616161616161615910e+00
1.198989898989898961e+01
1.234343434343434431e+01
6.969696969696969724e+00
7.787878787878788067e+00
7.797979797979797567e+00
8.696969696969697239e+00
1.055555555555555536e+01
1.083838383838383912e+01
9.262626262626262985e+00
9.565656565656565746e+00
7.575757575757576134e+00
1.061616161616161591e+01
1.095959595959596022e+01
1.137373737373737370e+01
1.203030303030303116e+01
1.038383838383838409e+01
1.001010101010101039e+01
8.797979797979797567e+00
1.078787878787878718e+01
8.525252525252525970e+00
1.004040404040403978e+01
1.359595959595959513e+01
9.474747474747474030e+00
9.707070707070707627e+00
9.858585858585858119e+00
9.010101010101010388e+00
1.086868686868686851e+01
1.065656565656565569e+01
1.047474747474747403e+01
9.525252525252525970e+00
1.041414141414141348e+01
9.545454545454544970e+00
9.656565656565655686e+00
1.007070707070707094e+01
9.666666666666666075e+00
6.595959595959596022e+00
1.000000000000000000e+01
5.393939393939393590e+00
1.697979797979797922e+01
6.313131313131313149e+00
1.142424242424242387e+01
8.484848484848484418e+00
1.216161616161616088e+01
1.024242424242424221e+01
6.838383838383838231e+00
1.122222222222222143e+01
9.191919191919192045e+00
7.909090909090909172e+00
9.292929292929292373e+00
9.474747474747474030e+00
7.606060606060606410e+00
9.040404040404039776e+00
8.363636363636363313e+00
7.545454545454545858e+00
7.404040404040403978e+00
6.242424242424242209e+00
8.646464646464647075e+00
7.989898989898989612e+00
1.350505050505050519e+01
9.757575757575757791e+00
9.333333333333333925e+00
1.015151515151515227e+01
1.308080808080808133e+01
7.616161616161615910e+00
1.010101010101010033e+01
8.373737373737373701e+00
1.054545454545454497e+01
1.012121212121212110e+01
9.686868686868686851e+00
9.616161616161615910e+00
1.205050505050505016e+01
8.969696969696968836e+00
6.161616161616161769e+00
1.009090909090909172e+01
7.252525252525252597e+00
2.255555555555555713e+01
1.043434343434343425e+01
7.727272727272727515e+00
7.949494949494949836e+00
8.737373737373737015e+00
8.595959595959595134e+00
9.272727272727273373e+00
7.838383838383838231e+00
1.143434343434343425e+01
9.222222222222221433e+00
9.717171717171718015e+00
8.555555555555555358e+00
7.515151515151515582e+00
7.838383838383838231e+00
1.296969696969696884e+01
7.404040404040403978e+00
7.777777777777777679e+00
7.656565656565656575e+00
1.491919191919191867e+01
9.747474747474747403e+00
9.121212121212121104e+00
1.077777777777777857e+01
1.062626262626262630e+01
1.565656565656565569e+01
8.010101010101010388e+00
1.104040404040403978e+01
1.488888888888888928e+01
1.077777777777777857e+01
7.656565656565656575e+00
1.505050505050505016e+01
1.452525252525252597e+01
1.279797979797979757e+01
1.471717171717171802e+01
9.222222222222221433e+00
1.147474747474747403e+01
9.979797979797979224e+00
1.132323232323232354e+01
1.095959595959596022e+01
1.009090909090909172e+01
7.595959595959596022e+00
1.051515151515151558e+01
8.272727272727273373e+00
6.888888888888889284e+00
1.174747474747474740e+01
1.035353535353535293e+01
9.595959595959595134e+00
7.161616161616161769e+00
1.192929292929292906e+01
8.616161616161615910e+00
1.224242424242424221e+01
1.025252525252525260e+01
8.767676767676768179e+00
9.393939393939394478e+00
8.161616161616160880e+00
1.018181818181818166e+01
1.178787878787878718e+01
8.161616161616160880e+00
7.828282828282827843e+00
8.060606060606060552e+00
1.210101010101010033e+01
6.232323232323232709e+00
6.646464646464646187e+00
1.046464646464646542e+01
1.355555555555555536e+01
9.595959595959595134e+00
9.787878787878787179e+00
1.146464646464646542e+01
7.090909090909090828e+00
7.505050505050505194e+00
8.474747474747474030e+00
1.158585858585858652e+01
1.075757575757575779e+01
7.252525252525252597e+00
1.026262626262626299e+01
1.924242424242424221e+01
1.583838383838383912e+01
2.000000000000000000e+01
1.363636363636363669e+01
1.058585858585858652e+01
9.333333333333333925e+00
1.605050505050505194e+01
1.124242424242424221e+01
8.242424242424242209e+00
1.118181818181818166e+01
1.187878787878787890e+01
8.828282828282828731e+00
1.011111111111111072e+01
9.383838383838384090e+00
1.557575757575757613e+01
8.313131313131313149e+00
7.000000000000000000e+00
8.404040404040404866e+00
7.616161616161615910e+00
1.462626262626262630e+01
7.484848484848484418e+00
1.125252525252525260e+01
9.838383838383839120e+00
1.081818181818181834e+01
1.198989898989898961e+01
9.272727272727273373e+00
9.474747474747474030e+00
1.412121212121212110e+01
1.238383838383838409e+01
9.939393939393939448e+00
8.989898989898989612e+00
7.030303030303030276e+00
8.353535353535352925e+00
1.053535353535353458e+01
1.058585858585858652e+01
9.171717171717171269e+00
9.555555555555555358e+00
7.090909090909090828e+00
6.767676767676767291e+00
6.717171717171717127e+00
8.232323232323231821e+00
9.949494949494949836e+00
1.446464646464646542e+01
1.247474747474747403e+01
1.067676767676767646e+01
7.151515151515151381e+00
1.220202020202020243e+01
1.114141414141414188e+01
1.435353535353535293e+01
8.494949494949494806e+00
7.191919191919192045e+00
1.244444444444444464e+01
8.747474747474747403e+00
6.353535353535353813e+00
1.169696969696969724e+01
1.356565656565656575e+01
9.434343434343434254e+00
9.181818181818181657e+00
6.757575757575757791e+00
6.909090909090909172e+00
6.121212121212121104e+00
7.393939393939393590e+00
2.098989898989898961e+01
9.010101010101010388e+00
1.087878787878787890e+01
1.293939393939393945e+01
1.734343434343434254e+01
7.898989898989898784e+00
1.061616161616161591e+01
1.143434343434343425e+01
1.140404040404040487e+01
9.090909090909091717e+00
8.161616161616160880e+00
1.014141414141414188e+01
7.525252525252525082e+00
1.028282828282828198e+01
6.888888888888889284e+00
6.696969696969697239e+00
8.010101010101010388e+00
1.044444444444444464e+01
9.060606060606060552e+00
9.656565656565655686e+00
1.234343434343434431e+01
9.313131313131313149e+00
1.387878787878787890e+01
1.086868686868686851e+01
7.232323232323232709e+00
7.666666666666666963e+00
5.656565656565656575e+00
7.404040404040403978e+00
9.424242424242423866e+00
8.555555555555555358e+00
8.333333333333333925e+00
8.050505050505050164e+00
1.088888888888888928e+01
1.229292929292929237e+01
7.909090909090909172e+00
1.059595959595959513e+01
7.727272727272727515e+00
1.398989898989898961e+01
8.191919191919192045e+00
9.050505050505050164e+00
8.898989898989899672e+00
9.454545454545455030e+00
9.313131313131313149e+00
8.787878787878787179e+00
1.396969696969696884e+01
9.494949494949494806e+00
8.747474747474747403e+00
1.092929292929292906e+01
8.494949494949494806e+00
8.474747474747474030e+00
1.195959595959596022e+01
9.101010101010100328e+00
7.000000000000000000e+00
7.282828282828282873e+00
8.464646464646465418e+00
8.525252525252525970e+00
1.658585858585858475e+01
1.080808080808080796e+01
9.000000000000000000e+00
9.424242424242423866e+00
7.141414141414140992e+00
1.109090909090909172e+01
7.000000000000000000e+00
7.555555555555555358e+00
1.284848484848484773e+01
8.060606060606060552e+00
7.404040404040403978e+00
1.955555555555555713e+01
7.808080808080807955e+00
1.238383838383838409e+01
1.035353535353535293e+01
8.262626262626262985e+00
1.053535353535353458e+01
8.040404040404039776e+00
1.504040404040403978e+01
9.444444444444444642e+00
1.350505050505050519e+01
1.242424242424242387e+01
8.000000000000000000e+00
9.898989898989899672e+00
8.121212121212121104e+00
1.015151515151515227e+01
7.484848484848484418e+00
1.312121212121212110e+01
5.646464646464646187e+00
1.780808080808080973e+01
1.090909090909090828e+01
7.525252525252525082e+00
9.818181818181818343e+00
1.179797979797979757e+01
8.030303030303031164e+00
9.424242424242423866e+00
8.898989898989899672e+00
9.686868686868686851e+00
8.404040404040404866e+00
7.070707070707070940e+00
1.173737373737373701e+01
8.373737373737373701e+00
9.676767676767676463e+00
8.575757575757576134e+00
1.023232323232323182e+01
1.068686868686868685e+01
8.858585858585858119e+00
9.383838383838384090e+00
1.086868686868686851e+01
7.414141414141414366e+00
1.005050505050505016e+01
6.686868686868686851e+00
7.838383838383838231e+00
1.119191919191919204e+01
8.787878787878787179e+00
9.919191919191918672e+00
8.616161616161615910e+00
8.676767676767676463e+00
1.068686868686868685e+01
1.203030303030303116e+01
7.727272727272727515e+00
8.464646464646465418e+00
6.262626262626262985e+00
1.412121212121212110e+01
8.707070707070707627e+00
9.575757575757576134e+00
9.404040404040404866e+00
1.388888888888888928e+01
1.224242424242424221e+01
1.092929292929292906e+01
7.191919191919192045e+00
9.575757575757576134e+00
1.191919191919191867e+01
1.057575757575757613e+01
1.114141414141414188e+01
1.172727272727272663e+01
7.606060606060606410e+00
1.152525252525252597e+01
8.161616161616160880e+00
9.131313131313131493e+00
1.478787878787878718e+01
1.082828282828282873e+01
8.929292929292929060e+00
9.424242424242423866e+00
7.101010101010101216e+00
1.033333333333333393e+01
1.282828282828282873e+01
8.494949494949494806e+00
1.230303030303030276e+01
9.737373737373737015e+00
7.888888888888889284e+00
1.090909090909090828e+01
8.747474747474747403e+00
9.373737373737373701e+00
8.777777777777778567e+00
1.187878787878787890e+01
9.989898989898989612e+00
1.333333333333333393e+01
7.525252525252525082e+00
8.393939393939394478e+00
1.185858585858585812e+01
9.151515151515152269e+00
1.218181818181818166e+01
9.080808080808081328e+00
5.616161616161615910e+00
1.332323232323232354e+01
1.301010101010101039e+01
1.010101010101010033e+01
8.313131313131313149e+00
1.611111111111111072e+01
8.898989898989899672e+00
7.585858585858585634e+00
8.737373737373737015e+00
8.090909090909091717e+00
8.090909090909091717e+00
9.656565656565655686e+00
1.010101010101010033e+01
1.130303030303030276e+01
6.777777777777777679e+00
1.043434343434343425e+01
1.035353535353535293e+01
1.231313131313131315e+01
1.333333333333333393e+01
9.515151515151515582e+00
8.535353535353534582e+00
8.606060606060605522e+00
6.747474747474747403e+00
1.011111111111111072e+01
9.151515151515152269e+00
9.515151515151515582e+00
7.616161616161615910e+00
6.272727272727272485e+00
8.747474747474747403e+00
1.062626262626262630e+01
1.031313131313131315e+01
8.585858585858586522e+00
1.060606060606060552e+01
7.232323232323232709e+00
1.403030303030303116e+01
7.393939393939393590e+00
7.888888888888889284e+00
1.041414141414141348e+01
7.878787878787878896e+00
1.204040404040403978e+01
7.464646464646464530e+00
9.030303030303031164e+00
1.157575757575757613e+01
1.028282828282828198e+01
1.422222222222222143e+01
9.444444444444444642e+00
8.393939393939394478e+00
7.464646464646464530e+00
7.848484848484848619e+00
6.020202020202019888e+00
8.575757575757576134e+00
8.232323232323231821e+00
1.491919191919191867e+01
1.240404040404040487e+01
6.969696969696969724e+00
8.575757575757576134e+00
9.636363636363636687e+00
1.245454545454545503e+01
1.015151515151515227e+01
1.523232323232323182e+01
8.949494949494949836e+00
8.383838383838384090e+00
9.787878787878787179e+00
1.351515151515151558e+01
7.858585858585859008e+00
1.316161616161616088e+01
8.131313131313131493e+00
1.239393939393939448e+01
8.010101010101010388e+00
9.363636363636363313e+00
8.949494949494949836e+00
1.048484848484848442e+01
6.636363636363636687e+00
8.414141414141413478e+00
9.101010101010100328e+00
9.141414141414141881e+00
1.214141414141414188e+01
6.797979797979797567e+00
7.808080808080807955e+00
1.246464646464646542e+01
6.666666666666666963e+00
1.226262626262626299e+01
1.289898989898989967e+01
7.141414141414140992e+00
1.091919191919191867e+01
1.450505050505050519e+01
1.360606060606060552e+01
1.305050505050505016e+01
8.575757575757576134e+00
7.858585858585859008e+00
8.353535353535352925e+00
8.646464646464647075e+00
1.613131313131313149e+01
1.108080808080808133e+01
9.161616161616160880e+00
9.676767676767676463e+00
1.064646464646464707e+01
1.286868686868686851e+01
7.343434343434343425e+00
8.909090909090908283e+00
7.858585858585859008e+00
9.616161616161615910e+00
9.595959595959595134e+00
1.181818181818181834e+01
7.737373737373737015e+00
8.595959595959595134e+00
8.171717171717171269e+00
1.070707070707070763e+01
1.651515151515151558e+01
9.878787878787878896e+00
8.727272727272726627e+00
9.171717171717171269e+00
7.707070707070706739e+00
1.195959595959596022e+01
1.355555555555555536e+01
1.009090909090909172e+01
9.777777777777778567e+00
9.444444444444444642e+00
9.939393939393939448e+00
1.304040404040403978e+01
1.040404040404040487e+01
1.134343434343434431e+01
1.193939393939393945e+01
1.415151515151515227e+01
7.535353535353535470e+00
1.352525252525252597e+01
9.606060606060605522e+00
1.101010101010101039e+01
1.090909090909090828e+01
1.127272727272727337e+01
1.302020202020202078e+01
9.070707070707070940e+00
1.121212121212121282e+01
9.272727272727273373e+00
8.494949494949494806e+00
1.178787878787878718e+01
1.177777777777777857e+01
8.292929292929292373e+00
1.003030303030303116e+01
1.069696969696969724e+01
8.121212121212121104e+00
6.979797979797980112e+00
5.646464646464646187e+00
1.126262626262626299e+01
9.181818181818181657e+00
5.888888888888889284e+00
1.424242424242424221e+01
9.919191919191918672e+00
6.575757575757576134e+00
7.030303030303030276e+00
7.878787878787878896e+00
1.185858585858585812e+01
7.454545454545454142e+00
1.336363636363636331e+01
8.525252525252525970e+00
1.125252525252525260e+01
1.029292929292929237e+01
9.454545454545455030e+00
8.585858585858586522e+00
8.787878787878787179e+00
1.195959595959596022e+01
9.030303030303031164e+00
1.191919191919191867e+01
1.030303030303030276e+01
1.148484848484848442e+01
9.030303030303031164e+00
1.130303030303030276e+01
9.595959595959595134e+00
8.060606060606060552e+00
8.969696969696968836e+00
6.232323232323232709e+00
6.222222222222222321e+00
1.711111111111111072e+01
1.247474747474747403e+01
8.313131313131313149e+00
7.555555555555555358e+00
9.535353535353534582e+00
7.929292929292929060e+00
8.404040404040404866e+00
8.959595959595960224e+00
8.969696969696968836e+00
5.969696969696969724e+00
1.469696969696969724e+01
8.989898989898989612e+00
1.371717171717171802e+01
6.484848484848484418e+00
6.767676767676767291e+00
7.424242424242423866e+00
9.787878787878787179e+00
1.006060606060606055e+01
1.013131313131313149e+01
1.293939393939393945e+01
7.919191919191919560e+00
1.036363636363636331e+01
7.828282828282827843e+00
1.124242424242424221e+01
8.777777777777778567e+00
9.858585858585858119e+00
1.009090909090909172e+01
1.154545454545454497e+01
9.676767676767676463e+00
9.676767676767676463e+00
7.474747474747474918e+00
9.101010101010100328e+00
1.311111111111111072e+01
1.127272727272727337e+01
1.047474747474747403e+01
7.131313131313131493e+00
1.423232323232323182e+01
9.848484848484847731e+00
8.727272727272726627e+00
8.393939393939394478e+00
8.707070707070707627e+00
9.585858585858586522e+00
1.141414141414141348e+01
1.041414141414141348e+01
1.409090909090909172e+01
9.292929292929292373e+00
1.120202020202020243e+01
1.263636363636363669e+01
9.222222222222221433e+00
7.636363636363636687e+00
1.085858585858585812e+01
8.686868686868686851e+00
7.252525252525252597e+00
1.305050505050505016e+01
1.153535353535353458e+01
1.019191919191919204e+01
1.284848484848484773e+01
1.248484848484848442e+01
8.808080808080807955e+00
9.505050505050505194e+00
1.073737373737373701e+01
9.767676767676768179e+00
7.848484848484848619e+00
7.050505050505050164e+00
1.346464646464646542e+01
9.191919191919192045e+00
7.343434343434343425e+00
7.606060606060606410e+00
1.144444444444444464e+01
9.111111111111110716e+00
9.484848484848484418e+00
9.484848484848484418e+00
9.505050505050505194e+00
7.606060606060606410e+00
8.414141414141413478e+00
1.269696969696969724e+01
1.182828282828282873e+01
1.438383838383838409e+01
1.086868686868686851e+01
1.439393939393939448e+01
1.013131313131313149e+01
1.349494949494949481e+01
9.818181818181818343e+00
1.663636363636363669e+01
8.909090909090908283e+00
1.206060606060606055e+01
7.080808080808080440e+00
1.120202020202020243e+01
1.012121212121212110e+01
1.434343434343434431e+01
6.858585858585859008e+00
9.090909090909091717e+00
9.989898989898989612e+00
8.919191919191918672e+00
5.626262626262626299e+00
1.198989898989898961e+01
9.767676767676768179e+00
9.878787878787878896e+00
1.267676767676767646e+01
7.494949494949494806e+00
9.767676767676768179e+00
9.454545454545455030e+00
8.444444444444444642e+00
8.000000000000000000e+00
9.969696969696968836e+00
1.129292929292929237e+01
9.787878787878787179e+00
8.797979797979797567e+00
1.184848484848484773e+01
1.120202020202020243e+01
6.656565656565656575e+00
9.888888888888889284e+00
9.363636363636363313e+00
1.121212121212121282e+01
1.320202020202020243e+01
1.032323232323232354e+01
8.323232323232323537e+00
8.929292929292929060e+00
9.404040404040404866e+00
7.343434343434343425e+00
9.070707070707070940e+00
7.949494949494949836e+00
8.494949494949494806e+00
1.317171717171717127e+01
9.020202020202020776e+00
8.242424242424242209e+00
1.257575757575757613e+01
1.304040404040403978e+01
9.747474747474747403e+00
1.062626262626262630e+01
1.131313131313131315e+01
1.118181818181818166e+01
1.208080808080808133e+01
8.010101010101010388e+00
1.157575757575757613e+01
1.059595959595959513e+01
1.616161616161616266e+01
8.505050505050505194e+00
9.707070707070707627e+00
1.069696969696969724e+01
8.888888888888889284e+00
9.696969696969697239e+00
7.424242424242423866e+00
6.898989898989898784e+00
1.057575757575757613e+01
1.097979797979797922e+01
9.727272727272726627e+00
8.252525252525252597e+00
9.000000000000000000e+00
7.393939393939393590e+00
1.101010101010101039e+01
6.727272727272727515e+00
1.166666666666666607e+01
5.909090909090909172e+00
9.666666666666666075e+00
9.414141414141413478e+00
1.004040404040403978e+01
9.676767676767676463e+00
9.404040404040404866e+00
7.222222222222222321e+00
1.673737373737373701e+01
1.101010101010101039e+01
1.118181818181818166e+01
1.024242424242424221e+01
1.091919191919191867e+01
1.136363636363636331e+01
1.033333333333333393e+01
7.757575757575757791e+00
1.114141414141414188e+01
6.181818181818181657e+00
1.089898989898989967e+01
1.152525252525252597e+01
1.144444444444444464e+01
7.626262626262626299e+00
1.351515151515151558e+01
9.686868686868686851e+00
1.301010101010101039e+01
1.120202020202020243e+01
1.145454545454545503e+01
8.737373737373737015e+00
7.474747474747474918e+00
6.222222222222222321e+00
1.236363636363636331e+01
1.177777777777777857e+01
8.262626262626262985e+00
1.024242424242424221e+01
9.232323232323231821e+00
1.192929292929292906e+01
1.459595959595959513e+01
8.565656565656565746e+00
8.818181818181818343e+00
1.340404040404040487e+01
1.061616161616161591e+01
1.049494949494949481e+01
1.079797979797979757e+01
1.037373737373737370e+01
1.221212121212121282e+01
1.082828282828282873e+01
1.259595959595959513e+01
1.397979797979797922e+01
1.059595959595959513e+01
1.167676767676767646e+01
1.460606060606060552e+01
1.047474747474747403e+01
8.878787878787878896e+00
9.464646464646465418e+00
8.717171717171718015e+00
9.222222222222221433e+00
1.195959595959596022e+01
1.474747474747474740e+01
9.020202020202020776e+00
1.368686868686868685e+01
1.068686868686868685e+01
8.878787878787878896e+00
1.150505050505050519e+01
8.101010101010100328e+00
7.979797979797980112e+00
8.242424242424242209e+00
1.008080808080808133e+01
1.076767676767676818e+01
9.454545454545455030e+00
8.737373737373737015e+00
1.332323232323232354e+01
6.070707070707070940e+00
1.094949494949494984e+01
6.222222222222222321e+00
1.001010101010101039e+01
1.194949494949494984e+01
1.300000000000000000e+01
8.131313131313131493e+00
7.969696969696969724e+00
7.323232323232323537e+00
1.172727272727272663e+01
1.202020202020202078e+01
1.114141414141414188e+01
9.404040404040404866e+00
8.505050505050505194e+00
9.939393939393939448e+00
8.101010101010100328e+00
1.153535353535353458e+01
1.315151515151515227e+01
8.969696969696968836e+00
9.383838383838384090e+00
8.333333333333333925e+00
1.227272727272727337e+01
7.484848484848484418e+00
1.022222222222222143e+01
1.574747474747474740e+01
8.717171717171718015e+00
1.280808080808080796e+01
9.393939393939394478e+00
1.474747474747474740e+01
8.575757575757576134e+00
1.058585858585858652e+01
5.373737373737373701e+00
8.646464646464647075e+00
1.571717171717171802e+01
1.148484848484848442e+01
1.207070707070707094e+01
6.070707070707070940e+00
1.193939393939393945e+01
1.184848484848484773e+01
6.393939393939393590e+00
8.292929292929292373e+00
1.331313131313131315e+01
7.535353535353535470e+00
1.040404040404040487e+01
8.242424242424242209e+00
9.989898989898989612e+00
1.078787878787878718e+01
1.017171717171717127e+01
7.707070707070706739e+00
8.868686868686868507e+00
9.404040404040404866e+00
9.747474747474747403e+00
6.989898989898989612e+00
1.097979797979797922e+01
7.555555555555555358e+00
7.141414141414140992e+00
8.535353535353534582e+00
1.074747474747474740e+01
8.131313131313131493e+00
8.878787878787878896e+00
9.464646464646465418e+00
8.939393939393939448e+00
1.161616161616161591e+01
1.187878787878787890e+01
1.290909090909090828e+01
1.044444444444444464e+01
1.739393939393939448e+01
1.048484848484848442e+01
1.104040404040403978e+01
7.222222222222222321e+00
8.636363636363636687e+00
9.111111111111110716e+00
7.525252525252525082e+00
1.143434343434343425e+01
9.171717171717171269e+00
1.150505050505050519e+01
7.292929292929293261e+00
1.103030303030303116e+01
1.060606060606060552e+01
7.787878787878788067e+00
1.244444444444444464e+01
9.030303030303031164e+00
1.414141414141414188e+01
9.080808080808081328e+00
1.141414141414141348e+01
5.828282828282827843e+00
1.105050505050505016e+01
9.141414141414141881e+00
8.949494949494949836e+00
7.818181818181818343e+00
7.989898989898989612e+00
8.868686868686868507e+00
7.202020202020202433e+00
9.414141414141413478e+00
1.020202020202020243e+01
7.656565656565656575e+00
1.026262626262626299e+01
1.114141414141414188e+01
7.030303030303030276e+00
6.444444444444444642e+00
8.515151515151515582e+00
9.393939393939394478e+00
7.717171717171717127e+00
1.140404040404040487e+01
1.051515151515151558e+01
9.434343434343434254e+00
1.726262626262626299e+01
9.626262626262626299e+00
9.232323232323231821e+00
1.566666666666666607e+01
1.134343434343434431e+01
1.913131313131313149e+01
1.017171717171717127e+01
8.111111111111110716e+00
1.035353535353535293e+01
8.666666666666666075e+00
8.111111111111110716e+00
1.777777777777777857e+01
8.212121212121212821e+00
1.104040404040403978e+01
5.606060606060606410e+00
1.017171717171717127e+01
1.349494949494949481e+01
1.744444444444444287e+01
5.686868686868686851e+00
1.098989898989898961e+01
1.135353535353535293e+01
8.232323232323231821e+00
9.191919191919192045e+00
1.009090909090909172e+01
9.050505050505050164e+00
9.070707070707070940e+00
8.020202020202020776e+00
7.888888888888889284e+00
6.545454545454545858e+00
9.222222222222221433e+00
1.036363636363636331e+01
8.383838383838384090e+00
8.757575757575757791e+00
9.676767676767676463e+00
1.490909090909090828e+01
1.473737373737373701e+01
1.355555555555555536e+01
8.888888888888889284e+00
8.343434343434344314e+00
1.017171717171717127e+01
9.666666666666666075e+00
1.235353535353535293e+01
9.303030303030302761e+00
9.626262626262626299e+00
8.252525252525252597e+00
1.259595959595959513e+01
8.656565656565655686e+00
8.777777777777778567e+00
1.202020202020202078e+01
7.333333333333333037e+00
1.132323232323232354e+01
1.023232323232323182e+01
1.069696969696969724e+01
8.656565656565655686e+00
7.787878787878788067e+00
1.274747474747474740e+01
1.005050505050505016e+01
9.838383838383839120e+00
1.024242424242424221e+01
8.494949494949494806e+00
7.131313131313131493e+00
8.616161616161615910e+00
7.959595959595959336e+00
8.101010101010100328e+00
9.646464646464647075e+00
1.090909090909090828e+01
8.282828282828281985e+00
8.020202020202020776e+00
7.575757575757576134e+00
1.280808080808080796e+01
1.024242424242424221e+01
8.424242424242423866e+00
8.646464646464647075e+00
6.454545454545454142e+00
6.050505050505050164e+00
1.022222222222222143e+01
7.676767676767676463e+00
8.828282828282828731e+00
1.047474747474747403e+01
7.767676767676767291e+00
8.131313131313131493e+00
9.373737373737373701e+00
7.505050505050505194e+00
9.767676767676768179e+00
1.338383838383838409e+01
1.276767676767676818e+01
1.203030303030303116e+01
1.021212121212121282e+01
1.046464646464646542e+01
1.177777777777777857e+01
7.737373737373737015e+00
1.140404040404040487e+01
1.019191919191919204e+01
1.092929292929292906e+01
7.040404040404040664e+00
1.261616161616161591e+01
1.042424242424242387e+01
1.325252525252525260e+01
8.868686868686868507e+00
1.419191919191919204e+01
7.010101010101010388e+00
7.222222222222222321e+00
7.252525252525252597e+00
8.343434343434344314e+00
1.032323232323232354e+01
8.030303030303031164e+00
7.464646464646464530e+00
1.073737373737373701e+01
1.375757575757575779e+01
1.143434343434343425e+01
9.575757575757576134e+00
1.303030303030303116e+01
8.383838383838384090e+00
6.696969696969697239e+00
8.606060606060605522e+00
1.573737373737373701e+01
8.616161616161615910e+00
8.222222222222221433e+00
1.027272727272727337e+01
9.585858585858586522e+00
6.070707070707070940e+00
1.234343434343434431e+01
6.888888888888889284e+00
8.333333333333333925e+00
1.611111111111111072e+01
7.292929292929293261e+00
8.555555555555555358e+00
8.727272727272726627e+00
1.052525252525252597e+01
7.666666666666666963e+00
9.696969696969697239e+00
1.051515151515151558e+01
9.393939393939394478e+00
9.121212121212121104e+00
6.686868686868686851e+00
7.505050505050505194e+00
9.090909090909091717e+00
1.449494949494949481e+01
1.045454545454545503e+01
1.107070707070707094e+01
8.343434343434344314e+00
1.859595959595959513e+01
7.202020202020202433e+00
6.222222222222222321e+00
9.010101010101010388e+00
1.366666666666666607e+01
7.636363636363636687e+00
1.051515151515151558e+01
9.878787878787878896e+00
1.017171717171717127e+01
1.111111111111111072e+01
1.025252525252525260e+01
1.285858585858585812e+01
9.595959595959595134e+00
1.005050505050505016e+01
8.141414141414141881e+00
1.232323232323232354e+01
8.898989898989899672e+00
1.168686868686868685e+01
1.015151515151515227e+01
9.414141414141413478e+00
1.283838383838383912e+01
7.555555555555555358e+00
9.676767676767676463e+00
1.456565656565656575e+01
6.555555555555555358e+00
7.696969696969697239e+00
1.107070707070707094e+01
1.439393939393939448e+01
6.474747474747474918e+00
8.858585858585858119e+00
8.404040404040404866e+00
8.656565656565655686e+00
1.137373737373737370e+01
8.898989898989899672e+00
8.717171717171718015e+00
7.232323232323232709e+00
7.313131313131313149e+00
7.535353535353535470e+00
6.868686868686868507e+00
1.140404040404040487e+01
8.424242424242423866e+00
7.535353535353535470e+00
7.353535353535353813e+00
1.009090909090909172e+01
8.323232323232323537e+00
1.286868686868686851e+01
1.189898989898989967e+01
1.062626262626262630e+01
1.092929292929292906e+01
9.020202020202020776e+00
9.323232323232323537e+00
1.575757575757575779e+01
1.113131313131313149e+01
1.009090909090909172e+01
6.181818181818181657e+00
8.323232323232323537e+00
1.023232323232323182e+01
9.646464646464647075e+00
1.227272727272727337e+01
8.393939393939394478e+00
7.222222222222222321e+00
8.878787878787878896e+00
1.114141414141414188e+01
8.848484848484847731e+00
7.303030303030302761e+00
7.595959595959596022e+00
8.252525252525252597e+00
9.505050505050505194e+00
7.101010101010101216e+00
5.898989898989898784e+00
1.435353535353535293e+01
1.276767676767676818e+01
9.565656565656565746e+00
7.161616161616161769e+00
1.022222222222222143e+01
8.000000000000000000e+00
8.898989898989899672e+00
1.452525252525252597e+01
1.120202020202020243e+01
8.545454545454544970e+00
9.020202020202020776e+00
8.868686868686868507e+00
8.212121212121212821e+00
7.141414141414140992e+00
1.033333333333333393e+01
1.232323232323232354e+01
9.131313131313131493e+00
7.717171717171717127e+00
7.838383838383838231e+00
8.959595959595960224e+00
9.161616161616160880e+00
8.292929292929292373e+00
1.035353535353535293e+01
6.989898989898989612e+00
9.393939393939394478e+00
1.043434343434343425e+01
1.318181818181818166e+01
8.626262626262626299e+00
1.197979797979797922e+01
7.858585858585859008e+00
1.069696969696969724e+01
1.435353535353535293e+01
1.615151515151515227e+01
1.023232323232323182e+01
7.585858585858585634e+00
9.515151515151515582e+00
7.909090909090909172e+00
8.727272727272726627e+00
1.082828282828282873e+01
8.141414141414141881e+00
9.161616161616160880e+00
7.363636363636363313e+00
9.737373737373737015e+00
6.646464646464646187e+00
7.949494949494949836e+00
9.313131313131313149e+00
1.830303030303030454e+01
1.150505050505050519e+01
8.121212121212121104e+00
1.679797979797979934e+01
9.787878787878787179e+00
1.805050505050505194e+01
1.032323232323232354e+01
7.080808080808080440e+00
8.888888888888889284e+00
1.098989898989898961e+01
1.143434343434343425e+01
6.525252525252525082e+00
8.161616161616160880e+00
1.407070707070707094e+01
1.431313131313131315e+01
9.575757575757576134e+00
9.090909090909091717e+00
1.086868686868686851e+01
1.391919191919191867e+01
8.838383838383839120e+00
1.269696969696969724e+01
1.085858585858585812e+01
1.286868686868686851e+01
6.515151515151515582e+00
8.606060606060605522e+00
9.868686868686868507e+00
9.979797979797979224e+00
1.121212121212121282e+01
8.919191919191918672e+00
7.898989898989898784e+00
1.332323232323232354e+01
9.979797979797979224e+00
9.222222222222221433e+00
7.010101010101010388e+00
1.004040404040403978e+01
6.676767676767676463e+00
8.353535353535352925e+00
7.747474747474747403e+00
1.039393939393939448e+01
9.212121212121212821e+00
9.808080808080807955e+00
6.575757575757576134e+00
8.323232323232323537e+00
1.589898989898989967e+01
7.040404040404040664e+00
8.888888888888889284e+00
1.058585858585858652e+01
1.212121212121212110e+01
8.515151515151515582e+00
8.151515151515152269e+00
7.242424242424242209e+00
8.717171717171718015e+00
1.737373737373737370e+01
1.225252525252525260e+01
1.192929292929292906e+01
9.272727272727273373e+00
9.242424242424242209e+00
1.054545454545454497e+01
1.086868686868686851e+01
7.111111111111110716e+00
8.181818181818181657e+00
1.049494949494949481e+01
1.116161616161616088e+01
8.373737373737373701e+00
9.636363636363636687e+00
1.377777777777777857e+01
7.666666666666666963e+00
7.646464646464646187e+00
1.250505050505050519e+01
1.033333333333333393e+01
7.646464646464646187e+00
9.696969696969697239e+00
8.939393939393939448e+00
1.205050505050505016e+01
8.060606060606060552e+00
8.717171717171718015e+00
1.121212121212121282e+01
8.010101010101010388e+00
1.009090909090909172e+01
1.312121212121212110e+01
7.212121212121211933e+00
9.656565656565655686e+00
8.777777777777778567e+00
8.868686868686868507e+00
8.797979797979797567e+00
8.636363636363636687e+00
1.969696969696969546e+01
1.654545454545454675e+01
9.646464646464647075e+00
7.545454545454545858e+00
8.818181818181818343e+00
1.364646464646464707e+01
6.303030303030302761e+00
1.051515151515151558e+01
1.272727272727272663e+01
6.535353535353535470e+00
8.151515151515152269e+00
6.848484848484848619e+00
9.777777777777778567e+00
7.474747474747474918e+00
1.052525252525252597e+01
1.088888888888888928e+01
1.016161616161616088e+01
8.595959595959595134e+00
1.187878787878787890e+01
7.898989898989898784e+00
9.707070707070707627e+00
7.494949494949494806e+00
8.040404040404039776e+00
1.397979797979797922e+01
6.616161616161615910e+00
9.656565656565655686e+00
9.848484848484847731e+00
9.797979797979797567e+00
8.171717171717171269e+00
7.676767676767676463e+00
9.808080808080807955e+00
1.334343434343434431e+01
1.188888888888888928e+01
6.555555555555555358e+00
1.223232323232323182e+01
7.424242424242423866e+00
8.787878787878787179e+00
8.939393939393939448e+00
1.006060606060606055e+01
1.223232323232323182e+01
8.141414141414141881e+00
7.060606060606060552e+00
1.022222222222222143e+01
1.063636363636363669e+01
7.848484848484848619e+00
6.646464646464646187e+00
6.878787878787878896e+00
8.929292929292929060e+00
8.070707070707070940e+00
1.026262626262626299e+01
9.060606060606060552e+00
1.777777777777777857e+01
1.304040404040403978e+01
7.626262626262626299e+00
1.134343434343434431e+01
9.565656565656565746e+00
8.050505050505050164e+00
8.848484848484847731e+00
8.838383838383839120e+00
1.564646464646464707e+01
1.287878787878787890e+01
1.030303030303030276e+01
7.777777777777777679e+00
1.170707070707070763e+01
9.616161616161615910e+00
1.485858585858585812e+01
1.174747474747474740e+01
1.095959595959596022e+01
1.332323232323232354e+01
9.979797979797979224e+00
9.383838383838384090e+00
9.848484848484847731e+00
1.411111111111111072e+01
9.828282828282828731e+00
8.626262626262626299e+00
8.383838383838384090e+00
1.724242424242424221e+01
1.027272727272727337e+01
9.828282828282828731e+00
1.025252525252525260e+01
9.707070707070707627e+00
1.164646464646464707e+01
6.020202020202019888e+00
7.515151515151515582e+00
1.134343434343434431e+01
9.545454545454544970e+00
1.173737373737373701e+01
9.686868686868686851e+00
7.737373737373737015e+00
8.959595959595960224e+00
8.646464646464647075e+00
1.404040404040403978e+01
9.535353535353534582e+00
1.354545454545454497e+01
1.330303030303030276e+01
1.024242424242424221e+01
1.166666666666666607e+01
9.020202020202020776e+00
1.220202020202020243e+01
6.979797979797980112e+00
9.474747474747474030e+00
6.989898989898989612e+00
8.242424242424242209e+00
7.060606060606060552e+00
6.767676767676767291e+00
1.520202020202020243e+01
8.898989898989899672e+00
9.828282828282828731e+00
8.888888888888889284e+00
8.272727272727273373e+00
8.535353535353534582e+00
6.181818181818181657e+00
1.163636363636363669e+01
1.139393939393939448e+01
8.404040404040404866e+00
1.257575757575757613e+01
8.737373737373737015e+00
1.112121212121212110e+01
1.185858585858585812e+01
1.236363636363636331e+01
1.054545454545454497e+01
7.434343434343434254e+00
8.616161616161615910e+00
1.090909090909090828e+01
1.276767676767676818e+01
1.010101010101010033e+01
1.345454545454545503e+01
9.646464646464647075e+00
1.113131313131313149e+01
8.303030303030302761e+00
9.757575757575757791e+00
8.333333333333333925e+00
8.363636363636363313e+00
8.989898989898989612e+00
1.091919191919191867e+01
1.150505050505050519e+01
8.272727272727273373e+00
1.243434343434343425e+01
6.777777777777777679e+00
1.184848484848484773e+01
1.037373737373737370e+01
9.090909090909091717e+00
7.606060606060606410e+00
8.727272727272726627e+00
1.014141414141414188e+01
1.012121212121212110e+01
1.135353535353535293e+01
1.144444444444444464e+01
6.838383838383838231e+00
1.345454545454545503e+01
1.326262626262626299e+01
1.261616161616161591e+01
1.580808080808080796e+01
1.679797979797979934e+01
7.595959595959596022e+00
1.475757575757575779e+01
1.853535353535353636e+01
1.039393939393939448e+01
9.747474747474747403e+00
1.147474747474747403e+01
1.158585858585858652e+01
6.545454545454545858e+00
7.242424242424242209e+00
1.021212121212121282e+01
7.898989898989898784e+00
8.939393939393939448e+00
1.276767676767676818e+01
1.045454545454545503e+01
1.314141414141414188e+01
1.428282828282828198e+01
7.424242424242423866e+00
7.828282828282827843e+00
8.686868686868686851e+00
7.575757575757576134e+00
6.878787878787878896e+00
1.060606060606060552e+01
9.474747474747474030e+00
2.208080808080807955e+01
8.181818181818181657e+00
8.454545454545455030e+00
8.050505050505050164e+00
1.324242424242424221e+01
9.454545454545455030e+00
1.183838383838383912e+01
1.346464646464646542e+01
7.555555555555555358e+00
8.535353535353534582e+00
2.154545454545454675e+01
8.262626262626262985e+00
6.646464646464646187e+00
8.414141414141413478e+00
1.094949494949494984e+01
1.010101010101010033e+01
5.323232323232323537e+00
6.141414141414140992e+00
8.000000000000000000e+00
6.848484848484848619e+00
1.127272727272727337e+01
1.028282828282828198e+01
1.062626262626262630e+01
1.130303030303030276e+01
1.402020202020202078e+01
1.408080808080808133e+01
7.767676767676767291e+00
8.797979797979797567e+00
8.545454545454544970e+00
1.026262626262626299e+01
1.525252525252525260e+01
7.111111111111110716e+00
1.715151515151515227e+01
1.249494949494949481e+01
1.066666666666666607e+01
8.727272727272726627e+00
9.585858585858586522e+00
8.010101010101010388e+00
1.334343434343434431e+01
8.808080808080807955e+00
1.077777777777777857e+01
9.323232323232323537e+00
1.462626262626262630e+01
1.128282828282828198e+01
1.085858585858585812e+01
9.020202020202020776e+00
1.059595959595959513e+01
9.464646464646465418e+00
1.039393939393939448e+01
7.909090909090909172e+00
8.090909090909091717e+00
6.626262626262626299e+00
9.494949494949494806e+00
9.252525252525252597e+00
8.888888888888889284e+00
9.282828282828281985e+00
8.252525252525252597e+00
1.046464646464646542e+01
1.521212121212121282e+01
1.062626262626262630e+01
7.383838383838384090e+00
1.073737373737373701e+01
2.426262626262626299e+01
8.717171717171718015e+00
8.505050505050505194e+00
1.065656565656565569e+01
9.090909090909091717e+00
8.797979797979797567e+00
1.254545454545454497e+01
1.114141414141414188e+01
6.747474747474747403e+00
1.094949494949494984e+01
8.393939393939394478e+00
7.575757575757576134e+00
7.575757575757576134e+00
8.262626262626262985e+00
1.109090909090909172e+01
9.919191919191918672e+00
9.272727272727273373e+00
1.186868686868686851e+01
1.260606060606060552e+01
8.262626262626262985e+00
1.038383838383838409e+01
9.393939393939394478e+00
8.040404040404039776e+00
1.274747474747474740e+01
8.040404040404039776e+00
1.298989898989898961e+01
7.161616161616161769e+00
6.878787878787878896e+00
1.000000000000000000e+01
7.595959595959596022e+00
1.221212121212121282e+01
1.015151515151515227e+01
9.939393939393939448e+00
1.315151515151515227e+01
7.919191919191919560e+00
1.229292929292929237e+01
1.078787878787878718e+01
9.363636363636363313e+00
7.555555555555555358e+00
1.084848484848484773e+01
9.848484848484847731e+00
6.888888888888889284e+00
1.080808080808080796e+01
8.686868686868686851e+00
9.060606060606060552e+00
1.078787878787878718e+01
1.258585858585858652e+01
9.222222222222221433e+00
9.939393939393939448e+00
8.848484848484847731e+00
1.043434343434343425e+01
8.838383838383839120e+00
9.111111111111110716e+00
7.555555555555555358e+00
2.222222222222222143e+01
1.615151515151515227e+01
8.464646464646465418e+00
1.103030303030303116e+01
1.475757575757575779e+01
8.949494949494949836e+00
1.203030303030303116e+01
1.123232323232323182e+01
1.572727272727272663e+01
9.656565656565655686e+00
1.219191919191919204e+01
7.848484848484848619e+00
1.175757575757575779e+01
7.919191919191919560e+00
1.010101010101010033e+01
1.054545454545454497e+01
9.111111111111110716e+00
1.368686868686868685e+01
8.484848484848484418e+00
9.595959595959595134e+00
9.636363636363636687e+00
7.808080808080807955e+00
1.359595959595959513e+01
1.003030303030303116e+01
1.094949494949494984e+01
1.225252525252525260e+01
1.675757575757575779e+01
9.090909090909091717e+00
7.484848484848484418e+00
9.969696969696968836e+00
6.575757575757576134e+00
7.525252525252525082e+00
8.989898989898989612e+00
7.353535353535353813e+00
8.161616161616160880e+00
1.408080808080808133e+01
6.101010101010101216e+00
9.343434343434344314e+00
1.083838383838383912e+01
7.212121212121211933e+00
9.696969696969697239e+00
7.353535353535353813e+00
8.393939393939394478e+00
7.141414141414140992e+00
7.757575757575757791e+00
8.212121212121212821e+00
9.353535353535352925e+00
9.939393939393939448e+00
6.727272727272727515e+00
9.696969696969697239e+00
8.797979797979797567e+00
1.360606060606060552e+01
1.194949494949494984e+01
7.686868686868686851e+00
8.676767676767676463e+00
9.818181818181818343e+00
1.094949494949494984e+01
1.383838383838383912e+01
1.428282828282828198e+01
1.342424242424242387e+01
7.919191919191919560e+00
1.052525252525252597e+01
8.757575757575757791e+00
8.868686868686868507e+00
6.909090909090909172e+00
1.955555555555555713e+01
1.067676767676767646e+01
1.026262626262626299e+01
8.424242424242423866e+00
7.282828282828282873e+00
9.919191919191918672e+00
8.181818181818181657e+00
1.322222222222222143e+01
9.959595959595960224e+00
9.636363636363636687e+00
9.373737373737373701e+00
9.707070707070707627e+00
8.919191919191918672e+00
6.606060606060606410e+00
8.797979797979797567e+00
