1.439393939393939448e+01
1.161616161616161591e+01
1.253535353535353458e+01
1.009090909090909172e+01
1.680808080808080973e+01
1.122222222222222143e+01
1.144444444444444464e+01
1.468686868686868685e+01
2.155555555555555713e+01
1.904040404040404155e+01
1.038383838383838409e+01
1.373737373737373701e+01
1.284848484848484773e+01
1.798989898989898961e+01
1.845454545454545325e+01
1.844444444444444287e+01
8.919191919191918672e+00
1.448484848484848442e+01
1.390909090909090828e+01
1.115151515151515227e+01
1.143434343434343425e+01
1.251515151515151558e+01
1.609090909090908994e+01
1.750505050505050519e+01
1.230303030303030276e+01
1.623232323232323182e+01
1.227272727272727337e+01
1.483838383838383912e+01
1.432323232323232354e+01
1.382828282828282873e+01
1.268686868686868685e+01
1.284848484848484773e+01
1.191919191919191867e+01
1.794949494949494806e+01
1.564646464646464707e+01
1.400000000000000000e+01
2.076767676767676818e+01
1.609090909090908994e+01
9.545454545454544970e+00
3.045454545454545325e+01
2.376767676767676818e+01
1.708080808080807955e+01
1.038383838383838409e+01
2.394949494949494806e+01
2.108080808080807955e+01
1.213131313131313149e+01
1.476767676767676818e+01
1.076767676767676818e+01
1.589898989898989967e+01
1.760606060606060552e+01
1.301010101010101039e+01
1.586868686868686851e+01
1.038383838383838409e+01
1.150505050505050519e+01
2.163636363636363669e+01
1.508080808080808133e+01
1.811111111111111072e+01
1.644444444444444287e+01
1.539393939393939448e+01
1.216161616161616088e+01
1.382828282828282873e+01
8.414141414141413478e+00
1.376767676767676818e+01
1.950505050505050519e+01
1.318181818181818166e+01
2.140404040404040487e+01
9.808080808080807955e+00
1.258585858585858652e+01
1.259595959595959513e+01
1.291919191919191867e+01
1.442424242424242387e+01
1.113131313131313149e+01
1.749494949494949481e+01
1.437373737373737370e+01
1.690909090909091006e+01
1.267676767676767646e+01
1.077777777777777857e+01
2.244444444444444287e+01
1.510101010101010033e+01
1.272727272727272663e+01
1.373737373737373701e+01
2.192929292929293084e+01
1.120202020202020243e+01
1.265656565656565569e+01
1.458585858585858652e+01
9.282828282828281985e+00
1.187878787878787890e+01
1.552525252525252597e+01
1.101010101010101039e+01
1.129292929292929237e+01
1.948484848484848442e+01
1.131313131313131315e+01
9.060606060606060552e+00
1.064646464646464707e+01
1.187878787878787890e+01
1.187878787878787890e+01
1.409090909090909172e+01
1.068686868686868685e+01
9.373737373737373701e+00
1.359595959595959513e+01
1.402020202020202078e+01
1.246464646464646542e+01
2.067676767676767824e+01
1.453535353535353458e+01
1.257575757575757613e+01
1.056565656565656575e+01
1.018181818181818166e+01
1.214141414141414188e+01
1.357575757575757613e+01
1.460606060606060552e+01
1.094949494949494984e+01
1.346464646464646542e+01
1.173737373737373701e+01
1.504040404040403978e+01
1.818181818181818343e+01
1.447474747474747403e+01
1.164646464646464707e+01
2.270707070707070585e+01
1.551515151515151558e+01
2.703030303030303116e+01
1.500000000000000000e+01
9.666666666666666075e+00
1.764646464646464707e+01
1.359595959595959513e+01
1.746464646464646364e+01
1.228282828282828198e+01
1.217171717171717127e+01
1.177777777777777857e+01
1.256565656565656575e+01
1.267676767676767646e+01
1.333333333333333393e+01
1.093939393939393945e+01
1.641414141414141525e+01
1.055555555555555536e+01
1.981818181818181657e+01
1.291919191919191867e+01
1.515151515151515227e+01
9.010101010101010388e+00
1.076767676767676818e+01
1.926262626262626299e+01
1.211111111111111072e+01
1.552525252525252597e+01
1.965656565656565746e+01
1.296969696969696884e+01
2.085858585858585812e+01
8.434343434343434254e+00
1.790909090909091006e+01
1.075757575757575779e+01
1.366666666666666607e+01
1.597979797979797922e+01
1.210101010101010033e+01
1.386868686868686851e+01
1.536363636363636331e+01
1.805050505050505194e+01
1.633333333333333215e+01
2.192929292929293084e+01
1.472727272727272663e+01
1.372727272727272663e+01
1.068686868686868685e+01
1.738383838383838409e+01
1.280808080808080796e+01
1.429292929292929237e+01
1.461616161616161591e+01
1.109090909090909172e+01
1.250505050505050519e+01
1.866666666666666785e+01
1.424242424242424221e+01
1.346464646464646542e+01
1.549494949494949481e+01
1.407070707070707094e+01
9.949494949494949836e+00
3.127272727272727337e+01
1.339393939393939448e+01
9.939393939393939448e+00
9.898989898989899672e+00
1.717171717171717304e+01
1.735353535353535293e+01
1.892929292929293084e+01
1.625252525252525260e+01
1.379797979797979757e+01
2.031313131313131137e+01
1.083838383838383912e+01
1.432323232323232354e+01
1.289898989898989967e+01
1.146464646464646542e+01
1.177777777777777857e+01
1.314141414141414188e+01
1.722222222222222143e+01
1.506060606060606055e+01
1.357575757575757613e+01
1.063636363636363669e+01
1.328282828282828198e+01
1.169696969696969724e+01
1.030303030303030276e+01
1.643434343434343603e+01
1.263636363636363669e+01
8.929292929292929060e+00
1.673737373737373701e+01
1.346464646464646542e+01
1.320202020202020243e+01
2.565656565656565746e+01
1.774747474747474740e+01
1.663636363636363669e+01
1.463636363636363669e+01
1.897979797979797922e+01
1.301010101010101039e+01
1.275757575757575779e+01
1.730303030303030454e+01
1.351515151515151558e+01
1.515151515151515227e+01
1.120202020202020243e+01
2.272727272727272663e+01
1.353535353535353458e+01
1.309090909090909172e+01
2.001010101010101039e+01
1.393939393939393945e+01
2.068686868686868863e+01
1.402020202020202078e+01
1.764646464646464707e+01
1.607070707070706916e+01
1.264646464646464707e+01
1.474747474747474740e+01
1.298989898989898961e+01
1.463636363636363669e+01
1.265656565656565569e+01
1.515151515151515227e+01
1.456565656565656575e+01
1.075757575757575779e+01
1.733333333333333215e+01
8.131313131313131493e+00
1.807070707070706916e+01
1.610101010101010033e+01
1.706060606060606233e+01
1.332323232323232354e+01
1.315151515151515227e+01
1.652525252525252597e+01
1.003030303030303116e+01
1.231313131313131315e+01
1.806060606060606233e+01
1.304040404040403978e+01
1.707070707070706916e+01
3.201010101010101039e+01
1.431313131313131315e+01
1.681818181818181657e+01
1.516161616161616088e+01
1.782828282828282696e+01
1.328282828282828198e+01
2.296969696969696884e+01
1.214141414141414188e+01
1.300000000000000000e+01
1.391919191919191867e+01
1.112121212121212110e+01
1.181818181818181834e+01
1.593939393939393945e+01
1.056565656565656575e+01
1.738383838383838409e+01
1.043434343434343425e+01
1.371717171717171802e+01
1.360606060606060552e+01
1.039393939393939448e+01
9.454545454545455030e+00
1.486868686868686851e+01
1.863636363636363669e+01
1.306060606060606055e+01
1.246464646464646542e+01
1.393939393939393945e+01
9.020202020202020776e+00
1.572727272727272663e+01
1.367676767676767646e+01
1.336363636363636331e+01
2.290909090909091006e+01
1.992929292929293084e+01
1.607070707070706916e+01
8.909090909090908283e+00
1.073737373737373701e+01
1.738383838383838409e+01
1.339393939393939448e+01
1.616161616161616266e+01
1.492929292929292906e+01
1.469696969696969724e+01
1.443434343434343425e+01
1.116161616161616088e+01
1.597979797979797922e+01
1.173737373737373701e+01
1.251515151515151558e+01
1.322222222222222143e+01
1.161616161616161591e+01
1.247474747474747403e+01
1.210101010101010033e+01
1.225252525252525260e+01
1.604040404040404155e+01
1.068686868686868685e+01
1.318181818181818166e+01
1.540404040404040487e+01
1.627272727272727337e+01
1.330303030303030276e+01
1.213131313131313149e+01
1.271717171717171802e+01
1.063636363636363669e+01
2.608080808080807955e+01
1.548484848484848442e+01
1.511111111111111072e+01
1.602020202020202078e+01
1.184848484848484773e+01
1.384848484848484773e+01
1.705050505050505194e+01
1.523232323232323182e+01
2.228282828282828376e+01
1.130303030303030276e+01
1.359595959595959513e+01
1.993939393939393767e+01
1.500000000000000000e+01
2.265656565656565746e+01
1.831313131313131137e+01
1.218181818181818166e+01
2.465656565656565746e+01
9.515151515151515582e+00
1.387878787878787890e+01
1.654545454545454675e+01
1.154545454545454497e+01
1.421212121212121282e+01
1.609090909090908994e+01
1.703030303030303116e+01
1.424242424242424221e+01
1.540404040404040487e+01
1.185858585858585812e+01
1.365656565656565569e+01
8.646464646464647075e+00
1.217171717171717127e+01
1.628282828282828376e+01
1.367676767676767646e+01
1.210101010101010033e+01
1.768686868686868863e+01
1.253535353535353458e+01
1.415151515151515227e+01
1.261616161616161591e+01
1.212121212121212110e+01
1.385858585858585812e+01
1.602020202020202078e+01
1.825252525252525260e+01
1.326262626262626299e+01
1.069696969696969724e+01
2.091919191919192045e+01
1.464646464646464707e+01
1.064646464646464707e+01
1.095959595959596022e+01
9.656565656565655686e+00
1.378787878787878718e+01
1.255555555555555536e+01
1.328282828282828198e+01
4.011111111111111427e+01
2.018181818181818343e+01
1.589898989898989967e+01
2.443434343434343603e+01
2.403030303030303116e+01
1.340404040404040487e+01
1.652525252525252597e+01
1.040404040404040487e+01
9.818181818181818343e+00
1.991919191919192045e+01
2.331313131313131137e+01
2.017171717171717304e+01
1.375757575757575779e+01
1.241414141414141348e+01
1.297979797979797922e+01
1.329292929292929237e+01
1.445454545454545503e+01
1.558585858585858652e+01
1.324242424242424221e+01
1.252525252525252597e+01
1.294949494949494984e+01
1.643434343434343603e+01
1.324242424242424221e+01
1.164646464646464707e+01
1.756565656565656397e+01
1.770707070707070585e+01
2.036363636363636331e+01
1.674747474747474740e+01
1.929292929292929415e+01
1.501010101010101039e+01
2.963636363636363669e+01
2.491919191919192045e+01
1.331313131313131315e+01
1.322222222222222143e+01
1.368686868686868685e+01
1.430303030303030276e+01
9.121212121212121104e+00
1.390909090909090828e+01
1.413131313131313149e+01
1.293939393939393945e+01
1.487878787878787890e+01
1.587878787878787890e+01
2.479797979797979934e+01
1.297979797979797922e+01
1.228282828282828198e+01
1.419191919191919204e+01
1.921212121212121104e+01
1.143434343434343425e+01
2.033333333333333215e+01
1.782828282828282696e+01
1.236363636363636331e+01
1.363636363636363669e+01
1.688888888888888928e+01
1.361616161616161591e+01
1.944444444444444287e+01
2.101010101010101039e+01
1.397979797979797922e+01
1.165656565656565569e+01
1.155555555555555536e+01
1.962626262626262630e+01
1.484848484848484773e+01
1.358585858585858652e+01
1.306060606060606055e+01
1.280808080808080796e+01
1.362626262626262630e+01
1.694949494949494806e+01
1.138383838383838409e+01
2.018181818181818343e+01
1.087878787878787890e+01
2.156565656565656397e+01
2.903030303030303116e+01
1.048484848484848442e+01
8.515151515151515582e+00
1.488888888888888928e+01
1.294949494949494984e+01
1.939393939393939448e+01
1.373737373737373701e+01
1.685858585858585812e+01
1.237373737373737370e+01
1.473737373737373701e+01
1.520202020202020243e+01
2.417171717171717304e+01
1.051515151515151558e+01
1.136363636363636331e+01
1.316161616161616088e+01
2.543434343434343603e+01
1.683838383838383734e+01
1.846464646464646364e+01
1.813131313131313149e+01
1.291919191919191867e+01
1.173737373737373701e+01
9.303030303030302761e+00
1.256565656565656575e+01
1.852525252525252597e+01
1.936363636363636331e+01
1.534343434343434431e+01
2.294949494949494806e+01
1.072727272727272663e+01
1.459595959595959513e+01
8.858585858585858119e+00
1.569696969696969724e+01
1.494949494949494984e+01
1.627272727272727337e+01
1.654545454545454675e+01
1.464646464646464707e+01
1.315151515151515227e+01
1.149494949494949481e+01
1.510101010101010033e+01
1.775757575757575779e+01
2.284848484848484773e+01
1.380808080808080796e+01
1.680808080808080973e+01
1.170707070707070763e+01
1.034343434343434431e+01
1.694949494949494806e+01
1.254545454545454497e+01
1.673737373737373701e+01
1.780808080808080973e+01
1.784848484848484773e+01
1.250505050505050519e+01
1.330303030303030276e+01
1.685858585858585812e+01
1.277777777777777857e+01
1.659595959595959513e+01
1.545454545454545503e+01
1.704040404040404155e+01
1.207070707070707094e+01
1.974747474747474740e+01
3.554545454545454675e+01
1.094949494949494984e+01
1.369696969696969724e+01
1.648484848484848442e+01
1.465656565656565569e+01
1.355555555555555536e+01
1.595959595959596022e+01
1.277777777777777857e+01
1.383838383838383912e+01
1.345454545454545503e+01
1.188888888888888928e+01
1.568686868686868685e+01
2.956565656565656397e+01
1.163636363636363669e+01
1.417171717171717127e+01
1.107070707070707094e+01
1.086868686868686851e+01
1.902020202020202078e+01
1.378787878787878718e+01
1.231313131313131315e+01
1.227272727272727337e+01
1.043434343434343425e+01
2.311111111111111072e+01
1.968686868686868863e+01
1.036363636363636331e+01
1.246464646464646542e+01
1.428282828282828198e+01
1.268686868686868685e+01
9.393939393939394478e+00
1.735353535353535293e+01
1.006060606060606055e+01
1.355555555555555536e+01
1.204040404040403978e+01
1.747474747474747403e+01
2.171717171717171624e+01
1.402020202020202078e+01
1.014141414141414188e+01
1.347474747474747403e+01
1.033333333333333393e+01
1.869696969696969546e+01
1.395959595959596022e+01
1.417171717171717127e+01
1.327272727272727337e+01
1.480808080808080796e+01
1.185858585858585812e+01
1.372727272727272663e+01
1.482828282828282873e+01
1.321212121212121282e+01
1.518181818181818166e+01
2.248484848484848442e+01
2.198989898989898961e+01
1.310101010101010033e+01
1.453535353535353458e+01
1.724242424242424221e+01
1.355555555555555536e+01
1.379797979797979757e+01
1.277777777777777857e+01
9.727272727272726627e+00
1.094949494949494984e+01
1.680808080808080973e+01
1.011111111111111072e+01
2.146464646464646364e+01
1.270707070707070763e+01
2.059595959595959513e+01
1.338383838383838409e+01
1.383838383838383912e+01
1.535353535353535293e+01
1.839393939393939448e+01
1.606060606060606233e+01
1.794949494949494806e+01
1.444444444444444464e+01
2.119191919191919027e+01
1.814141414141414188e+01
1.149494949494949481e+01
1.420202020202020243e+01
1.224242424242424221e+01
1.664646464646464707e+01
1.259595959595959513e+01
1.331313131313131315e+01
1.166666666666666607e+01
2.091919191919192045e+01
1.111111111111111072e+01
3.089898989898989967e+01
8.747474747474747403e+00
1.326262626262626299e+01
1.140404040404040487e+01
1.372727272727272663e+01
1.407070707070707094e+01
1.878787878787878896e+01
1.787878787878787890e+01
1.545454545454545503e+01
1.858585858585858475e+01
1.312121212121212110e+01
1.043434343434343425e+01
2.052525252525252597e+01
1.871717171717171624e+01
9.686868686868686851e+00
1.223232323232323182e+01
2.062626262626262630e+01
1.393939393939393945e+01
1.450505050505050519e+01
2.522222222222222143e+01
1.094949494949494984e+01
1.000000000000000000e+01
1.340404040404040487e+01
1.146464646464646542e+01
1.169696969696969724e+01
2.016161616161616266e+01
1.378787878787878718e+01
1.379797979797979757e+01
9.727272727272726627e+00
1.107070707070707094e+01
1.303030303030303116e+01
1.657575757575757436e+01
1.326262626262626299e+01
9.949494949494949836e+00
1.301010101010101039e+01
1.273737373737373701e+01
1.141414141414141348e+01
2.801010101010101039e+01
1.271717171717171802e+01
1.042424242424242387e+01
1.338383838383838409e+01
9.292929292929292373e+00
2.106060606060606233e+01
1.304040404040403978e+01
1.803030303030303116e+01
1.413131313131313149e+01
1.621212121212121104e+01
1.400000000000000000e+01
1.196969696969696884e+01
1.225252525252525260e+01
1.466666666666666607e+01
1.092929292929292906e+01
1.553535353535353458e+01
1.663636363636363669e+01
1.173737373737373701e+01
1.483838383838383912e+01
1.808080808080807955e+01
1.610101010101010033e+01
1.653535353535353636e+01
1.649494949494949481e+01
1.097979797979797922e+01
1.632323232323232176e+01
1.537373737373737370e+01
1.498989898989898961e+01
1.728282828282828376e+01
1.053535353535353458e+01
1.206060606060606055e+01
1.333333333333333393e+01
1.210101010101010033e+01
1.093939393939393945e+01
2.090909090909091006e+01
1.177777777777777857e+01
1.320202020202020243e+01
1.723232323232323182e+01
1.570707070707070763e+01
1.916161616161616266e+01
1.923232323232323182e+01
1.093939393939393945e+01
1.374747474747474740e+01
9.565656565656565746e+00
1.223232323232323182e+01
1.624242424242424221e+01
1.730303030303030454e+01
1.081818181818181834e+01
1.569696969696969724e+01
1.953535353535353636e+01
1.069696969696969724e+01
1.749494949494949481e+01
1.370707070707070763e+01
8.939393939393939448e+00
1.232323232323232354e+01
1.198989898989898961e+01
1.673737373737373701e+01
1.429292929292929237e+01
1.396969696969696884e+01
1.711111111111111072e+01
1.710101010101010033e+01
1.151515151515151558e+01
1.684848484848484773e+01
1.182828282828282873e+01
1.915151515151515227e+01
1.622222222222222143e+01
1.088888888888888928e+01
1.247474747474747403e+01
1.728282828282828376e+01
1.258585858585858652e+01
1.652525252525252597e+01
2.555555555555555713e+01
1.686868686868686851e+01
1.213131313131313149e+01
1.250505050505050519e+01
1.073737373737373701e+01
1.387878787878787890e+01
1.922222222222222143e+01
1.353535353535353458e+01
1.751515151515151558e+01
1.417171717171717127e+01
1.295959595959596022e+01
1.237373737373737370e+01
1.897979797979797922e+01
1.092929292929292906e+01
1.143434343434343425e+01
1.710101010101010033e+01
1.023232323232323182e+01
2.175757575757575779e+01
1.019191919191919204e+01
1.787878787878787890e+01
1.252525252525252597e+01
9.191919191919192045e+00
1.297979797979797922e+01
1.208080808080808133e+01
1.622222222222222143e+01
1.482828282828282873e+01
1.219191919191919204e+01
1.040404040404040487e+01
1.649494949494949481e+01
1.821212121212121104e+01
2.274747474747474740e+01
1.008080808080808133e+01
1.720202020202020066e+01
1.276767676767676818e+01
1.244444444444444464e+01
1.110101010101010033e+01
1.340404040404040487e+01
1.479797979797979757e+01
1.401010101010101039e+01
1.717171717171717304e+01
1.770707070707070585e+01
1.259595959595959513e+01
2.422222222222222143e+01
1.511111111111111072e+01
1.624242424242424221e+01
2.181818181818181657e+01
1.217171717171717127e+01
1.303030303030303116e+01
1.248484848484848442e+01
1.452525252525252597e+01
1.279797979797979757e+01
2.212121212121212110e+01
1.504040404040403978e+01
1.436363636363636331e+01
1.339393939393939448e+01
1.491919191919191867e+01
1.036363636363636331e+01
1.289898989898989967e+01
1.184848484848484773e+01
1.244444444444444464e+01
1.035353535353535293e+01
1.513131313131313149e+01
1.188888888888888928e+01
1.780808080808080973e+01
1.697979797979797922e+01
1.228282828282828198e+01
1.234343434343434431e+01
1.091919191919191867e+01
9.929292929292929060e+00
1.141414141414141348e+01
1.911111111111111072e+01
1.732323232323232176e+01
1.322222222222222143e+01
9.292929292929292373e+00
1.500000000000000000e+01
1.303030303030303116e+01
1.375757575757575779e+01
1.173737373737373701e+01
1.409090909090909172e+01
1.319191919191919204e+01
2.191919191919192045e+01
1.597979797979797922e+01
1.034343434343434431e+01
1.461616161616161591e+01
1.374747474747474740e+01
9.595959595959595134e+00
1.297979797979797922e+01
1.248484848484848442e+01
1.179797979797979757e+01
1.270707070707070763e+01
1.419191919191919204e+01
1.200000000000000000e+01
1.108080808080808133e+01
1.393939393939393945e+01
1.908080808080807955e+01
1.475757575757575779e+01
1.435353535353535293e+01
1.232323232323232354e+01
2.319191919191919027e+01
1.343434343434343425e+01
1.454545454545454497e+01
1.316161616161616088e+01
2.030303030303030454e+01
1.896969696969696884e+01
1.656565656565656397e+01
1.237373737373737370e+01
1.493939393939393945e+01
1.289898989898989967e+01
1.404040404040403978e+01
1.187878787878787890e+01
1.419191919191919204e+01
1.378787878787878718e+01
1.255555555555555536e+01
1.066666666666666607e+01
1.093939393939393945e+01
1.103030303030303116e+01
9.171717171717171269e+00
1.429292929292929237e+01
1.805050505050505194e+01
1.205050505050505016e+01
9.828282828282828731e+00
1.274747474747474740e+01
1.616161616161616266e+01
1.370707070707070763e+01
1.548484848484848442e+01
1.349494949494949481e+01
1.203030303030303116e+01
1.685858585858585812e+01
1.663636363636363669e+01
1.074747474747474740e+01
1.270707070707070763e+01
1.585858585858585812e+01
1.412121212121212110e+01
1.440404040404040487e+01
1.768686868686868863e+01
1.633333333333333215e+01
1.237373737373737370e+01
1.536363636363636331e+01
1.075757575757575779e+01
2.130303030303030454e+01
1.914141414141414188e+01
1.472727272727272663e+01
2.884848484848484773e+01
1.081818181818181834e+01
1.876767676767676818e+01
1.184848484848484773e+01
1.598989898989898961e+01
2.542424242424242564e+01
1.534343434343434431e+01
1.304040404040403978e+01
1.427272727272727337e+01
1.360606060606060552e+01
1.428282828282828198e+01
1.442424242424242387e+01
1.421212121212121282e+01
1.587878787878787890e+01
1.525252525252525260e+01
8.656565656565655686e+00
1.717171717171717304e+01
9.494949494949494806e+00
1.236363636363636331e+01
1.731313131313131137e+01
1.291919191919191867e+01
9.454545454545455030e+00
1.298989898989898961e+01
1.551515151515151558e+01
1.105050505050505016e+01
1.359595959595959513e+01
1.313131313131313149e+01
1.048484848484848442e+01
1.629292929292929415e+01
1.406060606060606055e+01
1.924242424242424221e+01
1.066666666666666607e+01
1.170707070707070763e+01
3.032323232323232176e+01
1.340404040404040487e+01
1.115151515151515227e+01
1.076767676767676818e+01
8.898989898989899672e+00
1.252525252525252597e+01
1.461616161616161591e+01
1.563636363636363669e+01
1.203030303030303116e+01
1.569696969696969724e+01
1.850505050505050519e+01
1.448484848484848442e+01
1.232323232323232354e+01
9.494949494949494806e+00
1.300000000000000000e+01
1.787878787878787890e+01
1.915151515151515227e+01
1.447474747474747403e+01
1.151515151515151558e+01
1.828282828282828376e+01
1.193939393939393945e+01
2.794949494949494806e+01
1.117171717171717127e+01
1.683838383838383734e+01
2.163636363636363669e+01
9.454545454545455030e+00
1.365656565656565569e+01
2.246464646464646364e+01
1.452525252525252597e+01
1.225252525252525260e+01
1.234343434343434431e+01
1.681818181818181657e+01
1.383838383838383912e+01
2.547474747474747403e+01
1.395959595959596022e+01
1.156565656565656575e+01
1.297979797979797922e+01
1.151515151515151558e+01
1.331313131313131315e+01
1.490909090909090828e+01
1.150505050505050519e+01
1.946464646464646364e+01
1.337373737373737370e+01
1.029292929292929237e+01
1.663636363636363669e+01
1.755555555555555713e+01
9.727272727272726627e+00
9.474747474747474030e+00
1.538383838383838409e+01
1.501010101010101039e+01
1.085858585858585812e+01
1.697979797979797922e+01
1.636363636363636331e+01
2.630303030303030454e+01
1.313131313131313149e+01
1.450505050505050519e+01
1.241414141414141348e+01
1.027272727272727337e+01
9.242424242424242209e+00
1.593939393939393945e+01
1.001010101010101039e+01
1.656565656565656397e+01
1.234343434343434431e+01
2.550505050505050519e+01
1.086868686868686851e+01
1.209090909090909172e+01
1.096969696969696884e+01
1.026262626262626299e+01
1.427272727272727337e+01
1.176767676767676818e+01
1.431313131313131315e+01
1.689898989898989967e+01
1.236363636363636331e+01
1.734343434343434254e+01
1.438383838383838409e+01
1.249494949494949481e+01
1.326262626262626299e+01
1.517171717171717127e+01
1.909090909090908994e+01
1.349494949494949481e+01
1.769696969696969546e+01
2.702020202020202078e+01
1.404040404040403978e+01
1.270707070707070763e+01
1.503030303030303116e+01
1.445454545454545503e+01
1.458585858585858652e+01
1.184848484848484773e+01
1.083838383838383912e+01
1.153535353535353458e+01
1.174747474747474740e+01
1.446464646464646542e+01
1.379797979797979757e+01
1.503030303030303116e+01
1.097979797979797922e+01
1.268686868686868685e+01
1.674747474747474740e+01
1.854545454545454675e+01
1.314141414141414188e+01
2.068686868686868863e+01
1.006060606060606055e+01
1.658585858585858475e+01
2.396969696969696884e+01
1.601010101010101039e+01
1.889898989898989967e+01
1.306060606060606055e+01
1.637373737373737370e+01
1.090909090909090828e+01
2.060606060606060552e+01
1.475757575757575779e+01
2.588888888888888928e+01
1.759595959595959513e+01
1.677777777777777857e+01
1.425252525252525260e+01
1.447474747474747403e+01
1.137373737373737370e+01
1.430303030303030276e+01
1.081818181818181834e+01
1.411111111111111072e+01
1.573737373737373701e+01
1.633333333333333215e+01
9.858585858585858119e+00
1.586868686868686851e+01
2.244444444444444287e+01
1.192929292929292906e+01
1.665656565656565746e+01
1.365656565656565569e+01
9.161616161616160880e+00
1.335353535353535293e+01
1.675757575757575779e+01
8.838383838383839120e+00
1.410101010101010033e+01
1.950505050505050519e+01
1.584848484848484773e+01
1.322222222222222143e+01
2.031313131313131137e+01
1.273737373737373701e+01
1.087878787878787890e+01
1.209090909090909172e+01
1.321212121212121282e+01
1.564646464646464707e+01
1.444444444444444464e+01
1.324242424242424221e+01
1.265656565656565569e+01
1.224242424242424221e+01
1.302020202020202078e+01
2.016161616161616266e+01
1.383838383838383912e+01
1.296969696969696884e+01
9.535353535353534582e+00
1.751515151515151558e+01
1.145454545454545503e+01
1.543434343434343425e+01
1.223232323232323182e+01
1.394949494949494984e+01
1.753535353535353636e+01
1.218181818181818166e+01
1.829292929292929415e+01
1.605050505050505194e+01
1.180808080808080796e+01
1.405050505050505016e+01
1.402020202020202078e+01
1.476767676767676818e+01
2.151515151515151558e+01
1.303030303030303116e+01
1.189898989898989967e+01
2.465656565656565746e+01
1.552525252525252597e+01
1.896969696969696884e+01
1.051515151515151558e+01
1.062626262626262630e+01
1.069696969696969724e+01
1.263636363636363669e+01
9.929292929292929060e+00
1.182828282828282873e+01
1.091919191919191867e+01
1.303030303030303116e+01
1.412121212121212110e+01
9.777777777777778567e+00
1.682828282828282696e+01
1.209090909090909172e+01
1.084848484848484773e+01
1.597979797979797922e+01
1.193939393939393945e+01
1.595959595959596022e+01
1.769696969696969546e+01
2.403030303030303116e+01
1.143434343434343425e+01
1.212121212121212110e+01
1.579797979797979757e+01
1.246464646464646542e+01
1.035353535353535293e+01
1.604040404040404155e+01
9.484848484848484418e+00
1.058585858585858652e+01
9.989898989898989612e+00
1.380808080808080796e+01
8.464646464646465418e+00
1.374747474747474740e+01
1.703030303030303116e+01
1.057575757575757613e+01
1.817171717171717304e+01
1.678787878787878896e+01
1.392929292929292906e+01
1.673737373737373701e+01
9.242424242424242209e+00
1.825252525252525260e+01
1.061616161616161591e+01
1.156565656565656575e+01
9.222222222222221433e+00
1.264646464646464707e+01
2.049494949494949481e+01
1.475757575757575779e+01
1.854545454545454675e+01
1.804040404040404155e+01
1.242424242424242387e+01
1.150505050505050519e+01
1.961616161616161591e+01
1.131313131313131315e+01
1.814141414141414188e+01
1.217171717171717127e+01
1.251515151515151558e+01
1.344444444444444464e+01
1.203030303030303116e+01
1.855555555555555713e+01
1.924242424242424221e+01
1.726262626262626299e+01
1.058585858585858652e+01
1.613131313131313149e+01
1.218181818181818166e+01
1.898989898989898961e+01
1.327272727272727337e+01
1.398989898989898961e+01
2.226262626262626299e+01
1.349494949494949481e+01
2.372727272727272663e+01
1.757575757575757436e+01
1.729292929292929415e+01
1.460606060606060552e+01
1.123232323232323182e+01
1.141414141414141348e+01
1.296969696969696884e+01
1.081818181818181834e+01
1.320202020202020243e+01
1.820202020202020066e+01
1.159595959595959513e+01
1.030303030303030276e+01
1.176767676767676818e+01
9.272727272727273373e+00
1.092929292929292906e+01
1.213131313131313149e+01
1.461616161616161591e+01
2.075757575757575779e+01
1.552525252525252597e+01
1.575757575757575779e+01
1.196969696969696884e+01
1.126262626262626299e+01
1.066666666666666607e+01
1.419191919191919204e+01
1.613131313131313149e+01
1.746464646464646364e+01
1.464646464646464707e+01
1.230303030303030276e+01
1.725252525252525260e+01
2.749494949494949481e+01
1.275757575757575779e+01
1.277777777777777857e+01
1.474747474747474740e+01
1.177777777777777857e+01
1.203030303030303116e+01
1.035353535353535293e+01
1.786868686868686851e+01
1.443434343434343425e+01
1.238383838383838409e+01
1.207070707070707094e+01
1.714141414141414188e+01
1.094949494949494984e+01
1.545454545454545503e+01
1.892929292929293084e+01
1.169696969696969724e+01
1.997979797979797922e+01
1.133333333333333393e+01
1.215151515151515227e+01
1.676767676767676818e+01
1.298989898989898961e+01
1.601010101010101039e+01
1.752525252525252597e+01
1.310101010101010033e+01
1.671717171717171624e+01
1.324242424242424221e+01
1.097979797979797922e+01
1.554545454545454497e+01
1.225252525252525260e+01
1.349494949494949481e+01
1.568686868686868685e+01
1.156565656565656575e+01
9.474747474747474030e+00
1.884848484848484773e+01
1.438383838383838409e+01
1.375757575757575779e+01
1.165656565656565569e+01
1.214141414141414188e+01
2.668686868686868863e+01
1.007070707070707094e+01
2.030303030303030454e+01
1.436363636363636331e+01
1.053535353535353458e+01
1.093939393939393945e+01
1.545454545454545503e+01
1.169696969696969724e+01
1.240404040404040487e+01
2.212121212121212110e+01
1.259595959595959513e+01
1.789898989898989967e+01
2.056565656565656397e+01
1.965656565656565746e+01
2.472727272727272663e+01
1.394949494949494984e+01
1.627272727272727337e+01
1.174747474747474740e+01
1.119191919191919204e+01
1.353535353535353458e+01
9.292929292929292373e+00
1.328282828282828198e+01
7.808080808080807955e+00
1.580808080808080796e+01
1.882828282828282696e+01
1.179797979797979757e+01
1.234343434343434431e+01
1.133333333333333393e+01
1.149494949494949481e+01
1.659595959595959513e+01
1.426262626262626299e+01
2.105050505050505194e+01
1.059595959595959513e+01
2.037373737373737370e+01
1.381818181818181834e+01
1.277777777777777857e+01
1.820202020202020066e+01
9.070707070707070940e+00
1.842424242424242564e+01
1.484848484848484773e+01
9.666666666666666075e+00
1.793939393939393767e+01
1.178787878787878718e+01
9.818181818181818343e+00
1.209090909090909172e+01
1.832323232323232176e+01
1.214141414141414188e+01
1.949494949494949481e+01
1.437373737373737370e+01
1.707070707070706916e+01
1.300000000000000000e+01
1.053535353535353458e+01
1.109090909090909172e+01
2.196969696969696884e+01
1.746464646464646364e+01
9.949494949494949836e+00
1.893939393939393767e+01
7.555555555555555358e+00
1.143434343434343425e+01
1.153535353535353458e+01
1.558585858585858652e+01
1.685858585858585812e+01
1.112121212121212110e+01
1.232323232323232354e+01
1.860606060606060552e+01
1.631313131313131137e+01
9.616161616161615910e+00
1.480808080808080796e+01
1.207070707070707094e+01
2.004040404040404155e+01
1.161616161616161591e+01
1.155555555555555536e+01
1.793939393939393767e+01
1.128282828282828198e+01
1.372727272727272663e+01
1.357575757575757613e+01
1.710101010101010033e+01
1.407070707070707094e+01
1.454545454545454497e+01
1.420202020202020243e+01
1.973737373737373701e+01
1.193939393939393945e+01
1.292929292929292906e+01
1.816161616161616266e+01
1.481818181818181834e+01
1.875757575757575779e+01
1.857575757575757436e+01
2.168686868686868863e+01
1.131313131313131315e+01
1.245454545454545503e+01
1.448484848484848442e+01
1.572727272727272663e+01
1.386868686868686851e+01
1.504040404040403978e+01
1.403030303030303116e+01
1.189898989898989967e+01
1.402020202020202078e+01
1.087878787878787890e+01
1.982828282828282696e+01
1.254545454545454497e+01
1.388888888888888928e+01
1.735353535353535293e+01
1.194949494949494984e+01
1.258585858585858652e+01
1.452525252525252597e+01
1.051515151515151558e+01
1.897979797979797922e+01
1.450505050505050519e+01
2.102020202020202078e+01
1.583838383838383912e+01
2.719191919191919027e+01
1.730303030303030454e+01
2.311111111111111072e+01
1.157575757575757613e+01
1.354545454545454497e+01
1.357575757575757613e+01
1.013131313131313149e+01
1.040404040404040487e+01
1.446464646464646542e+01
7.808080808080807955e+00
2.143434343434343603e+01
1.575757575757575779e+01
1.475757575757575779e+01
2.103030303030303116e+01
1.107070707070707094e+01
1.423232323232323182e+01
8.484848484848484418e+00
1.600000000000000000e+01
1.133333333333333393e+01
1.331313131313131315e+01
1.416161616161616088e+01
1.147474747474747403e+01
2.198989898989898961e+01
1.459595959595959513e+01
1.930303030303030454e+01
1.357575757575757613e+01
1.715151515151515227e+01
1.742424242424242564e+01
1.392929292929292906e+01
1.623232323232323182e+01
1.279797979797979757e+01
2.129292929292929415e+01
1.173737373737373701e+01
1.311111111111111072e+01
1.703030303030303116e+01
1.001010101010101039e+01
1.522222222222222143e+01
1.088888888888888928e+01
1.074747474747474740e+01
1.635353535353535293e+01
1.559595959595959513e+01
1.092929292929292906e+01
1.436363636363636331e+01
1.417171717171717127e+01
1.651515151515151558e+01
1.237373737373737370e+01
1.452525252525252597e+01
1.974747474747474740e+01
1.267676767676767646e+01
1.477777777777777857e+01
1.352525252525252597e+01
1.613131313131313149e+01
1.332323232323232354e+01
1.318181818181818166e+01
2.009090909090908994e+01
1.250505050505050519e+01
1.530303030303030276e+01
1.411111111111111072e+01
2.394949494949494806e+01
1.160606060606060552e+01
2.329292929292929415e+01
1.313131313131313149e+01
9.909090909090908283e+00
2.278787878787878896e+01
1.391919191919191867e+01
9.717171717171718015e+00
1.702020202020202078e+01
1.091919191919191867e+01
1.288888888888888928e+01
1.683838383838383734e+01
1.206060606060606055e+01
2.424242424242424221e+01
1.350505050505050519e+01
1.793939393939393767e+01
9.535353535353534582e+00
1.519191919191919204e+01
2.656565656565656397e+01
1.213131313131313149e+01
1.137373737373737370e+01
2.487878787878787890e+01
1.219191919191919204e+01
8.919191919191918672e+00
1.456565656565656575e+01
1.320202020202020243e+01
1.506060606060606055e+01
1.708080808080807955e+01
1.229292929292929237e+01
1.182828282828282873e+01
1.822222222222222143e+01
1.543434343434343425e+01
1.697979797979797922e+01
1.366666666666666607e+01
1.067676767676767646e+01
1.097979797979797922e+01
1.454545454545454497e+01
1.691919191919192045e+01
1.175757575757575779e+01
1.268686868686868685e+01
1.418181818181818166e+01
1.365656565656565569e+01
2.063636363636363669e+01
1.354545454545454497e+01
1.432323232323232354e+01
1.172727272727272663e+01
1.537373737373737370e+01
1.820202020202020066e+01
1.538383838383838409e+01
1.213131313131313149e+01
1.681818181818181657e+01
1.694949494949494806e+01
1.061616161616161591e+01
1.174747474747474740e+01
1.213131313131313149e+01
1.232323232323232354e+01
1.632323232323232176e+01
1.486868686868686851e+01
1.584848484848484773e+01
1.743434343434343603e+01
1.439393939393939448e+01
1.074747474747474740e+01
1.676767676767676818e+01
1.495959595959596022e+01
1.262626262626262630e+01
1.000000000000000000e+01
1.244444444444444464e+01
1.272727272727272663e+01
1.258585858585858652e+01
1.230303030303030276e+01
2.027272727272727337e+01
9.979797979797979224e+00
1.182828282828282873e+01
1.208080808080808133e+01
1.703030303030303116e+01
1.257575757575757613e+01
1.580808080808080796e+01
1.310101010101010033e+01
1.127272727272727337e+01
1.953535353535353636e+01
1.273737373737373701e+01
1.418181818181818166e+01
1.291919191919191867e+01
2.868686868686868863e+01
1.228282828282828198e+01
1.895959595959595845e+01
1.284848484848484773e+01
1.446464646464646542e+01
1.738383838383838409e+01
1.392929292929292906e+01
1.356565656565656575e+01
1.038383838383838409e+01
1.269696969696969724e+01
1.310101010101010033e+01
1.628282828282828376e+01
1.248484848484848442e+01
1.159595959595959513e+01
1.033333333333333393e+01
1.225252525252525260e+01
1.459595959595959513e+01
1.809090909090908994e+01
1.570707070707070763e+01
1.700000000000000000e+01
1.065656565656565569e+01
1.636363636363636331e+01
1.415151515151515227e+01
1.049494949494949481e+01
1.615151515151515227e+01
2.043434343434343603e+01
1.731313131313131137e+01
1.985858585858585812e+01
1.341414141414141348e+01
1.984848484848484773e+01
1.697979797979797922e+01
1.811111111111111072e+01
1.360606060606060552e+01
1.406060606060606055e+01
1.556565656565656575e+01
2.094949494949494806e+01
1.648484848484848442e+01
1.754545454545454675e+01
2.300000000000000000e+01
9.858585858585858119e+00
1.335353535353535293e+01
1.066666666666666607e+01
1.238383838383838409e+01
1.067676767676767646e+01
9.747474747474747403e+00
2.075757575757575779e+01
8.747474747474747403e+00
1.348484848484848442e+01
1.269696969696969724e+01
1.607070707070706916e+01
1.672727272727272663e+01
1.338383838383838409e+01
1.218181818181818166e+01
1.145454545454545503e+01
1.093939393939393945e+01
1.472727272727272663e+01
1.325252525252525260e+01
1.451515151515151558e+01
1.517171717171717127e+01
1.064646464646464707e+01
1.839393939393939448e+01
1.193939393939393945e+01
1.051515151515151558e+01
1.519191919191919204e+01
1.083838383838383912e+01
1.633333333333333215e+01
1.410101010101010033e+01
1.209090909090909172e+01
1.437373737373737370e+01
1.371717171717171802e+01
1.603030303030303116e+01
2.242424242424242564e+01
1.498989898989898961e+01
2.936363636363636331e+01
1.828282828282828376e+01
2.234343434343434254e+01
1.247474747474747403e+01
1.092929292929292906e+01
1.058585858585858652e+01
1.413131313131313149e+01
1.234343434343434431e+01
1.277777777777777857e+01
1.360606060606060552e+01
1.743434343434343603e+01
1.309090909090909172e+01
1.234343434343434431e+01
1.727272727272727337e+01
1.553535353535353458e+01
1.266666666666666607e+01
1.395959595959596022e+01
1.717171717171717304e+01
1.394949494949494984e+01
1.614141414141414188e+01
1.245454545454545503e+01
2.003030303030303116e+01
1.971717171717171624e+01
2.171717171717171624e+01
1.184848484848484773e+01
9.242424242424242209e+00
1.509090909090909172e+01
1.295959595959596022e+01
2.025252525252525260e+01
1.070707070707070763e+01
1.949494949494949481e+01
1.142424242424242387e+01
1.440404040404040487e+01
1.358585858585858652e+01
1.589898989898989967e+01
1.242424242424242387e+01
1.376767676767676818e+01
1.435353535353535293e+01
1.534343434343434431e+01
2.056565656565656397e+01
1.493939393939393945e+01
2.207070707070706916e+01
1.078787878787878718e+01
1.675757575757575779e+01
1.239393939393939448e+01
1.200000000000000000e+01
2.031313131313131137e+01
1.044444444444444464e+01
2.017171717171717304e+01
1.164646464646464707e+01
2.160606060606060552e+01
2.011111111111111072e+01
1.072727272727272663e+01
2.198989898989898961e+01
1.084848484848484773e+01
1.115151515151515227e+01
1.312121212121212110e+01
1.137373737373737370e+01
1.516161616161616088e+01
1.067676767676767646e+01
9.454545454545455030e+00
1.553535353535353458e+01
1.451515151515151558e+01
2.356565656565656397e+01
1.327272727272727337e+01
2.121212121212121104e+01
1.034343434343434431e+01
1.668686868686868863e+01
1.485858585858585812e+01
1.848484848484848442e+01
2.218181818181818343e+01
1.740404040404040487e+01
1.443434343434343425e+01
2.292929292929293084e+01
1.576767676767676818e+01
1.469696969696969724e+01
1.150505050505050519e+01
1.576767676767676818e+01
2.051515151515151558e+01
1.680808080808080973e+01
1.774747474747474740e+01
9.979797979797979224e+00
1.681818181818181657e+01
1.076767676767676818e+01
1.086868686868686851e+01
1.105050505050505016e+01
1.102020202020202078e+01
1.168686868686868685e+01
1.081818181818181834e+01
1.168686868686868685e+01
3.516161616161615910e+01
1.666666666666666785e+01
1.191919191919191867e+01
1.409090909090909172e+01
1.603030303030303116e+01
1.756565656565656397e+01
1.297979797979797922e+01
1.036363636363636331e+01
1.522222222222222143e+01
1.437373737373737370e+01
1.004040404040403978e+01
1.563636363636363669e+01
2.111111111111111072e+01
1.059595959595959513e+01
1.433333333333333393e+01
1.980808080808080973e+01
1.934343434343434254e+01
2.989898989898989967e+01
1.130303030303030276e+01
1.193939393939393945e+01
2.067676767676767824e+01
1.262626262626262630e+01
1.977777777777777857e+01
1.591919191919191867e+01
2.572727272727272663e+01
1.074747474747474740e+01
1.397979797979797922e+01
1.715151515151515227e+01
1.429292929292929237e+01
1.224242424242424221e+01
1.910101010101010033e+01
1.363636363636363669e+01
1.511111111111111072e+01
1.222222222222222143e+01
1.292929292929292906e+01
1.023232323232323182e+01
9.606060606060605522e+00
1.237373737373737370e+01
1.307070707070707094e+01
1.468686868686868685e+01
1.087878787878787890e+01
1.029292929292929237e+01
1.228282828282828198e+01
1.302020202020202078e+01
1.378787878787878718e+01
1.889898989898989967e+01
1.600000000000000000e+01
1.461616161616161591e+01
1.202020202020202078e+01
1.776767676767676818e+01
2.443434343434343603e+01
1.587878787878787890e+01
1.684848484848484773e+01
1.218181818181818166e+01
1.510101010101010033e+01
1.354545454545454497e+01
2.048484848484848442e+01
1.278787878787878718e+01
1.386868686868686851e+01
1.346464646464646542e+01
2.161616161616161591e+01
1.251515151515151558e+01
1.198989898989898961e+01
1.410101010101010033e+01
1.094949494949494984e+01
1.004040404040403978e+01
1.278787878787878718e+01
1.735353535353535293e+01
1.846464646464646364e+01
1.611111111111111072e+01
1.758585858585858475e+01
1.197979797979797922e+01
1.188888888888888928e+01
1.590909090909090828e+01
1.235353535353535293e+01
9.555555555555555358e+00
1.225252525252525260e+01
1.216161616161616088e+01
1.743434343434343603e+01
1.715151515151515227e+01
1.140404040404040487e+01
1.438383838383838409e+01
1.451515151515151558e+01
1.328282828282828198e+01
1.279797979797979757e+01
1.485858585858585812e+01
1.072727272727272663e+01
1.549494949494949481e+01
1.798989898989898961e+01
1.472727272727272663e+01
1.437373737373737370e+01
1.323232323232323182e+01
1.535353535353535293e+01
9.959595959595960224e+00
1.361616161616161591e+01
1.767676767676767824e+01
1.489898989898989967e+01
1.608080808080807955e+01
1.849494949494949481e+01
1.133333333333333393e+01
1.512121212121212110e+01
2.670707070707070585e+01
1.692929292929293084e+01
1.663636363636363669e+01
1.191919191919191867e+01
1.441414141414141348e+01
1.503030303030303116e+01
1.547474747474747403e+01
1.893939393939393767e+01
1.232323232323232354e+01
1.088888888888888928e+01
1.536363636363636331e+01
9.272727272727273373e+00
2.281818181818181657e+01
8.686868686868686851e+00
1.168686868686868685e+01
1.209090909090909172e+01
1.479797979797979757e+01
1.290909090909090828e+01
1.390909090909090828e+01
1.881818181818181657e+01
1.376767676767676818e+01
2.792929292929293084e+01
1.115151515151515227e+01
2.516161616161616266e+01
2.000000000000000000e+01
1.197979797979797922e+01
1.306060606060606055e+01
1.220202020202020243e+01
1.369696969696969724e+01
1.246464646464646542e+01
1.634343434343434254e+01
1.279797979797979757e+01
1.166666666666666607e+01
1.549494949494949481e+01
1.581818181818181834e+01
1.852525252525252597e+01
1.421212121212121282e+01
1.128282828282828198e+01
1.237373737373737370e+01
1.749494949494949481e+01
1.196969696969696884e+01
1.236363636363636331e+01
1.206060606060606055e+01
1.862626262626262630e+01
1.479797979797979757e+01
1.007070707070707094e+01
1.053535353535353458e+01
1.204040404040403978e+01
1.058585858585858652e+01
1.589898989898989967e+01
1.142424242424242387e+01
1.183838383838383912e+01
9.727272727272726627e+00
1.619191919191919027e+01
1.910101010101010033e+01
1.176767676767676818e+01
1.403030303030303116e+01
1.060606060606060552e+01
1.616161616161616266e+01
1.287878787878787890e+01
1.492929292929292906e+01
1.668686868686868863e+01
4.576767676767676818e+01
1.259595959595959513e+01
1.882828282828282696e+01
9.989898989898989612e+00
8.535353535353534582e+00
1.401010101010101039e+01
1.641414141414141525e+01
8.242424242424242209e+00
1.515151515151515227e+01
1.170707070707070763e+01
1.960606060606060552e+01
1.229292929292929237e+01
1.459595959595959513e+01
1.732323232323232176e+01
1.254545454545454497e+01
1.195959595959596022e+01
1.580808080808080796e+01
1.244444444444444464e+01
9.717171717171718015e+00
1.431313131313131315e+01
9.939393939393939448e+00
1.779797979797979934e+01
1.112121212121212110e+01
1.085858585858585812e+01
1.314141414141414188e+01
2.033333333333333215e+01
1.454545454545454497e+01
1.180808080808080796e+01
2.357575757575757436e+01
1.851515151515151558e+01
1.671717171717171624e+01
1.240404040404040487e+01
1.804040404040404155e+01
1.455555555555555536e+01
1.020202020202020243e+01
1.077777777777777857e+01
1.737373737373737370e+01
2.428282828282828376e+01
1.408080808080808133e+01
1.349494949494949481e+01
1.606060606060606233e+01
9.272727272727273373e+00
1.423232323232323182e+01
1.303030303030303116e+01
1.439393939393939448e+01
1.331313131313131315e+01
1.651515151515151558e+01
9.262626262626262985e+00
1.183838383838383912e+01
1.276767676767676818e+01
2.320202020202020066e+01
1.493939393939393945e+01
1.423232323232323182e+01
1.448484848484848442e+01
1.370707070707070763e+01
2.429292929292929415e+01
1.281818181818181834e+01
1.896969696969696884e+01
1.467676767676767646e+01
1.120202020202020243e+01
1.909090909090908994e+01
1.325252525252525260e+01
1.320202020202020243e+01
1.398989898989898961e+01
1.061616161616161591e+01
2.562626262626262630e+01
1.279797979797979757e+01
1.092929292929292906e+01
1.107070707070707094e+01
1.577777777777777857e+01
1.621212121212121104e+01
1.443434343434343425e+01
1.211111111111111072e+01
1.198989898989898961e+01
1.772727272727272663e+01
1.441414141414141348e+01
1.112121212121212110e+01
1.509090909090909172e+01
1.351515151515151558e+01
1.560606060606060552e+01
1.578787878787878718e+01
1.555555555555555536e+01
1.602020202020202078e+01
1.563636363636363669e+01
1.856565656565656397e+01
1.613131313131313149e+01
1.823232323232323182e+01
1.003030303030303116e+01
2.689898989898989967e+01
1.205050505050505016e+01
1.147474747474747403e+01
1.051515151515151558e+01
1.131313131313131315e+01
1.489898989898989967e+01
1.922222222222222143e+01
1.889898989898989967e+01
2.003030303030303116e+01
1.389898989898989967e+01
1.484848484848484773e+01
1.725252525252525260e+01
1.826262626262626299e+01
2.179797979797979934e+01
1.215151515151515227e+01
1.160606060606060552e+01
1.391919191919191867e+01
1.271717171717171802e+01
1.542424242424242387e+01
1.485858585858585812e+01
1.893939393939393767e+01
1.630303030303030454e+01
1.111111111111111072e+01
1.627272727272727337e+01
1.836363636363636331e+01
1.239393939393939448e+01
1.998989898989898961e+01
3.039393939393939448e+01
1.804040404040404155e+01
2.298989898989898961e+01
1.806060606060606233e+01
1.277777777777777857e+01
1.233333333333333393e+01
1.448484848484848442e+01
1.854545454545454675e+01
1.425252525252525260e+01
1.006060606060606055e+01
1.128282828282828198e+01
1.229292929292929237e+01
1.777777777777777857e+01
1.239393939393939448e+01
1.674747474747474740e+01
1.122222222222222143e+01
1.003030303030303116e+01
1.632323232323232176e+01
1.053535353535353458e+01
1.548484848484848442e+01
1.657575757575757436e+01
1.193939393939393945e+01
1.386868686868686851e+01
2.102020202020202078e+01
1.485858585858585812e+01
1.151515151515151558e+01
1.448484848484848442e+01
2.156565656565656397e+01
1.464646464646464707e+01
1.549494949494949481e+01
1.852525252525252597e+01
1.047474747474747403e+01
1.719191919191919027e+01
1.334343434343434431e+01
1.840404040404040487e+01
1.345454545454545503e+01
1.293939393939393945e+01
1.420202020202020243e+01
1.368686868686868685e+01
3.288888888888888573e+01
1.337373737373737370e+01
2.857575757575757436e+01
1.104040404040403978e+01
1.702020202020202078e+01
2.111111111111111072e+01
1.524242424242424221e+01
1.554545454545454497e+01
8.878787878787878896e+00
1.224242424242424221e+01
1.140404040404040487e+01
1.255555555555555536e+01
1.642424242424242564e+01
1.278787878787878718e+01
1.171717171717171802e+01
1.650505050505050519e+01
1.471717171717171802e+01
1.459595959595959513e+01
2.015151515151515227e+01
1.103030303030303116e+01
1.345454545454545503e+01
1.287878787878787890e+01
1.289898989898989967e+01
1.002020202020202078e+01
1.492929292929292906e+01
1.348484848484848442e+01
1.668686868686868863e+01
1.393939393939393945e+01
1.030303030303030276e+01
1.191919191919191867e+01
1.551515151515151558e+01
1.901010101010101039e+01
1.340404040404040487e+01
1.553535353535353458e+01
1.456565656565656575e+01
1.058585858585858652e+01
1.694949494949494806e+01
7.878787878787878896e+00
1.379797979797979757e+01
1.330303030303030276e+01
1.523232323232323182e+01
1.425252525252525260e+01
1.330303030303030276e+01
1.188888888888888928e+01
1.244444444444444464e+01
1.529292929292929237e+01
2.231313131313131137e+01
1.623232323232323182e+01
2.628282828282828376e+01
1.363636363636363669e+01
1.344444444444444464e+01
1.564646464646464707e+01
1.785858585858585812e+01
2.134343434343434254e+01
2.144444444444444287e+01
1.189898989898989967e+01
9.363636363636363313e+00
1.170707070707070763e+01
1.327272727272727337e+01
1.284848484848484773e+01
2.042424242424242564e+01
1.081818181818181834e+01
1.605050505050505194e+01
2.321212121212121104e+01
1.713131313131313149e+01
1.576767676767676818e+01
1.482828282828282873e+01
2.301010101010101039e+01
1.456565656565656575e+01
1.314141414141414188e+01
1.158585858585858652e+01
1.108080808080808133e+01
9.909090909090908283e+00
2.035353535353535293e+01
2.244444444444444287e+01
1.827272727272727337e+01
9.626262626262626299e+00
1.195959595959596022e+01
1.222222222222222143e+01
1.070707070707070763e+01
1.439393939393939448e+01
1.276767676767676818e+01
1.163636363636363669e+01
2.069696969696969546e+01
1.342424242424242387e+01
1.126262626262626299e+01
8.040404040404039776e+00
1.455555555555555536e+01
1.303030303030303116e+01
1.244444444444444464e+01
1.262626262626262630e+01
9.898989898989899672e+00
1.098989898989898961e+01
1.167676767676767646e+01
1.529292929292929237e+01
1.157575757575757613e+01
1.522222222222222143e+01
1.165656565656565569e+01
1.127272727272727337e+01
1.285858585858585812e+01
8.717171717171718015e+00
1.238383838383838409e+01
1.048484848484848442e+01
1.680808080808080973e+01
2.071717171717171624e+01
1.756565656565656397e+01
1.038383838383838409e+01
1.379797979797979757e+01
1.271717171717171802e+01
1.164646464646464707e+01
2.163636363636363669e+01
1.081818181818181834e+01
1.207070707070707094e+01
1.261616161616161591e+01
1.198989898989898961e+01
1.058585858585858652e+01
1.081818181818181834e+01
1.380808080808080796e+01
1.497979797979797922e+01
1.220202020202020243e+01
2.000000000000000000e+01
1.373737373737373701e+01
1.651515151515151558e+01
9.767676767676768179e+00
1.457575757575757613e+01
1.246464646464646542e+01
1.177777777777777857e+01
1.486868686868686851e+01
1.275757575757575779e+01
8.393939393939394478e+00
1.824242424242424221e+01
1.324242424242424221e+01
1.497979797979797922e+01
1.021212121212121282e+01
1.136363636363636331e+01
1.884848484848484773e+01
1.612121212121212110e+01
1.119191919191919204e+01
1.948484848484848442e+01
1.675757575757575779e+01
1.570707070707070763e+01
1.170707070707070763e+01
1.880808080808080973e+01
1.493939393939393945e+01
1.666666666666666785e+01
1.405050505050505016e+01
1.495959595959596022e+01
1.703030303030303116e+01
1.568686868686868685e+01
1.225252525252525260e+01
1.515151515151515227e+01
1.053535353535353458e+01
1.572727272727272663e+01
1.230303030303030276e+01
1.372727272727272663e+01
2.161616161616161591e+01
2.066666666666666785e+01
1.228282828282828198e+01
1.439393939393939448e+01
1.953535353535353636e+01
1.574747474747474740e+01
1.282828282828282873e+01
1.344444444444444464e+01
1.918181818181818343e+01
1.421212121212121282e+01
2.432323232323232176e+01
1.157575757575757613e+01
1.872727272727272663e+01
1.889898989898989967e+01
1.588888888888888928e+01
1.435353535353535293e+01
1.265656565656565569e+01
1.948484848484848442e+01
8.292929292929292373e+00
1.526262626262626299e+01
2.310101010101010033e+01
9.151515151515152269e+00
1.011111111111111072e+01
2.822222222222222143e+01
1.797979797979797922e+01
1.659595959595959513e+01
1.861616161616161591e+01
1.196969696969696884e+01
2.362626262626262630e+01
1.196969696969696884e+01
2.259595959595959513e+01
1.156565656565656575e+01
1.287878787878787890e+01
1.956565656565656397e+01
1.725252525252525260e+01
1.164646464646464707e+01
1.378787878787878718e+01
1.370707070707070763e+01
1.369696969696969724e+01
9.161616161616160880e+00
2.927272727272727337e+01
1.803030303030303116e+01
1.128282828282828198e+01
1.514141414141414188e+01
2.140404040404040487e+01
1.577777777777777857e+01
1.593939393939393945e+01
9.919191919191918672e+00
2.102020202020202078e+01
1.259595959595959513e+01
1.519191919191919204e+01
2.203030303030303116e+01
1.260606060606060552e+01
1.687878787878787890e+01
2.482828282828282696e+01
2.300000000000000000e+01
1.719191919191919027e+01
1.889898989898989967e+01
2.238383838383838409e+01
1.338383838383838409e+01
2.985858585858585812e+01
1.114141414141414188e+01
1.812121212121212110e+01
9.939393939393939448e+00
1.606060606060606233e+01
1.649494949494949481e+01
1.412121212121212110e+01
1.179797979797979757e+01
1.654545454545454675e+01
1.348484848484848442e+01
1.332323232323232354e+01
1.562626262626262630e+01
1.531313131313131315e+01
1.037373737373737370e+01
1.628282828282828376e+01
1.691919191919192045e+01
1.238383838383838409e+01
2.343434343434343603e+01
9.585858585858586522e+00
1.376767676767676818e+01
1.994949494949494806e+01
1.295959595959596022e+01
1.224242424242424221e+01
1.012121212121212110e+01
1.227272727272727337e+01
1.377777777777777857e+01
1.477777777777777857e+01
1.865656565656565746e+01
1.431313131313131315e+01
1.203030303030303116e+01
1.627272727272727337e+01
1.652525252525252597e+01
2.250505050505050519e+01
1.743434343434343603e+01
9.747474747474747403e+00
1.533333333333333393e+01
1.369696969696969724e+01
1.223232323232323182e+01
1.057575757575757613e+01
1.573737373737373701e+01
1.478787878787878718e+01
1.705050505050505194e+01
1.725252525252525260e+01
1.129292929292929237e+01
1.227272727272727337e+01
1.828282828282828376e+01
1.202020202020202078e+01
1.172727272727272663e+01
8.030303030303031164e+00
1.782828282828282696e+01
1.103030303030303116e+01
2.496969696969696884e+01
1.421212121212121282e+01
1.305050505050505016e+01
1.688888888888888928e+01
1.705050505050505194e+01
2.174747474747474740e+01
1.350505050505050519e+01
1.397979797979797922e+01
1.279797979797979757e+01
2.446464646464646364e+01
2.047474747474747403e+01
1.496969696969696884e+01
1.035353535353535293e+01
1.497979797979797922e+01
1.097979797979797922e+01
1.877777777777777857e+01
1.508080808080808133e+01
1.763636363636363669e+01
1.271717171717171802e+01
6.656565656565656575e+00
1.165656565656565569e+01
1.245454545454545503e+01
1.291919191919191867e+01
1.286868686868686851e+01
1.142424242424242387e+01
1.155555555555555536e+01
1.519191919191919204e+01
1.185858585858585812e+01
1.277777777777777857e+01
1.156565656565656575e+01
1.783838383838383734e+01
1.310101010101010033e+01
1.723232323232323182e+01
1.709090909090908994e+01
1.129292929292929237e+01
1.655555555555555713e+01
9.515151515151515582e+00
1.232323232323232354e+01
1.616161616161616266e+01
1.360606060606060552e+01
9.383838383838384090e+00
1.400000000000000000e+01
1.335353535353535293e+01
1.122222222222222143e+01
1.370707070707070763e+01
1.524242424242424221e+01
1.359595959595959513e+01
1.197979797979797922e+01
1.053535353535353458e+01
1.642424242424242564e+01
1.341414141414141348e+01
1.101010101010101039e+01
1.574747474747474740e+01
1.907070707070706916e+01
1.653535353535353636e+01
1.954545454545454675e+01
1.302020202020202078e+01
1.446464646464646542e+01
1.504040404040403978e+01
1.376767676767676818e+01
8.484848484848484418e+00
1.659595959595959513e+01
1.494949494949494984e+01
1.127272727272727337e+01
1.533333333333333393e+01
1.707070707070706916e+01
1.574747474747474740e+01
1.044444444444444464e+01
1.625252525252525260e+01
1.471717171717171802e+01
1.869696969696969546e+01
1.398989898989898961e+01
1.027272727272727337e+01
1.206060606060606055e+01
2.571717171717171624e+01
2.575757575757575779e+01
1.332323232323232354e+01
1.238383838383838409e+01
1.432323232323232354e+01
1.356565656565656575e+01
1.549494949494949481e+01
1.896969696969696884e+01
1.705050505050505194e+01
1.734343434343434254e+01
1.405050505050505016e+01
1.497979797979797922e+01
1.910101010101010033e+01
1.779797979797979934e+01
1.208080808080808133e+01
1.650505050505050519e+01
1.661616161616161591e+01
1.662626262626262630e+01
1.218181818181818166e+01
1.370707070707070763e+01
1.312121212121212110e+01
1.254545454545454497e+01
2.136363636363636331e+01
1.214141414141414188e+01
1.055555555555555536e+01
3.580808080808080973e+01
1.345454545454545503e+01
1.532323232323232354e+01
1.483838383838383912e+01
1.175757575757575779e+01
1.853535353535353636e+01
1.487878787878787890e+01
1.402020202020202078e+01
1.153535353535353458e+01
9.969696969696968836e+00
1.241414141414141348e+01
1.357575757575757613e+01
1.217171717171717127e+01
1.124242424242424221e+01
1.335353535353535293e+01
1.426262626262626299e+01
1.266666666666666607e+01
1.157575757575757613e+01
1.830303030303030454e+01
1.369696969696969724e+01
1.392929292929292906e+01
1.173737373737373701e+01
1.789898989898989967e+01
1.288888888888888928e+01
1.588888888888888928e+01
1.442424242424242387e+01
1.749494949494949481e+01
1.444444444444444464e+01
1.232323232323232354e+01
1.417171717171717127e+01
1.201010101010101039e+01
1.092929292929292906e+01
1.578787878787878718e+01
1.850505050505050519e+01
1.442424242424242387e+01
1.193939393939393945e+01
7.797979797979797567e+00
1.665656565656565746e+01
1.190909090909090828e+01
1.214141414141414188e+01
1.095959595959596022e+01
2.061616161616161591e+01
1.769696969696969546e+01
9.111111111111110716e+00
1.119191919191919204e+01
1.493939393939393945e+01
2.388888888888888928e+01
1.401010101010101039e+01
1.375757575757575779e+01
1.461616161616161591e+01
1.585858585858585812e+01
1.267676767676767646e+01
2.647474747474747403e+01
1.318181818181818166e+01
1.692929292929293084e+01
1.404040404040403978e+01
2.101010101010101039e+01
1.449494949494949481e+01
1.404040404040403978e+01
1.592929292929292906e+01
1.342424242424242387e+01
2.006060606060606233e+01
2.179797979797979934e+01
1.632323232323232176e+01
1.320202020202020243e+01
1.207070707070707094e+01
1.503030303030303116e+01
1.880808080808080973e+01
2.569696969696969546e+01
1.787878787878787890e+01
1.856565656565656397e+01
1.026262626262626299e+01
2.487878787878787890e+01
1.215151515151515227e+01
2.101010101010101039e+01
1.419191919191919204e+01
2.229292929292929415e+01
1.123232323232323182e+01
1.098989898989898961e+01
1.088888888888888928e+01
1.169696969696969724e+01
2.800000000000000000e+01
1.232323232323232354e+01
1.238383838383838409e+01
2.126262626262626299e+01
1.275757575757575779e+01
1.346464646464646542e+01
1.297979797979797922e+01
1.454545454545454497e+01
1.262626262626262630e+01
1.371717171717171802e+01
2.038383838383838409e+01
1.545454545454545503e+01
1.114141414141414188e+01
1.546464646464646542e+01
1.491919191919191867e+01
1.282828282828282873e+01
2.163636363636363669e+01
1.726262626262626299e+01
2.402020202020202078e+01
1.293939393939393945e+01
1.571717171717171802e+01
1.509090909090909172e+01
1.236363636363636331e+01
2.686868686868686851e+01
1.771717171717171624e+01
1.358585858585858652e+01
1.631313131313131137e+01
1.579797979797979757e+01
1.038383838383838409e+01
1.179797979797979757e+01
1.198989898989898961e+01
1.734343434343434254e+01
1.310101010101010033e+01
1.285858585858585812e+01
1.156565656565656575e+01
1.641414141414141525e+01
1.030303030303030276e+01
1.175757575757575779e+01
1.346464646464646542e+01
2.116161616161616266e+01
1.416161616161616088e+01
1.138383838383838409e+01
1.422222222222222143e+01
1.096969696969696884e+01
2.677777777777777857e+01
1.577777777777777857e+01
1.292929292929292906e+01
2.159595959595959513e+01
1.029292929292929237e+01
2.141414141414141525e+01
9.535353535353534582e+00
1.086868686868686851e+01
1.375757575757575779e+01
1.844444444444444287e+01
2.100000000000000000e+01
1.322222222222222143e+01
1.456565656565656575e+01
1.330303030303030276e+01
1.596969696969696884e+01
1.122222222222222143e+01
1.900000000000000000e+01
2.202020202020202078e+01
1.338383838383838409e+01
1.477777777777777857e+01
1.363636363636363669e+01
1.159595959595959513e+01
1.639393939393939448e+01
1.538383838383838409e+01
1.754545454545454675e+01
1.409090909090909172e+01
1.196969696969696884e+01
1.602020202020202078e+01
9.939393939393939448e+00
1.431313131313131315e+01
1.490909090909090828e+01
1.314141414141414188e+01
2.367676767676767824e+01
1.251515151515151558e+01
1.232323232323232354e+01
1.094949494949494984e+01
1.274747474747474740e+01
2.296969696969696884e+01
1.334343434343434431e+01
1.318181818181818166e+01
1.422222222222222143e+01
1.149494949494949481e+01
1.305050505050505016e+01
2.149494949494949481e+01
1.113131313131313149e+01
1.407070707070707094e+01
1.671717171717171624e+01
9.454545454545455030e+00
1.781818181818181657e+01
1.246464646464646542e+01
1.193939393939393945e+01
1.731313131313131137e+01
1.235353535353535293e+01
1.593939393939393945e+01
1.605050505050505194e+01
1.794949494949494806e+01
1.740404040404040487e+01
2.054545454545454675e+01
1.155555555555555536e+01
1.161616161616161591e+01
1.277777777777777857e+01
1.125252525252525260e+01
1.492929292929292906e+01
1.167676767676767646e+01
8.575757575757576134e+00
1.477777777777777857e+01
1.924242424242424221e+01
1.087878787878787890e+01
2.750505050505050519e+01
1.301010101010101039e+01
1.622222222222222143e+01
1.251515151515151558e+01
1.455555555555555536e+01
1.114141414141414188e+01
1.387878787878787890e+01
1.354545454545454497e+01
1.468686868686868685e+01
9.101010101010100328e+00
1.160606060606060552e+01
1.693939393939393767e+01
1.345454545454545503e+01
1.085858585858585812e+01
1.443434343434343425e+01
1.111111111111111072e+01
1.112121212121212110e+01
1.281818181818181834e+01
9.282828282828281985e+00
1.118181818181818166e+01
2.707070707070706916e+01
1.408080808080808133e+01
1.997979797979797922e+01
1.250505050505050519e+01
1.062626262626262630e+01
9.070707070707070940e+00
1.468686868686868685e+01
9.222222222222221433e+00
2.038383838383838409e+01
1.372727272727272663e+01
1.031313131313131315e+01
1.221212121212121282e+01
1.372727272727272663e+01
1.087878787878787890e+01
1.346464646464646542e+01
1.369696969696969724e+01
1.713131313131313149e+01
1.260606060606060552e+01
1.247474747474747403e+01
2.103030303030303116e+01
1.311111111111111072e+01
1.937373737373737370e+01
1.883838383838383734e+01
1.088888888888888928e+01
1.943434343434343603e+01
1.910101010101010033e+01
2.466666666666666785e+01
8.787878787878787179e+00
1.142424242424242387e+01
1.730303030303030454e+01
1.475757575757575779e+01
1.244444444444444464e+01
2.019191919191919027e+01
1.390909090909090828e+01
2.009090909090908994e+01
1.525252525252525260e+01
1.148484848484848442e+01
9.141414141414141881e+00
1.378787878787878718e+01
1.157575757575757613e+01
1.426262626262626299e+01
1.502020202020202078e+01
1.046464646464646542e+01
1.319191919191919204e+01
1.655555555555555713e+01
1.223232323232323182e+01
1.348484848484848442e+01
1.290909090909090828e+01
8.646464646464647075e+00
2.032323232323232176e+01
2.497979797979797922e+01
1.088888888888888928e+01
1.200000000000000000e+01
2.354545454545454675e+01
1.383838383838383912e+01
1.329292929292929237e+01
1.515151515151515227e+01
1.337373737373737370e+01
1.163636363636363669e+01
1.402020202020202078e+01
1.426262626262626299e+01
1.274747474747474740e+01
1.945454545454545325e+01
1.596969696969696884e+01
1.766666666666666785e+01
1.377777777777777857e+01
2.528282828282828376e+01
1.311111111111111072e+01
1.375757575757575779e+01
1.952525252525252597e+01
3.280808080808080973e+01
2.298989898989898961e+01
1.116161616161616088e+01
1.929292929292929415e+01
1.369696969696969724e+01
1.406060606060606055e+01
9.828282828282828731e+00
2.158585858585858475e+01
1.178787878787878718e+01
1.336363636363636331e+01
1.286868686868686851e+01
9.797979797979797567e+00
1.221212121212121282e+01
1.167676767676767646e+01
1.515151515151515227e+01
2.306060606060606233e+01
1.662626262626262630e+01
9.909090909090908283e+00
1.254545454545454497e+01
1.715151515151515227e+01
9.767676767676768179e+00
1.558585858585858652e+01
1.581818181818181834e+01
1.168686868686868685e+01
1.289898989898989967e+01
9.191919191919192045e+00
8.959595959595960224e+00
1.873737373737373701e+01
1.509090909090909172e+01
1.824242424242424221e+01
1.452525252525252597e+01
1.012121212121212110e+01
1.359595959595959513e+01
9.919191919191918672e+00
1.689898989898989967e+01
1.445454545454545503e+01
1.174747474747474740e+01
1.614141414141414188e+01
1.911111111111111072e+01
1.517171717171717127e+01
2.458585858585858475e+01
1.927272727272727337e+01
1.317171717171717127e+01
1.208080808080808133e+01
1.114141414141414188e+01
1.660606060606060552e+01
1.461616161616161591e+01
9.282828282828281985e+00
1.075757575757575779e+01
1.357575757575757613e+01
1.524242424242424221e+01
1.189898989898989967e+01
1.731313131313131137e+01
1.267676767676767646e+01
1.835353535353535293e+01
2.127272727272727337e+01
1.718181818181818343e+01
1.082828282828282873e+01
1.116161616161616088e+01
1.337373737373737370e+01
1.108080808080808133e+01
1.483838383838383912e+01
1.195959595959596022e+01
8.464646464646465418e+00
1.396969696969696884e+01
1.868686868686868863e+01
8.383838383838384090e+00
1.610101010101010033e+01
1.828282828282828376e+01
1.110101010101010033e+01
1.049494949494949481e+01
1.045454545454545503e+01
1.129292929292929237e+01
1.588888888888888928e+01
1.735353535353535293e+01
1.189898989898989967e+01
1.371717171717171802e+01
1.757575757575757436e+01
1.137373737373737370e+01
1.232323232323232354e+01
2.238383838383838409e+01
1.230303030303030276e+01
1.691919191919192045e+01
1.567676767676767646e+01
1.039393939393939448e+01
1.412121212121212110e+01
1.668686868686868863e+01
9.898989898989899672e+00
1.264646464646464707e+01
1.670707070707070585e+01
1.231313131313131315e+01
1.449494949494949481e+01
1.470707070707070763e+01
2.222222222222222143e+01
1.302020202020202078e+01
1.838383838383838409e+01
1.655555555555555713e+01
2.066666666666666785e+01
1.457575757575757613e+01
1.824242424242424221e+01
1.190909090909090828e+01
2.772727272727272663e+01
1.182828282828282873e+01
1.137373737373737370e+01
1.575757575757575779e+01
9.151515151515152269e+00
1.430303030303030276e+01
1.638383838383838409e+01
1.833333333333333215e+01
1.316161616161616088e+01
9.848484848484847731e+00
1.223232323232323182e+01
1.651515151515151558e+01
1.231313131313131315e+01
1.009090909090909172e+01
1.239393939393939448e+01
1.412121212121212110e+01
1.148484848484848442e+01
1.151515151515151558e+01
1.964646464646464707e+01
1.532323232323232354e+01
1.138383838383838409e+01
1.631313131313131137e+01
1.379797979797979757e+01
1.105050505050505016e+01
1.173737373737373701e+01
1.343434343434343425e+01
1.269696969696969724e+01
1.185858585858585812e+01
1.457575757575757613e+01
1.006060606060606055e+01
1.000000000000000000e+01
1.461616161616161591e+01
2.016161616161616266e+01
1.323232323232323182e+01
1.263636363636363669e+01
1.228282828282828198e+01
1.251515151515151558e+01
1.087878787878787890e+01
1.791919191919192045e+01
1.040404040404040487e+01
1.386868686868686851e+01
3.512121212121212466e+01
1.471717171717171802e+01
1.187878787878787890e+01
1.659595959595959513e+01
2.074747474747474740e+01
1.727272727272727337e+01
1.346464646464646542e+01
1.135353535353535293e+01
1.443434343434343425e+01
1.167676767676767646e+01
1.119191919191919204e+01
1.169696969696969724e+01
1.595959595959596022e+01
1.539393939393939448e+01
1.692929292929293084e+01
2.013131313131313149e+01
1.102020202020202078e+01
1.450505050505050519e+01
1.169696969696969724e+01
1.032323232323232354e+01
1.958585858585858475e+01
1.331313131313131315e+01
8.727272727272726627e+00
1.782828282828282696e+01
1.262626262626262630e+01
1.715151515151515227e+01
1.031313131313131315e+01
1.162626262626262630e+01
1.792929292929293084e+01
1.442424242424242387e+01
1.520202020202020243e+01
1.284848484848484773e+01
1.356565656565656575e+01
1.604040404040404155e+01
2.453535353535353636e+01
2.029292929292929415e+01
1.850505050505050519e+01
1.092929292929292906e+01
2.202020202020202078e+01
1.088888888888888928e+01
1.501010101010101039e+01
1.550505050505050519e+01
1.951515151515151558e+01
1.816161616161616266e+01
1.553535353535353458e+01
1.900000000000000000e+01
2.050505050505050519e+01
1.477777777777777857e+01
1.623232323232323182e+01
1.183838383838383912e+01
2.975757575757575779e+01
1.183838383838383912e+01
1.648484848484848442e+01
1.761616161616161591e+01
1.474747474747474740e+01
1.607070707070706916e+01
2.145454545454545325e+01
1.467676767676767646e+01
1.484848484848484773e+01
1.201010101010101039e+01
2.574747474747474740e+01
1.754545454545454675e+01
9.565656565656565746e+00
1.223232323232323182e+01
1.742424242424242564e+01
1.000000000000000000e+01
1.635353535353535293e+01
1.231313131313131315e+01
1.722222222222222143e+01
7.757575757575757791e+00
1.381818181818181834e+01
1.542424242424242387e+01
1.117171717171717127e+01
1.582828282828282873e+01
1.303030303030303116e+01
1.398989898989898961e+01
1.388888888888888928e+01
1.655555555555555713e+01
1.274747474747474740e+01
1.295959595959596022e+01
1.450505050505050519e+01
1.555555555555555536e+01
2.219191919191919027e+01
1.549494949494949481e+01
1.376767676767676818e+01
2.023232323232323182e+01
1.376767676767676818e+01
1.528282828282828198e+01
1.728282828282828376e+01
1.218181818181818166e+01
9.191919191919192045e+00
1.410101010101010033e+01
9.000000000000000000e+00
1.018181818181818166e+01
1.563636363636363669e+01
1.449494949494949481e+01
1.333333333333333393e+01
1.629292929292929415e+01
1.332323232323232354e+01
1.517171717171717127e+01
1.070707070707070763e+01
1.659595959595959513e+01
9.606060606060605522e+00
1.851515151515151558e+01
1.826262626262626299e+01
1.272727272727272663e+01
1.183838383838383912e+01
1.456565656565656575e+01
2.150505050505050519e+01
1.539393939393939448e+01
1.590909090909090828e+01
1.052525252525252597e+01
1.224242424242424221e+01
1.600000000000000000e+01
2.088888888888888928e+01
1.057575757575757613e+01
1.680808080808080973e+01
1.191919191919191867e+01
1.950505050505050519e+01
1.757575757575757436e+01
2.306060606060606233e+01
1.354545454545454497e+01
9.212121212121212821e+00
1.605050505050505194e+01
1.189898989898989967e+01
1.205050505050505016e+01
1.902020202020202078e+01
1.314141414141414188e+01
1.593939393939393945e+01
1.226262626262626299e+01
1.698989898989898961e+01
1.333333333333333393e+01
1.501010101010101039e+01
9.959595959595960224e+00
1.702020202020202078e+01
2.032323232323232176e+01
1.468686868686868685e+01
1.256565656565656575e+01
1.256565656565656575e+01
1.659595959595959513e+01
1.279797979797979757e+01
1.227272727272727337e+01
1.582828282828282873e+01
9.464646464646465418e+00
1.585858585858585812e+01
1.288888888888888928e+01
1.562626262626262630e+01
1.253535353535353458e+01
1.274747474747474740e+01
1.274747474747474740e+01
2.103030303030303116e+01
1.659595959595959513e+01
1.021212121212121282e+01
1.223232323232323182e+01
1.532323232323232354e+01
1.013131313131313149e+01
1.386868686868686851e+01
1.393939393939393945e+01
1.411111111111111072e+01
1.467676767676767646e+01
1.434343434343434431e+01
1.610101010101010033e+01
1.787878787878787890e+01
1.212121212121212110e+01
2.122222222222222143e+01
1.472727272727272663e+01
1.798989898989898961e+01
1.676767676767676818e+01
1.308080808080808133e+01
1.843434343434343603e+01
1.735353535353535293e+01
9.828282828282828731e+00
3.694949494949494806e+01
1.176767676767676818e+01
1.085858585858585812e+01
1.909090909090908994e+01
1.729292929292929415e+01
1.184848484848484773e+01
8.838383838383839120e+00
1.544444444444444464e+01
1.413131313131313149e+01
1.361616161616161591e+01
1.670707070707070585e+01
1.473737373737373701e+01
1.692929292929293084e+01
1.228282828282828198e+01
3.011111111111111072e+01
1.748484848484848442e+01
1.205050505050505016e+01
1.087878787878787890e+01
8.393939393939394478e+00
2.675757575757575779e+01
1.229292929292929237e+01
1.465656565656565569e+01
1.444444444444444464e+01
1.415151515151515227e+01
1.170707070707070763e+01
1.246464646464646542e+01
1.955555555555555713e+01
1.820202020202020066e+01
1.556565656565656575e+01
1.907070707070706916e+01
1.205050505050505016e+01
1.550505050505050519e+01
1.357575757575757613e+01
1.773737373737373701e+01
1.418181818181818166e+01
1.957575757575757436e+01
3.151515151515151558e+01
1.569696969696969724e+01
1.573737373737373701e+01
1.189898989898989967e+01
1.529292929292929237e+01
1.866666666666666785e+01
1.467676767676767646e+01
1.060606060606060552e+01
1.473737373737373701e+01
1.491919191919191867e+01
1.227272727272727337e+01
1.815151515151515227e+01
1.553535353535353458e+01
1.116161616161616088e+01
1.479797979797979757e+01
9.232323232323231821e+00
1.424242424242424221e+01
1.079797979797979757e+01
2.142424242424242564e+01
1.190909090909090828e+01
1.249494949494949481e+01
1.038383838383838409e+01
2.571717171717171624e+01
1.403030303030303116e+01
8.141414141414141881e+00
2.759595959595959513e+01
1.165656565656565569e+01
1.534343434343434431e+01
9.636363636363636687e+00
1.891919191919192045e+01
9.929292929292929060e+00
1.412121212121212110e+01
1.372727272727272663e+01
1.842424242424242564e+01
1.491919191919191867e+01
1.466666666666666607e+01
1.816161616161616266e+01
2.126262626262626299e+01
1.716161616161616266e+01
1.161616161616161591e+01
1.251515151515151558e+01
1.220202020202020243e+01
1.202020202020202078e+01
1.254545454545454497e+01
1.113131313131313149e+01
9.777777777777778567e+00
1.011111111111111072e+01
1.169696969696969724e+01
1.177777777777777857e+01
1.630303030303030454e+01
1.517171717171717127e+01
1.505050505050505016e+01
1.301010101010101039e+01
1.605050505050505194e+01
1.695959595959595845e+01
1.204040404040403978e+01
1.100000000000000000e+01
1.469696969696969724e+01
1.421212121212121282e+01
1.324242424242424221e+01
1.181818181818181834e+01
1.739393939393939448e+01
1.544444444444444464e+01
1.724242424242424221e+01
1.329292929292929237e+01
1.753535353535353636e+01
1.580808080808080796e+01
2.475757575757575779e+01
1.957575757575757436e+01
1.661616161616161591e+01
1.636363636363636331e+01
1.040404040404040487e+01
1.250505050505050519e+01
1.510101010101010033e+01
1.464646464646464707e+01
1.665656565656565746e+01
1.579797979797979757e+01
1.778787878787878896e+01
1.601010101010101039e+01
1.234343434343434431e+01
1.295959595959596022e+01
1.577777777777777857e+01
1.536363636363636331e+01
1.578787878787878718e+01
8.939393939393939448e+00
1.347474747474747403e+01
1.171717171717171802e+01
1.284848484848484773e+01
1.418181818181818166e+01
1.818181818181818343e+01
1.869696969696969546e+01
2.037373737373737370e+01
1.561616161616161591e+01
1.324242424242424221e+01
1.675757575757575779e+01
1.174747474747474740e+01
1.053535353535353458e+01
1.671717171717171624e+01
1.278787878787878718e+01
1.183838383838383912e+01
2.067676767676767824e+01
1.834343434343434254e+01
2.017171717171717304e+01
1.302020202020202078e+01
8.737373737373737015e+00
1.427272727272727337e+01
1.690909090909091006e+01
2.024242424242424221e+01
1.268686868686868685e+01
2.226262626262626299e+01
1.590909090909090828e+01
1.664646464646464707e+01
2.141414141414141525e+01
1.722222222222222143e+01
1.865656565656565746e+01
1.137373737373737370e+01
1.292929292929292906e+01
1.821212121212121104e+01
1.491919191919191867e+01
1.104040404040403978e+01
1.356565656565656575e+01
1.109090909090909172e+01
1.246464646464646542e+01
1.232323232323232354e+01
1.728282828282828376e+01
1.471717171717171802e+01
1.279797979797979757e+01
2.780808080808080973e+01
1.590909090909090828e+01
1.585858585858585812e+01
1.177777777777777857e+01
2.038383838383838409e+01
1.712121212121212110e+01
1.003030303030303116e+01
1.039393939393939448e+01
2.182828282828282696e+01
1.785858585858585812e+01
1.287878787878787890e+01
1.716161616161616266e+01
1.158585858585858652e+01
1.914141414141414188e+01
1.542424242424242387e+01
1.797979797979797922e+01
1.709090909090908994e+01
1.930303030303030454e+01
2.349494949494949481e+01
1.076767676767676818e+01
1.765656565656565746e+01
1.257575757575757613e+01
1.570707070707070763e+01
1.792929292929293084e+01
9.818181818181818343e+00
1.365656565656565569e+01
9.727272727272726627e+00
1.725252525252525260e+01
1.194949494949494984e+01
1.157575757575757613e+01
2.720202020202020066e+01
1.624242424242424221e+01
1.348484848484848442e+01
1.359595959595959513e+01
1.079797979797979757e+01
1.344444444444444464e+01
1.602020202020202078e+01
1.867676767676767824e+01
1.244444444444444464e+01
1.824242424242424221e+01
1.457575757575757613e+01
2.686868686868686851e+01
1.328282828282828198e+01
1.285858585858585812e+01
1.298989898989898961e+01
1.830303030303030454e+01
1.253535353535353458e+01
1.559595959595959513e+01
1.294949494949494984e+01
1.433333333333333393e+01
1.216161616161616088e+01
1.381818181818181834e+01
1.507070707070707094e+01
1.561616161616161591e+01
7.717171717171717127e+00
2.151515151515151558e+01
1.049494949494949481e+01
1.285858585858585812e+01
1.189898989898989967e+01
1.016161616161616088e+01
1.457575757575757613e+01
9.333333333333333925e+00
1.915151515151515227e+01
1.283838383838383912e+01
1.006060606060606055e+01
1.797979797979797922e+01
1.283838383838383912e+01
1.673737373737373701e+01
7.424242424242423866e+00
1.458585858585858652e+01
2.161616161616161591e+01
1.648484848484848442e+01
2.959595959595959513e+01
9.454545454545455030e+00
1.086868686868686851e+01
2.315151515151515227e+01
1.449494949494949481e+01
1.492929292929292906e+01
1.154545454545454497e+01
1.666666666666666785e+01
1.549494949494949481e+01
1.192929292929292906e+01
1.626262626262626299e+01
9.919191919191918672e+00
1.930303030303030454e+01
1.304040404040403978e+01
1.204040404040403978e+01
1.483838383838383912e+01
1.003030303030303116e+01
1.397979797979797922e+01
1.154545454545454497e+01
1.605050505050505194e+01
1.253535353535353458e+01
1.267676767676767646e+01
1.684848484848484773e+01
9.939393939393939448e+00
1.452525252525252597e+01
1.274747474747474740e+01
1.776767676767676818e+01
1.068686868686868685e+01
1.877777777777777857e+01
1.249494949494949481e+01
1.863636363636363669e+01
1.934343434343434254e+01
9.696969696969697239e+00
2.055555555555555713e+01
1.817171717171717304e+01
1.414141414141414188e+01
1.205050505050505016e+01
1.236363636363636331e+01
1.603030303030303116e+01
1.776767676767676818e+01
1.294949494949494984e+01
1.143434343434343425e+01
1.230303030303030276e+01
1.724242424242424221e+01
1.788888888888888928e+01
1.296969696969696884e+01
1.992929292929293084e+01
1.480808080808080796e+01
1.553535353535353458e+01
1.756565656565656397e+01
1.216161616161616088e+01
1.420202020202020243e+01
1.193939393939393945e+01
1.634343434343434254e+01
1.524242424242424221e+01
1.167676767676767646e+01
1.229292929292929237e+01
9.404040404040404866e+00
1.268686868686868685e+01
1.504040404040403978e+01
1.406060606060606055e+01
1.014141414141414188e+01
1.284848484848484773e+01
1.985858585858585812e+01
1.612121212121212110e+01
1.543434343434343425e+01
1.404040404040403978e+01
1.343434343434343425e+01
1.720202020202020066e+01
1.300000000000000000e+01
1.302020202020202078e+01
2.317171717171717304e+01
9.131313131313131493e+00
1.437373737373737370e+01
1.394949494949494984e+01
1.671717171717171624e+01
9.242424242424242209e+00
1.918181818181818343e+01
1.416161616161616088e+01
1.717171717171717304e+01
2.062626262626262630e+01
1.982828282828282696e+01
1.490909090909090828e+01
1.896969696969696884e+01
1.398989898989898961e+01
1.843434343434343603e+01
1.550505050505050519e+01
1.924242424242424221e+01
1.063636363636363669e+01
1.553535353535353458e+01
1.615151515151515227e+01
1.755555555555555713e+01
1.364646464646464707e+01
2.461616161616161591e+01
1.052525252525252597e+01
1.320202020202020243e+01
1.834343434343434254e+01
1.216161616161616088e+01
1.323232323232323182e+01
1.574747474747474740e+01
1.687878787878787890e+01
1.053535353535353458e+01
1.403030303030303116e+01
1.563636363636363669e+01
1.267676767676767646e+01
9.878787878787878896e+00
1.247474747474747403e+01
1.192929292929292906e+01
1.286868686868686851e+01
1.217171717171717127e+01
1.202020202020202078e+01
1.429292929292929237e+01
1.542424242424242387e+01
1.373737373737373701e+01
1.748484848484848442e+01
1.521212121212121282e+01
1.422222222222222143e+01
1.431313131313131315e+01
1.234343434343434431e+01
1.145454545454545503e+01
1.024242424242424221e+01
1.205050505050505016e+01
2.168686868686868863e+01
1.563636363636363669e+01
1.631313131313131137e+01
1.168686868686868685e+01
1.919191919191919027e+01
1.413131313131313149e+01
1.668686868686868863e+01
1.220202020202020243e+01
1.942424242424242564e+01
2.019191919191919027e+01
1.371717171717171802e+01
1.471717171717171802e+01
1.371717171717171802e+01
8.868686868686868507e+00
1.258585858585858652e+01
1.350505050505050519e+01
1.281818181818181834e+01
1.404040404040403978e+01
1.604040404040404155e+01
9.131313131313131493e+00
1.825252525252525260e+01
1.216161616161616088e+01
7.282828282828282873e+00
1.453535353535353458e+01
1.387878787878787890e+01
1.474747474747474740e+01
1.531313131313131315e+01
1.008080808080808133e+01
1.340404040404040487e+01
1.162626262626262630e+01
1.274747474747474740e+01
9.656565656565655686e+00
1.959595959595959513e+01
1.091919191919191867e+01
1.651515151515151558e+01
2.026262626262626299e+01
1.178787878787878718e+01
1.777777777777777857e+01
1.258585858585858652e+01
1.512121212121212110e+01
1.810101010101010033e+01
1.379797979797979757e+01
1.591919191919191867e+01
1.210101010101010033e+01
1.390909090909090828e+01
1.329292929292929237e+01
1.850505050505050519e+01
9.454545454545455030e+00
1.754545454545454675e+01
1.185858585858585812e+01
8.747474747474747403e+00
1.961616161616161591e+01
1.361616161616161591e+01
1.593939393939393945e+01
1.329292929292929237e+01
1.193939393939393945e+01
1.561616161616161591e+01
8.202020202020202433e+00
1.349494949494949481e+01
1.639393939393939448e+01
9.808080808080807955e+00
1.761616161616161591e+01
1.040404040404040487e+01
1.660606060606060552e+01
1.257575757575757613e+01
1.381818181818181834e+01
1.433333333333333393e+01
1.160606060606060552e+01
1.842424242424242564e+01
1.609090909090908994e+01
9.848484848484847731e+00
1.651515151515151558e+01
1.700000000000000000e+01
1.920202020202020066e+01
1.590909090909090828e+01
1.264646464646464707e+01
1.577777777777777857e+01
1.530303030303030276e+01
1.326262626262626299e+01
1.066666666666666607e+01
1.178787878787878718e+01
1.683838383838383734e+01
1.159595959595959513e+01
1.090909090909090828e+01
1.233333333333333393e+01
1.014141414141414188e+01
1.378787878787878718e+01
1.757575757575757436e+01
1.913131313131313149e+01
1.771717171717171624e+01
2.981818181818181657e+01
1.053535353535353458e+01
1.216161616161616088e+01
1.291919191919191867e+01
1.488888888888888928e+01
2.085858585858585812e+01
1.600000000000000000e+01
1.438383838383838409e+01
1.246464646464646542e+01
1.489898989898989967e+01
1.804040404040404155e+01
1.179797979797979757e+01
1.156565656565656575e+01
1.930303030303030454e+01
2.367676767676767824e+01
1.458585858585858652e+01
1.773737373737373701e+01
1.231313131313131315e+01
1.282828282828282873e+01
1.501010101010101039e+01
1.584848484848484773e+01
1.491919191919191867e+01
1.124242424242424221e+01
1.430303030303030276e+01
1.488888888888888928e+01
1.307070707070707094e+01
3.269696969696969546e+01
9.777777777777778567e+00
1.420202020202020243e+01
9.505050505050505194e+00
4.409090909090909349e+01
1.538383838383838409e+01
1.113131313131313149e+01
1.318181818181818166e+01
1.508080808080808133e+01
1.124242424242424221e+01
1.185858585858585812e+01
1.635353535353535293e+01
1.556565656565656575e+01
1.323232323232323182e+01
1.742424242424242564e+01
1.676767676767676818e+01
1.007070707070707094e+01
2.420202020202020066e+01
1.098989898989898961e+01
2.151515151515151558e+01
2.005050505050505194e+01
1.752525252525252597e+01
1.448484848484848442e+01
1.824242424242424221e+01
1.072727272727272663e+01
1.479797979797979757e+01
1.131313131313131315e+01
1.352525252525252597e+01
1.410101010101010033e+01
1.615151515151515227e+01
1.401010101010101039e+01
1.397979797979797922e+01
1.766666666666666785e+01
1.602020202020202078e+01
1.400000000000000000e+01
1.457575757575757613e+01
1.528282828282828198e+01
1.373737373737373701e+01
1.004040404040403978e+01
1.945454545454545325e+01
1.057575757575757613e+01
1.152525252525252597e+01
1.844444444444444287e+01
1.986868686868686851e+01
1.794949494949494806e+01
1.122222222222222143e+01
1.891919191919192045e+01
1.743434343434343603e+01
1.220202020202020243e+01
1.590909090909090828e+01
1.520202020202020243e+01
1.330303030303030276e+01
1.389898989898989967e+01
1.668686868686868863e+01
1.013131313131313149e+01
1.466666666666666607e+01
1.418181818181818166e+01
2.021212121212121104e+01
1.749494949494949481e+01
1.147474747474747403e+01
1.266666666666666607e+01
1.163636363636363669e+01
1.128282828282828198e+01
1.225252525252525260e+01
1.162626262626262630e+01
1.382828282828282873e+01
1.611111111111111072e+01
1.221212121212121282e+01
1.766666666666666785e+01
1.306060606060606055e+01
1.084848484848484773e+01
1.818181818181818343e+01
9.434343434343434254e+00
1.096969696969696884e+01
1.328282828282828198e+01
1.966666666666666785e+01
1.320202020202020243e+01
2.014141414141414188e+01
1.266666666666666607e+01
1.180808080808080796e+01
1.316161616161616088e+01
1.579797979797979757e+01
1.353535353535353458e+01
1.844444444444444287e+01
1.779797979797979934e+01
1.947474747474747403e+01
1.664646464646464707e+01
1.606060606060606233e+01
2.049494949494949481e+01
1.540404040404040487e+01
1.416161616161616088e+01
1.328282828282828198e+01
1.894949494949494806e+01
2.103030303030303116e+01
1.141414141414141348e+01
2.055555555555555713e+01
1.408080808080808133e+01
1.150505050505050519e+01
1.473737373737373701e+01
3.115151515151515227e+01
1.274747474747474740e+01
1.585858585858585812e+01
9.424242424242423866e+00
1.119191919191919204e+01
1.743434343434343603e+01
1.279797979797979757e+01
1.603030303030303116e+01
1.239393939393939448e+01
1.235353535353535293e+01
1.364646464646464707e+01
2.767676767676767824e+01
1.272727272727272663e+01
1.942424242424242564e+01
1.129292929292929237e+01
1.685858585858585812e+01
1.124242424242424221e+01
1.446464646464646542e+01
1.059595959595959513e+01
2.455555555555555713e+01
1.334343434343434431e+01
1.876767676767676818e+01
1.976767676767676818e+01
1.162626262626262630e+01
1.555555555555555536e+01
2.618181818181818343e+01
1.633333333333333215e+01
1.882828282828282696e+01
1.452525252525252597e+01
2.118181818181818343e+01
1.507070707070707094e+01
1.356565656565656575e+01
9.393939393939394478e+00
1.311111111111111072e+01
9.606060606060605522e+00
1.258585858585858652e+01
8.222222222222221433e+00
1.967676767676767824e+01
1.216161616161616088e+01
1.318181818181818166e+01
1.034343434343434431e+01
1.344444444444444464e+01
1.792929292929293084e+01
1.225252525252525260e+01
1.337373737373737370e+01
1.289898989898989967e+01
1.231313131313131315e+01
1.933333333333333215e+01
1.076767676767676818e+01
1.257575757575757613e+01
1.380808080808080796e+01
1.363636363636363669e+01
1.650505050505050519e+01
1.715151515151515227e+01
1.506060606060606055e+01
1.180808080808080796e+01
1.563636363636363669e+01
1.858585858585858475e+01
1.173737373737373701e+01
1.625252525252525260e+01
1.319191919191919204e+01
1.172727272727272663e+01
1.990909090909091006e+01
1.789898989898989967e+01
1.606060606060606233e+01
2.341414141414141525e+01
1.932323232323232176e+01
1.314141414141414188e+01
1.613131313131313149e+01
1.019191919191919204e+01
1.257575757575757613e+01
1.324242424242424221e+01
1.685858585858585812e+01
8.757575757575757791e+00
1.516161616161616088e+01
1.394949494949494984e+01
1.790909090909091006e+01
1.217171717171717127e+01
1.086868686868686851e+01
1.819191919191919027e+01
1.471717171717171802e+01
1.289898989898989967e+01
1.381818181818181834e+01
1.222222222222222143e+01
1.172727272727272663e+01
1.143434343434343425e+01
1.377777777777777857e+01
1.603030303030303116e+01
2.616161616161616266e+01
1.538383838383838409e+01
1.396969696969696884e+01
1.947474747474747403e+01
1.344444444444444464e+01
2.244444444444444287e+01
1.428282828282828198e+01
9.555555555555555358e+00
1.191919191919191867e+01
1.508080808080808133e+01
1.332323232323232354e+01
1.217171717171717127e+01
1.767676767676767824e+01
1.660606060606060552e+01
1.198989898989898961e+01
2.207070707070706916e+01
1.334343434343434431e+01
1.347474747474747403e+01
1.081818181818181834e+01
1.659595959595959513e+01
1.335353535353535293e+01
1.008080808080808133e+01
1.581818181818181834e+01
9.949494949494949836e+00
9.414141414141413478e+00
1.420202020202020243e+01
1.375757575757575779e+01
1.459595959595959513e+01
1.962626262626262630e+01
1.650505050505050519e+01
1.267676767676767646e+01
2.464646464646464707e+01
1.010101010101010033e+01
1.247474747474747403e+01
1.345454545454545503e+01
1.312121212121212110e+01
1.358585858585858652e+01
1.481818181818181834e+01
2.146464646464646364e+01
9.797979797979797567e+00
1.078787878787878718e+01
1.746464646464646364e+01
1.074747474747474740e+01
1.124242424242424221e+01
1.494949494949494984e+01
1.294949494949494984e+01
1.652525252525252597e+01
1.657575757575757436e+01
1.710101010101010033e+01
1.394949494949494984e+01
1.732323232323232176e+01
9.363636363636363313e+00
1.414141414141414188e+01
1.496969696969696884e+01
1.506060606060606055e+01
1.593939393939393945e+01
1.611111111111111072e+01
1.300000000000000000e+01
1.337373737373737370e+01
1.170707070707070763e+01
1.510101010101010033e+01
2.242424242424242564e+01
1.668686868686868863e+01
1.514141414141414188e+01
1.801010101010101039e+01
1.239393939393939448e+01
9.737373737373737015e+00
9.969696969696968836e+00
1.533333333333333393e+01
1.324242424242424221e+01
2.188888888888888928e+01
1.221212121212121282e+01
1.070707070707070763e+01
1.505050505050505016e+01
1.778787878787878896e+01
2.153535353535353636e+01
1.513131313131313149e+01
1.609090909090908994e+01
1.492929292929292906e+01
1.154545454545454497e+01
1.206060606060606055e+01
8.212121212121212821e+00
1.227272727272727337e+01
1.218181818181818166e+01
1.211111111111111072e+01
1.777777777777777857e+01
1.466666666666666607e+01
1.396969696969696884e+01
1.423232323232323182e+01
2.734343434343434254e+01
1.068686868686868685e+01
1.067676767676767646e+01
1.092929292929292906e+01
1.422222222222222143e+01
1.837373737373737370e+01
1.486868686868686851e+01
1.470707070707070763e+01
2.227272727272727337e+01
1.461616161616161591e+01
1.005050505050505016e+01
1.034343434343434431e+01
1.092929292929292906e+01
1.258585858585858652e+01
1.192929292929292906e+01
1.558585858585858652e+01
1.449494949494949481e+01
1.659595959595959513e+01
1.224242424242424221e+01
2.109090909090908994e+01
1.081818181818181834e+01
1.747474747474747403e+01
1.137373737373737370e+01
1.108080808080808133e+01
1.158585858585858652e+01
1.375757575757575779e+01
1.167676767676767646e+01
1.495959595959596022e+01
1.456565656565656575e+01
1.333333333333333393e+01
1.722222222222222143e+01
9.595959595959595134e+00
1.347474747474747403e+01
2.076767676767676818e+01
1.614141414141414188e+01
1.730303030303030454e+01
1.831313131313131137e+01
1.431313131313131315e+01
1.427272727272727337e+01
1.935353535353535293e+01
1.221212121212121282e+01
1.848484848484848442e+01
2.255555555555555713e+01
1.024242424242424221e+01
1.445454545454545503e+01
1.163636363636363669e+01
1.153535353535353458e+01
1.348484848484848442e+01
1.376767676767676818e+01
1.326262626262626299e+01
1.402020202020202078e+01
1.177777777777777857e+01
1.386868686868686851e+01
1.000000000000000000e+01
9.313131313131313149e+00
1.230303030303030276e+01
1.241414141414141348e+01
1.325252525252525260e+01
1.737373737373737370e+01
1.870707070707070585e+01
1.750505050505050519e+01
1.596969696969696884e+01
1.766666666666666785e+01
1.351515151515151558e+01
1.201010101010101039e+01
1.374747474747474740e+01
1.793939393939393767e+01
1.247474747474747403e+01
1.116161616161616088e+01
1.224242424242424221e+01
9.535353535353534582e+00
1.362626262626262630e+01
1.009090909090909172e+01
2.402020202020202078e+01
1.191919191919191867e+01
1.469696969696969724e+01
1.437373737373737370e+01
1.964646464646464707e+01
1.473737373737373701e+01
1.084848484848484773e+01
1.485858585858585812e+01
1.550505050505050519e+01
9.595959595959595134e+00
2.104040404040404155e+01
1.173737373737373701e+01
1.102020202020202078e+01
1.463636363636363669e+01
9.727272727272726627e+00
2.010101010101010033e+01
1.551515151515151558e+01
1.645454545454545325e+01
1.108080808080808133e+01
1.723232323232323182e+01
1.366666666666666607e+01
1.806060606060606233e+01
1.674747474747474740e+01
1.373737373737373701e+01
1.478787878787878718e+01
1.833333333333333215e+01
1.101010101010101039e+01
2.282828282828282696e+01
2.038383838383838409e+01
1.454545454545454497e+01
1.228282828282828198e+01
1.587878787878787890e+01
1.452525252525252597e+01
1.720202020202020066e+01
1.362626262626262630e+01
1.657575757575757436e+01
1.415151515151515227e+01
1.049494949494949481e+01
1.583838383838383912e+01
1.000000000000000000e+01
1.142424242424242387e+01
1.791919191919192045e+01
1.504040404040403978e+01
1.596969696969696884e+01
1.072727272727272663e+01
1.277777777777777857e+01
1.253535353535353458e+01
1.245454545454545503e+01
1.223232323232323182e+01
1.337373737373737370e+01
1.109090909090909172e+01
1.087878787878787890e+01
1.486868686868686851e+01
1.276767676767676818e+01
1.214141414141414188e+01
1.146464646464646542e+01
1.734343434343434254e+01
1.911111111111111072e+01
1.641414141414141525e+01
1.634343434343434254e+01
1.172727272727272663e+01
2.366666666666666785e+01
1.787878787878787890e+01
8.595959595959595134e+00
1.307070707070707094e+01
1.180808080808080796e+01
1.621212121212121104e+01
1.800000000000000000e+01
2.080808080808080973e+01
1.083838383838383912e+01
1.034343434343434431e+01
1.253535353535353458e+01
1.583838383838383912e+01
9.292929292929292373e+00
1.691919191919192045e+01
1.140404040404040487e+01
1.062626262626262630e+01
1.036363636363636331e+01
1.131313131313131315e+01
1.605050505050505194e+01
1.634343434343434254e+01
1.380808080808080796e+01
1.229292929292929237e+01
1.204040404040403978e+01
1.129292929292929237e+01
1.028282828282828198e+01
1.363636363636363669e+01
1.290909090909090828e+01
1.646464646464646364e+01
1.258585858585858652e+01
1.620202020202020066e+01
2.008080808080807955e+01
9.121212121212121104e+00
2.081818181818181657e+01
2.155555555555555713e+01
1.558585858585858652e+01
1.953535353535353636e+01
1.435353535353535293e+01
1.456565656565656575e+01
1.039393939393939448e+01
1.406060606060606055e+01
1.070707070707070763e+01
1.680808080808080973e+01
1.303030303030303116e+01
1.482828282828282873e+01
1.070707070707070763e+01
1.355555555555555536e+01
1.194949494949494984e+01
3.088888888888888928e+01
2.379797979797979934e+01
1.332323232323232354e+01
1.587878787878787890e+01
1.357575757575757613e+01
1.324242424242424221e+01
1.287878787878787890e+01
2.937373737373737370e+01
1.226262626262626299e+01
2.718181818181818343e+01
1.155555555555555536e+01
1.847474747474747403e+01
1.239393939393939448e+01
9.797979797979797567e+00
1.344444444444444464e+01
2.019191919191919027e+01
1.529292929292929237e+01
1.837373737373737370e+01
2.615151515151515227e+01
1.405050505050505016e+01
2.185858585858585812e+01
1.713131313131313149e+01
1.540404040404040487e+01
1.182828282828282873e+01
1.490909090909090828e+01
1.731313131313131137e+01
1.204040404040403978e+01
2.707070707070706916e+01
1.515151515151515227e+01
1.265656565656565569e+01
1.107070707070707094e+01
1.542424242424242387e+01
1.460606060606060552e+01
1.095959595959596022e+01
1.471717171717171802e+01
1.245454545454545503e+01
1.473737373737373701e+01
1.401010101010101039e+01
9.434343434343434254e+00
1.371717171717171802e+01
1.166666666666666607e+01
1.713131313131313149e+01
2.197979797979797922e+01
1.073737373737373701e+01
1.147474747474747403e+01
1.428282828282828198e+01
1.405050505050505016e+01
1.422222222222222143e+01
1.141414141414141348e+01
1.044444444444444464e+01
1.085858585858585812e+01
1.312121212121212110e+01
2.708080808080807955e+01
1.727272727272727337e+01
1.678787878787878896e+01
1.382828282828282873e+01
1.411111111111111072e+01
1.457575757575757613e+01
1.267676767676767646e+01
1.345454545454545503e+01
1.650505050505050519e+01
1.419191919191919204e+01
1.010101010101010033e+01
1.145454545454545503e+01
2.065656565656565746e+01
1.402020202020202078e+01
1.470707070707070763e+01
1.601010101010101039e+01
1.269696969696969724e+01
1.188888888888888928e+01
1.371717171717171802e+01
9.404040404040404866e+00
1.539393939393939448e+01
1.203030303030303116e+01
1.420202020202020243e+01
1.064646464646464707e+01
1.464646464646464707e+01
1.425252525252525260e+01
1.430303030303030276e+01
1.544444444444444464e+01
1.671717171717171624e+01
1.609090909090908994e+01
1.360606060606060552e+01
1.183838383838383912e+01
1.280808080808080796e+01
1.175757575757575779e+01
1.219191919191919204e+01
9.979797979797979224e+00
1.057575757575757613e+01
1.490909090909090828e+01
1.255555555555555536e+01
1.209090909090909172e+01
1.437373737373737370e+01
1.573737373737373701e+01
1.283838383838383912e+01
1.446464646464646542e+01
1.219191919191919204e+01
1.531313131313131315e+01
1.444444444444444464e+01
1.401010101010101039e+01
1.489898989898989967e+01
1.382828282828282873e+01
1.356565656565656575e+01
1.135353535353535293e+01
3.378787878787878896e+01
1.662626262626262630e+01
2.093939393939393767e+01
1.549494949494949481e+01
1.063636363636363669e+01
9.323232323232323537e+00
1.231313131313131315e+01
1.058585858585858652e+01
2.166666666666666785e+01
1.384848484848484773e+01
1.760606060606060552e+01
1.522222222222222143e+01
1.017171717171717127e+01
8.626262626262626299e+00
1.314141414141414188e+01
1.788888888888888928e+01
1.735353535353535293e+01
1.876767676767676818e+01
1.733333333333333215e+01
1.288888888888888928e+01
2.141414141414141525e+01
1.129292929292929237e+01
1.331313131313131315e+01
1.013131313131313149e+01
1.437373737373737370e+01
9.484848484848484418e+00
1.538383838383838409e+01
1.678787878787878896e+01
1.025252525252525260e+01
1.433333333333333393e+01
1.351515151515151558e+01
1.006060606060606055e+01
1.013131313131313149e+01
1.733333333333333215e+01
1.194949494949494984e+01
1.219191919191919204e+01
1.678787878787878896e+01
1.235353535353535293e+01
1.852525252525252597e+01
1.406060606060606055e+01
1.032323232323232354e+01
1.909090909090908994e+01
1.591919191919191867e+01
2.683838383838383734e+01
1.968686868686868863e+01
1.114141414141414188e+01
2.057575757575757436e+01
1.592929292929292906e+01
1.673737373737373701e+01
2.360606060606060552e+01
1.583838383838383912e+01
9.484848484848484418e+00
1.440404040404040487e+01
1.134343434343434431e+01
9.333333333333333925e+00
1.270707070707070763e+01
1.787878787878787890e+01
1.073737373737373701e+01
1.050505050505050519e+01
1.483838383838383912e+01
1.829292929292929415e+01
1.653535353535353636e+01
1.941414141414141525e+01
1.054545454545454497e+01
1.346464646464646542e+01
1.341414141414141348e+01
1.208080808080808133e+01
1.804040404040404155e+01
9.656565656565655686e+00
1.489898989898989967e+01
1.348484848484848442e+01
1.304040404040403978e+01
1.520202020202020243e+01
1.756565656565656397e+01
1.625252525252525260e+01
2.828282828282828376e+01
1.055555555555555536e+01
1.303030303030303116e+01
1.089898989898989967e+01
1.423232323232323182e+01
1.415151515151515227e+01
1.619191919191919027e+01
1.293939393939393945e+01
3.021212121212121104e+01
1.234343434343434431e+01
1.546464646464646542e+01
1.688888888888888928e+01
8.515151515151515582e+00
1.500000000000000000e+01
1.095959595959596022e+01
1.433333333333333393e+01
1.143434343434343425e+01
1.424242424242424221e+01
7.707070707070706739e+00
3.051515151515151558e+01
1.494949494949494984e+01
1.301010101010101039e+01
1.596969696969696884e+01
1.316161616161616088e+01
9.010101010101010388e+00
1.310101010101010033e+01
1.208080808080808133e+01
1.338383838383838409e+01
1.611111111111111072e+01
1.680808080808080973e+01
1.135353535353535293e+01
1.943434343434343603e+01
1.230303030303030276e+01
1.320202020202020243e+01
1.577777777777777857e+01
1.389898989898989967e+01
1.185858585858585812e+01
1.072727272727272663e+01
1.771717171717171624e+01
1.343434343434343425e+01
1.158585858585858652e+01
1.426262626262626299e+01
1.164646464646464707e+01
1.033333333333333393e+01
1.780808080808080973e+01
1.207070707070707094e+01
2.012121212121212110e+01
1.553535353535353458e+01
2.238383838383838409e+01
1.520202020202020243e+01
1.242424242424242387e+01
1.043434343434343425e+01
1.315151515151515227e+01
1.740404040404040487e+01
