1.000000000000000000e+00 6.942712868553722050e-01 4.975461033179008896e-01 3.562032983304375677e-01 2.522064672214582859e-01 1.805541173427227808e-01 1.262197829711473041e-01 9.726433453083498104e-02 7.457081938190079917e-02 4.341726405162200930e-02 2.997236198107127922e-02 1.406870884583321171e-02 1.040618703841203821e-02 8.557830751882889928e-03 2.345218803699287285e-03 6.838020516856777103e-06 2.736197142455073453e-03 5.378614919787028104e-03 2.945084850826805867e-03 8.150885266407753571e-03 5.672334094954707522e-03 1.160399880932832216e-02 6.557992270503442897e-03 1.097302882207831440e-02 5.291799015300322232e-04 6.234065019009938161e-03 -3.812157654514861192e-03 7.351280051914270810e-04 6.860258660807539268e-04 -9.066178936198654665e-04 1.362401893454525705e-03 3.007534139239002782e-03 2.267601817292545004e-03 -3.694251562665041688e-03 -2.389389019434617553e-03 4.375584270233491037e-03 4.099273194088548684e-03 7.106270929353952770e-03 4.212894049109090072e-03 1.076604073284344624e-03 -3.754596435766982630e-03 -7.420495621357161078e-03 -1.702455956615259083e-03 -2.320985811418822126e-03 -7.520758873377521997e-03 -1.091650086331056018e-03 -6.830081161761628397e-03 -6.919317776726146424e-03 -1.284234653154509888e-02 -6.133616385973780435e-03 7.631301630880809456e-03 1.416456637539780915e-03 3.459186496103177147e-03 8.673940596682798432e-03 -2.225860768884538148e-03 3.695722264982130231e-03 -7.260815511129519893e-04 4.077299560856479689e-03 5.923541706488520513e-04 4.377597050756425537e-03 9.740594674203610118e-07 2.930045188287650707e-03 -1.733798037776324106e-03 -3.341088306730239602e-03 -4.814932408213165593e-03 -8.149913140335883488e-03 -5.872365220459967172e-03 -6.760734139622427349e-03 -8.116157671379572308e-03 -4.949167316981922457e-03 -5.645860463652215520e-03 2.031279693561086584e-03 2.852480191168859074e-03 1.612256905891021981e-03 1.869864064748497741e-03 5.432130420701071494e-03 -1.424399688360693987e-03 -1.351380312730831278e-02 -2.326310630583148034e-02 -1.312393831824771456e-02 -7.993035619750723728e-03 -1.222851068512493394e-02 -4.354126179949941063e-03 4.935241003389968795e-03 7.524723245719769707e-03 8.958248114622783739e-03 -8.163575215741573216e-04 -4.393194732182251032e-03 -1.521447945713888484e-03 1.707526507050045623e-03 1.057362714265212139e-03 8.868269290929608334e-03 7.016652214226447304e-03 9.398281206012404701e-03 3.026959110557488584e-03 2.406489022755942033e-03 3.427806347676786271e-04 -3.033641898347531896e-03 -7.866182234703653423e-03
0.000000000000000000e+00 1.000000000000000000e+00 6.968847702505218678e-01 4.998258458481920630e-01 3.582647138773805695e-01 2.638965567576291305e-01 1.841962451977174897e-01 1.423900117621650085e-01 1.044420499396138263e-01 6.638211059701276673e-02 4.954663554157676120e-02 3.046253274558621479e-02 1.781435633983891390e-02 1.516693244035839661e-02 2.123612052723447118e-03 3.676980329644789812e-04 1.577514305926511684e-03 4.669433474394360344e-03 3.848082557614633352e-03 7.642529070802915950e-03 4.115827981364861624e-03 4.291473348537249051e-03 2.649440791043651457e-03 1.201687074094368729e-02 -2.581092208433895469e-04 3.301324274065070129e-03 -6.325881194054070117e-04 2.204074785784786508e-03 -3.105826797382076499e-03 -4.887846988397521325e-03 -1.846009409615475888e-03 9.887338167997954813e-03 4.093266277788490913e-03 -6.961934868798093986e-05 1.168347651522108534e-03 3.854264671674763158e-03 3.040886335007071586e-03 6.018321339855971577e-03 1.297314307259781136e-03 5.479320746247445979e-03 5.801641832803633089e-03 1.264518197757071851e-03 4.103671125960397202e-03 -7.806515579334188243e-03 -1.184501661338582292e-02 -5.325976842109413079e-03 -7.296940034147107908e-03 -4.699169984498712156e-03 -7.278335436628538373e-03 2.278402486020196537e-04 5.737414768296419249e-03 6.144956040391086338e-03 1.047960209150625675e-02 1.174698045290404474e-02 6.308239770238332524e-03 1.679113445125894263e-02 1.044677348315368147e-02 1.051418901029521624e-02 5.928372648068091708e-03 5.926935325098918635e-03 4.817933142333486948e-03 9.102091019009002359e-03 2.086434453775496637e-03 2.344523832614890495e-03 -1.858847578119921570e-03 -5.885829119367212703e-03 -4.541265109131748835e-03 -6.921084369452296971e-03 -5.811348515494589757e-03 -1.346064194374613221e-02 -5.983311002315879965e-03 -2.506393105917101034e-03 -2.092213152011370390e-03 4.584415694853481715e-04 -3.132113522992348818e-03 5.970376543637139540e-04 -2.044026409687320096e-03 -1.892666913596250527e-02 -2.305618212159429511e-02 -1.716195913391324254e-02 -8.006995546826536567e-03 -1.488312482722365000e-02 -9.377558827423007962e-03 -5.032163767917410520e-04 4.477378174435933320e-03 5.300000878030821684e-03 -5.391456114113481884e-04 -6.777112923523556307e-03 1.361479703422949087e-03 1.658615802233530693e-03 6.464087360349619373e-03 9.334348592864818994e-03 6.352492075092669443e-03 4.943763546965481044e-03 4.021903574490380030e-03 8.218936917909102496e-03 7.279193111558272811e-03 2.203736446931850012e-03 1.449975912261154904e-03
0.000000000000000000e+00 0.000000000000000000e+00 1.000000000000000000e+00 6.973395018382869681e-01 4.947242535479139947e-01 3.604915475183234630e-01 2.595149901152572491e-01 1.924466157397694555e-01 1.402463603608778697e-01 9.521756839611580925e-02 6.949838280359497966e-02 5.138389860596014047e-02 3.392919040902632466e-02 2.406551113064631445e-02 1.389771354291292026e-02 1.315887353816163306e-02 8.909838426052972202e-03 6.606400685774186689e-03 5.298926944286663429e-03 1.009977720136473120e-02 1.003993239780855140e-02 1.188503606748639307e-02 6.979317562630506060e-03 1.063163424942429117e-02 -1.544143450303700786e-03 2.356508041065574169e-04 1.509126267012740651e-03 1.006646700773735194e-03 4.218327828342840514e-03 -8.417719686734137811e-04 1.378686267018771087e-03 6.898547191018630266e-03 5.435736695752351605e-03 -1.678398303821923131e-03 4.860938861712306956e-03 2.573342249429972934e-03 2.442093418074552623e-03 7.643323349577937388e-03 1.196666032115809367e-02 1.489823875325677408e-02 1.166108421191361724e-02 7.193073101008543024e-03 6.721377166164129932e-03 -7.300452864782701855e-03 -8.145538538618100552e-03 -9.025344797498838917e-03 -1.448251700221338083e-02 -9.869840953757577640e-03 -1.299667453008981552e-02 -1.004727165061971433e-02 -6.127331352836472463e-03 5.053307999059119225e-04 3.849573741884524097e-03 8.934161898541549685e-03 2.722385366185810316e-03 1.531170883189704110e-02 9.172768922941493611e-03 9.302110739320792673e-03 5.542031123916664470e-03 3.375540457720529672e-03 6.403842759301013859e-04 8.168026916770303875e-03 6.656565070426393588e-03 4.863583432920848791e-03 4.922693404054969725e-03 -5.934358321331818179e-04 -2.400452175547554976e-04 -2.042127462110892872e-03 -2.507445668098404364e-03 -8.218870272613233718e-03 -7.477677466876526437e-03 -8.015503393413898892e-03 -2.094099017390374171e-03 -3.724847763128483463e-03 -2.304423352039927046e-03 1.245998604968580987e-03 -2.400956892261379896e-03 -1.154975432239984875e-02 -1.306978944560033967e-02 -5.592374925977874021e-03 -2.503074107497758622e-03 -4.781970133405004895e-03 -5.900437109856872427e-03 4.382555452538199406e-03 8.189332329460707535e-03 1.220811852326355099e-02 -3.648678777563578012e-03 -8.225246260132247633e-03 -2.829676073658035553e-03 6.253808971238003836e-05 -3.336000486242613437e-03 -2.093209991450001046e-03 5.112326693647717760e-03 -4.887389186719452196e-03 1.897484485073533053e-03 -1.863583230501972797e-03 4.186536542635660614e-03 3.435122503058599206e-03 6.875027289686225446e-04
0.000000000000000000e+00 0.000000000000000000e+00 0.000000000000000000e+00 1.000000000000000000e+00 6.928367796007519619e-01 4.961256846561722944e-01 3.505510077230174493e-01 2.594818462509340118e-01 1.881642411834857087e-01 1.233458704014846613e-01 9.088741607241472564e-02 6.961849553891956421e-02 4.547742245197620992e-02 2.699783886310324482e-02 2.236505414450480969e-02 1.423546833886209922e-02 1.502898251139778672e-02 1.180659803242107078e-02 7.763688570045270895e-03 7.184950632062436088e-03 6.487650029639674583e-03 1.058440032461376197e-02 -1.615967665835980590e-03 5.072983405446840691e-03 -4.679906135745664879e-03 -3.633054532542286021e-03 -6.640241712410889464e-04 -1.513001432557430775e-03 5.206192386822110912e-03 -4.765204906199678112e-03 -2.094189657307809083e-03 6.956950911922976308e-03 9.528492959865349915e-03 -4.179758228682903774e-03 -4.801266363213776978e-03 -8.006416716733020730e-03 -6.018776078080032878e-03 4.697119806182369593e-03 2.785729219504758363e-03 7.545741906323268078e-03 8.691365330810163492e-03 6.535343446619323003e-03 5.813090410598869065e-03 -2.282830261536620067e-03 -4.371811085190095182e-03 -7.466017977294424346e-03 -6.121841583264945284e-03 -6.160037564719214034e-04 3.059393876187930898e-03 2.789946595964878755e-03 -1.231030919009298494e-03 3.658888306238529658e-03 1.124321911620304940e-02 7.724216297017643014e-03 5.396648066142353947e-04 1.366724804044728431e-02 1.148783968718838748e-02 8.496948587342437534e-03 2.766500804735082687e-03 7.657473070518165670e-03 3.007001815170530067e-03 1.160120039873914141e-02 1.085595458958485936e-02 7.596231818401907171e-03 1.486639595345439109e-02 8.221114088305865944e-03 7.870504009308953303e-03 9.322699355161687650e-04 1.345221888991948375e-03 7.010269928662232579e-04 -2.146888343816196441e-03 -1.363824565245345781e-03 -8.011226406464838114e-04 -1.650888884579861712e-03 -3.942157593110718478e-03 -2.456660075786893088e-03 -4.575070506261276482e-03 -1.291969906950279391e-02 -1.143426838182184935e-02 -1.090352592694495207e-03 -2.947870565257254744e-04 -3.886066369552966440e-03 -2.150671782479615223e-03 9.671149620150063658e-03 3.992610384160066340e-03 7.341152812410476659e-03 -1.027877813436386088e-02 -1.253613145620752559e-02 -4.323358765990071087e-03 -5.099457229158701511e-03 -7.082025310266187347e-03 -9.494120360010164031e-03 3.867221101488375109e-03 -1.956254139364420330e-03 3.394250775699508122e-04 -4.191878690912637442e-03 3.063187131784233033e-03 1.669092735041310211e-03 -5.841850624713294110e-03
0.000000000000000000e+00 0.000000000000000000e+00 0.000000000000000000e+00 0.000000000000000000e+00 1.000000000000000000e+00 6.998790725043726457e-01 4.959444028155732265e-01 3.577239966738389176e-01 2.518182477257539520e-01 1.735796083988011829e-01 1.226459223728852688e-01 8.528799642595352726e-02 5.231935307544367114e-02 3.451307703258096882e-02 2.769722083816007416e-02 1.638307121916397768e-02 2.435612122732709259e-02 1.440363493647811403e-02 1.117002393059746482e-02 4.657371987031654753e-03 6.330265300721113660e-03 1.203209704038666998e-02 -3.677468328902571987e-03 2.960163740867545728e-03 -5.887508584754651665e-04 -2.274153579618612333e-03 -2.698664641049078870e-04 -1.024262876117877988e-02 -7.529009850505551105e-03 -1.082384893273752834e-02 -6.739688150849349260e-03 -6.519295854401921863e-05 -1.676901306509704509e-03 -8.725204364880114263e-03 -1.908220506310404161e-03 3.365367512090815033e-04 7.448103300272292246e-04 6.608227988279978191e-03 1.458072845589841997e-03 -1.270753991480849361e-03 -4.657889883203561628e-03 -2.625945040044398108e-03 8.091670691317729650e-05 -3.685518380440391470e-03 -1.607063175177541030e-03 -9.138096930228755202e-03 -6.036494016129898520e-03 -7.593701534019942209e-04 -1.868273538448221062e-03 2.475547500456158211e-04 -7.252947944703450923e-03 9.768837457926756677e-04 4.468751983331615760e-03 6.746610714242557566e-03 9.539201347785769558e-03 1.472405942011968498e-02 5.093162940598202661e-03 3.719621914798185765e-03 9.492105227848383420e-04 3.173590389378488658e-03 7.179084889752663763e-04 5.284509388041746906e-03 4.556626663050924314e-03 2.555636437992890673e-03 7.540883818054376804e-03 3.557181245996762103e-04 2.010465929464528689e-03 -1.712977396575047400e-03 5.272188022244006685e-03 1.700997207447754522e-05 -3.947698435574948858e-03 -5.404693000282245925e-03 -8.125283906435677023e-03 -8.285430777232084126e-03 -1.540416610771780728e-02 -8.518529665073628493e-03 -1.048473004654518898e-02 -1.359628842999451546e-02 -1.212342741821856480e-02 -4.142299112803345985e-03 7.332014539558707805e-04 -4.033215964262618254e-03 -1.602933219341693858e-03 8.618416348436868171e-03 1.133717621862223189e-03 -2.031046138134929386e-04 -1.072148260168395706e-02 -1.363295030762003146e-02 -4.953540956813980677e-03 -5.389650581103496221e-03 -3.856618459998213590e-03 -8.557494988402523581e-03 -8.791586933539205029e-04 -1.919685594015857954e-03 -4.248294523456439334e-03 -9.154837591395632856e-03 -1.641070457399759893e-03 6.363329377797492976e-03 3.706038815715497034e-04
0.000000000000000000e+00 0.000000000000000000e+00 0.000000000000000000e+00 0.000000000000000000e+00 0.000000000000000000e+00 1.000000000000000000e+00 7.019055867463207532e-01 4.995932290055410396e-01 3.524604656878320696e-01 2.487888765084024789e-01 1.786787853194397313e-01 1.242761512860044160e-01 7.615234060370412728e-02 4.723478740709385892e-02 3.410092781136342399e-02 2.147808704379929740e-02 2.423313541702051127e-02 1.454047763198235664e-02 7.933581246695497677e-03 3.669442803505183152e-03 5.863856814350590189e-03 8.378033930480871180e-03 -4.129870086219727433e-03 4.901439868966643923e-03 4.650956764860201577e-03 1.123282715400179604e-03 -2.570870473138374239e-03 -1.033744570503678135e-02 -7.867612042967923880e-03 -6.431210632412251611e-03 -4.245060190507315805e-03 -3.613998516071725061e-03 -6.581030141459905287e-04 -4.260719897386789495e-03 -2.237099664508793682e-03 -5.731195455168430417e-03 -7.052636936327132296e-03 -1.095701452984767458e-03 -5.975727652992425011e-03 -2.866823183516863278e-03 5.459581434274882086e-05 -1.975983266734389517e-03 -5.374512750118469635e-03 -3.397249531362991990e-03 -2.213762004027505521e-03 -6.875822428231602272e-03 -1.925166885659299011e-03 5.443463523358731300e-03 9.918654416490163810e-04 6.985238989238456292e-03 1.127984431651365754e-03 7.362366032463719609e-03 1.464098177492870060e-03 -3.201751120204076153e-04 6.328457516171606331e-03 9.541820989375225312e-03 4.985360214620490962e-03 5.993902820638007806e-03 3.605305910734837968e-04 -1.157083507211753657e-03 3.891015878587587829e-04 6.609258306830143558e-03 7.862102836458556218e-03 1.111090189127989653e-02 1.500942426147791262e-02 3.521290029181063218e-03 5.843946906776206242e-03 -3.480857773033047692e-03 1.769613971324014452e-03 2.532529168524699347e-03 -4.060694195437515239e-04 -1.909380707697274065e-03 -3.568397205601497695e-03 -7.399343209399271426e-03 -8.578304118617484028e-03 -3.547238214608844451e-03 -1.010496187264891751e-02 -8.689695035062682676e-03 -6.086692550767953264e-03 3.505576968691007447e-03 1.805399525442622584e-04 2.526777614378414912e-03 2.397384582983405274e-03 9.404181238903333920e-03 4.029372637123274092e-03 1.722272878971295006e-03 -6.843482644384292143e-03 -1.093421646211054608e-02 -9.529534884687254105e-04 -2.219463835165263847e-03 -6.413186204429557891e-03 -7.144603189729824104e-03 -5.121644683561721832e-03 -2.135992316712489753e-03 2.395219306387973666e-03 1.078587556126898430e-03 6.954673411090274426e-03 1.211826853369282579e-02 1.075204162842483815e-03
0.000000000000000000e+00 0.000000000000000000e+00 0.000000000000000000e+00 0.000000000000000000e+00 0.000000000000000000e+00 0.000000000000000000e+00 1.000000000000000000e+00 6.993810088276894987e-01 4.999227646061565888e-01 3.512815965474222479e-01 2.526334033125769429e-01 1.774784041544765212e-01 1.148631459210380235e-01 7.667407601654234461e-02 4.763399802749342798e-02 2.620556829320060122e-02 2.917818127216860805e-02 1.842320233638602284e-02 1.043346681264977274e-02 3.312227106405112205e-03 1.566530666661498743e-04 4.412727902600010327e-03 -2.957990835643125194e-03 4.691963491113787066e-04 2.784249086230834898e-03 3.709624852962532544e-03 -2.874815316637594799e-04 -4.081566549010632108e-03 -3.231916687832506923e-04 -4.257218692486601161e-03 2.959443150231962690e-03 1.193996516106548460e-03 1.919299796636528407e-03 -2.509978756658389973e-03 -3.267641693752166556e-04 5.993295568822127684e-04 -1.065648426504957639e-03 6.163183830707135921e-03 1.424049646956505118e-04 -1.486735263430428392e-03 -2.064109451417920032e-04 -6.296144671649715925e-03 -7.161799457012346312e-03 5.943510675406202259e-03 3.019257819901929787e-03 -2.387931998810630813e-03 5.870438206994972770e-04 3.461004950286893610e-03 3.675302562816431130e-03 6.272172760847381963e-03 -3.934148784895910578e-03 -2.219602319573638592e-03 -2.225145981993432737e-03 1.961029148446117795e-03 4.978571516645406356e-03 5.564423864117706842e-03 6.131760955640092221e-03 2.412300961798989445e-03 5.973366405686723933e-04 1.630543810161812668e-04 -5.734661460545285123e-04 1.831785781604437910e-03 8.089971818039415341e-03 5.189642809240418118e-03 5.377742884271594775e-03 -8.756481221320036503e-04 5.380210721855288938e-03 -6.565987537628862995e-03 -2.848885864198415739e-03 -2.169510700068457126e-03 -1.896655984272779295e-03 -1.322587309536308806e-02 -9.952238712211522800e-03 -7.075344078274417234e-03 -8.843624394457360455e-03 -3.700247830395072841e-03 -5.577252208132312157e-03 -3.372082784521845695e-03 -5.045237382349752062e-04 4.833670309647559310e-03 2.460278983447941343e-03 1.862881307147761043e-03 5.232211737925154642e-03 1.079109732287457379e-02 3.158109954306224411e-03 -8.476546384213061490e-04 -6.610493741803532934e-03 -1.286277953379770696e-02 -8.152634405122238456e-03 -6.576954155150459627e-03 -1.111120245455545809e-02 -8.326630459048347740e-03 -7.828542378295561075e-04 5.209320431680947855e-03 1.001962100759767188e-02 5.497538385752823512e-03 1.285237748637603310e-02 1.664591853388364129e-02 1.141771492884028662e-02
0.000000000000000000e+00 0.000000000000000000e+00 0.000000000000000000e+00 0.000000000000000000e+00 0.000000000000000000e+00 0.000000000000000000e+00 0.000000000000000000e+00 1.000000000000000000e+00 7.029694503729719823e-01 4.949459238977612641e-01 3.514211285345400504e-01 2.477716538797885837e-01 1.688844639150204330e-01 1.173367331564498239e-01 7.931754905702552427e-02 4.594735925859493725e-02 3.632598840560401221e-02 2.529383130125117951e-02 1.785185682493680911e-02 1.231842544462914864e-02 1.373957100614121504e-03 -1.055318075869558650e-03 -8.163913141260123896e-04 7.307814139560882098e-03 1.067517675382750886e-02 8.444027290135580274e-03 8.128646380209948166e-04 3.149895377232752626e-03 6.685756404881843494e-03 -1.969447383561783501e-03 2.463996846918456787e-03 -2.144610612003609168e-03 4.557937486984478754e-04 3.534927146247793597e-03 3.578793008995471286e-03 -6.022812995611205675e-04 1.226691609162437312e-03 2.856418766702655682e-03 -9.275783736228858378e-03 -1.439324839778899183e-02 -9.082156580111359206e-03 -1.172227831157901697e-02 -1.310194791806325136e-02 1.219936068122898405e-03 -5.201124683877034974e-04 -1.560167811240748079e-03 -2.124536379431587931e-03 -2.718730587047123518e-03 -2.447872942693497724e-03 2.505889373316136544e-03 -5.716475821327263521e-03 -1.074834276540236663e-03 3.609311396711440637e-03 3.739512829576034127e-03 2.745033455962673022e-03 4.549285666609651294e-03 4.317895983173667025e-03 5.139959221917916703e-03 -1.242910365738096557e-03 6.316118111762616429e-03 4.330806870973961768e-03 1.055117553501047243e-03 1.171903376186562117e-02 7.850851247321394971e-03 1.254453935764881026e-02 5.727489986359614316e-03 9.824680171389012923e-03 -1.260944355918169673e-03 -3.378885365105090350e-04 -1.831080002398780514e-03 9.349066893793481995e-04 -3.467420047090411569e-03 -5.868485357286409333e-03 -8.616828764201238736e-03 -8.622949114067890095e-03 -2.080224237227850954e-03 -8.778290045441502348e-03 -3.988303947876890160e-03 -1.714940619975003711e-03 -2.727259756618444220e-03 -3.990946601348841047e-04 -3.096140026543052091e-04 -4.490367968056482514e-03 1.460018444131818771e-03 -1.730416274978079831e-03 -2.511313371456318656e-03 -9.994681818010334867e-03 -1.800806661529941177e-02 -1.466304267443948456e-02 -1.424464668810882656e-02 -1.174275807159390339e-02 -1.521430815080537097e-02 -6.609013831489341309e-03 -1.152387577323090969e-03 1.434226716623556320e-03 3.753874967933105555e-03 1.424609030894655876e-02 1.074328391794782643e-02 5.245657644872805253e-03
0.000000000000000000e+00 0.000000000000000000e+00 0.000000000000000000e+00 0.000000000000000000e+00 0.000000000000000000e+00 0.000000000000000000e+00 0.000000000000000000e+00 0.000000000000000000e+00 1.000000000000000000e+00 7.023922635977127849e-01 5.028090658656170220e-01 3.565739520141232854e-01 2.506512188277009168e-01 1.802536915636025194e-01 1.197642497426778946e-01 7.792083968544107064e-02 5.841832364456354953e-02 3.962284065998664118e-02 2.536745017987087486e-02 2.350185555270626822e-02 1.154349401581410486e-02 5.749146369872374165e-03 5.594346244529920659e-03 9.109072307908040386e-03 1.802491173955476228e-02 1.266607127008739613e-02 6.995771998298414007e-03 5.796456751644018905e-03 3.080749723632781982e-03 -3.935466573937461236e-03 1.800476344261691709e-03 1.387379263691744654e-03 5.570123310551176529e-03 7.667976067791357556e-03 4.540871022420019977e-03 2.832389416651642702e-03 8.037371577519157248e-03 6.770189278821348196e-03 2.733464151488785177e-03 -1.219748310767159241e-02 -8.425125863498082388e-03 -6.093169680521944194e-03 -7.837186960648051884e-03 2.028917871494085971e-03 4.174895142746334366e-03 3.197085324470088502e-03 3.311115793742909832e-03 3.588105488652064846e-03 2.981419789915311456e-03 1.017874509422462236e-02 3.362211578582330416e-03 3.527588600914432267e-03 9.982198578000263389e-03 9.662469953569809838e-03 1.496387514611395879e-03 5.261109963481371866e-03 -1.371581923725905200e-03 5.357100997438304750e-03 -2.170564737379814587e-03 1.323564689364082258e-03 3.029373962825114477e-03 -2.064654460163967663e-03 6.033822603812193271e-03 2.772683357206943457e-03 7.939592814640933360e-03 5.231857380940106196e-03 3.517169216238863732e-03 -3.344573393197881796e-03 -6.769367156149323599e-03 -7.245895091862389684e-03 -7.599141889660186028e-03 -5.676470208071901155e-03 -1.353893428034349568e-02 -1.817551392339085761e-02 -1.562466322699035230e-02 -1.060846055674415783e-02 -1.430193266669919396e-02 -1.202614888247995929e-02 -7.506260051739668815e-03 -4.393931609344109250e-03 -5.655879668017777320e-03 -3.782874944955205536e-03 -2.810283706420493941e-04 7.847836919135715199e-04 9.709422010553753939e-04 3.506923121777547146e-03 -4.034451125239461584e-04 -1.413978487371088345e-03 1.464673234882605439e-03 4.649714509486770585e-03 1.599073553213439152e-03 -3.901991790868886058e-03 4.940298757711188149e-03 3.172501562686580370e-03 5.394513944674903493e-03 7.735203053054093628e-03 1.006260415997237492e-02 1.147558841121354943e-02 5.472655417381728019e-03
0.000000000000000000e+00 0.000000000000000000e+00 0.000000000000000000e+00 0.000000000000000000e+00 0.000000000000000000e+00 0.000000000000000000e+00 0.000000000000000000e+00 0.000000000000000000e+00 0.000000000000000000e+00 1.000000000000000000e+00 6.991223351052251456e-01 4.946404657335226607e-01 3.536611323803344753e-01 2.531968140469546547e-01 1.778367402466883018e-01 1.212089662730223838e-01 8.661610031824976130e-02 6.684733678064636031e-02 4.236423368815707413e-02 3.822728924799689149e-02 2.184429269333208398e-02 1.696231193299038015e-02 1.998592179178393033e-02 2.415978705740266796e-02 2.785067844715111499e-02 2.145087227374158773e-02 1.353592189419737003e-02 1.357378463747697245e-02 8.267985208611570991e-03 -3.590897080841367467e-03 -6.378116282246187657e-04 6.427388605969538461e-04 2.058046621531210187e-03 2.873638132187683950e-03 2.529646123737981644e-03 1.312542611183661282e-03 7.691071606327911335e-04 5.396782815602513619e-03 1.886395470579883349e-03 -1.296349180460070090e-02 -9.197237790830339182e-03 -7.874096706305907557e-04 -4.284930124875693282e-03 4.298499690107293256e-03 7.216230051980509867e-03 4.341032802403543660e-03 2.680141750280396872e-03 3.641541370926933683e-04 -4.298613093697438436e-03 3.029845928254058489e-05 -3.240970384221647689e-03 1.725242171817177768e-03 5.835809105972970812e-03 1.981513102946377402e-03 -1.726740207674590461e-03 6.622022089663556566e-06 -3.125283634438177308e-03 -7.154030640006286707e-04 -1.176389369502747750e-02 -4.373838449301008409e-03 5.492824488010794202e-04 -1.272677400538716830e-03 5.911209713161891255e-03 5.535430645956763811e-03 5.090342198064881640e-03 -1.512723451151731585e-04 -2.215429225270087511e-04 -8.027361980682809484e-03 -9.132284195044280267e-03 -1.008765244677747863e-02 -1.763388237974770553e-02 -1.612206756232586677e-02 -1.994549311856425033e-02 -2.061453299795017527e-02 -1.711067291211498115e-02 -1.496431340402955973e-02 -2.094811833245001712e-02 -1.098747962570264733e-02 1.688072375823954085e-03 3.304961323678334058e-03 3.883674949662443456e-04 3.421473695915591175e-03 8.262537980300405441e-03 4.411972260124390026e-03 4.068626211852036448e-03 2.142445062612909849e-03 -8.899523460737656256e-04 -1.316622220705809245e-03 3.209886101051722014e-03 9.518145237081488330e-04 -1.420196285957009679e-03 -5.835002314727629966e-03 4.469300389111884909e-03 -1.025058022499835027e-03 -4.032177717383286959e-03 1.145028333887746663e-04 -1.265092991628492206e-03 -1.565862606122376578e-03 4.017274725381768906e-03
0.000000000000000000e+00 0.000000000000000000e+00 0.000000000000000000e+00 0.000000000000000000e+00 0.000000000000000000e+00 0.000000000000000000e+00 0.000000000000000000e+00 0.000000000000000000e+00 0.000000000000000000e+00 0.000000000000000000e+00 1.000000000000000000e+00 6.958111311035973801e-01 5.047212491606820617e-01 3.588185232962924909e-01 2.547758940435372321e-01 1.762669460461942783e-01 1.272101653617229156e-01 9.401881253805653704e-02 6.654296565002849884e-02 5.136148222124577167e-02 3.072757937734156564e-02 2.142593721527187231e-02 2.066317043203679676e-02 2.137129702715264215e-02 2.859805540892548792e-02 2.076198911626395138e-02 1.296841869924278412e-02 6.497544336610680364e-03 4.391337083350698237e-03 -4.658094173652330139e-03 -2.341095551020453726e-03 -2.279421915749665992e-03 -5.418486018947138265e-03 2.253578868011154278e-03 5.076989975945713635e-03 1.001087256214167574e-02 8.272969928338078094e-03 3.869803578552641343e-03 8.559476359620650965e-05 -8.771324060677584966e-03 -1.874281092504301088e-03 -1.876832374523782203e-04 -7.417386156715652379e-03 4.343414569578141031e-03 2.454134814931441949e-03 2.307691342933414907e-03 -2.598647960129205244e-03 -6.759921817205131155e-03 -3.304507814148107368e-03 1.215168074606333241e-03 -4.022322902876438594e-03 -5.009504558776235912e-03 6.761980278035595315e-03 9.688335557531266989e-03 3.042660225125510664e-03 3.678504597091692904e-03 -5.778167312319986565e-04 3.887136584675780467e-04 -9.063314034802661887e-03 -4.519539163400074222e-03 -5.413201225513339203e-03 -5.970045838070712867e-03 -3.916060017559426856e-04 -1.317787602652711323e-03 -3.242704467849596528e-04 -3.359274814896041038e-03 -7.415903039958087785e-03 -1.524204638565627122e-02 -1.337568601170084637e-02 -1.262751726215849586e-02 -1.702673553154355340e-02 -1.553237557039690957e-02 -9.798537286190036472e-03 -3.618374438801546904e-03 -2.779249331165520483e-04 -4.909762087632205986e-03 -4.393680663576332406e-03 -2.121155108476755358e-03 3.978207446504548710e-03 9.673980160842171605e-03 1.270342785459664670e-02 6.928885585191911500e-03 6.885683644326618183e-03 8.000691243127883157e-03 8.007365734589322326e-03 8.919469013377491137e-03 5.975102479491933502e-03 -1.837066800245440489e-03 6.233155903024929778e-03 1.454539520491726894e-03 -3.666268077776044156e-03 -7.076482653243051923e-03 3.318695958098827250e-03 -4.050283433683585796e-04 -1.247284740062276414e-03 3.380077714352155115e-03 6.096990837990121787e-03 4.216607540959438523e-03 8.444572310651902655e-03
0.000000000000000000e+00 0.000000000000000000e+00 0.000000000000000000e+00 0.000000000000000000e+00 0.000000000000000000e+00 0.000000000000000000e+00 0.000000000000000000e+00 0.000000000000000000e+00 0.000000000000000000e+00 0.000000000000000000e+00 0.000000000000000000e+00 1.000000000000000000e+00 6.989021057037951845e-01 4.975994608533254593e-01 3.560710833553649146e-01 2.478774301742416863e-01 1.791393098189133504e-01 1.294002261812871868e-01 9.434776474006238700e-02 6.973013758472591805e-02 4.174626811072976174e-02 2.701945654252439072e-02 2.559383022311120456e-02 2.662770936438076455e-02 3.484134136610803067e-02 2.410300290396394027e-02 1.912034644228772368e-02 9.852443757059204180e-03 1.208293808543228418e-02 -2.439225421600359385e-03 -2.374262285215856822e-03 4.310247279420426590e-03 -1.883373458621140015e-03 7.708184269549753047e-03 6.912248916086715343e-03 8.510681374072393696e-03 5.240562087793850139e-03 5.299522607332503819e-03 7.579989181732341499e-03 1.800383606090238779e-03 3.737658356195227433e-03 2.472780854317912797e-03 -2.767820086623639514e-03 4.668346477060595864e-04 2.875816651749261987e-03 5.110573396543928101e-03 -5.725285757806597084e-03 -9.212712385832932949e-03 -2.625833554069420712e-03 7.441416007023382052e-03 1.206480143968705889e-03 -2.919311239435962331e-03 7.893698871387630012e-04 3.193777973575000206e-03 -5.654777867171157085e-04 6.189009268539784683e-04 -2.563054674206254567e-03 1.435152815964133802e-03 -3.811052945813526993e-03 -1.047101691544798964e-02 -4.959431348494213777e-03 -1.056165157242155289e-02 -1.309816278224450094e-03 8.362785888035885462e-04 9.249520448096730518e-03 2.584790983813689373e-03 4.390216329487546358e-03 -3.501721271886776721e-03 -2.774736441278167955e-03 -4.737327378580330657e-03 -8.578692978009696407e-03 -6.951122610871688853e-03 -6.267352766118274737e-05 3.342577202661984855e-04 1.900964886323187582e-03 -9.326722393681560405e-03 -1.330790755086937345e-02 -1.294362321877160979e-02 -7.796416114609835968e-03 -3.933287742761221173e-03 3.848928826482648754e-04 -4.044384722618767601e-03 -2.526662352353238866e-03 4.320394846454199238e-03 7.928323920635483787e-03 7.007921021587782198e-03 1.256165985704831359e-02 3.207266799580080815e-03 8.733223585399052177e-03 1.811204107706830503e-03 -5.553526055479506875e-03 -5.638867120481700669e-03 6.646093287253383025e-03 -6.109273023624805805e-04 -1.838071749162641794e-03 -1.499874731927872259e-03 -8.384565208768693162e-04 1.946616386220031839e-03 1.184864302011958727e-02
0.000000000000000000e+00 0.000000000000000000e+00 0.000000000000000000e+00 0.000000000000000000e+00 0.000000000000000000e+00 0.000000000000000000e+00 0.000000000000000000e+00 0.000000000000000000e+00 0.000000000000000000e+00 0.000000000000000000e+00 0.000000000000000000e+00 0.000000000000000000e+00 1.000000000000000000e+00 6.961749224286016835e-01 4.971169864307807829e-01 3.516263729077181432e-01 2.554661374525029616e-01 1.813569225176679955e-01 1.300661097505217689e-01 8.653711141730933976e-02 5.685806127270766341e-02 4.377055301280364380e-02 3.202404782193842003e-02 2.120977520465667371e-02 2.667594444213560942e-02 1.848976041346540866e-02 2.151068940066706153e-02 1.502679397554827247e-02 9.005989696534422856e-03 -2.178025139331164328e-03 1.645673815267970812e-03 4.211945536932101136e-03 -2.978148577445921281e-03 4.996513288372718235e-03 3.801539986310607886e-03 -2.365324657434442635e-03 -1.492286982898807486e-03 -5.098791001221384192e-03 -4.532446829085035088e-04 -6.769887565608060861e-04 8.218560155708419870e-03 8.223572608134792697e-03 5.098181228890187426e-03 4.471022482409093418e-03 3.466267511131327674e-03 4.495667639672859019e-03 2.131268118234256118e-03 -1.205615552138472038e-03 4.730335586367907796e-03 6.410194232644494082e-03 9.256220372943152822e-04 -3.902227951857295974e-03 1.031482418577795053e-03 7.695859798869412668e-03 -2.467514586172738032e-03 3.236391584565838364e-03 5.137501727649934277e-03 6.702400723839695498e-03 -4.404701365842297010e-03 -8.125113421573714953e-03 -4.649437846629504430e-04 -2.151184249801406118e-03 1.071384427631816554e-03 -1.528947664648350364e-03 4.891814601414839342e-03 7.689295493376014593e-04 1.042385826445343770e-02 4.675863020394513923e-03 -1.002293340881557323e-04 -3.996296271347378470e-03 -1.054170056402481057e-02 -9.141164408407172898e-03 -1.211867161340804411e-02 -7.946502179925702194e-03 5.859622101481425788e-04 -8.803282390315542855e-03 -1.451877827935297433e-02 -9.593404957672137592e-03 -6.536706225331630725e-03 -5.565186387370183417e-03 -4.510357208862077910e-04 -7.584858640414176645e-04 -5.030199957396498623e-04 -1.735978846436514195e-03 -4.167757017221446723e-03 -4.144080528257347226e-03 1.536320318854806364e-03 -7.854271241713070908e-03 -9.337394579016962347e-06 -4.249338819210298629e-03 -9.325813264511656139e-03 -5.807439322282855095e-03 7.949552615285987445e-03 4.430989439977761450e-03 2.553740058491748861e-03 -3.286477477759788216e-03 -3.190808744727067613e-03 2.756973791844574955e-03 8.220439465057436529e-03
0.000000000000000000e+00 0.000000000000000000e+00 0.000000000000000000e+00 0.000000000000000000e+00 0.000000000000000000e+00 0.000000000000000000e+00 0.000000000000000000e+00 0.000000000000000000e+00 0.000000000000000000e+00 0.000000000000000000e+00 0.000000000000000000e+00 0.000000000000000000e+00 0.000000000000000000e+00 1.000000000000000000e+00 6.943657092012360810e-01 4.970581947989478055e-01 3.579517938918357900e-01 2.467509872258343839e-01 1.802463705014371032e-01 1.214409266913962920e-01 8.687602124435087059e-02 6.921565101473424464e-02 4.927806318320347018e-02 3.053817966538959622e-02 3.100699589195045347e-02 1.943074972800534761e-02 1.914295071507873813e-02 1.026863345921135567e-02 4.728726806909409885e-03 8.230009686893188369e-05 -1.247975641606353459e-03 5.976467869080405795e-03 -4.322092718511492092e-03 2.257312201394082434e-03 6.772182874168343469e-03 5.900968012871041397e-03 2.014640298749773885e-03 2.913242579274720988e-03 8.521215198784350695e-04 8.004733098657483212e-03 2.460908420776887658e-03 2.196764583422839909e-03 4.197698343990716695e-03 9.221765918754204483e-03 7.142885398165826558e-03 9.188360117225395640e-03 7.668785233651835738e-03 1.239042031191327220e-02 1.105121039971879854e-02 1.383859395181312978e-02 5.948467944182369259e-03 1.654455223261377906e-03 7.774651740027125127e-03 7.676789707120572001e-03 1.765059950197980874e-03 6.531235639261807370e-03 6.367826938845052957e-03 -1.631644249162910593e-03 -1.013454202956646892e-02 -8.205839781542713721e-03 -2.201331573150645381e-03 -2.419580448898573375e-04 1.210127440660242054e-02 5.770162956100814526e-03 1.554582499971996412e-03 3.227365309001480921e-03 9.028680911387801031e-03 6.506768289024606779e-03 1.078046280613892578e-02 8.577741002914111498e-03 -3.528054284586283010e-03 2.191355542991599032e-03 4.123057593733463720e-03 3.833913137189798575e-03 1.105707003255442487e-02 3.285571751629157503e-03 -1.030300599667859909e-03 3.621784494138014215e-04 -1.155468070279677684e-03 4.067504341368092212e-03 6.884677140791619319e-03 5.834104679489595562e-04 2.426365678872611001e-04 -3.105993979760904820e-03 -4.809207982610580814e-03 -8.468098697261231683e-03 1.474844284795463365e-03 -5.090306417670374152e-03 2.767205213049731514e-03 -2.529334925597964429e-03 -1.784798622887104336e-02 -8.951880983050383017e-03 1.429160178682163098e-03 -4.263447024769341162e-03 -1.494098738436221152e-03 -9.767016559126156725e-03 -6.532117450527631305e-03 6.264324286911681847e-04 1.340867537194462972e-02
0.000000000000000000e+00 0.000000000000000000e+00 0.000000000000000000e+00 0.000000000000000000e+00 0.000000000000000000e+00 0.000000000000000000e+00 0.000000000000000000e+00 0.000000000000000000e+00 0.000000000000000000e+00 0.000000000000000000e+00 0.000000000000000000e+00 0.000000000000000000e+00 0.000000000000000000e+00 0.000000000000000000e+00 1.000000000000000000e+00 6.990593697157606590e-01 4.959417881948902096e-01 3.569701299762654823e-01 2.607546124255831210e-01 1.814382300641886603e-01 1.349443106940505788e-01 1.012399118009670446e-01 6.429752132574972912e-02 4.104260703415846950e-02 3.686525989398126146e-02 3.082806187829250852e-02 2.723328711958781373e-02 1.527059262156000435e-02 7.680201355368322658e-03 2.810116114053219649e-03 -2.209662111770164129e-03 3.196673089764449482e-03 -3.330820702272839235e-03 3.048393685951316951e-03 1.164237052745940339e-02 4.552348152461754491e-03 3.150164081539311763e-03 4.208237479559921376e-03 2.613417866688993400e-03 8.080158595155775836e-03 6.292283614929613383e-04 5.397025202199285700e-03 1.691883302781161834e-03 -4.933364318626221550e-05 3.460579986355255804e-03 7.329112686710235157e-03 4.768894553120572866e-03 1.922167368605394791e-02 1.103458080175362399e-02 1.223575510055111004e-02 4.216215536727757444e-03 1.487493254470978812e-02 1.605768998856497293e-02 1.670023782648751356e-02 8.058152652358652190e-03 7.234235978920994931e-03 1.009063244652690441e-02 4.908955355103677802e-03 2.278087431062499751e-03 4.330225691552772992e-04 5.265174841964459160e-03 7.101712154632952752e-03 1.080388653161510649e-02 3.882503058512572647e-03 -2.137118644123701342e-03 -1.829350439977651304e-03 7.155187292142797285e-03 7.072458033287263787e-03 1.153187401034299481e-02 1.372376385141748679e-02 6.585490551915867442e-03 6.958504953849870521e-03 8.614411042878159994e-03 1.393953240322681579e-02 1.157352659641489034e-02 7.683114264928574307e-03 5.022005628334244402e-03 5.235143293605470059e-03 5.614449250480435527e-03 1.160482631140746963e-02 1.332075356616702413e-02 1.945355858938836030e-03 1.479956216019501702e-03 -4.005569398901823522e-03 -3.366767577447225129e-03 -7.761750613832952769e-03 5.031455812696650209e-03 2.499837340573419706e-03 2.304134465151336936e-03 -2.074626416203691291e-03 -1.003131607210864910e-02 -6.665019961721715611e-03 4.009373714305699220e-04 -1.007875993856902682e-03 5.522762091651899248e-03 -6.664138905083967848e-03 -9.052959342451432842e-03 -2.288546318129520366e-03 -1.906689327928770767e-04
0.000000000000000000e+00 0.000000000000000000e+00 0.000000000000000000e+00 0.000000000000000000e+00 0.000000000000000000e+00 0.000000000000000000e+00 0.000000000000000000e+00 0.000000000000000000e+00 0.000000000000000000e+00 0.000000000000000000e+00 0.000000000000000000e+00 0.000000000000000000e+00 0.000000000000000000e+00 0.000000000000000000e+00 0.000000000000000000e+00 1.000000000000000000e+00 6.975562207969935313e-01 5.003660891716465997e-01 3.606568252096740146e-01 2.483578903133362437e-01 1.828913079108861195e-01 1.384658755414785725e-01 9.851313499871856838e-02 6.848063395902267980e-02 5.204279312774713617e-02 4.586906565740471453e-02 3.110319142444391630e-02 1.598261404389410278e-02 1.050571145328849446e-02 1.023064852597167958e-02 3.056900769138319747e-04 7.800480275565166433e-03 3.154066733727996404e-03 8.677102698247906448e-03 1.854607026720745538e-02 1.083093268238774672e-02 2.991050020605070473e-03 1.144728496609934430e-04 1.832507667432306184e-03 3.171052077572788629e-03 -5.104239842336088899e-03 -1.348300713654591127e-03 4.473347873893968388e-03 1.749788343233708333e-03 3.706931092329637540e-03 4.998484250070526005e-03 -1.957203671131398581e-04 1.486674654766344250e-02 5.529798919319730416e-03 6.074044415928465945e-03 -5.186141522790128043e-03 1.769854976347461388e-03 6.074941339322200914e-03 8.459005098672318923e-03 -4.200078702444078917e-03 -6.741159464249117488e-03 -8.812268862846731835e-04 -1.391498776535074217e-03 2.704496846906013444e-03 -2.199943737574206241e-04 4.971497176906471312e-03 3.204361114161371083e-03 9.937753331957826369e-03 6.563329719895592482e-03 -2.690889767580745620e-03 -4.357486475045782917e-03 4.301425516643970007e-03 2.885718929031918026e-03 6.673039062111194193e-03 8.370274506770523579e-03 1.686711129916315254e-04 -1.639357189488991045e-03 6.381716194681409833e-03 4.919247367998087588e-03 8.160098846707321621e-03 3.319261217482196314e-03 -4.588943987182985047e-04 6.935725440207966656e-03 1.010147296926808269e-02 1.286239031258942962e-02 6.927850594203605744e-03 1.250018868631283097e-03 -2.052260095022573284e-04 -3.507648457625412754e-03 -2.634197896946798099e-03 -9.056787163536880389e-03 1.394971147482114903e-03 -1.972739328984324421e-03 4.294044139458723548e-03 4.713976727559199449e-03 -3.207284829926408329e-03 -1.581894377069677487e-03 2.222531777502867022e-03 -6.936132301600032510e-03 -9.110962395689804066e-03 -1.607933620449120485e-02 -1.348416818460619268e-02 -7.798180062910132007e-03 -1.077836889932367107e-02
0.000000000000000000e+00 0.000000000000000000e+00 0.000000000000000000e+00 0.000000000000000000e+00 0.000000000000000000e+00 0.000000000000000000e+00 0.000000000000000000e+00 0.000000000000000000e+00 0.000000000000000000e+00 0.000000000000000000e+00 0.000000000000000000e+00 0.000000000000000000e+00 0.000000000000000000e+00 0.000000000000000000e+00 0.000000000000000000e+00 0.000000000000000000e+00 1.000000000000000000e+00 7.019583256706388719e-01 5.036685140897162460e-01 3.573296702251701484e-01 2.552868534531783085e-01 1.924077041575536495e-01 1.401723433453150036e-01 1.024612942849781605e-01 7.793989213888197209e-02 6.015515423154132318e-02 3.508736168775889591e-02 2.128666498702358467e-02 1.082995319156050684e-02 1.274927922353305196e-02 3.589243687343654857e-03 1.421788982609073666e-02 1.136736852629669121e-02 1.121006184805979806e-02 1.133357087879464237e-02 5.132868852772890997e-03 2.210016975622584433e-03 1.757245861730490511e-03 3.469151481586385966e-03 1.555097566064258478e-03 -8.899933916545322123e-04 5.285198556941706795e-03 9.626137427024401838e-03 6.064298061035835324e-03 1.016020780073334344e-02 1.491027814723643041e-02 7.210723633021220123e-03 1.050128421623152709e-02 8.390025627404816208e-03 5.364655823621625186e-03 -6.384127191984730054e-04 -2.561879775295750322e-03 -2.219602563635692579e-03 4.171077649646740514e-03 -1.813705272250323559e-04 1.186571688002232639e-03 7.400851736510670117e-03 2.840867776896412612e-03 3.137897318328651368e-03 2.754780717643642504e-03 4.883914135261513412e-03 2.250087037436438939e-03 6.094958155790980089e-03 6.639431034380272392e-03 -8.317344313398055777e-05 -3.136183961777304786e-03 1.421314609635852995e-03 -5.046206296723998799e-03 -9.136479862300148254e-04 5.850808985958592424e-03 1.626515151652410934e-03 -4.923690961010681287e-03 2.611593937902890062e-03 -1.468874082702657010e-03 4.802698439126486252e-03 -2.600726612700404988e-03 -4.834150072189083653e-04 1.026850805774345192e-03 4.206223268148641566e-03 7.815800864240841569e-03 3.960444386721950934e-03 -2.412580838178330668e-03 -2.788293168826470880e-03 -3.708172553895516723e-03 -3.246786855214243376e-03 -9.590314380935553024e-03 -5.075069464465905601e-03 -5.560879400127740312e-03 -1.988720221200609289e-03 2.051901594131105497e-03 -7.041033144519016690e-04 5.594113820347274002e-03 1.158587058184072779e-03 -1.002776321752399218e-02 -3.014028379722337100e-03 -9.279404844343466449e-03 -1.183179999134142436e-02 -5.897608607332766907e-03 -1.007441931409367060e-02
0.000000000000000000e+00 0.000000000000000000e+00 0.000000000000000000e+00 0.000000000000000000e+00 0.000000000000000000e+00 0.000000000000000000e+00 0.000000000000000000e+00 0.000000000000000000e+00 0.000000000000000000e+00 0.000000000000000000e+00 0.000000000000000000e+00 0.000000000000000000e+00 0.000000000000000000e+00 0.000000000000000000e+00 0.000000000000000000e+00 0.000000000000000000e+00 0.000000000000000000e+00 1.000000000000000000e+00 6.996868018857902438e-01 5.007816770352611080e-01 3.593397617676933331e-01 2.602049963530044252e-01 1.859912945290256303e-01 1.381622454916175691e-01 1.066788894989934844e-01 7.109814527270758022e-02 4.424165044368585931e-02 3.132577449406836329e-02 2.016552494395864106e-02 1.547255279453693677e-02 7.005954805987469475e-03 9.326369247099100881e-03 8.837865106547391006e-03 2.423520043285459172e-03 3.938622542526957516e-03 -5.997700079417097804e-03 -4.278621484537423018e-03 -2.591764474028915386e-03 4.127794965054641836e-03 4.803638178049167580e-04 6.508763646248224080e-04 7.545654042840794877e-03 1.430190460629544857e-02 4.194862354889485577e-03 2.824565600310596607e-03 1.337861336168822551e-02 5.022040440744213879e-03 1.355600695170512508e-03 -4.570682381845696078e-03 -5.589621363317710465e-03 -3.732091150001916584e-03 -7.334994682757743634e-03 2.612021515238070052e-03 1.739814698913513119e-03 4.718870883659519156e-04 1.541074971165925806e-03 1.210561696015727967e-02 2.953671690192804546e-03 1.042445825690343488e-03 5.072820887335052244e-03 2.000932898043705343e-03 -3.574326223964533183e-03 -1.537786315148921687e-03 -1.658161986044909796e-03 -8.671489201012150608e-03 -6.082021769023434297e-03 2.996642166362332212e-03 -2.107970392659551818e-03 -1.856656956073580262e-03 3.096063183809437749e-03 -1.810752041940474205e-03 -6.487137825083615604e-03 -6.392480370058911112e-04 1.007813113887903321e-04 4.744662560943373533e-03 2.719512546318458672e-04 1.423724216460568130e-03 9.248627685771105200e-04 -2.339814288926684454e-04 -5.950513732970448381e-03 -2.444742230974867453e-03 -6.659977644576968274e-03 -1.407792174950927427e-02 -1.069161660593843065e-02 -8.760066475947732995e-03 -1.027045062087265231e-02 -7.110436176224884872e-03 -5.904803365385807683e-03 -5.106330509155193337e-04 -2.319810234340906763e-03 -3.084324335317624628e-03 2.516852477271350023e-03 -4.295438283098180696e-03 -9.031861935179659809e-03 -3.755509749218101379e-03 -9.225121710481067397e-03 -2.608091956591152092e-03 -1.816087717215514926e-03 1.821157974551882667e-03
0.000000000000000000e+00 0.000000000000000000e+00 0.000000000000000000e+00 0.000000000000000000e+00 0.000000000000000000e+00 0.000000000000000000e+00 0.000000000000000000e+00 0.000000000000000000e+00 0.000000000000000000e+00 0.000000000000000000e+00 0.000000000000000000e+00 0.000000000000000000e+00 0.000000000000000000e+00 0.000000000000000000e+00 0.000000000000000000e+00 0.000000000000000000e+00 0.000000000000000000e+00 0.000000000000000000e+00 1.000000000000000000e+00 6.944735087420533803e-01 4.958339639476095351e-01 3.553688617587295595e-01 2.593741262429714589e-01 1.928957130184003610e-01 1.390183243311857442e-01 9.407436257552331815e-02 6.455976312399572259e-02 4.854721920544662062e-02 3.333226753428453898e-02 2.323752863671340457e-02 1.450328053208172104e-02 1.523677070334878390e-02 1.559018458025100175e-02 1.088319701369560265e-02 6.450036013004400645e-03 -5.653622893727167434e-03 -5.500433825455099124e-03 -5.679651615803834978e-03 -2.096609216427752602e-03 -4.624379097495397682e-03 -5.167991613499075577e-03 1.727623693455656792e-03 7.673592773005193622e-04 -6.933907315590727601e-03 -2.396584934325931941e-03 -1.318819837991434428e-03 -1.375311924386039223e-03 -3.082008531809355464e-03 -1.120787236628189090e-02 -9.379952714173710182e-03 -6.315097159663602203e-03 -4.915044983322610327e-03 5.032886844678586061e-03 9.635054362294519573e-03 9.312937147703981289e-03 4.597015724770728111e-03 1.335713924520566878e-02 7.550051615749538494e-03 1.640544510421166127e-03 4.397861877055667980e-03 -1.398742706335750650e-03 -1.175020585425815174e-02 -1.086366928993025976e-02 -9.611259845336441940e-03 -1.568378401579582915e-02 -9.683763383563769034e-03 -3.447030019851393765e-03 -3.319612473975930549e-03 -1.933669909700642345e-03 1.218452311816710766e-03 7.268540046836116566e-04 -5.800219411221538279e-03 -5.283647907458484047e-03 -1.013513811216322372e-03 -6.364994479205897306e-05 1.594359868238335014e-03 -7.142198453549877118e-04 6.900750721449069739e-04 -3.177667561679961561e-03 -8.496354279131550571e-03 -1.110865776948559251e-03 -4.546534419018670101e-03 -5.272546691207208140e-03 -4.268516112439952291e-03 -5.187869158885114601e-03 -8.599637572123902327e-03 -6.304529049432091789e-03 -1.083349999110910268e-02 -6.969797465262450760e-03 -4.008482537485673000e-03 -5.434789486140814002e-03 5.806076997719439477e-03 4.193142827850809135e-03 6.998679667099284287e-04 5.685157007586167516e-03 3.668561157149569161e-04 1.201789176905377265e-03 -3.266305523130448845e-03 -6.191954398084362730e-03
0.000000000000000000e+00 0.000000000000000000e+00 0.000000000000000000e+00 0.000000000000000000e+00 0.000000000000000000e+00 0.000000000000000000e+00 0.000000000000000000e+00 0.000000000000000000e+00 0.000000000000000000e+00 0.000000000000000000e+00 0.000000000000000000e+00 0.000000000000000000e+00 0.000000000000000000e+00 0.000000000000000000e+00 0.000000000000000000e+00 0.000000000000000000e+00 0.000000000000000000e+00 0.000000000000000000e+00 0.000000000000000000e+00 1.000000000000000000e+00 6.929165259169659530e-01 4.934581254442372833e-01 3.502756588052995945e-01 2.615892844310934162e-01 1.861107827184841357e-01 1.332296751478181940e-01 9.238199129914066721e-02 6.833909531133396109e-02 4.566055476732026192e-02 3.129263506897110581e-02 2.095706367957896055e-02 2.619364572722980566e-02 1.396281474873809630e-02 9.888750300235477075e-03 5.796697313784479264e-03 3.000359346624976303e-03 -4.045990868016750668e-03 -2.190908420814895608e-03 2.010130793767194498e-03 -3.982136842116947191e-03 -4.527183957833530968e-03 1.491903446890457518e-03 2.338281512711964949e-04 -7.433648539082851441e-03 -2.676062623982936820e-03 9.215054108076738831e-04 -2.856842514504424804e-03 9.852555408662250561e-04 -4.077043942024014163e-03 -9.531873640516086085e-04 -1.020138502812469690e-03 -5.726974701034780700e-03 -2.716497814083860228e-03 7.078678523211477322e-04 8.745246348099229919e-03 8.974774378636517572e-03 1.393188816988472079e-02 1.100821966181409102e-02 9.092251613249732875e-04 3.904631149397101882e-03 -4.360633705215670626e-03 -4.102629072017358221e-03 -4.502406245840070119e-03 -2.639000960036150256e-03 -3.740118761610410764e-03 -2.064313963328629452e-03 2.695180421476167480e-03 2.705514986823706527e-03 -7.104329095218305619e-04 7.703272497193614128e-04 -2.829284851331116332e-03 -7.491198430693575550e-03 -9.392161868585428841e-03 -1.295416698574243693e-02 -7.900034047181222693e-03 2.556022417632186020e-03 2.252167204298442978e-03 7.481424322817255106e-03 -8.760050099935063608e-04 -1.212064765262355938e-02 -5.255273352182039150e-04 -5.590919873582728475e-03 -7.037670601635528499e-04 -2.629529642251974501e-03 -2.002641491256118133e-03 -5.299402468319917500e-03 -5.078652291497005693e-03 -7.259347562284496069e-03 -7.398881640510155712e-03 -7.313815425736976475e-03 -5.739776601987678709e-03 5.273392093402407346e-03 4.212314881645442405e-03 4.772619200456151975e-04 8.647613854911992068e-03 8.895803820085670249e-03 2.395411076510937844e-03 4.779690648911170091e-03 1.820740405438468767e-03
0.000000000000000000e+00 0.000000000000000000e+00 0.000000000000000000e+00 0.000000000000000000e+00 0.000000000000000000e+00 0.000000000000000000e+00 0.000000000000000000e+00 0.000000000000000000e+00 0.000000000000000000e+00 0.000000000000000000e+00 0.000000000000000000e+00 0.000000000000000000e+00 0.000000000000000000e+00 0.000000000000000000e+00 0.000000000000000000e+00 0.000000000000000000e+00 0.000000000000000000e+00 0.000000000000000000e+00 0.000000000000000000e+00 0.000000000000000000e+00 1.000000000000000000e+00 6.949770227676986822e-01 4.899720892435849295e-01 3.627028848151181428e-01 2.623725576391223169e-01 1.887255921034475536e-01 1.333554268565109724e-01 9.213011065588763704e-02 6.259390926652234899e-02 4.387422807705745192e-02 3.079918264667197425e-02 2.410279888994344699e-02 1.483758885170995828e-02 1.193434497715885334e-02 3.597477965853912874e-03 4.402129897134672391e-03 -2.273310724491098798e-03 -5.056420784090299471e-03 -2.514618817135465343e-03 -3.066330537814328586e-03 -2.332673161003524266e-03 6.035849221918605269e-03 5.781952318293759330e-03 -4.041025225084341962e-03 -3.073253210423614479e-03 3.082050354594949564e-03 5.108413533890476983e-03 -1.264663898533497245e-03 -7.096905019651762563e-03 -6.613685102100772505e-03 -4.178618422236548939e-03 -2.518689387927109877e-03 -4.875411823966850980e-03 -2.750988959329674511e-03 8.682747184794470732e-03 8.427303678214424429e-03 1.447731712738167982e-02 4.893500063545208438e-03 3.066453525734648324e-03 5.629255723992815895e-03 -3.086852727771220630e-03 -1.810786418914162033e-04 -7.944812349795244300e-04 -4.287165273811515027e-03 -7.334366406643528027e-03 -9.184453265753757950e-03 -6.686067017084993541e-03 -3.907058737938125248e-03 -4.746434440696454919e-03 -1.197344212229963477e-02 -9.538751618531345761e-03 -1.206835154231264244e-02 -9.712549609266920778e-03 -1.189256162972321916e-02 -7.053527721663983320e-03 2.959159988993277299e-03 1.026253580991366102e-03 8.739637596989592930e-03 3.949512327988074709e-03 -1.527800109777128904e-04 3.063581756279881285e-03 3.498843831670594550e-03 1.317841790385889875e-02 -9.630929639673382718e-04 -2.347599141662236972e-06 1.520311077724613739e-03 -2.343580969413510458e-03 -5.322279057663908443e-03 -6.721908799131712589e-03 -6.681158797294066247e-03 -3.428794840577123297e-03 8.339591591312756069e-03 2.227485203894588681e-03 -2.921178089677079100e-03 2.624857030815186745e-03 3.027263854558432787e-03 -3.640863000423113626e-03 -4.403355251001808170e-03 -1.630176020774267342e-04
0.000000000000000000e+00 0.000000000000000000e+00 0.000000000000000000e+00 0.000000000000000000e+00 0.000000000000000000e+00 0.000000000000000000e+00 0.000000000000000000e+00 0.000000000000000000e+00 0.000000000000000000e+00 0.000000000000000000e+00 0.000000000000000000e+00 0.000000000000000000e+00 0.000000000000000000e+00 0.000000000000000000e+00 0.000000000000000000e+00 0.000000000000000000e+00 0.000000000000000000e+00 0.000000000000000000e+00 0.000000000000000000e+00 0.000000000000000000e+00 0.000000000000000000e+00 1.000000000000000000e+00 7.006311588588970407e-01 5.074872416816104126e-01 3.633181896317158599e-01 2.580599750721190855e-01 1.844608731253365164e-01 1.343571584465194924e-01 9.174340108343205513e-02 6.031492515451555847e-02 4.135353930709038256e-02 3.378617106222726180e-02 2.231988065792701870e-02 1.233695366567073674e-02 7.105152426349191190e-03 8.097836248990592650e-03 -1.118983632905474167e-03 -4.988291863502922543e-03 -4.430683078373909289e-03 -2.258686188884936104e-03 2.302571376137709739e-03 5.248354232653774064e-03 6.631997510265103327e-03 2.586948762899633596e-03 -2.684148135288525524e-03 -9.731979988879066879e-05 -5.210402660501738635e-03 -8.804229570812227568e-03 -1.362319704234820142e-02 -1.177198005773620083e-02 -4.658821320851260113e-03 3.513933948248547726e-03 -5.904406896768708835e-03 -2.606185901708854731e-03 7.798322979281620965e-03 5.489194733904012406e-03 1.205752250203571269e-02 3.681937955924420060e-03 1.695803809685750806e-03 4.183355232454357558e-03 -3.074795912406676213e-03 -1.080056745935627937e-04 3.074114174920901301e-03 4.106980666422328438e-03 7.728153575172822323e-03 4.023250954547454884e-03 -3.770502237554163797e-05 4.072319849326349293e-03 3.202225918060182513e-03 -9.569771638150747009e-03 -9.702776637593382367e-03 -1.289439990119200206e-02 -1.006847394865554267e-02 -1.000530975805115005e-02 -1.786983551766438416e-02 -9.724674251977764167e-03 -3.752444297553721424e-03 7.787641773665446472e-03 4.444751344227092400e-03 3.164651504288711146e-03 8.173920549029522684e-03 3.623834335501292803e-03 1.501568015439743754e-02 6.198679786951198124e-03 3.102866572035661592e-03 5.411940371558040044e-03 -1.002204092812823862e-03 -8.418260140866110769e-03 -8.695653158343672612e-03 -4.957123669320590183e-03 -5.637250123092672673e-05 1.062091513972216600e-02 2.266862205448326451e-03 -2.515125416075354291e-03 5.655931977480367807e-03 4.484886578717245560e-03 2.954478827653019436e-03 3.744836855009576679e-03 9.159596034826371705e-03
0.000000000000000000e+00 0.000000000000000000e+00 0.000000000000000000e+00 0.000000000000000000e+00 0.000000000000000000e+00 0.000000000000000000e+00 0.000000000000000000e+00 0.000000000000000000e+00 0.000000000000000000e+00 0.000000000000000000e+00 0.000000000000000000e+00 0.000000000000000000e+00 0.000000000000000000e+00 0.000000000000000000e+00 0.000000000000000000e+00 0.000000000000000000e+00 0.000000000000000000e+00 0.000000000000000000e+00 0.000000000000000000e+00 0.000000000000000000e+00 0.000000000000000000e+00 0.000000000000000000e+00 1.000000000000000000e+00 6.981277959270335565e-01 4.981226800709842029e-01 3.551295009084726173e-01 2.516733224276966885e-01 1.816209312272825671e-01 1.305652656516226862e-01 9.155565620763633783e-02 6.447233750873063163e-02 3.920600237371691527e-02 1.918245857095257634e-02 1.156229975415454768e-02 9.828890476610559895e-03 4.423442189153670677e-03 -1.038136208993061188e-03 -4.217886500654032672e-03 -3.286478807513754010e-03 -7.269227454445914560e-03 -7.425718359682532445e-03 1.247028573385314774e-03 -2.401948241271490737e-03 -2.297456288465033782e-03 -1.188346172999784484e-03 -9.583190084484342376e-04 -4.133700487753193438e-03 -1.113753727316751929e-02 -1.926850907776855512e-02 -1.647349433901909924e-02 -9.580543354652788432e-03 3.242174922672232899e-03 -6.868083478678056915e-03 -4.132019357712874742e-03 7.870508222588475447e-03 4.850598121711385347e-04 1.029215578814471170e-02 8.011794807005367947e-03 4.311783068986996259e-03 2.574449630525835024e-03 9.147520058259925877e-04 5.150705294489334174e-03 4.549737832649107853e-04 4.266809138953407796e-04 -2.553125351482050769e-03 1.834537866854736338e-04 -1.510451183124594159e-03 -1.832166762298816391e-03 -9.667389192005980750e-03 -1.395786461209051928e-02 -1.067960413755457416e-02 -2.144768394723683448e-03 -2.291311576262263471e-03 -7.301909601207653630e-03 -1.105798469180696054e-02 -6.857584877177979460e-03 -1.028314660365911050e-02 -7.602854346545387908e-04 2.202131286698336046e-03 5.894471393679063392e-03 6.287998137351170740e-03 2.560720992512413672e-03 6.536984523504151511e-03 2.997484379785850576e-04 2.778900619802154859e-03 7.337592477563491776e-03 3.717327331622654989e-03 -7.654610353997329773e-03 -1.710417250828528838e-03 1.636661298030379647e-03 2.385514004641047566e-03 1.707063668761401101e-02 1.021492854716584027e-02 8.520035712742884265e-03 7.005207787881032391e-03 4.859852242931983132e-03 1.460578934134268772e-03 1.329662936590421656e-03 6.633922008897175961e-03
0.000000000000000000e+00 0.000000000000000000e+00 0.000000000000000000e+00 0.000000000000000000e+00 0.000000000000000000e+00 0.000000000000000000e+00 0.000000000000000000e+00 0.000000000000000000e+00 0.000000000000000000e+00 0.000000000000000000e+00 0.000000000000000000e+00 0.000000000000000000e+00 0.000000000000000000e+00 0.000000000000000000e+00 0.000000000000000000e+00 0.000000000000000000e+00 0.000000000000000000e+00 0.000000000000000000e+00 0.000000000000000000e+00 0.000000000000000000e+00 0.000000000000000000e+00 0.000000000000000000e+00 0.000000000000000000e+00 1.000000000000000000e+00 6.980698409269275873e-01 4.990678989965913193e-01 3.589501767878110483e-01 2.522171064598083268e-01 1.850116806592437546e-01 1.322847112419817672e-01 9.402581269761939309e-02 5.673976197112276521e-02 3.944242736248238651e-02 2.615706842840762048e-02 1.343418023041658381e-02 1.108041347482397257e-02 3.763593289635601934e-03 7.147301749024442454e-06 -5.015365663386171444e-03 -4.819531260406886321e-03 3.204365222629409950e-03 1.109786966023266000e-02 3.827807729278488204e-03 -7.091898282851327989e-04 -1.638158366992129196e-03 -5.989012187574062340e-03 -9.854916299423747972e-03 -1.390574584302048736e-02 -2.110188802057241103e-02 -1.840307990740114655e-02 -8.146154659263299402e-03 -6.058259247400045629e-03 -6.614244357289146212e-03 -9.458365536708304364e-03 2.642352537765415904e-04 1.265006907096039501e-03 9.135456528608440138e-03 4.786678704120844903e-03 4.049362657781067389e-03 5.986532472250048233e-03 1.416970233328558549e-03 6.549721486290741718e-03 -1.590072027921268913e-03 -4.453357439694776918e-03 -6.431428959596640314e-03 -4.264430061456409016e-03 -6.241122728192781237e-03 1.087503705611427658e-03 -4.692067941435275509e-03 -1.524772381224800836e-03 -7.467511595102901446e-03 1.290964605553089574e-03 2.761112923198498579e-03 -6.154473573945443837e-04 -3.556773972578661323e-03 -4.728055731403714608e-03 -1.398969896860273454e-02 -1.918765566813068768e-04 -1.093623367492626989e-03 -9.551386439654829504e-05 5.258192440871550279e-03 5.207389780176540327e-03 4.949320030384299351e-03 1.921836039464919514e-03 2.517707739734436571e-03 7.614878886148657329e-03 3.293393401618112610e-04 -7.064546916311979959e-03 -2.887889587084867087e-03 2.388454074870208482e-03 -6.277047304642606722e-04 7.899745469829579439e-03 4.742565117805054575e-03 9.863631189618492223e-03 3.900683374742195449e-03 6.259185168741283542e-03 1.576273383890846626e-03 -2.046928510493654235e-03 1.013654405389011540e-02
0.000000000000000000e+00 0.000000000000000000e+00 0.000000000000000000e+00 0.000000000000000000e+00 0.000000000000000000e+00 0.000000000000000000e+00 0.000000000000000000e+00 0.000000000000000000e+00 0.000000000000000000e+00 0.000000000000000000e+00 0.000000000000000000e+00 0.000000000000000000e+00 0.000000000000000000e+00 0.000000000000000000e+00 0.000000000000000000e+00 0.000000000000000000e+00 0.000000000000000000e+00 0.000000000000000000e+00 0.000000000000000000e+00 0.000000000000000000e+00 0.000000000000000000e+00 0.000000000000000000e+00 0.000000000000000000e+00 0.000000000000000000e+00 1.000000000000000000e+00 6.969647833528667125e-01 4.956996875592922236e-01 3.479548524278350263e-01 2.548683884756921536e-01 1.818309760761750993e-01 1.264421545267939984e-01 7.926374159814722486e-02 5.534910303191103997e-02 3.949955353862644181e-02 1.792543409903921831e-02 9.494480209401389911e-03 4.311697066516077120e-03 -1.752152094731812115e-03 -8.409300320024611607e-04 -7.011110964817022367e-03 -4.492245792738349210e-04 7.695834855385730484e-03 -2.933354066195366459e-03 5.029872335560551903e-03 -8.203684198000246340e-04 -1.242888734243343535e-02 -1.261672191670129561e-02 -1.690398614278295492e-02 -1.942943736352527317e-02 -1.108768030158148628e-02 1.175052321222885528e-03 2.984259390166873159e-03 -1.312841319572549551e-03 8.198530465329936573e-04 6.070536373092916445e-03 7.551159921998474960e-03 1.098787426609792832e-02 5.542975948480168003e-03 4.591582972006808677e-03 5.813345871275918744e-03 4.249196362444566770e-03 8.323857249450023615e-03 -8.175810872014111083e-05 -5.163055765940663053e-03 -1.025847907912003608e-02 -8.498308128385950733e-03 -3.643652399207060032e-03 -2.179111996219556570e-03 -5.402342494559597350e-03 -5.526858899181762846e-03 -4.108462355630182646e-03 2.290815993947328388e-03 7.111076358604821214e-03 4.106828088487224360e-03 -3.499805492613345011e-03 -3.413900837228939049e-03 -9.432652378928475106e-03 2.415994511949294023e-03 2.778001044097657378e-03 3.530480056174171120e-03 2.335626242811431053e-03 5.206008884768573326e-03 6.449263405893859540e-03 1.231256205545803312e-02 1.139006870532721476e-02 1.442391864015652413e-02 9.978491921478465504e-03 3.608882584028804373e-03 2.201267677603126194e-03 4.366102338198534459e-03 1.767711440414978944e-03 5.728487255365236758e-03 8.265447793992544115e-05 5.835898293787327752e-03 1.329659206794410985e-03 7.793174840174851500e-03 8.329114946893085084e-03 3.276424055171283994e-05 1.203735037247660386e-02
0.000000000000000000e+00 0.000000000000000000e+00 0.000000000000000000e+00 0.000000000000000000e+00 0.000000000000000000e+00 0.000000000000000000e+00 0.000000000000000000e+00 0.000000000000000000e+00 0.000000000000000000e+00 0.000000000000000000e+00 0.000000000000000000e+00 0.000000000000000000e+00 0.000000000000000000e+00 0.000000000000000000e+00 0.000000000000000000e+00 0.000000000000000000e+00 0.000000000000000000e+00 0.000000000000000000e+00 0.000000000000000000e+00 0.000000000000000000e+00 0.000000000000000000e+00 0.000000000000000000e+00 0.000000000000000000e+00 0.000000000000000000e+00 0.000000000000000000e+00 1.000000000000000000e+00 6.979174702187722623e-01 4.906194830785171601e-01 3.547926423053268108e-01 2.544710689925476221e-01 1.777210865754695612e-01 1.214587009700809628e-01 8.085682442031300043e-02 5.935244405908592785e-02 3.586943609395461946e-02 1.939406385337809346e-02 1.269908736647273016e-02 3.518073899385707436e-03 -4.677786715184731716e-04 -1.102718424806400400e-02 -2.550946338600142398e-03 -2.457904636844537947e-03 -4.676960375817842096e-03 -9.168762800104117297e-04 -5.360060806996057477e-03 -1.484918019467029206e-02 -2.192258538018666825e-02 -2.273627723020229738e-02 -2.092220158245539433e-02 -1.446625197164643287e-02 -8.235045565022970984e-03 -1.297029019225257778e-03 -2.442396504915723705e-03 -3.220663789708543261e-03 1.473080382598615263e-04 -5.830355463205568042e-04 5.184221380799241240e-03 -4.883946921060371539e-04 3.771570546386080174e-03 1.014231495934476979e-02 1.089418748028744312e-02 1.114159192008433615e-02 1.482667901111997533e-03 5.316422694726206585e-03 1.942780636506331437e-03 3.451876282538411493e-03 -2.958007344492850606e-04 -3.202166163748267329e-03 -8.136120299637217322e-04 -1.509629292761920354e-03 -1.261377343987176141e-03 9.030929372078199888e-03 7.398706013497887389e-03 4.126839335175763214e-03 3.174566203926219854e-03 4.358235090003879583e-03 3.378955252668172735e-03 8.314923292956515055e-03 8.919072943668449049e-03 3.803031448974419828e-03 -2.750496590761692447e-03 1.595668596103863547e-04 7.573300854733886357e-04 5.731601135985706433e-03 3.146055643562796402e-03 3.130750730971184909e-03 1.385717389867376081e-03 -5.046483726888001224e-03 -8.915197718604474242e-03 2.070785276191341832e-03 -1.554505179492582335e-03 6.812619463616727267e-03 1.131390822897549711e-03 5.537169989577982697e-03 1.376107946851509202e-03 -3.152265064145525712e-03 1.073484453229883728e-03 2.092892383300539588e-03 1.041223158945734500e-02
0.000000000000000000e+00 0.000000000000000000e+00 0.000000000000000000e+00 0.000000000000000000e+00 0.000000000000000000e+00 0.000000000000000000e+00 0.000000000000000000e+00 0.000000000000000000e+00 0.000000000000000000e+00 0.000000000000000000e+00 0.000000000000000000e+00 0.000000000000000000e+00 0.000000000000000000e+00 0.000000000000000000e+00 0.000000000000000000e+00 0.000000000000000000e+00 0.000000000000000000e+00 0.000000000000000000e+00 0.000000000000000000e+00 0.000000000000000000e+00 0.000000000000000000e+00 0.000000000000000000e+00 0.000000000000000000e+00 0.000000000000000000e+00 0.000000000000000000e+00 0.000000000000000000e+00 1.000000000000000000e+00 7.002496561931659258e-01 5.021011555239708324e-01 3.557025968978496655e-01 2.526894681710230017e-01 1.819134836882089212e-01 1.238782066487025407e-01 8.590454325287444348e-02 5.179734440719808986e-02 3.073414322107290500e-02 2.446370160332039106e-02 1.419966695686344232e-02 5.778491378493200506e-03 -8.468920730366461327e-03 -6.910973874728482298e-03 -9.891836786545137386e-03 -2.846988443102316073e-03 3.348211437942887492e-03 -3.644746567596253775e-03 -4.792399650361302277e-03 -5.902318293776240461e-03 -9.172911137683516236e-03 -6.460889222348469539e-03 -2.143750094673030088e-03 1.437483759170138679e-03 -1.492127671317162985e-04 -1.521554092672286994e-03 -3.171481452771277368e-03 3.073896677994217633e-03 4.627201848850954753e-04 9.783696901143359298e-03 -1.457780541977117474e-04 5.943311611575561980e-05 5.184351724856357466e-03 1.090531326965705431e-03 4.961080544642306606e-03 -2.445312717912753384e-03 4.247744596231274226e-04 -2.009960686765647694e-03 -7.610585526114445635e-04 -3.783333908668499654e-03 -2.404467206814874664e-03 1.483847158167654915e-03 3.726991330894418447e-03 -7.064961750758144698e-03 3.148826976638676150e-03 1.452671833789020029e-03 3.831075947291456840e-03 3.718024868065266265e-03 5.381273566680396837e-03 3.650578290577843714e-03 8.465301351218043960e-03 3.588854273714208679e-03 4.205107266108167215e-03 1.259471777149885098e-03 -2.867010297544966011e-04 -2.594711420696925409e-04 3.127769151006863993e-03 4.081815616247005604e-03 6.042158817552236577e-03 2.287443128913920452e-03 -2.381285836119598816e-03 -7.767910601277063128e-03 -2.117312939999934545e-04 9.641114325823036627e-04 8.748743488224746886e-03 4.985059465351333007e-03 4.863157676504429629e-03 2.623173952463050615e-03 3.462205741026438879e-03 5.059738928744045468e-03 7.985971046207650248e-03 1.520249844892565712e-02
0.000000000000000000e+00 0.000000000000000000e+00 0.000000000000000000e+00 0.000000000000000000e+00 0.000000000000000000e+00 0.000000000000000000e+00 0.000000000000000000e+00 0.000000000000000000e+00 0.000000000000000000e+00 0.000000000000000000e+00 0.000000000000000000e+00 0.000000000000000000e+00 0.000000000000000000e+00 0.000000000000000000e+00 0.000000000000000000e+00 0.000000000000000000e+00 0.000000000000000000e+00 0.000000000000000000e+00 0.000000000000000000e+00 0.000000000000000000e+00 0.000000000000000000e+00 0.000000000000000000e+00 0.000000000000000000e+00 0.000000000000000000e+00 0.000000000000000000e+00 0.000000000000000000e+00 0.000000000000000000e+00 1.000000000000000000e+00 7.009689517922329527e-01 5.042109061876725029e-01 3.610005102969590651e-01 2.600269752991462013e-01 1.837775412248925655e-01 1.294588809601380230e-01 8.528776550333433404e-02 5.189265098285385236e-02 3.934181208467944085e-02 2.527110584366734289e-02 1.326135742443305260e-02 -1.593928880114794944e-03 -1.850932877035537088e-03 -6.628757539576425085e-03 -3.197195472979094590e-03 -1.896469354950412181e-03 -3.279094288483118229e-03 -8.876875726128726591e-04 1.082603141640229834e-03 -1.272218819573312301e-03 2.654578911605573032e-03 5.760347106143994499e-03 6.561952870796449074e-03 3.653785897848909909e-03 -1.620430136009587017e-03 -6.768854546240887955e-03 -4.109842901504054402e-03 2.826765491380497236e-03 8.329762639709272637e-03 -1.685078901013182910e-03 2.799266857722128364e-04 1.294294761010408206e-03 -3.565727290573539494e-03 5.775035094494341799e-04 -2.940236592618651352e-03 -2.390703156949526391e-03 5.257348893113163515e-03 1.588595193131023915e-03 3.785768979474970000e-04 -1.446191427098353528e-03 1.996602298146710544e-03 3.038750408803101398e-03 -8.893403587053811191e-03 9.165475084170948607e-04 8.325412946236211914e-04 2.595664979412105368e-03 6.861250909313303852e-04 8.243545244556154533e-03 4.628615265095391805e-03 4.044846491538178594e-03 2.515953245645721238e-03 4.073781890612637735e-03 2.045156934218424639e-03 -9.096888010805125047e-03 -7.629952454575208813e-03 1.615629896519521101e-03 -4.095373285441432018e-03 -3.453893327147925050e-03 -1.023209986264496905e-03 -5.238645037818107260e-03 -1.137103848501131234e-02 -3.772672804591537411e-03 3.673377847866465644e-03 5.297206600800005716e-03 3.100051631917829630e-03 7.290966174672431320e-03 5.057825000546889091e-03 3.773130001282772039e-03 5.204176205299293652e-03 6.486434204082945978e-03 1.137619081221102890e-02
0.000000000000000000e+00 0.000000000000000000e+00 0.000000000000000000e+00 0.000000000000000000e+00 0.000000000000000000e+00 0.000000000000000000e+00 0.000000000000000000e+00 0.000000000000000000e+00 0.000000000000000000e+00 0.000000000000000000e+00 0.000000000000000000e+00 0.000000000000000000e+00 0.000000000000000000e+00 0.000000000000000000e+00 0.000000000000000000e+00 0.000000000000000000e+00 0.000000000000000000e+00 0.000000000000000000e+00 0.000000000000000000e+00 0.000000000000000000e+00 0.000000000000000000e+00 0.000000000000000000e+00 0.000000000000000000e+00 0.000000000000000000e+00 0.000000000000000000e+00 0.000000000000000000e+00 0.000000000000000000e+00 0.000000000000000000e+00 1.000000000000000000e+00 6.980794332143922531e-01 4.968217990050958210e-01 3.545943421829557685e-01 2.503963630368579163e-01 1.773687136113285823e-01 1.152790076028887278e-01 7.603120688932425708e-02 5.220942692737502722e-02 3.928550225276843805e-02 2.375748819700621017e-02 9.504091521908637069e-03 -1.056968140918461288e-03 -1.257636572898405925e-03 -4.119699998699218914e-03 -7.406200200733699564e-03 -6.864219267615999202e-03 -8.415790762610767320e-03 -5.020064449128332912e-03 -1.058963903407106506e-02 -6.891517107264864307e-03 -1.584088640214401447e-03 -1.913987175863817889e-03 -5.399614209498887485e-03 -5.208761410936462062e-03 -1.237467320334630604e-02 -4.527872791238149279e-03 -2.954991286251189980e-03 4.819311952089928332e-03 -4.620129639261679778e-03 -2.484577730056634470e-03 3.640164897185312141e-03 -6.573776367064405705e-03 -3.172584697635930356e-03 -5.729188986357573385e-04 3.745557789127008800e-04 7.173609966627898446e-03 3.482988553104020713e-03 1.463709673018800299e-03 -3.111542420812609712e-03 1.024218412151867673e-03 -3.081874364591067478e-03 -1.271958465837209722e-02 -6.012846378996788456e-03 3.292139577207435844e-03 9.426134759372529343e-03 7.221443864106149614e-03 1.505618799184114433e-02 1.191496196668789288e-02 2.279173864469198271e-03 -2.172837935988187075e-03 -3.850617167604631751e-03 1.159784577181211971e-03 -8.724669875788300388e-04 -2.504045317588166585e-03 6.848761287591516658e-03 2.407520500357929801e-03 1.134059584397389183e-03 1.173873917356579779e-03 -6.187469787102714731e-03 -8.653383629320332560e-03 -6.698250820729054374e-03 -4.521532166939089270e-03 -2.311230931802473777e-03 1.836110238874789262e-03 6.074360327032976223e-03 6.573264909301324444e-04 -2.131066450122814926e-03 2.808710245399352601e-03 8.496624493411581922e-03 1.230825376635813831e-02
0.000000000000000000e+00 0.000000000000000000e+00 0.000000000000000000e+00 0.000000000000000000e+00 0.000000000000000000e+00 0.000000000000000000e+00 0.000000000000000000e+00 0.000000000000000000e+00 0.000000000000000000e+00 0.000000000000000000e+00 0.000000000000000000e+00 0.000000000000000000e+00 0.000000000000000000e+00 0.000000000000000000e+00 0.000000000000000000e+00 0.000000000000000000e+00 0.000000000000000000e+00 0.000000000000000000e+00 0.000000000000000000e+00 0.000000000000000000e+00 0.000000000000000000e+00 0.000000000000000000e+00 0.000000000000000000e+00 0.000000000000000000e+00 0.000000000000000000e+00 0.000000000000000000e+00 0.000000000000000000e+00 0.000000000000000000e+00 0.000000000000000000e+00 1.000000000000000000e+00 7.007898191251511477e-01 4.997513400292226127e-01 3.599340950065591516e-01 2.520807669639600346e-01 1.669428618341763093e-01 1.155779789974415439e-01 8.321546776816039770e-02 5.255841892730900994e-02 2.847595661910542336e-02 1.485457299962636424e-02 1.027376367578691774e-02 2.818045368945572803e-03 2.396026133257852988e-03 -1.657617398966716553e-03 -3.751441706569849394e-03 -2.494954219620249686e-03 -1.442740134917351027e-03 -9.235504832966482530e-03 -3.589170444194605177e-03 -1.044046704828491577e-04 2.152016098103063952e-03 1.203533146835163940e-03 7.931537972034489797e-04 -1.037650155996916977e-02 -7.537124783782832120e-03 -4.829840149909261394e-03 4.924185938817459730e-04 -2.437003415003252769e-03 -3.198866808760351520e-03 -3.465189294363693173e-03 -8.427987189318274230e-03 -1.098120284599970499e-02 -2.880247688090077380e-03 -1.118244329852570830e-03 3.670335537332541139e-03 9.072995053127350107e-03 6.625877731283956636e-03 -2.976822832273728729e-03 7.909451894980804379e-03 1.156194414885054408e-02 2.525642518235088774e-03 3.369317343621326850e-03 9.813679750547067704e-03 8.135902497871702610e-03 3.859502614938732212e-03 1.010108440339127847e-02 5.332675344556987371e-03 -1.777812714064433810e-03 -6.714591371826035895e-03 -7.107344595987492679e-03 -3.750676787964691856e-03 -4.646436572246209935e-03 -2.781127592082334107e-03 5.860127905182065285e-03 1.092209709613002058e-03 -5.119629331421249492e-03 -5.506647567816364171e-03 -1.082651087845189382e-02 -1.059297413064812579e-02 -7.353245586958095416e-03 3.913699775521648394e-04 1.799419877560154120e-03 9.875658738429031296e-04 7.020145339748532463e-03 5.089152800043206595e-03 2.623015220278725624e-03 6.446473188225427739e-03 7.332037990543808018e-03 4.537082522853647104e-03
0.000000000000000000e+00 0.000000000000000000e+00 0.000000000000000000e+00 0.000000000000000000e+00 0.000000000000000000e+00 0.000000000000000000e+00 0.000000000000000000e+00 0.000000000000000000e+00 0.000000000000000000e+00 0.000000000000000000e+00 0.000000000000000000e+00 0.000000000000000000e+00 0.000000000000000000e+00 0.000000000000000000e+00 0.000000000000000000e+00 0.000000000000000000e+00 0.000000000000000000e+00 0.000000000000000000e+00 0.000000000000000000e+00 0.000000000000000000e+00 0.000000000000000000e+00 0.000000000000000000e+00 0.000000000000000000e+00 0.000000000000000000e+00 0.000000000000000000e+00 0.000000000000000000e+00 0.000000000000000000e+00 0.000000000000000000e+00 0.000000000000000000e+00 0.000000000000000000e+00 1.000000000000000000e+00 6.984879684293366919e-01 4.991847395810264376e-01 3.492997313443879648e-01 2.345405658225844792e-01 1.640415279401549187e-01 1.156160159415569044e-01 7.649227995747967523e-02 4.117927354878457569e-02 2.790937950084597385e-02 1.923111168249404257e-02 1.199848755116727193e-02 9.716162136851993689e-03 1.408443517324718544e-03 1.921898820792588202e-03 -2.487240120866147756e-03 -1.037421492853838126e-02 -2.449753643848423881e-02 -1.848479308282337599e-02 -9.819535554645909825e-03 -1.916549992194415200e-03 -5.288000209199708937e-03 -1.311768188305335999e-03 -1.056255762596969815e-02 -1.427934281473498303e-02 -1.191006172558966257e-02 -6.663261800900949910e-03 -7.677955924588285470e-03 -8.380452952601600072e-03 -1.378719881716814095e-02 -9.739923709096882931e-03 -1.021193583202756848e-02 -9.385830912143566795e-03 -5.963426001527342458e-03 2.840497623957231356e-04 3.032922396283283493e-03 -5.194599064739993796e-04 -1.689161510159760144e-03 -1.307983339027117987e-03 9.350820274647796831e-03 5.383560702995449955e-03 9.259397783742658386e-03 1.510753642833124154e-02 1.094607828119127137e-02 5.250677416291011680e-03 1.226550701567638395e-02 3.118888308141625279e-03 -3.248959885790948451e-03 -4.343907108404463507e-03 -4.898205207904571257e-03 -1.023526175392614791e-03 -1.448568472565817545e-03 2.036009096892733503e-03 9.178330550629009571e-03 7.563755105029252787e-03 2.536248876170418397e-03 5.008146321028764114e-03 -5.111089924623102125e-03 -7.533101716375849646e-03 -7.018913222182536146e-03 -2.631320396629817891e-03 2.401442363387880710e-03 -1.333676645476277139e-05 1.993456355035334686e-03 -5.138821192922417855e-04 -3.802174741769297640e-03 -2.727964623653946234e-04 5.847074213012500715e-03 -8.740462018438735785e-05
0.000000000000000000e+00 0.000000000000000000e+00 0.000000000000000000e+00 0.000000000000000000e+00 0.000000000000000000e+00 0.000000000000000000e+00 0.000000000000000000e+00 0.000000000000000000e+00 0.000000000000000000e+00 0.000000000000000000e+00 0.000000000000000000e+00 0.000000000000000000e+00 0.000000000000000000e+00 0.000000000000000000e+00 0.000000000000000000e+00 0.000000000000000000e+00 0.000000000000000000e+00 0.000000000000000000e+00 0.000000000000000000e+00 0.000000000000000000e+00 0.000000000000000000e+00 0.000000000000000000e+00 0.000000000000000000e+00 0.000000000000000000e+00 0.000000000000000000e+00 0.000000000000000000e+00 0.000000000000000000e+00 0.000000000000000000e+00 0.000000000000000000e+00 0.000000000000000000e+00 0.000000000000000000e+00 1.000000000000000000e+00 6.970237540028357826e-01 4.930329192923266213e-01 3.498582539028193272e-01 2.491842599226493649e-01 1.732802070357999102e-01 1.224133365456698957e-01 7.665528041375738177e-02 5.268777424190878439e-02 3.367858586921353842e-02 2.114508159610879040e-02 1.576974555967095362e-02 1.071803414923328673e-02 9.646048456306309526e-03 -8.983541469149684431e-04 -3.751024156098840389e-03 -8.776165748788618617e-03 -8.418171067199430382e-03 -1.334293649815040169e-03 5.996713198411807687e-03 4.175079946808911598e-04 3.384746670431054965e-03 -8.775209538364055553e-03 -8.990347153319961856e-03 -1.114232258653964462e-02 -4.493363737118811520e-03 -1.038376635116657065e-02 -1.030565758508398232e-02 -1.437836217548343898e-02 -9.830657953731980134e-03 -6.964355452098095270e-03 -3.621287062005066389e-03 -3.622058225003737045e-03 6.800767446964341503e-03 6.823950726489342276e-03 3.789145111371835205e-03 -6.905205135014440797e-03 -3.502135079363406008e-03 3.264248800323010097e-03 3.108275544291380817e-03 3.338193733529455209e-03 1.052150453509353989e-02 8.125104749796104725e-03 3.121009520278274457e-04 1.157539303099346627e-02 4.539841446207670828e-03 -1.254444270396686120e-03 -3.672509748381456215e-03 -5.711782828010538056e-03 5.898102864158435901e-04 5.160040086385920405e-03 4.136126242155944988e-03 1.042356530870144904e-02 5.466208789480742243e-03 6.524946649791383679e-05 1.860952704125035757e-03 -4.812291027531854191e-03 -1.028714478066528222e-02 -9.623372403897772695e-03 -6.173309853947791040e-03 1.521373933904152922e-03 -1.334002563888190738e-04 -3.852363986504855810e-03 -5.590600354873723546e-03 -6.872472638469132727e-03 3.230635148999171005e-03 5.682592662721770022e-03 4.160351716014669930e-03
0.000000000000000000e+00 0.000000000000000000e+00 0.000000000000000000e+00 0.000000000000000000e+00 0.000000000000000000e+00 0.000000000000000000e+00 0.000000000000000000e+00 0.000000000000000000e+00 0.000000000000000000e+00 0.000000000000000000e+00 0.000000000000000000e+00 0.000000000000000000e+00 0.000000000000000000e+00 0.000000000000000000e+00 0.000000000000000000e+00 0.000000000000000000e+00 0.000000000000000000e+00 0.000000000000000000e+00 0.000000000000000000e+00 0.000000000000000000e+00 0.000000000000000000e+00 0.000000000000000000e+00 0.000000000000000000e+00 0.000000000000000000e+00 0.000000000000000000e+00 0.000000000000000000e+00 0.000000000000000000e+00 0.000000000000000000e+00 0.000000000000000000e+00 0.000000000000000000e+00 0.000000000000000000e+00 0.000000000000000000e+00 1.000000000000000000e+00 6.987211692122126117e-01 4.927165787765162563e-01 3.567779971581011011e-01 2.537589732001425125e-01 1.867533016461304929e-01 1.209591263876713396e-01 8.635186952063630961e-02 5.664168399413934546e-02 3.906974686422914900e-02 2.918915296975443940e-02 1.255645102679490283e-02 1.664327799819413298e-02 7.630315604986298399e-03 3.938735942488702166e-03 2.463459855295768112e-03 -3.291691876622996054e-05 -2.083715993940239014e-03 6.497641101725301974e-03 1.255397070939678287e-04 -2.697844375378908102e-04 -7.954478402419891750e-03 -7.080375386265489943e-03 -2.958995787140039201e-03 -5.229306459403493083e-03 -6.559377973092471101e-03 -6.804122452975770730e-03 -9.732652046210947885e-03 -5.339709160013848301e-03 -6.343016268838474851e-03 -5.882831380448751320e-03 -7.832953420030474082e-03 4.962714637008188399e-03 9.873273867424616629e-03 3.616965085897877442e-04 -3.733675536553020431e-03 4.228598387628673054e-04 2.931832958338747436e-03 2.024384800221748569e-04 8.721661703789832312e-03 4.995106927075562177e-03 7.785813079016799983e-03 -1.307963172504132384e-03 7.217811788470970130e-03 2.554986202754197522e-03 -3.122383755138765597e-03 -1.096957802198034182e-02 -5.539453701805480655e-03 -2.439086077718584204e-03 3.779307493500713797e-03 1.543995377075883314e-04 4.030202617870181324e-03 -6.720792171684573414e-03 -6.153539608818850773e-03 -3.824642821666441542e-03 -1.508788498748022018e-02 -9.990183691269333144e-03 -8.415699195575729666e-03 -1.216199174017631481e-02 6.694027098740493393e-04 -1.203532156975207785e-03 -4.020258422819492604e-03 -4.127198275802922492e-04 -1.445490312202710745e-03 1.091920161586780284e-02 4.598253352565237484e-03 6.155640039707574018e-04
0.000000000000000000e+00 0.000000000000000000e+00 0.000000000000000000e+00 0.000000000000000000e+00 0.000000000000000000e+00 0.000000000000000000e+00 0.000000000000000000e+00 0.000000000000000000e+00 0.000000000000000000e+00 0.000000000000000000e+00 0.000000000000000000e+00 0.000000000000000000e+00 0.000000000000000000e+00 0.000000000000000000e+00 0.000000000000000000e+00 0.000000000000000000e+00 0.000000000000000000e+00 0.000000000000000000e+00 0.000000000000000000e+00 0.000000000000000000e+00 0.000000000000000000e+00 0.000000000000000000e+00 0.000000000000000000e+00 0.000000000000000000e+00 0.000000000000000000e+00 0.000000000000000000e+00 0.000000000000000000e+00 0.000000000000000000e+00 0.000000000000000000e+00 0.000000000000000000e+00 0.000000000000000000e+00 0.000000000000000000e+00 0.000000000000000000e+00 1.000000000000000000e+00 6.938886960917941549e-01 4.990539924096061841e-01 3.538377355362741228e-01 2.563061506956453295e-01 1.711161593409225856e-01 1.222444800829948497e-01 8.054861145547644041e-02 5.823131260648881785e-02 3.378997471286231125e-02 2.035772576754194332e-02 2.266939128906503981e-02 1.774970095946467111e-02 1.058906171658159472e-02 5.660141976692651712e-03 -1.396028490907118670e-03 -3.304099784047019595e-03 -9.751017328819064486e-04 -5.065009397539294543e-03 -6.199846131663966364e-03 -1.687597411440816889e-02 -9.258912318391512158e-03 -9.622517515204915758e-03 -4.937902087760096155e-03 -6.607672371930427627e-03 -3.672441220640708642e-03 -2.420727080934083342e-03 -3.421612455578750597e-03 -5.739611302417528885e-03 -1.303072922414198406e-02 -1.415677103566011577e-02 -7.633595090817177527e-03 -5.349956162236694325e-05 -2.677044634105100410e-03 9.052659886942348135e-04 8.401322196018084706e-03 1.340323945158653808e-02 6.630974785105814978e-03 1.129379352338785378e-02 8.554637987313075398e-03 1.182390349182364624e-02 7.205414963624061017e-03 1.519873197995256012e-02 9.535116462433816664e-03 6.377080060709042209e-03 -2.748359100009685127e-03 -3.511751945344053494e-03 -5.371116085357070802e-03 1.925387556306876516e-04 -3.796051998171538853e-03 4.087506380273036449e-03 -6.703877838638939773e-04 -1.018601707984387317e-03 -2.066738121960493176e-03 -7.579321452351079312e-03 -2.564149696024811947e-03 -7.384497063822733839e-03 -1.254128800944101334e-02 2.383538341074329520e-03 -6.211195587379886567e-04 -4.188931393566065926e-03 7.228480816198135572e-04 8.337173305378135779e-03 1.170354015974461870e-02 9.113098684624047589e-04 -1.734239454188504781e-03
0.000000000000000000e+00 0.000000000000000000e+00 0.000000000000000000e+00 0.000000000000000000e+00 0.000000000000000000e+00 0.000000000000000000e+00 0.000000000000000000e+00 0.000000000000000000e+00 0.000000000000000000e+00 0.000000000000000000e+00 0.000000000000000000e+00 0.000000000000000000e+00 0.000000000000000000e+00 0.000000000000000000e+00 0.000000000000000000e+00 0.000000000000000000e+00 0.000000000000000000e+00 0.000000000000000000e+00 0.000000000000000000e+00 0.000000000000000000e+00 0.000000000000000000e+00 0.000000000000000000e+00 0.000000000000000000e+00 0.000000000000000000e+00 0.000000000000000000e+00 0.000000000000000000e+00 0.000000000000000000e+00 0.000000000000000000e+00 0.000000000000000000e+00 0.000000000000000000e+00 0.000000000000000000e+00 0.000000000000000000e+00 0.000000000000000000e+00 0.000000000000000000e+00 1.000000000000000000e+00 6.976575112125632527e-01 4.965755162237038833e-01 3.607341137183800450e-01 2.536740208067369551e-01 1.817508508534111666e-01 1.237806477510631498e-01 8.997854593490069164e-02 5.931058396784347209e-02 4.782028729412537982e-02 4.329715082165861567e-02 3.206998384634670435e-02 2.019724377900032966e-02 1.195516881000552312e-02 1.119402909704525322e-02 3.039410573696356681e-03 6.798217169907266703e-03 -3.210633213898484925e-03 -5.096864712142582313e-03 -7.058425990238872787e-03 -5.673585564501032810e-03 -7.116329227959599345e-03 -3.167165021256974477e-03 -9.828795142874442725e-03 -7.629578959667655813e-03 -6.719006820112128839e-03 -9.587646210263568725e-03 -9.927391147306072541e-03 -1.643622118512776814e-02 -1.208654123795318593e-02 -1.725549082563741093e-02 -8.731919944820724575e-03 -1.018717363400980201e-02 -5.875551157559673332e-03 6.937544230365143109e-03 1.348675670593767369e-02 7.378032284621847438e-03 1.189038890002134911e-02 5.524621128840253095e-03 1.390969579485478412e-02 9.667695843784834125e-03 9.090520948800168144e-03 2.410415904321617109e-03 -3.196615001400355833e-03 1.557705614332572817e-03 -1.761735225364241325e-03 -1.085247544252407803e-03 -4.158913659121426035e-03 -2.666159100368997378e-03 3.057503509053139529e-03 1.239253953593401998e-03 -1.704397336370356989e-03 1.188632349169676259e-03 -2.589687759844366052e-03 7.383087720532829782e-04 -1.637509424310306608e-03 -8.803359881045457261e-03 1.421091605449611214e-03 1.516259032938873470e-03 -3.542502641454487074e-03 1.144129071533032341e-03 4.647235195216858732e-03 9.744896515022506700e-03 -1.461595446437568549e-03 3.703837444774503874e-03
0.000000000000000000e+00 0.000000000000000000e+00 0.000000000000000000e+00 0.000000000000000000e+00 0.000000000000000000e+00 0.000000000000000000e+00 0.000000000000000000e+00 0.000000000000000000e+00 0.000000000000000000e+00 0.000000000000000000e+00 0.000000000000000000e+00 0.000000000000000000e+00 0.000000000000000000e+00 0.000000000000000000e+00 0.000000000000000000e+00 0.000000000000000000e+00 0.000000000000000000e+00 0.000000000000000000e+00 0.000000000000000000e+00 0.000000000000000000e+00 0.000000000000000000e+00 0.000000000000000000e+00 0.000000000000000000e+00 0.000000000000000000e+00 0.000000000000000000e+00 0.000000000000000000e+00 0.000000000000000000e+00 0.000000000000000000e+00 0.000000000000000000e+00 0.000000000000000000e+00 0.000000000000000000e+00 0.000000000000000000e+00 0.000000000000000000e+00 0.000000000000000000e+00 0.000000000000000000e+00 1.000000000000000000e+00 6.948866004223837045e-01 4.928298333458049352e-01 3.449103742417466423e-01 2.488750553763590945e-01 1.697980985668458287e-01 1.174041498813686857e-01 8.353690031528289428e-02 6.350833723359325389e-02 5.318286279667078925e-02 4.111353006235010654e-02 2.329698400352681747e-02 1.395507790849483988e-02 1.265570732119873296e-02 3.903217480697293660e-03 3.580169378314271636e-03 1.554033483718809819e-03 -3.276727533146206873e-04 -3.268611499801027213e-03 -7.137275637477786920e-03 -1.075282961056904171e-02 -4.736457930419069387e-03 -8.306529042153050144e-03 -5.001505439435540747e-03 -2.488841366102158021e-03 -7.243993368977247847e-03 -1.089305787710212990e-02 -1.448663933278312131e-02 -1.402588630727573914e-02 -1.905597774187937216e-02 -8.231688968008365331e-03 -5.504670636399800615e-03 -5.521193617815579706e-03 2.886048933717714256e-03 2.293508069007824828e-04 -2.939054259264041631e-03 4.117439669926735261e-03 -1.211240430554022052e-03 8.422362379653679232e-03 5.014427293257138311e-03 9.442496888792233914e-04 1.109805571890351648e-03 -3.974800590717123341e-03 -5.429693803102421563e-03 -1.588968292612375800e-03 3.487413157631270421e-03 6.336731931962700333e-04 -5.627605859988423290e-03 -3.520939773721491230e-03 -7.387649687248877203e-03 -1.268190465925090639e-02 -1.241492438707882812e-02 -9.735139421061052636e-03 3.118126804247761848e-03 1.347220066416261481e-03 -6.089763104592349312e-03 4.348598054726051342e-03 9.359179412638680626e-03 4.870455113901505512e-03 1.113188665247048835e-03 1.109925502158938537e-02 2.104276786744016178e-02 3.750540512749340940e-03 1.298826059050347615e-03
0.000000000000000000e+00 0.000000000000000000e+00 0.000000000000000000e+00 0.000000000000000000e+00 0.000000000000000000e+00 0.000000000000000000e+00 0.000000000000000000e+00 0.000000000000000000e+00 0.000000000000000000e+00 0.000000000000000000e+00 0.000000000000000000e+00 0.000000000000000000e+00 0.000000000000000000e+00 0.000000000000000000e+00 0.000000000000000000e+00 0.000000000000000000e+00 0.000000000000000000e+00 0.000000000000000000e+00 0.000000000000000000e+00 0.000000000000000000e+00 0.000000000000000000e+00 0.000000000000000000e+00 0.000000000000000000e+00 0.000000000000000000e+00 0.000000000000000000e+00 0.000000000000000000e+00 0.000000000000000000e+00 0.000000000000000000e+00 0.000000000000000000e+00 0.000000000000000000e+00 0.000000000000000000e+00 0.000000000000000000e+00 0.000000000000000000e+00 0.000000000000000000e+00 0.000000000000000000e+00 0.000000000000000000e+00 1.000000000000000000e+00 6.958183411719942590e-01 4.956430392975512134e-01 3.564810092264528163e-01 2.520852033425459160e-01 1.808063435332198099e-01 1.261471866527400509e-01 1.006790192300385245e-01 8.029136509060813554e-02 5.926104408955312070e-02 3.493745199771546017e-02 1.562244451372290024e-02 1.116729284204403573e-02 3.843375002561693048e-03 3.593674975634581306e-04 -5.836622325805945234e-04 4.656248429604247993e-03 -1.763636637751366323e-03 6.486400364075895972e-03 -1.912560335945692486e-03 1.148512626760984879e-03 -4.454246271091900911e-03 -2.760201081026876502e-03 1.241718869477434007e-03 -2.831794665440515082e-03 -9.464775168069186964e-03 -5.462602001486286350e-03 -1.353451442488303250e-02 -1.698617074133451643e-02 -6.074376157000572519e-03 -7.191426366985570300e-03 -1.044568762302627331e-02 7.442192625642096975e-04 1.092936048192823511e-03 1.156686810942049925e-03 8.380603508109226926e-03 1.095808765592702454e-02 1.545527996653472264e-02 8.036755792708169532e-03 1.917751036065702816e-03 -6.098363765923160706e-03 -4.347860661398606288e-03 -8.646024000356399355e-03 -1.076090041327923581e-02 -4.272441110338687058e-03 -4.649598564891898461e-03 -3.840268318511833642e-03 -7.088685544800663301e-04 -1.922688988590932077e-03 -7.395671093464994787e-03 -1.171297738341338206e-02 -7.954217652688033366e-03 -3.352553379237544883e-03 -2.685851582356662409e-03 -1.196109906525098625e-02 -5.570265106720056862e-03 -1.270149188625148851e-03 -1.849389724184615381e-03 -1.372400161828432131e-03 4.164593979003713455e-03 1.077585845056655035e-02 -4.600811925572272261e-03 -1.031714370643052429e-02
0.000000000000000000e+00 0.000000000000000000e+00 0.000000000000000000e+00 0.000000000000000000e+00 0.000000000000000000e+00 0.000000000000000000e+00 0.000000000000000000e+00 0.000000000000000000e+00 0.000000000000000000e+00 0.000000000000000000e+00 0.000000000000000000e+00 0.000000000000000000e+00 0.000000000000000000e+00 0.000000000000000000e+00 0.000000000000000000e+00 0.000000000000000000e+00 0.000000000000000000e+00 0.000000000000000000e+00 0.000000000000000000e+00 0.000000000000000000e+00 0.000000000000000000e+00 0.000000000000000000e+00 0.000000000000000000e+00 0.000000000000000000e+00 0.000000000000000000e+00 0.000000000000000000e+00 0.000000000000000000e+00 0.000000000000000000e+00 0.000000000000000000e+00 0.000000000000000000e+00 0.000000000000000000e+00 0.000000000000000000e+00 0.000000000000000000e+00 0.000000000000000000e+00 0.000000000000000000e+00 0.000000000000000000e+00 0.000000000000000000e+00 1.000000000000000000e+00 6.992446498281714717e-01 5.005823453471295315e-01 3.551014497247478863e-01 2.572932442363925487e-01 1.828719902662400143e-01 1.436530642942599467e-01 1.078854048594575371e-01 7.764596558156838801e-02 4.862622207460570029e-02 2.602468878818099338e-02 1.530644879886101581e-02 2.733191388375195117e-03 6.030615781039314408e-03 3.286060158791933097e-03 3.066217940497070835e-03 -9.560679859409403764e-03 3.360915601393868208e-03 -6.650628242409923306e-03 5.816819945821381267e-03 -3.547327895815213534e-03 -1.671783234160230088e-03 -3.880862025582338011e-04 -4.023689858672145972e-03 -6.886866557701947292e-03 7.447002031737336375e-04 9.530728199781210051e-04 -6.575804944517465306e-04 2.798577617099767562e-03 1.886196520478935698e-03 3.470714814340356610e-03 8.454973246788359889e-03 5.966627331926651484e-03 4.080499750064349625e-03 9.127595467316449926e-03 9.238449076436521315e-03 1.784514402665846738e-02 1.295544244052730318e-02 5.062442007377673456e-03 -5.328546375931131687e-03 -4.938886385909102388e-03 -9.196256142142481688e-03 -7.792289351670460100e-03 -3.457144221684881925e-03 -3.010938676023000495e-03 -4.223837818376739023e-03 -1.503830311194555638e-04 -9.887955170705490179e-06 -1.294835809798908091e-03 -4.986125620338225338e-03 -1.685352451217809414e-03 -3.586451962371080878e-03 -7.559481149242758616e-03 -1.409935300620067562e-02 -1.152546299284396350e-02 -9.620209855113865359e-04 -8.080442491623071643e-04 1.242936341937168941e-03 5.189427366096293834e-03 8.246681548785448138e-03 -1.878490187792318392e-03 -5.382260196947314182e-03
0.000000000000000000e+00 0.000000000000000000e+00 0.000000000000000000e+00 0.000000000000000000e+00 0.000000000000000000e+00 0.000000000000000000e+00 0.000000000000000000e+00 0.000000000000000000e+00 0.000000000000000000e+00 0.000000000000000000e+00 0.000000000000000000e+00 0.000000000000000000e+00 0.000000000000000000e+00 0.000000000000000000e+00 0.000000000000000000e+00 0.000000000000000000e+00 0.000000000000000000e+00 0.000000000000000000e+00 0.000000000000000000e+00 0.000000000000000000e+00 0.000000000000000000e+00 0.000000000000000000e+00 0.000000000000000000e+00 0.000000000000000000e+00 0.000000000000000000e+00 0.000000000000000000e+00 0.000000000000000000e+00 0.000000000000000000e+00 0.000000000000000000e+00 0.000000000000000000e+00 0.000000000000000000e+00 0.000000000000000000e+00 0.000000000000000000e+00 0.000000000000000000e+00 0.000000000000000000e+00 0.000000000000000000e+00 0.000000000000000000e+00 0.000000000000000000e+00 1.000000000000000000e+00 7.003284199524402176e-01 4.969687305566786173e-01 3.632676598713773242e-01 2.623816011229681000e-01 1.964601813011162268e-01 1.397115353919968495e-01 9.546393492592629426e-02 6.236629992662403449e-02 3.784978133031889624e-02 2.807379877557523648e-02 1.832096507543704358e-02 9.203178177657421119e-03 7.820106682542193183e-03 3.468463795804478927e-03 -7.213298233146800409e-03 3.741724127331747234e-03 -4.520668037008776508e-03 2.530838809052872538e-03 -3.091993888334129258e-03 1.960211941693078882e-03 1.915518343432298610e-03 -5.581736248431220376e-03 -7.866893566383504136e-03 -4.919980333871766184e-03 -5.946526505830268018e-03 -8.592222542586172226e-03 -2.501076735632232727e-03 -1.348848349104214001e-03 -1.387003680174660018e-03 3.559759487012858874e-03 -4.743768961333763665e-04 -5.225235078261299950e-04 1.291720923734093881e-03 2.220402728291893599e-03 1.247436602453330656e-02 8.640546886591222997e-03 2.756499067040849797e-03 -7.690485583672667866e-03 -5.775886976272803092e-03 -2.800420290477883579e-03 -9.591429726895172800e-03 -3.925486663575065288e-03 -2.504524017750568536e-03 -2.970687939202804138e-03 2.045860017051391859e-04 9.555665437953062349e-04 1.010805512212712039e-02 3.110594110351943675e-03 3.262567388687559640e-03 1.697471105440943450e-04 -6.195369720313041034e-03 -9.702536888258891240e-03 -9.759912372790167587e-03 -1.621210612597755608e-03 -2.195222318547283044e-04 3.491456518336744173e-04 9.810864655248011535e-04 6.371907674931976198e-03 -1.224681527019313206e-03 -6.433631221131838086e-03
0.000000000000000000e+00 0.000000000000000000e+00 0.000000000000000000e+00 0.000000000000000000e+00 0.000000000000000000e+00 0.000000000000000000e+00 0.000000000000000000e+00 0.000000000000000000e+00 0.000000000000000000e+00 0.000000000000000000e+00 0.000000000000000000e+00 0.000000000000000000e+00 0.000000000000000000e+00 0.000000000000000000e+00 0.000000000000000000e+00 0.000000000000000000e+00 0.000000000000000000e+00 0.000000000000000000e+00 0.000000000000000000e+00 0.000000000000000000e+00 0.000000000000000000e+00 0.000000000000000000e+00 0.000000000000000000e+00 0.000000000000000000e+00 0.000000000000000000e+00 0.000000000000000000e+00 0.000000000000000000e+00 0.000000000000000000e+00 0.000000000000000000e+00 0.000000000000000000e+00 0.000000000000000000e+00 0.000000000000000000e+00 0.000000000000000000e+00 0.000000000000000000e+00 0.000000000000000000e+00 0.000000000000000000e+00 0.000000000000000000e+00 0.000000000000000000e+00 0.000000000000000000e+00 1.000000000000000000e+00 6.948126404787374755e-01 4.984029451534827682e-01 3.574731189842351164e-01 2.680862348321271238e-01 1.874716846991585639e-01 1.340854525357592641e-01 9.254266243285838578e-02 5.865855659334077293e-02 4.453562569075997929e-02 2.679486485234713888e-02 2.164336637260869459e-02 1.510525034594793585e-02 5.228786797033131359e-03 -5.071832651134337497e-03 -5.811596204387372948e-03 -6.834071091588075388e-03 2.583146646893889290e-03 -7.662865233342553003e-04 -2.241923305328737386e-03 -2.621526929871996568e-03 -7.000627419877555185e-03 -8.232717865091457310e-03 -4.731357924531023190e-03 -1.260551652019170155e-03 -1.464412667964702435e-03 1.444945170892984005e-03 -8.752038094646289682e-04 -2.323433019123454738e-03 8.669076683535548861e-03 6.300375035066249803e-03 5.999679468785859039e-03 5.160267876508813079e-03 5.029370038275183391e-03 9.670920456449169644e-03 6.049498803067081959e-03 2.299774987224929607e-04 -4.145279115788950454e-03 7.782372957515511615e-04 1.035388892789049003e-03 -2.719953287232322343e-03 4.182651965672972913e-03 4.394457283079699489e-03 4.592240064789728416e-04 6.895931475715494016e-03 1.139170757765316754e-02 1.280220839686041154e-02 6.881813363441034725e-03 3.531849664908862877e-03 5.925353001847905900e-03 1.878071800443212617e-04 -6.122302950104764434e-03 -8.394383005382794524e-04 4.772333758140863587e-03 -4.374145652321409961e-04 3.992123591566074103e-03 5.001817932035446633e-03 6.723451429327579644e-03 3.565965449267765393e-04 -6.333129497135789841e-03
0.000000000000000000e+00 0.000000000000000000e+00 0.000000000000000000e+00 0.000000000000000000e+00 0.000000000000000000e+00 0.000000000000000000e+00 0.000000000000000000e+00 0.000000000000000000e+00 0.000000000000000000e+00 0.000000000000000000e+00 0.000000000000000000e+00 0.000000000000000000e+00 0.000000000000000000e+00 0.000000000000000000e+00 0.000000000000000000e+00 0.000000000000000000e+00 0.000000000000000000e+00 0.000000000000000000e+00 0.000000000000000000e+00 0.000000000000000000e+00 0.000000000000000000e+00 0.000000000000000000e+00 0.000000000000000000e+00 0.000000000000000000e+00 0.000000000000000000e+00 0.000000000000000000e+00 0.000000000000000000e+00 0.000000000000000000e+00 0.000000000000000000e+00 0.000000000000000000e+00 0.000000000000000000e+00 0.000000000000000000e+00 0.000000000000000000e+00 0.000000000000000000e+00 0.000000000000000000e+00 0.000000000000000000e+00 0.000000000000000000e+00 0.000000000000000000e+00 0.000000000000000000e+00 0.000000000000000000e+00 1.000000000000000000e+00 6.992008341380262504e-01 4.985472432245511842e-01 3.627419711239834310e-01 2.600326116598585813e-01 1.800539275399835604e-01 1.290800684188151137e-01 8.794755034335416388e-02 6.375710849778873368e-02 4.395095149127131035e-02 3.609478492694460916e-02 2.455415985885365734e-02 1.042419758924996789e-02 4.478558583840637833e-03 1.746009303726729070e-04 -6.182828487438365300e-03 -4.064844229351191433e-04 -4.169202766435420662e-03 -8.398759043035690028e-03 -1.202126933779010601e-02 -1.144246333586919698e-02 -1.145955932570628076e-02 -1.390528872592065174e-02 -1.145745441901494140e-02 -4.833349388671246034e-03 -9.675953341357217173e-04 -3.018103250380386841e-03 -4.036262347918859184e-03 7.740134696303099457e-03 9.338343821349605334e-03 7.778198793480658839e-03 7.439826565706950980e-03 5.918456124631750123e-03 7.321519197619873881e-03 7.078304308462233727e-03 2.283438682513893106e-03 -2.807094369432462048e-03 2.044636764033107897e-03 1.111570553302823573e-03 3.678113230098614857e-04 4.476230136229731801e-03 -2.927405252681591040e-03 -5.252315875229334775e-03 -4.737657623264186399e-04 1.132759355550208092e-03 4.017945638756283307e-03 -1.245340787023701146e-03 -1.773664487310278601e-03 3.320970456198903652e-03 -3.296083257562598418e-03 -1.346143042256505318e-03 -1.511327670790326740e-03 2.440005916073600956e-03 2.821694280348876083e-03 5.146648637841663362e-03 1.339282112526617163e-03 -1.172160259031879929e-03 -5.482832461098756383e-03 -5.390251338287781017e-03
0.000000000000000000e+00 0.000000000000000000e+00 0.000000000000000000e+00 0.000000000000000000e+00 0.000000000000000000e+00 0.000000000000000000e+00 0.000000000000000000e+00 0.000000000000000000e+00 0.000000000000000000e+00 0.000000000000000000e+00 0.000000000000000000e+00 0.000000000000000000e+00 0.000000000000000000e+00 0.000000000000000000e+00 0.000000000000000000e+00 0.000000000000000000e+00 0.000000000000000000e+00 0.000000000000000000e+00 0.000000000000000000e+00 0.000000000000000000e+00 0.000000000000000000e+00 0.000000000000000000e+00 0.000000000000000000e+00 0.000000000000000000e+00 0.000000000000000000e+00 0.000000000000000000e+00 0.000000000000000000e+00 0.000000000000000000e+00 0.000000000000000000e+00 0.000000000000000000e+00 0.000000000000000000e+00 0.000000000000000000e+00 0.000000000000000000e+00 0.000000000000000000e+00 0.000000000000000000e+00 0.000000000000000000e+00 0.000000000000000000e+00 0.000000000000000000e+00 0.000000000000000000e+00 0.000000000000000000e+00 0.000000000000000000e+00 1.000000000000000000e+00 6.990771990869374397e-01 5.057120023768469919e-01 3.639442261559177050e-01 2.532007976661155846e-01 1.789856070224472850e-01 1.258608706051446702e-01 9.281974840962960160e-02 6.242563472809951886e-02 4.541196206021769211e-02 2.220812721875715934e-02 4.795451288115825522e-03 5.950236192597316807e-04 -7.031104136424855613e-03 -1.322932894940479463e-02 -1.130630207913838232e-02 -1.168674540969431852e-02 -1.036491710167597967e-02 -1.320312944948175658e-02 -1.419268963354739996e-02 -1.707259039907065706e-02 -1.373777911575614109e-02 -6.313674811858870951e-03 -1.889624754484648924e-03 1.144554912181091309e-02 8.720411301952916625e-03 9.614762960072551629e-03 1.057777424118847356e-02 1.208269835921077680e-02 9.848915438135137299e-03 6.599803450946950360e-03 4.942228202501328972e-03 5.206981536803413635e-03 8.182779846953812039e-03 2.897834541402619091e-03 -4.392535058696294716e-03 5.809934884362238060e-03 -7.000509651611530875e-05 2.060367625640373290e-03 -7.105568187135342419e-04 -7.185179512416543963e-03 -1.251200947342061276e-02 -3.478299861116235410e-03 2.463241913659437732e-03 2.849013472202644674e-03 -2.272291078132809752e-03 8.211539460127501543e-04 -5.634656158019442189e-03 -9.396424681955135166e-03 1.373856034819037316e-03 1.961991805803875184e-03 3.620835773258850813e-03 5.948929804140028373e-03 1.033096614593061885e-04 -2.083220923309616311e-04 3.225047327587646771e-04 -2.716091656350851503e-04 1.670494664112067275e-04
0.000000000000000000e+00 0.000000000000000000e+00 0.000000000000000000e+00 0.000000000000000000e+00 0.000000000000000000e+00 0.000000000000000000e+00 0.000000000000000000e+00 0.000000000000000000e+00 0.000000000000000000e+00 0.000000000000000000e+00 0.000000000000000000e+00 0.000000000000000000e+00 0.000000000000000000e+00 0.000000000000000000e+00 0.000000000000000000e+00 0.000000000000000000e+00 0.000000000000000000e+00 0.000000000000000000e+00 0.000000000000000000e+00 0.000000000000000000e+00 0.000000000000000000e+00 0.000000000000000000e+00 0.000000000000000000e+00 0.000000000000000000e+00 0.000000000000000000e+00 0.000000000000000000e+00 0.000000000000000000e+00 0.000000000000000000e+00 0.000000000000000000e+00 0.000000000000000000e+00 0.000000000000000000e+00 0.000000000000000000e+00 0.000000000000000000e+00 0.000000000000000000e+00 0.000000000000000000e+00 0.000000000000000000e+00 0.000000000000000000e+00 0.000000000000000000e+00 0.000000000000000000e+00 0.000000000000000000e+00 0.000000000000000000e+00 0.000000000000000000e+00 1.000000000000000000e+00 7.001147362521183970e-01 5.037441916065722447e-01 3.606240598068544134e-01 2.578542184339280285e-01 1.901173342494855145e-01 1.415812104019801565e-01 9.784451696669078935e-02 6.951898592756540485e-02 4.446109310553421345e-02 1.951571284915749882e-02 1.034357610511945497e-02 1.744540710511074174e-03 -5.341452595067220331e-03 -8.830224067661453929e-03 -1.613694489950234442e-02 -1.328932062495187874e-02 -1.756219375753432024e-02 -1.911065722063146413e-02 -2.519831980294352791e-02 -1.765379091473239306e-02 -9.990185878650180776e-03 -8.337086478394381897e-03 2.761474410398390058e-03 -1.405497107235907780e-03 4.777817498914682312e-03 3.279969304283663137e-03 1.162079839148037752e-02 5.062639222782067822e-04 4.818044479563367809e-03 3.050385764283619107e-03 -5.165674014541160250e-03 3.818241496140197932e-03 3.256916293119244913e-03 -3.967563138027634800e-03 2.134049111712939088e-03 -3.849441215000715035e-03 -6.600119514419316817e-03 -6.077057899999207830e-04 -8.116939249406237081e-03 -1.528712205427519219e-02 -8.206510521717837528e-03 -4.777764795006619013e-04 4.532871850833531833e-04 -7.838102500785072702e-03 -3.222674203219202775e-03 -7.186753499369192416e-03 -1.366902734256043861e-02 -2.119999188135952091e-04 1.363469113352629332e-03 2.342076366352576703e-04 -2.120387178163060746e-03 1.704635640829511118e-03 -7.284585162636413556e-03 -7.457844305916861219e-03 -6.003060663143363306e-03 -6.469236030114710809e-03
0.000000000000000000e+00 0.000000000000000000e+00 0.000000000000000000e+00 0.000000000000000000e+00 0.000000000000000000e+00 0.000000000000000000e+00 0.000000000000000000e+00 0.000000000000000000e+00 0.000000000000000000e+00 0.000000000000000000e+00 0.000000000000000000e+00 0.000000000000000000e+00 0.000000000000000000e+00 0.000000000000000000e+00 0.000000000000000000e+00 0.000000000000000000e+00 0.000000000000000000e+00 0.000000000000000000e+00 0.000000000000000000e+00 0.000000000000000000e+00 0.000000000000000000e+00 0.000000000000000000e+00 0.000000000000000000e+00 0.000000000000000000e+00 0.000000000000000000e+00 0.000000000000000000e+00 0.000000000000000000e+00 0.000000000000000000e+00 0.000000000000000000e+00 0.000000000000000000e+00 0.000000000000000000e+00 0.000000000000000000e+00 0.000000000000000000e+00 0.000000000000000000e+00 0.000000000000000000e+00 0.000000000000000000e+00 0.000000000000000000e+00 0.000000000000000000e+00 0.000000000000000000e+00 0.000000000000000000e+00 0.000000000000000000e+00 0.000000000000000000e+00 0.000000000000000000e+00 1.000000000000000000e+00 6.996054708086234530e-01 4.962105686833496176e-01 3.574869356767711448e-01 2.622423680631694176e-01 1.926226467607142778e-01 1.324646396835835738e-01 9.433357119922063105e-02 6.425911594623495704e-02 3.103591941988993394e-02 2.002731386228999086e-02 1.338441399983943646e-02 1.005790711653739089e-03 -8.595961838065719739e-04 -6.934060902528967063e-03 -1.155631888220992609e-02 -1.308858331033924127e-02 -1.085049818765949740e-02 -1.329230708728790580e-02 -9.258217941411869475e-03 -1.042635615735825610e-02 -7.023296445573127059e-03 1.963370885190463769e-03 1.300674187064158145e-03 4.096102997477877108e-03 -1.088560773943371548e-03 6.628088301380947837e-03 -1.006857230825959149e-03 1.813912571970724896e-03 -1.360470301471247126e-05 -2.545911109905093367e-03 -8.380233247398763971e-04 3.988977272951242984e-04 -1.956828928034057887e-03 1.735577012582271029e-03 -1.283220977195110484e-03 6.397488841156591974e-05 2.366896281175049233e-03 -2.059987146432477791e-03 -6.425070665748851620e-03 -7.312175000405845247e-03 -5.522131329532980332e-03 -3.763297088512676872e-03 -5.524249791324628393e-03 -5.264326161803844356e-03 -7.990291480321256787e-03 -7.974383464726340562e-03 3.384306326579592048e-03 1.086643294308894730e-03 4.482312979005718847e-04 -3.243425581109899108e-04 1.780946743354630286e-03 -6.151704228990581731e-03 -4.284660359062192336e-03 -4.126044355777121024e-03 -4.882547242814487369e-03
0.000000000000000000e+00 0.000000000000000000e+00 0.000000000000000000e+00 0.000000000000000000e+00 0.000000000000000000e+00 0.000000000000000000e+00 0.000000000000000000e+00 0.000000000000000000e+00 0.000000000000000000e+00 0.000000000000000000e+00 0.000000000000000000e+00 0.000000000000000000e+00 0.000000000000000000e+00 0.000000000000000000e+00 0.000000000000000000e+00 0.000000000000000000e+00 0.000000000000000000e+00 0.000000000000000000e+00 0.000000000000000000e+00 0.000000000000000000e+00 0.000000000000000000e+00 0.000000000000000000e+00 0.000000000000000000e+00 0.000000000000000000e+00 0.000000000000000000e+00 0.000000000000000000e+00 0.000000000000000000e+00 0.000000000000000000e+00 0.000000000000000000e+00 0.000000000000000000e+00 0.000000000000000000e+00 0.000000000000000000e+00 0.000000000000000000e+00 0.000000000000000000e+00 0.000000000000000000e+00 0.000000000000000000e+00 0.000000000000000000e+00 0.000000000000000000e+00 0.000000000000000000e+00 0.000000000000000000e+00 0.000000000000000000e+00 0.000000000000000000e+00 0.000000000000000000e+00 0.000000000000000000e+00 1.000000000000000000e+00 6.987370204358512860e-01 4.964297645054399077e-01 3.595125147445480951e-01 2.640818663805852284e-01 1.872045657435931765e-01 1.368187746851717568e-01 9.512751734124061387e-02 6.409654972015543795e-02 3.692091614667540600e-02 2.503289557295933568e-02 1.214149264762589414e-02 7.249485497091932677e-03 1.604364560024582531e-03 -5.486105513950457731e-04 -9.330390262865466411e-03 -6.505960729421555143e-03 -1.099790803647649091e-02 -3.501333082148782704e-03 -6.707664594417801773e-03 -7.068902375702930743e-03 1.501987471841494462e-04 -1.621238341026516377e-03 2.262486848830656122e-03 -8.633416636250083528e-03 -2.089874481064630651e-03 -1.403919526355596088e-02 -1.029277389088543819e-02 -1.358225763164097426e-02 -8.174127603524631094e-03 -5.451981129799806161e-03 -4.576706754114913574e-03 -5.396827982522208432e-03 6.412188652393332371e-04 -1.096298221414959391e-03 1.795975441011913622e-03 4.240727722864207419e-03 -1.928349950909097766e-03 -7.602487675206984728e-03 -1.156285956916970614e-02 -1.255218468689436699e-02 -1.513668825901969342e-02 -1.787198748449973437e-02 -1.165959795193969965e-02 -8.935066741106117635e-03 -6.616293624960291504e-03 2.720944463538719441e-03 1.268948891152114336e-03 -5.597816218903718536e-04 2.183403834508356454e-04 -1.301291006361109549e-03 -1.124258166860242839e-02 -1.214818131995815294e-02 -6.605447753468722712e-03 7.628338457712418664e-04
0.000000000000000000e+00 0.000000000000000000e+00 0.000000000000000000e+00 0.000000000000000000e+00 0.000000000000000000e+00 0.000000000000000000e+00 0.000000000000000000e+00 0.000000000000000000e+00 0.000000000000000000e+00 0.000000000000000000e+00 0.000000000000000000e+00 0.000000000000000000e+00 0.000000000000000000e+00 0.000000000000000000e+00 0.000000000000000000e+00 0.000000000000000000e+00 0.000000000000000000e+00 0.000000000000000000e+00 0.000000000000000000e+00 0.000000000000000000e+00 0.000000000000000000e+00 0.000000000000000000e+00 0.000000000000000000e+00 0.000000000000000000e+00 0.000000000000000000e+00 0.000000000000000000e+00 0.000000000000000000e+00 0.000000000000000000e+00 0.000000000000000000e+00 0.000000000000000000e+00 0.000000000000000000e+00 0.000000000000000000e+00 0.000000000000000000e+00 0.000000000000000000e+00 0.000000000000000000e+00 0.000000000000000000e+00 0.000000000000000000e+00 0.000000000000000000e+00 0.000000000000000000e+00 0.000000000000000000e+00 0.000000000000000000e+00 0.000000000000000000e+00 0.000000000000000000e+00 0.000000000000000000e+00 0.000000000000000000e+00 1.000000000000000000e+00 6.921834470626434532e-01 4.948864423784355426e-01 3.624788966185821248e-01 2.583314052175295639e-01 1.887460235841197098e-01 1.379126740644360805e-01 9.340810570413317360e-02 5.832855113949569903e-02 3.786314382818069951e-02 1.872201088696012067e-02 1.251108428213640322e-02 8.052582852820606638e-03 8.379531859293075022e-03 1.215118543936111488e-03 -2.206277217909436567e-03 -1.015265667607581287e-02 -9.498158643515703867e-03 -1.025400852528909716e-02 -6.119862111787647933e-03 -6.138935606087116137e-03 -5.713724416331243672e-03 -2.581516792190289341e-03 -1.333368931544227920e-02 -8.937172674227335592e-03 -1.195388240298811411e-02 -1.063747609939392179e-02 -1.636487381625692170e-02 -1.018929032378343078e-02 -4.990773647342276569e-03 -8.903512629719730065e-03 -1.074436814458806398e-03 3.537137180413238262e-03 -1.265170685420079341e-03 -8.312161169592230869e-04 -2.943934419254319677e-03 -5.260551593824583719e-03 -8.934392354022905811e-03 -1.122263729150779939e-02 -1.524091491910467035e-02 -1.514938983098770148e-02 -1.373221981803718870e-02 -6.199631940740411504e-03 -3.884568361309398768e-03 -2.905286874555197772e-03 2.885661240389209709e-03 5.799165407193006098e-03 4.607830463510897458e-03 2.100232697386096841e-03 3.993521400098678890e-03 -3.205755410700091360e-03 -8.534174849403896451e-03 -1.731944251727887685e-03 5.046845168236831040e-03
0.000000000000000000e+00 0.000000000000000000e+00 0.000000000000000000e+00 0.000000000000000000e+00 0.000000000000000000e+00 0.000000000000000000e+00 0.000000000000000000e+00 0.000000000000000000e+00 0.000000000000000000e+00 0.000000000000000000e+00 0.000000000000000000e+00 0.000000000000000000e+00 0.000000000000000000e+00 0.000000000000000000e+00 0.000000000000000000e+00 0.000000000000000000e+00 0.000000000000000000e+00 0.000000000000000000e+00 0.000000000000000000e+00 0.000000000000000000e+00 0.000000000000000000e+00 0.000000000000000000e+00 0.000000000000000000e+00 0.000000000000000000e+00 0.000000000000000000e+00 0.000000000000000000e+00 0.000000000000000000e+00 0.000000000000000000e+00 0.000000000000000000e+00 0.000000000000000000e+00 0.000000000000000000e+00 0.000000000000000000e+00 0.000000000000000000e+00 0.000000000000000000e+00 0.000000000000000000e+00 0.000000000000000000e+00 0.000000000000000000e+00 0.000000000000000000e+00 0.000000000000000000e+00 0.000000000000000000e+00 0.000000000000000000e+00 0.000000000000000000e+00 0.000000000000000000e+00 0.000000000000000000e+00 0.000000000000000000e+00 0.000000000000000000e+00 1.000000000000000000e+00 7.042667829006757918e-01 5.154811553995982676e-01 3.661956739158457319e-01 2.621247354374079963e-01 1.871214552656986496e-01 1.287325928590729307e-01 8.933733294439581696e-02 5.673933227585550854e-02 3.591205073943654069e-02 2.375351182575955247e-02 1.482564488629341606e-02 6.172487032391471388e-03 -2.551247136395096149e-03 -2.830064235992509145e-03 -4.341340991428683030e-03 -3.426244086618619993e-03 -6.204869311069834831e-03 -2.882881891350596096e-03 1.853459955650087096e-05 -8.830925086794304268e-04 1.609948146097067104e-03 -9.593574934354111988e-03 -4.480894374506651408e-03 -1.513349612770204140e-03 -1.011345507842232976e-03 -7.144769390744257730e-03 -2.162822311533885503e-03 -4.372732931862358813e-04 3.285530028455627659e-03 9.782501611834691288e-03 1.738451788599234757e-02 1.527025438886447928e-02 1.176771109512969940e-02 4.154860404541260537e-03 -3.740281803715752619e-03 -7.932001722366225152e-03 -7.297456753024109122e-03 -5.736602951818522804e-03 -5.048041474823930681e-03 -7.080978817930088168e-03 1.495367446433242204e-03 4.776398674148207694e-04 1.263176913140606934e-03 5.936158667621887000e-03 6.134798479223700987e-03 4.462878795818096302e-03 -2.032807835889800276e-03 1.101743490889242096e-04 -2.121508754791122213e-03 -5.673382447157218622e-03 -4.099994731943885744e-03 1.481007523673704340e-03
0.000000000000000000e+00 0.000000000000000000e+00 0.000000000000000000e+00 0.000000000000000000e+00 0.000000000000000000e+00 0.000000000000000000e+00 0.000000000000000000e+00 0.000000000000000000e+00 0.000000000000000000e+00 0.000000000000000000e+00 0.000000000000000000e+00 0.000000000000000000e+00 0.000000000000000000e+00 0.000000000000000000e+00 0.000000000000000000e+00 0.000000000000000000e+00 0.000000000000000000e+00 0.000000000000000000e+00 0.000000000000000000e+00 0.000000000000000000e+00 0.000000000000000000e+00 0.000000000000000000e+00 0.000000000000000000e+00 0.000000000000000000e+00 0.000000000000000000e+00 0.000000000000000000e+00 0.000000000000000000e+00 0.000000000000000000e+00 0.000000000000000000e+00 0.000000000000000000e+00 0.000000000000000000e+00 0.000000000000000000e+00 0.000000000000000000e+00 0.000000000000000000e+00 0.000000000000000000e+00 0.000000000000000000e+00 0.000000000000000000e+00 0.000000000000000000e+00 0.000000000000000000e+00 0.000000000000000000e+00 0.000000000000000000e+00 0.000000000000000000e+00 0.000000000000000000e+00 0.000000000000000000e+00 0.000000000000000000e+00 0.000000000000000000e+00 0.000000000000000000e+00 1.000000000000000000e+00 7.070653398836750370e-01 5.000107639358436495e-01 3.558102307882131665e-01 2.524017599298180037e-01 1.816024043748349914e-01 1.332212327452789724e-01 9.118742884774685975e-02 6.384645050562617885e-02 3.718978588646822125e-02 2.563513658260116457e-02 1.413371303545283252e-02 3.692173491828706650e-03 -7.767364661429459506e-04 -4.003484541790421417e-03 4.715836285657313935e-03 2.361469400781302398e-03 7.694471878584226458e-04 -5.142259845893733467e-04 -3.161643626391910135e-03 6.960608363032277056e-03 -7.012074053064521612e-03 -4.447727411256959321e-03 -2.077758857528567114e-03 2.365781240018220537e-03 -8.611661419447557905e-03 -9.526684726271855697e-03 -1.077482489224919002e-02 -1.130506920721280860e-02 -1.570904965492100252e-03 4.256233417076187714e-03 6.315264879033374856e-03 7.878562218923673005e-03 -1.004010707026837959e-03 -6.295175559913963360e-03 -1.071480783279455881e-02 -1.411044793969705620e-02 -8.057989097216586988e-03 -4.590445167152277552e-03 -4.906096304925345805e-03 -4.176205472247137879e-04 -2.842083896268352526e-03 2.359686227864093045e-04 4.566505641276186883e-03 4.592339790738964728e-03 6.314269298456174229e-04 -3.030460771189630829e-03 2.539243726228957235e-03 2.177964274309663207e-03 -1.551929028370895762e-03 -3.841056738541306480e-03 -1.060209215625954483e-03
0.000000000000000000e+00 0.000000000000000000e+00 0.000000000000000000e+00 0.000000000000000000e+00 0.000000000000000000e+00 0.000000000000000000e+00 0.000000000000000000e+00 0.000000000000000000e+00 0.000000000000000000e+00 0.000000000000000000e+00 0.000000000000000000e+00 0.000000000000000000e+00 0.000000000000000000e+00 0.000000000000000000e+00 0.000000000000000000e+00 0.000000000000000000e+00 0.000000000000000000e+00 0.000000000000000000e+00 0.000000000000000000e+00 0.000000000000000000e+00 0.000000000000000000e+00 0.000000000000000000e+00 0.000000000000000000e+00 0.000000000000000000e+00 0.000000000000000000e+00 0.000000000000000000e+00 0.000000000000000000e+00 0.000000000000000000e+00 0.000000000000000000e+00 0.000000000000000000e+00 0.000000000000000000e+00 0.000000000000000000e+00 0.000000000000000000e+00 0.000000000000000000e+00 0.000000000000000000e+00 0.000000000000000000e+00 0.000000000000000000e+00 0.000000000000000000e+00 0.000000000000000000e+00 0.000000000000000000e+00 0.000000000000000000e+00 0.000000000000000000e+00 0.000000000000000000e+00 0.000000000000000000e+00 0.000000000000000000e+00 0.000000000000000000e+00 0.000000000000000000e+00 0.000000000000000000e+00 1.000000000000000000e+00 6.987911650757815396e-01 4.974456159922462928e-01 3.544970704385098648e-01 2.473938568442806685e-01 1.782541330283627656e-01 1.216386782229903762e-01 8.201915296049436255e-02 5.046087017906843164e-02 3.884979854744944477e-02 2.053968042718846976e-02 8.728856843014391048e-03 -1.278295552372281201e-03 -3.599264668022813737e-03 2.528767620762649958e-03 4.359596973226176168e-03 -3.512797796840031470e-04 5.577061539013579558e-04 -1.402823302946952771e-03 -3.118351207348099303e-03 -1.168762326632546110e-02 -1.107239519408369059e-02 -1.405906994950231054e-02 -9.287815221578335154e-03 -1.307886046716576385e-02 -8.438057173451253903e-03 -5.041863749638450867e-03 -5.495710250733721984e-03 2.921638912906310281e-03 3.453695544266998773e-03 3.684434041930540523e-03 9.465476127187812810e-03 6.282371683469370645e-03 1.194523727578868967e-03 -1.934100420135328666e-03 -8.432098743806772101e-03 -8.506484562019214074e-03 -9.887830013265859128e-03 -3.342880583197612929e-03 -2.302276020921130081e-03 -4.536061108458663469e-04 7.549230559302240028e-04 7.036666155948675429e-03 4.325865359894875105e-03 2.857720780249032276e-03 -5.581405169946933482e-03 -2.706019676697783358e-03 -9.207776349369530683e-03 -1.048256391548796525e-02 -6.480101176659702755e-03 -7.415222823355663122e-03
0.000000000000000000e+00 0.000000000000000000e+00 0.000000000000000000e+00 0.000000000000000000e+00 0.000000000000000000e+00 0.000000000000000000e+00 0.000000000000000000e+00 0.000000000000000000e+00 0.000000000000000000e+00 0.000000000000000000e+00 0.000000000000000000e+00 0.000000000000000000e+00 0.000000000000000000e+00 0.000000000000000000e+00 0.000000000000000000e+00 0.000000000000000000e+00 0.000000000000000000e+00 0.000000000000000000e+00 0.000000000000000000e+00 0.000000000000000000e+00 0.000000000000000000e+00 0.000000000000000000e+00 0.000000000000000000e+00 0.000000000000000000e+00 0.000000000000000000e+00 0.000000000000000000e+00 0.000000000000000000e+00 0.000000000000000000e+00 0.000000000000000000e+00 0.000000000000000000e+00 0.000000000000000000e+00 0.000000000000000000e+00 0.000000000000000000e+00 0.000000000000000000e+00 0.000000000000000000e+00 0.000000000000000000e+00 0.000000000000000000e+00 0.000000000000000000e+00 0.000000000000000000e+00 0.000000000000000000e+00 0.000000000000000000e+00 0.000000000000000000e+00 0.000000000000000000e+00 0.000000000000000000e+00 0.000000000000000000e+00 0.000000000000000000e+00 0.000000000000000000e+00 0.000000000000000000e+00 0.000000000000000000e+00 1.000000000000000000e+00 6.978231189058353712e-01 4.992348314625044692e-01 3.543791317768375526e-01 2.568697762851794852e-01 1.763172859404630866e-01 1.223263706512052601e-01 8.065250732826037550e-02 5.517418943337008136e-02 2.963565454577210545e-02 2.470241914802425234e-02 8.814739562509457671e-03 5.291971951000208618e-03 6.969534594980379520e-03 3.135329220996218788e-03 -2.857085896247105704e-03 -5.953444710396677692e-03 -6.228269717430727492e-03 -6.648519058934450505e-03 -1.370157179234945781e-02 -5.565136820106128014e-03 -7.319837567425758335e-03 -2.615989885467705656e-03 -3.467240704280047598e-04 -6.013677852134605541e-04 -4.445903815110528734e-03 -8.594746050752751290e-03 -5.348821434039763084e-05 4.346313354653643345e-03 1.853796445961347281e-03 8.531439218575308930e-03 8.999417420094964898e-03 4.026144909423849325e-03 -2.162586243997490702e-04 -2.627627194582872385e-03 -6.529517840681954045e-03 -2.703686288760189654e-03 -1.071753525004318607e-03 7.886470339694069340e-03 6.656102896059510124e-03 -5.084527632917574397e-03 2.907123431920863397e-03 -6.811337922337847581e-04 -1.328257622018537160e-03 -9.933394608059791658e-03 -2.381140719591008214e-03 -1.284113685928952101e-02 -1.083003799210226561e-02 -8.942823728451879464e-03 -4.392324347839411322e-03
0.000000000000000000e+00 0.000000000000000000e+00 0.000000000000000000e+00 0.000000000000000000e+00 0.000000000000000000e+00 0.000000000000000000e+00 0.000000000000000000e+00 0.000000000000000000e+00 0.000000000000000000e+00 0.000000000000000000e+00 0.000000000000000000e+00 0.000000000000000000e+00 0.000000000000000000e+00 0.000000000000000000e+00 0.000000000000000000e+00 0.000000000000000000e+00 0.000000000000000000e+00 0.000000000000000000e+00 0.000000000000000000e+00 0.000000000000000000e+00 0.000000000000000000e+00 0.000000000000000000e+00 0.000000000000000000e+00 0.000000000000000000e+00 0.000000000000000000e+00 0.000000000000000000e+00 0.000000000000000000e+00 0.000000000000000000e+00 0.000000000000000000e+00 0.000000000000000000e+00 0.000000000000000000e+00 0.000000000000000000e+00 0.000000000000000000e+00 0.000000000000000000e+00 0.000000000000000000e+00 0.000000000000000000e+00 0.000000000000000000e+00 0.000000000000000000e+00 0.000000000000000000e+00 0.000000000000000000e+00 0.000000000000000000e+00 0.000000000000000000e+00 0.000000000000000000e+00 0.000000000000000000e+00 0.000000000000000000e+00 0.000000000000000000e+00 0.000000000000000000e+00 0.000000000000000000e+00 0.000000000000000000e+00 0.000000000000000000e+00 1.000000000000000000e+00 6.984548049626054800e-01 4.954435799345240365e-01 3.495085710834353598e-01 2.460683426696743947e-01 1.688766560324069244e-01 1.146890459412279323e-01 7.586057872998847040e-02 3.954250453012884969e-02 3.033529159444845608e-02 9.033464640609034299e-03 2.032944439597471342e-03 -2.835719794808300772e-03 1.269294676154455364e-03 -3.836279879300146314e-03 -5.041997022144245090e-03 -7.968804126407331989e-03 -8.085155822763786040e-03 -1.977717750671221728e-02 -5.830171791616246824e-03 -4.928133509981548650e-03 -1.295670916839288499e-02 -3.843259599015228390e-03 -3.461079169158024979e-03 -5.941527673330847942e-03 -3.396433345652120992e-03 3.363876473969348597e-03 4.573882061697308429e-04 3.080569295580360550e-03 1.271485571388862937e-02 1.317837230279879715e-02 9.643824754937331892e-03 7.102462344382922711e-03 3.554411222081929611e-03 -3.651602346082784712e-03 -4.372843083264346328e-03 -3.812300533951215077e-03 2.240290319437372637e-03 -2.487645604390895972e-03 -8.854639528147656771e-03 9.709905388801625238e-04 -2.774172517022221573e-03 -3.022083719387330582e-03 -9.174856812218244381e-03 -2.414308515880265581e-03 -8.642854920096563337e-03 -1.335561794767360297e-02 -4.419218732500176765e-03 1.243534373320508320e-03
0.000000000000000000e+00 0.000000000000000000e+00 0.000000000000000000e+00 0.000000000000000000e+00 0.000000000000000000e+00 0.000000000000000000e+00 0.000000000000000000e+00 0.000000000000000000e+00 0.000000000000000000e+00 0.000000000000000000e+00 0.000000000000000000e+00 0.000000000000000000e+00 0.000000000000000000e+00 0.000000000000000000e+00 0.000000000000000000e+00 0.000000000000000000e+00 0.000000000000000000e+00 0.000000000000000000e+00 0.000000000000000000e+00 0.000000000000000000e+00 0.000000000000000000e+00 0.000000000000000000e+00 0.000000000000000000e+00 0.000000000000000000e+00 0.000000000000000000e+00 0.000000000000000000e+00 0.000000000000000000e+00 0.000000000000000000e+00 0.000000000000000000e+00 0.000000000000000000e+00 0.000000000000000000e+00 0.000000000000000000e+00 0.000000000000000000e+00 0.000000000000000000e+00 0.000000000000000000e+00 0.000000000000000000e+00 0.000000000000000000e+00 0.000000000000000000e+00 0.000000000000000000e+00 0.000000000000000000e+00 0.000000000000000000e+00 0.000000000000000000e+00 0.000000000000000000e+00 0.000000000000000000e+00 0.000000000000000000e+00 0.000000000000000000e+00 0.000000000000000000e+00 0.000000000000000000e+00 0.000000000000000000e+00 0.000000000000000000e+00 0.000000000000000000e+00 1.000000000000000000e+00 6.960047887883330509e-01 4.965355539838970378e-01 3.565761065653761386e-01 2.501030854522359181e-01 1.732149450969173721e-01 1.238039539686622281e-01 7.818876923161130477e-02 5.524267221204137018e-02 2.953375742126941941e-02 1.809179121334770698e-02 4.996517290336052741e-03 3.693485980257344304e-03 -7.249418204063591640e-04 -6.674347652290432351e-03 -1.061398833177693707e-02 -5.510113784389210345e-03 -8.750348138912301607e-03 -4.909291960881881529e-03 -7.409860735306951496e-03 -6.587844540541704964e-03 2.452259243935762684e-03 1.258948330483112416e-03 -6.165737645614531581e-03 -8.038679365844713862e-03 6.176255416888991497e-03 7.778382162933959428e-05 5.496883147632321883e-04 8.637557708649183305e-03 9.970608014990306467e-03 6.993164722044470719e-03 9.146047254910616084e-03 5.639622784836072602e-04 -8.935573979399891523e-03 -6.641575938568885194e-03 -3.173182216682446811e-03 3.512224328140774957e-03 1.529432522474535481e-03 -6.604423210775734430e-03 2.178020442968684866e-03 -8.557237426354128741e-04 -4.993035173565005952e-03 -9.625571658083982574e-03 -2.855858481808253198e-03 -7.160869574221095414e-03 -1.035279092998007619e-02 1.755540265006362219e-03 6.473188324207511911e-03
0.000000000000000000e+00 0.000000000000000000e+00 0.000000000000000000e+00 0.000000000000000000e+00 0.000000000000000000e+00 0.000000000000000000e+00 0.000000000000000000e+00 0.000000000000000000e+00 0.000000000000000000e+00 0.000000000000000000e+00 0.000000000000000000e+00 0.000000000000000000e+00 0.000000000000000000e+00 0.000000000000000000e+00 0.000000000000000000e+00 0.000000000000000000e+00 0.000000000000000000e+00 0.000000000000000000e+00 0.000000000000000000e+00 0.000000000000000000e+00 0.000000000000000000e+00 0.000000000000000000e+00 0.000000000000000000e+00 0.000000000000000000e+00 0.000000000000000000e+00 0.000000000000000000e+00 0.000000000000000000e+00 0.000000000000000000e+00 0.000000000000000000e+00 0.000000000000000000e+00 0.000000000000000000e+00 0.000000000000000000e+00 0.000000000000000000e+00 0.000000000000000000e+00 0.000000000000000000e+00 0.000000000000000000e+00 0.000000000000000000e+00 0.000000000000000000e+00 0.000000000000000000e+00 0.000000000000000000e+00 0.000000000000000000e+00 0.000000000000000000e+00 0.000000000000000000e+00 0.000000000000000000e+00 0.000000000000000000e+00 0.000000000000000000e+00 0.000000000000000000e+00 0.000000000000000000e+00 0.000000000000000000e+00 0.000000000000000000e+00 0.000000000000000000e+00 0.000000000000000000e+00 1.000000000000000000e+00 6.967201077917682950e-01 4.992830307303570692e-01 3.566967101624897718e-01 2.494107146247441509e-01 1.836448986072624912e-01 1.205981159091732979e-01 8.729804820950945454e-02 4.814290145698528478e-02 4.063356546345634618e-02 2.097882726603570933e-02 1.563394982531440477e-02 4.845739505051085104e-03 -7.277143439561687202e-03 -7.776571207120961358e-03 -5.737410645756097112e-03 -6.541008824140109520e-03 -7.388610002557127569e-03 -8.310992343472189611e-03 -8.353417322285434585e-03 -3.947675747509424467e-03 -3.882956109081943039e-03 -6.470222477975166690e-03 -6.915131063098506163e-03 7.464245233239874024e-03 -6.331869184191086380e-03 -1.142418688185411514e-03 3.011493233989928197e-03 2.380213233966730051e-03 1.886903601410579211e-03 4.507137070527475822e-03 3.095720678864660172e-04 -1.056255743784297214e-02 -4.318449050276345832e-03 2.370775677326064038e-03 2.219235560786384301e-03 -4.681481512453180074e-03 -6.845419834604976432e-03 1.737501248374440825e-03 -5.557772799125241560e-03 -3.505989153010416991e-03 -5.379575260507983396e-03 7.281951170348668814e-04 -6.818578688267700263e-03 -8.150579191943327362e-03 -5.127770305458248350e-03 -3.816713501869367468e-03
0.000000000000000000e+00 0.000000000000000000e+00 0.000000000000000000e+00 0.000000000000000000e+00 0.000000000000000000e+00 0.000000000000000000e+00 0.000000000000000000e+00 0.000000000000000000e+00 0.000000000000000000e+00 0.000000000000000000e+00 0.000000000000000000e+00 0.000000000000000000e+00 0.000000000000000000e+00 0.000000000000000000e+00 0.000000000000000000e+00 0.000000000000000000e+00 0.000000000000000000e+00 0.000000000000000000e+00 0.000000000000000000e+00 0.000000000000000000e+00 0.000000000000000000e+00 0.000000000000000000e+00 0.000000000000000000e+00 0.000000000000000000e+00 0.000000000000000000e+00 0.000000000000000000e+00 0.000000000000000000e+00 0.000000000000000000e+00 0.000000000000000000e+00 0.000000000000000000e+00 0.000000000000000000e+00 0.000000000000000000e+00 0.000000000000000000e+00 0.000000000000000000e+00 0.000000000000000000e+00 0.000000000000000000e+00 0.000000000000000000e+00 0.000000000000000000e+00 0.000000000000000000e+00 0.000000000000000000e+00 0.000000000000000000e+00 0.000000000000000000e+00 0.000000000000000000e+00 0.000000000000000000e+00 0.000000000000000000e+00 0.000000000000000000e+00 0.000000000000000000e+00 0.000000000000000000e+00 0.000000000000000000e+00 0.000000000000000000e+00 0.000000000000000000e+00 0.000000000000000000e+00 0.000000000000000000e+00 1.000000000000000000e+00 6.951600478511806847e-01 4.956889281192034535e-01 3.418957594646203080e-01 2.464845958593566422e-01 1.673175670295972417e-01 1.170468318597582269e-01 7.905991297270424656e-02 5.769289185736813791e-02 3.036468489682816324e-02 2.417754676572617112e-02 1.627600950582390113e-02 5.144981945517140137e-03 5.381124885462783974e-04 -5.157651122708759896e-03 -5.381972496028645733e-03 -2.610765173712393562e-03 -7.019446486328863831e-03 -7.920486042472129132e-03 -6.724303133538239545e-03 -7.251281118850192754e-03 -1.020772987052312973e-02 -1.091404305528927664e-02 1.172402826832244505e-03 -3.823232672000934909e-04 3.626949655754579515e-03 7.821659697153390475e-03 8.081161298147518726e-03 4.318333987055070211e-03 7.903759631067656249e-03 6.713921725373815999e-03 -5.020210085897535389e-03 1.269821425083415703e-03 5.020054559931350774e-03 -1.189866338505411129e-03 1.854538783280874382e-03 -6.721204932327316036e-05 7.681640475958500039e-03 -4.162352278225330167e-03 -2.692604806281082615e-03 2.399380261809948506e-04 1.285484127977618019e-03 -1.904377943700636799e-03 -9.822816163468021944e-03 -7.656190967069104701e-03 -8.136511389824479037e-03
0.000000000000000000e+00 0.000000000000000000e+00 0.000000000000000000e+00 0.000000000000000000e+00 0.000000000000000000e+00 0.000000000000000000e+00 0.000000000000000000e+00 0.000000000000000000e+00 0.000000000000000000e+00 0.000000000000000000e+00 0.000000000000000000e+00 0.000000000000000000e+00 0.000000000000000000e+00 0.000000000000000000e+00 0.000000000000000000e+00 0.000000000000000000e+00 0.000000000000000000e+00 0.000000000000000000e+00 0.000000000000000000e+00 0.000000000000000000e+00 0.000000000000000000e+00 0.000000000000000000e+00 0.000000000000000000e+00 0.000000000000000000e+00 0.000000000000000000e+00 0.000000000000000000e+00 0.000000000000000000e+00 0.000000000000000000e+00 0.000000000000000000e+00 0.000000000000000000e+00 0.000000000000000000e+00 0.000000000000000000e+00 0.000000000000000000e+00 0.000000000000000000e+00 0.000000000000000000e+00 0.000000000000000000e+00 0.000000000000000000e+00 0.000000000000000000e+00 0.000000000000000000e+00 0.000000000000000000e+00 0.000000000000000000e+00 0.000000000000000000e+00 0.000000000000000000e+00 0.000000000000000000e+00 0.000000000000000000e+00 0.000000000000000000e+00 0.000000000000000000e+00 0.000000000000000000e+00 0.000000000000000000e+00 0.000000000000000000e+00 0.000000000000000000e+00 0.000000000000000000e+00 0.000000000000000000e+00 0.000000000000000000e+00 1.000000000000000000e+00 6.960026344859741032e-01 4.858835932614239406e-01 3.479930558686310516e-01 2.354668432495011510e-01 1.608660339528748540e-01 1.147508846231832108e-01 7.739782371381496995e-02 4.732871698552859607e-02 3.337678232780352805e-02 2.780036063256164855e-02 1.776435310906294279e-02 8.470897206774137544e-03 3.024539843542587911e-03 3.205546999678306804e-03 4.745745890621446382e-03 1.166166507754242678e-03 6.823075315427678611e-04 -5.680303484895076610e-03 -8.590047644014881315e-03 -1.428333070222008970e-02 -1.261196209213089232e-02 7.503108157564824555e-03 3.575877982868552914e-03 5.262658748695220323e-03 8.969503514120898829e-03 1.438364113124009774e-02 8.342866967143878001e-03 1.161265515340231293e-02 4.203110689691640089e-03 9.201436110160563300e-04 5.974013403610796066e-03 8.998341977165758010e-03 -1.086575284564696674e-03 -2.554802580802383732e-04 -5.721242572832338068e-04 2.018910369334945935e-03 -6.354472962843737797e-03 -6.161061772546399910e-03 -7.023647688715587865e-04 -4.965199685311949768e-04 -6.033094351531604303e-03 -6.999134753541170172e-03 -3.792681670584031450e-03 -5.340217168597110632e-03
0.000000000000000000e+00 0.000000000000000000e+00 0.000000000000000000e+00 0.000000000000000000e+00 0.000000000000000000e+00 0.000000000000000000e+00 0.000000000000000000e+00 0.000000000000000000e+00 0.000000000000000000e+00 0.000000000000000000e+00 0.000000000000000000e+00 0.000000000000000000e+00 0.000000000000000000e+00 0.000000000000000000e+00 0.000000000000000000e+00 0.000000000000000000e+00 0.000000000000000000e+00 0.000000000000000000e+00 0.000000000000000000e+00 0.000000000000000000e+00 0.000000000000000000e+00 0.000000000000000000e+00 0.000000000000000000e+00 0.000000000000000000e+00 0.000000000000000000e+00 0.000000000000000000e+00 0.000000000000000000e+00 0.000000000000000000e+00 0.000000000000000000e+00 0.000000000000000000e+00 0.000000000000000000e+00 0.000000000000000000e+00 0.000000000000000000e+00 0.000000000000000000e+00 0.000000000000000000e+00 0.000000000000000000e+00 0.000000000000000000e+00 0.000000000000000000e+00 0.000000000000000000e+00 0.000000000000000000e+00 0.000000000000000000e+00 0.000000000000000000e+00 0.000000000000000000e+00 0.000000000000000000e+00 0.000000000000000000e+00 0.000000000000000000e+00 0.000000000000000000e+00 0.000000000000000000e+00 0.000000000000000000e+00 0.000000000000000000e+00 0.000000000000000000e+00 0.000000000000000000e+00 0.000000000000000000e+00 0.000000000000000000e+00 0.000000000000000000e+00 1.000000000000000000e+00 6.940230219536251965e-01 4.911352237694345813e-01 3.492440201885029794e-01 2.464477170579630061e-01 1.809130860904250571e-01 1.226784825269351259e-01 7.526070585030451843e-02 5.685682734829741042e-02 4.130295321320354152e-02 3.014488425967166638e-02 1.929916344020106769e-02 1.082163515344647907e-02 7.765197978145568607e-03 8.511554553009613097e-03 -1.353003071741969111e-03 -1.841531412533329746e-03 -5.082435485680936171e-03 -1.097379391954388626e-02 -1.398058092172428830e-02 -1.663610275214939468e-02 1.141205688557853700e-03 -2.696313068031007816e-05 1.763205941172301013e-03 1.088266414384278687e-02 1.444361270000017218e-02 8.379318749281031500e-03 5.900460696981022976e-03 5.821208996332530826e-03 1.485143780940371527e-04 8.591926256128180894e-03 6.243882474178080559e-03 -1.185235560946505586e-03 -4.333414636431313308e-04 2.356809646144192479e-03 4.741716649918341353e-03 -4.416761025545635328e-04 -1.199099189148897574e-04 4.088646621379749338e-03 9.233199245912631498e-03 3.172249128726672800e-04 -3.499274634945830423e-03 -7.806967458472646726e-03 -3.960573060081149475e-03
0.000000000000000000e+00 0.000000000000000000e+00 0.000000000000000000e+00 0.000000000000000000e+00 0.000000000000000000e+00 0.000000000000000000e+00 0.000000000000000000e+00 0.000000000000000000e+00 0.000000000000000000e+00 0.000000000000000000e+00 0.000000000000000000e+00 0.000000000000000000e+00 0.000000000000000000e+00 0.000000000000000000e+00 0.000000000000000000e+00 0.000000000000000000e+00 0.000000000000000000e+00 0.000000000000000000e+00 0.000000000000000000e+00 0.000000000000000000e+00 0.000000000000000000e+00 0.000000000000000000e+00 0.000000000000000000e+00 0.000000000000000000e+00 0.000000000000000000e+00 0.000000000000000000e+00 0.000000000000000000e+00 0.000000000000000000e+00 0.000000000000000000e+00 0.000000000000000000e+00 0.000000000000000000e+00 0.000000000000000000e+00 0.000000000000000000e+00 0.000000000000000000e+00 0.000000000000000000e+00 0.000000000000000000e+00 0.000000000000000000e+00 0.000000000000000000e+00 0.000000000000000000e+00 0.000000000000000000e+00 0.000000000000000000e+00 0.000000000000000000e+00 0.000000000000000000e+00 0.000000000000000000e+00 0.000000000000000000e+00 0.000000000000000000e+00 0.000000000000000000e+00 0.000000000000000000e+00 0.000000000000000000e+00 0.000000000000000000e+00 0.000000000000000000e+00 0.000000000000000000e+00 0.000000000000000000e+00 0.000000000000000000e+00 0.000000000000000000e+00 0.000000000000000000e+00 1.000000000000000000e+00 6.996610371515135096e-01 4.986315903828987262e-01 3.595497662061666322e-01 2.563334049017064742e-01 1.834748443163166931e-01 1.207490461538100468e-01 9.001160315836868875e-02 6.906768765902412954e-02 5.071661702230857022e-02 3.457293791890223011e-02 2.025569754494791277e-02 1.531343538403536104e-02 1.420655320787377919e-02 5.556060325038587877e-03 6.323460161931886668e-03 7.418155349310953488e-03 -1.247609001189821680e-03 -4.263646586506165091e-03 -9.836949916144335088e-03 -1.366890444800753683e-03 -2.317184853788372377e-03 -1.984068006185133858e-03 4.288170651884217616e-03 8.026121482261757215e-03 4.301438730112607835e-03 -1.638058814749905525e-03 5.281666109414708161e-03 5.903426435443449773e-04 6.964461706179822867e-03 5.491047585575547889e-03 6.151273047725221849e-03 3.879386001138249510e-03 4.035725037788336252e-03 6.915202126093243987e-03 4.443101408153357981e-03 3.488876922176753926e-03 5.939911786585389680e-03 1.016666493086848186e-02 6.869277761982293257e-04 -2.418917613542741814e-03 1.569088611515072904e-03 5.922261276930474057e-03
0.000000000000000000e+00 0.000000000000000000e+00 0.000000000000000000e+00 0.000000000000000000e+00 0.000000000000000000e+00 0.000000000000000000e+00 0.000000000000000000e+00 0.000000000000000000e+00 0.000000000000000000e+00 0.000000000000000000e+00 0.000000000000000000e+00 0.000000000000000000e+00 0.000000000000000000e+00 0.000000000000000000e+00 0.000000000000000000e+00 0.000000000000000000e+00 0.000000000000000000e+00 0.000000000000000000e+00 0.000000000000000000e+00 0.000000000000000000e+00 0.000000000000000000e+00 0.000000000000000000e+00 0.000000000000000000e+00 0.000000000000000000e+00 0.000000000000000000e+00 0.000000000000000000e+00 0.000000000000000000e+00 0.000000000000000000e+00 0.000000000000000000e+00 0.000000000000000000e+00 0.000000000000000000e+00 0.000000000000000000e+00 0.000000000000000000e+00 0.000000000000000000e+00 0.000000000000000000e+00 0.000000000000000000e+00 0.000000000000000000e+00 0.000000000000000000e+00 0.000000000000000000e+00 0.000000000000000000e+00 0.000000000000000000e+00 0.000000000000000000e+00 0.000000000000000000e+00 0.000000000000000000e+00 0.000000000000000000e+00 0.000000000000000000e+00 0.000000000000000000e+00 0.000000000000000000e+00 0.000000000000000000e+00 0.000000000000000000e+00 0.000000000000000000e+00 0.000000000000000000e+00 0.000000000000000000e+00 0.000000000000000000e+00 0.000000000000000000e+00 0.000000000000000000e+00 0.000000000000000000e+00 1.000000000000000000e+00 7.021009169497545166e-01 5.051985298212879893e-01 3.615565495096579318e-01 2.650035601601434254e-01 1.861538199737373944e-01 1.384861285905841510e-01 1.032068377770696543e-01 8.005999519295207978e-02 5.504209809266846776e-02 3.542184788739551060e-02 2.363980310620706488e-02 2.271865769750124747e-02 1.177979736784583523e-02 1.122583818923689192e-02 4.031611243390295814e-03 1.171709900498166214e-03 5.583931659902897828e-04 -1.052338478411159964e-03 6.827125383073162461e-03 3.181590188649789132e-03 -2.249146011996629429e-03 -3.219484129762933793e-03 2.152179642350049178e-03 3.334799663913986557e-03 -9.117016911424906389e-03 2.221545747846249454e-03 -3.004914052166818197e-03 3.056295559700647479e-03 -6.423936002506303424e-04 -7.060721122494292325e-04 -5.166536131008105191e-04 6.163610252030412955e-03 8.054720979608555320e-03 3.683451623879357810e-03 6.574186579800789069e-03 6.090664944854363994e-03 8.654448462686476287e-03 5.013971560150279339e-03 -1.097580844701138373e-03 5.259662749709780385e-03 2.387905269083152957e-03
0.000000000000000000e+00 0.000000000000000000e+00 0.000000000000000000e+00 0.000000000000000000e+00 0.000000000000000000e+00 0.000000000000000000e+00 0.000000000000000000e+00 0.000000000000000000e+00 0.000000000000000000e+00 0.000000000000000000e+00 0.000000000000000000e+00 0.000000000000000000e+00 0.000000000000000000e+00 0.000000000000000000e+00 0.000000000000000000e+00 0.000000000000000000e+00 0.000000000000000000e+00 0.000000000000000000e+00 0.000000000000000000e+00 0.000000000000000000e+00 0.000000000000000000e+00 0.000000000000000000e+00 0.000000000000000000e+00 0.000000000000000000e+00 0.000000000000000000e+00 0.000000000000000000e+00 0.000000000000000000e+00 0.000000000000000000e+00 0.000000000000000000e+00 0.000000000000000000e+00 0.000000000000000000e+00 0.000000000000000000e+00 0.000000000000000000e+00 0.000000000000000000e+00 0.000000000000000000e+00 0.000000000000000000e+00 0.000000000000000000e+00 0.000000000000000000e+00 0.000000000000000000e+00 0.000000000000000000e+00 0.000000000000000000e+00 0.000000000000000000e+00 0.000000000000000000e+00 0.000000000000000000e+00 0.000000000000000000e+00 0.000000000000000000e+00 0.000000000000000000e+00 0.000000000000000000e+00 0.000000000000000000e+00 0.000000000000000000e+00 0.000000000000000000e+00 0.000000000000000000e+00 0.000000000000000000e+00 0.000000000000000000e+00 0.000000000000000000e+00 0.000000000000000000e+00 0.000000000000000000e+00 0.000000000000000000e+00 1.000000000000000000e+00 7.006012443843612214e-01 4.987656526190512030e-01 3.558038934288743071e-01 2.530170284426752625e-01 1.855144842563058727e-01 1.352349081934356712e-01 9.780947091334588062e-02 6.794874071707705798e-02 4.331488998667334250e-02 2.476789650876009760e-02 2.318272756078198354e-02 1.019657273245206872e-02 1.198102814994534554e-02 4.402704444665860029e-03 -3.887471050957594463e-03 -3.385900245668064298e-03 -5.773873661974303177e-03 1.058656619319482250e-03 -6.647923831356161890e-03 -2.588290103986637045e-03 -2.997826031202938980e-03 -1.041521550088594580e-03 -1.113101143874381397e-03 -8.367260183618389219e-03 -2.020664640863374661e-03 -5.407166201414644220e-03 -1.364759288025257998e-04 -1.273615140904937318e-03 -2.381980744710391132e-03 -4.780265184264288411e-03 4.895420919762557069e-03 4.874434770604740147e-03 3.267206960921078531e-04 -1.077629421590368117e-04 -2.282325633633600862e-03 -6.810400396378020992e-03 -2.881186974786370102e-03 -1.973477437549681828e-04 8.674794830649963304e-03 5.218805613296504699e-03
0.000000000000000000e+00 0.000000000000000000e+00 0.000000000000000000e+00 0.000000000000000000e+00 0.000000000000000000e+00 0.000000000000000000e+00 0.000000000000000000e+00 0.000000000000000000e+00 0.000000000000000000e+00 0.000000000000000000e+00 0.000000000000000000e+00 0.000000000000000000e+00 0.000000000000000000e+00 0.000000000000000000e+00 0.000000000000000000e+00 0.000000000000000000e+00 0.000000000000000000e+00 0.000000000000000000e+00 0.000000000000000000e+00 0.000000000000000000e+00 0.000000000000000000e+00 0.000000000000000000e+00 0.000000000000000000e+00 0.000000000000000000e+00 0.000000000000000000e+00 0.000000000000000000e+00 0.000000000000000000e+00 0.000000000000000000e+00 0.000000000000000000e+00 0.000000000000000000e+00 0.000000000000000000e+00 0.000000000000000000e+00 0.000000000000000000e+00 0.000000000000000000e+00 0.000000000000000000e+00 0.000000000000000000e+00 0.000000000000000000e+00 0.000000000000000000e+00 0.000000000000000000e+00 0.000000000000000000e+00 0.000000000000000000e+00 0.000000000000000000e+00 0.000000000000000000e+00 0.000000000000000000e+00 0.000000000000000000e+00 0.000000000000000000e+00 0.000000000000000000e+00 0.000000000000000000e+00 0.000000000000000000e+00 0.000000000000000000e+00 0.000000000000000000e+00 0.000000000000000000e+00 0.000000000000000000e+00 0.000000000000000000e+00 0.000000000000000000e+00 0.000000000000000000e+00 0.000000000000000000e+00 0.000000000000000000e+00 0.000000000000000000e+00 1.000000000000000000e+00 6.973412059374282101e-01 4.992385734465996650e-01 3.558614825477264820e-01 2.550692814669927588e-01 1.835334351170508638e-01 1.326888544708995643e-01 9.403267023432293481e-02 6.813469062161828238e-02 4.375148553289735093e-02 3.938421969327466493e-02 2.465523939038090362e-02 1.367737514983530418e-02 6.263759958077359455e-03 1.907192714671074535e-03 -2.789339436522161354e-03 -3.631676090591443116e-03 7.759294578383963033e-03 1.443152689673602579e-03 -8.013052660857466298e-04 -7.108427807493686128e-03 -5.538121792341352267e-03 -1.013707846675012889e-02 -1.247301103583293470e-02 -1.078821524887420454e-02 -1.004690198406588825e-02 1.011456643899061010e-03 5.974358024226135997e-04 1.434055004855990228e-03 1.371692400361185921e-03 5.828708434506194198e-03 2.678975129541664828e-03 4.068224475006211940e-03 3.394942928153136998e-03 -1.920734028250569315e-03 -7.690395368059333055e-03 -2.649866663548791287e-03 -4.062356624079840363e-03 3.855896419734719787e-03 -3.914407853921348518e-04
0.000000000000000000e+00 0.000000000000000000e+00 0.000000000000000000e+00 0.000000000000000000e+00 0.000000000000000000e+00 0.000000000000000000e+00 0.000000000000000000e+00 0.000000000000000000e+00 0.000000000000000000e+00 0.000000000000000000e+00 0.000000000000000000e+00 0.000000000000000000e+00 0.000000000000000000e+00 0.000000000000000000e+00 0.000000000000000000e+00 0.000000000000000000e+00 0.000000000000000000e+00 0.000000000000000000e+00 0.000000000000000000e+00 0.000000000000000000e+00 0.000000000000000000e+00 0.000000000000000000e+00 0.000000000000000000e+00 0.000000000000000000e+00 0.000000000000000000e+00 0.000000000000000000e+00 0.000000000000000000e+00 0.000000000000000000e+00 0.000000000000000000e+00 0.000000000000000000e+00 0.000000000000000000e+00 0.000000000000000000e+00 0.000000000000000000e+00 0.000000000000000000e+00 0.000000000000000000e+00 0.000000000000000000e+00 0.000000000000000000e+00 0.000000000000000000e+00 0.000000000000000000e+00 0.000000000000000000e+00 0.000000000000000000e+00 0.000000000000000000e+00 0.000000000000000000e+00 0.000000000000000000e+00 0.000000000000000000e+00 0.000000000000000000e+00 0.000000000000000000e+00 0.000000000000000000e+00 0.000000000000000000e+00 0.000000000000000000e+00 0.000000000000000000e+00 0.000000000000000000e+00 0.000000000000000000e+00 0.000000000000000000e+00 0.000000000000000000e+00 0.000000000000000000e+00 0.000000000000000000e+00 0.000000000000000000e+00 0.000000000000000000e+00 0.000000000000000000e+00 1.000000000000000000e+00 7.009342030380948385e-01 4.959858428979617151e-01 3.562725974371337978e-01 2.536357609039155969e-01 1.864069748630855228e-01 1.328774958730063460e-01 9.185867305393786986e-02 5.567912377668082086e-02 4.570227488575562963e-02 2.526315650891976586e-02 1.811760443951409075e-02 1.196845973654245103e-02 8.303614606194019421e-03 -4.433433128054532660e-04 -4.547092464704825809e-03 7.527716594747201409e-03 -3.958338995202839022e-03 -4.718479510759648367e-03 -1.017817687920399838e-02 -6.832708946931291896e-03 -1.058630731457846016e-02 -8.763412999182089436e-03 4.879488576936766991e-04 -5.081548301376739504e-03 4.747542976196093790e-04 2.311088497569406455e-03 -6.240788097167930971e-04 -1.353325134773324719e-03 -6.750286064754323087e-04 5.097312497885881505e-03 1.174071541326493452e-03 -3.223613655310158740e-03 -9.336250379229978080e-03 -1.117803937962438647e-02 -8.075778761353076540e-03 -5.612611532290250060e-03 -4.591896792643033499e-03 -3.009496561646222111e-03
0.000000000000000000e+00 0.000000000000000000e+00 0.000000000000000000e+00 0.000000000000000000e+00 0.000000000000000000e+00 0.000000000000000000e+00 0.000000000000000000e+00 0.000000000000000000e+00 0.000000000000000000e+00 0.000000000000000000e+00 0.000000000000000000e+00 0.000000000000000000e+00 0.000000000000000000e+00 0.000000000000000000e+00 0.000000000000000000e+00 0.000000000000000000e+00 0.000000000000000000e+00 0.000000000000000000e+00 0.000000000000000000e+00 0.000000000000000000e+00 0.000000000000000000e+00 0.000000000000000000e+00 0.000000000000000000e+00 0.000000000000000000e+00 0.000000000000000000e+00 0.000000000000000000e+00 0.000000000000000000e+00 0.000000000000000000e+00 0.000000000000000000e+00 0.000000000000000000e+00 0.000000000000000000e+00 0.000000000000000000e+00 0.000000000000000000e+00 0.000000000000000000e+00 0.000000000000000000e+00 0.000000000000000000e+00 0.000000000000000000e+00 0.000000000000000000e+00 0.000000000000000000e+00 0.000000000000000000e+00 0.000000000000000000e+00 0.000000000000000000e+00 0.000000000000000000e+00 0.000000000000000000e+00 0.000000000000000000e+00 0.000000000000000000e+00 0.000000000000000000e+00 0.000000000000000000e+00 0.000000000000000000e+00 0.000000000000000000e+00 0.000000000000000000e+00 0.000000000000000000e+00 0.000000000000000000e+00 0.000000000000000000e+00 0.000000000000000000e+00 0.000000000000000000e+00 0.000000000000000000e+00 0.000000000000000000e+00 0.000000000000000000e+00 0.000000000000000000e+00 0.000000000000000000e+00 1.000000000000000000e+00 6.937431433964659222e-01 4.946522499364230385e-01 3.530314820184391467e-01 2.565961164817101570e-01 1.897308643294127184e-01 1.355958768747096144e-01 8.865819847032903323e-02 6.738519808896045737e-02 3.664609933784156864e-02 2.602584781265163474e-02 1.459483772007095191e-02 1.052003156654235556e-02 2.158192533456935059e-03 -5.351148355105650629e-03 1.203651011274059403e-03 -6.243654404101274535e-03 -4.019579470181496722e-03 -7.412229976788487981e-03 -7.800804812628605624e-03 -1.109107936165503426e-02 -2.950846746682941630e-03 1.750593739569598429e-03 -5.095457145864172588e-03 -2.306669714712718169e-03 -2.032640812446721065e-03 -1.434967626986877881e-03 4.665864939456334376e-03 1.202917161230456639e-02 8.778037173321647652e-03 2.122521246677276738e-03 -4.206836998731858755e-03 -4.496303450287590306e-03 -4.262771655908431136e-03 -4.618640405591979518e-03 -7.022763287644046394e-04 3.374890070605017240e-03 6.952733531659080479e-03
0.000000000000000000e+00 0.000000000000000000e+00 0.000000000000000000e+00 0.000000000000000000e+00 0.000000000000000000e+00 0.000000000000000000e+00 0.000000000000000000e+00 0.000000000000000000e+00 0.000000000000000000e+00 0.000000000000000000e+00 0.000000000000000000e+00 0.000000000000000000e+00 0.000000000000000000e+00 0.000000000000000000e+00 0.000000000000000000e+00 0.000000000000000000e+00 0.000000000000000000e+00 0.000000000000000000e+00 0.000000000000000000e+00 0.000000000000000000e+00 0.000000000000000000e+00 0.000000000000000000e+00 0.000000000000000000e+00 0.000000000000000000e+00 0.000000000000000000e+00 0.000000000000000000e+00 0.000000000000000000e+00 0.000000000000000000e+00 0.000000000000000000e+00 0.000000000000000000e+00 0.000000000000000000e+00 0.000000000000000000e+00 0.000000000000000000e+00 0.000000000000000000e+00 0.000000000000000000e+00 0.000000000000000000e+00 0.000000000000000000e+00 0.000000000000000000e+00 0.000000000000000000e+00 0.000000000000000000e+00 0.000000000000000000e+00 0.000000000000000000e+00 0.000000000000000000e+00 0.000000000000000000e+00 0.000000000000000000e+00 0.000000000000000000e+00 0.000000000000000000e+00 0.000000000000000000e+00 0.000000000000000000e+00 0.000000000000000000e+00 0.000000000000000000e+00 0.000000000000000000e+00 0.000000000000000000e+00 0.000000000000000000e+00 0.000000000000000000e+00 0.000000000000000000e+00 0.000000000000000000e+00 0.000000000000000000e+00 0.000000000000000000e+00 0.000000000000000000e+00 0.000000000000000000e+00 0.000000000000000000e+00 1.000000000000000000e+00 6.941018173852934181e-01 4.981531447248922495e-01 3.600825889336302099e-01 2.620670623519167353e-01 1.858123303454928266e-01 1.305281291467107752e-01 9.134801951448781598e-02 6.198458580971226428e-02 3.761245293589125099e-02 2.740003980388111549e-02 2.244542360856939880e-02 1.758276039057452347e-02 7.012614982798807094e-03 4.335864395202275456e-03 -1.155068205525567682e-03 1.810609528639819553e-03 -7.410266130510739790e-03 -2.176416058289531216e-03 -6.160616262261711315e-03 -6.096216860749395158e-03 -1.173222718819346951e-03 -3.963537623124077126e-03 6.578353208989852659e-03 -4.051598182342882118e-03 -3.127874604000387138e-03 -4.243567820824631636e-04 2.476712136105925196e-04 -3.857107236394455470e-03 2.823047752197467043e-03 -1.492343338047379077e-03 -2.758334141227711690e-03 -1.310347583235314979e-03 -3.117654043873170698e-04 2.171031274219948747e-03 4.906327221088717903e-03 1.047447963177113722e-02
0.000000000000000000e+00 0.000000000000000000e+00 0.000000000000000000e+00 0.000000000000000000e+00 0.000000000000000000e+00 0.000000000000000000e+00 0.000000000000000000e+00 0.000000000000000000e+00 0.000000000000000000e+00 0.000000000000000000e+00 0.000000000000000000e+00 0.000000000000000000e+00 0.000000000000000000e+00 0.000000000000000000e+00 0.000000000000000000e+00 0.000000000000000000e+00 0.000000000000000000e+00 0.000000000000000000e+00 0.000000000000000000e+00 0.000000000000000000e+00 0.000000000000000000e+00 0.000000000000000000e+00 0.000000000000000000e+00 0.000000000000000000e+00 0.000000000000000000e+00 0.000000000000000000e+00 0.000000000000000000e+00 0.000000000000000000e+00 0.000000000000000000e+00 0.000000000000000000e+00 0.000000000000000000e+00 0.000000000000000000e+00 0.000000000000000000e+00 0.000000000000000000e+00 0.000000000000000000e+00 0.000000000000000000e+00 0.000000000000000000e+00 0.000000000000000000e+00 0.000000000000000000e+00 0.000000000000000000e+00 0.000000000000000000e+00 0.000000000000000000e+00 0.000000000000000000e+00 0.000000000000000000e+00 0.000000000000000000e+00 0.000000000000000000e+00 0.000000000000000000e+00 0.000000000000000000e+00 0.000000000000000000e+00 0.000000000000000000e+00 0.000000000000000000e+00 0.000000000000000000e+00 0.000000000000000000e+00 0.000000000000000000e+00 0.000000000000000000e+00 0.000000000000000000e+00 0.000000000000000000e+00 0.000000000000000000e+00 0.000000000000000000e+00 0.000000000000000000e+00 0.000000000000000000e+00 0.000000000000000000e+00 0.000000000000000000e+00 1.000000000000000000e+00 7.011320311403628214e-01 5.036936613535354379e-01 3.694589401353445268e-01 2.700278020034410087e-01 1.923823281571536425e-01 1.396275499093969641e-01 9.423598042432566879e-02 6.636779982577432901e-02 4.517755401260756254e-02 3.694674166802389137e-02 2.171692901701949632e-02 6.456814826229078166e-03 1.107160471415698233e-02 2.806440886309680052e-03 6.256759086240697718e-04 -1.459233508397206509e-02 -1.715633658385961810e-02 -7.127225380128447869e-03 -3.008201104718632047e-03 -2.656712365907953118e-03 -1.868797602445442223e-03 7.690883444628848417e-03 -4.940729262219082860e-03 -5.304763632120348786e-03 -5.068870097288257805e-03 -5.999884464538150601e-03 -2.214176938095259450e-03 6.685354563758758549e-03 2.173554207663302203e-03 -3.568780682900402155e-03 1.404066076307504190e-03 -3.330840470714978990e-03 8.822189516137691643e-04 7.904788810753223503e-05 7.239685224218398232e-03
0.000000000000000000e+00 0.000000000000000000e+00 0.000000000000000000e+00 0.000000000000000000e+00 0.000000000000000000e+00 0.000000000000000000e+00 0.000000000000000000e+00 0.000000000000000000e+00 0.000000000000000000e+00 0.000000000000000000e+00 0.000000000000000000e+00 0.000000000000000000e+00 0.000000000000000000e+00 0.000000000000000000e+00 0.000000000000000000e+00 0.000000000000000000e+00 0.000000000000000000e+00 0.000000000000000000e+00 0.000000000000000000e+00 0.000000000000000000e+00 0.000000000000000000e+00 0.000000000000000000e+00 0.000000000000000000e+00 0.000000000000000000e+00 0.000000000000000000e+00 0.000000000000000000e+00 0.000000000000000000e+00 0.000000000000000000e+00 0.000000000000000000e+00 0.000000000000000000e+00 0.000000000000000000e+00 0.000000000000000000e+00 0.000000000000000000e+00 0.000000000000000000e+00 0.000000000000000000e+00 0.000000000000000000e+00 0.000000000000000000e+00 0.000000000000000000e+00 0.000000000000000000e+00 0.000000000000000000e+00 0.000000000000000000e+00 0.000000000000000000e+00 0.000000000000000000e+00 0.000000000000000000e+00 0.000000000000000000e+00 0.000000000000000000e+00 0.000000000000000000e+00 0.000000000000000000e+00 0.000000000000000000e+00 0.000000000000000000e+00 0.000000000000000000e+00 0.000000000000000000e+00 0.000000000000000000e+00 0.000000000000000000e+00 0.000000000000000000e+00 0.000000000000000000e+00 0.000000000000000000e+00 0.000000000000000000e+00 0.000000000000000000e+00 0.000000000000000000e+00 0.000000000000000000e+00 0.000000000000000000e+00 0.000000000000000000e+00 0.000000000000000000e+00 1.000000000000000000e+00 7.016998249479090566e-01 5.064176030267316664e-01 3.607716958542033225e-01 2.480920798740885169e-01 1.859501698636054912e-01 1.284819896390430316e-01 9.015815741101203262e-02 6.041325762880017658e-02 4.611903938564910349e-02 3.120977875678859759e-02 1.678837937973119698e-02 1.355461866978885724e-02 6.767627065939328668e-03 1.631271765064104789e-04 -8.974963901209255523e-03 -7.961971259871412562e-03 -5.113558926375581098e-03 1.448503806601650562e-03 6.289874234910242286e-03 -1.446913044384208306e-03 1.078517628634184308e-02 -1.885976397630569025e-03 -2.817443611174150122e-03 -1.512392591415942251e-03 -6.059217485045525001e-03 -5.944237829469283842e-03 4.976229677035770745e-04 -1.788879789880919950e-03 -5.893486175790038639e-03 -9.086654040098672428e-04 -5.648308861262618837e-03 -1.010334068266248659e-03 -8.984406721456671650e-04 6.972856886625248413e-03
0.000000000000000000e+00 0.000000000000000000e+00 0.000000000000000000e+00 0.000000000000000000e+00 0.000000000000000000e+00 0.000000000000000000e+00 0.000000000000000000e+00 0.000000000000000000e+00 0.000000000000000000e+00 0.000000000000000000e+00 0.000000000000000000e+00 0.000000000000000000e+00 0.000000000000000000e+00 0.000000000000000000e+00 0.000000000000000000e+00 0.000000000000000000e+00 0.000000000000000000e+00 0.000000000000000000e+00 0.000000000000000000e+00 0.000000000000000000e+00 0.000000000000000000e+00 0.000000000000000000e+00 0.000000000000000000e+00 0.000000000000000000e+00 0.000000000000000000e+00 0.000000000000000000e+00 0.000000000000000000e+00 0.000000000000000000e+00 0.000000000000000000e+00 0.000000000000000000e+00 0.000000000000000000e+00 0.000000000000000000e+00 0.000000000000000000e+00 0.000000000000000000e+00 0.000000000000000000e+00 0.000000000000000000e+00 0.000000000000000000e+00 0.000000000000000000e+00 0.000000000000000000e+00 0.000000000000000000e+00 0.000000000000000000e+00 0.000000000000000000e+00 0.000000000000000000e+00 0.000000000000000000e+00 0.000000000000000000e+00 0.000000000000000000e+00 0.000000000000000000e+00 0.000000000000000000e+00 0.000000000000000000e+00 0.000000000000000000e+00 0.000000000000000000e+00 0.000000000000000000e+00 0.000000000000000000e+00 0.000000000000000000e+00 0.000000000000000000e+00 0.000000000000000000e+00 0.000000000000000000e+00 0.000000000000000000e+00 0.000000000000000000e+00 0.000000000000000000e+00 0.000000000000000000e+00 0.000000000000000000e+00 0.000000000000000000e+00 0.000000000000000000e+00 0.000000000000000000e+00 1.000000000000000000e+00 7.039075730829675859e-01 4.965389127360675947e-01 3.520748459784206474e-01 2.537363271498122019e-01 1.804364790279177899e-01 1.293492774173645721e-01 8.638361623831811165e-02 6.291640926256143740e-02 4.221609128138229666e-02 2.808606721602441292e-02 1.958890270660154295e-02 1.077535284873396525e-02 5.879974230862252760e-04 -8.484773485932798481e-03 -1.239128411327251877e-02 -1.093796058929089217e-02 -4.093709230097827140e-03 1.136902336845763833e-02 6.824969074761904307e-04 1.297717859354031132e-02 2.341732733916437621e-03 -3.116238172873929489e-03 -3.466160212238353876e-03 -1.864658621460334523e-03 -5.363903733173580601e-03 3.303282977435445782e-03 -6.385409547124519395e-04 -8.006225126003144177e-03 2.029367694301810238e-04 1.895508980358966708e-03 2.660320286093647993e-04 -6.434309810860685706e-04 3.791018831651427577e-03
0.000000000000000000e+00 0.000000000000000000e+00 0.000000000000000000e+00 0.000000000000000000e+00 0.000000000000000000e+00 0.000000000000000000e+00 0.000000000000000000e+00 0.000000000000000000e+00 0.000000000000000000e+00 0.000000000000000000e+00 0.000000000000000000e+00 0.000000000000000000e+00 0.000000000000000000e+00 0.000000000000000000e+00 0.000000000000000000e+00 0.000000000000000000e+00 0.000000000000000000e+00 0.000000000000000000e+00 0.000000000000000000e+00 0.000000000000000000e+00 0.000000000000000000e+00 0.000000000000000000e+00 0.000000000000000000e+00 0.000000000000000000e+00 0.000000000000000000e+00 0.000000000000000000e+00 0.000000000000000000e+00 0.000000000000000000e+00 0.000000000000000000e+00 0.000000000000000000e+00 0.000000000000000000e+00 0.000000000000000000e+00 0.000000000000000000e+00 0.000000000000000000e+00 0.000000000000000000e+00 0.000000000000000000e+00 0.000000000000000000e+00 0.000000000000000000e+00 0.000000000000000000e+00 0.000000000000000000e+00 0.000000000000000000e+00 0.000000000000000000e+00 0.000000000000000000e+00 0.000000000000000000e+00 0.000000000000000000e+00 0.000000000000000000e+00 0.000000000000000000e+00 0.000000000000000000e+00 0.000000000000000000e+00 0.000000000000000000e+00 0.000000000000000000e+00 0.000000000000000000e+00 0.000000000000000000e+00 0.000000000000000000e+00 0.000000000000000000e+00 0.000000000000000000e+00 0.000000000000000000e+00 0.000000000000000000e+00 0.000000000000000000e+00 0.000000000000000000e+00 0.000000000000000000e+00 0.000000000000000000e+00 0.000000000000000000e+00 0.000000000000000000e+00 0.000000000000000000e+00 0.000000000000000000e+00 1.000000000000000000e+00 6.961557745976514333e-01 4.946452537057774435e-01 3.567479295707552400e-01 2.547854364792651038e-01 1.864332215979483398e-01 1.291967331726471824e-01 9.304882828556527985e-02 5.892225667358892000e-02 4.360676399034979500e-02 2.810703090271291296e-02 1.902996457348793760e-02 3.699908664264443814e-03 -2.344470403798863678e-03 -5.573396954488514694e-03 -1.186525658459213449e-02 -8.741536233304786352e-03 -1.056454760696332821e-03 -6.993155123285722807e-03 1.184545124410724820e-02 3.400464361252134287e-03 5.963213687308405913e-04 2.695498329900987769e-03 -2.713462819048623013e-03 -1.560110600096092362e-03 2.328668247215422496e-03 5.369440270179028085e-03 -3.396897901699049913e-03 4.470393394141179352e-03 2.918244033636669798e-03 4.942724684918163754e-03 -2.510587820513170750e-03 3.747017776763576693e-03
0.000000000000000000e+00 0.000000000000000000e+00 0.000000000000000000e+00 0.000000000000000000e+00 0.000000000000000000e+00 0.000000000000000000e+00 0.000000000000000000e+00 0.000000000000000000e+00 0.000000000000000000e+00 0.000000000000000000e+00 0.000000000000000000e+00 0.000000000000000000e+00 0.000000000000000000e+00 0.000000000000000000e+00 0.000000000000000000e+00 0.000000000000000000e+00 0.000000000000000000e+00 0.000000000000000000e+00 0.000000000000000000e+00 0.000000000000000000e+00 0.000000000000000000e+00 0.000000000000000000e+00 0.000000000000000000e+00 0.000000000000000000e+00 0.000000000000000000e+00 0.000000000000000000e+00 0.000000000000000000e+00 0.000000000000000000e+00 0.000000000000000000e+00 0.000000000000000000e+00 0.000000000000000000e+00 0.000000000000000000e+00 0.000000000000000000e+00 0.000000000000000000e+00 0.000000000000000000e+00 0.000000000000000000e+00 0.000000000000000000e+00 0.000000000000000000e+00 0.000000000000000000e+00 0.000000000000000000e+00 0.000000000000000000e+00 0.000000000000000000e+00 0.000000000000000000e+00 0.000000000000000000e+00 0.000000000000000000e+00 0.000000000000000000e+00 0.000000000000000000e+00 0.000000000000000000e+00 0.000000000000000000e+00 0.000000000000000000e+00 0.000000000000000000e+00 0.000000000000000000e+00 0.000000000000000000e+00 0.000000000000000000e+00 0.000000000000000000e+00 0.000000000000000000e+00 0.000000000000000000e+00 0.000000000000000000e+00 0.000000000000000000e+00 0.000000000000000000e+00 0.000000000000000000e+00 0.000000000000000000e+00 0.000000000000000000e+00 0.000000000000000000e+00 0.000000000000000000e+00 0.000000000000000000e+00 0.000000000000000000e+00 1.000000000000000000e+00 6.946272336016682258e-01 5.038828555790664243e-01 3.570509237463379004e-01 2.621629221618063665e-01 1.886623270980317679e-01 1.354238664036292172e-01 9.155832414876670378e-02 6.749429449206145737e-02 4.704466637096989950e-02 3.632246740205177793e-02 1.694694534169371644e-02 5.006043425538293790e-03 5.222741291172920339e-03 -3.650550747115221487e-03 -1.306543057391475107e-03 -3.606887737698610992e-03 -8.221090262653987443e-03 9.833817545644845184e-03 6.640246463264028523e-03 6.096943872496246759e-03 9.420478737109019146e-03 -9.942020182350818670e-04 2.326895833689936362e-03 6.657483643897870416e-03 5.748684566900092406e-03 -3.019835304698733052e-03 2.579019752549971227e-03 -1.662605333699229866e-03 2.703781023908645182e-03 1.199225219277043298e-03 6.265863582895779375e-03
0.000000000000000000e+00 0.000000000000000000e+00 0.000000000000000000e+00 0.000000000000000000e+00 0.000000000000000000e+00 0.000000000000000000e+00 0.000000000000000000e+00 0.000000000000000000e+00 0.000000000000000000e+00 0.000000000000000000e+00 0.000000000000000000e+00 0.000000000000000000e+00 0.000000000000000000e+00 0.000000000000000000e+00 0.000000000000000000e+00 0.000000000000000000e+00 0.000000000000000000e+00 0.000000000000000000e+00 0.000000000000000000e+00 0.000000000000000000e+00 0.000000000000000000e+00 0.000000000000000000e+00 0.000000000000000000e+00 0.000000000000000000e+00 0.000000000000000000e+00 0.000000000000000000e+00 0.000000000000000000e+00 0.000000000000000000e+00 0.000000000000000000e+00 0.000000000000000000e+00 0.000000000000000000e+00 0.000000000000000000e+00 0.000000000000000000e+00 0.000000000000000000e+00 0.000000000000000000e+00 0.000000000000000000e+00 0.000000000000000000e+00 0.000000000000000000e+00 0.000000000000000000e+00 0.000000000000000000e+00 0.000000000000000000e+00 0.000000000000000000e+00 0.000000000000000000e+00 0.000000000000000000e+00 0.000000000000000000e+00 0.000000000000000000e+00 0.000000000000000000e+00 0.000000000000000000e+00 0.000000000000000000e+00 0.000000000000000000e+00 0.000000000000000000e+00 0.000000000000000000e+00 0.000000000000000000e+00 0.000000000000000000e+00 0.000000000000000000e+00 0.000000000000000000e+00 0.000000000000000000e+00 0.000000000000000000e+00 0.000000000000000000e+00 0.000000000000000000e+00 0.000000000000000000e+00 0.000000000000000000e+00 0.000000000000000000e+00 0.000000000000000000e+00 0.000000000000000000e+00 0.000000000000000000e+00 0.000000000000000000e+00 0.000000000000000000e+00 1.000000000000000000e+00 7.015824594269062242e-01 5.047771870232975466e-01 3.695429151172724969e-01 2.644345910528025922e-01 1.875136872072413197e-01 1.323224138345797385e-01 9.750796990071113057e-02 7.015008252807519717e-02 4.648053784648905479e-02 2.592401376504238283e-02 1.392393018479989170e-02 1.649966907599558635e-02 1.262634818244713110e-02 1.067378606236419995e-02 9.454070073898614840e-03 3.031442926506582470e-03 1.868569500046886669e-02 1.549871346355976599e-02 1.576827103563167853e-02 1.444625305241378083e-02 6.726965755532754747e-04 1.075767712120122462e-03 9.057030188520859282e-03 1.054648620339295427e-02 6.757081858368668530e-03 6.191978859745470021e-03 9.153793702106888600e-03 6.628830538906897892e-03 9.003186821950625446e-03 6.434089780294590701e-03
0.000000000000000000e+00 0.000000000000000000e+00 0.000000000000000000e+00 0.000000000000000000e+00 0.000000000000000000e+00 0.000000000000000000e+00 0.000000000000000000e+00 0.000000000000000000e+00 0.000000000000000000e+00 0.000000000000000000e+00 0.000000000000000000e+00 0.000000000000000000e+00 0.000000000000000000e+00 0.000000000000000000e+00 0.000000000000000000e+00 0.000000000000000000e+00 0.000000000000000000e+00 0.000000000000000000e+00 0.000000000000000000e+00 0.000000000000000000e+00 0.000000000000000000e+00 0.000000000000000000e+00 0.000000000000000000e+00 0.000000000000000000e+00 0.000000000000000000e+00 0.000000000000000000e+00 0.000000000000000000e+00 0.000000000000000000e+00 0.000000000000000000e+00 0.000000000000000000e+00 0.000000000000000000e+00 0.000000000000000000e+00 0.000000000000000000e+00 0.000000000000000000e+00 0.000000000000000000e+00 0.000000000000000000e+00 0.000000000000000000e+00 0.000000000000000000e+00 0.000000000000000000e+00 0.000000000000000000e+00 0.000000000000000000e+00 0.000000000000000000e+00 0.000000000000000000e+00 0.000000000000000000e+00 0.000000000000000000e+00 0.000000000000000000e+00 0.000000000000000000e+00 0.000000000000000000e+00 0.000000000000000000e+00 0.000000000000000000e+00 0.000000000000000000e+00 0.000000000000000000e+00 0.000000000000000000e+00 0.000000000000000000e+00 0.000000000000000000e+00 0.000000000000000000e+00 0.000000000000000000e+00 0.000000000000000000e+00 0.000000000000000000e+00 0.000000000000000000e+00 0.000000000000000000e+00 0.000000000000000000e+00 0.000000000000000000e+00 0.000000000000000000e+00 0.000000000000000000e+00 0.000000000000000000e+00 0.000000000000000000e+00 0.000000000000000000e+00 0.000000000000000000e+00 1.000000000000000000e+00 6.912005522810547031e-01 4.977319131284376197e-01 3.558649690204462313e-01 2.571915301225835560e-01 1.842593826638478649e-01 1.307726091220201836e-01 9.868948761774001821e-02 7.402694472664667069e-02 4.758182386532475855e-02 3.471977418130001158e-02 2.821055995890726573e-02 2.298575023420144914e-02 1.746195215675162837e-02 1.591029983275602661e-02 1.228464635121773174e-02 1.845228310971646843e-02 1.427514493462652030e-02 1.408674508758738127e-02 1.151505607378538326e-02 3.601461126666550324e-03 -5.458259844219195446e-03 9.303497532956471255e-04 2.417690063332435767e-03 1.803661526232564546e-04 3.691701974860521224e-03 2.916586060627628010e-03 4.226034712358185501e-03 3.977241198276144050e-03 2.063032466536236526e-03
0.000000000000000000e+00 0.000000000000000000e+00 0.000000000000000000e+00 0.000000000000000000e+00 0.000000000000000000e+00 0.000000000000000000e+00 0.000000000000000000e+00 0.000000000000000000e+00 0.000000000000000000e+00 0.000000000000000000e+00 0.000000000000000000e+00 0.000000000000000000e+00 0.000000000000000000e+00 0.000000000000000000e+00 0.000000000000000000e+00 0.000000000000000000e+00 0.000000000000000000e+00 0.000000000000000000e+00 0.000000000000000000e+00 0.000000000000000000e+00 0.000000000000000000e+00 0.000000000000000000e+00 0.000000000000000000e+00 0.000000000000000000e+00 0.000000000000000000e+00 0.000000000000000000e+00 0.000000000000000000e+00 0.000000000000000000e+00 0.000000000000000000e+00 0.000000000000000000e+00 0.000000000000000000e+00 0.000000000000000000e+00 0.000000000000000000e+00 0.000000000000000000e+00 0.000000000000000000e+00 0.000000000000000000e+00 0.000000000000000000e+00 0.000000000000000000e+00 0.000000000000000000e+00 0.000000000000000000e+00 0.000000000000000000e+00 0.000000000000000000e+00 0.000000000000000000e+00 0.000000000000000000e+00 0.000000000000000000e+00 0.000000000000000000e+00 0.000000000000000000e+00 0.000000000000000000e+00 0.000000000000000000e+00 0.000000000000000000e+00 0.000000000000000000e+00 0.000000000000000000e+00 0.000000000000000000e+00 0.000000000000000000e+00 0.000000000000000000e+00 0.000000000000000000e+00 0.000000000000000000e+00 0.000000000000000000e+00 0.000000000000000000e+00 0.000000000000000000e+00 0.000000000000000000e+00 0.000000000000000000e+00 0.000000000000000000e+00 0.000000000000000000e+00 0.000000000000000000e+00 0.000000000000000000e+00 0.000000000000000000e+00 0.000000000000000000e+00 0.000000000000000000e+00 0.000000000000000000e+00 1.000000000000000000e+00 7.023904419114368469e-01 4.963900955295604267e-01 3.523263599246880262e-01 2.516082628887878481e-01 1.891728053084608119e-01 1.368140500140284099e-01 9.685693752080690166e-02 6.697549573353826780e-02 5.305758706377054768e-02 4.262256256919248754e-02 3.023262937371551384e-02 2.313057434798016995e-02 2.369858792354386304e-02 1.784011459912175981e-02 2.130269890321818266e-02 1.502624320184550201e-02 9.440847110154812830e-03 5.067975722599042838e-03 -4.917711018937663027e-03 -1.043594736255143082e-02 -1.960780483488929957e-03 -5.860070013473524589e-03 -2.918957990351717970e-03 4.550473758162941365e-04 -4.055645577199191304e-03 -5.755690820713148421e-03 -1.092099601937202881e-02 -8.796770394647698832e-03
0.000000000000000000e+00 0.000000000000000000e+00 0.000000000000000000e+00 0.000000000000000000e+00 0.000000000000000000e+00 0.000000000000000000e+00 0.000000000000000000e+00 0.000000000000000000e+00 0.000000000000000000e+00 0.000000000000000000e+00 0.000000000000000000e+00 0.000000000000000000e+00 0.000000000000000000e+00 0.000000000000000000e+00 0.000000000000000000e+00 0.000000000000000000e+00 0.000000000000000000e+00 0.000000000000000000e+00 0.000000000000000000e+00 0.000000000000000000e+00 0.000000000000000000e+00 0.000000000000000000e+00 0.000000000000000000e+00 0.000000000000000000e+00 0.000000000000000000e+00 0.000000000000000000e+00 0.000000000000000000e+00 0.000000000000000000e+00 0.000000000000000000e+00 0.000000000000000000e+00 0.000000000000000000e+00 0.000000000000000000e+00 0.000000000000000000e+00 0.000000000000000000e+00 0.000000000000000000e+00 0.000000000000000000e+00 0.000000000000000000e+00 0.000000000000000000e+00 0.000000000000000000e+00 0.000000000000000000e+00 0.000000000000000000e+00 0.000000000000000000e+00 0.000000000000000000e+00 0.000000000000000000e+00 0.000000000000000000e+00 0.000000000000000000e+00 0.000000000000000000e+00 0.000000000000000000e+00 0.000000000000000000e+00 0.000000000000000000e+00 0.000000000000000000e+00 0.000000000000000000e+00 0.000000000000000000e+00 0.000000000000000000e+00 0.000000000000000000e+00 0.000000000000000000e+00 0.000000000000000000e+00 0.000000000000000000e+00 0.000000000000000000e+00 0.000000000000000000e+00 0.000000000000000000e+00 0.000000000000000000e+00 0.000000000000000000e+00 0.000000000000000000e+00 0.000000000000000000e+00 0.000000000000000000e+00 0.000000000000000000e+00 0.000000000000000000e+00 0.000000000000000000e+00 0.000000000000000000e+00 0.000000000000000000e+00 1.000000000000000000e+00 6.869857441988953539e-01 4.826488172227494378e-01 3.452376766028095734e-01 2.545071335884335206e-01 1.845934570368935601e-01 1.272392268565698814e-01 8.687110345779801290e-02 6.860947042782228333e-02 5.403119625167645407e-02 3.839979898028593464e-02 2.976323808169116514e-02 2.357365347980724946e-02 9.629478170933011144e-03 1.414527565722291727e-02 1.380706888831246398e-02 3.651331756333004320e-03 -6.371486653276769475e-03 -1.240691120906896143e-02 -1.163164785640287933e-02 -4.128793898726068785e-03 -1.316457855326560056e-03 4.493352611510746490e-03 1.199608893990862513e-02 6.758049138568054080e-03 8.642727445897977617e-03 -2.702224655274900345e-03 2.585560539853258219e-04
0.000000000000000000e+00 0.000000000000000000e+00 0.000000000000000000e+00 0.000000000000000000e+00 0.000000000000000000e+00 0.000000000000000000e+00 0.000000000000000000e+00 0.000000000000000000e+00 0.000000000000000000e+00 0.000000000000000000e+00 0.000000000000000000e+00 0.000000000000000000e+00 0.000000000000000000e+00 0.000000000000000000e+00 0.000000000000000000e+00 0.000000000000000000e+00 0.000000000000000000e+00 0.000000000000000000e+00 0.000000000000000000e+00 0.000000000000000000e+00 0.000000000000000000e+00 0.000000000000000000e+00 0.000000000000000000e+00 0.000000000000000000e+00 0.000000000000000000e+00 0.000000000000000000e+00 0.000000000000000000e+00 0.000000000000000000e+00 0.000000000000000000e+00 0.000000000000000000e+00 0.000000000000000000e+00 0.000000000000000000e+00 0.000000000000000000e+00 0.000000000000000000e+00 0.000000000000000000e+00 0.000000000000000000e+00 0.000000000000000000e+00 0.000000000000000000e+00 0.000000000000000000e+00 0.000000000000000000e+00 0.000000000000000000e+00 0.000000000000000000e+00 0.000000000000000000e+00 0.000000000000000000e+00 0.000000000000000000e+00 0.000000000000000000e+00 0.000000000000000000e+00 0.000000000000000000e+00 0.000000000000000000e+00 0.000000000000000000e+00 0.000000000000000000e+00 0.000000000000000000e+00 0.000000000000000000e+00 0.000000000000000000e+00 0.000000000000000000e+00 0.000000000000000000e+00 0.000000000000000000e+00 0.000000000000000000e+00 0.000000000000000000e+00 0.000000000000000000e+00 0.000000000000000000e+00 0.000000000000000000e+00 0.000000000000000000e+00 0.000000000000000000e+00 0.000000000000000000e+00 0.000000000000000000e+00 0.000000000000000000e+00 0.000000000000000000e+00 0.000000000000000000e+00 0.000000000000000000e+00 0.000000000000000000e+00 0.000000000000000000e+00 1.000000000000000000e+00 6.905211733681970721e-01 4.965911269137235351e-01 3.523228448759803122e-01 2.544577262807354856e-01 1.756993471473848600e-01 1.223189495551805922e-01 9.462374386652756819e-02 6.834625232555434360e-02 5.288206337694267151e-02 3.941276446435340586e-02 2.514052583343354477e-02 1.606012912172355422e-02 9.037712577332254749e-03 6.417138798905659691e-03 -7.048178616623449778e-03 -1.417018593405823361e-02 -1.646431191070452799e-02 -1.101046445474494415e-02 -5.986841923739986103e-03 -2.069754222260757580e-03 4.950988813991181016e-04 9.147590721797462660e-03 3.667941077780814425e-03 3.423655486252635653e-03 -7.873373163793115706e-03 -2.455043183103292146e-03
0.000000000000000000e+00 0.000000000000000000e+00 0.000000000000000000e+00 0.000000000000000000e+00 0.000000000000000000e+00 0.000000000000000000e+00 0.000000000000000000e+00 0.000000000000000000e+00 0.000000000000000000e+00 0.000000000000000000e+00 0.000000000000000000e+00 0.000000000000000000e+00 0.000000000000000000e+00 0.000000000000000000e+00 0.000000000000000000e+00 0.000000000000000000e+00 0.000000000000000000e+00 0.000000000000000000e+00 0.000000000000000000e+00 0.000000000000000000e+00 0.000000000000000000e+00 0.000000000000000000e+00 0.000000000000000000e+00 0.000000000000000000e+00 0.000000000000000000e+00 0.000000000000000000e+00 0.000000000000000000e+00 0.000000000000000000e+00 0.000000000000000000e+00 0.000000000000000000e+00 0.000000000000000000e+00 0.000000000000000000e+00 0.000000000000000000e+00 0.000000000000000000e+00 0.000000000000000000e+00 0.000000000000000000e+00 0.000000000000000000e+00 0.000000000000000000e+00 0.000000000000000000e+00 0.000000000000000000e+00 0.000000000000000000e+00 0.000000000000000000e+00 0.000000000000000000e+00 0.000000000000000000e+00 0.000000000000000000e+00 0.000000000000000000e+00 0.000000000000000000e+00 0.000000000000000000e+00 0.000000000000000000e+00 0.000000000000000000e+00 0.000000000000000000e+00 0.000000000000000000e+00 0.000000000000000000e+00 0.000000000000000000e+00 0.000000000000000000e+00 0.000000000000000000e+00 0.000000000000000000e+00 0.000000000000000000e+00 0.000000000000000000e+00 0.000000000000000000e+00 0.000000000000000000e+00 0.000000000000000000e+00 0.000000000000000000e+00 0.000000000000000000e+00 0.000000000000000000e+00 0.000000000000000000e+00 0.000000000000000000e+00 0.000000000000000000e+00 0.000000000000000000e+00 0.000000000000000000e+00 0.000000000000000000e+00 0.000000000000000000e+00 0.000000000000000000e+00 1.000000000000000000e+00 6.966663015467280395e-01 4.912229243524064426e-01 3.524234041180498433e-01 2.446911160127067109e-01 1.674989980306481052e-01 1.277730253934548921e-01 8.714590646817309272e-02 5.786369058603042792e-02 4.331017887410509859e-02 2.628539499704445059e-02 1.460918657043519531e-02 1.433550679171848724e-02 6.528004164324953396e-03 -1.102426226490246146e-03 -8.750459138857200406e-03 -1.443098839778420711e-02 -5.956078018070465330e-03 -4.880499393229436808e-03 -1.359771867617891013e-03 2.725073193513246825e-03 8.636980276486225239e-03 6.741177468551164988e-03 6.211302461763954473e-03 2.041906660880822414e-04 1.398029723546118921e-03
0.000000000000000000e+00 0.000000000000000000e+00 0.000000000000000000e+00 0.000000000000000000e+00 0.000000000000000000e+00 0.000000000000000000e+00 0.000000000000000000e+00 0.000000000000000000e+00 0.000000000000000000e+00 0.000000000000000000e+00 0.000000000000000000e+00 0.000000000000000000e+00 0.000000000000000000e+00 0.000000000000000000e+00 0.000000000000000000e+00 0.000000000000000000e+00 0.000000000000000000e+00 0.000000000000000000e+00 0.000000000000000000e+00 0.000000000000000000e+00 0.000000000000000000e+00 0.000000000000000000e+00 0.000000000000000000e+00 0.000000000000000000e+00 0.000000000000000000e+00 0.000000000000000000e+00 0.000000000000000000e+00 0.000000000000000000e+00 0.000000000000000000e+00 0.000000000000000000e+00 0.000000000000000000e+00 0.000000000000000000e+00 0.000000000000000000e+00 0.000000000000000000e+00 0.000000000000000000e+00 0.000000000000000000e+00 0.000000000000000000e+00 0.000000000000000000e+00 0.000000000000000000e+00 0.000000000000000000e+00 0.000000000000000000e+00 0.000000000000000000e+00 0.000000000000000000e+00 0.000000000000000000e+00 0.000000000000000000e+00 0.000000000000000000e+00 0.000000000000000000e+00 0.000000000000000000e+00 0.000000000000000000e+00 0.000000000000000000e+00 0.000000000000000000e+00 0.000000000000000000e+00 0.000000000000000000e+00 0.000000000000000000e+00 0.000000000000000000e+00 0.000000000000000000e+00 0.000000000000000000e+00 0.000000000000000000e+00 0.000000000000000000e+00 0.000000000000000000e+00 0.000000000000000000e+00 0.000000000000000000e+00 0.000000000000000000e+00 0.000000000000000000e+00 0.000000000000000000e+00 0.000000000000000000e+00 0.000000000000000000e+00 0.000000000000000000e+00 0.000000000000000000e+00 0.000000000000000000e+00 0.000000000000000000e+00 0.000000000000000000e+00 0.000000000000000000e+00 0.000000000000000000e+00 1.000000000000000000e+00 6.983280426514569816e-01 4.953842967198241465e-01 3.512083254244434127e-01 2.516250041387849135e-01 1.862438052263967747e-01 1.324069589086766807e-01 9.617635825883978640e-02 6.970375310585227857e-02 4.670984183458072592e-02 2.739233004879684796e-02 2.149297472430420491e-02 1.262509817618061823e-02 1.710438171127740990e-03 -6.173712215846141778e-03 -1.603794308453828851e-02 -1.045918826849830986e-02 -7.577714266655864207e-03 -2.231696198176734165e-03 -2.206913500425096344e-03 4.161720999529126830e-03 4.980326096942505219e-04 3.505727446089864415e-03 8.087171209490860626e-04 -5.876434917289946949e-03
0.000000000000000000e+00 0.000000000000000000e+00 0.000000000000000000e+00 0.000000000000000000e+00 0.000000000000000000e+00 0.000000000000000000e+00 0.000000000000000000e+00 0.000000000000000000e+00 0.000000000000000000e+00 0.000000000000000000e+00 0.000000000000000000e+00 0.000000000000000000e+00 0.000000000000000000e+00 0.000000000000000000e+00 0.000000000000000000e+00 0.000000000000000000e+00 0.000000000000000000e+00 0.000000000000000000e+00 0.000000000000000000e+00 0.000000000000000000e+00 0.000000000000000000e+00 0.000000000000000000e+00 0.000000000000000000e+00 0.000000000000000000e+00 0.000000000000000000e+00 0.000000000000000000e+00 0.000000000000000000e+00 0.000000000000000000e+00 0.000000000000000000e+00 0.000000000000000000e+00 0.000000000000000000e+00 0.000000000000000000e+00 0.000000000000000000e+00 0.000000000000000000e+00 0.000000000000000000e+00 0.000000000000000000e+00 0.000000000000000000e+00 0.000000000000000000e+00 0.000000000000000000e+00 0.000000000000000000e+00 0.000000000000000000e+00 0.000000000000000000e+00 0.000000000000000000e+00 0.000000000000000000e+00 0.000000000000000000e+00 0.000000000000000000e+00 0.000000000000000000e+00 0.000000000000000000e+00 0.000000000000000000e+00 0.000000000000000000e+00 0.000000000000000000e+00 0.000000000000000000e+00 0.000000000000000000e+00 0.000000000000000000e+00 0.000000000000000000e+00 0.000000000000000000e+00 0.000000000000000000e+00 0.000000000000000000e+00 0.000000000000000000e+00 0.000000000000000000e+00 0.000000000000000000e+00 0.000000000000000000e+00 0.000000000000000000e+00 0.000000000000000000e+00 0.000000000000000000e+00 0.000000000000000000e+00 0.000000000000000000e+00 0.000000000000000000e+00 0.000000000000000000e+00 0.000000000000000000e+00 0.000000000000000000e+00 0.000000000000000000e+00 0.000000000000000000e+00 0.000000000000000000e+00 0.000000000000000000e+00 1.000000000000000000e+00 6.922524686082034417e-01 4.904669681380488533e-01 3.538046664025892296e-01 2.602285660014530544e-01 1.889753410034851200e-01 1.348030978324242235e-01 9.906137008779561381e-02 6.806548026276082464e-02 4.454323506861876392e-02 3.620362054378498812e-02 2.527748078508523441e-02 9.240869297236300323e-03 -1.827086004186925013e-03 -1.595957600773982230e-02 -5.700350633331079282e-03 -3.029534532974082796e-03 -5.698437164101367684e-03 -4.508794649750315180e-03 -5.549646382904945691e-03 -4.309637183469574445e-03 -9.335654836063456401e-04 -1.014341026703460304e-02 -8.400656098160777518e-03
0.000000000000000000e+00 0.000000000000000000e+00 0.000000000000000000e+00 0.000000000000000000e+00 0.000000000000000000e+00 0.000000000000000000e+00 0.000000000000000000e+00 0.000000000000000000e+00 0.000000000000000000e+00 0.000000000000000000e+00 0.000000000000000000e+00 0.000000000000000000e+00 0.000000000000000000e+00 0.000000000000000000e+00 0.000000000000000000e+00 0.000000000000000000e+00 0.000000000000000000e+00 0.000000000000000000e+00 0.000000000000000000e+00 0.000000000000000000e+00 0.000000000000000000e+00 0.000000000000000000e+00 0.000000000000000000e+00 0.000000000000000000e+00 0.000000000000000000e+00 0.000000000000000000e+00 0.000000000000000000e+00 0.000000000000000000e+00 0.000000000000000000e+00 0.000000000000000000e+00 0.000000000000000000e+00 0.000000000000000000e+00 0.000000000000000000e+00 0.000000000000000000e+00 0.000000000000000000e+00 0.000000000000000000e+00 0.000000000000000000e+00 0.000000000000000000e+00 0.000000000000000000e+00 0.000000000000000000e+00 0.000000000000000000e+00 0.000000000000000000e+00 0.000000000000000000e+00 0.000000000000000000e+00 0.000000000000000000e+00 0.000000000000000000e+00 0.000000000000000000e+00 0.000000000000000000e+00 0.000000000000000000e+00 0.000000000000000000e+00 0.000000000000000000e+00 0.000000000000000000e+00 0.000000000000000000e+00 0.000000000000000000e+00 0.000000000000000000e+00 0.000000000000000000e+00 0.000000000000000000e+00 0.000000000000000000e+00 0.000000000000000000e+00 0.000000000000000000e+00 0.000000000000000000e+00 0.000000000000000000e+00 0.000000000000000000e+00 0.000000000000000000e+00 0.000000000000000000e+00 0.000000000000000000e+00 0.000000000000000000e+00 0.000000000000000000e+00 0.000000000000000000e+00 0.000000000000000000e+00 0.000000000000000000e+00 0.000000000000000000e+00 0.000000000000000000e+00 0.000000000000000000e+00 0.000000000000000000e+00 0.000000000000000000e+00 1.000000000000000000e+00 6.974943672704230213e-01 5.008078185134566818e-01 3.651631791676181460e-01 2.642003531764652857e-01 1.911441645531209987e-01 1.356410365276778662e-01 9.766045227777872539e-02 6.671963874724579080e-02 5.587751725972761596e-02 3.252476947660816464e-02 1.797626235681697507e-02 9.915131182214891384e-03 -4.405804474593841800e-03 -1.145288303285475892e-03 -4.432525490926050339e-03 -6.560778882429935295e-03 -8.812196880583867764e-04 1.313929916377163960e-03 -8.879495421748115000e-03 -3.493588945193773238e-03 -1.641223073793671855e-02 -1.197645951086940240e-02
0.000000000000000000e+00 0.000000000000000000e+00 0.000000000000000000e+00 0.000000000000000000e+00 0.000000000000000000e+00 0.000000000000000000e+00 0.000000000000000000e+00 0.000000000000000000e+00 0.000000000000000000e+00 0.000000000000000000e+00 0.000000000000000000e+00 0.000000000000000000e+00 0.000000000000000000e+00 0.000000000000000000e+00 0.000000000000000000e+00 0.000000000000000000e+00 0.000000000000000000e+00 0.000000000000000000e+00 0.000000000000000000e+00 0.000000000000000000e+00 0.000000000000000000e+00 0.000000000000000000e+00 0.000000000000000000e+00 0.000000000000000000e+00 0.000000000000000000e+00 0.000000000000000000e+00 0.000000000000000000e+00 0.000000000000000000e+00 0.000000000000000000e+00 0.000000000000000000e+00 0.000000000000000000e+00 0.000000000000000000e+00 0.000000000000000000e+00 0.000000000000000000e+00 0.000000000000000000e+00 0.000000000000000000e+00 0.000000000000000000e+00 0.000000000000000000e+00 0.000000000000000000e+00 0.000000000000000000e+00 0.000000000000000000e+00 0.000000000000000000e+00 0.000000000000000000e+00 0.000000000000000000e+00 0.000000000000000000e+00 0.000000000000000000e+00 0.000000000000000000e+00 0.000000000000000000e+00 0.000000000000000000e+00 0.000000000000000000e+00 0.000000000000000000e+00 0.000000000000000000e+00 0.000000000000000000e+00 0.000000000000000000e+00 0.000000000000000000e+00 0.000000000000000000e+00 0.000000000000000000e+00 0.000000000000000000e+00 0.000000000000000000e+00 0.000000000000000000e+00 0.000000000000000000e+00 0.000000000000000000e+00 0.000000000000000000e+00 0.000000000000000000e+00 0.000000000000000000e+00 0.000000000000000000e+00 0.000000000000000000e+00 0.000000000000000000e+00 0.000000000000000000e+00 0.000000000000000000e+00 0.000000000000000000e+00 0.000000000000000000e+00 0.000000000000000000e+00 0.000000000000000000e+00 0.000000000000000000e+00 0.000000000000000000e+00 0.000000000000000000e+00 1.000000000000000000e+00 6.943914019727740472e-01 4.990288081268718368e-01 3.613146336952870463e-01 2.666598490852232772e-01 1.890240515728814352e-01 1.353587491686089050e-01 9.483351327350064697e-02 7.509585158723186549e-02 4.738504276103846363e-02 2.974005272104839753e-02 2.148619517595241196e-02 7.784092245166161946e-03 5.399839192504738740e-03 7.841641789597092460e-03 2.594936610927558486e-03 2.710422347803273253e-03 4.306865539098737004e-03 -6.236299479397984903e-04 2.140040841503388844e-03 -6.751678522181210271e-03 -7.273402509349568591e-03
0.000000000000000000e+00 0.000000000000000000e+00 0.000000000000000000e+00 0.000000000000000000e+00 0.000000000000000000e+00 0.000000000000000000e+00 0.000000000000000000e+00 0.000000000000000000e+00 0.000000000000000000e+00 0.000000000000000000e+00 0.000000000000000000e+00 0.000000000000000000e+00 0.000000000000000000e+00 0.000000000000000000e+00 0.000000000000000000e+00 0.000000000000000000e+00 0.000000000000000000e+00 0.000000000000000000e+00 0.000000000000000000e+00 0.000000000000000000e+00 0.000000000000000000e+00 0.000000000000000000e+00 0.000000000000000000e+00 0.000000000000000000e+00 0.000000000000000000e+00 0.000000000000000000e+00 0.000000000000000000e+00 0.000000000000000000e+00 0.000000000000000000e+00 0.000000000000000000e+00 0.000000000000000000e+00 0.000000000000000000e+00 0.000000000000000000e+00 0.000000000000000000e+00 0.000000000000000000e+00 0.000000000000000000e+00 0.000000000000000000e+00 0.000000000000000000e+00 0.000000000000000000e+00 0.000000000000000000e+00 0.000000000000000000e+00 0.000000000000000000e+00 0.000000000000000000e+00 0.000000000000000000e+00 0.000000000000000000e+00 0.000000000000000000e+00 0.000000000000000000e+00 0.000000000000000000e+00 0.000000000000000000e+00 0.000000000000000000e+00 0.000000000000000000e+00 0.000000000000000000e+00 0.000000000000000000e+00 0.000000000000000000e+00 0.000000000000000000e+00 0.000000000000000000e+00 0.000000000000000000e+00 0.000000000000000000e+00 0.000000000000000000e+00 0.000000000000000000e+00 0.000000000000000000e+00 0.000000000000000000e+00 0.000000000000000000e+00 0.000000000000000000e+00 0.000000000000000000e+00 0.000000000000000000e+00 0.000000000000000000e+00 0.000000000000000000e+00 0.000000000000000000e+00 0.000000000000000000e+00 0.000000000000000000e+00 0.000000000000000000e+00 0.000000000000000000e+00 0.000000000000000000e+00 0.000000000000000000e+00 0.000000000000000000e+00 0.000000000000000000e+00 0.000000000000000000e+00 1.000000000000000000e+00 7.003634072874210803e-01 5.021753864745533980e-01 3.610399579115429192e-01 2.545561490255234816e-01 1.839116144578894219e-01 1.332352589344924232e-01 1.034864984014848416e-01 6.649575470519381026e-02 4.596573293090294721e-02 3.242060383279375679e-02 1.864927405208008024e-02 1.351749557610093348e-02 7.056877237845138144e-03 2.740806942509486834e-03 2.137489570897257649e-03 6.701180814290516249e-03 -2.408436900362940364e-03 -4.027717277502194070e-03 -6.248577285574278585e-03 -4.955277323676846729e-03
0.000000000000000000e+00 0.000000000000000000e+00 0.000000000000000000e+00 0.000000000000000000e+00 0.000000000000000000e+00 0.000000000000000000e+00 0.000000000000000000e+00 0.000000000000000000e+00 0.000000000000000000e+00 0.000000000000000000e+00 0.000000000000000000e+00 0.000000000000000000e+00 0.000000000000000000e+00 0.000000000000000000e+00 0.000000000000000000e+00 0.000000000000000000e+00 0.000000000000000000e+00 0.000000000000000000e+00 0.000000000000000000e+00 0.000000000000000000e+00 0.000000000000000000e+00 0.000000000000000000e+00 0.000000000000000000e+00 0.000000000000000000e+00 0.000000000000000000e+00 0.000000000000000000e+00 0.000000000000000000e+00 0.000000000000000000e+00 0.000000000000000000e+00 0.000000000000000000e+00 0.000000000000000000e+00 0.000000000000000000e+00 0.000000000000000000e+00 0.000000000000000000e+00 0.000000000000000000e+00 0.000000000000000000e+00 0.000000000000000000e+00 0.000000000000000000e+00 0.000000000000000000e+00 0.000000000000000000e+00 0.000000000000000000e+00 0.000000000000000000e+00 0.000000000000000000e+00 0.000000000000000000e+00 0.000000000000000000e+00 0.000000000000000000e+00 0.000000000000000000e+00 0.000000000000000000e+00 0.000000000000000000e+00 0.000000000000000000e+00 0.000000000000000000e+00 0.000000000000000000e+00 0.000000000000000000e+00 0.000000000000000000e+00 0.000000000000000000e+00 0.000000000000000000e+00 0.000000000000000000e+00 0.000000000000000000e+00 0.000000000000000000e+00 0.000000000000000000e+00 0.000000000000000000e+00 0.000000000000000000e+00 0.000000000000000000e+00 0.000000000000000000e+00 0.000000000000000000e+00 0.000000000000000000e+00 0.000000000000000000e+00 0.000000000000000000e+00 0.000000000000000000e+00 0.000000000000000000e+00 0.000000000000000000e+00 0.000000000000000000e+00 0.000000000000000000e+00 0.000000000000000000e+00 0.000000000000000000e+00 0.000000000000000000e+00 0.000000000000000000e+00 0.000000000000000000e+00 0.000000000000000000e+00 1.000000000000000000e+00 6.960148198449636059e-01 5.003473589980712566e-01 3.554403348575090882e-01 2.606474139202799023e-01 1.891658694191564183e-01 1.409980908969812874e-01 9.998735867718348824e-02 6.867971331802164014e-02 4.960409892061509035e-02 3.262863283718088481e-02 1.914826071875656843e-02 1.056131132149248746e-02 6.398999474551785721e-03 1.378577878513074324e-03 7.221317270102771413e-03 -3.657830927912974258e-03 2.602776492953502892e-03 -1.392490816270004631e-03 -6.533601142484722797e-03
0.000000000000000000e+00 0.000000000000000000e+00 0.000000000000000000e+00 0.000000000000000000e+00 0.000000000000000000e+00 0.000000000000000000e+00 0.000000000000000000e+00 0.000000000000000000e+00 0.000000000000000000e+00 0.000000000000000000e+00 0.000000000000000000e+00 0.000000000000000000e+00 0.000000000000000000e+00 0.000000000000000000e+00 0.000000000000000000e+00 0.000000000000000000e+00 0.000000000000000000e+00 0.000000000000000000e+00 0.000000000000000000e+00 0.000000000000000000e+00 0.000000000000000000e+00 0.000000000000000000e+00 0.000000000000000000e+00 0.000000000000000000e+00 0.000000000000000000e+00 0.000000000000000000e+00 0.000000000000000000e+00 0.000000000000000000e+00 0.000000000000000000e+00 0.000000000000000000e+00 0.000000000000000000e+00 0.000000000000000000e+00 0.000000000000000000e+00 0.000000000000000000e+00 0.000000000000000000e+00 0.000000000000000000e+00 0.000000000000000000e+00 0.000000000000000000e+00 0.000000000000000000e+00 0.000000000000000000e+00 0.000000000000000000e+00 0.000000000000000000e+00 0.000000000000000000e+00 0.000000000000000000e+00 0.000000000000000000e+00 0.000000000000000000e+00 0.000000000000000000e+00 0.000000000000000000e+00 0.000000000000000000e+00 0.000000000000000000e+00 0.000000000000000000e+00 0.000000000000000000e+00 0.000000000000000000e+00 0.000000000000000000e+00 0.000000000000000000e+00 0.000000000000000000e+00 0.000000000000000000e+00 0.000000000000000000e+00 0.000000000000000000e+00 0.000000000000000000e+00 0.000000000000000000e+00 0.000000000000000000e+00 0.000000000000000000e+00 0.000000000000000000e+00 0.000000000000000000e+00 0.000000000000000000e+00 0.000000000000000000e+00 0.000000000000000000e+00 0.000000000000000000e+00 0.000000000000000000e+00 0.000000000000000000e+00 0.000000000000000000e+00 0.000000000000000000e+00 0.000000000000000000e+00 0.000000000000000000e+00 0.000000000000000000e+00 0.000000000000000000e+00 0.000000000000000000e+00 0.000000000000000000e+00 0.000000000000000000e+00 1.000000000000000000e+00 7.026617442684304216e-01 4.954668383829945455e-01 3.579069673595330348e-01 2.540471230349494181e-01 1.883755005214383937e-01 1.279288220347022387e-01 9.609804079858647041e-02 6.555691703113931956e-02 3.928184332912060955e-02 1.909998514278862802e-02 1.617282147664893602e-02 1.149436517880886646e-02 2.427584269824074534e-03 4.308000960248888414e-03 -4.477288811989655476e-03 -1.477276936980174082e-04 -1.062807835261520353e-02 -6.697344744170846513e-03
0.000000000000000000e+00 0.000000000000000000e+00 0.000000000000000000e+00 0.000000000000000000e+00 0.000000000000000000e+00 0.000000000000000000e+00 0.000000000000000000e+00 0.000000000000000000e+00 0.000000000000000000e+00 0.000000000000000000e+00 0.000000000000000000e+00 0.000000000000000000e+00 0.000000000000000000e+00 0.000000000000000000e+00 0.000000000000000000e+00 0.000000000000000000e+00 0.000000000000000000e+00 0.000000000000000000e+00 0.000000000000000000e+00 0.000000000000000000e+00 0.000000000000000000e+00 0.000000000000000000e+00 0.000000000000000000e+00 0.000000000000000000e+00 0.000000000000000000e+00 0.000000000000000000e+00 0.000000000000000000e+00 0.000000000000000000e+00 0.000000000000000000e+00 0.000000000000000000e+00 0.000000000000000000e+00 0.000000000000000000e+00 0.000000000000000000e+00 0.000000000000000000e+00 0.000000000000000000e+00 0.000000000000000000e+00 0.000000000000000000e+00 0.000000000000000000e+00 0.000000000000000000e+00 0.000000000000000000e+00 0.000000000000000000e+00 0.000000000000000000e+00 0.000000000000000000e+00 0.000000000000000000e+00 0.000000000000000000e+00 0.000000000000000000e+00 0.000000000000000000e+00 0.000000000000000000e+00 0.000000000000000000e+00 0.000000000000000000e+00 0.000000000000000000e+00 0.000000000000000000e+00 0.000000000000000000e+00 0.000000000000000000e+00 0.000000000000000000e+00 0.000000000000000000e+00 0.000000000000000000e+00 0.000000000000000000e+00 0.000000000000000000e+00 0.000000000000000000e+00 0.000000000000000000e+00 0.000000000000000000e+00 0.000000000000000000e+00 0.000000000000000000e+00 0.000000000000000000e+00 0.000000000000000000e+00 0.000000000000000000e+00 0.000000000000000000e+00 0.000000000000000000e+00 0.000000000000000000e+00 0.000000000000000000e+00 0.000000000000000000e+00 0.000000000000000000e+00 0.000000000000000000e+00 0.000000000000000000e+00 0.000000000000000000e+00 0.000000000000000000e+00 0.000000000000000000e+00 0.000000000000000000e+00 0.000000000000000000e+00 0.000000000000000000e+00 1.000000000000000000e+00 6.949061949312782538e-01 4.991648231996541618e-01 3.570319414084924259e-01 2.586627419406477557e-01 1.749778041492220382e-01 1.293765042383819286e-01 8.536918434457546612e-02 5.078634209096857116e-02 3.418097506535817953e-02 2.351824248506478171e-02 2.047080775571104641e-02 1.609004540036226144e-02 1.989770497157576298e-02 8.617034470692988904e-03 1.162761470865847184e-02 -2.876352539823844034e-03 -2.028469925719062796e-03
0.000000000000000000e+00 0.000000000000000000e+00 0.000000000000000000e+00 0.000000000000000000e+00 0.000000000000000000e+00 0.000000000000000000e+00 0.000000000000000000e+00 0.000000000000000000e+00 0.000000000000000000e+00 0.000000000000000000e+00 0.000000000000000000e+00 0.000000000000000000e+00 0.000000000000000000e+00 0.000000000000000000e+00 0.000000000000000000e+00 0.000000000000000000e+00 0.000000000000000000e+00 0.000000000000000000e+00 0.000000000000000000e+00 0.000000000000000000e+00 0.000000000000000000e+00 0.000000000000000000e+00 0.000000000000000000e+00 0.000000000000000000e+00 0.000000000000000000e+00 0.000000000000000000e+00 0.000000000000000000e+00 0.000000000000000000e+00 0.000000000000000000e+00 0.000000000000000000e+00 0.000000000000000000e+00 0.000000000000000000e+00 0.000000000000000000e+00 0.000000000000000000e+00 0.000000000000000000e+00 0.000000000000000000e+00 0.000000000000000000e+00 0.000000000000000000e+00 0.000000000000000000e+00 0.000000000000000000e+00 0.000000000000000000e+00 0.000000000000000000e+00 0.000000000000000000e+00 0.000000000000000000e+00 0.000000000000000000e+00 0.000000000000000000e+00 0.000000000000000000e+00 0.000000000000000000e+00 0.000000000000000000e+00 0.000000000000000000e+00 0.000000000000000000e+00 0.000000000000000000e+00 0.000000000000000000e+00 0.000000000000000000e+00 0.000000000000000000e+00 0.000000000000000000e+00 0.000000000000000000e+00 0.000000000000000000e+00 0.000000000000000000e+00 0.000000000000000000e+00 0.000000000000000000e+00 0.000000000000000000e+00 0.000000000000000000e+00 0.000000000000000000e+00 0.000000000000000000e+00 0.000000000000000000e+00 0.000000000000000000e+00 0.000000000000000000e+00 0.000000000000000000e+00 0.000000000000000000e+00 0.000000000000000000e+00 0.000000000000000000e+00 0.000000000000000000e+00 0.000000000000000000e+00 0.000000000000000000e+00 0.000000000000000000e+00 0.000000000000000000e+00 0.000000000000000000e+00 0.000000000000000000e+00 0.000000000000000000e+00 0.000000000000000000e+00 0.000000000000000000e+00 1.000000000000000000e+00 7.062152371437032672e-01 4.997901818569605581e-01 3.597612487456254282e-01 2.528623533774727039e-01 1.877832576742886062e-01 1.327351287217715392e-01 8.754926348739411335e-02 6.261473873477900465e-02 4.156170285711969364e-02 2.729602250527916538e-02 2.418482180915053001e-02 2.859192391957162890e-02 1.853599032383233813e-02 1.787473127289845518e-02 7.454337459597179007e-03 5.821646326481084120e-03
0.000000000000000000e+00 0.000000000000000000e+00 0.000000000000000000e+00 0.000000000000000000e+00 0.000000000000000000e+00 0.000000000000000000e+00 0.000000000000000000e+00 0.000000000000000000e+00 0.000000000000000000e+00 0.000000000000000000e+00 0.000000000000000000e+00 0.000000000000000000e+00 0.000000000000000000e+00 0.000000000000000000e+00 0.000000000000000000e+00 0.000000000000000000e+00 0.000000000000000000e+00 0.000000000000000000e+00 0.000000000000000000e+00 0.000000000000000000e+00 0.000000000000000000e+00 0.000000000000000000e+00 0.000000000000000000e+00 0.000000000000000000e+00 0.000000000000000000e+00 0.000000000000000000e+00 0.000000000000000000e+00 0.000000000000000000e+00 0.000000000000000000e+00 0.000000000000000000e+00 0.000000000000000000e+00 0.000000000000000000e+00 0.000000000000000000e+00 0.000000000000000000e+00 0.000000000000000000e+00 0.000000000000000000e+00 0.000000000000000000e+00 0.000000000000000000e+00 0.000000000000000000e+00 0.000000000000000000e+00 0.000000000000000000e+00 0.000000000000000000e+00 0.000000000000000000e+00 0.000000000000000000e+00 0.000000000000000000e+00 0.000000000000000000e+00 0.000000000000000000e+00 0.000000000000000000e+00 0.000000000000000000e+00 0.000000000000000000e+00 0.000000000000000000e+00 0.000000000000000000e+00 0.000000000000000000e+00 0.000000000000000000e+00 0.000000000000000000e+00 0.000000000000000000e+00 0.000000000000000000e+00 0.000000000000000000e+00 0.000000000000000000e+00 0.000000000000000000e+00 0.000000000000000000e+00 0.000000000000000000e+00 0.000000000000000000e+00 0.000000000000000000e+00 0.000000000000000000e+00 0.000000000000000000e+00 0.000000000000000000e+00 0.000000000000000000e+00 0.000000000000000000e+00 0.000000000000000000e+00 0.000000000000000000e+00 0.000000000000000000e+00 0.000000000000000000e+00 0.000000000000000000e+00 0.000000000000000000e+00 0.000000000000000000e+00 0.000000000000000000e+00 0.000000000000000000e+00 0.000000000000000000e+00 0.000000000000000000e+00 0.000000000000000000e+00 0.000000000000000000e+00 0.000000000000000000e+00 1.000000000000000000e+00 6.957591988997857690e-01 4.946048722807094844e-01 3.512386011779271566e-01 2.514971158539234808e-01 1.752051435442129323e-01 1.167829264924657579e-01 8.463638454385845333e-02 5.877832602261030825e-02 3.783848689349336020e-02 2.970229371307842731e-02 3.051190995316571328e-02 2.434543889100684866e-02 2.359397920242335689e-02 1.492193297908949237e-02 7.142490755762445284e-03
0.000000000000000000e+00 0.000000000000000000e+00 0.000000000000000000e+00 0.000000000000000000e+00 0.000000000000000000e+00 0.000000000000000000e+00 0.000000000000000000e+00 0.000000000000000000e+00 0.000000000000000000e+00 0.000000000000000000e+00 0.000000000000000000e+00 0.000000000000000000e+00 0.000000000000000000e+00 0.000000000000000000e+00 0.000000000000000000e+00 0.000000000000000000e+00 0.000000000000000000e+00 0.000000000000000000e+00 0.000000000000000000e+00 0.000000000000000000e+00 0.000000000000000000e+00 0.000000000000000000e+00 0.000000000000000000e+00 0.000000000000000000e+00 0.000000000000000000e+00 0.000000000000000000e+00 0.000000000000000000e+00 0.000000000000000000e+00 0.000000000000000000e+00 0.000000000000000000e+00 0.000000000000000000e+00 0.000000000000000000e+00 0.000000000000000000e+00 0.000000000000000000e+00 0.000000000000000000e+00 0.000000000000000000e+00 0.000000000000000000e+00 0.000000000000000000e+00 0.000000000000000000e+00 0.000000000000000000e+00 0.000000000000000000e+00 0.000000000000000000e+00 0.000000000000000000e+00 0.000000000000000000e+00 0.000000000000000000e+00 0.000000000000000000e+00 0.000000000000000000e+00 0.000000000000000000e+00 0.000000000000000000e+00 0.000000000000000000e+00 0.000000000000000000e+00 0.000000000000000000e+00 0.000000000000000000e+00 0.000000000000000000e+00 0.000000000000000000e+00 0.000000000000000000e+00 0.000000000000000000e+00 0.000000000000000000e+00 0.000000000000000000e+00 0.000000000000000000e+00 0.000000000000000000e+00 0.000000000000000000e+00 0.000000000000000000e+00 0.000000000000000000e+00 0.000000000000000000e+00 0.000000000000000000e+00 0.000000000000000000e+00 0.000000000000000000e+00 0.000000000000000000e+00 0.000000000000000000e+00 0.000000000000000000e+00 0.000000000000000000e+00 0.000000000000000000e+00 0.000000000000000000e+00 0.000000000000000000e+00 0.000000000000000000e+00 0.000000000000000000e+00 0.000000000000000000e+00 0.000000000000000000e+00 0.000000000000000000e+00 0.000000000000000000e+00 0.000000000000000000e+00 0.000000000000000000e+00 0.000000000000000000e+00 1.000000000000000000e+00 7.005781796887597945e-01 5.009357584329382496e-01 3.573290292406810509e-01 2.586298540687479441e-01 1.785091702758680732e-01 1.281991418899404434e-01 9.473626157333255027e-02 6.611410248695288872e-02 4.689942512638695105e-02 3.691435059766290383e-02 3.272840239271086749e-02 2.581364389489714667e-02 1.463704661422262840e-02 7.914219033843020515e-03
0.000000000000000000e+00 0.000000000000000000e+00 0.000000000000000000e+00 0.000000000000000000e+00 0.000000000000000000e+00 0.000000000000000000e+00 0.000000000000000000e+00 0.000000000000000000e+00 0.000000000000000000e+00 0.000000000000000000e+00 0.000000000000000000e+00 0.000000000000000000e+00 0.000000000000000000e+00 0.000000000000000000e+00 0.000000000000000000e+00 0.000000000000000000e+00 0.000000000000000000e+00 0.000000000000000000e+00 0.000000000000000000e+00 0.000000000000000000e+00 0.000000000000000000e+00 0.000000000000000000e+00 0.000000000000000000e+00 0.000000000000000000e+00 0.000000000000000000e+00 0.000000000000000000e+00 0.000000000000000000e+00 0.000000000000000000e+00 0.000000000000000000e+00 0.000000000000000000e+00 0.000000000000000000e+00 0.000000000000000000e+00 0.000000000000000000e+00 0.000000000000000000e+00 0.000000000000000000e+00 0.000000000000000000e+00 0.000000000000000000e+00 0.000000000000000000e+00 0.000000000000000000e+00 0.000000000000000000e+00 0.000000000000000000e+00 0.000000000000000000e+00 0.000000000000000000e+00 0.000000000000000000e+00 0.000000000000000000e+00 0.000000000000000000e+00 0.000000000000000000e+00 0.000000000000000000e+00 0.000000000000000000e+00 0.000000000000000000e+00 0.000000000000000000e+00 0.000000000000000000e+00 0.000000000000000000e+00 0.000000000000000000e+00 0.000000000000000000e+00 0.000000000000000000e+00 0.000000000000000000e+00 0.000000000000000000e+00 0.000000000000000000e+00 0.000000000000000000e+00 0.000000000000000000e+00 0.000000000000000000e+00 0.000000000000000000e+00 0.000000000000000000e+00 0.000000000000000000e+00 0.000000000000000000e+00 0.000000000000000000e+00 0.000000000000000000e+00 0.000000000000000000e+00 0.000000000000000000e+00 0.000000000000000000e+00 0.000000000000000000e+00 0.000000000000000000e+00 0.000000000000000000e+00 0.000000000000000000e+00 0.000000000000000000e+00 0.000000000000000000e+00 0.000000000000000000e+00 0.000000000000000000e+00 0.000000000000000000e+00 0.000000000000000000e+00 0.000000000000000000e+00 0.000000000000000000e+00 0.000000000000000000e+00 0.000000000000000000e+00 1.000000000000000000e+00 7.026739968232184053e-01 5.021155311010306876e-01 3.617531882314000136e-01 2.577712960037298329e-01 1.864980005131436913e-01 1.338139843217502067e-01 8.880613585624351491e-02 6.481707702738286059e-02 4.505857634928921163e-02 3.786031441235705730e-02 2.528692573521094597e-02 1.807983719723765814e-02 1.256688567449232123e-02
0.000000000000000000e+00 0.000000000000000000e+00 0.000000000000000000e+00 0.000000000000000000e+00 0.000000000000000000e+00 0.000000000000000000e+00 0.000000000000000000e+00 0.000000000000000000e+00 0.000000000000000000e+00 0.000000000000000000e+00 0.000000000000000000e+00 0.000000000000000000e+00 0.000000000000000000e+00 0.000000000000000000e+00 0.000000000000000000e+00 0.000000000000000000e+00 0.000000000000000000e+00 0.000000000000000000e+00 0.000000000000000000e+00 0.000000000000000000e+00 0.000000000000000000e+00 0.000000000000000000e+00 0.000000000000000000e+00 0.000000000000000000e+00 0.000000000000000000e+00 0.000000000000000000e+00 0.000000000000000000e+00 0.000000000000000000e+00 0.000000000000000000e+00 0.000000000000000000e+00 0.000000000000000000e+00 0.000000000000000000e+00 0.000000000000000000e+00 0.000000000000000000e+00 0.000000000000000000e+00 0.000000000000000000e+00 0.000000000000000000e+00 0.000000000000000000e+00 0.000000000000000000e+00 0.000000000000000000e+00 0.000000000000000000e+00 0.000000000000000000e+00 0.000000000000000000e+00 0.000000000000000000e+00 0.000000000000000000e+00 0.000000000000000000e+00 0.000000000000000000e+00 0.000000000000000000e+00 0.000000000000000000e+00 0.000000000000000000e+00 0.000000000000000000e+00 0.000000000000000000e+00 0.000000000000000000e+00 0.000000000000000000e+00 0.000000000000000000e+00 0.000000000000000000e+00 0.000000000000000000e+00 0.000000000000000000e+00 0.000000000000000000e+00 0.000000000000000000e+00 0.000000000000000000e+00 0.000000000000000000e+00 0.000000000000000000e+00 0.000000000000000000e+00 0.000000000000000000e+00 0.000000000000000000e+00 0.000000000000000000e+00 0.000000000000000000e+00 0.000000000000000000e+00 0.000000000000000000e+00 0.000000000000000000e+00 0.000000000000000000e+00 0.000000000000000000e+00 0.000000000000000000e+00 0.000000000000000000e+00 0.000000000000000000e+00 0.000000000000000000e+00 0.000000000000000000e+00 0.000000000000000000e+00 0.000000000000000000e+00 0.000000000000000000e+00 0.000000000000000000e+00 0.000000000000000000e+00 0.000000000000000000e+00 0.000000000000000000e+00 0.000000000000000000e+00 1.000000000000000000e+00 6.984966677047067529e-01 5.027318660150182916e-01 3.534269207266143020e-01 2.601488442096378528e-01 1.872833600207365334e-01 1.267293310676250451e-01 9.953847352822411954e-02 6.942639404737531439e-02 5.187916765065380548e-02 3.734029663547035194e-02 2.611330094435924259e-02 1.615257301010169719e-02
0.000000000000000000e+00 0.000000000000000000e+00 0.000000000000000000e+00 0.000000000000000000e+00 0.000000000000000000e+00 0.000000000000000000e+00 0.000000000000000000e+00 0.000000000000000000e+00 0.000000000000000000e+00 0.000000000000000000e+00 0.000000000000000000e+00 0.000000000000000000e+00 0.000000000000000000e+00 0.000000000000000000e+00 0.000000000000000000e+00 0.000000000000000000e+00 0.000000000000000000e+00 0.000000000000000000e+00 0.000000000000000000e+00 0.000000000000000000e+00 0.000000000000000000e+00 0.000000000000000000e+00 0.000000000000000000e+00 0.000000000000000000e+00 0.000000000000000000e+00 0.000000000000000000e+00 0.000000000000000000e+00 0.000000000000000000e+00 0.000000000000000000e+00 0.000000000000000000e+00 0.000000000000000000e+00 0.000000000000000000e+00 0.000000000000000000e+00 0.000000000000000000e+00 0.000000000000000000e+00 0.000000000000000000e+00 0.000000000000000000e+00 0.000000000000000000e+00 0.000000000000000000e+00 0.000000000000000000e+00 0.000000000000000000e+00 0.000000000000000000e+00 0.000000000000000000e+00 0.000000000000000000e+00 0.000000000000000000e+00 0.000000000000000000e+00 0.000000000000000000e+00 0.000000000000000000e+00 0.000000000000000000e+00 0.000000000000000000e+00 0.000000000000000000e+00 0.000000000000000000e+00 0.000000000000000000e+00 0.000000000000000000e+00 0.000000000000000000e+00 0.000000000000000000e+00 0.000000000000000000e+00 0.000000000000000000e+00 0.000000000000000000e+00 0.000000000000000000e+00 0.000000000000000000e+00 0.000000000000000000e+00 0.000000000000000000e+00 0.000000000000000000e+00 0.000000000000000000e+00 0.000000000000000000e+00 0.000000000000000000e+00 0.000000000000000000e+00 0.000000000000000000e+00 0.000000000000000000e+00 0.000000000000000000e+00 0.000000000000000000e+00 0.000000000000000000e+00 0.000000000000000000e+00 0.000000000000000000e+00 0.000000000000000000e+00 0.000000000000000000e+00 0.000000000000000000e+00 0.000000000000000000e+00 0.000000000000000000e+00 0.000000000000000000e+00 0.000000000000000000e+00 0.000000000000000000e+00 0.000000000000000000e+00 0.000000000000000000e+00 0.000000000000000000e+00 0.000000000000000000e+00 1.000000000000000000e+00 6.983559130315325492e-01 4.940599490085124668e-01 3.585537223813556329e-01 2.572633640723810955e-01 1.806970840849189963e-01 1.314434696488455956e-01 8.724486147678313375e-02 6.135641542276948357e-02 4.255951721550549349e-02 3.692656524247427824e-02 2.317415436097933212e-02
0.000000000000000000e+00 0.000000000000000000e+00 0.000000000000000000e+00 0.000000000000000000e+00 0.000000000000000000e+00 0.000000000000000000e+00 0.000000000000000000e+00 0.000000000000000000e+00 0.000000000000000000e+00 0.000000000000000000e+00 0.000000000000000000e+00 0.000000000000000000e+00 0.000000000000000000e+00 0.000000000000000000e+00 0.000000000000000000e+00 0.000000000000000000e+00 0.000000000000000000e+00 0.000000000000000000e+00 0.000000000000000000e+00 0.000000000000000000e+00 0.000000000000000000e+00 0.000000000000000000e+00 0.000000000000000000e+00 0.000000000000000000e+00 0.000000000000000000e+00 0.000000000000000000e+00 0.000000000000000000e+00 0.000000000000000000e+00 0.000000000000000000e+00 0.000000000000000000e+00 0.000000000000000000e+00 0.000000000000000000e+00 0.000000000000000000e+00 0.000000000000000000e+00 0.000000000000000000e+00 0.000000000000000000e+00 0.000000000000000000e+00 0.000000000000000000e+00 0.000000000000000000e+00 0.000000000000000000e+00 0.000000000000000000e+00 0.000000000000000000e+00 0.000000000000000000e+00 0.000000000000000000e+00 0.000000000000000000e+00 0.000000000000000000e+00 0.000000000000000000e+00 0.000000000000000000e+00 0.000000000000000000e+00 0.000000000000000000e+00 0.000000000000000000e+00 0.000000000000000000e+00 0.000000000000000000e+00 0.000000000000000000e+00 0.000000000000000000e+00 0.000000000000000000e+00 0.000000000000000000e+00 0.000000000000000000e+00 0.000000000000000000e+00 0.000000000000000000e+00 0.000000000000000000e+00 0.000000000000000000e+00 0.000000000000000000e+00 0.000000000000000000e+00 0.000000000000000000e+00 0.000000000000000000e+00 0.000000000000000000e+00 0.000000000000000000e+00 0.000000000000000000e+00 0.000000000000000000e+00 0.000000000000000000e+00 0.000000000000000000e+00 0.000000000000000000e+00 0.000000000000000000e+00 0.000000000000000000e+00 0.000000000000000000e+00 0.000000000000000000e+00 0.000000000000000000e+00 0.000000000000000000e+00 0.000000000000000000e+00 0.000000000000000000e+00 0.000000000000000000e+00 0.000000000000000000e+00 0.000000000000000000e+00 0.000000000000000000e+00 0.000000000000000000e+00 0.000000000000000000e+00 0.000000000000000000e+00 1.000000000000000000e+00 6.956793425869080005e-01 5.027652255660048919e-01 3.628012905872225469e-01 2.547425261927864781e-01 1.842162445590364017e-01 1.263551726363867644e-01 8.790905223397654789e-02 5.822472331048323541e-02 4.459540459408271873e-02 2.643558138564855789e-02
0.000000000000000000e+00 0.000000000000000000e+00 0.000000000000000000e+00 0.000000000000000000e+00 0.000000000000000000e+00 0.000000000000000000e+00 0.000000000000000000e+00 0.000000000000000000e+00 0.000000000000000000e+00 0.000000000000000000e+00 0.000000000000000000e+00 0.000000000000000000e+00 0.000000000000000000e+00 0.000000000000000000e+00 0.000000000000000000e+00 0.000000000000000000e+00 0.000000000000000000e+00 0.000000000000000000e+00 0.000000000000000000e+00 0.000000000000000000e+00 0.000000000000000000e+00 0.000000000000000000e+00 0.000000000000000000e+00 0.000000000000000000e+00 0.000000000000000000e+00 0.000000000000000000e+00 0.000000000000000000e+00 0.000000000000000000e+00 0.000000000000000000e+00 0.000000000000000000e+00 0.000000000000000000e+00 0.000000000000000000e+00 0.000000000000000000e+00 0.000000000000000000e+00 0.000000000000000000e+00 0.000000000000000000e+00 0.000000000000000000e+00 0.000000000000000000e+00 0.000000000000000000e+00 0.000000000000000000e+00 0.000000000000000000e+00 0.000000000000000000e+00 0.000000000000000000e+00 0.000000000000000000e+00 0.000000000000000000e+00 0.000000000000000000e+00 0.000000000000000000e+00 0.000000000000000000e+00 0.000000000000000000e+00 0.000000000000000000e+00 0.000000000000000000e+00 0.000000000000000000e+00 0.000000000000000000e+00 0.000000000000000000e+00 0.000000000000000000e+00 0.000000000000000000e+00 0.000000000000000000e+00 0.000000000000000000e+00 0.000000000000000000e+00 0.000000000000000000e+00 0.000000000000000000e+00 0.000000000000000000e+00 0.000000000000000000e+00 0.000000000000000000e+00 0.000000000000000000e+00 0.000000000000000000e+00 0.000000000000000000e+00 0.000000000000000000e+00 0.000000000000000000e+00 0.000000000000000000e+00 0.000000000000000000e+00 0.000000000000000000e+00 0.000000000000000000e+00 0.000000000000000000e+00 0.000000000000000000e+00 0.000000000000000000e+00 0.000000000000000000e+00 0.000000000000000000e+00 0.000000000000000000e+00 0.000000000000000000e+00 0.000000000000000000e+00 0.000000000000000000e+00 0.000000000000000000e+00 0.000000000000000000e+00 0.000000000000000000e+00 0.000000000000000000e+00 0.000000000000000000e+00 0.000000000000000000e+00 0.000000000000000000e+00 1.000000000000000000e+00 7.039339440588130437e-01 5.055156706726315896e-01 3.588161745090097110e-01 2.544274831188609864e-01 1.732321306706774977e-01 1.161529043401027805e-01 8.575171667985539981e-02 5.890698559961642794e-02 3.621976383453160558e-02
0.000000000000000000e+00 0.000000000000000000e+00 0.000000000000000000e+00 0.000000000000000000e+00 0.000000000000000000e+00 0.000000000000000000e+00 0.000000000000000000e+00 0.000000000000000000e+00 0.000000000000000000e+00 0.000000000000000000e+00 0.000000000000000000e+00 0.000000000000000000e+00 0.000000000000000000e+00 0.000000000000000000e+00 0.000000000000000000e+00 0.000000000000000000e+00 0.000000000000000000e+00 0.000000000000000000e+00 0.000000000000000000e+00 0.000000000000000000e+00 0.000000000000000000e+00 0.000000000000000000e+00 0.000000000000000000e+00 0.000000000000000000e+00 0.000000000000000000e+00 0.000000000000000000e+00 0.000000000000000000e+00 0.000000000000000000e+00 0.000000000000000000e+00 0.000000000000000000e+00 0.000000000000000000e+00 0.000000000000000000e+00 0.000000000000000000e+00 0.000000000000000000e+00 0.000000000000000000e+00 0.000000000000000000e+00 0.000000000000000000e+00 0.000000000000000000e+00 0.000000000000000000e+00 0.000000000000000000e+00 0.000000000000000000e+00 0.000000000000000000e+00 0.000000000000000000e+00 0.000000000000000000e+00 0.000000000000000000e+00 0.000000000000000000e+00 0.000000000000000000e+00 0.000000000000000000e+00 0.000000000000000000e+00 0.000000000000000000e+00 0.000000000000000000e+00 0.000000000000000000e+00 0.000000000000000000e+00 0.000000000000000000e+00 0.000000000000000000e+00 0.000000000000000000e+00 0.000000000000000000e+00 0.000000000000000000e+00 0.000000000000000000e+00 0.000000000000000000e+00 0.000000000000000000e+00 0.000000000000000000e+00 0.000000000000000000e+00 0.000000000000000000e+00 0.000000000000000000e+00 0.000000000000000000e+00 0.000000000000000000e+00 0.000000000000000000e+00 0.000000000000000000e+00 0.000000000000000000e+00 0.000000000000000000e+00 0.000000000000000000e+00 0.000000000000000000e+00 0.000000000000000000e+00 0.000000000000000000e+00 0.000000000000000000e+00 0.000000000000000000e+00 0.000000000000000000e+00 0.000000000000000000e+00 0.000000000000000000e+00 0.000000000000000000e+00 0.000000000000000000e+00 0.000000000000000000e+00 0.000000000000000000e+00 0.000000000000000000e+00 0.000000000000000000e+00 0.000000000000000000e+00 0.000000000000000000e+00 0.000000000000000000e+00 0.000000000000000000e+00 1.000000000000000000e+00 6.980090796323201729e-01 4.938220818061904160e-01 3.436154180012894743e-01 2.436145835592433695e-01 1.616287095996354062e-01 1.234695262826525780e-01 8.196691054279726940e-02 5.439579564747775570e-02
0.000000000000000000e+00 0.000000000000000000e+00 0.000000000000000000e+00 0.000000000000000000e+00 0.000000000000000000e+00 0.000000000000000000e+00 0.000000000000000000e+00 0.000000000000000000e+00 0.000000000000000000e+00 0.000000000000000000e+00 0.000000000000000000e+00 0.000000000000000000e+00 0.000000000000000000e+00 0.000000000000000000e+00 0.000000000000000000e+00 0.000000000000000000e+00 0.000000000000000000e+00 0.000000000000000000e+00 0.000000000000000000e+00 0.000000000000000000e+00 0.000000000000000000e+00 0.000000000000000000e+00 0.000000000000000000e+00 0.000000000000000000e+00 0.000000000000000000e+00 0.000000000000000000e+00 0.000000000000000000e+00 0.000000000000000000e+00 0.000000000000000000e+00 0.000000000000000000e+00 0.000000000000000000e+00 0.000000000000000000e+00 0.000000000000000000e+00 0.000000000000000000e+00 0.000000000000000000e+00 0.000000000000000000e+00 0.000000000000000000e+00 0.000000000000000000e+00 0.000000000000000000e+00 0.000000000000000000e+00 0.000000000000000000e+00 0.000000000000000000e+00 0.000000000000000000e+00 0.000000000000000000e+00 0.000000000000000000e+00 0.000000000000000000e+00 0.000000000000000000e+00 0.000000000000000000e+00 0.000000000000000000e+00 0.000000000000000000e+00 0.000000000000000000e+00 0.000000000000000000e+00 0.000000000000000000e+00 0.000000000000000000e+00 0.000000000000000000e+00 0.000000000000000000e+00 0.000000000000000000e+00 0.000000000000000000e+00 0.000000000000000000e+00 0.000000000000000000e+00 0.000000000000000000e+00 0.000000000000000000e+00 0.000000000000000000e+00 0.000000000000000000e+00 0.000000000000000000e+00 0.000000000000000000e+00 0.000000000000000000e+00 0.000000000000000000e+00 0.000000000000000000e+00 0.000000000000000000e+00 0.000000000000000000e+00 0.000000000000000000e+00 0.000000000000000000e+00 0.000000000000000000e+00 0.000000000000000000e+00 0.000000000000000000e+00 0.000000000000000000e+00 0.000000000000000000e+00 0.000000000000000000e+00 0.000000000000000000e+00 0.000000000000000000e+00 0.000000000000000000e+00 0.000000000000000000e+00 0.000000000000000000e+00 0.000000000000000000e+00 0.000000000000000000e+00 0.000000000000000000e+00 0.000000000000000000e+00 0.000000000000000000e+00 0.000000000000000000e+00 0.000000000000000000e+00 1.000000000000000000e+00 6.972681619721845525e-01 4.927756725131432480e-01 3.587091150625572600e-01 2.432710533300582734e-01 1.824287016789771509e-01 1.231469199409331722e-01 7.349527549683644578e-02
0.000000000000000000e+00 0.000000000000000000e+00 0.000000000000000000e+00 0.000000000000000000e+00 0.000000000000000000e+00 0.000000000000000000e+00 0.000000000000000000e+00 0.000000000000000000e+00 0.000000000000000000e+00 0.000000000000000000e+00 0.000000000000000000e+00 0.000000000000000000e+00 0.000000000000000000e+00 0.000000000000000000e+00 0.000000000000000000e+00 0.000000000000000000e+00 0.000000000000000000e+00 0.000000000000000000e+00 0.000000000000000000e+00 0.000000000000000000e+00 0.000000000000000000e+00 0.000000000000000000e+00 0.000000000000000000e+00 0.000000000000000000e+00 0.000000000000000000e+00 0.000000000000000000e+00 0.000000000000000000e+00 0.000000000000000000e+00 0.000000000000000000e+00 0.000000000000000000e+00 0.000000000000000000e+00 0.000000000000000000e+00 0.000000000000000000e+00 0.000000000000000000e+00 0.000000000000000000e+00 0.000000000000000000e+00 0.000000000000000000e+00 0.000000000000000000e+00 0.000000000000000000e+00 0.000000000000000000e+00 0.000000000000000000e+00 0.000000000000000000e+00 0.000000000000000000e+00 0.000000000000000000e+00 0.000000000000000000e+00 0.000000000000000000e+00 0.000000000000000000e+00 0.000000000000000000e+00 0.000000000000000000e+00 0.000000000000000000e+00 0.000000000000000000e+00 0.000000000000000000e+00 0.000000000000000000e+00 0.000000000000000000e+00 0.000000000000000000e+00 0.000000000000000000e+00 0.000000000000000000e+00 0.000000000000000000e+00 0.000000000000000000e+00 0.000000000000000000e+00 0.000000000000000000e+00 0.000000000000000000e+00 0.000000000000000000e+00 0.000000000000000000e+00 0.000000000000000000e+00 0.000000000000000000e+00 0.000000000000000000e+00 0.000000000000000000e+00 0.000000000000000000e+00 0.000000000000000000e+00 0.000000000000000000e+00 0.000000000000000000e+00 0.000000000000000000e+00 0.000000000000000000e+00 0.000000000000000000e+00 0.000000000000000000e+00 0.000000000000000000e+00 0.000000000000000000e+00 0.000000000000000000e+00 0.000000000000000000e+00 0.000000000000000000e+00 0.000000000000000000e+00 0.000000000000000000e+00 0.000000000000000000e+00 0.000000000000000000e+00 0.000000000000000000e+00 0.000000000000000000e+00 0.000000000000000000e+00 0.000000000000000000e+00 0.000000000000000000e+00 0.000000000000000000e+00 0.000000000000000000e+00 1.000000000000000000e+00 6.938202702650735354e-01 4.985821733107586029e-01 3.412305553552651416e-01 2.475286209057869780e-01 1.749107879875717031e-01 1.194752572888569814e-01
0.000000000000000000e+00 0.000000000000000000e+00 0.000000000000000000e+00 0.000000000000000000e+00 0.000000000000000000e+00 0.000000000000000000e+00 0.000000000000000000e+00 0.000000000000000000e+00 0.000000000000000000e+00 0.000000000000000000e+00 0.000000000000000000e+00 0.000000000000000000e+00 0.000000000000000000e+00 0.000000000000000000e+00 0.000000000000000000e+00 0.000000000000000000e+00 0.000000000000000000e+00 0.000000000000000000e+00 0.000000000000000000e+00 0.000000000000000000e+00 0.000000000000000000e+00 0.000000000000000000e+00 0.000000000000000000e+00 0.000000000000000000e+00 0.000000000000000000e+00 0.000000000000000000e+00 0.000000000000000000e+00 0.000000000000000000e+00 0.000000000000000000e+00 0.000000000000000000e+00 0.000000000000000000e+00 0.000000000000000000e+00 0.000000000000000000e+00 0.000000000000000000e+00 0.000000000000000000e+00 0.000000000000000000e+00 0.000000000000000000e+00 0.000000000000000000e+00 0.000000000000000000e+00 0.000000000000000000e+00 0.000000000000000000e+00 0.000000000000000000e+00 0.000000000000000000e+00 0.000000000000000000e+00 0.000000000000000000e+00 0.000000000000000000e+00 0.000000000000000000e+00 0.000000000000000000e+00 0.000000000000000000e+00 0.000000000000000000e+00 0.000000000000000000e+00 0.000000000000000000e+00 0.000000000000000000e+00 0.000000000000000000e+00 0.000000000000000000e+00 0.000000000000000000e+00 0.000000000000000000e+00 0.000000000000000000e+00 0.000000000000000000e+00 0.000000000000000000e+00 0.000000000000000000e+00 0.000000000000000000e+00 0.000000000000000000e+00 0.000000000000000000e+00 0.000000000000000000e+00 0.000000000000000000e+00 0.000000000000000000e+00 0.000000000000000000e+00 0.000000000000000000e+00 0.000000000000000000e+00 0.000000000000000000e+00 0.000000000000000000e+00 0.000000000000000000e+00 0.000000000000000000e+00 0.000000000000000000e+00 0.000000000000000000e+00 0.000000000000000000e+00 0.000000000000000000e+00 0.000000000000000000e+00 0.000000000000000000e+00 0.000000000000000000e+00 0.000000000000000000e+00 0.000000000000000000e+00 0.000000000000000000e+00 0.000000000000000000e+00 0.000000000000000000e+00 0.000000000000000000e+00 0.000000000000000000e+00 0.000000000000000000e+00 0.000000000000000000e+00 0.000000000000000000e+00 0.000000000000000000e+00 0.000000000000000000e+00 1.000000000000000000e+00 7.042127053056310704e-01 4.904809178266268388e-01 3.531922120172807933e-01 2.536285732004145976e-01 1.805978787542649455e-01
0.000000000000000000e+00 0.000000000000000000e+00 0.000000000000000000e+00 0.000000000000000000e+00 0.000000000000000000e+00 0.000000000000000000e+00 0.000000000000000000e+00 0.000000000000000000e+00 0.000000000000000000e+00 0.000000000000000000e+00 0.000000000000000000e+00 0.000000000000000000e+00 0.000000000000000000e+00 0.000000000000000000e+00 0.000000000000000000e+00 0.000000000000000000e+00 0.000000000000000000e+00 0.000000000000000000e+00 0.000000000000000000e+00 0.000000000000000000e+00 0.000000000000000000e+00 0.000000000000000000e+00 0.000000000000000000e+00 0.000000000000000000e+00 0.000000000000000000e+00 0.000000000000000000e+00 0.000000000000000000e+00 0.000000000000000000e+00 0.000000000000000000e+00 0.000000000000000000e+00 0.000000000000000000e+00 0.000000000000000000e+00 0.000000000000000000e+00 0.000000000000000000e+00 0.000000000000000000e+00 0.000000000000000000e+00 0.000000000000000000e+00 0.000000000000000000e+00 0.000000000000000000e+00 0.000000000000000000e+00 0.000000000000000000e+00 0.000000000000000000e+00 0.000000000000000000e+00 0.000000000000000000e+00 0.000000000000000000e+00 0.000000000000000000e+00 0.000000000000000000e+00 0.000000000000000000e+00 0.000000000000000000e+00 0.000000000000000000e+00 0.000000000000000000e+00 0.000000000000000000e+00 0.000000000000000000e+00 0.000000000000000000e+00 0.000000000000000000e+00 0.000000000000000000e+00 0.000000000000000000e+00 0.000000000000000000e+00 0.000000000000000000e+00 0.000000000000000000e+00 0.000000000000000000e+00 0.000000000000000000e+00 0.000000000000000000e+00 0.000000000000000000e+00 0.000000000000000000e+00 0.000000000000000000e+00 0.000000000000000000e+00 0.000000000000000000e+00 0.000000000000000000e+00 0.000000000000000000e+00 0.000000000000000000e+00 0.000000000000000000e+00 0.000000000000000000e+00 0.000000000000000000e+00 0.000000000000000000e+00 0.000000000000000000e+00 0.000000000000000000e+00 0.000000000000000000e+00 0.000000000000000000e+00 0.000000000000000000e+00 0.000000000000000000e+00 0.000000000000000000e+00 0.000000000000000000e+00 0.000000000000000000e+00 0.000000000000000000e+00 0.000000000000000000e+00 0.000000000000000000e+00 0.000000000000000000e+00 0.000000000000000000e+00 0.000000000000000000e+00 0.000000000000000000e+00 0.000000000000000000e+00 0.000000000000000000e+00 0.000000000000000000e+00 1.000000000000000000e+00 6.931534019949938674e-01 5.044792726820298556e-01 3.599695330549363415e-01 2.509406974106643817e-01
0.000000000000000000e+00 0.000000000000000000e+00 0.000000000000000000e+00 0.000000000000000000e+00 0.000000000000000000e+00 0.000000000000000000e+00 0.000000000000000000e+00 0.000000000000000000e+00 0.000000000000000000e+00 0.000000000000000000e+00 0.000000000000000000e+00 0.000000000000000000e+00 0.000000000000000000e+00 0.000000000000000000e+00 0.000000000000000000e+00 0.000000000000000000e+00 0.000000000000000000e+00 0.000000000000000000e+00 0.000000000000000000e+00 0.000000000000000000e+00 0.000000000000000000e+00 0.000000000000000000e+00 0.000000000000000000e+00 0.000000000000000000e+00 0.000000000000000000e+00 0.000000000000000000e+00 0.000000000000000000e+00 0.000000000000000000e+00 0.000000000000000000e+00 0.000000000000000000e+00 0.000000000000000000e+00 0.000000000000000000e+00 0.000000000000000000e+00 0.000000000000000000e+00 0.000000000000000000e+00 0.000000000000000000e+00 0.000000000000000000e+00 0.000000000000000000e+00 0.000000000000000000e+00 0.000000000000000000e+00 0.000000000000000000e+00 0.000000000000000000e+00 0.000000000000000000e+00 0.000000000000000000e+00 0.000000000000000000e+00 0.000000000000000000e+00 0.000000000000000000e+00 0.000000000000000000e+00 0.000000000000000000e+00 0.000000000000000000e+00 0.000000000000000000e+00 0.000000000000000000e+00 0.000000000000000000e+00 0.000000000000000000e+00 0.000000000000000000e+00 0.000000000000000000e+00 0.000000000000000000e+00 0.000000000000000000e+00 0.000000000000000000e+00 0.000000000000000000e+00 0.000000000000000000e+00 0.000000000000000000e+00 0.000000000000000000e+00 0.000000000000000000e+00 0.000000000000000000e+00 0.000000000000000000e+00 0.000000000000000000e+00 0.000000000000000000e+00 0.000000000000000000e+00 0.000000000000000000e+00 0.000000000000000000e+00 0.000000000000000000e+00 0.000000000000000000e+00 0.000000000000000000e+00 0.000000000000000000e+00 0.000000000000000000e+00 0.000000000000000000e+00 0.000000000000000000e+00 0.000000000000000000e+00 0.000000000000000000e+00 0.000000000000000000e+00 0.000000000000000000e+00 0.000000000000000000e+00 0.000000000000000000e+00 0.000000000000000000e+00 0.000000000000000000e+00 0.000000000000000000e+00 0.000000000000000000e+00 0.000000000000000000e+00 0.000000000000000000e+00 0.000000000000000000e+00 0.000000000000000000e+00 0.000000000000000000e+00 0.000000000000000000e+00 0.000000000000000000e+00 1.000000000000000000e+00 7.041307631570138392e-01 4.977685285925896874e-01 3.503104097204084999e-01
0.000000000000000000e+00 0.000000000000000000e+00 0.000000000000000000e+00 0.000000000000000000e+00 0.000000000000000000e+00 0.000000000000000000e+00 0.000000000000000000e+00 0.000000000000000000e+00 0.000000000000000000e+00 0.000000000000000000e+00 0.000000000000000000e+00 0.000000000000000000e+00 0.000000000000000000e+00 0.000000000000000000e+00 0.000000000000000000e+00 0.000000000000000000e+00 0.000000000000000000e+00 0.000000000000000000e+00 0.000000000000000000e+00 0.000000000000000000e+00 0.000000000000000000e+00 0.000000000000000000e+00 0.000000000000000000e+00 0.000000000000000000e+00 0.000000000000000000e+00 0.000000000000000000e+00 0.000000000000000000e+00 0.000000000000000000e+00 0.000000000000000000e+00 0.000000000000000000e+00 0.000000000000000000e+00 0.000000000000000000e+00 0.000000000000000000e+00 0.000000000000000000e+00 0.000000000000000000e+00 0.000000000000000000e+00 0.000000000000000000e+00 0.000000000000000000e+00 0.000000000000000000e+00 0.000000000000000000e+00 0.000000000000000000e+00 0.000000000000000000e+00 0.000000000000000000e+00 0.000000000000000000e+00 0.000000000000000000e+00 0.000000000000000000e+00 0.000000000000000000e+00 0.000000000000000000e+00 0.000000000000000000e+00 0.000000000000000000e+00 0.000000000000000000e+00 0.000000000000000000e+00 0.000000000000000000e+00 0.000000000000000000e+00 0.000000000000000000e+00 0.000000000000000000e+00 0.000000000000000000e+00 0.000000000000000000e+00 0.000000000000000000e+00 0.000000000000000000e+00 0.000000000000000000e+00 0.000000000000000000e+00 0.000000000000000000e+00 0.000000000000000000e+00 0.000000000000000000e+00 0.000000000000000000e+00 0.000000000000000000e+00 0.000000000000000000e+00 0.000000000000000000e+00 0.000000000000000000e+00 0.000000000000000000e+00 0.000000000000000000e+00 0.000000000000000000e+00 0.000000000000000000e+00 0.000000000000000000e+00 0.000000000000000000e+00 0.000000000000000000e+00 0.000000000000000000e+00 0.000000000000000000e+00 0.000000000000000000e+00 0.000000000000000000e+00 0.000000000000000000e+00 0.000000000000000000e+00 0.000000000000000000e+00 0.000000000000000000e+00 0.000000000000000000e+00 0.000000000000000000e+00 0.000000000000000000e+00 0.000000000000000000e+00 0.000000000000000000e+00 0.000000000000000000e+00 0.000000000000000000e+00 0.000000000000000000e+00 0.000000000000000000e+00 0.000000000000000000e+00 0.000000000000000000e+00 1.000000000000000000e+00 6.996446885696906426e-01 4.964510167773477090e-01
0.000000000000000000e+00 0.000000000000000000e+00 0.000000000000000000e+00 0.000000000000000000e+00 0.000000000000000000e+00 0.000000000000000000e+00 0.000000000000000000e+00 0.000000000000000000e+00 0.000000000000000000e+00 0.000000000000000000e+00 0.000000000000000000e+00 0.000000000000000000e+00 0.000000000000000000e+00 0.000000000000000000e+00 0.000000000000000000e+00 0.000000000000000000e+00 0.000000000000000000e+00 0.000000000000000000e+00 0.000000000000000000e+00 0.000000000000000000e+00 0.000000000000000000e+00 0.000000000000000000e+00 0.000000000000000000e+00 0.000000000000000000e+00 0.000000000000000000e+00 0.000000000000000000e+00 0.000000000000000000e+00 0.000000000000000000e+00 0.000000000000000000e+00 0.000000000000000000e+00 0.000000000000000000e+00 0.000000000000000000e+00 0.000000000000000000e+00 0.000000000000000000e+00 0.000000000000000000e+00 0.000000000000000000e+00 0.000000000000000000e+00 0.000000000000000000e+00 0.000000000000000000e+00 0.000000000000000000e+00 0.000000000000000000e+00 0.000000000000000000e+00 0.000000000000000000e+00 0.000000000000000000e+00 0.000000000000000000e+00 0.000000000000000000e+00 0.000000000000000000e+00 0.000000000000000000e+00 0.000000000000000000e+00 0.000000000000000000e+00 0.000000000000000000e+00 0.000000000000000000e+00 0.000000000000000000e+00 0.000000000000000000e+00 0.000000000000000000e+00 0.000000000000000000e+00 0.000000000000000000e+00 0.000000000000000000e+00 0.000000000000000000e+00 0.000000000000000000e+00 0.000000000000000000e+00 0.000000000000000000e+00 0.000000000000000000e+00 0.000000000000000000e+00 0.000000000000000000e+00 0.000000000000000000e+00 0.000000000000000000e+00 0.000000000000000000e+00 0.000000000000000000e+00 0.000000000000000000e+00 0.000000000000000000e+00 0.000000000000000000e+00 0.000000000000000000e+00 0.000000000000000000e+00 0.000000000000000000e+00 0.000000000000000000e+00 0.000000000000000000e+00 0.000000000000000000e+00 0.000000000000000000e+00 0.000000000000000000e+00 0.000000000000000000e+00 0.000000000000000000e+00 0.000000000000000000e+00 0.000000000000000000e+00 0.000000000000000000e+00 0.000000000000000000e+00 0.000000000000000000e+00 0.000000000000000000e+00 0.000000000000000000e+00 0.000000000000000000e+00 0.000000000000000000e+00 0.000000000000000000e+00 0.000000000000000000e+00 0.000000000000000000e+00 0.000000000000000000e+00 0.000000000000000000e+00 0.000000000000000000e+00 1.000000000000000000e+00 6.929912413572474339e-01
0.000000000000000000e+00 0.000000000000000000e+00 0.000000000000000000e+00 0.000000000000000000e+00 0.000000000000000000e+00 0.000000000000000000e+00 0.000000000000000000e+00 0.000000000000000000e+00 0.000000000000000000e+00 0.000000000000000000e+00 0.000000000000000000e+00 0.000000000000000000e+00 0.000000000000000000e+00 0.000000000000000000e+00 0.000000000000000000e+00 0.000000000000000000e+00 0.000000000000000000e+00 0.000000000000000000e+00 0.000000000000000000e+00 0.000000000000000000e+00 0.000000000000000000e+00 0.000000000000000000e+00 0.000000000000000000e+00 0.000000000000000000e+00 0.000000000000000000e+00 0.000000000000000000e+00 0.000000000000000000e+00 0.000000000000000000e+00 0.000000000000000000e+00 0.000000000000000000e+00 0.000000000000000000e+00 0.000000000000000000e+00 0.000000000000000000e+00 0.000000000000000000e+00 0.000000000000000000e+00 0.000000000000000000e+00 0.000000000000000000e+00 0.000000000000000000e+00 0.000000000000000000e+00 0.000000000000000000e+00 0.000000000000000000e+00 0.000000000000000000e+00 0.000000000000000000e+00 0.000000000000000000e+00 0.000000000000000000e+00 0.000000000000000000e+00 0.000000000000000000e+00 0.000000000000000000e+00 0.000000000000000000e+00 0.000000000000000000e+00 0.000000000000000000e+00 0.000000000000000000e+00 0.000000000000000000e+00 0.000000000000000000e+00 0.000000000000000000e+00 0.000000000000000000e+00 0.000000000000000000e+00 0.000000000000000000e+00 0.000000000000000000e+00 0.000000000000000000e+00 0.000000000000000000e+00 0.000000000000000000e+00 0.000000000000000000e+00 0.000000000000000000e+00 0.000000000000000000e+00 0.000000000000000000e+00 0.000000000000000000e+00 0.000000000000000000e+00 0.000000000000000000e+00 0.000000000000000000e+00 0.000000000000000000e+00 0.000000000000000000e+00 0.000000000000000000e+00 0.000000000000000000e+00 0.000000000000000000e+00 0.000000000000000000e+00 0.000000000000000000e+00 0.000000000000000000e+00 0.000000000000000000e+00 0.000000000000000000e+00 0.000000000000000000e+00 0.000000000000000000e+00 0.000000000000000000e+00 0.000000000000000000e+00 0.000000000000000000e+00 0.000000000000000000e+00 0.000000000000000000e+00 0.000000000000000000e+00 0.000000000000000000e+00 0.000000000000000000e+00 0.000000000000000000e+00 0.000000000000000000e+00 0.000000000000000000e+00 0.000000000000000000e+00 0.000000000000000000e+00 0.000000000000000000e+00 0.000000000000000000e+00 0.000000000000000000e+00 1.000000000000000000e+00
