1.163052208835341439e+01
1.278313253012048278e+01
1.097991967871485919e+01
1.225301204819277068e+01
1.214056224899598391e+01
1.212851405622489942e+01
1.653012048192771033e+01
1.483534136546184712e+01
1.893975903614457934e+01
1.081526104417670631e+01
1.099196787148594368e+01
1.434939759036144658e+01
1.092369477911646669e+01
1.582730923694779079e+01
1.562248995983935806e+01
1.185943775100401609e+01
1.155020080321285114e+01
1.327309236947791149e+01
1.182329317269076263e+01
1.440963855421686723e+01
1.340160642570281091e+01
1.406827309236947876e+01
1.334538152610441841e+01
9.630522088353414389e+00
9.742971887550201160e+00
1.170682730923694770e+01
1.013253012048192758e+01
1.078714859437750917e+01
1.098795180722891551e+01
1.478313253012048278e+01
1.681526104417670808e+01
1.057429718875502012e+01
1.180321285140562182e+01
1.565863453815260975e+01
1.565060240963855342e+01
1.278714859437750917e+01
9.477911646586345995e+00
1.585943775100401609e+01
1.117269076305220921e+01
1.758634538152610460e+01
1.473493975903614484e+01
1.069076305220883505e+01
1.195180722891566205e+01
1.244979919678714886e+01
1.828915662650602414e+01
1.377911646586345462e+01
1.021285140562249083e+01
1.136947791164658561e+01
1.275903614457831381e+01
1.156224899598393563e+01
1.131726907630522128e+01
1.163855421686747071e+01
1.192771084337349485e+01
1.179518072289156549e+01
1.353012048192771033e+01
1.747791164658634600e+01
1.267871485943775056e+01
1.289156626506024139e+01
1.585140562248995977e+01
1.055823293172690747e+01
9.084337349397589634e+00
1.372289156626506035e+01
1.457831325301204828e+01
1.371084337349397586e+01
1.410441767068273045e+01
1.908835341365461957e+01
1.628112449799196781e+01
1.059437751004016093e+01
1.140160642570281091e+01
1.501204819277108449e+01
1.518473895582329369e+01
1.210040160642570228e+01
1.155823293172690747e+01
1.075502008032128565e+01
1.500401606425702816e+01
9.578313253012048278e+00
1.352610441767068217e+01
9.277108433734939652e+00
1.222489959839357354e+01
1.176305220883534197e+01
1.018875502008032186e+01
1.094377510040160573e+01
1.213253012048192758e+01
1.765060240963855520e+01
1.428514056224899598e+01
1.124096385542168619e+01
1.169879518072289137e+01
1.042168674698795172e+01
1.236144578313252929e+01
1.018072289156626553e+01
1.111244979919678677e+01
1.219277108433735002e+01
1.228915662650602414e+01
1.013253012048192758e+01
1.397991967871485919e+01
9.273092369477911490e+00
1.229718875502008046e+01
1.172289156626506035e+01
1.254618473895582298e+01
1.568273092369477872e+01
1.683132530120482073e+01
9.670682730923694237e+00
1.193172690763052124e+01
1.166666666666666607e+01
1.097188755020080286e+01
1.582329317269076263e+01
1.339357429718875458e+01
1.148192771084337416e+01
1.134538152610441841e+01
1.218072289156626553e+01
1.219678714859437818e+01
1.383935742971887528e+01
1.367871485943775056e+01
1.375502008032128565e+01
1.563453815261044255e+01
1.049799196787148681e+01
1.364257028112449888e+01
1.142971887550200805e+01
1.622489959839357354e+01
1.388353413654618507e+01
9.851405622489959768e+00
1.280321285140562182e+01
1.381526104417670631e+01
1.703212851405622530e+01
1.202008032128514081e+01
9.345381526104418413e+00
1.161847389558232990e+01
1.374698795180722932e+01
1.375903614457831381e+01
1.066265060240963791e+01
1.706024096385542066e+01
1.038554216867469826e+01
1.800000000000000000e+01
1.885943775100401609e+01
1.394377510040160573e+01
1.288353413654618507e+01
1.270682730923694770e+01
1.219277108433735002e+01
1.533333333333333393e+01
1.547389558232931783e+01
1.232931726907630576e+01
1.467068273092369424e+01
1.280722891566264998e+01
1.453012048192771033e+01
1.034136546184739025e+01
1.552208835341365400e+01
1.251807228915662584e+01
9.839357429718875281e+00
1.180321285140562182e+01
1.203614457831325346e+01
1.335341365461847474e+01
1.286746987951807242e+01
1.276706827309237013e+01
1.426506024096385516e+01
1.500000000000000000e+01
1.341767068273092356e+01
1.118072289156626553e+01
1.331726907630522128e+01
1.306827309236947876e+01
1.067068273092369424e+01
1.181124497991967814e+01
1.188755020080321323e+01
1.397188755020080286e+01
1.532530120481927760e+01
1.299196787148594368e+01
1.325301204819277068e+01
1.084337349397590344e+01
1.391566265060241037e+01
1.348192771084337416e+01
9.682730923694778724e+00
1.022489959839357354e+01
1.781526104417670808e+01
1.272690763052208851e+01
1.283935742971887528e+01
1.140562248995983907e+01
1.241767068273092356e+01
1.264658634538152526e+01
1.065060240963855342e+01
1.565461847389558159e+01
1.022088353413654538e+01
1.230923694779116495e+01
1.489558232931726955e+01
1.297991967871485919e+01
1.365461847389558159e+01
1.338955823293172642e+01
1.339759036144578275e+01
1.315662650602409656e+01
1.381124497991967814e+01
1.128112449799196781e+01
1.125301204819277068e+01
1.230923694779116495e+01
1.316465863453815288e+01
9.734939759036144835e+00
1.059437751004016093e+01
2.226104417670682878e+01
1.059036144578313277e+01
9.923694779116466691e+00
1.170281124497991954e+01
1.229718875502008046e+01
1.183132530120481896e+01
1.205622489959839427e+01
8.927710843373494853e+00
1.502409638554216897e+01
1.408835341365461780e+01
1.222891566265060170e+01
1.385542168674698793e+01
1.033734939759036209e+01
1.333734939759036209e+01
1.292369477911646669e+01
1.211244979919678677e+01
1.271485943775100402e+01
1.562248995983935806e+01
1.144578313253012070e+01
1.492771084337349485e+01
1.043373493975903621e+01
1.240160642570281091e+01
1.671084337349397586e+01
1.114859437751004023e+01
1.548192771084337416e+01
1.508433734939758963e+01
1.107228915662650515e+01
1.447791164658634600e+01
1.353815261044176665e+01
1.097188755020080286e+01
1.410040160642570228e+01
1.205220883534136611e+01
1.133734939759036209e+01
1.515261044176706839e+01
1.314859437751004023e+01
9.530120481927710330e+00
1.535742971887550112e+01
1.037751004016064194e+01
1.350200803212851319e+01
1.354618473895582298e+01
1.211646586345381493e+01
1.553012048192771033e+01
9.120481927710843095e+00
9.502008032128513193e+00
1.110843373493975861e+01
1.125702811244979884e+01
1.286345381526104426e+01
1.229718875502008046e+01
1.002008032128514081e+01
1.234136546184739025e+01
1.164658634538152526e+01
1.117269076305220921e+01
1.242570281124497988e+01
1.075903614457831381e+01
1.154216867469879482e+01
1.443373493975903621e+01
1.421285140562249083e+01
9.666666666666666075e+00
1.024899598393574252e+01
1.109236947791164596e+01
1.459839357429718909e+01
1.216064257028112472e+01
1.108433734939758963e+01
1.021285140562249083e+01
1.105220883534136611e+01
1.386746987951807242e+01
1.330120481927710863e+01
1.255421686746987930e+01
1.561847389558232990e+01
1.616064257028112294e+01
1.248192771084337416e+01
9.044176706827309786e+00
9.449799196787148858e+00
1.283132530120481896e+01
1.137751004016064194e+01
9.935742971887549402e+00
1.213654618473895574e+01
1.269076305220883505e+01
1.233333333333333393e+01
1.128112449799196781e+01
9.493975903614458645e+00
1.211646586345381493e+01
1.500401606425702816e+01
1.295582329317269021e+01
1.201204819277108449e+01
1.347389558232931783e+01
1.184738955823293161e+01
1.052208835341365400e+01
9.389558232931726423e+00
1.028112449799196781e+01
1.054216867469879482e+01
1.203614457831325346e+01
1.000803212851405632e+01
1.497590361445783103e+01
1.455823293172690747e+01
1.529317269076305230e+01
1.638554216867470004e+01
1.114859437751004023e+01
1.019678714859437818e+01
1.051807228915662584e+01
9.590361445783132766e+00
1.023293172690762987e+01
1.444979919678714886e+01
1.650200803212851497e+01
1.333734939759036209e+01
1.023293172690762987e+01
1.578313253012048278e+01
1.502409638554216897e+01
1.549397590361445864e+01
1.062650602409638623e+01
1.252610441767068217e+01
1.742570281124498166e+01
9.799196787148593657e+00
1.198393574297188735e+01
9.232931726907629866e+00
1.527710843373493965e+01
1.675502008032128387e+01
1.226907630522088333e+01
1.313654618473895574e+01
1.295582329317269021e+01
1.543373493975903621e+01
1.276305220883534197e+01
1.195983935742971838e+01
9.835341365461847118e+00
1.272690763052208851e+01
1.114056224899598391e+01
1.197188755020080286e+01
1.516867469879518104e+01
1.344176706827309253e+01
1.547791164658634600e+01
1.552208835341365400e+01
1.268674698795180689e+01
1.036144578313252929e+01
1.261044176706827358e+01
9.357429718875501123e+00
1.172690763052208851e+01
9.935742971887549402e+00
1.190361445783132588e+01
1.462248995983935806e+01
1.164658634538152526e+01
1.445381526104417702e+01
1.117269076305220921e+01
1.187951807228915690e+01
1.167871485943775056e+01
1.140160642570281091e+01
1.082730923694779079e+01
1.073092369477911667e+01
1.132530120481927760e+01
1.751004016064257129e+01
1.379518072289156549e+01
1.196385542168674654e+01
1.270682730923694770e+01
1.795582329317269199e+01
1.262248995983935806e+01
1.109236947791164596e+01
1.481124497991967814e+01
1.773493975903614484e+01
1.420080321285140634e+01
9.694779116465863211e+00
1.592771084337349485e+01
1.138152610441767010e+01
1.420883534136546267e+01
9.325301204819277601e+00
1.315662650602409656e+01
9.530120481927710330e+00
1.055823293172690747e+01
1.222891566265060170e+01
1.032128514056224944e+01
1.058232931726907644e+01
1.224096385542168619e+01
1.649397590361445864e+01
1.289156626506024139e+01
1.538554216867469826e+01
8.951807228915662051e+00
1.645381526104417702e+01
1.146184738955823335e+01
1.209638554216867412e+01
1.261044176706827358e+01
1.095582329317269021e+01
1.390763052208835404e+01
1.473092369477911667e+01
1.191566265060241037e+01
1.086345381526104426e+01
1.248995983935743048e+01
1.787951807228915513e+01
1.293172690763052124e+01
1.434538152610441841e+01
1.147791164658634600e+01
1.130522088353413679e+01
1.513253012048192758e+01
1.443373493975903621e+01
1.118473895582329369e+01
1.672289156626505857e+01
1.379518072289156549e+01
1.105622489959839427e+01
1.515662650602409656e+01
1.317269076305220921e+01
1.468674698795180689e+01
1.247791164658634600e+01
1.345783132530120518e+01
1.239759036144578275e+01
1.284337349397590344e+01
1.633734939759036209e+01
1.469879518072289137e+01
1.208835341365461780e+01
1.504819277108433795e+01
1.396385542168674654e+01
1.394779116465863389e+01
1.370281124497991954e+01
1.286345381526104426e+01
1.183534136546184712e+01
1.132128514056224944e+01
1.659839357429718731e+01
1.088353413654618507e+01
1.454216867469879482e+01
1.257028112449799195e+01
1.178714859437750917e+01
1.065461847389558159e+01
1.841767068273092534e+01
1.089156626506024139e+01
1.233734939759036209e+01
1.252208835341365400e+01
8.771084337349398297e+00
2.123293172690762987e+01
1.150200803212851319e+01
1.192369477911646669e+01
1.363052208835341439e+01
1.342570281124497988e+01
1.000803212851405632e+01
1.252208835341365400e+01
1.165461847389558159e+01
1.670281124497991954e+01
8.626506024096386227e+00
9.855421686746987930e+00
1.257831325301204828e+01
1.173895582329317300e+01
1.348594377510040232e+01
1.244176706827309253e+01
1.232931726907630576e+01
7.642570281124497988e+00
1.012851405622489942e+01
1.477108433734939830e+01
1.050602409638554136e+01
1.313654618473895574e+01
1.410843373493975861e+01
7.618473895582329014e+00
1.377911646586345462e+01
1.134538152610441841e+01
1.310843373493975861e+01
1.332128514056224944e+01
1.153815261044176665e+01
1.445381526104417702e+01
1.394779116465863389e+01
1.297590361445783103e+01
1.465060240963855342e+01
1.228915662650602414e+01
9.598393574297189090e+00
1.022489959839357354e+01
9.787148594377509170e+00
1.050200803212851319e+01
1.604819277108433795e+01
1.388353413654618507e+01
1.281927710843373447e+01
1.483935742971887528e+01
9.815261044176706307e+00
1.707630522088353331e+01
1.326506024096385516e+01
1.150200803212851319e+01
1.390763052208835404e+01
1.265863453815260975e+01
1.325702811244979884e+01
1.357028112449799195e+01
8.674698795180722399e+00
9.831325301204818956e+00
1.355421686746987930e+01
1.276706827309237013e+01
1.468273092369477872e+01
1.420080321285140634e+01
1.317670682730923737e+01
9.240963855421686191e+00
9.730923694779116673e+00
9.096385542168674121e+00
1.604819277108433795e+01
1.073493975903614484e+01
1.641767068273092534e+01
1.293975903614457756e+01
1.134136546184739025e+01
1.464257028112449888e+01
1.051807228915662584e+01
1.320080321285140634e+01
1.212048192771084310e+01
1.393975903614457756e+01
1.506024096385542244e+01
1.020883534136546267e+01
1.075903614457831381e+01
1.110441767068273045e+01
1.083534136546184712e+01
1.217269076305220921e+01
1.037751004016064194e+01
1.183935742971887528e+01
1.206024096385542244e+01
1.044176706827309253e+01
1.117670682730923737e+01
9.807228915662649982e+00
1.003212851405622530e+01
1.043373493975903621e+01
1.285943775100401609e+01
1.412048192771084310e+01
1.176305220883534197e+01
1.133734939759036209e+01
1.298393574297188735e+01
1.201204819277108449e+01
1.097188755020080286e+01
1.666666666666666785e+01
1.159839357429718909e+01
9.441767068273092534e+00
1.279518072289156549e+01
1.025702811244979884e+01
1.100803212851405632e+01
1.262650602409638623e+01
1.555823293172690747e+01
1.625702811244979884e+01
1.348995983935743048e+01
1.052610441767068217e+01
1.245381526104417702e+01
1.316465863453815288e+01
1.263453815261044255e+01
1.413654618473895574e+01
1.120080321285140634e+01
1.151807228915662584e+01
1.053413654618473849e+01
1.347791164658634600e+01
1.382329317269076263e+01
1.415261044176706839e+01
1.315261044176706839e+01
1.144578313253012070e+01
1.122489959839357354e+01
1.018072289156626553e+01
1.029718875502008046e+01
1.147389558232931783e+01
1.349397590361445864e+01
1.909236947791164596e+01
8.775100401606426459e+00
9.947791164658633889e+00
1.129317269076305230e+01
1.687148594377509880e+01
1.244176706827309253e+01
1.291164658634538220e+01
1.503212851405622530e+01
1.190763052208835404e+01
1.207228915662650515e+01
1.345381526104417702e+01
1.408835341365461780e+01
1.171485943775100402e+01
1.011646586345381493e+01
1.478313253012048278e+01
1.441767068273092356e+01
1.059036144578313277e+01
1.481526104417670631e+01
1.346184738955823335e+01
1.772289156626505857e+01
1.238554216867469826e+01
1.089959839357429772e+01
1.734939759036144480e+01
1.136546184738955745e+01
1.361445783132530174e+01
1.687951807228915513e+01
1.117670682730923737e+01
1.421686746987951722e+01
1.406827309236947876e+01
1.136947791164658561e+01
1.100000000000000000e+01
9.389558232931726423e+00
1.488755020080321323e+01
1.710843373493975861e+01
1.292771084337349485e+01
1.220080321285140634e+01
8.791164658634537332e+00
1.600803212851405632e+01
1.376305220883534197e+01
1.163052208835341439e+01
1.554618473895582298e+01
1.142168674698795172e+01
1.109638554216867412e+01
1.015662650602409656e+01
1.256224899598393563e+01
9.582329317269076441e+00
1.558634538152610460e+01
9.899598393574297717e+00
1.355823293172690747e+01
1.332530120481927760e+01
1.349799196787148681e+01
1.476305220883534197e+01
1.144176706827309253e+01
1.585943775100401609e+01
1.815261044176706662e+01
1.535742971887550112e+01
1.195983935742971838e+01
1.371887550200803219e+01
1.185943775100401609e+01
1.169076305220883505e+01
1.492369477911646669e+01
1.144578313253012070e+01
1.374297188755020116e+01
9.281124497991967814e+00
9.425702811244979884e+00
1.065863453815260975e+01
1.314056224899598391e+01
1.313253012048192758e+01
1.256626506024096379e+01
1.252208835341365400e+01
1.896787148594377470e+01
1.175100401606425748e+01
1.135341365461847474e+01
1.453815261044176665e+01
9.622489959839358065e+00
1.403212851405622530e+01
1.565863453815260975e+01
1.236947791164658561e+01
9.823293172690762631e+00
1.657831325301204828e+01
1.357028112449799195e+01
1.180722891566264998e+01
1.528915662650602414e+01
1.306425702811245060e+01
1.120080321285140634e+01
1.197188755020080286e+01
1.279518072289156549e+01
1.066265060240963791e+01
1.211646586345381493e+01
1.177108433734939830e+01
1.252610441767068217e+01
1.571485943775100402e+01
1.118473895582329369e+01
1.310040160642570228e+01
1.001204819277108449e+01
1.072289156626506035e+01
1.421686746987951722e+01
1.379116465863453733e+01
1.146987951807228967e+01
1.020883534136546267e+01
1.281526104417670631e+01
1.025301204819277068e+01
1.360240963855421725e+01
1.426907630522088333e+01
1.807228915662650692e+01
9.662650602409637912e+00
1.403212851405622530e+01
9.710843373493975861e+00
1.188755020080321323e+01
1.695983935742971838e+01
1.411244979919678677e+01
1.098795180722891551e+01
1.315662650602409656e+01
1.417670682730923737e+01
1.500000000000000000e+01
1.161044176706827358e+01
1.417670682730923737e+01
1.720080321285140457e+01
9.939759036144577564e+00
1.193574297188754940e+01
1.214056224899598391e+01
1.134538152610441841e+01
1.047791164658634600e+01
1.195180722891566205e+01
1.115662650602409656e+01
1.609638554216867590e+01
1.887148594377509880e+01
1.052610441767068217e+01
1.457028112449799195e+01
1.078313253012048278e+01
1.136144578313252929e+01
1.174698795180722932e+01
1.210843373493975861e+01
1.395180722891566205e+01
1.461847389558232990e+01
1.028112449799196781e+01
9.068273092369478761e+00
1.229317269076305230e+01
1.360642570281124542e+01
1.122088353413654538e+01
1.200401606425702816e+01
1.302811244979919714e+01
1.087951807228915690e+01
1.369879518072289137e+01
1.267469879518072240e+01
9.875502008032128742e+00
1.542168674698795172e+01
1.245381526104417702e+01
1.642971887550200805e+01
1.091164658634538220e+01
1.555421686746987930e+01
1.371084337349397586e+01
1.400401606425702816e+01
1.314859437751004023e+01
1.588353413654618507e+01
1.635742971887550112e+01
1.148192771084337416e+01
1.537349397590361377e+01
9.654618473895581587e+00
1.069477911646586321e+01
1.002409638554216897e+01
1.449397590361445864e+01
1.028514056224899598e+01
1.295582329317269021e+01
1.027710843373493965e+01
1.320481927710843451e+01
1.697991967871486096e+01
1.572289156626506035e+01
8.622489959839358065e+00
1.309236947791164596e+01
1.084337349397590344e+01
1.349799196787148681e+01
1.236144578313252929e+01
1.753815261044176665e+01
1.232128514056224944e+01
1.412449799196787126e+01
1.089156626506024139e+01
1.047389558232931783e+01
9.722891566265060348e+00
1.128112449799196781e+01
1.240562248995983907e+01
1.161847389558232990e+01
1.134939759036144658e+01
1.187148594377510058e+01
1.222088353413654538e+01
1.151807228915662584e+01
1.173092369477911667e+01
1.270281124497991954e+01
1.556224899598393563e+01
1.126506024096385516e+01
1.142168674698795172e+01
1.165060240963855342e+01
1.467871485943775056e+01
9.807228915662649982e+00
8.746987951807229322e+00
1.456626506024096379e+01
1.026104417670682700e+01
9.502008032128513193e+00
1.483534136546184712e+01
1.152610441767068217e+01
1.138955823293172642e+01
1.278313253012048278e+01
1.256626506024096379e+01
1.442971887550200805e+01
1.003212851405622530e+01
1.565863453815260975e+01
1.307630522088353331e+01
1.192369477911646669e+01
1.418473895582329369e+01
1.454216867469879482e+01
1.096385542168674654e+01
1.075903614457831381e+01
1.196787148594377470e+01
1.267469879518072240e+01
1.255421686746987930e+01
1.414859437751004023e+01
1.666666666666666785e+01
1.070281124497991954e+01
1.362248995983935806e+01
1.511646586345381493e+01
1.362248995983935806e+01
1.111646586345381493e+01
1.018875502008032186e+01
9.742971887550201160e+00
1.192771084337349485e+01
1.277510040160642646e+01
8.895582329317269554e+00
1.538955823293172642e+01
1.068674698795180689e+01
1.202008032128514081e+01
1.365863453815260975e+01
1.289156626506024139e+01
1.080722891566264998e+01
1.237349397590361377e+01
1.326907630522088333e+01
1.083935742971887528e+01
1.382730923694779079e+01
1.167871485943775056e+01
1.359437751004016093e+01
1.814457831325301029e+01
1.026907630522088333e+01
1.151405622489959768e+01
1.429718875502008046e+01
1.545381526104417702e+01
1.338955823293172642e+01
1.223293172690762987e+01
1.007228915662650515e+01
1.335341365461847474e+01
1.399196787148594368e+01
9.012048192771084487e+00
1.397991967871485919e+01
1.314457831325301207e+01
1.741767068273092534e+01
1.231325301204819311e+01
1.400401606425702816e+01
1.283132530120481896e+01
1.682329317269076441e+01
1.351405622489959768e+01
1.293574297188754940e+01
1.036144578313252929e+01
2.042168674698795172e+01
8.385542168674698260e+00
1.462650602409638623e+01
9.469879518072289670e+00
1.093172690763052124e+01
8.526104417670682167e+00
1.591164658634538220e+01
1.191164658634538220e+01
1.142570281124497988e+01
1.350602409638554136e+01
1.040160642570281091e+01
1.062650602409638623e+01
1.021686746987951722e+01
1.092369477911646669e+01
1.042168674698795172e+01
1.500000000000000000e+01
1.465863453815260975e+01
1.009236947791164596e+01
1.455823293172690747e+01
1.194779116465863389e+01
1.476706827309237013e+01
1.130120481927710863e+01
1.153815261044176665e+01
1.341767068273092356e+01
1.181526104417670631e+01
1.305220883534136611e+01
1.769076305220883683e+01
1.141365461847389540e+01
1.062650602409638623e+01
1.180321285140562182e+01
1.351405622489959768e+01
1.045783132530120518e+01
1.255020080321285114e+01
1.024497991967871435e+01
1.230923694779116495e+01
1.094779116465863389e+01
1.217269076305220921e+01
1.250200803212851319e+01
1.407228915662650515e+01
1.615662650602409656e+01
1.173092369477911667e+01
1.091566265060241037e+01
1.511244979919678677e+01
1.418473895582329369e+01
1.533333333333333393e+01
9.698795180722891374e+00
1.246586345381526151e+01
1.108433734939758963e+01
1.012851405622489942e+01
1.199598393574297184e+01
1.283935742971887528e+01
1.410843373493975861e+01
1.128514056224899598e+01
1.351004016064256952e+01
1.465060240963855342e+01
1.238152610441767010e+01
1.041365461847389540e+01
1.176305220883534197e+01
9.947791164658633889e+00
1.039357429718875458e+01
1.309638554216867412e+01
1.643373493975903443e+01
1.530120481927710863e+01
1.585943775100401609e+01
1.247791164658634600e+01
1.055421686746987930e+01
1.307630522088353331e+01
1.346987951807228967e+01
9.397590361445782747e+00
1.349799196787148681e+01
1.583935742971887528e+01
1.119277108433735002e+01
1.219277108433735002e+01
9.839357429718875281e+00
1.105622489959839427e+01
1.214056224899598391e+01
1.334136546184739025e+01
2.261847389558232990e+01
1.273895582329317300e+01
1.038554216867469826e+01
1.346586345381526151e+01
1.555421686746987930e+01
1.005220883534136611e+01
1.246586345381526151e+01
1.218473895582329369e+01
1.038955823293172642e+01
1.341365461847389540e+01
1.271485943775100402e+01
1.522088353413654538e+01
8.329317269076305763e+00
1.524096385542168619e+01
1.322891566265060170e+01
1.291967871485943853e+01
1.133333333333333393e+01
1.636546184738955745e+01
8.734939759036144835e+00
1.276305220883534197e+01
1.322891566265060170e+01
1.202409638554216897e+01
1.234939759036144658e+01
1.359036144578313277e+01
1.174698795180722932e+01
1.000000000000000000e+01
1.547791164658634600e+01
1.320080321285140634e+01
1.110843373493975861e+01
2.218072289156626553e+01
1.335341365461847474e+01
1.187148594377510058e+01
1.273092369477911667e+01
1.343775100401606437e+01
1.350602409638554136e+01
1.308032128514056147e+01
1.175903614457831381e+01
9.883534136546185067e+00
1.184337349397590344e+01
7.759036144578312921e+00
1.483935742971887528e+01
9.927710843373494853e+00
1.193975903614457756e+01
1.407228915662650515e+01
1.506024096385542244e+01
1.444979919678714886e+01
1.353413654618473849e+01
1.295180722891566205e+01
1.149397590361445864e+01
1.295983935742971838e+01
1.195180722891566205e+01
1.471084337349397586e+01
1.112449799196787126e+01
1.211646586345381493e+01
1.586345381526104426e+01
1.463453815261044255e+01
1.540562248995983907e+01
1.231726907630522128e+01
1.412851405622489942e+01
1.730120481927710685e+01
1.636546184738955745e+01
9.497991967871486807e+00
1.083534136546184712e+01
1.004417670682730979e+01
1.317670682730923737e+01
1.301606425702811265e+01
1.097188755020080286e+01
1.206425702811245060e+01
1.171084337349397586e+01
9.365461847389557448e+00
1.343373493975903621e+01
1.168674698795180689e+01
1.406827309236947876e+01
9.666666666666666075e+00
1.470682730923694770e+01
1.324899598393574252e+01
1.741365461847389540e+01
1.108032128514056147e+01
1.629317269076305053e+01
1.473493975903614484e+01
1.130522088353413679e+01
1.604417670682730801e+01
9.779116465863454621e+00
1.339357429718875458e+01
1.120481927710843451e+01
1.986746987951807242e+01
1.367871485943775056e+01
1.184738955823293161e+01
1.121686746987951722e+01
1.251004016064256952e+01
1.135742971887550112e+01
1.536546184738955745e+01
1.584337349397590344e+01
1.763453815261044255e+01
9.983935742971887350e+00
1.372690763052208851e+01
1.705622489959839427e+01
1.155020080321285114e+01
1.838955823293172642e+01
1.546184738955823335e+01
1.140562248995983907e+01
1.204016064257028162e+01
1.200000000000000000e+01
1.189959839357429772e+01
1.014457831325301207e+01
1.277911646586345462e+01
1.033734939759036209e+01
1.133333333333333393e+01
1.087951807228915690e+01
1.314859437751004023e+01
1.196787148594377470e+01
1.122088353413654538e+01
9.626506024096386227e+00
1.166666666666666607e+01
1.397590361445783103e+01
1.587148594377510058e+01
1.748594377510040232e+01
1.265060240963855342e+01
1.002811244979919714e+01
1.736144578313253106e+01
1.455020080321285114e+01
1.089558232931726955e+01
1.137751004016064194e+01
1.099196787148594368e+01
1.290763052208835404e+01
1.318473895582329369e+01
1.212048192771084310e+01
1.100803212851405632e+01
1.322489959839357354e+01
1.222088353413654538e+01
1.106425702811245060e+01
8.979919678714859188e+00
1.112851405622489942e+01
1.224096385542168619e+01
1.581927710843373447e+01
1.318072289156626553e+01
1.254618473895582298e+01
1.205622489959839427e+01
1.266265060240963791e+01
1.431325301204819311e+01
1.180321285140562182e+01
1.753012048192771033e+01
1.031726907630522128e+01
1.148995983935743048e+01
1.145381526104417702e+01
1.008835341365461780e+01
1.608835341365461957e+01
1.262650602409638623e+01
1.041767068273092356e+01
1.955421686746987930e+01
1.218875502008032186e+01
1.079116465863453733e+01
1.154216867469879482e+01
1.042971887550200805e+01
1.485140562248995977e+01
1.594779116465863389e+01
1.302811244979919714e+01
1.639759036144578275e+01
9.871485943775100580e+00
1.292771084337349485e+01
1.438554216867469826e+01
1.195983935742971838e+01
9.228915662650601703e+00
1.164257028112449888e+01
1.185140562248995977e+01
1.573895582329317300e+01
9.927710843373494853e+00
1.583132530120481896e+01
1.411646586345381493e+01
1.044578313253012070e+01
1.156224899598393563e+01
1.646987951807228967e+01
1.190361445783132588e+01
1.053413654618473849e+01
9.819277108433734469e+00
1.748192771084337238e+01
1.377911646586345462e+01
1.079518072289156549e+01
1.584337349397590344e+01
1.499598393574297184e+01
1.122489959839357354e+01
1.690763052208835404e+01
1.189558232931726955e+01
9.718875502008032186e+00
1.242168674698795172e+01
8.698795180722891374e+00
9.590361445783132766e+00
1.139759036144578275e+01
1.416064257028112472e+01
1.158634538152610460e+01
8.216867469879517216e+00
9.931726907630521239e+00
1.134538152610441841e+01
1.857028112449799195e+01
1.257429718875502012e+01
1.226907630522088333e+01
1.477108433734939830e+01
1.191164658634538220e+01
1.359036144578313277e+01
1.306827309236947876e+01
1.612449799196787126e+01
1.166265060240963791e+01
8.654618473895581587e+00
1.460240963855421725e+01
1.250602409638554136e+01
1.365461847389558159e+01
9.803212851405621819e+00
1.546184738955823335e+01
1.306425702811245060e+01
1.200803212851405632e+01
1.326907630522088333e+01
1.327309236947791149e+01
1.092369477911646669e+01
9.674698795180722399e+00
1.598393574297188735e+01
1.198393574297188735e+01
1.125702811244979884e+01
1.002811244979919714e+01
1.059036144578313277e+01
1.527309236947791149e+01
1.258232931726907644e+01
1.239759036144578275e+01
1.455823293172690747e+01
1.300401606425702816e+01
1.132128514056224944e+01
1.400000000000000000e+01
1.133734939759036209e+01
1.167469879518072240e+01
1.075502008032128565e+01
1.279919678714859366e+01
1.178714859437750917e+01
1.653815261044176665e+01
1.508835341365461780e+01
1.306425702811245060e+01
1.246987951807228967e+01
1.312851405622489942e+01
1.518473895582329369e+01
1.331325301204819311e+01
1.384337349397590344e+01
1.144578313253012070e+01
1.061847389558232990e+01
1.186746987951807242e+01
1.232931726907630576e+01
1.372289156626506035e+01
1.267469879518072240e+01
9.939759036144577564e+00
1.009236947791164596e+01
1.547389558232931783e+01
1.420080321285140634e+01
1.251405622489959768e+01
1.485943775100401609e+01
1.102811244979919714e+01
1.277510040160642646e+01
1.082329317269076263e+01
1.181927710843373447e+01
1.172690763052208851e+01
1.280321285140562182e+01
1.128915662650602414e+01
1.042971887550200805e+01
1.224497991967871435e+01
1.902409638554216897e+01
1.246184738955823335e+01
1.769477911646586321e+01
1.032530120481927760e+01
1.215662650602409656e+01
1.109638554216867412e+01
9.783132530120482784e+00
9.775100401606426459e+00
1.369076305220883505e+01
9.281124497991967814e+00
1.123694779116465803e+01
1.844578313253012070e+01
1.047791164658634600e+01
1.573895582329317300e+01
1.061044176706827358e+01
1.241767068273092356e+01
1.289959839357429772e+01
1.277510040160642646e+01
1.234538152610441841e+01
1.048594377510040232e+01
1.105622489959839427e+01
1.430923694779116495e+01
1.640963855421686901e+01
1.219678714859437818e+01
1.297590361445783103e+01
1.342570281124497988e+01
1.283534136546184712e+01
1.409638554216867412e+01
1.442570281124497988e+01
1.457429718875502012e+01
1.463855421686747071e+01
1.041767068273092356e+01
1.412449799196787126e+01
1.669879518072289315e+01
1.207228915662650515e+01
1.039357429718875458e+01
1.608433734939758963e+01
1.462248995983935806e+01
1.170682730923694770e+01
1.273092369477911667e+01
1.782329317269076441e+01
1.018072289156626553e+01
1.189558232931726955e+01
1.071084337349397586e+01
1.320481927710843451e+01
1.161445783132530174e+01
1.274698795180722932e+01
1.375903614457831381e+01
1.168674698795180689e+01
1.067871485943775056e+01
1.483132530120481896e+01
1.395983935742971838e+01
1.503212851405622530e+01
9.417670682730923559e+00
1.421285140562249083e+01
1.109638554216867412e+01
1.161044176706827358e+01
1.120080321285140634e+01
1.353413654618473849e+01
1.238554216867469826e+01
9.666666666666666075e+00
1.015662650602409656e+01
9.606425702811245415e+00
2.262248995983935629e+01
1.096385542168674654e+01
1.353413654618473849e+01
1.260642570281124542e+01
1.187550200803212874e+01
1.434939759036144658e+01
1.144979919678714886e+01
1.335742971887550112e+01
9.971887550200802863e+00
1.132931726907630576e+01
1.161445783132530174e+01
1.079919678714859366e+01
1.555421686746987930e+01
1.227309236947791149e+01
1.158232931726907644e+01
1.277911646586345462e+01
1.370682730923694770e+01
1.468273092369477872e+01
8.939759036144577564e+00
1.278313253012048278e+01
1.367068273092369424e+01
1.295582329317269021e+01
9.959839357429718376e+00
9.598393574297189090e+00
1.128112449799196781e+01
1.614056224899598391e+01
1.177911646586345462e+01
1.516465863453815288e+01
1.073092369477911667e+01
1.200803212851405632e+01
1.324899598393574252e+01
9.502008032128513193e+00
1.118875502008032186e+01
1.026104417670682700e+01
1.708835341365461957e+01
1.010843373493975861e+01
9.907630522088354041e+00
1.262650602409638623e+01
1.089558232931726955e+01
1.200803212851405632e+01
9.325301204819277601e+00
1.132530120481927760e+01
1.720080321285140457e+01
1.212449799196787126e+01
1.110843373493975861e+01
1.095180722891566205e+01
1.008032128514056147e+01
1.359437751004016093e+01
1.059839357429718909e+01
1.341365461847389540e+01
1.158232931726907644e+01
1.124899598393574252e+01
8.120481927710843095e+00
1.173493975903614484e+01
1.100401606425702816e+01
1.086746987951807242e+01
1.139759036144578275e+01
1.751405622489959768e+01
1.402811244979919714e+01
1.589558232931726955e+01
1.361445783132530174e+01
1.129317269076305230e+01
1.265060240963855342e+01
1.192369477911646669e+01
9.236947791164658028e+00
1.542971887550200805e+01
1.448594377510040232e+01
1.042971887550200805e+01
1.357429718875502012e+01
1.361445783132530174e+01
1.383935742971887528e+01
9.783132530120482784e+00
1.252208835341365400e+01
1.252208835341365400e+01
1.304819277108433795e+01
1.002811244979919714e+01
1.988353413654618507e+01
1.311646586345381493e+01
1.595983935742971838e+01
1.067469879518072240e+01
1.277510040160642646e+01
1.369076305220883505e+01
1.160642570281124542e+01
1.420080321285140634e+01
1.886746987951807242e+01
1.280722891566264998e+01
1.418473895582329369e+01
9.281124497991967814e+00
1.265060240963855342e+01
1.198393574297188735e+01
1.471485943775100402e+01
2.040562248995983907e+01
1.812851405622490120e+01
1.268273092369477872e+01
1.292369477911646669e+01
1.302409638554216897e+01
1.291164658634538220e+01
1.446586345381526151e+01
1.320883534136546267e+01
1.179518072289156549e+01
1.071485943775100402e+01
1.033333333333333393e+01
1.153012048192771033e+01
1.179518072289156549e+01
1.208433734939758963e+01
9.963855421686746539e+00
1.012851405622489942e+01
1.255020080321285114e+01
1.422891566265060170e+01
1.633734939759036209e+01
1.472289156626506035e+01
9.875502008032128742e+00
1.479518072289156549e+01
1.202409638554216897e+01
1.296385542168674654e+01
1.011646586345381493e+01
1.373895582329317300e+01
1.145381526104417702e+01
1.644979919678714708e+01
1.296385542168674654e+01
1.461445783132530174e+01
1.221686746987951722e+01
1.044578313253012070e+01
1.039357429718875458e+01
1.090361445783132588e+01
1.000401606425702816e+01
1.202811244979919714e+01
1.364658634538152526e+01
1.323293172690762987e+01
1.079116465863453733e+01
1.583534136546184712e+01
1.306827309236947876e+01
1.071887550200803219e+01
1.100401606425702816e+01
1.091566265060241037e+01
1.004819277108433795e+01
1.375100401606425748e+01
1.128112449799196781e+01
1.368674698795180689e+01
9.638554216867470714e+00
1.497590361445783103e+01
1.897991967871486096e+01
1.391566265060241037e+01
2.010441767068273222e+01
1.142971887550200805e+01
1.124899598393574252e+01
1.373493975903614484e+01
1.388353413654618507e+01
1.059839357429718909e+01
1.312851405622489942e+01
1.268674698795180689e+01
1.196385542168674654e+01
1.420080321285140634e+01
1.037751004016064194e+01
1.138554216867469826e+01
1.146184738955823335e+01
1.163052208835341439e+01
1.449799196787148681e+01
1.249799196787148681e+01
1.550602409638554136e+01
1.009236947791164596e+01
9.863453815261044255e+00
1.221285140562249083e+01
1.257831325301204828e+01
1.048995983935743048e+01
1.341365461847389540e+01
1.387951807228915690e+01
1.201606425702811265e+01
1.369477911646586321e+01
1.707228915662650692e+01
1.130120481927710863e+01
1.118875502008032186e+01
1.659036144578313099e+01
1.423293172690762987e+01
1.434538152610441841e+01
1.090763052208835404e+01
1.258232931726907644e+01
1.404016064257028162e+01
1.130522088353413679e+01
1.158634538152610460e+01
1.080321285140562182e+01
1.443775100401606437e+01
1.331726907630522128e+01
2.003614457831325169e+01
1.891566265060241037e+01
1.129317269076305230e+01
1.157028112449799195e+01
1.270281124497991954e+01
1.450200803212851319e+01
1.167469879518072240e+01
1.002811244979919714e+01
1.786746987951807242e+01
1.185943775100401609e+01
1.104417670682730979e+01
1.290763052208835404e+01
1.171084337349397586e+01
1.120481927710843451e+01
1.412851405622489942e+01
1.308835341365461780e+01
1.063052208835341439e+01
1.395180722891566205e+01
9.791164658634537332e+00
9.506024096385541355e+00
1.300803212851405632e+01
1.106827309236947876e+01
1.139357429718875458e+01
1.802008032128513904e+01
1.340160642570281091e+01
9.622489959839358065e+00
1.054216867469879482e+01
1.580321285140562182e+01
1.187148594377510058e+01
1.073895582329317300e+01
1.426506024096385516e+01
1.318473895582329369e+01
1.194377510040160573e+01
1.194779116465863389e+01
1.848192771084337238e+01
1.927309236947791149e+01
9.574297188755020116e+00
9.281124497991967814e+00
1.274698795180722932e+01
1.130923694779116495e+01
1.438554216867469826e+01
9.650602409638553425e+00
1.126104417670682700e+01
1.682329317269076441e+01
1.049799196787148681e+01
1.140160642570281091e+01
2.181526104417670808e+01
1.071887550200803219e+01
1.234939759036144658e+01
1.224497991967871435e+01
1.670281124497991954e+01
1.542570281124497988e+01
1.219277108433735002e+01
1.717670682730923559e+01
9.751004016064257485e+00
9.044176706827309786e+00
9.670682730923694237e+00
1.186345381526104426e+01
9.979919678714859188e+00
1.486345381526104426e+01
1.305220883534136611e+01
1.113253012048192758e+01
1.373092369477911667e+01
1.169076305220883505e+01
1.330120481927710863e+01
1.116867469879518104e+01
1.612048192771084487e+01
1.310441767068273045e+01
1.271084337349397586e+01
1.619678714859437818e+01
9.084337349397589634e+00
1.089558232931726955e+01
9.863453815261044255e+00
1.643775100401606437e+01
1.135742971887550112e+01
1.010441767068273045e+01
9.610441767068273577e+00
1.720883534136546089e+01
9.991967871485943675e+00
1.308433734939758963e+01
1.333734939759036209e+01
9.353413654618474737e+00
1.184337349397590344e+01
1.339357429718875458e+01
1.038955823293172642e+01
1.175903614457831381e+01
1.044578313253012070e+01
1.182730923694779079e+01
9.429718875502008046e+00
1.245783132530120518e+01
1.355421686746987930e+01
1.194377510040160573e+01
1.190361445783132588e+01
1.275100401606425748e+01
1.070682730923694770e+01
9.168674698795181044e+00
9.650602409638553425e+00
1.991164658634538043e+01
1.144176706827309253e+01
1.328915662650602414e+01
1.196787148594377470e+01
1.357429718875502012e+01
1.504016064257028162e+01
9.493975903614458645e+00
1.077108433734939830e+01
1.289558232931726955e+01
1.502811244979919714e+01
1.307630522088353331e+01
1.046184738955823335e+01
1.118875502008032186e+01
1.160642570281124542e+01
9.232931726907629866e+00
1.328915662650602414e+01
1.302008032128514081e+01
1.317670682730923737e+01
1.660240963855421725e+01
1.380321285140562182e+01
1.224096385542168619e+01
1.450200803212851319e+01
1.416867469879518104e+01
1.462650602409638623e+01
1.035742971887550112e+01
1.433734939759036209e+01
1.301204819277108449e+01
1.343775100401606437e+01
1.090763052208835404e+01
1.076305220883534197e+01
1.060642570281124542e+01
1.181526104417670631e+01
1.186746987951807242e+01
1.246586345381526151e+01
1.387550200803212874e+01
1.636947791164658739e+01
1.551405622489959768e+01
1.260240963855421725e+01
1.016465863453815288e+01
1.179116465863453733e+01
1.628112449799196781e+01
1.507630522088353331e+01
1.138554216867469826e+01
1.287550200803212874e+01
1.239357429718875458e+01
1.240160642570281091e+01
1.320883534136546267e+01
1.438554216867469826e+01
1.403614457831325346e+01
1.332128514056224944e+01
1.091164658634538220e+01
1.473895582329317300e+01
1.413253012048192758e+01
1.167469879518072240e+01
1.195582329317269021e+01
9.116465863453814933e+00
1.204417670682730979e+01
1.187148594377510058e+01
1.181124497991967814e+01
1.154618473895582298e+01
1.300401606425702816e+01
1.422088353413654538e+01
1.304417670682730979e+01
1.103212851405622530e+01
1.357831325301204828e+01
1.048594377510040232e+01
1.222489959839357354e+01
1.029718875502008046e+01
9.104417670682730446e+00
1.016064257028112472e+01
1.750200803212851497e+01
1.132931726907630576e+01
1.202811244979919714e+01
1.161445783132530174e+01
1.108433734939758963e+01
1.318473895582329369e+01
1.355823293172690747e+01
1.449397590361445864e+01
1.832128514056224944e+01
1.183534136546184712e+01
1.696385542168674831e+01
1.380722891566264998e+01
1.381526104417670631e+01
1.302409638554216897e+01
1.156626506024096379e+01
9.843373493975903443e+00
2.255823293172690924e+01
1.201606425702811265e+01
1.034939759036144658e+01
1.389156626506024139e+01
1.170682730923694770e+01
1.100000000000000000e+01
1.139759036144578275e+01
1.670682730923694947e+01
1.251004016064256952e+01
1.166265060240963791e+01
1.338554216867469826e+01
9.301204819277108626e+00
1.170281124497991954e+01
1.245783132530120518e+01
1.032530120481927760e+01
1.246987951807228967e+01
1.320481927710843451e+01
1.067469879518072240e+01
1.497188755020080286e+01
9.554216867469879304e+00
1.051004016064256952e+01
1.208835341365461780e+01
9.815261044176706307e+00
1.125702811244979884e+01
1.308835341365461780e+01
1.270682730923694770e+01
1.486345381526104426e+01
1.563453815261044255e+01
1.143373493975903621e+01
1.210441767068273045e+01
2.067871485943775056e+01
1.507630522088353331e+01
1.307228915662650515e+01
7.353413654618473849e+00
1.514457831325301207e+01
1.292369477911646669e+01
9.887550200803213230e+00
1.646586345381525973e+01
9.461847389558233345e+00
1.611244979919678855e+01
1.275502008032128565e+01
1.137751004016064194e+01
1.168674698795180689e+01
1.106827309236947876e+01
1.228514056224899598e+01
1.070682730923694770e+01
1.233734939759036209e+01
1.169879518072289137e+01
1.241767068273092356e+01
1.114056224899598391e+01
1.223694779116465803e+01
1.023694779116465803e+01
1.112851405622489942e+01
1.090361445783132588e+01
1.397188755020080286e+01
1.002811244979919714e+01
1.227710843373493965e+01
1.063855421686747071e+01
1.168674698795180689e+01
1.363453815261044255e+01
2.126104417670682878e+01
1.161847389558232990e+01
9.863453815261044255e+00
1.409236947791164596e+01
1.289959839357429772e+01
1.189156626506024139e+01
1.086345381526104426e+01
9.614457831325301740e+00
1.201606425702811265e+01
1.440963855421686723e+01
1.386345381526104426e+01
1.062650602409638623e+01
2.524899598393574252e+01
1.323694779116465803e+01
1.470281124497991954e+01
9.975903614457831026e+00
1.071084337349397586e+01
1.195180722891566205e+01
1.043775100401606437e+01
1.061445783132530174e+01
1.081927710843373447e+01
9.457831325301205183e+00
1.487550200803212874e+01
1.057831325301204828e+01
1.058232931726907644e+01
1.171485943775100402e+01
1.079518072289156549e+01
1.316064257028112472e+01
1.456626506024096379e+01
1.775903614457831381e+01
1.549799196787148681e+01
1.761847389558232990e+01
1.012851405622489942e+01
1.300401606425702816e+01
1.039759036144578275e+01
1.377108433734939830e+01
1.271084337349397586e+01
1.396385542168674654e+01
1.242168674698795172e+01
1.137751004016064194e+01
1.633734939759036209e+01
1.106827309236947876e+01
1.295180722891566205e+01
1.034538152610441841e+01
1.300401606425702816e+01
1.531726907630522128e+01
1.230120481927710863e+01
1.465060240963855342e+01
1.514457831325301207e+01
1.032128514056224944e+01
1.274297188755020116e+01
1.464257028112449888e+01
1.087148594377510058e+01
1.173895582329317300e+01
1.115662650602409656e+01
1.736947791164658739e+01
1.348995983935743048e+01
1.177911646586345462e+01
1.404016064257028162e+01
1.214056224899598391e+01
1.051807228915662584e+01
9.746987951807229322e+00
1.153815261044176665e+01
1.419277108433735002e+01
1.408433734939758963e+01
9.670682730923694237e+00
1.541767068273092356e+01
9.630522088353414389e+00
1.278313253012048278e+01
1.529718875502008046e+01
8.883534136546185067e+00
1.376706827309237013e+01
1.213654618473895574e+01
1.403614457831325346e+01
1.126506024096385516e+01
1.199196787148594368e+01
1.335341365461847474e+01
1.018875502008032186e+01
9.827309236947790794e+00
1.050200803212851319e+01
1.206827309236947876e+01
1.501606425702811265e+01
9.345381526104418413e+00
1.145381526104417702e+01
1.253815261044176665e+01
1.703614457831325169e+01
9.269076305220883327e+00
1.265461847389558159e+01
9.807228915662649982e+00
1.147389558232931783e+01
1.214056224899598391e+01
1.349397590361445864e+01
1.212048192771084310e+01
1.065461847389558159e+01
1.108835341365461780e+01
1.040160642570281091e+01
1.324899598393574252e+01
1.166265060240963791e+01
1.264257028112449888e+01
1.616064257028112294e+01
1.328514056224899598e+01
1.384738955823293161e+01
1.295983935742971838e+01
1.231325301204819311e+01
1.072289156626506035e+01
1.720883534136546089e+01
1.573092369477911667e+01
1.148995983935743048e+01
1.424497991967871435e+01
1.066265060240963791e+01
1.021686746987951722e+01
1.168273092369477872e+01
1.295983935742971838e+01
1.363453815261044255e+01
1.306827309236947876e+01
1.613654618473895752e+01
1.771084337349397586e+01
1.371887550200803219e+01
1.041767068273092356e+01
1.749397590361445864e+01
1.217670682730923737e+01
1.490361445783132588e+01
1.132931726907630576e+01
1.185542168674698793e+01
1.077510040160642646e+01
1.425301204819277068e+01
1.201606425702811265e+01
1.353012048192771033e+01
1.352610441767068217e+01
1.298795180722891551e+01
1.069477911646586321e+01
1.457028112449799195e+01
1.282329317269076263e+01
1.289156626506024139e+01
1.404819277108433795e+01
1.269477911646586321e+01
1.079116465863453733e+01
1.046184738955823335e+01
9.369477911646585611e+00
1.008433734939758963e+01
1.150602409638554136e+01
1.350602409638554136e+01
1.432931726907630576e+01
1.337751004016064194e+01
1.154618473895582298e+01
9.887550200803213230e+00
1.641365461847389540e+01
1.066265060240963791e+01
1.361445783132530174e+01
1.009638554216867412e+01
1.363453815261044255e+01
1.138955823293172642e+01
1.436546184738955745e+01
1.201204819277108449e+01
1.318875502008032186e+01
1.034538152610441841e+01
1.600000000000000000e+01
1.358232931726907644e+01
1.169879518072289137e+01
1.650602409638554136e+01
1.204417670682730979e+01
1.409638554216867412e+01
1.644979919678714708e+01
1.578313253012048278e+01
1.337751004016064194e+01
1.759839357429718731e+01
1.942168674698795172e+01
1.469076305220883505e+01
1.234136546184739025e+01
1.158232931726907644e+01
1.050200803212851319e+01
1.052208835341365400e+01
1.396385542168674654e+01
1.635341365461847474e+01
1.292771084337349485e+01
1.218473895582329369e+01
1.002409638554216897e+01
1.081927710843373447e+01
9.779116465863454621e+00
1.277510040160642646e+01
1.318473895582329369e+01
1.476706827309237013e+01
1.282329317269076263e+01
1.184738955823293161e+01
1.001606425702811265e+01
1.287148594377510058e+01
8.409638554216867234e+00
1.426506024096385516e+01
1.200401606425702816e+01
1.355020080321285114e+01
1.265863453815260975e+01
9.526104417670682167e+00
1.572690763052208851e+01
1.238955823293172642e+01
1.199196787148594368e+01
1.223293172690762987e+01
1.275100401606425748e+01
1.295582329317269021e+01
1.514457831325301207e+01
1.494779116465863389e+01
1.096385542168674654e+01
1.383132530120481896e+01
1.088353413654618507e+01
1.079116465863453733e+01
1.097590361445783103e+01
1.684738955823293338e+01
1.438152610441767010e+01
1.128514056224899598e+01
1.378714859437750917e+01
1.497991967871485919e+01
1.231726907630522128e+01
1.149799196787148681e+01
1.413253012048192758e+01
1.097188755020080286e+01
1.200401606425702816e+01
9.566265060240963791e+00
1.308835341365461780e+01
1.093172690763052124e+01
2.322489959839357354e+01
1.131325301204819311e+01
9.421686746987951722e+00
1.559437751004016093e+01
1.119277108433735002e+01
1.754618473895582298e+01
1.328112449799196781e+01
1.078313253012048278e+01
1.318473895582329369e+01
1.551405622489959768e+01
1.165461847389558159e+01
8.935742971887549402e+00
2.100401606425702639e+01
1.300401606425702816e+01
1.578714859437750917e+01
1.019277108433735002e+01
1.243373493975903621e+01
1.532931726907630576e+01
1.393172690763052124e+01
1.157028112449799195e+01
1.071084337349397586e+01
1.404417670682730979e+01
1.306425702811245060e+01
1.285140562248995977e+01
9.811244979919678144e+00
1.154216867469879482e+01
8.827309236947790794e+00
9.791164658634537332e+00
1.108835341365461780e+01
1.431325301204819311e+01
1.148995983935743048e+01
1.555020080321285114e+01
1.050200803212851319e+01
1.126506024096385516e+01
1.176706827309237013e+01
1.744578313253012070e+01
1.118072289156626553e+01
1.281526104417670631e+01
1.116465863453815288e+01
1.602008032128513904e+01
1.456626506024096379e+01
1.297590361445783103e+01
1.214457831325301207e+01
1.522489959839357354e+01
1.022891566265060170e+01
1.172289156626506035e+01
1.122088353413654538e+01
1.286345381526104426e+01
1.481927710843373447e+01
1.025301204819277068e+01
1.435341365461847474e+01
2.767871485943775056e+01
1.414056224899598391e+01
9.662650602409637912e+00
1.095180722891566205e+01
1.311646586345381493e+01
1.171485943775100402e+01
1.357429718875502012e+01
1.651807228915662762e+01
1.528514056224899598e+01
1.131325301204819311e+01
1.549397590361445864e+01
1.294779116465863389e+01
1.324497991967871435e+01
1.170281124497991954e+01
1.176706827309237013e+01
1.295180722891566205e+01
1.448995983935743048e+01
1.573092369477911667e+01
1.375903614457831381e+01
9.763052208835341972e+00
1.471485943775100402e+01
1.199598393574297184e+01
1.277510040160642646e+01
9.397590361445782747e+00
1.770281124497991954e+01
1.072289156626506035e+01
9.835341365461847118e+00
1.567469879518072240e+01
1.181927710843373447e+01
1.401606425702811265e+01
1.155823293172690747e+01
1.079919678714859366e+01
1.208032128514056147e+01
1.194779116465863389e+01
9.269076305220883327e+00
1.308032128514056147e+01
1.751405622489959768e+01
1.406024096385542244e+01
9.232931726907629866e+00
1.224096385542168619e+01
1.257028112449799195e+01
1.359839357429718909e+01
1.361445783132530174e+01
1.267871485943775056e+01
1.140160642570281091e+01
1.224096385542168619e+01
1.053012048192771033e+01
1.067068273092369424e+01
1.015261044176706839e+01
1.409638554216867412e+01
1.401204819277108449e+01
1.456626506024096379e+01
1.171887550200803219e+01
1.259839357429718909e+01
1.221686746987951722e+01
1.355020080321285114e+01
1.321686746987951722e+01
1.037349397590361377e+01
1.364658634538152526e+01
1.019678714859437818e+01
1.163052208835341439e+01
1.928514056224899775e+01
1.094779116465863389e+01
1.045783132530120518e+01
1.597590361445783103e+01
1.192771084337349485e+01
1.090361445783132588e+01
1.012048192771084310e+01
1.352208835341365400e+01
1.191566265060241037e+01
1.301204819277108449e+01
1.126907630522088333e+01
1.297991967871485919e+01
1.433333333333333393e+01
1.287550200803212874e+01
1.200000000000000000e+01
1.195983935742971838e+01
1.375903614457831381e+01
9.554216867469879304e+00
1.338955823293172642e+01
1.399196787148594368e+01
1.202811244979919714e+01
1.569879518072289137e+01
1.219678714859437818e+01
1.253413654618473849e+01
8.140562248995983907e+00
1.398795180722891551e+01
1.355020080321285114e+01
1.326506024096385516e+01
1.099196787148594368e+01
1.298795180722891551e+01
9.321285140562249438e+00
2.218875502008032186e+01
1.230923694779116495e+01
1.203614457831325346e+01
1.074698795180722932e+01
1.424096385542168619e+01
1.510843373493975861e+01
1.143373493975903621e+01
1.526907630522088333e+01
1.203614457831325346e+01
1.602008032128513904e+01
1.133734939759036209e+01
1.073493975903614484e+01
9.702811244979919536e+00
1.468674698795180689e+01
1.185542168674698793e+01
1.249397590361445864e+01
1.049397590361445864e+01
1.026104417670682700e+01
1.598795180722891551e+01
1.390763052208835404e+01
1.466666666666666607e+01
1.264658634538152526e+01
1.322088353413654538e+01
1.300803212851405632e+01
9.168674698795181044e+00
1.304016064257028162e+01
1.495582329317269021e+01
1.747791164658634600e+01
1.571887550200803219e+01
1.371887550200803219e+01
1.051004016064256952e+01
1.166666666666666607e+01
1.749799196787148503e+01
1.026907630522088333e+01
1.061044176706827358e+01
2.183132530120482073e+01
1.255020080321285114e+01
1.775903614457831381e+01
1.258232931726907644e+01
1.527710843373493965e+01
1.123293172690762987e+01
1.304417670682730979e+01
1.702811244979919536e+01
9.012048192771084487e+00
1.083935742971887528e+01
1.199196787148594368e+01
1.059437751004016093e+01
1.364257028112449888e+01
1.291566265060241037e+01
1.167871485943775056e+01
1.245783132530120518e+01
8.658634538152609750e+00
9.614457831325301740e+00
1.271485943775100402e+01
1.450602409638554136e+01
1.156224899598393563e+01
1.206827309236947876e+01
1.003614457831325346e+01
1.291967871485943853e+01
1.128915662650602414e+01
1.022891566265060170e+01
1.379518072289156549e+01
1.139357429718875458e+01
1.706425702811245060e+01
1.264257028112449888e+01
1.464257028112449888e+01
1.059839357429718909e+01
1.169076305220883505e+01
1.355823293172690747e+01
1.943373493975903443e+01
1.058232931726907644e+01
1.463453815261044255e+01
1.166666666666666607e+01
1.119678714859437818e+01
1.567469879518072240e+01
1.388353413654618507e+01
1.630522088353413679e+01
1.410040160642570228e+01
1.559839357429718909e+01
1.975100401606425748e+01
8.489959839357430482e+00
1.021686746987951722e+01
1.220080321285140634e+01
8.895582329317269554e+00
1.322891566265060170e+01
2.529317269076305053e+01
1.621686746987951722e+01
1.117670682730923737e+01
1.569477911646586321e+01
1.403212851405622530e+01
1.257831325301204828e+01
1.254216867469879482e+01
1.298393574297188735e+01
1.363052208835341439e+01
1.176706827309237013e+01
1.029317269076305230e+01
1.399196787148594368e+01
1.063052208835341439e+01
1.195983935742971838e+01
1.455823293172690747e+01
1.581927710843373447e+01
1.129718875502008046e+01
1.391566265060241037e+01
1.308032128514056147e+01
9.622489959839358065e+00
1.045783132530120518e+01
2.297991967871486096e+01
1.147389558232931783e+01
1.467068273092369424e+01
1.488353413654618507e+01
1.297991967871485919e+01
1.484738955823293161e+01
1.291967871485943853e+01
1.355421686746987930e+01
1.086345381526104426e+01
1.145783132530120518e+01
1.402811244979919714e+01
1.049397590361445864e+01
1.221285140562249083e+01
1.400401606425702816e+01
1.146586345381526151e+01
9.044176706827309786e+00
1.183132530120481896e+01
1.124899598393574252e+01
1.210040160642570228e+01
1.114056224899598391e+01
1.255020080321285114e+01
1.140963855421686723e+01
1.351807228915662584e+01
1.341365461847389540e+01
1.074297188755020116e+01
1.223694779116465803e+01
1.158232931726907644e+01
1.416465863453815288e+01
1.170281124497991954e+01
1.058634538152610460e+01
1.016064257028112472e+01
1.256626506024096379e+01
1.060240963855421725e+01
1.344578313253012070e+01
1.614457831325301029e+01
1.496385542168674654e+01
9.116465863453814933e+00
1.925702811244979884e+01
1.033333333333333393e+01
1.482329317269076263e+01
1.455823293172690747e+01
9.718875502008032186e+00
1.063453815261044255e+01
1.010040160642570228e+01
1.251405622489959768e+01
1.283935742971887528e+01
1.090361445783132588e+01
9.064257028112450598e+00
1.318072289156626553e+01
1.421285140562249083e+01
1.042570281124497988e+01
1.565060240963855342e+01
1.418473895582329369e+01
1.149799196787148681e+01
1.346987951807228967e+01
1.220481927710843451e+01
1.309638554216867412e+01
9.963855421686746539e+00
1.210843373493975861e+01
1.175502008032128565e+01
1.454216867469879482e+01
1.298795180722891551e+01
1.569879518072289137e+01
1.357831325301204828e+01
1.130923694779116495e+01
1.558634538152610460e+01
1.116465863453815288e+01
1.349397590361445864e+01
1.274698795180722932e+01
1.038955823293172642e+01
1.165060240963855342e+01
2.793172690763052302e+01
1.169477911646586321e+01
1.477108433734939830e+01
1.071887550200803219e+01
1.680722891566265176e+01
1.124096385542168619e+01
1.144578313253012070e+01
1.028915662650602414e+01
1.375100401606425748e+01
1.810843373493975861e+01
9.602409638554217253e+00
1.401606425702811265e+01
1.026907630522088333e+01
1.030522088353413679e+01
9.196787148594378181e+00
1.379518072289156549e+01
1.078313253012048278e+01
1.179919678714859366e+01
1.143373493975903621e+01
9.807228915662649982e+00
1.271485943775100402e+01
1.389156626506024139e+01
1.695983935742971838e+01
1.128112449799196781e+01
1.162650602409638623e+01
1.236947791164658561e+01
1.609236947791164596e+01
1.220080321285140634e+01
1.518473895582329369e+01
1.118072289156626553e+01
9.261044176706827002e+00
1.305622489959839427e+01
1.778714859437750917e+01
2.076305220883534020e+01
8.132530120481927582e+00
1.658232931726907466e+01
1.218473895582329369e+01
1.451807228915662584e+01
1.103212851405622530e+01
1.200000000000000000e+01
1.218875502008032186e+01
1.103212851405622530e+01
1.252208835341365400e+01
1.700401606425702639e+01
1.319277108433735002e+01
1.448995983935743048e+01
1.367469879518072240e+01
1.063453815261044255e+01
1.222489959839357354e+01
1.112851405622489942e+01
1.381927710843373447e+01
1.444176706827309253e+01
1.260240963855421725e+01
1.458634538152610460e+01
1.609638554216867590e+01
1.053413654618473849e+01
1.188755020080321323e+01
9.012048192771084487e+00
1.258232931726907644e+01
1.269076305220883505e+01
1.445783132530120518e+01
1.530120481927710863e+01
1.328915662650602414e+01
1.546184738955823335e+01
1.142168674698795172e+01
1.081927710843373447e+01
1.112048192771084310e+01
1.349397590361445864e+01
1.295983935742971838e+01
1.109638554216867412e+01
1.117670682730923737e+01
1.224096385542168619e+01
1.516064257028112472e+01
1.423293172690762987e+01
1.383132530120481896e+01
1.532128514056224944e+01
9.955823293172690214e+00
1.133734939759036209e+01
1.097188755020080286e+01
1.331726907630522128e+01
1.033333333333333393e+01
1.120883534136546267e+01
1.513253012048192758e+01
9.879518072289156905e+00
8.939759036144577564e+00
1.149799196787148681e+01
1.395180722891566205e+01
1.111646586345381493e+01
1.535341365461847474e+01
1.647791164658634600e+01
9.923694779116466691e+00
1.082329317269076263e+01
1.160642570281124542e+01
1.212449799196787126e+01
1.557831325301204828e+01
1.293975903614457756e+01
1.288755020080321323e+01
1.202409638554216897e+01
1.862248995983935629e+01
1.601606425702811265e+01
1.199598393574297184e+01
1.263855421686747071e+01
1.590361445783132588e+01
1.114457831325301207e+01
1.364658634538152526e+01
1.153012048192771033e+01
1.381526104417670631e+01
1.355823293172690747e+01
1.012851405622489942e+01
1.413253012048192758e+01
1.304016064257028162e+01
1.148594377510040232e+01
1.542168674698795172e+01
1.312449799196787126e+01
1.193975903614457756e+01
1.061847389558232990e+01
1.488353413654618507e+01
1.168674698795180689e+01
1.576305220883534197e+01
9.819277108433734469e+00
1.378313253012048278e+01
1.261044176706827358e+01
1.781124497991967814e+01
1.146184738955823335e+01
1.434939759036144658e+01
1.086746987951807242e+01
1.266265060240963791e+01
1.087951807228915690e+01
9.542168674698794817e+00
1.526104417670682700e+01
1.059437751004016093e+01
1.211646586345381493e+01
1.063052208835341439e+01
1.353012048192771033e+01
1.400000000000000000e+01
9.746987951807229322e+00
1.198393574297188735e+01
1.192771084337349485e+01
1.282329317269076263e+01
1.093172690763052124e+01
1.695180722891566205e+01
2.013253012048192758e+01
1.083935742971887528e+01
1.400803212851405632e+01
1.324899598393574252e+01
1.435742971887550112e+01
1.079919678714859366e+01
9.136546184738955745e+00
1.368273092369477872e+01
1.352208835341365400e+01
1.050602409638554136e+01
1.264658634538152526e+01
1.082329317269076263e+01
1.187550200803212874e+01
1.093574297188754940e+01
1.044176706827309253e+01
1.167871485943775056e+01
1.136546184738955745e+01
9.746987951807229322e+00
1.379919678714859366e+01
1.918473895582329192e+01
1.085542168674698793e+01
1.089156626506024139e+01
1.228112449799196781e+01
1.494779116465863389e+01
1.604819277108433795e+01
1.141365461847389540e+01
1.091164658634538220e+01
1.023694779116465803e+01
1.097188755020080286e+01
1.228915662650602414e+01
1.570281124497991954e+01
1.063855421686747071e+01
1.095983935742971838e+01
1.034939759036144658e+01
9.955823293172690214e+00
1.114056224899598391e+01
1.255823293172690747e+01
1.453413654618473849e+01
9.835341365461847118e+00
1.218875502008032186e+01
1.245783132530120518e+01
1.265461847389558159e+01
9.184738955823293693e+00
1.724096385542168619e+01
1.091164658634538220e+01
1.470682730923694770e+01
1.220080321285140634e+01
1.425702811244979884e+01
1.002811244979919714e+01
1.473493975903614484e+01
1.235341365461847474e+01
1.323694779116465803e+01
1.083935742971887528e+01
1.280321285140562182e+01
1.229317269076305230e+01
1.807228915662650692e+01
1.083534136546184712e+01
1.128112449799196781e+01
8.449799196787148858e+00
1.294377510040160573e+01
1.104819277108433795e+01
1.228112449799196781e+01
1.196787148594377470e+01
1.492369477911646669e+01
9.506024096385541355e+00
1.494377510040160573e+01
9.642570281124498877e+00
1.068273092369477872e+01
1.204417670682730979e+01
1.238554216867469826e+01
1.465060240963855342e+01
1.033333333333333393e+01
1.711244979919678855e+01
1.500803212851405632e+01
1.077108433734939830e+01
1.234136546184739025e+01
1.410040160642570228e+01
1.420883534136546267e+01
1.288353413654618507e+01
1.090361445783132588e+01
1.833734939759036209e+01
1.144578313253012070e+01
1.098393574297188735e+01
1.347389558232931783e+01
1.382329317269076263e+01
1.292771084337349485e+01
1.306024096385542244e+01
1.320883534136546267e+01
9.385542168674698260e+00
1.548594377510040232e+01
1.127710843373493965e+01
1.445381526104417702e+01
1.440562248995983907e+01
1.471887550200803219e+01
1.444578313253012070e+01
1.283534136546184712e+01
1.096787148594377470e+01
1.243775100401606437e+01
1.508032128514056147e+01
1.149397590361445864e+01
1.171084337349397586e+01
1.205220883534136611e+01
8.863453815261044255e+00
1.330522088353413679e+01
1.200000000000000000e+01
1.179116465863453733e+01
1.668273092369478050e+01
1.486345381526104426e+01
1.284738955823293161e+01
1.169076305220883505e+01
1.008433734939758963e+01
1.303212851405622530e+01
1.469076305220883505e+01
1.071887550200803219e+01
1.412048192771084310e+01
1.198795180722891551e+01
9.429718875502008046e+00
1.109236947791164596e+01
1.139357429718875458e+01
1.402409638554216897e+01
1.230522088353413679e+01
1.312048192771084310e+01
1.508032128514056147e+01
1.086345381526104426e+01
1.095983935742971838e+01
1.048594377510040232e+01
1.155020080321285114e+01
9.943775100401605727e+00
1.365060240963855342e+01
1.495180722891566205e+01
1.027710843373493965e+01
1.351004016064256952e+01
8.951807228915662051e+00
9.791164658634537332e+00
1.155020080321285114e+01
1.578313253012048278e+01
1.303614457831325346e+01
8.730923694779116673e+00
1.098393574297188735e+01
1.175100401606425748e+01
1.279518072289156549e+01
1.175100401606425748e+01
1.093172690763052124e+01
1.273092369477911667e+01
8.441767068273092534e+00
1.062248995983935806e+01
1.602008032128513904e+01
9.072289156626505147e+00
1.573092369477911667e+01
1.075903614457831381e+01
1.409236947791164596e+01
1.093975903614457756e+01
1.572289156626506035e+01
1.206024096385542244e+01
1.087550200803212874e+01
1.363453815261044255e+01
1.500000000000000000e+01
1.367068273092369424e+01
1.257831325301204828e+01
1.053413654618473849e+01
1.258232931726907644e+01
1.318875502008032186e+01
1.289558232931726955e+01
1.093574297188754940e+01
1.420883534136546267e+01
9.847389558232931606e+00
1.367871485943775056e+01
1.022489959839357354e+01
1.251807228915662584e+01
1.539759036144578275e+01
1.131726907630522128e+01
1.223293172690762987e+01
1.168273092369477872e+01
1.078714859437750917e+01
1.269076305220883505e+01
1.055020080321285114e+01
1.021285140562249083e+01
1.081526104417670631e+01
1.276305220883534197e+01
1.724497991967871613e+01
1.349799196787148681e+01
1.148594377510040232e+01
1.247389558232931783e+01
9.899598393574297717e+00
1.267469879518072240e+01
1.529317269076305230e+01
1.232530120481927760e+01
1.502409638554216897e+01
1.712851405622490120e+01
1.239759036144578275e+01
1.171887550200803219e+01
1.183132530120481896e+01
1.544176706827309253e+01
1.057429718875502012e+01
1.314457831325301207e+01
1.108835341365461780e+01
1.181927710843373447e+01
1.352208835341365400e+01
1.296787148594377470e+01
1.408032128514056147e+01
1.323694779116465803e+01
1.515261044176706839e+01
1.417670682730923737e+01
1.333333333333333393e+01
1.409638554216867412e+01
1.000000000000000000e+01
9.987951807228915513e+00
1.111646586345381493e+01
1.348192771084337416e+01
1.025301204819277068e+01
1.220481927710843451e+01
1.107630522088353331e+01
1.640160642570281269e+01
1.115261044176706839e+01
1.628915662650602414e+01
1.306425702811245060e+01
1.663855421686746894e+01
1.343373493975903621e+01
1.230522088353413679e+01
1.222489959839357354e+01
1.118072289156626553e+01
1.233333333333333393e+01
1.636546184738955745e+01
1.461847389558232990e+01
1.258232931726907644e+01
1.229317269076305230e+01
1.061044176706827358e+01
1.269076305220883505e+01
1.258634538152610460e+01
1.674698795180722755e+01
1.094377510040160573e+01
1.731726907630521950e+01
1.336144578313252929e+01
1.287550200803212874e+01
1.355020080321285114e+01
1.150200803212851319e+01
1.223293172690762987e+01
1.015662650602409656e+01
1.013253012048192758e+01
1.092771084337349485e+01
1.375100401606425748e+01
1.336546184738955745e+01
1.410843373493975861e+01
1.594377510040160573e+01
1.673092369477911490e+01
1.581927710843373447e+01
1.244578313253012070e+01
1.309236947791164596e+01
1.510040160642570228e+01
1.175502008032128565e+01
1.372690763052208851e+01
1.411244979919678677e+01
1.103212851405622530e+01
1.228915662650602414e+01
1.036947791164658561e+01
9.987951807228915513e+00
1.355020080321285114e+01
1.470682730923694770e+01
9.883534136546185067e+00
1.219277108433735002e+01
1.526506024096385516e+01
1.918875502008032186e+01
1.179518072289156549e+01
1.117269076305220921e+01
1.313654618473895574e+01
1.435341365461847474e+01
9.819277108433734469e+00
8.309236947791164951e+00
9.622489959839358065e+00
1.097188755020080286e+01
1.823293172690762987e+01
1.257831325301204828e+01
1.398795180722891551e+01
1.171084337349397586e+01
1.267871485943775056e+01
1.576706827309237013e+01
1.336947791164658561e+01
1.461044176706827358e+01
1.241365461847389540e+01
8.313253012048193114e+00
1.041365461847389540e+01
1.332128514056224944e+01
1.225702811244979884e+01
1.506827309236947876e+01
1.088755020080321323e+01
9.975903614457831026e+00
1.065863453815260975e+01
1.018473895582329369e+01
1.061445783132530174e+01
1.195180722891566205e+01
1.083935742971887528e+01
1.214457831325301207e+01
1.166265060240963791e+01
1.087550200803212874e+01
1.412851405622489942e+01
1.480722891566264998e+01
1.358232931726907644e+01
9.726907630522088510e+00
1.680321285140562182e+01
1.061847389558232990e+01
1.624096385542168619e+01
9.032128514056225299e+00
1.443775100401606437e+01
1.075502008032128565e+01
9.497991967871486807e+00
1.477510040160642646e+01
1.192369477911646669e+01
1.348192771084337416e+01
1.358634538152610460e+01
1.054216867469879482e+01
1.349799196787148681e+01
1.140160642570281091e+01
1.037751004016064194e+01
1.639357429718875636e+01
1.235341365461847474e+01
1.196787148594377470e+01
1.143373493975903621e+01
1.212048192771084310e+01
1.341365461847389540e+01
1.364658634538152526e+01
1.345381526104417702e+01
1.464658634538152526e+01
1.478714859437750917e+01
1.344979919678714886e+01
8.779116465863454621e+00
1.214457831325301207e+01
1.647791164658634600e+01
9.751004016064257485e+00
1.898795180722891729e+01
1.386345381526104426e+01
1.074698795180722932e+01
1.048594377510040232e+01
1.163453815261044255e+01
1.140160642570281091e+01
1.329718875502008046e+01
1.152610441767068217e+01
1.890763052208835404e+01
1.251004016064256952e+01
1.249397590361445864e+01
1.102409638554216897e+01
1.198393574297188735e+01
1.103614457831325346e+01
1.205220883534136611e+01
1.263453815261044255e+01
1.006024096385542244e+01
1.157028112449799195e+01
1.168674698795180689e+01
1.079919678714859366e+01
1.251405622489959768e+01
1.056626506024096379e+01
1.046184738955823335e+01
1.334136546184739025e+01
1.276305220883534197e+01
1.686746987951807242e+01
1.190763052208835404e+01
1.413253012048192758e+01
1.171084337349397586e+01
1.869879518072289315e+01
1.119678714859437818e+01
1.248192771084337416e+01
1.406827309236947876e+01
1.091566265060241037e+01
1.543373493975903621e+01
1.061847389558232990e+01
9.867469879518072418e+00
1.940562248995983907e+01
1.297188755020080286e+01
1.111244979919678677e+01
1.346586345381526151e+01
1.568273092369477872e+01
1.383534136546184712e+01
1.172690763052208851e+01
1.282730923694779079e+01
9.313253012048193114e+00
1.183534136546184712e+01
1.349397590361445864e+01
1.463453815261044255e+01
1.481927710843373447e+01
1.578313253012048278e+01
1.112851405622489942e+01
1.708835341365461957e+01
1.084738955823293161e+01
1.397991967871485919e+01
1.316867469879518104e+01
1.303212851405622530e+01
1.458232931726907644e+01
9.578313253012048278e+00
8.666666666666666075e+00
1.059839357429718909e+01
1.272690763052208851e+01
1.046987951807228967e+01
1.054618473895582298e+01
1.242168674698795172e+01
1.224899598393574252e+01
1.199196787148594368e+01
1.194377510040160573e+01
1.363855421686747071e+01
1.194377510040160573e+01
1.127309236947791149e+01
1.629718875502008046e+01
1.128112449799196781e+01
1.178313253012048278e+01
1.471485943775100402e+01
1.540160642570281091e+01
1.344578313253012070e+01
1.365863453815260975e+01
1.213253012048192758e+01
1.106827309236947876e+01
1.000000000000000000e+01
1.514457831325301207e+01
1.320080321285140634e+01
1.104819277108433795e+01
1.424096385542168619e+01
1.259839357429718909e+01
1.042168674698795172e+01
1.533333333333333393e+01
1.167469879518072240e+01
1.332530120481927760e+01
1.579919678714859366e+01
1.362248995983935806e+01
1.302811244979919714e+01
9.787148594377509170e+00
8.959839357429718376e+00
1.520883534136546267e+01
1.260240963855421725e+01
1.187148594377510058e+01
1.168674698795180689e+01
1.232931726907630576e+01
1.038554216867469826e+01
8.168674698795181044e+00
1.232128514056224944e+01
1.142971887550200805e+01
1.143373493975903621e+01
1.041365461847389540e+01
1.116867469879518104e+01
1.060240963855421725e+01
1.243775100401606437e+01
1.136546184738955745e+01
1.275100401606425748e+01
1.148594377510040232e+01
1.378313253012048278e+01
1.328915662650602414e+01
1.215261044176706839e+01
1.189959839357429772e+01
2.410441767068273222e+01
1.168273092369477872e+01
9.907630522088354041e+00
1.366666666666666607e+01
1.136546184738955745e+01
1.183132530120481896e+01
1.254216867469879482e+01
1.051807228915662584e+01
1.020883534136546267e+01
1.094779116465863389e+01
1.258232931726907644e+01
9.875502008032128742e+00
1.068674698795180689e+01
1.962650602409638623e+01
1.044176706827309253e+01
1.021686746987951722e+01
1.116465863453815288e+01
9.967871485943774701e+00
1.476305220883534197e+01
1.112048192771084310e+01
1.171084337349397586e+01
1.125301204819277068e+01
1.146987951807228967e+01
1.820080321285140457e+01
9.722891566265060348e+00
1.553815261044176665e+01
1.109236947791164596e+01
1.221285140562249083e+01
1.043373493975903621e+01
9.895582329317269554e+00
1.368273092369477872e+01
1.239759036144578275e+01
1.051405622489959768e+01
1.090763052208835404e+01
1.188353413654618507e+01
1.657831325301204828e+01
1.087550200803212874e+01
1.082730923694779079e+01
1.059437751004016093e+01
1.237349397590361377e+01
1.477510040160642646e+01
1.253413654618473849e+01
1.283534136546184712e+01
1.251807228915662584e+01
1.079116465863453733e+01
1.145381526104417702e+01
9.072289156626505147e+00
1.311646586345381493e+01
1.712449799196787126e+01
1.481927710843373447e+01
1.304016064257028162e+01
1.251004016064256952e+01
9.562248995983935629e+00
1.158634538152610460e+01
1.552208835341365400e+01
1.631325301204819311e+01
1.348594377510040232e+01
1.551807228915662584e+01
1.162650602409638623e+01
1.053012048192771033e+01
1.093172690763052124e+01
1.088353413654618507e+01
9.915662650602410366e+00
1.500401606425702816e+01
1.242168674698795172e+01
1.277108433734939830e+01
9.642570281124498877e+00
1.310040160642570228e+01
1.363453815261044255e+01
1.133734939759036209e+01
9.240963855421686191e+00
8.558232931726907466e+00
1.213253012048192758e+01
1.002008032128514081e+01
1.266666666666666607e+01
1.319678714859437818e+01
1.178714859437750917e+01
9.578313253012048278e+00
1.456224899598393563e+01
1.218473895582329369e+01
1.162650602409638623e+01
1.028514056224899598e+01
1.262248995983935806e+01
1.342168674698795172e+01
1.307228915662650515e+01
1.385943775100401609e+01
1.799598393574297361e+01
1.037751004016064194e+01
1.475100401606425748e+01
1.054216867469879482e+01
1.093574297188754940e+01
8.931726907630521239e+00
1.175903614457831381e+01
1.354618473895582298e+01
1.108433734939758963e+01
1.243373493975903621e+01
1.431325301204819311e+01
1.047791164658634600e+01
1.281526104417670631e+01
1.504417670682730979e+01
1.367469879518072240e+01
1.525702811244979884e+01
1.158634538152610460e+01
1.260642570281124542e+01
1.276305220883534197e+01
1.111244979919678677e+01
1.092369477911646669e+01
1.046586345381526151e+01
1.287148594377510058e+01
1.737349397590361377e+01
1.408835341365461780e+01
1.318072289156626553e+01
9.188755020080321856e+00
1.245783132530120518e+01
1.079518072289156549e+01
1.245783132530120518e+01
1.257028112449799195e+01
1.162650602409638623e+01
1.377108433734939830e+01
1.236947791164658561e+01
1.120481927710843451e+01
8.497991967871486807e+00
1.155823293172690747e+01
1.051004016064256952e+01
1.069477911646586321e+01
1.189558232931726955e+01
8.558232931726907466e+00
1.108835341365461780e+01
1.244578313253012070e+01
1.143373493975903621e+01
1.308032128514056147e+01
1.446184738955823335e+01
1.085542168674698793e+01
1.394779116465863389e+01
1.341365461847389540e+01
1.340562248995983907e+01
1.327309236947791149e+01
9.823293172690762631e+00
1.616867469879517927e+01
1.271887550200803219e+01
1.702811244979919536e+01
1.297991967871485919e+01
9.807228915662649982e+00
1.206425702811245060e+01
1.102409638554216897e+01
1.226104417670682700e+01
1.383935742971887528e+01
1.367469879518072240e+01
1.345381526104417702e+01
1.518473895582329369e+01
1.153815261044176665e+01
1.525301204819277068e+01
1.169076305220883505e+01
1.402409638554216897e+01
9.891566265060241392e+00
1.267068273092369424e+01
1.306024096385542244e+01
1.570281124497991954e+01
1.344176706827309253e+01
1.279518072289156549e+01
1.128915662650602414e+01
1.498393574297188735e+01
1.231726907630522128e+01
1.238955823293172642e+01
1.484337349397590344e+01
1.124096385542168619e+01
1.382329317269076263e+01
2.323293172690762987e+01
1.242570281124497988e+01
1.247791164658634600e+01
1.204819277108433795e+01
1.174698795180722932e+01
1.482730923694779079e+01
1.074698795180722932e+01
1.189558232931726955e+01
1.216465863453815288e+01
1.565863453815260975e+01
1.144979919678714886e+01
1.945381526104417702e+01
9.562248995983935629e+00
1.151405622489959768e+01
1.562650602409638623e+01
1.184337349397590344e+01
1.316867469879518104e+01
1.327710843373493965e+01
1.068273092369477872e+01
1.330120481927710863e+01
1.095983935742971838e+01
1.329718875502008046e+01
1.416064257028112472e+01
1.079919678714859366e+01
1.368674698795180689e+01
1.272690763052208851e+01
1.243775100401606437e+01
1.093172690763052124e+01
1.295582329317269021e+01
1.701204819277108271e+01
1.148192771084337416e+01
1.392771084337349485e+01
1.191164658634538220e+01
1.000401606425702816e+01
1.166666666666666607e+01
1.260642570281124542e+01
1.203614457831325346e+01
1.249799196787148681e+01
1.455823293172690747e+01
1.456626506024096379e+01
9.734939759036144835e+00
1.393975903614457756e+01
1.057028112449799195e+01
1.338955823293172642e+01
1.307228915662650515e+01
1.447791164658634600e+01
1.289558232931726955e+01
1.295180722891566205e+01
1.502811244979919714e+01
1.365863453815260975e+01
9.622489959839358065e+00
1.661044176706827358e+01
1.318072289156626553e+01
1.259839357429718909e+01
1.180321285140562182e+01
1.225301204819277068e+01
1.655823293172690924e+01
1.358232931726907644e+01
9.204819277108434505e+00
1.138955823293172642e+01
1.440160642570281091e+01
1.346184738955823335e+01
1.408032128514056147e+01
1.478313253012048278e+01
9.598393574297189090e+00
1.309638554216867412e+01
1.379518072289156549e+01
8.755020080321285647e+00
1.461445783132530174e+01
1.554216867469879482e+01
1.261847389558232990e+01
1.219678714859437818e+01
1.390763052208835404e+01
1.042168674698795172e+01
1.465461847389558159e+01
1.773493975903614484e+01
1.427309236947791149e+01
9.586345381526104603e+00
1.133734939759036209e+01
1.112048192771084310e+01
1.492771084337349485e+01
1.379919678714859366e+01
1.040160642570281091e+01
1.126907630522088333e+01
1.141365461847389540e+01
1.179518072289156549e+01
1.831325301204819311e+01
1.462248995983935806e+01
1.390361445783132588e+01
1.040963855421686723e+01
9.542168674698794817e+00
1.746586345381525973e+01
9.409638554216867234e+00
1.361847389558232990e+01
9.963855421686746539e+00
1.263855421686747071e+01
1.238955823293172642e+01
1.145783132530120518e+01
1.233734939759036209e+01
1.409236947791164596e+01
9.883534136546185067e+00
1.314457831325301207e+01
1.415662650602409656e+01
1.418473895582329369e+01
1.193574297188754940e+01
1.274698795180722932e+01
1.353012048192771033e+01
1.211646586345381493e+01
1.104819277108433795e+01
1.150602409638554136e+01
1.132128514056224944e+01
1.361044176706827358e+01
1.506425702811245060e+01
1.552208835341365400e+01
1.451807228915662584e+01
8.975903614457831026e+00
1.283534136546184712e+01
9.068273092369478761e+00
1.092771084337349485e+01
1.053413654618473849e+01
1.761044176706827358e+01
1.281124497991967814e+01
1.192771084337349485e+01
1.791566265060241037e+01
1.260240963855421725e+01
1.353413654618473849e+01
1.348995983935743048e+01
1.015261044176706839e+01
1.197991967871485919e+01
1.623293172690762987e+01
1.309236947791164596e+01
1.246184738955823335e+01
1.538152610441767010e+01
1.083534136546184712e+01
1.316064257028112472e+01
1.220481927710843451e+01
1.082730923694779079e+01
1.167469879518072240e+01
1.439759036144578275e+01
1.461445783132530174e+01
1.264257028112449888e+01
1.123293172690762987e+01
1.804016064257028162e+01
1.088755020080321323e+01
1.209638554216867412e+01
1.643373493975903443e+01
1.374297188755020116e+01
1.484738955823293161e+01
1.071887550200803219e+01
1.265060240963855342e+01
1.311244979919678677e+01
9.393574297188754585e+00
1.149799196787148681e+01
1.096385542168674654e+01
1.019277108433735002e+01
1.085943775100401609e+01
1.387148594377510058e+01
1.351405622489959768e+01
1.254618473895582298e+01
1.137349397590361377e+01
1.198795180722891551e+01
1.545381526104417702e+01
1.440963855421686723e+01
1.237751004016064194e+01
1.287951807228915690e+01
1.131325301204819311e+01
1.394779116465863389e+01
1.188755020080321323e+01
1.142971887550200805e+01
1.176706827309237013e+01
1.134136546184739025e+01
9.168674698795181044e+00
2.442168674698795172e+01
1.022088353413654538e+01
1.090361445783132588e+01
1.304819277108433795e+01
1.214457831325301207e+01
1.464257028112449888e+01
1.564257028112449888e+01
1.267469879518072240e+01
1.061445783132530174e+01
1.175903614457831381e+01
1.514457831325301207e+01
1.314457831325301207e+01
1.136947791164658561e+01
1.211244979919678677e+01
1.074297188755020116e+01
9.044176706827309786e+00
1.516465863453815288e+01
1.540562248995983907e+01
1.393975903614457756e+01
1.516465863453815288e+01
1.251405622489959768e+01
9.686746987951806886e+00
1.445381526104417702e+01
1.198795180722891551e+01
1.337751004016064194e+01
1.381124497991967814e+01
1.363855421686747071e+01
1.161044176706827358e+01
1.567871485943775056e+01
1.116867469879518104e+01
1.324497991967871435e+01
8.742971887550201160e+00
9.497991967871486807e+00
1.104417670682730979e+01
1.569076305220883505e+01
1.304417670682730979e+01
1.375100401606425748e+01
1.503614457831325346e+01
1.166666666666666607e+01
1.217670682730923737e+01
1.047389558232931783e+01
1.697991967871486096e+01
1.232530120481927760e+01
1.056626506024096379e+01
1.230522088353413679e+01
1.392369477911646669e+01
1.284738955823293161e+01
1.152610441767068217e+01
8.377510040160641935e+00
1.506425702811245060e+01
9.289156626506024139e+00
1.198393574297188735e+01
1.156224899598393563e+01
1.179116465863453733e+01
1.232530120481927760e+01
1.589959839357429772e+01
1.025702811244979884e+01
1.281927710843373447e+01
1.352610441767068217e+01
1.164658634538152526e+01
1.052610441767068217e+01
1.310843373493975861e+01
1.007228915662650515e+01
1.161044176706827358e+01
1.108433734939758963e+01
1.236144578313252929e+01
1.012449799196787126e+01
1.114457831325301207e+01
1.670281124497991954e+01
8.883534136546185067e+00
9.963855421686746539e+00
1.200803212851405632e+01
1.481124497991967814e+01
1.161044176706827358e+01
1.204016064257028162e+01
1.043775100401606437e+01
1.056224899598393563e+01
1.258232931726907644e+01
8.365461847389557448e+00
1.132530120481927760e+01
1.265863453815260975e+01
1.044176706827309253e+01
1.070682730923694770e+01
1.126506024096385516e+01
1.051807228915662584e+01
1.183935742971887528e+01
1.341365461847389540e+01
1.348995983935743048e+01
1.769879518072289315e+01
1.188755020080321323e+01
1.378313253012048278e+01
9.538152610441766655e+00
1.404819277108433795e+01
9.975903614457831026e+00
8.502008032128513193e+00
9.072289156626505147e+00
1.079116465863453733e+01
9.690763052208835049e+00
1.299598393574297184e+01
1.369879518072289137e+01
1.414056224899598391e+01
1.297590361445783103e+01
1.369076305220883505e+01
1.157028112449799195e+01
1.346987951807228967e+01
1.543775100401606437e+01
1.472289156626506035e+01
1.419277108433735002e+01
9.148594377510040232e+00
1.192771084337349485e+01
1.570682730923694770e+01
1.438152610441767010e+01
1.178714859437750917e+01
1.473895582329317300e+01
1.284337349397590344e+01
1.142971887550200805e+01
1.346987951807228967e+01
1.216064257028112472e+01
1.133734939759036209e+01
1.275502008032128565e+01
1.466265060240963791e+01
1.255421686746987930e+01
1.116064257028112472e+01
1.204016064257028162e+01
1.093172690763052124e+01
1.480722891566264998e+01
1.265060240963855342e+01
1.152610441767068217e+01
1.534538152610441841e+01
1.108032128514056147e+01
1.207228915662650515e+01
1.348192771084337416e+01
1.412449799196787126e+01
1.014457831325301207e+01
1.516465863453815288e+01
1.100803212851405632e+01
1.597188755020080286e+01
1.244176706827309253e+01
1.451405622489959768e+01
1.464257028112449888e+01
1.453012048192771033e+01
1.177108433734939830e+01
1.321285140562249083e+01
1.326506024096385516e+01
1.026104417670682700e+01
1.023694779116465803e+01
1.091164658634538220e+01
1.341767068273092356e+01
1.774297188755020116e+01
1.009236947791164596e+01
1.111244979919678677e+01
1.024899598393574252e+01
2.159437751004016093e+01
1.284738955823293161e+01
9.598393574297189090e+00
1.341365461847389540e+01
1.244979919678714886e+01
1.448995983935743048e+01
9.730923694779116673e+00
9.582329317269076441e+00
9.642570281124498877e+00
1.730923694779116317e+01
1.065461847389558159e+01
1.117269076305220921e+01
1.442570281124497988e+01
1.353815261044176665e+01
1.276305220883534197e+01
1.422489959839357354e+01
1.072289156626506035e+01
9.686746987951806886e+00
1.059437751004016093e+01
1.110040160642570228e+01
1.229317269076305230e+01
2.111646586345381493e+01
1.202409638554216897e+01
1.594779116465863389e+01
1.173493975903614484e+01
1.280321285140562182e+01
1.066666666666666607e+01
1.495582329317269021e+01
1.211244979919678677e+01
1.182730923694779079e+01
1.559036144578313277e+01
1.163453815261044255e+01
1.152610441767068217e+01
1.465060240963855342e+01
1.413253012048192758e+01
9.546184738955822979e+00
1.101606425702811265e+01
1.560240963855421725e+01
1.106827309236947876e+01
1.173895582329317300e+01
1.102008032128514081e+01
1.293574297188754940e+01
1.262248995983935806e+01
1.222891566265060170e+01
1.456626506024096379e+01
1.008032128514056147e+01
1.435341365461847474e+01
1.198795180722891551e+01
1.249397590361445864e+01
1.303614457831325346e+01
1.231726907630522128e+01
1.225301204819277068e+01
1.300000000000000000e+01
1.310843373493975861e+01
1.168674698795180689e+01
1.608835341365461957e+01
1.395582329317269021e+01
1.253413654618473849e+01
1.261847389558232990e+01
1.319277108433735002e+01
1.330522088353413679e+01
1.123694779116465803e+01
1.279518072289156549e+01
1.085140562248995977e+01
1.154618473895582298e+01
9.815261044176706307e+00
1.545783132530120518e+01
1.027710843373493965e+01
1.149397590361445864e+01
1.169076305220883505e+01
1.077108433734939830e+01
1.604016064257028162e+01
1.383935742971887528e+01
1.139759036144578275e+01
1.164257028112449888e+01
1.377911646586345462e+01
1.238152610441767010e+01
1.163855421686747071e+01
1.034136546184739025e+01
1.034136546184739025e+01
1.518072289156626553e+01
9.959839357429718376e+00
1.014056224899598391e+01
1.201606425702811265e+01
1.319277108433735002e+01
1.008032128514056147e+01
1.140562248995983907e+01
1.653815261044176665e+01
1.222088353413654538e+01
1.263855421686747071e+01
1.200000000000000000e+01
1.177108433734939830e+01
1.257831325301204828e+01
1.478714859437750917e+01
9.172690763052209206e+00
1.054216867469879482e+01
1.172690763052208851e+01
1.086746987951807242e+01
1.261847389558232990e+01
1.153413654618473849e+01
1.304417670682730979e+01
9.907630522088354041e+00
1.067871485943775056e+01
1.173895582329317300e+01
1.800803212851405632e+01
1.158634538152610460e+01
1.299196787148594368e+01
1.135341365461847474e+01
1.058232931726907644e+01
1.105220883534136611e+01
1.422891566265060170e+01
1.293172690763052124e+01
1.069477911646586321e+01
1.101606425702811265e+01
1.107630522088353331e+01
1.133333333333333393e+01
1.262650602409638623e+01
1.434538152610441841e+01
1.868674698795180689e+01
1.279518072289156549e+01
1.185542168674698793e+01
1.293574297188754940e+01
1.271485943775100402e+01
1.560240963855421725e+01
1.137751004016064194e+01
9.048192771084337949e+00
1.115261044176706839e+01
1.105622489959839427e+01
1.418875502008032186e+01
1.156626506024096379e+01
1.493172690763052124e+01
1.673895582329317122e+01
1.512851405622489942e+01
1.552208835341365400e+01
1.234136546184739025e+01
1.111244979919678677e+01
1.279116465863453733e+01
1.333734939759036209e+01
1.425702811244979884e+01
8.839357429718875281e+00
1.181526104417670631e+01
1.062248995983935806e+01
1.167871485943775056e+01
1.413654618473895574e+01
1.111646586345381493e+01
1.233734939759036209e+01
1.345783132530120518e+01
1.269879518072289137e+01
1.702409638554216897e+01
1.166666666666666607e+01
1.486746987951807242e+01
1.153413654618473849e+01
1.228915662650602414e+01
1.281526104417670631e+01
1.259839357429718909e+01
8.983935742971887350e+00
1.089558232931726955e+01
1.207630522088353331e+01
2.145381526104417702e+01
1.313253012048192758e+01
1.411646586345381493e+01
1.381526104417670631e+01
1.310441767068273045e+01
1.019678714859437818e+01
1.186345381526104426e+01
1.135341365461847474e+01
1.392369477911646669e+01
1.870682730923694947e+01
1.194779116465863389e+01
1.118473895582329369e+01
1.740562248995983907e+01
1.430923694779116495e+01
1.258232931726907644e+01
1.246987951807228967e+01
1.400803212851405632e+01
1.157831325301204828e+01
1.492369477911646669e+01
1.678313253012048278e+01
9.650602409638553425e+00
9.449799196787148858e+00
1.005622489959839427e+01
1.426506024096385516e+01
1.261445783132530174e+01
1.373493975903614484e+01
1.155020080321285114e+01
1.228915662650602414e+01
1.049799196787148681e+01
8.983935742971887350e+00
1.282329317269076263e+01
1.082329317269076263e+01
1.174698795180722932e+01
9.289156626506024139e+00
1.593574297188754940e+01
1.734136546184738847e+01
1.118072289156626553e+01
1.172690763052208851e+01
9.052208835341366111e+00
1.375903614457831381e+01
1.450200803212851319e+01
1.378714859437750917e+01
1.087148594377510058e+01
1.435742971887550112e+01
7.959839357429719264e+00
1.589156626506024139e+01
1.275903614457831381e+01
1.453815261044176665e+01
1.124096385542168619e+01
1.193172690763052124e+01
1.004819277108433795e+01
1.079919678714859366e+01
1.244176706827309253e+01
1.142570281124497988e+01
1.196787148594377470e+01
1.352610441767068217e+01
1.569879518072289137e+01
9.943775100401605727e+00
1.058634538152610460e+01
1.057831325301204828e+01
1.217269076305220921e+01
1.290763052208835404e+01
1.205220883534136611e+01
9.590361445783132766e+00
1.201204819277108449e+01
1.458232931726907644e+01
1.673092369477911490e+01
1.279919678714859366e+01
1.279116465863453733e+01
1.371485943775100402e+01
1.281124497991967814e+01
1.040963855421686723e+01
1.324497991967871435e+01
1.553012048192771033e+01
1.204016064257028162e+01
1.640963855421686901e+01
1.647389558232931606e+01
1.642570281124498166e+01
1.841767068273092534e+01
1.363855421686747071e+01
1.377510040160642646e+01
1.217670682730923737e+01
9.843373493975903443e+00
1.099196787148594368e+01
1.381526104417670631e+01
9.991967871485943675e+00
1.461044176706827358e+01
1.619678714859437818e+01
1.112449799196787126e+01
1.009236947791164596e+01
1.105622489959839427e+01
1.180722891566264998e+01
1.165461847389558159e+01
1.241767068273092356e+01
1.125301204819277068e+01
1.212851405622489942e+01
1.407630522088353331e+01
9.710843373493975861e+00
1.214056224899598391e+01
9.983935742971887350e+00
1.694377510040160573e+01
1.229718875502008046e+01
1.331325301204819311e+01
1.252208835341365400e+01
1.173895582329317300e+01
1.297188755020080286e+01
1.106024096385542244e+01
9.156626506024096557e+00
1.352610441767068217e+01
1.192771084337349485e+01
1.357429718875502012e+01
1.053012048192771033e+01
1.632530120481927582e+01
1.159839357429718909e+01
1.192369477911646669e+01
1.677108433734939652e+01
1.052610441767068217e+01
1.560642570281124542e+01
1.448995983935743048e+01
1.451807228915662584e+01
1.243373493975903621e+01
1.020883534136546267e+01
9.835341365461847118e+00
9.216867469879517216e+00
1.006024096385542244e+01
1.271084337349397586e+01
1.310843373493975861e+01
1.323694779116465803e+01
1.158634538152610460e+01
1.080321285140562182e+01
1.267871485943775056e+01
1.181124497991967814e+01
1.178714859437750917e+01
1.102409638554216897e+01
1.458634538152610460e+01
1.255421686746987930e+01
1.339759036144578275e+01
1.564658634538152526e+01
1.031325301204819311e+01
1.514457831325301207e+01
1.277510040160642646e+01
8.606425702811245415e+00
1.303212851405622530e+01
1.056626506024096379e+01
1.436546184738955745e+01
1.161044176706827358e+01
1.737751004016064371e+01
1.083534136546184712e+01
1.287148594377510058e+01
1.255421686746987930e+01
1.324096385542168619e+01
1.769477911646586321e+01
9.076305220883533309e+00
1.285943775100401609e+01
1.298393574297188735e+01
1.204417670682730979e+01
1.125301204819277068e+01
1.430522088353413679e+01
1.136546184738955745e+01
1.722489959839357354e+01
1.238955823293172642e+01
9.477911646586345995e+00
1.231325301204819311e+01
1.491566265060241037e+01
1.252610441767068217e+01
1.146586345381526151e+01
1.205622489959839427e+01
1.208835341365461780e+01
1.279116465863453733e+01
1.371084337349397586e+01
9.236947791164658028e+00
1.269076305220883505e+01
1.575100401606425748e+01
1.261847389558232990e+01
1.622088353413654715e+01
1.702409638554216897e+01
1.052610441767068217e+01
1.439357429718875458e+01
1.244176706827309253e+01
1.455823293172690747e+01
1.680321285140562182e+01
1.381124497991967814e+01
1.107630522088353331e+01
1.197991967871485919e+01
8.738955823293172998e+00
1.461847389558232990e+01
9.060240963855422436e+00
9.939759036144577564e+00
1.143373493975903621e+01
1.616465863453815288e+01
1.361847389558232990e+01
1.224096385542168619e+01
1.304016064257028162e+01
1.741767068273092534e+01
1.011646586345381493e+01
1.226104417670682700e+01
1.297188755020080286e+01
8.040160642570281624e+00
1.740562248995983907e+01
1.438955823293172642e+01
1.357028112449799195e+01
1.329718875502008046e+01
1.367068273092369424e+01
1.178714859437750917e+01
1.341767068273092356e+01
1.578714859437750917e+01
1.191967871485943853e+01
1.474698795180722932e+01
1.059839357429718909e+01
1.420481927710843451e+01
1.047389558232931783e+01
1.126907630522088333e+01
1.220080321285140634e+01
1.263453815261044255e+01
8.891566265060241392e+00
1.369477911646586321e+01
1.451405622489959768e+01
1.293975903614457756e+01
1.141365461847389540e+01
1.259839357429718909e+01
1.920080321285140457e+01
1.116465863453815288e+01
1.298393574297188735e+01
1.498393574297188735e+01
1.462650602409638623e+01
1.561847389558232990e+01
1.251004016064256952e+01
1.833734939759036209e+01
1.044979919678714886e+01
1.272690763052208851e+01
1.875502008032128387e+01
1.385943775100401609e+01
1.385140562248995977e+01
1.411244979919678677e+01
1.141767068273092356e+01
1.032530120481927760e+01
1.182329317269076263e+01
1.257028112449799195e+01
1.457429718875502012e+01
1.074698795180722932e+01
1.538152610441767010e+01
1.356224899598393563e+01
1.251004016064256952e+01
9.823293172690762631e+00
1.154216867469879482e+01
1.155020080321285114e+01
1.042570281124497988e+01
1.116064257028112472e+01
1.637349397590361377e+01
1.166666666666666607e+01
1.116465863453815288e+01
1.530522088353413679e+01
1.308032128514056147e+01
1.023293172690762987e+01
1.120080321285140634e+01
1.412851405622489942e+01
1.481124497991967814e+01
1.179116465863453733e+01
1.502409638554216897e+01
1.811244979919678855e+01
1.122489959839357354e+01
1.652610441767068394e+01
1.179518072289156549e+01
1.129317269076305230e+01
9.919678714859438529e+00
1.486345381526104426e+01
1.106827309236947876e+01
1.544176706827309253e+01
1.794779116465863567e+01
1.236947791164658561e+01
1.197188755020080286e+01
1.320883534136546267e+01
1.272690763052208851e+01
1.077911646586345462e+01
1.287550200803212874e+01
1.095180722891566205e+01
1.209638554216867412e+01
1.089156626506024139e+01
1.366265060240963791e+01
1.147791164658634600e+01
1.084738955823293161e+01
1.211244979919678677e+01
1.444176706827309253e+01
1.022891566265060170e+01
1.018875502008032186e+01
1.218875502008032186e+01
1.195983935742971838e+01
1.050200803212851319e+01
1.292369477911646669e+01
1.154618473895582298e+01
1.308835341365461780e+01
1.489959839357429772e+01
1.130923694779116495e+01
1.452208835341365400e+01
1.334939759036144658e+01
9.771084337349398297e+00
1.297991967871485919e+01
1.131325301204819311e+01
1.346586345381526151e+01
1.198795180722891551e+01
1.539357429718875458e+01
8.485943775100402320e+00
1.618875502008032186e+01
1.490763052208835404e+01
1.349397590361445864e+01
1.322489959839357354e+01
9.108433734939758608e+00
9.212851405622490830e+00
1.328112449799196781e+01
1.774698795180722755e+01
1.034136546184739025e+01
1.191164658634538220e+01
1.118072289156626553e+01
1.139357429718875458e+01
1.905220883534136433e+01
1.917670682730923559e+01
1.311244979919678677e+01
1.487951807228915690e+01
1.169076305220883505e+01
9.759036144578313809e+00
1.437349397590361377e+01
1.542168674698795172e+01
1.059036144578313277e+01
9.385542168674698260e+00
1.208835341365461780e+01
1.147389558232931783e+01
1.156626506024096379e+01
1.396385542168674654e+01
9.646586345381525263e+00
1.059036144578313277e+01
9.305220883534136789e+00
1.532128514056224944e+01
1.541365461847389540e+01
2.160642570281124364e+01
1.504417670682730979e+01
1.180321285140562182e+01
1.121686746987951722e+01
1.592771084337349485e+01
8.040160642570281624e+00
1.171485943775100402e+01
1.022891566265060170e+01
1.023293172690762987e+01
1.717269076305220921e+01
1.131726907630522128e+01
1.651004016064257129e+01
1.355020080321285114e+01
1.078313253012048278e+01
1.314859437751004023e+01
1.296787148594377470e+01
1.568674698795180689e+01
1.466265060240963791e+01
1.503212851405622530e+01
1.345783132530120518e+01
1.381526104417670631e+01
9.927710843373494853e+00
1.202409638554216897e+01
9.293172690763052302e+00
1.090361445783132588e+01
1.309236947791164596e+01
1.302008032128514081e+01
1.403614457831325346e+01
9.457831325301205183e+00
1.242971887550200805e+01
1.175100401606425748e+01
1.127710843373493965e+01
1.280722891566264998e+01
1.059036144578313277e+01
1.385943775100401609e+01
1.203212851405622530e+01
9.751004016064257485e+00
1.454216867469879482e+01
1.244578313253012070e+01
1.134538152610441841e+01
1.238152610441767010e+01
1.756626506024096557e+01
1.213253012048192758e+01
1.378313253012048278e+01
1.561445783132530174e+01
1.375100401606425748e+01
9.184738955823293693e+00
1.183534136546184712e+01
1.115261044176706839e+01
1.073493975903614484e+01
1.326907630522088333e+01
1.539357429718875458e+01
1.171485943775100402e+01
1.769076305220883683e+01
9.441767068273092534e+00
9.538152610441766655e+00
1.330522088353413679e+01
1.384738955823293161e+01
1.173092369477911667e+01
1.378313253012048278e+01
1.108835341365461780e+01
1.338955823293172642e+01
1.207228915662650515e+01
1.034136546184739025e+01
1.168273092369477872e+01
1.132931726907630576e+01
1.228514056224899598e+01
9.682730923694778724e+00
9.514056224899597680e+00
1.208835341365461780e+01
1.041365461847389540e+01
1.723293172690762987e+01
1.209638554216867412e+01
1.018875502008032186e+01
1.330120481927710863e+01
1.238152610441767010e+01
1.518875502008032186e+01
1.719678714859437818e+01
1.159036144578313277e+01
1.160240963855421725e+01
1.335742971887550112e+01
1.293975903614457756e+01
1.246987951807228967e+01
1.089558232931726955e+01
1.389959839357429772e+01
1.264257028112449888e+01
1.406425702811245060e+01
1.054618473895582298e+01
1.150200803212851319e+01
1.060240963855421725e+01
1.282329317269076263e+01
1.102409638554216897e+01
1.265060240963855342e+01
1.142971887550200805e+01
1.502008032128514081e+01
1.365461847389558159e+01
1.219277108433735002e+01
1.322891566265060170e+01
1.381526104417670631e+01
1.487148594377510058e+01
1.656626506024096557e+01
1.048995983935743048e+01
1.204819277108433795e+01
1.214457831325301207e+01
1.078714859437750917e+01
1.079116465863453733e+01
1.302008032128514081e+01
1.201204819277108449e+01
1.146184738955823335e+01
1.396385542168674654e+01
1.110040160642570228e+01
1.363855421686747071e+01
1.221686746987951722e+01
1.192369477911646669e+01
1.083132530120481896e+01
1.209638554216867412e+01
1.484337349397590344e+01
1.550200803212851319e+01
1.008032128514056147e+01
1.648995983935742871e+01
1.741365461847389540e+01
1.618072289156626553e+01
1.386746987951807242e+01
1.100000000000000000e+01
1.118875502008032186e+01
1.141365461847389540e+01
9.586345381526104603e+00
1.351405622489959768e+01
1.293172690763052124e+01
1.181124497991967814e+01
1.390763052208835404e+01
1.438955823293172642e+01
1.231726907630522128e+01
1.129317269076305230e+01
1.149799196787148681e+01
1.184337349397590344e+01
1.370281124497991954e+01
1.204417670682730979e+01
1.315662650602409656e+01
1.285542168674698793e+01
1.250602409638554136e+01
1.088755020080321323e+01
1.153012048192771033e+01
1.202008032128514081e+01
1.227309236947791149e+01
1.045783132530120518e+01
9.923694779116466691e+00
1.379919678714859366e+01
1.204417670682730979e+01
1.402409638554216897e+01
1.120883534136546267e+01
9.694779116465863211e+00
1.184337349397590344e+01
1.258634538152610460e+01
1.356626506024096379e+01
1.136144578313252929e+01
1.246987951807228967e+01
9.654618473895581587e+00
1.483132530120481896e+01
1.322088353413654538e+01
1.102811244979919714e+01
1.091967871485943853e+01
1.076706827309237013e+01
1.077911646586345462e+01
1.086345381526104426e+01
9.903614457831325879e+00
1.072690763052208851e+01
1.202811244979919714e+01
1.083534136546184712e+01
1.191164658634538220e+01
9.819277108433734469e+00
1.387550200803212874e+01
8.746987951807229322e+00
9.240963855421686191e+00
1.357429718875502012e+01
2.184738955823293338e+01
1.291566265060241037e+01
1.022891566265060170e+01
1.030923694779116495e+01
1.120883534136546267e+01
1.698795180722891729e+01
1.476305220883534197e+01
1.322489959839357354e+01
9.630522088353414389e+00
8.433734939759036209e+00
9.771084337349398297e+00
1.571887550200803219e+01
1.035742971887550112e+01
1.488353413654618507e+01
1.409236947791164596e+01
1.163052208835341439e+01
2.020883534136546089e+01
1.257831325301204828e+01
1.276706827309237013e+01
1.158232931726907644e+01
1.127710843373493965e+01
1.426104417670682700e+01
1.693975903614457934e+01
1.320481927710843451e+01
9.847389558232931606e+00
1.579116465863453733e+01
1.436546184738955745e+01
9.815261044176706307e+00
1.140160642570281091e+01
1.448594377510040232e+01
1.275903614457831381e+01
1.439357429718875458e+01
1.208433734939758963e+01
1.059036144578313277e+01
1.287550200803212874e+01
1.307630522088353331e+01
1.367469879518072240e+01
1.208835341365461780e+01
1.176706827309237013e+01
1.044578313253012070e+01
1.228112449799196781e+01
1.125702811244979884e+01
1.251807228915662584e+01
1.204417670682730979e+01
9.072289156626505147e+00
1.081526104417670631e+01
1.199196787148594368e+01
1.076305220883534197e+01
1.472690763052208851e+01
1.439357429718875458e+01
1.083132530120481896e+01
1.140963855421686723e+01
9.048192771084337949e+00
1.286345381526104426e+01
1.411244979919678677e+01
1.502811244979919714e+01
1.106024096385542244e+01
1.207630522088353331e+01
1.174698795180722932e+01
8.702811244979919536e+00
1.217670682730923737e+01
1.412048192771084310e+01
1.059839357429718909e+01
1.216064257028112472e+01
1.153413654618473849e+01
1.435742971887550112e+01
1.267469879518072240e+01
1.422489959839357354e+01
1.858232931726907466e+01
1.231726907630522128e+01
1.267469879518072240e+01
1.159839357429718909e+01
1.063052208835341439e+01
1.394377510040160573e+01
9.554216867469879304e+00
9.293172690763052302e+00
1.100000000000000000e+01
1.489558232931726955e+01
1.877108433734939652e+01
1.763052208835341261e+01
9.473895582329317833e+00
9.823293172690762631e+00
1.097590361445783103e+01
1.291566265060241037e+01
1.459036144578313277e+01
1.392771084337349485e+01
1.298795180722891551e+01
1.059437751004016093e+01
1.238152610441767010e+01
1.177510040160642646e+01
1.463453815261044255e+01
1.340963855421686723e+01
1.330522088353413679e+01
1.046586345381526151e+01
1.170682730923694770e+01
1.034939759036144658e+01
1.295180722891566205e+01
1.366666666666666607e+01
9.694779116465863211e+00
