1.421285140562249083e+01
1.228514056224899598e+01
1.026907630522088333e+01
1.459036144578313277e+01
1.153815261044176665e+01
1.217269076305220921e+01
1.476706827309237013e+01
1.559036144578313277e+01
1.795180722891566205e+01
1.102409638554216897e+01
1.298795180722891551e+01
1.184337349397590344e+01
1.221686746987951722e+01
1.350602409638554136e+01
1.589558232931726955e+01
1.503212851405622530e+01
1.410040160642570228e+01
1.683132530120482073e+01
1.353413654618473849e+01
1.212048192771084310e+01
1.297590361445783103e+01
1.336546184738955745e+01
1.676706827309237013e+01
1.269477911646586321e+01
1.569879518072289137e+01
1.238955823293172642e+01
1.452208835341365400e+01
1.461847389558232990e+01
1.600803212851405632e+01
1.513654618473895574e+01
1.624899598393574252e+01
1.725702811244979884e+01
1.417269076305220921e+01
1.221285140562249083e+01
1.775100401606425748e+01
1.477510040160642646e+01
1.117269076305220921e+01
1.370281124497991954e+01
1.340160642570281091e+01
1.232128514056224944e+01
1.329718875502008046e+01
1.431726907630522128e+01
1.296385542168674654e+01
1.726104417670682878e+01
1.441365461847389540e+01
1.348192771084337416e+01
1.172690763052208851e+01
1.355421686746987930e+01
1.481526104417670631e+01
1.560642570281124542e+01
1.669477911646586321e+01
1.704417670682730801e+01
1.029317269076305230e+01
1.628915662650602414e+01
1.314457831325301207e+01
1.260642570281124542e+01
1.116867469879518104e+01
1.284337349397590344e+01
1.182730923694779079e+01
1.160240963855421725e+01
1.340562248995983907e+01
1.528514056224899598e+01
1.370281124497991954e+01
1.197590361445783103e+01
1.562248995983935806e+01
2.381927710843373447e+01
1.466666666666666607e+01
1.322891566265060170e+01
1.188755020080321323e+01
1.478313253012048278e+01
1.586345381526104426e+01
1.558232931726907644e+01
1.295180722891566205e+01
1.348192771084337416e+01
1.348594377510040232e+01
1.220080321285140634e+01
1.477911646586345462e+01
1.235742971887550112e+01
1.723694779116465980e+01
1.726907630522088510e+01
1.328915662650602414e+01
1.534136546184739025e+01
1.607630522088353331e+01
1.080321285140562182e+01
1.410843373493975861e+01
1.495582329317269021e+01
1.779919678714859543e+01
1.614859437751004023e+01
1.371887550200803219e+01
1.289156626506024139e+01
1.542168674698795172e+01
1.267469879518072240e+01
1.314859437751004023e+01
1.065863453815260975e+01
1.417670682730923737e+01
1.617269076305220921e+01
1.703614457831325169e+01
1.270281124497991954e+01
1.700000000000000000e+01
1.827309236947791149e+01
1.411244979919678677e+01
1.713253012048192758e+01
1.467871485943775056e+01
1.597590361445783103e+01
1.392369477911646669e+01
1.245381526104417702e+01
1.563855421686747071e+01
1.788755020080321145e+01
1.679919678714859543e+01
1.719678714859437818e+01
1.267469879518072240e+01
1.361445783132530174e+01
2.182730923694779079e+01
1.401606425702811265e+01
1.559036144578313277e+01
1.421686746987951722e+01
1.373493975903614484e+01
1.773092369477911490e+01
1.146184738955823335e+01
1.740160642570281269e+01
1.285542168674698793e+01
1.522088353413654538e+01
1.662650602409638623e+01
1.526907630522088333e+01
1.840963855421686901e+01
1.157429718875502012e+01
1.097991967871485919e+01
1.708032128514056325e+01
1.639759036144578275e+01
1.897590361445783103e+01
1.462650602409638623e+01
1.446586345381526151e+01
1.578313253012048278e+01
1.682329317269076441e+01
1.543775100401606437e+01
1.615662650602409656e+01
1.327309236947791149e+01
1.270682730923694770e+01
1.415261044176706839e+01
1.469879518072289137e+01
9.417670682730923559e+00
1.317670682730923737e+01
1.304417670682730979e+01
1.628915662650602414e+01
1.327710843373493965e+01
1.344176706827309253e+01
1.071485943775100402e+01
1.234136546184739025e+01
1.812449799196787126e+01
1.278313253012048278e+01
1.452610441767068217e+01
1.250200803212851319e+01
1.683935742971887706e+01
1.621686746987951722e+01
1.365461847389558159e+01
1.379116465863453733e+01
1.495983935742971838e+01
1.925301204819277245e+01
1.428514056224899598e+01
1.330923694779116495e+01
1.236144578313252929e+01
1.534538152610441841e+01
1.573092369477911667e+01
1.553012048192771033e+01
1.844176706827309076e+01
1.321285140562249083e+01
1.335742971887550112e+01
1.272690763052208851e+01
1.284337349397590344e+01
1.461044176706827358e+01
1.190763052208835404e+01
1.273895582329317300e+01
1.605220883534136433e+01
1.516064257028112472e+01
1.361847389558232990e+01
1.692771084337349308e+01
1.361445783132530174e+01
1.314457831325301207e+01
1.394377510040160573e+01
1.250602409638554136e+01
1.348192771084337416e+01
1.433734939759036209e+01
1.014859437751004023e+01
1.420481927710843451e+01
1.507228915662650515e+01
1.432128514056224944e+01
1.209638554216867412e+01
1.365060240963855342e+01
1.437349397590361377e+01
2.023694779116465980e+01
1.224899598393574252e+01
1.717670682730923559e+01
1.072289156626506035e+01
1.731325301204819311e+01
9.630522088353414389e+00
1.294377510040160573e+01
1.020883534136546267e+01
1.488353413654618507e+01
2.010040160642570228e+01
1.238554216867469826e+01
1.751405622489959768e+01
1.414457831325301207e+01
1.755020080321285292e+01
1.199196787148594368e+01
1.540963855421686723e+01
1.462248995983935806e+01
1.587951807228915690e+01
1.060642570281124542e+01
1.189558232931726955e+01
1.267871485943775056e+01
1.558232931726907644e+01
1.315662650602409656e+01
9.349397590361446575e+00
1.592369477911646669e+01
1.177510040160642646e+01
1.530923694779116495e+01
1.553815261044176665e+01
1.137751004016064194e+01
1.365060240963855342e+01
1.489558232931726955e+01
1.471887550200803219e+01
1.404016064257028162e+01
1.822088353413654715e+01
1.311244979919678677e+01
1.688353413654618507e+01
1.351807228915662584e+01
1.494377510040160573e+01
1.407228915662650515e+01
1.283935742971887528e+01
1.290763052208835404e+01
1.482730923694779079e+01
1.522489959839357354e+01
1.463855421686747071e+01
1.600000000000000000e+01
1.675100401606425748e+01
1.132128514056224944e+01
1.744979919678714708e+01
1.016465863453815288e+01
8.887550200803213230e+00
1.145381526104417702e+01
1.252610441767068217e+01
1.230923694779116495e+01
2.066265060240963791e+01
1.646184738955823335e+01
1.379919678714859366e+01
1.332530120481927760e+01
1.666265060240963791e+01
1.524096385542168619e+01
1.655020080321285292e+01
1.127710843373493965e+01
1.588755020080321323e+01
1.496385542168674654e+01
1.289959839357429772e+01
1.668674698795180689e+01
1.589959839357429772e+01
1.472690763052208851e+01
1.284337349397590344e+01
1.093172690763052124e+01
1.434538152610441841e+01
1.265863453815260975e+01
1.190361445783132588e+01
1.144979919678714886e+01
1.531325301204819311e+01
1.455823293172690747e+01
1.293172690763052124e+01
1.160240963855421725e+01
1.244979919678714886e+01
1.759839357429718731e+01
1.524899598393574252e+01
1.783132530120482073e+01
1.023293172690762987e+01
1.484738955823293161e+01
1.555421686746987930e+01
1.744578313253012070e+01
1.400000000000000000e+01
1.692771084337349308e+01
1.420883534136546267e+01
1.523293172690762987e+01
1.024899598393574252e+01
1.287951807228915690e+01
1.371887550200803219e+01
1.611244979919678855e+01
1.033734939759036209e+01
1.486746987951807242e+01
1.016064257028112472e+01
1.675903614457831381e+01
1.513253012048192758e+01
1.302409638554216897e+01
1.530120481927710863e+01
1.366265060240963791e+01
1.592369477911646669e+01
1.351004016064256952e+01
1.477911646586345462e+01
1.289156626506024139e+01
1.367469879518072240e+01
1.576706827309237013e+01
1.317269076305220921e+01
2.067068273092369424e+01
1.201606425702811265e+01
1.651405622489959768e+01
1.561847389558232990e+01
2.046184738955823335e+01
1.361847389558232990e+01
1.598393574297188735e+01
1.365461847389558159e+01
1.543775100401606437e+01
1.114056224899598391e+01
1.554618473895582298e+01
1.337349397590361377e+01
1.920883534136546089e+01
1.189959839357429772e+01
1.215662650602409656e+01
1.234939759036144658e+01
1.274698795180722932e+01
1.436947791164658561e+01
1.942971887550200805e+01
1.567068273092369424e+01
1.545783132530120518e+01
1.724096385542168619e+01
2.194779116465863567e+01
9.024096385542168974e+00
1.142971887550200805e+01
1.559839357429718909e+01
1.185542168674698793e+01
1.695180722891566205e+01
1.251004016064256952e+01
1.410441767068273045e+01
1.912449799196787126e+01
1.120481927710843451e+01
1.251807228915662584e+01
1.473493975903614484e+01
1.177108433734939830e+01
1.446184738955823335e+01
1.675903614457831381e+01
1.168273092369477872e+01
1.174297188755020116e+01
1.152610441767068217e+01
1.655421686746987930e+01
1.345783132530120518e+01
1.414457831325301207e+01
1.309638554216867412e+01
1.558634538152610460e+01
1.336947791164658561e+01
1.127309236947791149e+01
1.413654618473895574e+01
1.077510040160642646e+01
1.505622489959839427e+01
1.221285140562249083e+01
1.647389558232931606e+01
1.005622489959839427e+01
1.673895582329317122e+01
1.753012048192771033e+01
1.563855421686747071e+01
1.247791164658634600e+01
1.441365461847389540e+01
1.416064257028112472e+01
1.310441767068273045e+01
1.541767068273092356e+01
1.481927710843373447e+01
1.360240963855421725e+01
1.524497991967871435e+01
1.293574297188754940e+01
1.543373493975903621e+01
1.637349397590361377e+01
9.554216867469879304e+00
1.323694779116465803e+01
1.313654618473895574e+01
1.344979919678714886e+01
1.447389558232931783e+01
1.292771084337349485e+01
1.475100401606425748e+01
1.505220883534136611e+01
1.484738955823293161e+01
1.330923694779116495e+01
1.235341365461847474e+01
1.150602409638554136e+01
1.626907630522088510e+01
1.264658634538152526e+01
1.230120481927710863e+01
1.255020080321285114e+01
1.374297188755020116e+01
8.879518072289156905e+00
1.289156626506024139e+01
1.639357429718875636e+01
1.318072289156626553e+01
1.639759036144578275e+01
1.906024096385542066e+01
1.302409638554216897e+01
1.592369477911646669e+01
1.758232931726907466e+01
1.791566265060241037e+01
1.692771084337349308e+01
1.185140562248995977e+01
1.426506024096385516e+01
1.748995983935742871e+01
1.355020080321285114e+01
1.224899598393574252e+01
1.496787148594377470e+01
1.456224899598393563e+01
1.666666666666666785e+01
1.234939759036144658e+01
1.256224899598393563e+01
1.545783132530120518e+01
1.876305220883534020e+01
1.614859437751004023e+01
1.429317269076305230e+01
1.593975903614457756e+01
1.023694779116465803e+01
1.549799196787148681e+01
1.420883534136546267e+01
1.194779116465863389e+01
1.441767068273092356e+01
1.503614457831325346e+01
1.049799196787148681e+01
1.315662650602409656e+01
2.675502008032128387e+01
1.127309236947791149e+01
1.383132530120481896e+01
1.612851405622490120e+01
1.435341365461847474e+01
1.758232931726907466e+01
1.560642570281124542e+01
1.328915662650602414e+01
1.249799196787148681e+01
1.712449799196787126e+01
1.292771084337349485e+01
1.653012048192771033e+01
1.284337349397590344e+01
1.597590361445783103e+01
1.252208835341365400e+01
1.692369477911646669e+01
1.276706827309237013e+01
1.436144578313252929e+01
8.771084337349398297e+00
1.672690763052208851e+01
1.753815261044176665e+01
1.252610441767068217e+01
2.098795180722891729e+01
2.045783132530120341e+01
1.693975903614457934e+01
1.620883534136546089e+01
1.328514056224899598e+01
2.010843373493975861e+01
1.744578313253012070e+01
1.513654618473895574e+01
1.173895582329317300e+01
1.093172690763052124e+01
1.334136546184739025e+01
1.408433734939758963e+01
2.053413654618474027e+01
1.394377510040160573e+01
1.491967871485943853e+01
1.182730923694779079e+01
1.173493975903614484e+01
1.339759036144578275e+01
1.934538152610441841e+01
1.417670682730923737e+01
1.511244979919678677e+01
1.286345381526104426e+01
1.955823293172690924e+01
1.518875502008032186e+01
1.527710843373493965e+01
1.620883534136546089e+01
1.736144578313253106e+01
1.787148594377509880e+01
1.098393574297188735e+01
1.242570281124497988e+01
1.510040160642570228e+01
1.227710843373493965e+01
1.159437751004016093e+01
1.575100401606425748e+01
1.489156626506024139e+01
1.328915662650602414e+01
1.499598393574297184e+01
1.462650602409638623e+01
1.800000000000000000e+01
1.232128514056224944e+01
1.470682730923694770e+01
1.744176706827309076e+01
1.791967871485943675e+01
1.476706827309237013e+01
1.424899598393574252e+01
1.850602409638554136e+01
1.063052208835341439e+01
1.793975903614457934e+01
1.485943775100401609e+01
1.361445783132530174e+01
1.958634538152610460e+01
1.324497991967871435e+01
1.565863453815260975e+01
1.315261044176706839e+01
1.301204819277108449e+01
1.522489959839357354e+01
1.646184738955823335e+01
1.195582329317269021e+01
1.422088353413654538e+01
1.620080321285140457e+01
1.362248995983935806e+01
1.328514056224899598e+01
1.289959839357429772e+01
1.430120481927710863e+01
1.435742971887550112e+01
1.747791164658634600e+01
1.357429718875502012e+01
1.326506024096385516e+01
1.384738955823293161e+01
1.608433734939758963e+01
1.499598393574297184e+01
1.414056224899598391e+01
1.226506024096385516e+01
1.455421686746987930e+01
1.657429718875501834e+01
1.492771084337349485e+01
1.388755020080321323e+01
1.634939759036144480e+01
1.948995983935742871e+01
1.551807228915662584e+01
1.404417670682730979e+01
1.646184738955823335e+01
1.900000000000000000e+01
1.377510040160642646e+01
1.389959839357429772e+01
1.138152610441767010e+01
1.559036144578313277e+01
1.272289156626506035e+01
1.179116465863453733e+01
1.236144578313252929e+01
1.263453815261044255e+01
1.591164658634538220e+01
1.430923694779116495e+01
1.278313253012048278e+01
1.262248995983935806e+01
1.350602409638554136e+01
1.326506024096385516e+01
1.550602409638554136e+01
1.556626506024096379e+01
1.281526104417670631e+01
1.363453815261044255e+01
1.386746987951807242e+01
1.227309236947791149e+01
1.548995983935743048e+01
1.237751004016064194e+01
1.148995983935743048e+01
1.825301204819277245e+01
1.565863453815260975e+01
1.517670682730923737e+01
1.290361445783132588e+01
1.628514056224899775e+01
1.224096385542168619e+01
1.158232931726907644e+01
1.228915662650602414e+01
1.157429718875502012e+01
1.475903614457831381e+01
1.535742971887550112e+01
1.303212851405622530e+01
1.699598393574297361e+01
1.377108433734939830e+01
1.997991967871486096e+01
1.836546184738955745e+01
1.537349397590361377e+01
1.239357429718875458e+01
1.392771084337349485e+01
1.444176706827309253e+01
1.961445783132529996e+01
1.721686746987951722e+01
1.664257028112449888e+01
1.153413654618473849e+01
1.417269076305220921e+01
1.608032128514056325e+01
1.637349397590361377e+01
1.098795180722891551e+01
1.300803212851405632e+01
1.138554216867469826e+01
1.269879518072289137e+01
1.340562248995983907e+01
1.399196787148594368e+01
1.522489959839357354e+01
2.026907630522088510e+01
1.169477911646586321e+01
1.837751004016064371e+01
1.459036144578313277e+01
1.108433734939758963e+01
1.673092369477911490e+01
1.408835341365461780e+01
1.350200803212851319e+01
1.093574297188754940e+01
1.250200803212851319e+01
1.530522088353413679e+01
1.348995983935743048e+01
1.407630522088353331e+01
1.248594377510040232e+01
1.037751004016064194e+01
1.222489959839357354e+01
1.270281124497991954e+01
1.475100401606425748e+01
1.022891566265060170e+01
1.336144578313252929e+01
1.261445783132530174e+01
1.245783132530120518e+01
1.072289156626506035e+01
1.174297188755020116e+01
1.458232931726907644e+01
1.723293172690762987e+01
1.494377510040160573e+01
1.446586345381526151e+01
1.399196787148594368e+01
1.417269076305220921e+01
1.175100401606425748e+01
1.532931726907630576e+01
1.336947791164658561e+01
1.210040160642570228e+01
1.249799196787148681e+01
1.813253012048192758e+01
1.388755020080321323e+01
1.529317269076305230e+01
1.245381526104417702e+01
1.541365461847389540e+01
1.059839357429718909e+01
1.597590361445783103e+01
1.547389558232931783e+01
1.458634538152610460e+01
1.963453815261044255e+01
1.474297188755020116e+01
1.245783132530120518e+01
1.442971887550200805e+01
1.353012048192771033e+01
1.287550200803212874e+01
1.252610441767068217e+01
1.467871485943775056e+01
1.540562248995983907e+01
1.398393574297188735e+01
1.418473895582329369e+01
1.529718875502008046e+01
1.431726907630522128e+01
1.153413654618473849e+01
1.177911646586345462e+01
1.451807228915662584e+01
1.307228915662650515e+01
1.330522088353413679e+01
1.222088353413654538e+01
1.600000000000000000e+01
1.464257028112449888e+01
1.058232931726907644e+01
1.539357429718875458e+01
1.530522088353413679e+01
1.171084337349397586e+01
1.145783132530120518e+01
1.398795180722891551e+01
1.508433734939758963e+01
1.253012048192771033e+01
1.451807228915662584e+01
1.370682730923694770e+01
1.147389558232931783e+01
1.394779116465863389e+01
1.467469879518072240e+01
1.464257028112449888e+01
1.415662650602409656e+01
1.526907630522088333e+01
1.446586345381526151e+01
1.277510040160642646e+01
1.114457831325301207e+01
1.571485943775100402e+01
1.328514056224899598e+01
1.560642570281124542e+01
1.215261044176706839e+01
1.397188755020080286e+01
1.100000000000000000e+01
1.687951807228915513e+01
1.523293172690762987e+01
1.194779116465863389e+01
1.089558232931726955e+01
1.300803212851405632e+01
1.120080321285140634e+01
1.468674698795180689e+01
1.702409638554216897e+01
1.622088353413654715e+01
1.808835341365461957e+01
1.760642570281124364e+01
1.765060240963855520e+01
1.283132530120481896e+01
1.263453815261044255e+01
1.544578313253012070e+01
1.332530120481927760e+01
1.428915662650602414e+01
1.406024096385542244e+01
1.890361445783132410e+01
1.601204819277108271e+01
1.662650602409638623e+01
1.181124497991967814e+01
1.496787148594377470e+01
1.244578313253012070e+01
1.187550200803212874e+01
1.506827309236947876e+01
1.367469879518072240e+01
1.236546184738955745e+01
1.459036144578313277e+01
1.423694779116465803e+01
1.526506024096385516e+01
1.216064257028112472e+01
1.255421686746987930e+01
1.679919678714859543e+01
1.600401606425702639e+01
9.497991967871486807e+00
1.342971887550200805e+01
1.720883534136546089e+01
1.351405622489959768e+01
1.835341365461847474e+01
1.233333333333333393e+01
1.614457831325301029e+01
1.106827309236947876e+01
1.435742971887550112e+01
1.156224899598393563e+01
1.662650602409638623e+01
1.341365461847389540e+01
1.500000000000000000e+01
1.531726907630522128e+01
1.468273092369477872e+01
1.412048192771084310e+01
1.555020080321285114e+01
1.632128514056224944e+01
1.292771084337349485e+01
1.373493975903614484e+01
1.455823293172690747e+01
1.540562248995983907e+01
1.325301204819277068e+01
1.248192771084337416e+01
1.793172690763052302e+01
1.350200803212851319e+01
1.454618473895582298e+01
1.601606425702811265e+01
1.515261044176706839e+01
1.486345381526104426e+01
1.231726907630522128e+01
1.424899598393574252e+01
1.578714859437750917e+01
1.853413654618474027e+01
1.310040160642570228e+01
1.230923694779116495e+01
1.563453815261044255e+01
1.263855421686747071e+01
1.531325301204819311e+01
1.151004016064256952e+01
1.103614457831325346e+01
1.375100401606425748e+01
1.404417670682730979e+01
1.489558232931726955e+01
1.241767068273092356e+01
1.044578313253012070e+01
2.014859437751004023e+01
1.559839357429718909e+01
1.464658634538152526e+01
1.517269076305220921e+01
1.753413654618474027e+01
1.318473895582329369e+01
1.459839357429718909e+01
1.408433734939758963e+01
1.412048192771084310e+01
1.366265060240963791e+01
1.413654618473895574e+01
1.562248995983935806e+01
1.522891566265060170e+01
1.170682730923694770e+01
1.506827309236947876e+01
1.124096385542168619e+01
1.315261044176706839e+01
1.353815261044176665e+01
1.305220883534136611e+01
1.283132530120481896e+01
1.273092369477911667e+01
1.059036144578313277e+01
1.638152610441767010e+01
1.085943775100401609e+01
1.184738955823293161e+01
1.704819277108433795e+01
1.984738955823293338e+01
1.518473895582329369e+01
1.655020080321285292e+01
1.581526104417670631e+01
1.239357429718875458e+01
1.194779116465863389e+01
1.380321285140562182e+01
1.530120481927710863e+01
1.341365461847389540e+01
1.342971887550200805e+01
1.533734939759036209e+01
1.419277108433735002e+01
1.390763052208835404e+01
1.389558232931726955e+01
1.119678714859437818e+01
1.465060240963855342e+01
1.384337349397590344e+01
1.261445783132530174e+01
1.412851405622489942e+01
1.603212851405622530e+01
1.513253012048192758e+01
1.381526104417670631e+01
1.629317269076305053e+01
1.520481927710843451e+01
1.153815261044176665e+01
1.306827309236947876e+01
1.149799196787148681e+01
1.368674698795180689e+01
1.726506024096385516e+01
1.165060240963855342e+01
1.542971887550200805e+01
1.286746987951807242e+01
1.606024096385542066e+01
1.110441767068273045e+01
1.255020080321285114e+01
1.489156626506024139e+01
1.765863453815261153e+01
1.432931726907630576e+01
1.074698795180722932e+01
1.482730923694779079e+01
1.250602409638554136e+01
1.170281124497991954e+01
1.653815261044176665e+01
1.659839357429718731e+01
1.569477911646586321e+01
1.754618473895582298e+01
1.408835341365461780e+01
1.458232931726907644e+01
1.851807228915662762e+01
1.320481927710843451e+01
1.527710843373493965e+01
1.774698795180722755e+01
1.613253012048192758e+01
9.630522088353414389e+00
1.336546184738955745e+01
1.554216867469879482e+01
1.331325301204819311e+01
1.253012048192771033e+01
1.424899598393574252e+01
1.251004016064256952e+01
1.659036144578313099e+01
2.206425702811245060e+01
1.288353413654618507e+01
1.414457831325301207e+01
1.261847389558232990e+01
1.220481927710843451e+01
1.108433734939758963e+01
1.339357429718875458e+01
1.266265060240963791e+01
1.189156626506024139e+01
1.249397590361445864e+01
1.489156626506024139e+01
1.450602409638554136e+01
1.717269076305220921e+01
1.158634538152610460e+01
1.508032128514056147e+01
1.512048192771084310e+01
1.893574297188754940e+01
1.634538152610441841e+01
1.570281124497991954e+01
1.519277108433735002e+01
1.447389558232931783e+01
1.349397590361445864e+01
1.131325301204819311e+01
1.398393574297188735e+01
1.404819277108433795e+01
1.168273092369477872e+01
1.422891566265060170e+01
1.494779116465863389e+01
1.464257028112449888e+01
1.371084337349397586e+01
1.396385542168674654e+01
1.540562248995983907e+01
1.252208835341365400e+01
1.413654618473895574e+01
1.791566265060241037e+01
1.402811244979919714e+01
1.753815261044176665e+01
1.312449799196787126e+01
1.406827309236947876e+01
1.343373493975903621e+01
9.020080321285140812e+00
1.439357429718875458e+01
1.165461847389558159e+01
1.319277108433735002e+01
1.478714859437750917e+01
1.233734939759036209e+01
1.614056224899598391e+01
1.409638554216867412e+01
1.339759036144578275e+01
1.148995983935743048e+01
1.315662650602409656e+01
1.767469879518072418e+01
1.460642570281124542e+01
1.678313253012048278e+01
1.562248995983935806e+01
1.230120481927710863e+01
1.626907630522088510e+01
1.413253012048192758e+01
1.544979919678714886e+01
1.419678714859437818e+01
1.351807228915662584e+01
1.011244979919678677e+01
1.367469879518072240e+01
1.689156626506024139e+01
1.013253012048192758e+01
1.432128514056224944e+01
1.326506024096385516e+01
1.290361445783132588e+01
1.320883534136546267e+01
1.686746987951807242e+01
1.661847389558232990e+01
1.473092369477911667e+01
1.355823293172690747e+01
1.551405622489959768e+01
1.362650602409638623e+01
1.120883534136546267e+01
1.412851405622489942e+01
1.230923694779116495e+01
1.026907630522088333e+01
1.198393574297188735e+01
1.583132530120481896e+01
1.367871485943775056e+01
1.767469879518072418e+01
1.372289156626506035e+01
2.062650602409638623e+01
1.379919678714859366e+01
1.520080321285140634e+01
1.409638554216867412e+01
1.440160642570281091e+01
1.428112449799196781e+01
1.128514056224899598e+01
1.168674698795180689e+01
1.415261044176706839e+01
1.631325301204819311e+01
1.462650602409638623e+01
1.578313253012048278e+01
1.261044176706827358e+01
1.308433734939758963e+01
1.138955823293172642e+01
1.780722891566265176e+01
1.178714859437750917e+01
1.588353413654618507e+01
1.661847389558232990e+01
1.242168674698795172e+01
1.374297188755020116e+01
2.093172690763052302e+01
9.803212851405621819e+00
1.260642570281124542e+01
1.206024096385542244e+01
1.323694779116465803e+01
1.613654618473895752e+01
1.902811244979919536e+01
1.257028112449799195e+01
1.741365461847389540e+01
1.516867469879518104e+01
1.500000000000000000e+01
1.329317269076305230e+01
1.350602409638554136e+01
1.311244979919678677e+01
1.667068273092369424e+01
1.519678714859437818e+01
1.579919678714859366e+01
1.586746987951807242e+01
1.537751004016064194e+01
1.632931726907630576e+01
1.740160642570281269e+01
1.767469879518072418e+01
1.462650602409638623e+01
1.389156626506024139e+01
1.460642570281124542e+01
1.153413654618473849e+01
1.308835341365461780e+01
1.290361445783132588e+01
1.389156626506024139e+01
1.363855421686747071e+01
1.163855421686747071e+01
1.087148594377510058e+01
1.212851405622489942e+01
1.431726907630522128e+01
1.380321285140562182e+01
1.400803212851405632e+01
1.393975903614457756e+01
1.158634538152610460e+01
1.368674698795180689e+01
1.277911646586345462e+01
1.310441767068273045e+01
1.580722891566264998e+01
1.399598393574297184e+01
1.575903614457831381e+01
1.357028112449799195e+01
1.297188755020080286e+01
1.602008032128513904e+01
1.816064257028112294e+01
1.851807228915662762e+01
1.199196787148594368e+01
1.488353413654618507e+01
1.589156626506024139e+01
1.177510040160642646e+01
1.554618473895582298e+01
1.364257028112449888e+01
1.272690763052208851e+01
1.271084337349397586e+01
1.577510040160642646e+01
1.563052208835341439e+01
1.576706827309237013e+01
1.444979919678714886e+01
1.382730923694779079e+01
1.197590361445783103e+01
1.320481927710843451e+01
1.512851405622489942e+01
1.318473895582329369e+01
1.279518072289156549e+01
1.228112449799196781e+01
1.331726907630522128e+01
1.295582329317269021e+01
1.353815261044176665e+01
1.093975903614457756e+01
1.564658634538152526e+01
1.812851405622490120e+01
1.356224899598393563e+01
1.846586345381525973e+01
1.301204819277108449e+01
1.342168674698795172e+01
1.364658634538152526e+01
1.590763052208835404e+01
1.948594377510040232e+01
2.238955823293172642e+01
1.528112449799196781e+01
1.300000000000000000e+01
1.842168674698795172e+01
1.173092369477911667e+01
1.364257028112449888e+01
1.449397590361445864e+01
1.614859437751004023e+01
1.658634538152610460e+01
1.258232931726907644e+01
1.361044176706827358e+01
1.139357429718875458e+01
1.212851405622489942e+01
1.666265060240963791e+01
1.365863453815260975e+01
1.655823293172690924e+01
1.661445783132529996e+01
1.312851405622489942e+01
1.580321285140562182e+01
1.181124497991967814e+01
1.293172690763052124e+01
1.459437751004016093e+01
1.138955823293172642e+01
2.278714859437750917e+01
1.132530120481927760e+01
3.241767068273092178e+01
1.534939759036144658e+01
1.797188755020080464e+01
1.310843373493975861e+01
1.976706827309237013e+01
1.627710843373494143e+01
1.547389558232931783e+01
1.943775100401606437e+01
1.591967871485943853e+01
1.587550200803212874e+01
2.058232931726907466e+01
1.324899598393574252e+01
1.125702811244979884e+01
1.328514056224899598e+01
1.432931726907630576e+01
1.563052208835341439e+01
1.297188755020080286e+01
1.493975903614457756e+01
1.334136546184739025e+01
1.524497991967871435e+01
1.553012048192771033e+01
1.463052208835341439e+01
1.114859437751004023e+01
1.291566265060241037e+01
1.304016064257028162e+01
1.506425702811245060e+01
1.680722891566265176e+01
1.337751004016064194e+01
1.451807228915662584e+01
1.501606425702811265e+01
1.979116465863453911e+01
1.436144578313252929e+01
1.540562248995983907e+01
1.528112449799196781e+01
1.226104417670682700e+01
1.325301204819277068e+01
1.732530120481927582e+01
1.556626506024096379e+01
1.442570281124497988e+01
1.581124497991967814e+01
1.719678714859437818e+01
1.175502008032128565e+01
1.263855421686747071e+01
1.317269076305220921e+01
1.029317269076305230e+01
1.238554216867469826e+01
1.287550200803212874e+01
1.378313253012048278e+01
1.465461847389558159e+01
1.004819277108433795e+01
1.046184738955823335e+01
1.776305220883534020e+01
1.779518072289156549e+01
1.114457831325301207e+01
1.057028112449799195e+01
1.496787148594377470e+01
1.485943775100401609e+01
1.320883534136546267e+01
1.383534136546184712e+01
1.515662650602409656e+01
1.097188755020080286e+01
1.269076305220883505e+01
2.144979919678714708e+01
1.534538152610441841e+01
1.991164658634538043e+01
1.715261044176706662e+01
1.781124497991967814e+01
1.329718875502008046e+01
1.782329317269076441e+01
1.476706827309237013e+01
9.883534136546185067e+00
9.959839357429718376e+00
1.304016064257028162e+01
1.512048192771084310e+01
1.364658634538152526e+01
1.307630522088353331e+01
1.278714859437750917e+01
1.552208835341365400e+01
1.457831325301204828e+01
1.475502008032128565e+01
2.011646586345381493e+01
1.675502008032128387e+01
1.365863453815260975e+01
1.705220883534136433e+01
1.250602409638554136e+01
1.116867469879518104e+01
1.576706827309237013e+01
1.300000000000000000e+01
1.452610441767068217e+01
9.763052208835341972e+00
1.266265060240963791e+01
1.302811244979919714e+01
1.384337349397590344e+01
1.233734939759036209e+01
1.226506024096385516e+01
1.371084337349397586e+01
1.344979919678714886e+01
1.614859437751004023e+01
9.389558232931726423e+00
1.451004016064256952e+01
1.343373493975903621e+01
1.384738955823293161e+01
1.593574297188754940e+01
1.121285140562249083e+01
1.610040160642570228e+01
1.587550200803212874e+01
1.681124497991967814e+01
1.183935742971887528e+01
1.315662650602409656e+01
1.373895582329317300e+01
1.804819277108433795e+01
1.415261044176706839e+01
1.728514056224899775e+01
1.061847389558232990e+01
1.416465863453815288e+01
1.155823293172690747e+01
1.434939759036144658e+01
1.457028112449799195e+01
1.079116465863453733e+01
1.224899598393574252e+01
1.908835341365461957e+01
1.291164658634538220e+01
1.192369477911646669e+01
1.373092369477911667e+01
1.743373493975903443e+01
1.304819277108433795e+01
1.914056224899598391e+01
1.442168674698795172e+01
1.517670682730923737e+01
1.011646586345381493e+01
1.207630522088353331e+01
1.307228915662650515e+01
1.238554216867469826e+01
1.370682730923694770e+01
1.372289156626506035e+01
1.518473895582329369e+01
2.417670682730923559e+01
1.563052208835341439e+01
1.425301204819277068e+01
1.460642570281124542e+01
2.116465863453815288e+01
1.072289156626506035e+01
1.285140562248995977e+01
1.628514056224899775e+01
1.460642570281124542e+01
1.305220883534136611e+01
1.550602409638554136e+01
1.533734939759036209e+01
1.214859437751004023e+01
1.334136546184739025e+01
1.457831325301204828e+01
1.191164658634538220e+01
1.606024096385542066e+01
2.172690763052208851e+01
1.270281124497991954e+01
9.899598393574297717e+00
1.268273092369477872e+01
1.228915662650602414e+01
1.437349397590361377e+01
1.643775100401606437e+01
1.306425702811245060e+01
1.071485943775100402e+01
1.953815261044176665e+01
1.631726907630521950e+01
1.287951807228915690e+01
1.933333333333333215e+01
1.381124497991967814e+01
1.432530120481927760e+01
1.151004016064256952e+01
1.295983935742971838e+01
1.296385542168674654e+01
1.068674698795180689e+01
1.518875502008032186e+01
2.018473895582329192e+01
1.024497991967871435e+01
1.847791164658634600e+01
1.419277108433735002e+01
1.155823293172690747e+01
1.377108433734939830e+01
1.694779116465863567e+01
1.292369477911646669e+01
1.675903614457831381e+01
1.664658634538152526e+01
1.372289156626506035e+01
1.202811244979919714e+01
1.448594377510040232e+01
1.467871485943775056e+01
1.414056224899598391e+01
1.213253012048192758e+01
1.370281124497991954e+01
1.363453815261044255e+01
1.199196787148594368e+01
1.918072289156626553e+01
1.689558232931726778e+01
1.256626506024096379e+01
1.370281124497991954e+01
1.246987951807228967e+01
1.108433734939758963e+01
1.426506024096385516e+01
1.600000000000000000e+01
1.127710843373493965e+01
1.490361445783132588e+01
1.054216867469879482e+01
1.364257028112449888e+01
1.272289156626506035e+01
1.118072289156626553e+01
1.530923694779116495e+01
1.354618473895582298e+01
1.414457831325301207e+01
1.421686746987951722e+01
1.881526104417670808e+01
1.969879518072289315e+01
1.422088353413654538e+01
1.137751004016064194e+01
1.147791164658634600e+01
1.103212851405622530e+01
1.435341365461847474e+01
1.748995983935742871e+01
1.129718875502008046e+01
1.580722891566264998e+01
9.734939759036144835e+00
1.971887550200803219e+01
1.542168674698795172e+01
1.655823293172690924e+01
1.361445783132530174e+01
1.226104417670682700e+01
1.238554216867469826e+01
1.284337349397590344e+01
1.420080321285140634e+01
1.605622489959839427e+01
1.314859437751004023e+01
1.261847389558232990e+01
1.196787148594377470e+01
1.400803212851405632e+01
1.689959839357429772e+01
1.716867469879517927e+01
1.656626506024096557e+01
1.506024096385542244e+01
1.730120481927710685e+01
2.045381526104417702e+01
1.643775100401606437e+01
1.253815261044176665e+01
1.467871485943775056e+01
1.330120481927710863e+01
1.104016064257028162e+01
1.582730923694779079e+01
1.435742971887550112e+01
1.470281124497991954e+01
1.253413654618473849e+01
1.540963855421686723e+01
1.332530120481927760e+01
1.952610441767068394e+01
1.659437751004016093e+01
1.397991967871485919e+01
1.729317269076305053e+01
1.415261044176706839e+01
1.351004016064256952e+01
1.148995983935743048e+01
1.572690763052208851e+01
1.025301204819277068e+01
1.491566265060241037e+01
1.430120481927710863e+01
1.487550200803212874e+01
1.848594377510040232e+01
1.550602409638554136e+01
1.318473895582329369e+01
1.210441767068273045e+01
1.384738955823293161e+01
1.161847389558232990e+01
1.516867469879518104e+01
1.263052208835341439e+01
1.132128514056224944e+01
1.253413654618473849e+01
1.185542168674698793e+01
1.185140562248995977e+01
1.297590361445783103e+01
1.310441767068273045e+01
1.097188755020080286e+01
1.204016064257028162e+01
1.855020080321285292e+01
1.444578313253012070e+01
1.437751004016064194e+01
1.487148594377510058e+01
1.853413654618474027e+01
1.319277108433735002e+01
1.107228915662650515e+01
1.425702811244979884e+01
1.588755020080321323e+01
1.415662650602409656e+01
1.542971887550200805e+01
1.330923694779116495e+01
1.233734939759036209e+01
1.341365461847389540e+01
1.320883534136546267e+01
1.412048192771084310e+01
1.612449799196787126e+01
1.573493975903614484e+01
1.600000000000000000e+01
1.674297188755020116e+01
1.543775100401606437e+01
1.509638554216867412e+01
1.473092369477911667e+01
1.532931726907630576e+01
1.216465863453815288e+01
1.278714859437750917e+01
1.175502008032128565e+01
1.237349397590361377e+01
1.801204819277108271e+01
1.227309236947791149e+01
1.681124497991967814e+01
1.527309236947791149e+01
1.381927710843373447e+01
9.088353413654617796e+00
1.440963855421686723e+01
1.435742971887550112e+01
1.606425702811245060e+01
2.708433734939758963e+01
1.673092369477911490e+01
1.256626506024096379e+01
1.206024096385542244e+01
2.512048192771084487e+01
1.113654618473895574e+01
1.651004016064257129e+01
1.583935742971887528e+01
1.189558232931726955e+01
1.504417670682730979e+01
1.693172690763052302e+01
2.453413654618474027e+01
1.725702811244979884e+01
1.287550200803212874e+01
1.368273092369477872e+01
1.441767068273092356e+01
1.434136546184739025e+01
1.433333333333333393e+01
1.135341365461847474e+01
1.215662650602409656e+01
1.554216867469879482e+01
1.336947791164658561e+01
1.215261044176706839e+01
1.471084337349397586e+01
1.080722891566264998e+01
1.705622489959839427e+01
1.379518072289156549e+01
1.735742971887550112e+01
1.186746987951807242e+01
1.507228915662650515e+01
1.276706827309237013e+01
1.493975903614457756e+01
1.234538152610441841e+01
1.250602409638554136e+01
1.093574297188754940e+01
1.484337349397590344e+01
1.301606425702811265e+01
1.380722891566264998e+01
1.860642570281124364e+01
1.207630522088353331e+01
1.990763052208835404e+01
2.141365461847389540e+01
1.402409638554216897e+01
1.173493975903614484e+01
1.255421686746987930e+01
1.589156626506024139e+01
1.412851405622489942e+01
1.930923694779116317e+01
1.886345381526104248e+01
1.067068273092369424e+01
1.487148594377510058e+01
1.174297188755020116e+01
1.169879518072289137e+01
1.485542168674698793e+01
1.097590361445783103e+01
1.451004016064256952e+01
1.270682730923694770e+01
1.365863453815260975e+01
1.338955823293172642e+01
1.703614457831325169e+01
1.036546184738955745e+01
1.787550200803212874e+01
1.942168674698795172e+01
1.250602409638554136e+01
1.347389558232931783e+01
1.307228915662650515e+01
1.297991967871485919e+01
1.187148594377510058e+01
1.657028112449799195e+01
1.339357429718875458e+01
1.125702811244979884e+01
1.398795180722891551e+01
1.235341365461847474e+01
1.093574297188754940e+01
1.368674698795180689e+01
1.080321285140562182e+01
1.373493975903614484e+01
1.351405622489959768e+01
1.294377510040160573e+01
1.414457831325301207e+01
1.492369477911646669e+01
1.816064257028112294e+01
1.816064257028112294e+01
1.430120481927710863e+01
1.530923694779116495e+01
1.685542168674698971e+01
1.039357429718875458e+01
1.780722891566265176e+01
1.212851405622489942e+01
1.564257028112449888e+01
1.428112449799196781e+01
1.286746987951807242e+01
1.296385542168674654e+01
1.904819277108433795e+01
1.185542168674698793e+01
1.211244979919678677e+01
1.523293172690762987e+01
1.452208835341365400e+01
1.710040160642570228e+01
1.193574297188754940e+01
1.093574297188754940e+01
1.387148594377510058e+01
1.683132530120482073e+01
1.583534136546184712e+01
1.610040160642570228e+01
1.640562248995983907e+01
1.574297188755020116e+01
1.304819277108433795e+01
1.259839357429718909e+01
1.755823293172690924e+01
1.312851405622489942e+01
1.261044176706827358e+01
1.514457831325301207e+01
1.430120481927710863e+01
1.344176706827309253e+01
1.516867469879518104e+01
1.400000000000000000e+01
1.326506024096385516e+01
1.619277108433734824e+01
1.343775100401606437e+01
1.510441767068273045e+01
1.237751004016064194e+01
1.324096385542168619e+01
1.417670682730923737e+01
1.527309236947791149e+01
1.290763052208835404e+01
1.026506024096385516e+01
1.707630522088353331e+01
1.244578313253012070e+01
1.918473895582329192e+01
9.730923694779116673e+00
1.390361445783132588e+01
1.212048192771084310e+01
1.374297188755020116e+01
1.287550200803212874e+01
1.263453815261044255e+01
1.203212851405622530e+01
1.886746987951807242e+01
1.260642570281124542e+01
1.213654618473895574e+01
1.439357429718875458e+01
1.385943775100401609e+01
1.617269076305220921e+01
1.477510040160642646e+01
1.777510040160642646e+01
1.158634538152610460e+01
1.313253012048192758e+01
1.747791164658634600e+01
1.436144578313252929e+01
1.624497991967871613e+01
1.272289156626506035e+01
1.222891566265060170e+01
1.372690763052208851e+01
1.388755020080321323e+01
1.428112449799196781e+01
1.751004016064257129e+01
1.208433734939758963e+01
1.312449799196787126e+01
1.308835341365461780e+01
1.769076305220883683e+01
1.512449799196787126e+01
1.136144578313252929e+01
1.076305220883534197e+01
2.167871485943775056e+01
1.649397590361445864e+01
1.079919678714859366e+01
1.203614457831325346e+01
1.353413654618473849e+01
1.763855421686746894e+01
1.330522088353413679e+01
1.830923694779116317e+01
1.254216867469879482e+01
1.434136546184739025e+01
1.693172690763052302e+01
1.067871485943775056e+01
1.502811244979919714e+01
1.442168674698795172e+01
1.439357429718875458e+01
1.104016064257028162e+01
1.343373493975903621e+01
1.271084337349397586e+01
1.517670682730923737e+01
1.306024096385542244e+01
1.714457831325301029e+01
1.443775100401606437e+01
1.161445783132530174e+01
1.534136546184739025e+01
1.506827309236947876e+01
1.497590361445783103e+01
1.420883534136546267e+01
1.204417670682730979e+01
1.425702811244979884e+01
1.219678714859437818e+01
1.346987951807228967e+01
1.530923694779116495e+01
1.432128514056224944e+01
1.208835341365461780e+01
1.390361445783132588e+01
1.404417670682730979e+01
1.465863453815260975e+01
1.358634538152610460e+01
1.081927710843373447e+01
1.305220883534136611e+01
1.379518072289156549e+01
1.074698795180722932e+01
1.665060240963855520e+01
1.728112449799196781e+01
1.489156626506024139e+01
1.242168674698795172e+01
1.390763052208835404e+01
2.298393574297188735e+01
1.367469879518072240e+01
1.621285140562249083e+01
1.207630522088353331e+01
1.527710843373493965e+01
1.728112449799196781e+01
9.618473895582329902e+00
1.645783132530120341e+01
2.536546184738955745e+01
1.751807228915662762e+01
1.114859437751004023e+01
1.453012048192771033e+01
1.303614457831325346e+01
1.120080321285140634e+01
1.187951807228915690e+01
1.881124497991967814e+01
1.451807228915662584e+01
1.220883534136546267e+01
1.161044176706827358e+01
1.177911646586345462e+01
1.311244979919678677e+01
1.365863453815260975e+01
1.425702811244979884e+01
1.180722891566264998e+01
1.767469879518072418e+01
1.453012048192771033e+01
1.754618473895582298e+01
1.116064257028112472e+01
1.230522088353413679e+01
1.124096385542168619e+01
1.236546184738955745e+01
1.504819277108433795e+01
1.554216867469879482e+01
1.480321285140562182e+01
1.930923694779116317e+01
1.320080321285140634e+01
1.871485943775100225e+01
1.267469879518072240e+01
1.636144578313253106e+01
1.767871485943775056e+01
1.500000000000000000e+01
1.762650602409638623e+01
1.818072289156626553e+01
1.561044176706827358e+01
1.224899598393574252e+01
1.161847389558232990e+01
1.103212851405622530e+01
1.314457831325301207e+01
1.446586345381526151e+01
1.165060240963855342e+01
1.212851405622489942e+01
1.045783132530120518e+01
1.539357429718875458e+01
1.923293172690762987e+01
1.730522088353413679e+01
1.169879518072289137e+01
1.979919678714859543e+01
1.441365461847389540e+01
1.197991967871485919e+01
1.524096385542168619e+01
1.451405622489959768e+01
1.376706827309237013e+01
1.410040160642570228e+01
1.443373493975903621e+01
1.389156626506024139e+01
1.922489959839357354e+01
1.259036144578313277e+01
1.336546184738955745e+01
1.762650602409638623e+01
1.101204819277108449e+01
1.299196787148594368e+01
1.493975903614457756e+01
1.320080321285140634e+01
1.448594377510040232e+01
1.174297188755020116e+01
1.739759036144578275e+01
1.506024096385542244e+01
1.381927710843373447e+01
1.032128514056224944e+01
1.324096385542168619e+01
2.002008032128513904e+01
1.712048192771084487e+01
1.665461847389558159e+01
2.055421686746987930e+01
1.968674698795180689e+01
1.785542168674698971e+01
1.767068273092369424e+01
1.140963855421686723e+01
1.640160642570281269e+01
1.163052208835341439e+01
1.632128514056224944e+01
1.597991967871485919e+01
1.142570281124497988e+01
1.680722891566265176e+01
1.444578313253012070e+01
1.287550200803212874e+01
2.123293172690762987e+01
1.622088353413654715e+01
1.506425702811245060e+01
1.332931726907630576e+01
1.161044176706827358e+01
2.042570281124498166e+01
1.378714859437750917e+01
1.800401606425702639e+01
1.601204819277108271e+01
1.275903614457831381e+01
1.784738955823293338e+01
1.331726907630522128e+01
1.636546184738955745e+01
1.397188755020080286e+01
1.214457831325301207e+01
1.184738955823293161e+01
1.429317269076305230e+01
1.168273092369477872e+01
1.598795180722891551e+01
1.257831325301204828e+01
1.584337349397590344e+01
1.547791164658634600e+01
1.447791164658634600e+01
1.295582329317269021e+01
1.107630522088353331e+01
1.477911646586345462e+01
2.066666666666666785e+01
1.688755020080321145e+01
1.123694779116465803e+01
1.384738955823293161e+01
1.816867469879517927e+01
1.683534136546184712e+01
1.437751004016064194e+01
1.582329317269076263e+01
1.948995983935742871e+01
1.187550200803212874e+01
1.617269076305220921e+01
1.316465863453815288e+01
1.379518072289156549e+01
1.443373493975903621e+01
1.177510040160642646e+01
1.118072289156626553e+01
1.330522088353413679e+01
1.769076305220883683e+01
1.245783132530120518e+01
1.338955823293172642e+01
1.535742971887550112e+01
1.727309236947791149e+01
1.236546184738955745e+01
1.540963855421686723e+01
1.549799196787148681e+01
2.156626506024096557e+01
1.099598393574297184e+01
1.669879518072289315e+01
1.344176706827309253e+01
1.228915662650602414e+01
1.538554216867469826e+01
1.571485943775100402e+01
1.380722891566264998e+01
1.266265060240963791e+01
1.365060240963855342e+01
1.336947791164658561e+01
1.419277108433735002e+01
1.600401606425702639e+01
1.261847389558232990e+01
1.747389558232931606e+01
1.443775100401606437e+01
1.004417670682730979e+01
1.336546184738955745e+01
1.288353413654618507e+01
1.472289156626506035e+01
1.432530120481927760e+01
1.975100401606425748e+01
1.263453815261044255e+01
1.163453815261044255e+01
1.435742971887550112e+01
1.720883534136546089e+01
1.283132530120481896e+01
1.235742971887550112e+01
1.411244979919678677e+01
1.615662650602409656e+01
1.220883534136546267e+01
1.425702811244979884e+01
1.918875502008032186e+01
1.420080321285140634e+01
1.610441767068273222e+01
1.396385542168674654e+01
1.502008032128514081e+01
1.225702811244979884e+01
1.233333333333333393e+01
1.622489959839357354e+01
1.297590361445783103e+01
1.251405622489959768e+01
1.244176706827309253e+01
1.463453815261044255e+01
1.880321285140562182e+01
1.905220883534136433e+01
1.659839357429718731e+01
1.319277108433735002e+01
1.440963855421686723e+01
1.544979919678714886e+01
1.250602409638554136e+01
1.117670682730923737e+01
1.140160642570281091e+01
1.338152610441767010e+01
1.730522088353413679e+01
1.785542168674698971e+01
1.068674698795180689e+01
1.257028112449799195e+01
1.367469879518072240e+01
1.260240963855421725e+01
1.479919678714859366e+01
1.383935742971887528e+01
1.489959839357429772e+01
1.434538152610441841e+01
1.562248995983935806e+01
1.406827309236947876e+01
1.323293172690762987e+01
1.532128514056224944e+01
1.842570281124498166e+01
1.059437751004016093e+01
1.115261044176706839e+01
1.391967871485943853e+01
2.477108433734939652e+01
1.550602409638554136e+01
1.071887550200803219e+01
1.119678714859437818e+01
1.440562248995983907e+01
1.713253012048192758e+01
1.135742971887550112e+01
1.246586345381526151e+01
1.527309236947791149e+01
1.513654618473895574e+01
1.300401606425702816e+01
1.240160642570281091e+01
1.675903614457831381e+01
1.560642570281124542e+01
1.349397590361445864e+01
1.544578313253012070e+01
1.290361445783132588e+01
1.361847389558232990e+01
1.506827309236947876e+01
1.277510040160642646e+01
1.608433734939758963e+01
1.402811244979919714e+01
1.772690763052208851e+01
1.560642570281124542e+01
1.332530120481927760e+01
1.579518072289156549e+01
1.208433734939758963e+01
1.089156626506024139e+01
1.155823293172690747e+01
1.418473895582329369e+01
1.619678714859437818e+01
1.331325301204819311e+01
1.388353413654618507e+01
1.146987951807228967e+01
1.588755020080321323e+01
1.404016064257028162e+01
1.393574297188754940e+01
1.265461847389558159e+01
1.661445783132529996e+01
1.252208835341365400e+01
1.485140562248995977e+01
1.228112449799196781e+01
1.543775100401606437e+01
1.462248995983935806e+01
1.465461847389558159e+01
1.482329317269076263e+01
1.739357429718875636e+01
1.358232931726907644e+01
1.317269076305220921e+01
1.949397590361445864e+01
1.557429718875502012e+01
1.263052208835341439e+01
1.293172690763052124e+01
1.236947791164658561e+01
1.646586345381525973e+01
1.493172690763052124e+01
1.148192771084337416e+01
1.395180722891566205e+01
1.794779116465863567e+01
1.467871485943775056e+01
1.320080321285140634e+01
1.952208835341365400e+01
1.554618473895582298e+01
1.712851405622490120e+01
1.400000000000000000e+01
1.393172690763052124e+01
1.335742971887550112e+01
1.653413654618474027e+01
1.177911646586345462e+01
1.397991967871485919e+01
1.616064257028112294e+01
1.221285140562249083e+01
1.587148594377510058e+01
1.392369477911646669e+01
1.375100401606425748e+01
1.175903614457831381e+01
1.503212851405622530e+01
1.405220883534136611e+01
1.446586345381526151e+01
1.399598393574297184e+01
1.251004016064256952e+01
1.236947791164658561e+01
1.691967871485943675e+01
1.225301204819277068e+01
1.859437751004016093e+01
1.725301204819277245e+01
1.419277108433735002e+01
1.750200803212851497e+01
1.748995983935742871e+01
1.395180722891566205e+01
1.239759036144578275e+01
1.322891566265060170e+01
1.146987951807228967e+01
1.449799196787148681e+01
1.374297188755020116e+01
1.407228915662650515e+01
1.550602409638554136e+01
1.975100401606425748e+01
1.561044176706827358e+01
1.512449799196787126e+01
1.558634538152610460e+01
1.290361445783132588e+01
1.069477911646586321e+01
1.551004016064256952e+01
1.674297188755020116e+01
1.491967871485943853e+01
1.694779116465863567e+01
1.512449799196787126e+01
1.810843373493975861e+01
1.313654618473895574e+01
1.830923694779116317e+01
1.316465863453815288e+01
1.901204819277108271e+01
1.732128514056224944e+01
1.091967871485943853e+01
1.685542168674698971e+01
1.583132530120481896e+01
1.553815261044176665e+01
1.919277108433734824e+01
1.569879518072289137e+01
1.406827309236947876e+01
1.282730923694779079e+01
9.425702811244979884e+00
1.715261044176706662e+01
1.892771084337349308e+01
1.387148594377510058e+01
1.430120481927710863e+01
1.592369477911646669e+01
1.304417670682730979e+01
1.167871485943775056e+01
1.512048192771084310e+01
1.360642570281124542e+01
1.153815261044176665e+01
1.492771084337349485e+01
1.288353413654618507e+01
1.389558232931726955e+01
1.307228915662650515e+01
1.214056224899598391e+01
1.406024096385542244e+01
1.239357429718875458e+01
1.297188755020080286e+01
1.214457831325301207e+01
1.430120481927710863e+01
1.602409638554216897e+01
1.410843373493975861e+01
1.077108433734939830e+01
1.476305220883534197e+01
1.269879518072289137e+01
1.312048192771084310e+01
1.206425702811245060e+01
1.032931726907630576e+01
1.385140562248995977e+01
1.426506024096385516e+01
1.280321285140562182e+01
1.345381526104417702e+01
1.319678714859437818e+01
1.466666666666666607e+01
1.311244979919678677e+01
1.286746987951807242e+01
1.600401606425702639e+01
1.882329317269076441e+01
1.370281124497991954e+01
1.349799196787148681e+01
1.308032128514056147e+01
1.320080321285140634e+01
1.206425702811245060e+01
1.432931726907630576e+01
1.359036144578313277e+01
1.567469879518072240e+01
1.184738955823293161e+01
1.575502008032128565e+01
1.421686746987951722e+01
2.306425702811245060e+01
1.157429718875502012e+01
1.259036144578313277e+01
1.336144578313252929e+01
1.638955823293172642e+01
1.156224899598393563e+01
1.246184738955823335e+01
1.349397590361445864e+01
1.567871485943775056e+01
1.269076305220883505e+01
1.453815261044176665e+01
1.375903614457831381e+01
1.107228915662650515e+01
1.216465863453815288e+01
2.315662650602409656e+01
1.385542168674698793e+01
1.483935742971887528e+01
1.827309236947791149e+01
1.411244979919678677e+01
1.317269076305220921e+01
1.479116465863453733e+01
1.501204819277108449e+01
1.226506024096385516e+01
1.090763052208835404e+01
1.473092369477911667e+01
1.154216867469879482e+01
1.118875502008032186e+01
1.324497991967871435e+01
1.191967871485943853e+01
1.320883534136546267e+01
1.543775100401606437e+01
1.366666666666666607e+01
1.609638554216867590e+01
1.604417670682730801e+01
1.381526104417670631e+01
1.530923694779116495e+01
1.226907630522088333e+01
1.203212851405622530e+01
1.970281124497991954e+01
1.805220883534136433e+01
1.274698795180722932e+01
1.355020080321285114e+01
1.210040160642570228e+01
1.561847389558232990e+01
1.687148594377509880e+01
1.583935742971887528e+01
1.551405622489959768e+01
1.534538152610441841e+01
1.169076305220883505e+01
1.711646586345381493e+01
1.289959839357429772e+01
1.085542168674698793e+01
1.136144578313252929e+01
1.556626506024096379e+01
1.170682730923694770e+01
1.336546184738955745e+01
1.565060240963855342e+01
1.556224899598393563e+01
1.338955823293172642e+01
2.110040160642570228e+01
1.987148594377509880e+01
1.489558232931726955e+01
1.487550200803212874e+01
1.217670682730923737e+01
1.487951807228915690e+01
9.698795180722891374e+00
1.217670682730923737e+01
1.305622489959839427e+01
2.022088353413654715e+01
1.789156626506024139e+01
1.769879518072289315e+01
1.789959839357429772e+01
1.538152610441767010e+01
1.717670682730923559e+01
1.256626506024096379e+01
1.423694779116465803e+01
1.532128514056224944e+01
1.481526104417670631e+01
1.508032128514056147e+01
1.434939759036144658e+01
2.218072289156626553e+01
1.929718875502008046e+01
1.583534136546184712e+01
1.194779116465863389e+01
1.471485943775100402e+01
1.014457831325301207e+01
1.222891566265060170e+01
1.485542168674698793e+01
1.540562248995983907e+01
1.476305220883534197e+01
1.384337349397590344e+01
1.115662650602409656e+01
1.470682730923694770e+01
1.616465863453815288e+01
1.810441767068273222e+01
1.517670682730923737e+01
1.280722891566264998e+01
1.427710843373493965e+01
1.296787148594377470e+01
1.824497991967871613e+01
1.215662650602409656e+01
1.351405622489959768e+01
1.179116465863453733e+01
1.426907630522088333e+01
1.269879518072289137e+01
1.832128514056224944e+01
1.207228915662650515e+01
1.209638554216867412e+01
1.438955823293172642e+01
1.397991967871485919e+01
1.083132530120481896e+01
1.557429718875502012e+01
1.592369477911646669e+01
1.504819277108433795e+01
2.074297188755020116e+01
1.281927710843373447e+01
1.540963855421686723e+01
1.579919678714859366e+01
1.325301204819277068e+01
1.541767068273092356e+01
1.365060240963855342e+01
1.564658634538152526e+01
1.569879518072289137e+01
1.235742971887550112e+01
9.855421686746987930e+00
1.497188755020080286e+01
1.381124497991967814e+01
1.478714859437750917e+01
1.611244979919678855e+01
1.429718875502008046e+01
1.244578313253012070e+01
2.089959839357429772e+01
1.648594377510040232e+01
1.257429718875502012e+01
1.724497991967871613e+01
1.114859437751004023e+01
1.211646586345381493e+01
1.382329317269076263e+01
2.115261044176706662e+01
1.399196787148594368e+01
1.142971887550200805e+01
9.947791164658633889e+00
1.530522088353413679e+01
1.688353413654618507e+01
1.180321285140562182e+01
1.141767068273092356e+01
1.379919678714859366e+01
1.209638554216867412e+01
1.540963855421686723e+01
1.294779116465863389e+01
1.436546184738955745e+01
1.314457831325301207e+01
1.316465863453815288e+01
1.539759036144578275e+01
1.183935742971887528e+01
1.610441767068273222e+01
1.233333333333333393e+01
1.320481927710843451e+01
2.100803212851405632e+01
1.454216867469879482e+01
1.450200803212851319e+01
1.221285140562249083e+01
1.327309236947791149e+01
1.281927710843373447e+01
1.534939759036144658e+01
1.692771084337349308e+01
9.550200803212851142e+00
2.151807228915662762e+01
1.628112449799196781e+01
1.765863453815261153e+01
1.405622489959839427e+01
1.366265060240963791e+01
1.824497991967871613e+01
1.219277108433735002e+01
1.473895582329317300e+01
1.161044176706827358e+01
1.338955823293172642e+01
1.563052208835341439e+01
1.425301204819277068e+01
1.618072289156626553e+01
1.738554216867470004e+01
1.470281124497991954e+01
1.396385542168674654e+01
1.316064257028112472e+01
1.276706827309237013e+01
1.662650602409638623e+01
1.218072289156626553e+01
1.060240963855421725e+01
1.546184738955823335e+01
1.181124497991967814e+01
1.465060240963855342e+01
1.219277108433735002e+01
1.926104417670682878e+01
1.554216867469879482e+01
1.419277108433735002e+01
1.432128514056224944e+01
1.113654618473895574e+01
1.617269076305220921e+01
1.533734939759036209e+01
2.242168674698795172e+01
1.332128514056224944e+01
1.222489959839357354e+01
1.565461847389558159e+01
1.746586345381525973e+01
1.194779116465863389e+01
1.234538152610441841e+01
1.291164658634538220e+01
1.573092369477911667e+01
1.457429718875502012e+01
1.339759036144578275e+01
1.312851405622489942e+01
1.414859437751004023e+01
1.591566265060241037e+01
1.317269076305220921e+01
1.660240963855421725e+01
2.220080321285140457e+01
1.857831325301204828e+01
1.609638554216867590e+01
1.806024096385542066e+01
1.291967871485943853e+01
1.194377510040160573e+01
1.635742971887550112e+01
1.388353413654618507e+01
1.392771084337349485e+01
1.549799196787148681e+01
1.777911646586345285e+01
1.456626506024096379e+01
1.475502008032128565e+01
1.453413654618473849e+01
1.273493975903614484e+01
1.413253012048192758e+01
1.453815261044176665e+01
1.469879518072289137e+01
1.400401606425702816e+01
1.359036144578313277e+01
1.516465863453815288e+01
1.502409638554216897e+01
1.302409638554216897e+01
1.191967871485943853e+01
2.016064257028112294e+01
1.439759036144578275e+01
1.281124497991967814e+01
1.656224899598393563e+01
1.297590361445783103e+01
1.270281124497991954e+01
9.220883534136545379e+00
1.126907630522088333e+01
1.364257028112449888e+01
1.216867469879518104e+01
1.090763052208835404e+01
1.821285140562249083e+01
1.322489959839357354e+01
1.400401606425702816e+01
1.237349397590361377e+01
1.146987951807228967e+01
2.043775100401606437e+01
1.187148594377510058e+01
1.410843373493975861e+01
1.240562248995983907e+01
1.130923694779116495e+01
1.455823293172690747e+01
1.305622489959839427e+01
1.531325301204819311e+01
1.492771084337349485e+01
1.693975903614457934e+01
1.516064257028112472e+01
1.691566265060241037e+01
2.271887550200803219e+01
1.509236947791164596e+01
1.234136546184739025e+01
1.620883534136546089e+01
1.271485943775100402e+01
1.253012048192771033e+01
1.572289156626506035e+01
1.434538152610441841e+01
1.378714859437750917e+01
1.141767068273092356e+01
1.426506024096385516e+01
1.083534136546184712e+01
1.687951807228915513e+01
1.746586345381525973e+01
1.620481927710843451e+01
1.368674698795180689e+01
1.251004016064256952e+01
1.233734939759036209e+01
1.721686746987951722e+01
1.646987951807228967e+01
1.395582329317269021e+01
1.062248995983935806e+01
1.074698795180722932e+01
1.542168674698795172e+01
1.591164658634538220e+01
1.469076305220883505e+01
1.454216867469879482e+01
1.395582329317269021e+01
1.409638554216867412e+01
1.194377510040160573e+01
1.748192771084337238e+01
1.511244979919678677e+01
1.412449799196787126e+01
1.185943775100401609e+01
1.419678714859437818e+01
1.250200803212851319e+01
1.546586345381526151e+01
1.229718875502008046e+01
1.367469879518072240e+01
1.379518072289156549e+01
1.376706827309237013e+01
1.553413654618473849e+01
1.223293172690762987e+01
1.297991967871485919e+01
1.213253012048192758e+01
1.286746987951807242e+01
1.067469879518072240e+01
1.122489959839357354e+01
1.874297188755020116e+01
1.299598393574297184e+01
1.474297188755020116e+01
1.583935742971887528e+01
1.172289156626506035e+01
1.228915662650602414e+01
1.456224899598393563e+01
1.450602409638554136e+01
1.421686746987951722e+01
1.352610441767068217e+01
1.484337349397590344e+01
1.446586345381526151e+01
1.445381526104417702e+01
1.283935742971887528e+01
1.299196787148594368e+01
1.572690763052208851e+01
1.058232931726907644e+01
1.653012048192771033e+01
1.449397590361445864e+01
1.020883534136546267e+01
1.191967871485943853e+01
1.399196787148594368e+01
1.726907630522088510e+01
1.614457831325301029e+01
1.285140562248995977e+01
1.406425702811245060e+01
1.675100401606425748e+01
1.851405622489959768e+01
1.152208835341365400e+01
1.369879518072289137e+01
1.208433734939758963e+01
2.066666666666666785e+01
1.416064257028112472e+01
1.234939759036144658e+01
1.504819277108433795e+01
1.459839357429718909e+01
1.167068273092369424e+01
1.658634538152610460e+01
1.324899598393574252e+01
1.609638554216867590e+01
1.860240963855421725e+01
1.489959839357429772e+01
1.248594377510040232e+01
2.010040160642570228e+01
1.446184738955823335e+01
1.059839357429718909e+01
1.275100401606425748e+01
1.291164658634538220e+01
1.440562248995983907e+01
1.885542168674698971e+01
1.152610441767068217e+01
1.583132530120481896e+01
1.550602409638554136e+01
1.401606425702811265e+01
1.333333333333333393e+01
1.191566265060241037e+01
1.432128514056224944e+01
1.214859437751004023e+01
1.960642570281124364e+01
1.328112449799196781e+01
1.211244979919678677e+01
1.208433734939758963e+01
1.353012048192771033e+01
1.265863453815260975e+01
1.048594377510040232e+01
1.846586345381525973e+01
1.400000000000000000e+01
1.434538152610441841e+01
1.907228915662650692e+01
1.291164658634538220e+01
1.707630522088353331e+01
1.557831325301204828e+01
1.352208835341365400e+01
1.844578313253012070e+01
1.652610441767068394e+01
1.307228915662650515e+01
1.385542168674698793e+01
1.236144578313252929e+01
1.324497991967871435e+01
1.501606425702811265e+01
2.213253012048192758e+01
1.730923694779116317e+01
1.053012048192771033e+01
1.254618473895582298e+01
1.699196787148594368e+01
1.500803212851405632e+01
1.077911646586345462e+01
1.687148594377509880e+01
1.220883534136546267e+01
1.084738955823293161e+01
1.762650602409638623e+01
2.275100401606425748e+01
1.304417670682730979e+01
1.194779116465863389e+01
1.388755020080321323e+01
1.902008032128513904e+01
1.338152610441767010e+01
1.397188755020080286e+01
1.458634538152610460e+01
1.263052208835341439e+01
1.134136546184739025e+01
1.650200803212851497e+01
1.659036144578313099e+01
1.106024096385542244e+01
1.512851405622489942e+01
1.328514056224899598e+01
1.476305220883534197e+01
1.033333333333333393e+01
1.461044176706827358e+01
1.514859437751004023e+01
1.621686746987951722e+01
1.695582329317269199e+01
1.169477911646586321e+01
1.208032128514056147e+01
1.532931726907630576e+01
1.975100401606425748e+01
1.033734939759036209e+01
1.708032128514056325e+01
1.754216867469879659e+01
2.128514056224899775e+01
1.094779116465863389e+01
1.134136546184739025e+01
1.660240963855421725e+01
1.438955823293172642e+01
1.302811244979919714e+01
1.397590361445783103e+01
1.371887550200803219e+01
1.570682730923694770e+01
1.309638554216867412e+01
1.259036144578313277e+01
1.423694779116465803e+01
1.451405622489959768e+01
1.733333333333333215e+01
1.517670682730923737e+01
1.758634538152610460e+01
1.272289156626506035e+01
1.979116465863453911e+01
1.200401606425702816e+01
1.110040160642570228e+01
1.627710843373494143e+01
1.029317269076305230e+01
1.085943775100401609e+01
1.465060240963855342e+01
1.418473895582329369e+01
1.220080321285140634e+01
1.319277108433735002e+01
1.365060240963855342e+01
1.156626506024096379e+01
1.486746987951807242e+01
1.055421686746987930e+01
1.389959839357429772e+01
1.563855421686747071e+01
1.433333333333333393e+01
1.586345381526104426e+01
1.224096385542168619e+01
1.479518072289156549e+01
1.836947791164658739e+01
1.729718875502008046e+01
1.490361445783132588e+01
1.388755020080321323e+01
1.765060240963855520e+01
1.940562248995983907e+01
1.295180722891566205e+01
1.314457831325301207e+01
1.110441767068273045e+01
1.179116465863453733e+01
1.170281124497991954e+01
1.150200803212851319e+01
1.524497991967871435e+01
1.310441767068273045e+01
1.608032128514056325e+01
1.508032128514056147e+01
1.504819277108433795e+01
1.583534136546184712e+01
2.187951807228915513e+01
1.444578313253012070e+01
1.876305220883534020e+01
1.361044176706827358e+01
1.151807228915662584e+01
1.290361445783132588e+01
1.439759036144578275e+01
1.526907630522088333e+01
1.389156626506024139e+01
1.533734939759036209e+01
1.085140562248995977e+01
1.220080321285140634e+01
1.292369477911646669e+01
1.349397590361445864e+01
1.418875502008032186e+01
1.608032128514056325e+01
1.091164658634538220e+01
1.508433734939758963e+01
1.384738955823293161e+01
1.198795180722891551e+01
1.611646586345381493e+01
1.322489959839357354e+01
1.436947791164658561e+01
1.546184738955823335e+01
1.526104417670682700e+01
1.604016064257028162e+01
9.678714859437750562e+00
1.490361445783132588e+01
1.222489959839357354e+01
2.134136546184738847e+01
1.432128514056224944e+01
1.122088353413654538e+01
1.175100401606425748e+01
1.531726907630522128e+01
1.338554216867469826e+01
1.864658634538152526e+01
1.624899598393574252e+01
1.328915662650602414e+01
1.493975903614457756e+01
1.347791164658634600e+01
1.339357429718875458e+01
1.124899598393574252e+01
1.455823293172690747e+01
1.316465863453815288e+01
1.234939759036144658e+01
1.204016064257028162e+01
1.265060240963855342e+01
1.199196787148594368e+01
2.501204819277108271e+01
1.781526104417670808e+01
1.498795180722891551e+01
1.691164658634538043e+01
1.099196787148594368e+01
1.124096385542168619e+01
1.372690763052208851e+01
1.656626506024096557e+01
1.463453815261044255e+01
1.588353413654618507e+01
1.531726907630522128e+01
1.127309236947791149e+01
1.293574297188754940e+01
1.782329317269076441e+01
1.401204819277108449e+01
1.391164658634538220e+01
1.265863453815260975e+01
1.340562248995983907e+01
1.434939759036144658e+01
1.422088353413654538e+01
1.365863453815260975e+01
1.277108433734939830e+01
1.182329317269076263e+01
1.675903614457831381e+01
1.340562248995983907e+01
1.413654618473895574e+01
1.026104417670682700e+01
1.302409638554216897e+01
1.697590361445783103e+01
1.214457831325301207e+01
9.971887550200802863e+00
1.412851405622489942e+01
1.209236947791164596e+01
1.230923694779116495e+01
1.404819277108433795e+01
1.453413654618473849e+01
1.871084337349397586e+01
1.085542168674698793e+01
1.707228915662650692e+01
1.042971887550200805e+01
1.632128514056224944e+01
1.510040160642570228e+01
1.170682730923694770e+01
1.448995983935743048e+01
1.535742971887550112e+01
1.425702811244979884e+01
1.145783132530120518e+01
1.297590361445783103e+01
1.176305220883534197e+01
1.543775100401606437e+01
1.376706827309237013e+01
1.769477911646586321e+01
1.500401606425702816e+01
1.192771084337349485e+01
1.361445783132530174e+01
1.645783132530120341e+01
1.919277108433734824e+01
1.238955823293172642e+01
1.404819277108433795e+01
1.547791164658634600e+01
1.261044176706827358e+01
1.550200803212851319e+01
1.216064257028112472e+01
1.389959839357429772e+01
1.506827309236947876e+01
1.145381526104417702e+01
1.360642570281124542e+01
1.291164658634538220e+01
1.495983935742971838e+01
1.547389558232931783e+01
1.753413654618474027e+01
1.620883534136546089e+01
1.810040160642570228e+01
1.413253012048192758e+01
1.357028112449799195e+01
1.055020080321285114e+01
1.924096385542168619e+01
1.896385542168674831e+01
1.358634538152610460e+01
1.284337349397590344e+01
1.194779116465863389e+01
1.216867469879518104e+01
1.262248995983935806e+01
1.449397590361445864e+01
1.508433734939758963e+01
1.237751004016064194e+01
1.438554216867469826e+01
1.643775100401606437e+01
2.227710843373494143e+01
1.093975903614457756e+01
1.362248995983935806e+01
1.100401606425702816e+01
1.224096385542168619e+01
1.332931726907630576e+01
1.084738955823293161e+01
1.465863453815260975e+01
1.596385542168674654e+01
1.625301204819277245e+01
1.202409638554216897e+01
1.446586345381526151e+01
1.308835341365461780e+01
1.455020080321285114e+01
1.461044176706827358e+01
1.039759036144578275e+01
1.292771084337349485e+01
1.099598393574297184e+01
1.889156626506024139e+01
2.146987951807228967e+01
1.584738955823293161e+01
1.577510040160642646e+01
1.604819277108433795e+01
1.723694779116465980e+01
1.610040160642570228e+01
1.380321285140562182e+01
1.220481927710843451e+01
1.277510040160642646e+01
1.195180722891566205e+01
1.359036144578313277e+01
1.228514056224899598e+01
1.603212851405622530e+01
1.340963855421686723e+01
2.378313253012048278e+01
1.274698795180722932e+01
1.400000000000000000e+01
1.599196787148594368e+01
1.563453815261044255e+01
1.352610441767068217e+01
1.092771084337349485e+01
1.467469879518072240e+01
1.628112449799196781e+01
1.655823293172690924e+01
1.526104417670682700e+01
1.546184738955823335e+01
1.243775100401606437e+01
1.414859437751004023e+01
1.190763052208835404e+01
1.649397590361445864e+01
1.625702811244979884e+01
1.463855421686747071e+01
1.456224899598393563e+01
1.414859437751004023e+01
1.360642570281124542e+01
1.320883534136546267e+01
1.421285140562249083e+01
1.482730923694779079e+01
1.271485943775100402e+01
1.318072289156626553e+01
1.222891566265060170e+01
1.631325301204819311e+01
1.367068273092369424e+01
1.406425702811245060e+01
1.508835341365461780e+01
1.387550200803212874e+01
1.398393574297188735e+01
1.814859437751004023e+01
1.210040160642570228e+01
1.321285140562249083e+01
1.289959839357429772e+01
1.703212851405622530e+01
1.046586345381526151e+01
1.604819277108433795e+01
1.466666666666666607e+01
1.340963855421686723e+01
1.144176706827309253e+01
1.213253012048192758e+01
1.361044176706827358e+01
1.744176706827309076e+01
2.147389558232931606e+01
1.418473895582329369e+01
1.542570281124497988e+01
1.296385542168674654e+01
1.117269076305220921e+01
1.268273092369477872e+01
9.606425702811245415e+00
1.659839357429718731e+01
1.282329317269076263e+01
1.279116465863453733e+01
1.687148594377509880e+01
1.224497991967871435e+01
1.511244979919678677e+01
1.512449799196787126e+01
1.395180722891566205e+01
1.595582329317269021e+01
1.466666666666666607e+01
1.646184738955823335e+01
1.961445783132529996e+01
1.404819277108433795e+01
1.097991967871485919e+01
1.181124497991967814e+01
1.835341365461847474e+01
1.860642570281124364e+01
1.758634538152610460e+01
1.475100401606425748e+01
1.382730923694779079e+01
1.210441767068273045e+01
1.581124497991967814e+01
1.388353413654618507e+01
1.135742971887550112e+01
1.359036144578313277e+01
1.579919678714859366e+01
1.403212851405622530e+01
1.969879518072289315e+01
1.509638554216867412e+01
1.434939759036144658e+01
1.075502008032128565e+01
1.383935742971887528e+01
1.387550200803212874e+01
1.201606425702811265e+01
1.612851405622490120e+01
1.380321285140562182e+01
1.353413654618473849e+01
1.300401606425702816e+01
1.657429718875501834e+01
1.736947791164658739e+01
1.882329317269076441e+01
1.482329317269076263e+01
1.283132530120481896e+01
1.644176706827309076e+01
1.486345381526104426e+01
1.238955823293172642e+01
1.725702811244979884e+01
1.319678714859437818e+01
1.606024096385542066e+01
1.452208835341365400e+01
1.463855421686747071e+01
1.873895582329317122e+01
1.354216867469879482e+01
1.559036144578313277e+01
1.352208835341365400e+01
1.319277108433735002e+01
1.277911646586345462e+01
1.273092369477911667e+01
1.816465863453815288e+01
1.262650602409638623e+01
1.531726907630522128e+01
1.455421686746987930e+01
1.459839357429718909e+01
1.342168674698795172e+01
1.510843373493975861e+01
1.494377510040160573e+01
1.756626506024096557e+01
1.673493975903614484e+01
1.297188755020080286e+01
1.085542168674698793e+01
1.438955823293172642e+01
1.009236947791164596e+01
1.355823293172690747e+01
1.305220883534136611e+01
1.538554216867469826e+01
2.017269076305220921e+01
1.314859437751004023e+01
1.478714859437750917e+01
1.634136546184738847e+01
1.453413654618473849e+01
1.076706827309237013e+01
1.228915662650602414e+01
1.249799196787148681e+01
1.078714859437750917e+01
1.508835341365461780e+01
1.435341365461847474e+01
1.398795180722891551e+01
1.112048192771084310e+01
1.417269076305220921e+01
1.493574297188754940e+01
1.325702811244979884e+01
1.305622489959839427e+01
1.234538152610441841e+01
1.523694779116465803e+01
1.101204819277108449e+01
1.482329317269076263e+01
1.604016064257028162e+01
1.070682730923694770e+01
1.464257028112449888e+01
1.352610441767068217e+01
2.061445783132529996e+01
1.044176706827309253e+01
1.242971887550200805e+01
1.800401606425702639e+01
1.244979919678714886e+01
1.424899598393574252e+01
1.225301204819277068e+01
1.388353413654618507e+01
1.166265060240963791e+01
1.739357429718875636e+01
1.495582329317269021e+01
1.534136546184739025e+01
1.015261044176706839e+01
1.243373493975903621e+01
1.390361445783132588e+01
1.421686746987951722e+01
1.371084337349397586e+01
1.495582329317269021e+01
1.407630522088353331e+01
1.464658634538152526e+01
1.380321285140562182e+01
1.427710843373493965e+01
1.279919678714859366e+01
1.755020080321285292e+01
1.689959839357429772e+01
1.845381526104417702e+01
1.284738955823293161e+01
1.398393574297188735e+01
1.432931726907630576e+01
1.432530120481927760e+01
1.412851405622489942e+01
1.703212851405622530e+01
1.367871485943775056e+01
1.346184738955823335e+01
1.304016064257028162e+01
1.342971887550200805e+01
1.278313253012048278e+01
1.132931726907630576e+01
1.387148594377510058e+01
1.246586345381526151e+01
1.285542168674698793e+01
2.405220883534136433e+01
1.110441767068273045e+01
1.179116465863453733e+01
1.371887550200803219e+01
1.514457831325301207e+01
2.218473895582329192e+01
1.276305220883534197e+01
1.232931726907630576e+01
1.287148594377510058e+01
1.222891566265060170e+01
1.470281124497991954e+01
1.328514056224899598e+01
1.520883534136546267e+01
1.564658634538152526e+01
2.528915662650602414e+01
1.506024096385542244e+01
1.752610441767068394e+01
1.285943775100401609e+01
1.212851405622489942e+01
1.456224899598393563e+01
1.219678714859437818e+01
1.528915662650602414e+01
1.478714859437750917e+01
1.398795180722891551e+01
1.556626506024096379e+01
1.964658634538152526e+01
1.406024096385542244e+01
1.198795180722891551e+01
1.424899598393574252e+01
1.788353413654618507e+01
1.568273092369477872e+01
1.802409638554216897e+01
1.221285140562249083e+01
1.253413654618473849e+01
1.850200803212851497e+01
1.356626506024096379e+01
1.103614457831325346e+01
1.373493975903614484e+01
1.496787148594377470e+01
1.190763052208835404e+01
1.547389558232931783e+01
1.033734939759036209e+01
1.348995983935743048e+01
1.316465863453815288e+01
1.445783132530120518e+01
1.252208835341365400e+01
1.584337349397590344e+01
1.328915662650602414e+01
1.411244979919678677e+01
9.963855421686746539e+00
1.136546184738955745e+01
1.445783132530120518e+01
1.432931726907630576e+01
1.394377510040160573e+01
1.234939759036144658e+01
1.114457831325301207e+01
1.728915662650602414e+01
1.607228915662650692e+01
1.336546184738955745e+01
1.886345381526104248e+01
1.206827309236947876e+01
1.164658634538152526e+01
1.505220883534136611e+01
1.407228915662650515e+01
1.906425702811245060e+01
1.044176706827309253e+01
1.307228915662650515e+01
1.633734939759036209e+01
1.426104417670682700e+01
2.915662650602409656e+01
2.364257028112449888e+01
1.036144578313252929e+01
1.648995983935742871e+01
1.691164658634538043e+01
1.168273092369477872e+01
1.632530120481927582e+01
1.465461847389558159e+01
1.517269076305220921e+01
1.424899598393574252e+01
1.291967871485943853e+01
1.234538152610441841e+01
1.497188755020080286e+01
1.534538152610441841e+01
1.783534136546184712e+01
1.566666666666666607e+01
1.714457831325301029e+01
1.504819277108433795e+01
1.339357429718875458e+01
1.009638554216867412e+01
1.605622489959839427e+01
1.265461847389558159e+01
1.683534136546184712e+01
1.097188755020080286e+01
1.359839357429718909e+01
1.616867469879517927e+01
1.264658634538152526e+01
1.609236947791164596e+01
1.220481927710843451e+01
1.336947791164658561e+01
1.520481927710843451e+01
1.425301204819277068e+01
1.414056224899598391e+01
1.631325301204819311e+01
1.336546184738955745e+01
1.179116465863453733e+01
1.290361445783132588e+01
1.284337349397590344e+01
1.519678714859437818e+01
1.071887550200803219e+01
1.466265060240963791e+01
9.742971887550201160e+00
1.472690763052208851e+01
1.304417670682730979e+01
1.098795180722891551e+01
1.186345381526104426e+01
1.686345381526104248e+01
1.106024096385542244e+01
1.346586345381526151e+01
1.374297188755020116e+01
1.240160642570281091e+01
1.596385542168674654e+01
1.526907630522088333e+01
1.292771084337349485e+01
1.332530120481927760e+01
1.626907630522088510e+01
1.447791164658634600e+01
1.625301204819277245e+01
1.012851405622489942e+01
1.727710843373494143e+01
1.776706827309237013e+01
1.510441767068273045e+01
1.476305220883534197e+01
1.335742971887550112e+01
1.153815261044176665e+01
1.510441767068273045e+01
1.723293172690762987e+01
1.377108433734939830e+01
1.562650602409638623e+01
1.371485943775100402e+01
1.259839357429718909e+01
1.380722891566264998e+01
1.145381526104417702e+01
1.161445783132530174e+01
1.187951807228915690e+01
1.179116465863453733e+01
1.231325301204819311e+01
1.618473895582329192e+01
1.272289156626506035e+01
2.079919678714859543e+01
1.160240963855421725e+01
1.160240963855421725e+01
1.373895582329317300e+01
1.297590361445783103e+01
1.579919678714859366e+01
1.167469879518072240e+01
1.179116465863453733e+01
1.642168674698795172e+01
1.208032128514056147e+01
1.542168674698795172e+01
1.515662650602409656e+01
1.421686746987951722e+01
1.287550200803212874e+01
1.202811244979919714e+01
1.457429718875502012e+01
1.106425702811245060e+01
1.263052208835341439e+01
1.646987951807228967e+01
1.559839357429718909e+01
1.350200803212851319e+01
1.240160642570281091e+01
1.352610441767068217e+01
1.421686746987951722e+01
1.427309236947791149e+01
1.327309236947791149e+01
1.447791164658634600e+01
2.028915662650602414e+01
1.617670682730923559e+01
1.622088353413654715e+01
1.589156626506024139e+01
1.222891566265060170e+01
1.517670682730923737e+01
1.232931726907630576e+01
1.779919678714859543e+01
1.376305220883534197e+01
1.168273092369477872e+01
1.247791164658634600e+01
2.415261044176706662e+01
1.118875502008032186e+01
1.104417670682730979e+01
1.077911646586345462e+01
1.750602409638554136e+01
1.467068273092369424e+01
1.198393574297188735e+01
1.265863453815260975e+01
1.304016064257028162e+01
1.361847389558232990e+01
1.070682730923694770e+01
1.539357429718875458e+01
1.605220883534136433e+01
1.165863453815260975e+01
1.421686746987951722e+01
1.410441767068273045e+01
1.324096385542168619e+01
1.473092369477911667e+01
1.789558232931726778e+01
1.312048192771084310e+01
2.767068273092369424e+01
1.345381526104417702e+01
1.586746987951807242e+01
1.434939759036144658e+01
1.514457831325301207e+01
1.232530120481927760e+01
1.263052208835341439e+01
1.118072289156626553e+01
1.353815261044176665e+01
1.559036144578313277e+01
1.382730923694779079e+01
1.344979919678714886e+01
1.354216867469879482e+01
1.006024096385542244e+01
1.576305220883534197e+01
1.255020080321285114e+01
1.546184738955823335e+01
1.248995983935743048e+01
1.309638554216867412e+01
1.148192771084337416e+01
1.268674698795180689e+01
1.304819277108433795e+01
1.222088353413654538e+01
1.174297188755020116e+01
1.689959839357429772e+01
1.154618473895582298e+01
1.544979919678714886e+01
1.595582329317269021e+01
1.561044176706827358e+01
1.620080321285140457e+01
1.627309236947791149e+01
1.416064257028112472e+01
1.766666666666666785e+01
1.432931726907630576e+01
1.079518072289156549e+01
1.454216867469879482e+01
1.329317269076305230e+01
1.320883534136546267e+01
1.898795180722891729e+01
1.562650602409638623e+01
1.450602409638554136e+01
1.222088353413654538e+01
1.500000000000000000e+01
1.795180722891566205e+01
1.323694779116465803e+01
1.162650602409638623e+01
1.483935742971887528e+01
1.236144578313252929e+01
1.607228915662650692e+01
1.208433734939758963e+01
2.291164658634538043e+01
1.407228915662650515e+01
1.340160642570281091e+01
1.334538152610441841e+01
1.437751004016064194e+01
1.255823293172690747e+01
1.147389558232931783e+01
1.695983935742971838e+01
1.461044176706827358e+01
1.237751004016064194e+01
1.207228915662650515e+01
1.777911646586345285e+01
1.563453815261044255e+01
1.400803212851405632e+01
1.546987951807228967e+01
1.162650602409638623e+01
1.347791164658634600e+01
1.930120481927710685e+01
1.477510040160642646e+01
2.088353413654618507e+01
1.652610441767068394e+01
1.507630522088353331e+01
1.575903614457831381e+01
1.430923694779116495e+01
1.362650602409638623e+01
1.232530120481927760e+01
1.561445783132530174e+01
1.441365461847389540e+01
1.237751004016064194e+01
1.642971887550200805e+01
1.444176706827309253e+01
1.034136546184739025e+01
1.376706827309237013e+01
1.510843373493975861e+01
1.597590361445783103e+01
1.482730923694779079e+01
1.340963855421686723e+01
1.415662650602409656e+01
1.169477911646586321e+01
1.560240963855421725e+01
1.642570281124498166e+01
1.206024096385542244e+01
1.649397590361445864e+01
1.071485943775100402e+01
1.179518072289156549e+01
1.268273092369477872e+01
1.008433734939758963e+01
1.151405622489959768e+01
1.404417670682730979e+01
1.707228915662650692e+01
1.370682730923694770e+01
1.567068273092369424e+01
1.069879518072289137e+01
1.530923694779116495e+01
1.575502008032128565e+01
1.370682730923694770e+01
1.495983935742971838e+01
1.273493975903614484e+01
1.945783132530120341e+01
1.346987951807228967e+01
1.379518072289156549e+01
1.372690763052208851e+01
1.049799196787148681e+01
1.106024096385542244e+01
1.118072289156626553e+01
1.634939759036144480e+01
1.234939759036144658e+01
1.153815261044176665e+01
1.293172690763052124e+01
1.887951807228915513e+01
2.000803212851405632e+01
1.743373493975903443e+01
1.178714859437750917e+01
1.250200803212851319e+01
1.702409638554216897e+01
1.323293172690762987e+01
1.564257028112449888e+01
9.815261044176706307e+00
1.342168674698795172e+01
1.154216867469879482e+01
1.579518072289156549e+01
1.621285140562249083e+01
1.726104417670682878e+01
1.157429718875502012e+01
1.219277108433735002e+01
1.168273092369477872e+01
1.543775100401606437e+01
1.258232931726907644e+01
1.216465863453815288e+01
1.417269076305220921e+01
1.626506024096385516e+01
1.391164658634538220e+01
1.177108433734939830e+01
9.903614457831325879e+00
1.545783132530120518e+01
1.195582329317269021e+01
1.305622489959839427e+01
1.634538152610441841e+01
1.272690763052208851e+01
1.146987951807228967e+01
1.463052208835341439e+01
1.590763052208835404e+01
1.573895582329317300e+01
1.418072289156626553e+01
1.325702811244979884e+01
1.165060240963855342e+01
1.423694779116465803e+01
1.302409638554216897e+01
1.206827309236947876e+01
1.173493975903614484e+01
1.943775100401606437e+01
1.576706827309237013e+01
1.432128514056224944e+01
1.558232931726907644e+01
1.307228915662650515e+01
1.769879518072289315e+01
1.973493975903614484e+01
1.308433734939758963e+01
1.402811244979919714e+01
1.604819277108433795e+01
1.090763052208835404e+01
1.265060240963855342e+01
1.584738955823293161e+01
1.349799196787148681e+01
1.267469879518072240e+01
1.521686746987951722e+01
1.827710843373494143e+01
1.684738955823293338e+01
1.646987951807228967e+01
1.291566265060241037e+01
1.244176706827309253e+01
1.661445783132529996e+01
1.255020080321285114e+01
1.128915662650602414e+01
1.511646586345381493e+01
1.755020080321285292e+01
1.440160642570281091e+01
1.416064257028112472e+01
1.475903614457831381e+01
1.173493975903614484e+01
1.502811244979919714e+01
1.725702811244979884e+01
1.758232931726907466e+01
1.608433734939758963e+01
1.206024096385542244e+01
1.460240963855421725e+01
1.355421686746987930e+01
1.427710843373493965e+01
1.763855421686746894e+01
1.429317269076305230e+01
1.312048192771084310e+01
1.383935742971887528e+01
1.133333333333333393e+01
1.583534136546184712e+01
1.260642570281124542e+01
1.383132530120481896e+01
1.075903614457831381e+01
1.318072289156626553e+01
1.266265060240963791e+01
1.316867469879518104e+01
1.648594377510040232e+01
1.446987951807228967e+01
1.758634538152610460e+01
1.196787148594377470e+01
1.345783132530120518e+01
1.359839357429718909e+01
1.347791164658634600e+01
1.444979919678714886e+01
1.190763052208835404e+01
1.255823293172690747e+01
1.494377510040160573e+01
1.356224899598393563e+01
1.742570281124498166e+01
1.506024096385542244e+01
1.612048192771084487e+01
1.300000000000000000e+01
1.391566265060241037e+01
1.517670682730923737e+01
1.114457831325301207e+01
1.171084337349397586e+01
1.357028112449799195e+01
1.487148594377510058e+01
1.432931726907630576e+01
1.616867469879517927e+01
1.648594377510040232e+01
1.722088353413654715e+01
1.470281124497991954e+01
1.545783132530120518e+01
1.198795180722891551e+01
1.173493975903614484e+01
1.194377510040160573e+01
1.489558232931726955e+01
1.530522088353413679e+01
2.390361445783132410e+01
1.544578313253012070e+01
1.690361445783132410e+01
1.531726907630522128e+01
1.246184738955823335e+01
1.209638554216867412e+01
1.330120481927710863e+01
1.054216867469879482e+01
1.274698795180722932e+01
1.354216867469879482e+01
1.307630522088353331e+01
1.093172690763052124e+01
1.451405622489959768e+01
1.377911646586345462e+01
1.060240963855421725e+01
1.534136546184739025e+01
1.203614457831325346e+01
1.469879518072289137e+01
1.712048192771084487e+01
1.217670682730923737e+01
1.547389558232931783e+01
1.795180722891566205e+01
9.514056224899597680e+00
1.482730923694779079e+01
1.361044176706827358e+01
1.744176706827309076e+01
1.787951807228915513e+01
1.406827309236947876e+01
1.418072289156626553e+01
1.574698795180722932e+01
2.287550200803212874e+01
1.669477911646586321e+01
1.215662650602409656e+01
1.616465863453815288e+01
1.411244979919678677e+01
1.771084337349397586e+01
1.439759036144578275e+01
1.465863453815260975e+01
1.333734939759036209e+01
1.110441767068273045e+01
1.273092369477911667e+01
1.071485943775100402e+01
1.524899598393574252e+01
1.441365461847389540e+01
1.632931726907630576e+01
1.345783132530120518e+01
1.537349397590361377e+01
1.123293172690762987e+01
1.285943775100401609e+01
1.264658634538152526e+01
2.378313253012048278e+01
1.478714859437750917e+01
1.479919678714859366e+01
1.620883534136546089e+01
1.179116465863453733e+01
2.078313253012048278e+01
1.090361445783132588e+01
1.269076305220883505e+01
1.145381526104417702e+01
1.832931726907630576e+01
1.559839357429718909e+01
1.145783132530120518e+01
1.582329317269076263e+01
1.369076305220883505e+01
1.768674698795180689e+01
1.336546184738955745e+01
1.174297188755020116e+01
1.218072289156626553e+01
1.718473895582329192e+01
1.566265060240963791e+01
1.599598393574297184e+01
1.084738955823293161e+01
1.548995983935743048e+01
1.378313253012048278e+01
1.387951807228915690e+01
1.110843373493975861e+01
1.628915662650602414e+01
1.734538152610441841e+01
1.702008032128513904e+01
1.503614457831325346e+01
1.145381526104417702e+01
1.252208835341365400e+01
1.092369477911646669e+01
1.449799196787148681e+01
1.298393574297188735e+01
1.539759036144578275e+01
1.273895582329317300e+01
1.362650602409638623e+01
1.148594377510040232e+01
1.230522088353413679e+01
1.720883534136546089e+01
1.731325301204819311e+01
1.418072289156626553e+01
1.154216867469879482e+01
1.350602409638554136e+01
1.577108433734939830e+01
1.067469879518072240e+01
1.617269076305220921e+01
1.194779116465863389e+01
1.379518072289156549e+01
1.774698795180722755e+01
1.587550200803212874e+01
1.167469879518072240e+01
1.136546184738955745e+01
1.481526104417670631e+01
1.123694779116465803e+01
1.145783132530120518e+01
1.216465863453815288e+01
1.361847389558232990e+01
1.437751004016064194e+01
1.337349397590361377e+01
2.196385542168674831e+01
1.075502008032128565e+01
1.628514056224899775e+01
1.785542168674698971e+01
1.518072289156626553e+01
1.136947791164658561e+01
1.462650602409638623e+01
1.451004016064256952e+01
1.392771084337349485e+01
1.024899598393574252e+01
1.324497991967871435e+01
1.039357429718875458e+01
1.433333333333333393e+01
1.260240963855421725e+01
1.092771084337349485e+01
1.362650602409638623e+01
1.201606425702811265e+01
1.480722891566264998e+01
1.247791164658634600e+01
1.733734939759036209e+01
1.096787148594377470e+01
1.545381526104417702e+01
2.326907630522088510e+01
1.636144578313253106e+01
1.265060240963855342e+01
1.483132530120481896e+01
1.293975903614457756e+01
1.416867469879518104e+01
1.482329317269076263e+01
1.143373493975903621e+01
1.441365461847389540e+01
1.363052208835341439e+01
1.175903614457831381e+01
1.442971887550200805e+01
1.468273092369477872e+01
1.106024096385542244e+01
1.199598393574297184e+01
1.015261044176706839e+01
1.368674698795180689e+01
1.818875502008032186e+01
1.357429718875502012e+01
1.232128514056224944e+01
1.177108433734939830e+01
1.020080321285140634e+01
1.018473895582329369e+01
1.595983935742971838e+01
1.308032128514056147e+01
1.387148594377510058e+01
1.295983935742971838e+01
1.596787148594377470e+01
1.316064257028112472e+01
1.805220883534136433e+01
1.207630522088353331e+01
1.248594377510040232e+01
1.128112449799196781e+01
1.400401606425702816e+01
1.428915662650602414e+01
1.259437751004016093e+01
1.457831325301204828e+01
1.620481927710843451e+01
2.142570281124498166e+01
1.338152610441767010e+01
1.361847389558232990e+01
1.488755020080321323e+01
1.387951807228915690e+01
1.261847389558232990e+01
1.342570281124497988e+01
1.447791164658634600e+01
1.531325301204819311e+01
1.070682730923694770e+01
1.495983935742971838e+01
1.365863453815260975e+01
1.238152610441767010e+01
1.077911646586345462e+01
1.533734939759036209e+01
1.322891566265060170e+01
1.502008032128514081e+01
1.308835341365461780e+01
1.163855421686747071e+01
1.526907630522088333e+01
1.444979919678714886e+01
1.238152610441767010e+01
1.135341365461847474e+01
1.389959839357429772e+01
1.809236947791164596e+01
1.359839357429718909e+01
1.349397590361445864e+01
1.468273092369477872e+01
2.044578313253012070e+01
1.418072289156626553e+01
1.053413654618473849e+01
1.346586345381526151e+01
1.561445783132530174e+01
1.548594377510040232e+01
1.428915662650602414e+01
2.108032128514056325e+01
1.005622489959839427e+01
1.318072289156626553e+01
9.759036144578313809e+00
1.657831325301204828e+01
1.625702811244979884e+01
1.522891566265060170e+01
1.498393574297188735e+01
1.539357429718875458e+01
1.250200803212851319e+01
1.444979919678714886e+01
1.450602409638554136e+01
1.683935742971887706e+01
1.324899598393574252e+01
1.795180722891566205e+01
1.106827309236947876e+01
1.620080321285140457e+01
1.437751004016064194e+01
1.797590361445783103e+01
1.072690763052208851e+01
1.232128514056224944e+01
1.483132530120481896e+01
1.351405622489959768e+01
1.461044176706827358e+01
1.658634538152610460e+01
1.241365461847389540e+01
1.403614457831325346e+01
1.498393574297188735e+01
1.512449799196787126e+01
1.368273092369477872e+01
1.234939759036144658e+01
1.929317269076305053e+01
1.250200803212851319e+01
1.315662650602409656e+01
1.539759036144578275e+01
1.281526104417670631e+01
1.444979919678714886e+01
1.590763052208835404e+01
1.472289156626506035e+01
1.259437751004016093e+01
1.370281124497991954e+01
1.429317269076305230e+01
1.171084337349397586e+01
1.380722891566264998e+01
1.299196787148594368e+01
1.526506024096385516e+01
1.199598393574297184e+01
1.468674698795180689e+01
1.654216867469879659e+01
1.510040160642570228e+01
1.493172690763052124e+01
1.140160642570281091e+01
1.318875502008032186e+01
1.189558232931726955e+01
1.442168674698795172e+01
1.479116465863453733e+01
1.161044176706827358e+01
1.509236947791164596e+01
1.187550200803212874e+01
1.348995983935743048e+01
1.675100401606425748e+01
1.119678714859437818e+01
1.244176706827309253e+01
1.474297188755020116e+01
1.048995983935743048e+01
1.199196787148594368e+01
1.519678714859437818e+01
1.415662650602409656e+01
1.353815261044176665e+01
1.429317269076305230e+01
1.851004016064257129e+01
1.779116465863453911e+01
1.948995983935742871e+01
1.822489959839357354e+01
1.345783132530120518e+01
1.354618473895582298e+01
1.677108433734939652e+01
1.128514056224899598e+01
1.347389558232931783e+01
1.078313253012048278e+01
1.273092369477911667e+01
1.202811244979919714e+01
9.722891566265060348e+00
1.278714859437750917e+01
1.026506024096385516e+01
1.475100401606425748e+01
1.326104417670682700e+01
1.440562248995983907e+01
1.342570281124497988e+01
1.625301204819277245e+01
1.218473895582329369e+01
1.429718875502008046e+01
1.204819277108433795e+01
1.527309236947791149e+01
2.100803212851405632e+01
1.831325301204819311e+01
1.621285140562249083e+01
1.802409638554216897e+01
1.675502008032128387e+01
1.686746987951807242e+01
1.636144578313253106e+01
1.287951807228915690e+01
1.714457831325301029e+01
1.423293172690762987e+01
1.375502008032128565e+01
1.296385542168674654e+01
1.312048192771084310e+01
1.526104417670682700e+01
1.351807228915662584e+01
1.375100401606425748e+01
1.284738955823293161e+01
1.371887550200803219e+01
1.751807228915662762e+01
1.474297188755020116e+01
1.424899598393574252e+01
1.262650602409638623e+01
1.168273092369477872e+01
1.420883534136546267e+01
1.456626506024096379e+01
1.591967871485943853e+01
1.234939759036144658e+01
1.381526104417670631e+01
1.305220883534136611e+01
2.095180722891566205e+01
1.406024096385542244e+01
1.085542168674698793e+01
1.400401606425702816e+01
1.425702811244979884e+01
1.877510040160642646e+01
1.211646586345381493e+01
1.406024096385542244e+01
1.370682730923694770e+01
1.122489959839357354e+01
1.566265060240963791e+01
1.244979919678714886e+01
1.634136546184738847e+01
1.373493975903614484e+01
1.395983935742971838e+01
1.001204819277108449e+01
1.431325301204819311e+01
1.744176706827309076e+01
1.252208835341365400e+01
1.260642570281124542e+01
1.332128514056224944e+01
1.269076305220883505e+01
1.588353413654618507e+01
1.797188755020080464e+01
1.313253012048192758e+01
1.789959839357429772e+01
1.242168674698795172e+01
1.565863453815260975e+01
1.340963855421686723e+01
1.843775100401606437e+01
1.513253012048192758e+01
1.173493975903614484e+01
1.413253012048192758e+01
1.123293172690762987e+01
1.273092369477911667e+01
1.294377510040160573e+01
9.955823293172690214e+00
1.442168674698795172e+01
1.119277108433735002e+01
1.303212851405622530e+01
1.279919678714859366e+01
1.437751004016064194e+01
1.257028112449799195e+01
1.734939759036144480e+01
1.506024096385542244e+01
1.267469879518072240e+01
1.814056224899598391e+01
1.275100401606425748e+01
1.232931726907630576e+01
1.143775100401606437e+01
1.139357429718875458e+01
1.361044176706827358e+01
1.087550200803212874e+01
1.146987951807228967e+01
1.180321285140562182e+01
1.369076305220883505e+01
1.353413654618473849e+01
1.133333333333333393e+01
1.104819277108433795e+01
1.540562248995983907e+01
1.213654618473895574e+01
1.646586345381525973e+01
1.330522088353413679e+01
1.447389558232931783e+01
1.291566265060241037e+01
1.244979919678714886e+01
1.019277108433735002e+01
1.422088353413654538e+01
1.323694779116465803e+01
1.407228915662650515e+01
1.389959839357429772e+01
1.461847389558232990e+01
1.260642570281124542e+01
1.407630522088353331e+01
1.587148594377510058e+01
1.908032128514056325e+01
1.240562248995983907e+01
1.779919678714859543e+01
1.755421686746987930e+01
1.390763052208835404e+01
2.099598393574297361e+01
1.534538152610441841e+01
1.906425702811245060e+01
1.351807228915662584e+01
1.328915662650602414e+01
2.144176706827309076e+01
1.711244979919678855e+01
1.489959839357429772e+01
2.022891566265060348e+01
1.442168674698795172e+01
1.712851405622490120e+01
1.661847389558232990e+01
1.530923694779116495e+01
1.225702811244979884e+01
1.185140562248995977e+01
1.137751004016064194e+01
1.397991967871485919e+01
1.160642570281124542e+01
1.265060240963855342e+01
1.908835341365461957e+01
1.406827309236947876e+01
1.089558232931726955e+01
1.810843373493975861e+01
1.739759036144578275e+01
1.390361445783132588e+01
1.431325301204819311e+01
1.190361445783132588e+01
1.340160642570281091e+01
1.839357429718875636e+01
2.522088353413654715e+01
1.374297188755020116e+01
1.386345381526104426e+01
1.419678714859437818e+01
1.014859437751004023e+01
1.295983935742971838e+01
1.404016064257028162e+01
1.234939759036144658e+01
9.991967871485943675e+00
1.486746987951807242e+01
1.713253012048192758e+01
1.375502008032128565e+01
1.722891566265060348e+01
1.159839357429718909e+01
9.831325301204818956e+00
1.330522088353413679e+01
1.667469879518072418e+01
1.324096385542168619e+01
1.506425702811245060e+01
1.116064257028112472e+01
1.855421686746987930e+01
1.342971887550200805e+01
1.461847389558232990e+01
1.378714859437750917e+01
1.441767068273092356e+01
1.369076305220883505e+01
1.333333333333333393e+01
1.197188755020080286e+01
1.252610441767068217e+01
1.441767068273092356e+01
1.231325301204819311e+01
1.220080321285140634e+01
1.246184738955823335e+01
1.905220883534136433e+01
1.695582329317269199e+01
1.646184738955823335e+01
1.361445783132530174e+01
1.328915662650602414e+01
1.475502008032128565e+01
1.476305220883534197e+01
1.711646586345381493e+01
1.392369477911646669e+01
1.739759036144578275e+01
1.639357429718875636e+01
1.311244979919678677e+01
1.188755020080321323e+01
1.246586345381526151e+01
1.448995983935743048e+01
1.020883534136546267e+01
1.328112449799196781e+01
1.414056224899598391e+01
1.629317269076305053e+01
1.189959839357429772e+01
1.665863453815261153e+01
1.358634538152610460e+01
1.171084337349397586e+01
1.006024096385542244e+01
1.434939759036144658e+01
1.655421686746987930e+01
1.771084337349397586e+01
1.345783132530120518e+01
1.253012048192771033e+01
9.742971887550201160e+00
1.339759036144578275e+01
1.228112449799196781e+01
1.290763052208835404e+01
2.043775100401606437e+01
1.325702811244979884e+01
1.364658634538152526e+01
1.373493975903614484e+01
1.294377510040160573e+01
1.667871485943775056e+01
1.431325301204819311e+01
1.347791164658634600e+01
1.532931726907630576e+01
1.351004016064256952e+01
1.348995983935743048e+01
1.336947791164658561e+01
1.286746987951807242e+01
1.438152610441767010e+01
1.239357429718875458e+01
1.699598393574297361e+01
1.246987951807228967e+01
1.465461847389558159e+01
1.677108433734939652e+01
1.411244979919678677e+01
1.699598393574297361e+01
2.222088353413654715e+01
1.818072289156626553e+01
1.500401606425702816e+01
1.315662650602409656e+01
1.640160642570281269e+01
1.485943775100401609e+01
1.563453815261044255e+01
1.238955823293172642e+01
1.642168674698795172e+01
1.306425702811245060e+01
1.613654618473895752e+01
1.399598393574297184e+01
1.642971887550200805e+01
1.117670682730923737e+01
1.645783132530120341e+01
1.203614457831325346e+01
1.244979919678714886e+01
1.110040160642570228e+01
1.683132530120482073e+01
1.217269076305220921e+01
1.244578313253012070e+01
1.302008032128514081e+01
1.061044176706827358e+01
1.369477911646586321e+01
1.430120481927710863e+01
1.712048192771084487e+01
1.214859437751004023e+01
1.696787148594377470e+01
1.461044176706827358e+01
1.467068273092369424e+01
1.344979919678714886e+01
1.586345381526104426e+01
1.235341365461847474e+01
1.293574297188754940e+01
1.401204819277108449e+01
1.894779116465863567e+01
1.783132530120482073e+01
1.831726907630521950e+01
1.407630522088353331e+01
1.454216867469879482e+01
1.661847389558232990e+01
1.497991967871485919e+01
1.469076305220883505e+01
1.386345381526104426e+01
1.567871485943775056e+01
2.217670682730923559e+01
1.838554216867470004e+01
1.613253012048192758e+01
1.241767068273092356e+01
1.734136546184738847e+01
1.894779116465863567e+01
1.270281124497991954e+01
1.342971887550200805e+01
1.237751004016064194e+01
1.611646586345381493e+01
1.547389558232931783e+01
1.650602409638554136e+01
1.231726907630522128e+01
1.574698795180722932e+01
1.483935742971887528e+01
1.390763052208835404e+01
1.593172690763052124e+01
1.480321285140562182e+01
1.108032128514056147e+01
1.534939759036144658e+01
1.367469879518072240e+01
1.252208835341365400e+01
1.291566265060241037e+01
1.486746987951807242e+01
1.313253012048192758e+01
1.208032128514056147e+01
1.202008032128514081e+01
1.298795180722891551e+01
2.075903614457831381e+01
1.773493975903614484e+01
1.593975903614457756e+01
1.323293172690762987e+01
1.595983935742971838e+01
1.565060240963855342e+01
1.279919678714859366e+01
1.424497991967871435e+01
1.210441767068273045e+01
1.302409638554216897e+01
1.379919678714859366e+01
1.524899598393574252e+01
1.327710843373493965e+01
1.294779116465863389e+01
1.592369477911646669e+01
1.103614457831325346e+01
1.304417670682730979e+01
1.487148594377510058e+01
1.409638554216867412e+01
1.277108433734939830e+01
1.872289156626505857e+01
1.035742971887550112e+01
1.271887550200803219e+01
1.461044176706827358e+01
1.987148594377509880e+01
2.060240963855421725e+01
1.470281124497991954e+01
1.272690763052208851e+01
1.356224899598393563e+01
1.303614457831325346e+01
1.144176706827309253e+01
1.989558232931726778e+01
1.314859437751004023e+01
1.304016064257028162e+01
9.935742971887549402e+00
1.279518072289156549e+01
1.204417670682730979e+01
1.229718875502008046e+01
9.104417670682730446e+00
1.141365461847389540e+01
1.180321285140562182e+01
1.432931726907630576e+01
1.120080321285140634e+01
1.038152610441767010e+01
1.600803212851405632e+01
1.495180722891566205e+01
1.306425702811245060e+01
1.041767068273092356e+01
1.394377510040160573e+01
1.709638554216867590e+01
1.916465863453815288e+01
1.489959839357429772e+01
1.395180722891566205e+01
1.347791164658634600e+01
1.914056224899598391e+01
2.228915662650602414e+01
1.277108433734939830e+01
9.983935742971887350e+00
1.164658634538152526e+01
1.515662650602409656e+01
1.365461847389558159e+01
1.224096385542168619e+01
1.312449799196787126e+01
1.528112449799196781e+01
1.600803212851405632e+01
1.627710843373494143e+01
1.373895582329317300e+01
1.367871485943775056e+01
1.706827309236947698e+01
1.113654618473895574e+01
1.481526104417670631e+01
1.258634538152610460e+01
1.409236947791164596e+01
1.742971887550200805e+01
1.280722891566264998e+01
1.435742971887550112e+01
1.336546184738955745e+01
1.747389558232931606e+01
1.511244979919678677e+01
1.575100401606425748e+01
1.372289156626506035e+01
1.489558232931726955e+01
1.189156626506024139e+01
1.320481927710843451e+01
1.764658634538152526e+01
1.571485943775100402e+01
1.572690763052208851e+01
1.840160642570281269e+01
1.404016064257028162e+01
1.399598393574297184e+01
1.398393574297188735e+01
1.187550200803212874e+01
1.321285140562249083e+01
1.662248995983935629e+01
1.733734939759036209e+01
1.380722891566264998e+01
1.079518072289156549e+01
1.298795180722891551e+01
1.340160642570281091e+01
1.179919678714859366e+01
1.623694779116465980e+01
1.239759036144578275e+01
2.050602409638554136e+01
1.144578313253012070e+01
1.065461847389558159e+01
1.409638554216867412e+01
1.400401606425702816e+01
1.122891566265060170e+01
1.335742971887550112e+01
1.438554216867469826e+01
1.279919678714859366e+01
1.268273092369477872e+01
1.329317269076305230e+01
1.409236947791164596e+01
1.202409638554216897e+01
1.297991967871485919e+01
1.117670682730923737e+01
1.180321285140562182e+01
1.259437751004016093e+01
1.502409638554216897e+01
1.417670682730923737e+01
1.592369477911646669e+01
1.418473895582329369e+01
1.025702811244979884e+01
1.529317269076305230e+01
1.891967871485943675e+01
1.155020080321285114e+01
2.159839357429718731e+01
1.851004016064257129e+01
1.752208835341365400e+01
1.262650602409638623e+01
1.435341365461847474e+01
1.108433734939758963e+01
1.299196787148594368e+01
1.450602409638554136e+01
1.503212851405622530e+01
1.404417670682730979e+01
1.205622489959839427e+01
