1.004819277108433795e+01
1.148192771084337416e+01
1.221285140562249083e+01
1.582730923694779079e+01
1.119678714859437818e+01
9.012048192771084487e+00
1.252610441767068217e+01
1.039357429718875458e+01
1.166666666666666607e+01
1.259036144578313277e+01
1.087550200803212874e+01
1.034136546184739025e+01
1.084738955823293161e+01
9.493975903614458645e+00
1.229718875502008046e+01
1.048594377510040232e+01
1.357429718875502012e+01
1.222489959839357354e+01
1.057028112449799195e+01
1.161847389558232990e+01
1.352208835341365400e+01
9.489959839357430482e+00
1.186746987951807242e+01
9.000000000000000000e+00
1.218875502008032186e+01
1.076305220883534197e+01
1.038152610441767010e+01
1.519678714859437818e+01
9.052208835341366111e+00
1.209236947791164596e+01
1.173493975903614484e+01
1.157831325301204828e+01
1.139759036144578275e+01
1.153815261044176665e+01
1.383132530120481896e+01
1.544979919678714886e+01
1.236144578313252929e+01
1.795582329317269199e+01
9.626506024096386227e+00
1.133333333333333393e+01
8.614457831325301740e+00
1.013654618473895574e+01
9.963855421686746539e+00
1.250200803212851319e+01
1.101204819277108449e+01
1.160240963855421725e+01
9.072289156626505147e+00
1.389558232931726955e+01
1.036546184738955745e+01
1.046184738955823335e+01
1.193172690763052124e+01
9.293172690763052302e+00
8.698795180722891374e+00
9.851405622489959768e+00
1.392369477911646669e+01
1.238955823293172642e+01
1.108433734939758963e+01
9.248995983935742515e+00
9.558232931726907466e+00
1.406827309236947876e+01
7.783132530120481896e+00
1.208032128514056147e+01
9.064257028112450598e+00
1.151004016064256952e+01
9.646586345381525263e+00
1.213253012048192758e+01
1.005622489959839427e+01
1.223293172690762987e+01
1.248995983935743048e+01
1.057831325301204828e+01
1.056626506024096379e+01
9.714859437751004023e+00
1.161847389558232990e+01
1.194377510040160573e+01
9.951807228915662051e+00
1.581526104417670631e+01
8.638554216867470714e+00
9.437751004016064371e+00
9.413654618473895397e+00
1.008835341365461780e+01
1.014859437751004023e+01
9.365461847389557448e+00
1.204819277108433795e+01
9.562248995983935629e+00
8.698795180722891374e+00
1.126506024096385516e+01
1.255020080321285114e+01
8.775100401606426459e+00
1.020080321285140634e+01
9.417670682730923559e+00
1.014056224899598391e+01
1.012048192771084310e+01
1.236947791164658561e+01
9.257028112449798840e+00
1.141365461847389540e+01
1.320883534136546267e+01
1.124497991967871435e+01
1.376305220883534197e+01
9.044176706827309786e+00
1.291164658634538220e+01
1.221285140562249083e+01
8.465863453815261508e+00
8.803212851405621819e+00
1.201204819277108449e+01
9.706827309236947698e+00
1.047389558232931783e+01
1.213654618473895574e+01
1.215662650602409656e+01
1.244578313253012070e+01
1.159036144578313277e+01
9.847389558232931606e+00
1.020080321285140634e+01
1.350602409638554136e+01
1.110441767068273045e+01
1.423293172690762987e+01
9.389558232931726423e+00
9.000000000000000000e+00
9.738955823293172998e+00
1.291967871485943853e+01
1.177911646586345462e+01
1.010843373493975861e+01
8.538152610441766655e+00
1.312449799196787126e+01
1.601204819277108271e+01
1.477510040160642646e+01
9.477911646586345995e+00
1.008433734939758963e+01
1.080722891566264998e+01
9.212851405622490830e+00
1.097590361445783103e+01
1.062248995983935806e+01
1.189558232931726955e+01
1.026506024096385516e+01
1.379116465863453733e+01
1.115261044176706839e+01
1.085140562248995977e+01
1.017269076305220921e+01
1.237751004016064194e+01
1.370682730923694770e+01
1.197991967871485919e+01
1.113654618473895574e+01
1.065060240963855342e+01
8.783132530120482784e+00
1.349799196787148681e+01
9.751004016064257485e+00
1.231325301204819311e+01
1.065461847389558159e+01
8.871485943775100580e+00
8.373493975903613773e+00
1.214859437751004023e+01
1.052610441767068217e+01
9.963855421686746539e+00
1.102811244979919714e+01
1.081927710843373447e+01
1.286746987951807242e+01
1.266265060240963791e+01
9.815261044176706307e+00
1.258634538152610460e+01
9.172690763052209206e+00
1.112851405622489942e+01
1.242570281124497988e+01
1.177510040160642646e+01
6.654618473895582476e+00
1.142570281124497988e+01
1.270281124497991954e+01
1.410843373493975861e+01
1.328514056224899598e+01
1.163453815261044255e+01
8.108433734939758608e+00
9.228915662650601703e+00
9.835341365461847118e+00
1.082730923694779079e+01
1.144979919678714886e+01
1.316064257028112472e+01
1.121285140562249083e+01
9.168674698795181044e+00
1.257429718875502012e+01
1.232530120481927760e+01
1.056626506024096379e+01
9.305220883534136789e+00
1.453012048192771033e+01
1.136546184738955745e+01
1.541767068273092356e+01
1.149397590361445864e+01
1.321285140562249083e+01
1.531726907630522128e+01
1.030923694779116495e+01
1.104819277108433795e+01
1.280321285140562182e+01
1.103614457831325346e+01
9.819277108433734469e+00
1.286345381526104426e+01
1.021686746987951722e+01
1.434939759036144658e+01
1.049799196787148681e+01
9.702811244979919536e+00
9.293172690763052302e+00
9.658634538152609750e+00
9.389558232931726423e+00
1.094377510040160573e+01
1.109638554216867412e+01
8.598393574297189090e+00
1.509236947791164596e+01
1.367469879518072240e+01
1.032530120481927760e+01
8.767068273092370134e+00
1.136144578313252929e+01
1.159839357429718909e+01
1.130120481927710863e+01
1.062248995983935806e+01
8.847389558232931606e+00
1.076706827309237013e+01
1.197991967871485919e+01
1.058634538152610460e+01
8.734939759036144835e+00
9.915662650602410366e+00
1.408835341365461780e+01
1.152610441767068217e+01
9.650602409638553425e+00
1.225702811244979884e+01
1.065863453815260975e+01
1.320080321285140634e+01
9.911646586345382204e+00
1.201606425702811265e+01
1.035742971887550112e+01
8.791164658634537332e+00
1.179919678714859366e+01
1.220481927710843451e+01
9.301204819277108626e+00
9.586345381526104603e+00
1.238152610441767010e+01
1.232530120481927760e+01
7.526104417670683056e+00
1.341767068273092356e+01
9.457831325301205183e+00
8.971887550200802863e+00
1.120481927710843451e+01
1.040963855421686723e+01
9.353413654618474737e+00
1.576706827309237013e+01
1.115261044176706839e+01
1.112851405622489942e+01
1.022489959839357354e+01
1.231325301204819311e+01
1.269477911646586321e+01
1.185542168674698793e+01
8.843373493975903443e+00
8.586345381526104603e+00
1.128112449799196781e+01
1.155823293172690747e+01
1.210441767068273045e+01
1.229718875502008046e+01
8.714859437751004023e+00
1.261044176706827358e+01
1.296787148594377470e+01
8.927710843373494853e+00
9.827309236947790794e+00
1.131726907630522128e+01
1.099196787148594368e+01
1.006024096385542244e+01
1.085943775100401609e+01
1.017269076305220921e+01
1.130522088353413679e+01
9.927710843373494853e+00
9.682730923694778724e+00
9.831325301204818956e+00
1.197590361445783103e+01
1.227710843373493965e+01
1.072289156626506035e+01
1.163453815261044255e+01
9.622489959839358065e+00
1.094377510040160573e+01
9.164658634538152882e+00
1.111646586345381493e+01
8.771084337349398297e+00
1.310040160642570228e+01
1.028915662650602414e+01
1.331726907630522128e+01
1.044979919678714886e+01
8.734939759036144835e+00
1.000000000000000000e+01
1.053012048192771033e+01
9.220883534136545379e+00
1.163052208835341439e+01
1.016867469879518104e+01
9.907630522088354041e+00
1.362248995983935806e+01
1.487550200803212874e+01
1.294377510040160573e+01
1.135341365461847474e+01
1.214859437751004023e+01
9.662650602409637912e+00
9.799196787148593657e+00
9.168674698795181044e+00
1.095180722891566205e+01
1.086345381526104426e+01
7.751004016064256597e+00
1.345381526104417702e+01
9.534136546184738492e+00
9.594377510040160928e+00
1.511646586345381493e+01
1.175502008032128565e+01
1.056626506024096379e+01
8.895582329317269554e+00
1.267469879518072240e+01
1.102008032128514081e+01
7.983935742971887350e+00
9.935742971887549402e+00
9.538152610441766655e+00
1.204016064257028162e+01
1.401204819277108449e+01
1.025702811244979884e+01
1.217269076305220921e+01
1.160240963855421725e+01
1.231726907630522128e+01
9.357429718875501123e+00
1.179116465863453733e+01
1.212449799196787126e+01
1.332128514056224944e+01
1.404016064257028162e+01
1.146184738955823335e+01
1.030120481927710863e+01
1.259839357429718909e+01
1.000803212851405632e+01
1.148192771084337416e+01
8.441767068273092534e+00
1.304417670682730979e+01
1.153815261044176665e+01
1.098393574297188735e+01
1.457028112449799195e+01
1.021285140562249083e+01
1.179116465863453733e+01
1.156626506024096379e+01
1.119277108433735002e+01
9.461847389558233345e+00
9.550200803212851142e+00
1.312449799196787126e+01
1.277510040160642646e+01
1.149397590361445864e+01
1.169477911646586321e+01
1.285140562248995977e+01
1.171887550200803219e+01
1.263855421686747071e+01
9.325301204819277601e+00
1.086746987951807242e+01
1.120481927710843451e+01
1.180321285140562182e+01
9.955823293172690214e+00
1.071084337349397586e+01
8.839357429718875281e+00
1.071887550200803219e+01
1.218473895582329369e+01
1.074698795180722932e+01
9.751004016064257485e+00
9.064257028112450598e+00
1.308032128514056147e+01
1.032128514056224944e+01
7.943775100401606615e+00
1.018473895582329369e+01
1.274297188755020116e+01
1.045783132530120518e+01
9.843373493975903443e+00
1.090361445783132588e+01
1.282730923694779079e+01
9.506024096385541355e+00
9.445783132530120696e+00
1.098795180722891551e+01
9.100401606425702283e+00
1.241767068273092356e+01
1.052208835341365400e+01
1.245783132530120518e+01
1.012851405622489942e+01
1.201204819277108449e+01
1.446586345381526151e+01
1.153815261044176665e+01
9.236947791164658028e+00
1.301204819277108449e+01
1.632931726907630576e+01
1.138152610441767010e+01
1.014859437751004023e+01
1.157429718875502012e+01
1.159036144578313277e+01
9.987951807228915513e+00
1.194377510040160573e+01
1.289959839357429772e+01
1.203212851405622530e+01
1.022088353413654538e+01
1.086345381526104426e+01
1.244176706827309253e+01
9.445783132530120696e+00
1.090763052208835404e+01
1.110843373493975861e+01
9.574297188755020116e+00
1.417670682730923737e+01
1.016465863453815288e+01
1.183534136546184712e+01
1.094779116465863389e+01
9.907630522088354041e+00
1.662650602409638623e+01
1.024497991967871435e+01
1.059437751004016093e+01
1.246184738955823335e+01
1.617670682730923559e+01
1.516867469879518104e+01
1.074698795180722932e+01
1.344176706827309253e+01
1.087951807228915690e+01
1.349397590361445864e+01
1.290361445783132588e+01
1.178313253012048278e+01
8.437751004016064371e+00
1.053413654618473849e+01
1.314457831325301207e+01
1.212851405622489942e+01
1.128112449799196781e+01
1.453413654618473849e+01
8.811244979919678144e+00
1.326104417670682700e+01
1.201204819277108449e+01
1.177108433734939830e+01
9.586345381526104603e+00
1.162248995983935806e+01
1.032128514056224944e+01
1.128112449799196781e+01
1.211646586345381493e+01
2.427309236947791149e+01
1.216064257028112472e+01
1.045783132530120518e+01
9.746987951807229322e+00
1.148594377510040232e+01
1.030923694779116495e+01
1.034939759036144658e+01
1.380321285140562182e+01
1.140963855421686723e+01
1.246184738955823335e+01
1.026506024096385516e+01
1.109638554216867412e+01
1.109638554216867412e+01
1.417269076305220921e+01
9.730923694779116673e+00
7.867469879518072418e+00
8.843373493975903443e+00
1.549799196787148681e+01
1.065863453815260975e+01
1.075100401606425748e+01
1.273895582329317300e+01
1.347791164658634600e+01
1.150602409638554136e+01
1.117670682730923737e+01
1.225301204819277068e+01
1.208032128514056147e+01
1.112449799196787126e+01
9.489959839357430482e+00
8.654618473895581587e+00
1.096385542168674654e+01
9.642570281124498877e+00
9.803212851405621819e+00
1.393975903614457756e+01
1.440160642570281091e+01
1.310441767068273045e+01
1.163052208835341439e+01
1.006024096385542244e+01
1.457429718875502012e+01
8.337349397590362088e+00
1.375502008032128565e+01
1.244578313253012070e+01
8.678714859437750562e+00
1.071887550200803219e+01
1.240160642570281091e+01
1.105622489959839427e+01
1.293574297188754940e+01
1.010843373493975861e+01
1.507228915662650515e+01
1.214056224899598391e+01
1.280722891566264998e+01
1.129718875502008046e+01
1.258232931726907644e+01
8.771084337349398297e+00
1.192369477911646669e+01
1.293574297188754940e+01
1.110040160642570228e+01
1.126907630522088333e+01
1.289959839357429772e+01
1.100000000000000000e+01
9.895582329317269554e+00
1.106024096385542244e+01
1.581124497991967814e+01
1.062650602409638623e+01
9.855421686746987930e+00
9.273092369477911490e+00
9.654618473895581587e+00
1.008032128514056147e+01
1.098795180722891551e+01
1.153413654618473849e+01
1.315261044176706839e+01
1.087550200803212874e+01
1.242971887550200805e+01
9.116465863453814933e+00
9.987951807228915513e+00
9.642570281124498877e+00
1.109638554216867412e+01
1.147791164658634600e+01
1.448594377510040232e+01
1.163855421686747071e+01
8.578313253012048278e+00
1.218875502008032186e+01
9.176706827309237369e+00
1.091967871485943853e+01
1.353815261044176665e+01
1.212048192771084310e+01
1.142168674698795172e+01
1.112048192771084310e+01
1.077108433734939830e+01
1.351807228915662584e+01
1.018875502008032186e+01
1.660642570281124364e+01
1.410843373493975861e+01
1.297991967871485919e+01
1.053012048192771033e+01
1.209236947791164596e+01
8.967871485943774701e+00
1.078714859437750917e+01
9.301204819277108626e+00
9.598393574297189090e+00
1.175903614457831381e+01
1.350200803212851319e+01
1.093574297188754940e+01
1.020883534136546267e+01
8.887550200803213230e+00
1.067469879518072240e+01
9.566265060240963791e+00
1.155421686746987930e+01
1.429317269076305230e+01
1.073895582329317300e+01
9.441767068273092534e+00
1.316867469879518104e+01
8.421686746987951722e+00
8.606425702811245415e+00
1.278313253012048278e+01
9.602409638554217253e+00
1.279919678714859366e+01
1.562650602409638623e+01
1.217670682730923737e+01
1.211244979919678677e+01
1.075903614457831381e+01
1.077911646586345462e+01
1.187148594377510058e+01
1.527710843373493965e+01
9.317269076305221276e+00
1.115261044176706839e+01
1.176706827309237013e+01
9.321285140562249438e+00
1.079518072289156549e+01
1.063855421686747071e+01
1.171084337349397586e+01
1.069477911646586321e+01
1.057831325301204828e+01
1.399196787148594368e+01
1.022088353413654538e+01
1.117670682730923737e+01
1.046586345381526151e+01
1.161445783132530174e+01
1.245783132530120518e+01
8.602409638554217253e+00
1.114056224899598391e+01
1.009236947791164596e+01
1.018072289156626553e+01
1.366666666666666607e+01
1.555421686746987930e+01
9.385542168674698260e+00
9.453815261044177021e+00
1.577510040160642646e+01
1.115662650602409656e+01
1.008433734939758963e+01
8.313253012048193114e+00
1.038152610441767010e+01
1.035742971887550112e+01
9.835341365461847118e+00
1.110441767068273045e+01
8.919678714859438529e+00
1.039759036144578275e+01
9.851405622489959768e+00
9.429718875502008046e+00
1.298795180722891551e+01
8.489959839357430482e+00
7.493975903614457756e+00
1.112048192771084310e+01
1.148594377510040232e+01
1.131325301204819311e+01
1.018072289156626553e+01
8.995983935742971838e+00
8.586345381526104603e+00
1.119678714859437818e+01
1.092369477911646669e+01
1.342570281124497988e+01
1.104417670682730979e+01
1.017670682730923737e+01
1.514056224899598391e+01
1.341767068273092356e+01
1.407630522088353331e+01
1.117269076305220921e+01
1.687951807228915513e+01
1.043373493975903621e+01
1.140160642570281091e+01
1.206425702811245060e+01
1.386746987951807242e+01
1.261847389558232990e+01
1.195983935742971838e+01
1.187550200803212874e+01
1.053413654618473849e+01
1.387148594377510058e+01
1.808433734939758963e+01
8.473895582329317833e+00
1.007630522088353331e+01
1.309236947791164596e+01
1.111646586345381493e+01
1.010040160642570228e+01
1.078714859437750917e+01
1.214859437751004023e+01
1.709638554216867590e+01
1.283132530120481896e+01
1.124497991967871435e+01
9.847389558232931606e+00
1.109638554216867412e+01
1.285140562248995977e+01
1.046987951807228967e+01
1.278714859437750917e+01
9.867469879518072418e+00
1.448594377510040232e+01
9.771084337349398297e+00
1.287951807228915690e+01
1.305622489959839427e+01
1.326104417670682700e+01
1.162650602409638623e+01
8.004016064257028162e+00
9.851405622489959768e+00
1.166265060240963791e+01
1.240562248995983907e+01
9.859437751004016093e+00
1.006827309236947876e+01
8.742971887550201160e+00
1.469477911646586321e+01
8.682730923694778724e+00
1.191164658634538220e+01
1.013253012048192758e+01
1.046586345381526151e+01
1.015261044176706839e+01
1.751004016064257129e+01
1.108032128514056147e+01
9.345381526104418413e+00
1.168273092369477872e+01
1.112851405622489942e+01
1.062650602409638623e+01
1.222088353413654538e+01
9.967871485943774701e+00
1.212048192771084310e+01
1.010843373493975861e+01
9.056224899598394273e+00
1.366265060240963791e+01
1.093975903614457756e+01
1.391164658634538220e+01
1.589156626506024139e+01
9.795180722891565495e+00
1.026506024096385516e+01
9.646586345381525263e+00
1.054618473895582298e+01
1.057028112449799195e+01
1.096385542168674654e+01
1.171485943775100402e+01
1.147791164658634600e+01
8.578313253012048278e+00
1.103614457831325346e+01
1.101606425702811265e+01
1.193975903614457756e+01
9.136546184738955745e+00
8.823293172690762631e+00
1.172289156626506035e+01
1.145783132530120518e+01
9.220883534136545379e+00
1.012449799196787126e+01
1.107630522088353331e+01
1.353815261044176665e+01
1.014859437751004023e+01
1.112449799196787126e+01
1.505220883534136611e+01
1.110441767068273045e+01
1.416064257028112472e+01
1.171485943775100402e+01
8.522088353413654005e+00
1.129317269076305230e+01
1.081124497991967814e+01
1.007228915662650515e+01
9.935742971887549402e+00
1.177510040160642646e+01
1.030120481927710863e+01
9.104417670682730446e+00
1.296787148594377470e+01
1.000401606425702816e+01
1.089959839357429772e+01
1.232530120481927760e+01
1.057429718875502012e+01
1.061044176706827358e+01
1.093574297188754940e+01
9.666666666666666075e+00
1.489558232931726955e+01
1.372690763052208851e+01
1.244578313253012070e+01
1.053413654618473849e+01
1.517269076305220921e+01
1.047791164658634600e+01
9.939759036144577564e+00
9.120481927710843095e+00
1.199598393574297184e+01
1.137349397590361377e+01
9.947791164658633889e+00
9.682730923694778724e+00
1.028112449799196781e+01
1.285943775100401609e+01
9.767068273092370134e+00
1.194377510040160573e+01
1.047389558232931783e+01
9.951807228915662051e+00
1.251807228915662584e+01
1.055421686746987930e+01
1.048594377510040232e+01
1.208835341365461780e+01
9.943775100401605727e+00
1.165863453815260975e+01
1.326907630522088333e+01
1.160240963855421725e+01
1.234939759036144658e+01
9.064257028112450598e+00
9.807228915662649982e+00
1.072289156626506035e+01
1.222088353413654538e+01
9.441767068273092534e+00
1.129718875502008046e+01
1.526907630522088333e+01
9.722891566265060348e+00
8.891566265060241392e+00
1.169477911646586321e+01
1.131325301204819311e+01
1.178313253012048278e+01
8.674698795180722399e+00
1.231325301204819311e+01
1.302008032128514081e+01
9.204819277108434505e+00
9.413654618473895397e+00
1.126104417670682700e+01
9.690763052208835049e+00
1.191164658634538220e+01
1.004819277108433795e+01
9.598393574297189090e+00
1.169076305220883505e+01
1.070682730923694770e+01
1.123694779116465803e+01
1.004417670682730979e+01
1.181124497991967814e+01
1.193172690763052124e+01
1.183534136546184712e+01
1.037349397590361377e+01
1.138955823293172642e+01
1.072690763052208851e+01
1.042971887550200805e+01
9.955823293172690214e+00
1.136546184738955745e+01
1.131726907630522128e+01
1.014056224899598391e+01
1.487550200803212874e+01
9.502008032128513193e+00
1.318072289156626553e+01
1.171084337349397586e+01
1.068674698795180689e+01
1.435341365461847474e+01
1.163052208835341439e+01
1.425301204819277068e+01
9.084337349397589634e+00
1.233333333333333393e+01
9.373493975903613773e+00
1.161445783132530174e+01
1.127710843373493965e+01
9.566265060240963791e+00
1.280321285140562182e+01
1.273493975903614484e+01
1.103212851405622530e+01
9.646586345381525263e+00
1.026104417670682700e+01
8.843373493975903443e+00
1.649397590361445864e+01
1.371485943775100402e+01
9.240963855421686191e+00
1.400000000000000000e+01
1.075903614457831381e+01
9.188755020080321856e+00
1.108032128514056147e+01
1.023694779116465803e+01
9.983935742971887350e+00
9.530120481927710330e+00
8.016064257028112650e+00
1.342570281124497988e+01
1.073895582329317300e+01
1.141365461847389540e+01
1.063453815261044255e+01
1.400803212851405632e+01
1.133734939759036209e+01
1.424899598393574252e+01
1.157831325301204828e+01
9.389558232931726423e+00
1.092771084337349485e+01
1.355020080321285114e+01
1.107630522088353331e+01
1.220481927710843451e+01
1.048594377510040232e+01
1.059437751004016093e+01
9.008032128514056325e+00
9.216867469879517216e+00
1.070682730923694770e+01
9.827309236947790794e+00
1.065461847389558159e+01
9.883534136546185067e+00
9.465863453815261508e+00
1.484337349397590344e+01
1.098393574297188735e+01
8.546184738955822979e+00
1.285542168674698793e+01
1.101204819277108449e+01
1.252610441767068217e+01
1.128112449799196781e+01
1.007630522088353331e+01
8.000000000000000000e+00
1.029317269076305230e+01
9.353413654618474737e+00
1.433333333333333393e+01
1.114056224899598391e+01
1.379518072289156549e+01
1.055421686746987930e+01
1.250602409638554136e+01
1.659437751004016093e+01
1.296385542168674654e+01
1.520883534136546267e+01
9.180722891566265531e+00
1.162248995983935806e+01
8.791164658634537332e+00
1.041365461847389540e+01
1.048594377510040232e+01
1.112851405622489942e+01
1.202008032128514081e+01
1.308032128514056147e+01
8.775100401606426459e+00
1.179518072289156549e+01
1.729718875502008046e+01
1.003614457831325346e+01
1.031325301204819311e+01
1.130120481927710863e+01
1.032931726907630576e+01
1.191566265060241037e+01
1.037349397590361377e+01
1.249397590361445864e+01
9.606425702811245415e+00
1.208835341365461780e+01
1.292771084337349485e+01
8.610441767068273577e+00
1.110441767068273045e+01
1.489959839357429772e+01
1.062650602409638623e+01
1.447389558232931783e+01
9.771084337349398297e+00
1.122489959839357354e+01
1.083132530120481896e+01
9.751004016064257485e+00
8.863453815261044255e+00
9.971887550200802863e+00
1.179116465863453733e+01
9.112449799196786770e+00
1.174297188755020116e+01
8.843373493975903443e+00
1.444979919678714886e+01
8.658634538152609750e+00
1.410843373493975861e+01
9.080321285140561471e+00
9.052208835341366111e+00
1.001204819277108449e+01
1.102409638554216897e+01
1.006425702811245060e+01
8.313253012048193114e+00
1.197991967871485919e+01
1.008835341365461780e+01
1.161847389558232990e+01
1.367469879518072240e+01
9.931726907630521239e+00
1.174297188755020116e+01
1.222891566265060170e+01
9.502008032128513193e+00
1.154216867469879482e+01
1.130522088353413679e+01
1.029317269076305230e+01
1.424096385542168619e+01
8.835341365461847118e+00
1.147389558232931783e+01
8.939759036144577564e+00
1.396787148594377470e+01
1.074297188755020116e+01
1.175502008032128565e+01
1.040160642570281091e+01
1.098393574297188735e+01
8.855421686746987930e+00
1.310843373493975861e+01
1.397991967871485919e+01
1.119277108433735002e+01
1.151405622489959768e+01
8.863453815261044255e+00
1.035341365461847474e+01
1.116064257028112472e+01
9.305220883534136789e+00
1.385140562248995977e+01
1.170682730923694770e+01
1.133734939759036209e+01
1.246184738955823335e+01
1.449799196787148681e+01
8.489959839357430482e+00
1.714056224899598391e+01
1.048995983935743048e+01
1.309236947791164596e+01
1.457831325301204828e+01
1.191566265060241037e+01
9.112449799196786770e+00
1.083935742971887528e+01
9.566265060240963791e+00
1.040160642570281091e+01
1.085140562248995977e+01
1.399196787148594368e+01
1.079116465863453733e+01
1.176706827309237013e+01
9.642570281124498877e+00
1.777911646586345285e+01
1.134939759036144658e+01
1.002008032128514081e+01
1.204819277108433795e+01
1.017670682730923737e+01
1.133734939759036209e+01
1.214859437751004023e+01
8.855421686746987930e+00
1.004417670682730979e+01
1.063453815261044255e+01
1.403212851405622530e+01
1.088755020080321323e+01
1.042570281124497988e+01
1.214859437751004023e+01
8.943775100401605727e+00
1.118072289156626553e+01
8.457831325301205183e+00
1.309236947791164596e+01
1.063052208835341439e+01
1.077510040160642646e+01
8.305220883534136789e+00
7.686746987951806886e+00
1.323293172690762987e+01
1.070682730923694770e+01
1.474297188755020116e+01
1.020481927710843451e+01
1.031325301204819311e+01
1.421686746987951722e+01
9.578313253012048278e+00
1.221285140562249083e+01
1.350200803212851319e+01
1.061445783132530174e+01
9.084337349397589634e+00
9.224899598393573541e+00
1.054216867469879482e+01
1.211244979919678677e+01
1.327710843373493965e+01
1.221686746987951722e+01
1.048192771084337416e+01
1.107228915662650515e+01
9.481927710843374157e+00
1.487550200803212874e+01
1.099196787148594368e+01
9.815261044176706307e+00
1.096385542168674654e+01
1.243373493975903621e+01
9.927710843373494853e+00
1.318473895582329369e+01
8.630522088353414389e+00
9.152610441767068394e+00
1.005622489959839427e+01
9.373493975903613773e+00
1.077911646586345462e+01
1.161445783132530174e+01
1.232931726907630576e+01
9.216867469879517216e+00
1.203614457831325346e+01
1.105220883534136611e+01
1.371887550200803219e+01
1.304819277108433795e+01
1.124096385542168619e+01
9.289156626506024139e+00
1.231325301204819311e+01
1.217269076305220921e+01
9.578313253012048278e+00
1.181927710843373447e+01
1.148192771084337416e+01
9.489959839357430482e+00
1.283534136546184712e+01
8.919678714859438529e+00
1.123694779116465803e+01
1.091566265060241037e+01
1.119277108433735002e+01
1.059437751004016093e+01
1.009638554216867412e+01
1.224899598393574252e+01
1.157831325301204828e+01
1.074698795180722932e+01
8.562248995983935629e+00
1.100401606425702816e+01
9.192771084337350018e+00
1.424096385542168619e+01
1.271084337349397586e+01
1.075502008032128565e+01
1.089558232931726955e+01
1.117670682730923737e+01
1.221686746987951722e+01
1.400803212851405632e+01
1.282329317269076263e+01
8.859437751004016093e+00
1.341365461847389540e+01
9.923694779116466691e+00
1.288755020080321323e+01
1.208835341365461780e+01
1.277911646586345462e+01
1.087550200803212874e+01
1.218473895582329369e+01
1.132530120481927760e+01
1.543775100401606437e+01
1.300803212851405632e+01
1.218473895582329369e+01
1.012048192771084310e+01
1.044176706827309253e+01
1.836144578313253106e+01
1.084738955823293161e+01
1.047791164658634600e+01
1.478313253012048278e+01
9.923694779116466691e+00
1.100803212851405632e+01
9.176706827309237369e+00
9.895582329317269554e+00
1.075903614457831381e+01
1.479518072289156549e+01
1.397188755020080286e+01
8.855421686746987930e+00
1.003614457831325346e+01
1.456626506024096379e+01
1.577108433734939830e+01
1.301204819277108449e+01
1.024497991967871435e+01
1.068674698795180689e+01
8.277108433734939652e+00
8.485943775100402320e+00
1.002811244979919714e+01
1.245381526104417702e+01
1.389959839357429772e+01
1.091566265060241037e+01
1.071887550200803219e+01
1.393172690763052124e+01
1.251807228915662584e+01
9.357429718875501123e+00
1.340160642570281091e+01
1.253815261044176665e+01
1.177108433734939830e+01
1.091967871485943853e+01
1.474297188755020116e+01
1.200803212851405632e+01
1.036546184738955745e+01
1.142570281124497988e+01
1.096385542168674654e+01
9.104417670682730446e+00
1.294377510040160573e+01
1.379518072289156549e+01
1.111646586345381493e+01
1.092369477911646669e+01
1.068674698795180689e+01
1.043373493975903621e+01
1.198393574297188735e+01
1.042168674698795172e+01
1.286746987951807242e+01
9.405622489959839072e+00
1.044176706827309253e+01
1.327309236947791149e+01
1.104417670682730979e+01
1.057028112449799195e+01
1.096385542168674654e+01
1.100401606425702816e+01
1.318875502008032186e+01
1.342971887550200805e+01
8.658634538152609750e+00
1.083132530120481896e+01
1.090763052208835404e+01
1.020481927710843451e+01
1.042971887550200805e+01
1.085542168674698793e+01
1.186345381526104426e+01
7.401606425702810910e+00
1.237751004016064194e+01
8.313253012048193114e+00
1.068674698795180689e+01
1.566265060240963791e+01
1.069879518072289137e+01
1.296787148594377470e+01
8.682730923694778724e+00
9.831325301204818956e+00
1.183534136546184712e+01
1.082730923694779079e+01
1.209236947791164596e+01
8.939759036144577564e+00
9.257028112449798840e+00
1.365461847389558159e+01
1.382329317269076263e+01
1.222891566265060170e+01
1.258634538152610460e+01
1.124899598393574252e+01
1.165060240963855342e+01
9.730923694779116673e+00
1.049397590361445864e+01
1.042570281124497988e+01
9.702811244979919536e+00
9.465863453815261508e+00
9.662650602409637912e+00
1.530522088353413679e+01
1.463052208835341439e+01
1.147791164658634600e+01
1.555020080321285114e+01
1.192369477911646669e+01
1.070281124497991954e+01
1.013654618473895574e+01
1.162650602409638623e+01
1.035742971887550112e+01
1.200803212851405632e+01
1.171485943775100402e+01
1.023293172690762987e+01
1.308835341365461780e+01
1.275903614457831381e+01
1.332530120481927760e+01
1.179116465863453733e+01
1.002409638554216897e+01
1.016064257028112472e+01
1.083534136546184712e+01
1.251004016064256952e+01
1.214457831325301207e+01
1.184738955823293161e+01
1.644979919678714708e+01
1.362650602409638623e+01
1.446184738955823335e+01
8.638554216867470714e+00
1.261847389558232990e+01
1.187951807228915690e+01
1.119277108433735002e+01
9.345381526104418413e+00
1.092369477911646669e+01
9.184738955823293693e+00
1.225301204819277068e+01
1.012851405622489942e+01
1.154216867469879482e+01
1.106827309236947876e+01
1.079919678714859366e+01
1.520080321285140634e+01
1.000000000000000000e+01
1.667871485943775056e+01
1.078313253012048278e+01
1.089959839357429772e+01
9.506024096385541355e+00
1.147389558232931783e+01
1.017269076305220921e+01
1.252610441767068217e+01
1.263052208835341439e+01
9.469879518072289670e+00
1.041767068273092356e+01
1.434538152610441841e+01
1.151405622489959768e+01
1.002409638554216897e+01
1.697590361445783103e+01
1.111646586345381493e+01
9.305220883534136789e+00
1.154216867469879482e+01
1.493574297188754940e+01
1.100803212851405632e+01
1.113253012048192758e+01
9.293172690763052302e+00
1.359036144578313277e+01
1.046987951807228967e+01
9.232931726907629866e+00
1.041365461847389540e+01
1.064257028112449888e+01
9.176706827309237369e+00
1.277510040160642646e+01
1.291566265060241037e+01
9.791164658634537332e+00
1.389959839357429772e+01
1.536546184738955745e+01
9.353413654618474737e+00
9.975903614457831026e+00
1.448594377510040232e+01
1.136546184738955745e+01
1.005622489959839427e+01
1.146987951807228967e+01
1.077108433734939830e+01
1.085542168674698793e+01
1.060240963855421725e+01
1.120080321285140634e+01
1.628514056224899775e+01
1.020883534136546267e+01
1.103212851405622530e+01
9.317269076305221276e+00
1.323293172690762987e+01
1.175502008032128565e+01
8.273092369477911490e+00
1.769477911646586321e+01
1.029718875502008046e+01
9.397590361445782747e+00
1.024497991967871435e+01
1.167469879518072240e+01
1.308433734939758963e+01
1.269879518072289137e+01
1.141365461847389540e+01
1.246184738955823335e+01
1.024497991967871435e+01
1.011646586345381493e+01
1.204819277108433795e+01
8.558232931726907466e+00
1.072690763052208851e+01
9.349397590361446575e+00
9.763052208835341972e+00
1.078313253012048278e+01
9.690763052208835049e+00
9.971887550200802863e+00
7.779116465863453733e+00
1.194779116465863389e+01
1.053815261044176665e+01
1.098393574297188735e+01
1.091566265060241037e+01
1.078714859437750917e+01
1.179919678714859366e+01
1.408835341365461780e+01
1.316064257028112472e+01
1.075502008032128565e+01
1.123694779116465803e+01
1.340963855421686723e+01
1.120883534136546267e+01
1.340160642570281091e+01
1.161445783132530174e+01
1.391967871485943853e+01
1.106827309236947876e+01
8.979919678714859188e+00
8.991967871485943675e+00
1.060642570281124542e+01
1.352610441767068217e+01
1.379518072289156549e+01
1.179116465863453733e+01
1.144578313253012070e+01
9.991967871485943675e+00
7.827309236947790794e+00
9.730923694779116673e+00
9.614457831325301740e+00
1.106827309236947876e+01
9.020080321285140812e+00
1.199196787148594368e+01
9.389558232931726423e+00
1.083534136546184712e+01
8.100401606425702283e+00
9.016064257028112650e+00
1.418473895582329369e+01
1.134136546184739025e+01
1.030522088353413679e+01
1.505220883534136611e+01
1.049799196787148681e+01
1.428112449799196781e+01
8.485943775100402320e+00
1.207630522088353331e+01
1.195983935742971838e+01
1.313253012048192758e+01
8.212851405622490830e+00
1.344578313253012070e+01
8.670682730923694237e+00
1.220481927710843451e+01
8.084337349397589634e+00
9.646586345381525263e+00
1.613253012048192758e+01
1.067068273092369424e+01
1.316064257028112472e+01
1.250200803212851319e+01
8.915662650602410366e+00
1.119678714859437818e+01
9.746987951807229322e+00
9.357429718875501123e+00
1.068273092369477872e+01
9.200803212851406343e+00
9.012048192771084487e+00
1.010040160642570228e+01
1.350200803212851319e+01
1.041365461847389540e+01
8.734939759036144835e+00
1.304417670682730979e+01
9.975903614457831026e+00
9.995983935742971838e+00
1.146184738955823335e+01
1.201606425702811265e+01
1.407630522088353331e+01
1.540963855421686723e+01
8.104417670682730446e+00
1.116867469879518104e+01
9.983935742971887350e+00
1.522088353413654538e+01
1.164658634538152526e+01
1.513654618473895574e+01
8.951807228915662051e+00
1.033333333333333393e+01
9.518072289156625843e+00
1.050200803212851319e+01
1.124899598393574252e+01
9.815261044176706307e+00
8.602409638554217253e+00
8.831325301204818956e+00
1.142168674698795172e+01
1.204819277108433795e+01
8.321285140562249438e+00
1.148192771084337416e+01
1.340963855421686723e+01
1.608433734939758963e+01
1.162650602409638623e+01
8.694779116465863211e+00
1.191566265060241037e+01
1.163453815261044255e+01
1.829718875502008046e+01
9.493975903614458645e+00
1.038955823293172642e+01
1.126506024096385516e+01
9.236947791164658028e+00
1.127309236947791149e+01
1.295180722891566205e+01
1.010441767068273045e+01
1.091967871485943853e+01
1.062650602409638623e+01
1.075903614457831381e+01
1.177911646586345462e+01
1.335341365461847474e+01
1.051004016064256952e+01
9.935742971887549402e+00
1.060240963855421725e+01
1.088353413654618507e+01
9.827309236947790794e+00
1.197188755020080286e+01
1.063453815261044255e+01
1.085943775100401609e+01
1.550602409638554136e+01
1.159839357429718909e+01
9.140562248995983907e+00
1.244979919678714886e+01
1.385542168674698793e+01
1.023694779116465803e+01
1.236947791164658561e+01
1.012449799196787126e+01
1.090361445783132588e+01
1.180722891566264998e+01
9.493975903614458645e+00
1.033734939759036209e+01
8.257028112449798840e+00
1.210040160642570228e+01
1.079518072289156549e+01
1.228112449799196781e+01
1.269076305220883505e+01
1.145381526104417702e+01
1.292369477911646669e+01
1.222489959839357354e+01
1.173092369477911667e+01
8.184738955823293693e+00
9.409638554216867234e+00
1.816465863453815288e+01
9.224899598393573541e+00
9.265060240963855165e+00
1.531325301204819311e+01
1.036546184738955745e+01
1.220481927710843451e+01
1.086345381526104426e+01
9.060240963855422436e+00
1.003614457831325346e+01
1.038152610441767010e+01
9.586345381526104603e+00
1.062248995983935806e+01
1.472289156626506035e+01
8.666666666666666075e+00
8.481927710843374157e+00
1.124096385542168619e+01
8.927710843373494853e+00
1.157429718875502012e+01
7.506024096385542244e+00
1.158232931726907644e+01
9.767068273092370134e+00
1.113253012048192758e+01
9.377510040160641935e+00
1.154618473895582298e+01
1.148192771084337416e+01
7.530120481927711218e+00
9.036144578313253461e+00
1.058634538152610460e+01
1.483534136546184712e+01
1.167871485943775056e+01
8.827309236947790794e+00
9.132530120481927582e+00
1.159839357429718909e+01
1.277108433734939830e+01
1.173493975903614484e+01
1.102811244979919714e+01
1.032931726907630576e+01
1.078714859437750917e+01
1.393975903614457756e+01
1.292369477911646669e+01
1.160240963855421725e+01
1.255421686746987930e+01
1.070682730923694770e+01
1.373493975903614484e+01
1.017269076305220921e+01
1.511244979919678677e+01
1.151807228915662584e+01
1.480321285140562182e+01
9.963855421686746539e+00
1.018875502008032186e+01
1.117269076305220921e+01
1.235742971887550112e+01
1.158232931726907644e+01
9.658634538152609750e+00
1.105220883534136611e+01
1.397188755020080286e+01
1.008032128514056147e+01
9.823293172690762631e+00
7.120481927710843095e+00
9.313253012048193114e+00
1.154216867469879482e+01
1.274297188755020116e+01
1.293172690763052124e+01
1.663855421686746894e+01
1.040562248995983907e+01
9.907630522088354041e+00
1.053012048192771033e+01
1.623694779116465980e+01
1.077108433734939830e+01
1.360240963855421725e+01
1.094779116465863389e+01
1.322489959839357354e+01
1.174297188755020116e+01
1.453413654618473849e+01
8.702811244979919536e+00
1.126506024096385516e+01
1.236546184738955745e+01
1.062650602409638623e+01
9.654618473895581587e+00
1.203614457831325346e+01
1.072289156626506035e+01
1.489558232931726955e+01
1.020481927710843451e+01
1.064257028112449888e+01
1.130923694779116495e+01
1.118072289156626553e+01
9.630522088353414389e+00
1.631726907630521950e+01
1.007228915662650515e+01
1.459839357429718909e+01
9.277108433734939652e+00
1.096385542168674654e+01
1.037349397590361377e+01
9.132530120481927582e+00
1.361044176706827358e+01
1.144578313253012070e+01
7.698795180722891374e+00
1.237751004016064194e+01
1.517269076305220921e+01
8.658634538152609750e+00
1.040160642570281091e+01
1.471084337349397586e+01
8.361445783132529286e+00
1.083132530120481896e+01
1.200000000000000000e+01
1.119277108433735002e+01
1.383132530120481896e+01
1.401606425702811265e+01
8.666666666666666075e+00
9.578313253012048278e+00
1.091967871485943853e+01
1.141365461847389540e+01
1.001606425702811265e+01
9.012048192771084487e+00
1.320080321285140634e+01
8.851405622489959768e+00
9.891566265060241392e+00
1.270682730923694770e+01
8.879518072289156905e+00
1.183935742971887528e+01
9.654618473895581587e+00
8.497991967871486807e+00
1.285140562248995977e+01
1.193172690763052124e+01
1.173493975903614484e+01
1.296385542168674654e+01
1.355020080321285114e+01
9.867469879518072418e+00
1.363453815261044255e+01
1.177108433734939830e+01
1.221686746987951722e+01
1.314056224899598391e+01
1.276706827309237013e+01
9.056224899598394273e+00
8.847389558232931606e+00
1.305622489959839427e+01
8.076305220883533309e+00
1.238955823293172642e+01
9.771084337349398297e+00
8.489959839357430482e+00
1.167068273092369424e+01
1.144979919678714886e+01
1.102811244979919714e+01
9.016064257028112650e+00
8.534136546184738492e+00
1.084337349397590344e+01
1.041767068273092356e+01
8.935742971887549402e+00
1.142168674698795172e+01
1.121285140562249083e+01
1.045783132530120518e+01
9.449799196787148858e+00
1.090763052208835404e+01
9.361445783132529286e+00
1.315261044176706839e+01
1.130923694779116495e+01
1.131325301204819311e+01
1.187550200803212874e+01
1.112851405622489942e+01
9.485943775100402320e+00
1.106425702811245060e+01
1.058634538152610460e+01
1.418875502008032186e+01
1.100000000000000000e+01
1.136546184738955745e+01
1.016465863453815288e+01
1.479116465863453733e+01
1.134538152610441841e+01
1.059036144578313277e+01
1.211646586345381493e+01
1.505220883534136611e+01
1.071485943775100402e+01
1.142971887550200805e+01
1.201606425702811265e+01
1.077108433734939830e+01
9.839357429718875281e+00
1.163855421686747071e+01
1.081927710843373447e+01
1.155421686746987930e+01
1.279518072289156549e+01
9.678714859437750562e+00
1.173493975903614484e+01
1.046586345381526151e+01
1.429317269076305230e+01
8.678714859437750562e+00
9.799196787148593657e+00
1.175100401606425748e+01
1.234136546184739025e+01
1.072289156626506035e+01
1.191164658634538220e+01
1.171887550200803219e+01
1.012851405622489942e+01
1.051004016064256952e+01
1.152610441767068217e+01
1.020080321285140634e+01
9.710843373493975861e+00
9.096385542168674121e+00
9.477911646586345995e+00
1.116465863453815288e+01
1.097188755020080286e+01
9.020080321285140812e+00
1.003212851405622530e+01
1.260642570281124542e+01
1.339759036144578275e+01
9.068273092369478761e+00
9.012048192771084487e+00
9.622489959839358065e+00
1.088353413654618507e+01
9.975903614457831026e+00
1.140160642570281091e+01
1.137751004016064194e+01
1.057028112449799195e+01
1.056224899598393563e+01
1.090763052208835404e+01
1.430522088353413679e+01
1.444578313253012070e+01
1.045381526104417702e+01
1.712449799196787126e+01
1.766265060240963791e+01
1.228514056224899598e+01
9.915662650602410366e+00
1.283935742971887528e+01
1.150602409638554136e+01
9.630522088353414389e+00
1.144578313253012070e+01
1.157028112449799195e+01
1.198795180722891551e+01
1.186746987951807242e+01
1.157831325301204828e+01
1.240160642570281091e+01
1.250200803212851319e+01
1.893172690763052302e+01
1.111646586345381493e+01
8.244979919678714353e+00
1.094377510040160573e+01
1.417269076305220921e+01
1.250602409638554136e+01
1.375903614457831381e+01
1.646987951807228967e+01
9.759036144578313809e+00
1.104417670682730979e+01
1.073895582329317300e+01
1.324497991967871435e+01
1.169879518072289137e+01
1.057028112449799195e+01
1.022891566265060170e+01
1.308032128514056147e+01
1.129317269076305230e+01
8.907630522088354041e+00
7.787148594377510058e+00
1.010040160642570228e+01
1.002811244979919714e+01
1.186345381526104426e+01
1.369879518072289137e+01
9.899598393574297717e+00
1.010040160642570228e+01
1.107630522088353331e+01
1.338152610441767010e+01
1.089558232931726955e+01
9.811244979919678144e+00
1.087951807228915690e+01
1.038554216867469826e+01
9.321285140562249438e+00
1.063453815261044255e+01
9.971887550200802863e+00
1.263855421686747071e+01
1.224497991967871435e+01
1.280722891566264998e+01
9.542168674698794817e+00
1.059839357429718909e+01
1.157028112449799195e+01
1.167068273092369424e+01
1.208032128514056147e+01
9.305220883534136789e+00
9.618473895582329902e+00
9.132530120481927582e+00
1.245783132530120518e+01
9.935742971887549402e+00
1.224096385542168619e+01
9.060240963855422436e+00
9.646586345381525263e+00
7.734939759036144835e+00
1.434538152610441841e+01
9.417670682730923559e+00
1.549397590361445864e+01
8.742971887550201160e+00
8.895582329317269554e+00
1.040160642570281091e+01
1.441365461847389540e+01
8.397590361445782747e+00
8.357429718875501123e+00
9.759036144578313809e+00
1.161847389558232990e+01
1.184738955823293161e+01
1.002409638554216897e+01
1.119277108433735002e+01
1.121285140562249083e+01
1.295983935742971838e+01
1.401204819277108449e+01
1.076305220883534197e+01
1.112048192771084310e+01
8.899598393574297717e+00
1.078714859437750917e+01
1.166265060240963791e+01
9.353413654618474737e+00
1.207228915662650515e+01
1.498795180722891551e+01
8.883534136546185067e+00
8.714859437751004023e+00
1.058232931726907644e+01
1.240963855421686723e+01
1.137349397590361377e+01
8.951807228915662051e+00
8.345381526104418413e+00
1.023694779116465803e+01
1.032128514056224944e+01
1.024899598393574252e+01
1.189558232931726955e+01
1.083132530120481896e+01
1.478313253012048278e+01
1.088353413654618507e+01
1.230522088353413679e+01
1.156224899598393563e+01
1.569076305220883505e+01
1.029317269076305230e+01
1.212048192771084310e+01
1.024497991967871435e+01
9.759036144578313809e+00
1.076305220883534197e+01
7.518072289156626731e+00
1.271485943775100402e+01
9.433734939759036209e+00
9.867469879518072418e+00
1.156224899598393563e+01
1.122489959839357354e+01
1.026104417670682700e+01
1.090763052208835404e+01
1.050200803212851319e+01
1.929317269076305053e+01
9.871485943775100580e+00
9.353413654618474737e+00
9.967871485943774701e+00
1.102008032128514081e+01
1.154216867469879482e+01
1.028915662650602414e+01
1.309236947791164596e+01
9.401606425702810910e+00
1.460240963855421725e+01
1.257429718875502012e+01
1.348594377510040232e+01
1.205622489959839427e+01
1.126104417670682700e+01
1.428915662650602414e+01
1.153413654618473849e+01
1.026104417670682700e+01
1.207228915662650515e+01
1.124899598393574252e+01
9.867469879518072418e+00
1.132128514056224944e+01
1.038955823293172642e+01
1.363453815261044255e+01
1.083132530120481896e+01
1.151004016064256952e+01
1.562650602409638623e+01
1.204016064257028162e+01
8.168674698795181044e+00
1.296787148594377470e+01
1.259839357429718909e+01
1.116465863453815288e+01
8.915662650602410366e+00
1.132530120481927760e+01
1.112449799196787126e+01
1.224899598393574252e+01
1.442570281124497988e+01
9.136546184738955745e+00
1.438554216867469826e+01
1.159036144578313277e+01
1.005220883534136611e+01
1.001204819277108449e+01
1.191164658634538220e+01
1.052208835341365400e+01
9.706827309236947698e+00
1.442168674698795172e+01
8.052208835341366111e+00
1.135341365461847474e+01
1.080722891566264998e+01
1.491164658634538220e+01
1.177108433734939830e+01
1.106425702811245060e+01
8.622489959839358065e+00
8.714859437751004023e+00
1.000401606425702816e+01
1.075100401606425748e+01
1.140963855421686723e+01
1.141767068273092356e+01
1.468273092369477872e+01
1.332128514056224944e+01
1.090361445783132588e+01
1.106024096385542244e+01
1.199598393574297184e+01
9.473895582329317833e+00
1.289156626506024139e+01
9.469879518072289670e+00
1.418875502008032186e+01
9.566265060240963791e+00
1.204016064257028162e+01
1.185943775100401609e+01
1.007228915662650515e+01
1.462248995983935806e+01
1.183132530120481896e+01
1.018473895582329369e+01
1.301204819277108449e+01
1.292771084337349485e+01
1.044176706827309253e+01
1.125702811244979884e+01
1.450200803212851319e+01
9.060240963855422436e+00
1.155823293172690747e+01
1.136947791164658561e+01
1.108433734939758963e+01
1.122489959839357354e+01
1.414457831325301207e+01
1.139357429718875458e+01
1.179518072289156549e+01
9.481927710843374157e+00
1.114859437751004023e+01
1.630120481927710685e+01
9.951807228915662051e+00
9.497991967871486807e+00
9.469879518072289670e+00
1.375903614457831381e+01
1.345783132530120518e+01
1.408835341365461780e+01
8.570281124497991954e+00
1.375903614457831381e+01
1.442971887550200805e+01
9.196787148594378181e+00
1.161044176706827358e+01
1.089959839357429772e+01
1.361445783132530174e+01
1.233333333333333393e+01
1.308433734939758963e+01
1.380321285140562182e+01
9.421686746987951722e+00
1.187550200803212874e+01
1.034136546184739025e+01
1.304016064257028162e+01
1.630522088353413679e+01
1.054216867469879482e+01
1.083132530120481896e+01
1.221285140562249083e+01
1.118875502008032186e+01
1.288755020080321323e+01
1.959036144578313099e+01
9.738955823293172998e+00
1.197991967871485919e+01
1.060642570281124542e+01
1.502811244979919714e+01
1.604016064257028162e+01
9.670682730923694237e+00
1.135341365461847474e+01
1.286746987951807242e+01
1.173092369477911667e+01
1.202409638554216897e+01
9.064257028112450598e+00
1.384738955823293161e+01
8.124497991967871258e+00
1.483935742971887528e+01
1.359437751004016093e+01
1.343373493975903621e+01
9.650602409638553425e+00
1.281526104417670631e+01
1.045783132530120518e+01
1.098393574297188735e+01
1.051004016064256952e+01
1.148594377510040232e+01
8.767068273092370134e+00
1.106024096385542244e+01
1.207630522088353331e+01
1.361847389558232990e+01
8.947791164658633889e+00
1.206024096385542244e+01
8.791164658634537332e+00
1.326506024096385516e+01
1.374297188755020116e+01
8.855421686746987930e+00
1.159839357429718909e+01
1.166666666666666607e+01
1.077911646586345462e+01
8.811244979919678144e+00
1.059839357429718909e+01
1.205622489959839427e+01
1.290763052208835404e+01
1.139759036144578275e+01
1.089156626506024139e+01
1.065461847389558159e+01
1.151004016064256952e+01
1.145381526104417702e+01
1.016867469879518104e+01
9.843373493975903443e+00
1.178313253012048278e+01
9.787148594377509170e+00
1.089558232931726955e+01
1.131325301204819311e+01
1.341767068273092356e+01
1.178313253012048278e+01
1.216064257028112472e+01
1.034939759036144658e+01
1.469477911646586321e+01
1.094779116465863389e+01
1.690763052208835404e+01
1.334939759036144658e+01
9.365461847389557448e+00
1.310040160642570228e+01
1.391566265060241037e+01
8.048192771084337949e+00
1.264658634538152526e+01
9.449799196787148858e+00
9.795180722891565495e+00
7.506024096385542244e+00
1.208835341365461780e+01
1.061847389558232990e+01
1.075903614457831381e+01
9.056224899598394273e+00
1.267469879518072240e+01
1.254618473895582298e+01
1.380321285140562182e+01
1.363052208835341439e+01
1.029718875502008046e+01
1.635742971887550112e+01
1.116465863453815288e+01
1.008433734939758963e+01
1.261044176706827358e+01
1.107630522088353331e+01
9.140562248995983907e+00
8.899598393574297717e+00
1.470682730923694770e+01
1.029718875502008046e+01
1.020883534136546267e+01
7.939759036144578452e+00
1.175100401606425748e+01
9.220883534136545379e+00
1.177911646586345462e+01
9.506024096385541355e+00
1.129317269076305230e+01
9.542168674698794817e+00
1.389558232931726955e+01
9.092369477911645959e+00
1.000000000000000000e+01
1.185140562248995977e+01
1.363855421686747071e+01
1.533333333333333393e+01
1.809236947791164596e+01
1.161847389558232990e+01
1.156224899598393563e+01
1.748192771084337238e+01
1.528514056224899598e+01
1.599196787148594368e+01
1.153413654618473849e+01
9.473895582329317833e+00
9.108433734939758608e+00
1.385542168674698793e+01
1.251807228915662584e+01
9.863453815261044255e+00
1.055020080321285114e+01
9.863453815261044255e+00
1.155421686746987930e+01
1.183534136546184712e+01
1.144578313253012070e+01
1.167068273092369424e+01
9.931726907630521239e+00
1.608433734939758963e+01
9.220883534136545379e+00
9.497991967871486807e+00
1.283132530120481896e+01
1.391566265060241037e+01
1.300401606425702816e+01
1.276305220883534197e+01
1.095582329317269021e+01
1.331726907630522128e+01
1.109236947791164596e+01
1.282329317269076263e+01
1.026104417670682700e+01
1.049799196787148681e+01
1.127309236947791149e+01
1.326907630522088333e+01
1.102409638554216897e+01
1.204819277108433795e+01
1.165863453815260975e+01
9.971887550200802863e+00
1.074698795180722932e+01
1.342570281124497988e+01
9.666666666666666075e+00
1.257028112449799195e+01
9.542168674698794817e+00
1.160240963855421725e+01
9.473895582329317833e+00
1.259036144578313277e+01
1.121686746987951722e+01
1.063453815261044255e+01
1.139357429718875458e+01
1.016867469879518104e+01
1.039357429718875458e+01
9.947791164658633889e+00
1.178714859437750917e+01
1.227710843373493965e+01
1.151004016064256952e+01
7.212851405622489942e+00
1.040160642570281091e+01
1.056626506024096379e+01
1.325301204819277068e+01
8.698795180722891374e+00
1.234538152610441841e+01
1.283132530120481896e+01
1.071887550200803219e+01
1.240963855421686723e+01
1.146987951807228967e+01
1.487550200803212874e+01
9.722891566265060348e+00
1.544578313253012070e+01
1.038955823293172642e+01
1.506425702811245060e+01
9.365461847389557448e+00
1.100803212851405632e+01
1.292771084337349485e+01
1.165060240963855342e+01
1.326104417670682700e+01
1.209638554216867412e+01
1.311244979919678677e+01
1.153012048192771033e+01
1.306827309236947876e+01
1.586345381526104426e+01
1.212851405622489942e+01
1.039759036144578275e+01
1.121285140562249083e+01
8.658634538152609750e+00
1.012048192771084310e+01
1.019277108433735002e+01
1.099598393574297184e+01
1.417269076305220921e+01
1.185943775100401609e+01
1.120481927710843451e+01
9.413654618473895397e+00
1.255020080321285114e+01
1.093172690763052124e+01
9.995983935742971838e+00
1.094779116465863389e+01
1.214457831325301207e+01
1.313654618473895574e+01
9.514056224899597680e+00
1.203212851405622530e+01
7.510040160642570406e+00
1.496787148594377470e+01
1.273895582329317300e+01
1.059839357429718909e+01
1.232530120481927760e+01
1.027309236947791149e+01
1.568273092369477872e+01
1.335341365461847474e+01
1.226104417670682700e+01
9.016064257028112650e+00
1.052208835341365400e+01
9.309236947791164951e+00
1.266666666666666607e+01
1.204016064257028162e+01
1.102008032128514081e+01
1.145381526104417702e+01
7.698795180722891374e+00
1.169076305220883505e+01
9.289156626506024139e+00
9.823293172690762631e+00
1.406425702811245060e+01
1.090763052208835404e+01
1.381927710843373447e+01
9.325301204819277601e+00
1.096787148594377470e+01
1.068273092369477872e+01
8.329317269076305763e+00
1.276706827309237013e+01
1.242570281124497988e+01
1.344176706827309253e+01
1.223694779116465803e+01
1.155823293172690747e+01
1.044979919678714886e+01
9.831325301204818956e+00
1.115662650602409656e+01
1.327309236947791149e+01
1.200803212851405632e+01
9.036144578313253461e+00
1.310040160642570228e+01
1.171084337349397586e+01
8.128514056224899420e+00
1.156224899598393563e+01
9.425702811244979884e+00
1.218875502008032186e+01
1.012851405622489942e+01
1.196385542168674654e+01
1.248594377510040232e+01
1.081124497991967814e+01
9.144578313253012070e+00
1.170682730923694770e+01
1.116465863453815288e+01
1.171084337349397586e+01
1.765060240963855520e+01
1.079116465863453733e+01
9.020080321285140812e+00
9.666666666666666075e+00
1.252208835341365400e+01
1.044979919678714886e+01
1.421285140562249083e+01
1.077510040160642646e+01
1.320883534136546267e+01
1.062248995983935806e+01
9.927710843373494853e+00
1.006425702811245060e+01
1.172289156626506035e+01
1.120481927710843451e+01
1.457429718875502012e+01
9.610441767068273577e+00
1.159036144578313277e+01
1.085140562248995977e+01
1.024497991967871435e+01
1.300803212851405632e+01
1.105622489959839427e+01
1.211646586345381493e+01
9.000000000000000000e+00
1.078313253012048278e+01
1.464658634538152526e+01
1.111646586345381493e+01
1.186345381526104426e+01
1.471887550200803219e+01
1.120080321285140634e+01
1.315261044176706839e+01
9.004016064257028162e+00
1.086746987951807242e+01
1.104417670682730979e+01
1.007228915662650515e+01
1.709236947791164596e+01
1.084738955823293161e+01
1.336144578313252929e+01
1.119678714859437818e+01
1.577108433734939830e+01
1.500803212851405632e+01
1.249799196787148681e+01
1.406827309236947876e+01
1.091566265060241037e+01
1.045783132530120518e+01
1.568273092369477872e+01
1.149799196787148681e+01
1.176305220883534197e+01
1.065863453815260975e+01
1.441767068273092356e+01
1.219277108433735002e+01
1.108433734939758963e+01
1.089558232931726955e+01
9.771084337349398297e+00
1.080722891566264998e+01
1.325702811244979884e+01
9.614457831325301740e+00
9.036144578313253461e+00
1.047389558232931783e+01
9.405622489959839072e+00
1.780321285140562182e+01
1.171084337349397586e+01
1.303614457831325346e+01
1.139357429718875458e+01
8.060240963855422436e+00
1.077510040160642646e+01
1.312048192771084310e+01
1.131726907630522128e+01
1.410843373493975861e+01
1.233333333333333393e+01
1.130120481927710863e+01
1.220080321285140634e+01
9.369477911646585611e+00
1.110040160642570228e+01
1.244176706827309253e+01
1.439357429718875458e+01
9.746987951807229322e+00
1.206827309236947876e+01
9.449799196787148858e+00
1.300803212851405632e+01
8.871485943775100580e+00
9.257028112449798840e+00
1.132128514056224944e+01
1.031325301204819311e+01
1.144176706827309253e+01
1.550602409638554136e+01
1.010843373493975861e+01
1.030923694779116495e+01
1.095983935742971838e+01
9.594377510040160928e+00
1.174297188755020116e+01
1.022891566265060170e+01
1.055421686746987930e+01
1.086746987951807242e+01
9.036144578313253461e+00
1.043775100401606437e+01
1.160642570281124542e+01
1.165461847389558159e+01
1.148594377510040232e+01
1.196787148594377470e+01
1.393172690763052124e+01
1.049397590361445864e+01
1.123293172690762987e+01
1.179116465863453733e+01
1.500000000000000000e+01
1.097991967871485919e+01
1.135341365461847474e+01
1.317670682730923737e+01
1.091164658634538220e+01
1.045381526104417702e+01
1.012048192771084310e+01
1.364658634538152526e+01
1.232931726907630576e+01
1.075100401606425748e+01
1.037349397590361377e+01
1.116465863453815288e+01
1.344176706827309253e+01
9.285140562248995977e+00
1.130522088353413679e+01
1.453413654618473849e+01
1.286345381526104426e+01
1.003212851405622530e+01
1.346586345381526151e+01
1.384738955823293161e+01
1.004417670682730979e+01
1.094377510040160573e+01
8.076305220883533309e+00
1.149799196787148681e+01
1.573092369477911667e+01
1.142168674698795172e+01
1.117670682730923737e+01
1.614056224899598391e+01
7.991967871485943675e+00
1.300803212851405632e+01
1.582730923694779079e+01
1.733734939759036209e+01
1.348995983935743048e+01
1.553012048192771033e+01
2.267068273092369424e+01
9.401606425702810910e+00
1.067871485943775056e+01
1.075903614457831381e+01
9.807228915662649982e+00
1.199598393574297184e+01
9.991967871485943675e+00
1.122891566265060170e+01
8.899598393574297717e+00
1.237751004016064194e+01
1.358634538152610460e+01
9.991967871485943675e+00
1.050200803212851319e+01
1.260240963855421725e+01
1.177911646586345462e+01
1.247791164658634600e+01
9.212851405622490830e+00
1.244979919678714886e+01
8.441767068273092534e+00
1.643373493975903443e+01
1.279116465863453733e+01
1.249799196787148681e+01
9.012048192771084487e+00
1.102409638554216897e+01
9.361445783132529286e+00
9.228915662650601703e+00
9.895582329317269554e+00
1.140160642570281091e+01
1.240160642570281091e+01
1.132128514056224944e+01
1.287550200803212874e+01
1.263052208835341439e+01
9.963855421686746539e+00
9.032128514056225299e+00
1.095582329317269021e+01
1.024497991967871435e+01
1.037751004016064194e+01
9.799196787148593657e+00
1.303212851405622530e+01
1.179518072289156549e+01
1.165461847389558159e+01
1.206425702811245060e+01
1.030522088353413679e+01
1.657831325301204828e+01
1.281124497991967814e+01
9.883534136546185067e+00
1.093975903614457756e+01
1.203614457831325346e+01
9.995983935742971838e+00
1.362650602409638623e+01
1.034136546184739025e+01
9.457831325301205183e+00
1.006827309236947876e+01
1.395582329317269021e+01
1.141767068273092356e+01
9.634538152610442552e+00
8.212851405622490830e+00
1.162248995983935806e+01
1.028514056224899598e+01
9.666666666666666075e+00
1.097991967871485919e+01
1.134939759036144658e+01
9.518072289156625843e+00
9.827309236947790794e+00
1.136144578313252929e+01
9.497991967871486807e+00
1.086345381526104426e+01
1.205220883534136611e+01
1.100401606425702816e+01
1.259437751004016093e+01
1.041767068273092356e+01
1.526104417670682700e+01
9.421686746987951722e+00
6.891566265060241392e+00
1.413654618473895574e+01
9.710843373493975861e+00
1.288755020080321323e+01
1.004016064257028162e+01
1.125301204819277068e+01
1.116465863453815288e+01
8.297188755020080464e+00
1.191164658634538220e+01
8.128514056224899420e+00
1.240562248995983907e+01
1.277510040160642646e+01
1.993975903614457934e+01
1.570281124497991954e+01
1.043373493975903621e+01
1.885542168674698971e+01
1.254216867469879482e+01
1.132128514056224944e+01
1.119277108433735002e+01
8.815261044176706307e+00
1.174297188755020116e+01
1.080722891566264998e+01
9.357429718875501123e+00
8.397590361445782747e+00
1.251405622489959768e+01
1.081124497991967814e+01
9.991967871485943675e+00
8.578313253012048278e+00
1.084337349397590344e+01
8.104417670682730446e+00
1.426506024096385516e+01
1.175100401606425748e+01
1.171084337349397586e+01
1.095180722891566205e+01
8.843373493975903443e+00
1.259036144578313277e+01
1.151807228915662584e+01
1.376305220883534197e+01
1.363453815261044255e+01
1.120481927710843451e+01
1.363052208835341439e+01
1.250602409638554136e+01
1.355020080321285114e+01
1.465060240963855342e+01
1.112851405622489942e+01
8.433734939759036209e+00
1.169076305220883505e+01
1.287148594377510058e+01
1.194377510040160573e+01
9.598393574297189090e+00
1.224497991967871435e+01
1.252208835341365400e+01
1.306827309236947876e+01
1.129317269076305230e+01
1.314056224899598391e+01
8.650602409638553425e+00
8.931726907630521239e+00
8.819277108433734469e+00
1.185943775100401609e+01
1.320883534136546267e+01
1.383935742971887528e+01
7.594377510040160928e+00
9.742971887550201160e+00
9.502008032128513193e+00
1.153815261044176665e+01
1.089156626506024139e+01
9.550200803212851142e+00
1.118072289156626553e+01
1.438152610441767010e+01
1.248192771084337416e+01
1.075502008032128565e+01
1.046586345381526151e+01
1.205220883534136611e+01
1.241365461847389540e+01
1.221686746987951722e+01
1.001204819277108449e+01
8.831325301204818956e+00
1.135742971887550112e+01
1.088353413654618507e+01
7.895582329317268666e+00
8.975903614457831026e+00
1.032128514056224944e+01
1.111646586345381493e+01
1.016867469879518104e+01
1.076305220883534197e+01
1.064658634538152526e+01
1.055823293172690747e+01
1.013253012048192758e+01
9.228915662650601703e+00
1.613253012048192758e+01
1.393172690763052124e+01
1.098393574297188735e+01
1.240562248995983907e+01
1.218072289156626553e+01
1.040562248995983907e+01
1.175502008032128565e+01
1.233734939759036209e+01
1.227309236947791149e+01
1.344979919678714886e+01
9.289156626506024139e+00
9.983935742971887350e+00
1.066265060240963791e+01
1.034136546184739025e+01
1.267068273092369424e+01
1.092771084337349485e+01
1.068273092369477872e+01
1.559437751004016093e+01
1.128514056224899598e+01
9.935742971887549402e+00
1.344176706827309253e+01
1.032530120481927760e+01
1.124899598393574252e+01
1.269879518072289137e+01
1.230120481927710863e+01
9.313253012048193114e+00
1.052610441767068217e+01
1.038955823293172642e+01
1.103614457831325346e+01
1.318072289156626553e+01
1.114056224899598391e+01
1.301204819277108449e+01
1.099598393574297184e+01
1.069076305220883505e+01
1.561044176706827358e+01
8.068273092369478761e+00
1.250200803212851319e+01
7.807228915662650870e+00
1.148192771084337416e+01
1.163453815261044255e+01
8.771084337349398297e+00
9.843373493975903443e+00
1.040963855421686723e+01
1.061847389558232990e+01
1.032530120481927760e+01
1.221285140562249083e+01
1.180722891566264998e+01
9.156626506024096557e+00
1.085140562248995977e+01
9.935742971887549402e+00
1.197590361445783103e+01
1.144979919678714886e+01
1.058634538152610460e+01
1.132931726907630576e+01
1.319277108433735002e+01
1.010040160642570228e+01
1.030923694779116495e+01
9.381526104417670098e+00
1.499196787148594368e+01
1.667871485943775056e+01
8.345381526104418413e+00
1.038554216867469826e+01
1.354618473895582298e+01
8.152610441767068394e+00
1.081124497991967814e+01
1.200803212851405632e+01
1.024096385542168619e+01
9.558232931726907466e+00
1.012449799196787126e+01
1.206827309236947876e+01
1.398393574297188735e+01
9.763052208835341972e+00
1.000000000000000000e+01
8.835341365461847118e+00
1.087148594377510058e+01
9.803212851405621819e+00
1.206425702811245060e+01
1.154216867469879482e+01
1.348594377510040232e+01
1.148192771084337416e+01
1.558634538152610460e+01
1.220080321285140634e+01
1.462248995983935806e+01
1.248594377510040232e+01
1.119678714859437818e+01
1.371485943775100402e+01
8.614457831325301740e+00
1.025702811244979884e+01
1.097590361445783103e+01
1.062650602409638623e+01
8.959839357429718376e+00
1.116867469879518104e+01
1.102409638554216897e+01
1.620080321285140457e+01
1.251807228915662584e+01
1.185140562248995977e+01
1.030120481927710863e+01
1.135341365461847474e+01
1.489558232931726955e+01
1.171084337349397586e+01
1.092771084337349485e+01
1.482730923694779079e+01
1.162650602409638623e+01
1.130522088353413679e+01
1.118473895582329369e+01
1.363453815261044255e+01
9.879518072289156905e+00
1.004417670682730979e+01
1.173493975903614484e+01
1.398795180722891551e+01
1.251807228915662584e+01
1.114457831325301207e+01
1.008032128514056147e+01
1.007630522088353331e+01
1.185542168674698793e+01
1.099196787148594368e+01
8.646586345381525263e+00
1.177108433734939830e+01
1.120883534136546267e+01
1.179919678714859366e+01
1.477911646586345462e+01
9.224899598393573541e+00
1.057028112449799195e+01
1.048995983935743048e+01
1.056626506024096379e+01
1.677911646586345285e+01
1.067068273092369424e+01
1.186345381526104426e+01
1.062248995983935806e+01
1.126907630522088333e+01
1.119678714859437818e+01
7.763052208835341084e+00
1.075502008032128565e+01
1.006827309236947876e+01
1.843775100401606437e+01
9.012048192771084487e+00
1.333734939759036209e+01
9.313253012048193114e+00
9.638554216867470714e+00
9.550200803212851142e+00
1.233333333333333393e+01
9.775100401606426459e+00
1.321285140562249083e+01
1.101204819277108449e+01
1.013654618473895574e+01
1.209638554216867412e+01
1.126907630522088333e+01
1.006827309236947876e+01
9.787148594377509170e+00
1.222489959839357354e+01
1.744176706827309076e+01
8.771084337349398297e+00
9.879518072289156905e+00
2.179518072289156549e+01
1.242168674698795172e+01
1.319277108433735002e+01
1.389959839357429772e+01
1.398393574297188735e+01
1.123293172690762987e+01
1.164658634538152526e+01
1.367469879518072240e+01
9.971887550200802863e+00
1.222891566265060170e+01
1.032530120481927760e+01
1.246184738955823335e+01
9.004016064257028162e+00
1.117269076305220921e+01
1.326907630522088333e+01
1.134939759036144658e+01
1.078714859437750917e+01
9.634538152610442552e+00
1.189156626506024139e+01
1.518072289156626553e+01
1.338955823293172642e+01
1.326104417670682700e+01
1.172690763052208851e+01
1.165461847389558159e+01
1.295582329317269021e+01
1.034538152610441841e+01
1.128915662650602414e+01
1.297991967871485919e+01
1.233333333333333393e+01
1.450602409638554136e+01
9.915662650602410366e+00
1.106024096385542244e+01
1.077108433734939830e+01
1.005622489959839427e+01
1.071485943775100402e+01
1.212449799196787126e+01
1.082730923694779079e+01
1.231325301204819311e+01
8.445783132530120696e+00
1.065060240963855342e+01
1.151004016064256952e+01
1.366666666666666607e+01
9.678714859437750562e+00
1.910441767068273222e+01
1.032128514056224944e+01
1.141767068273092356e+01
9.116465863453814933e+00
9.995983935742971838e+00
8.674698795180722399e+00
1.062248995983935806e+01
8.248995983935742515e+00
9.738955823293172998e+00
1.798795180722891729e+01
1.250200803212851319e+01
8.325301204819277601e+00
8.899598393574297717e+00
1.050200803212851319e+01
8.622489959839358065e+00
1.264257028112449888e+01
1.185943775100401609e+01
9.698795180722891374e+00
9.136546184738955745e+00
1.446586345381526151e+01
9.060240963855422436e+00
1.083132530120481896e+01
1.131726907630522128e+01
1.177108433734939830e+01
1.117670682730923737e+01
7.650602409638554313e+00
1.218875502008032186e+01
1.388353413654618507e+01
1.111646586345381493e+01
1.036144578313252929e+01
1.110040160642570228e+01
8.827309236947790794e+00
1.189156626506024139e+01
1.106024096385542244e+01
1.359839357429718909e+01
1.125301204819277068e+01
1.407630522088353331e+01
1.097991967871485919e+01
1.259036144578313277e+01
1.269879518072289137e+01
1.081526104417670631e+01
1.274297188755020116e+01
1.027710843373493965e+01
1.552610441767068217e+01
9.550200803212851142e+00
1.100401606425702816e+01
1.459437751004016093e+01
9.345381526104418413e+00
1.065461847389558159e+01
1.669477911646586321e+01
1.397590361445783103e+01
1.003212851405622530e+01
1.125702811244979884e+01
1.152610441767068217e+01
1.005622489959839427e+01
1.495582329317269021e+01
1.219277108433735002e+01
1.487951807228915690e+01
9.979919678714859188e+00
1.191967871485943853e+01
1.152610441767068217e+01
1.093975903614457756e+01
1.578313253012048278e+01
1.582730923694779079e+01
1.075502008032128565e+01
7.522088353413654893e+00
1.045783132530120518e+01
9.891566265060241392e+00
7.642570281124497988e+00
9.678714859437750562e+00
9.008032128514056325e+00
9.859437751004016093e+00
1.306827309236947876e+01
1.016867469879518104e+01
1.298393574297188735e+01
1.339357429718875458e+01
1.151405622489959768e+01
9.136546184738955745e+00
1.250200803212851319e+01
1.330120481927710863e+01
1.352610441767068217e+01
1.220080321285140634e+01
1.150200803212851319e+01
1.312048192771084310e+01
1.035742971887550112e+01
8.052208835341366111e+00
8.630522088353414389e+00
1.450602409638554136e+01
8.875502008032128742e+00
1.202409638554216897e+01
1.074698795180722932e+01
9.353413654618474737e+00
1.426907630522088333e+01
9.710843373493975861e+00
1.170682730923694770e+01
1.152610441767068217e+01
1.064257028112449888e+01
1.185542168674698793e+01
1.048192771084337416e+01
1.140963855421686723e+01
1.085140562248995977e+01
1.032931726907630576e+01
1.631726907630521950e+01
1.142570281124497988e+01
1.168674698795180689e+01
1.021686746987951722e+01
1.091164658634538220e+01
1.174698795180722932e+01
1.086345381526104426e+01
1.202008032128514081e+01
1.286345381526104426e+01
1.157831325301204828e+01
8.361445783132529286e+00
1.056626506024096379e+01
1.073493975903614484e+01
1.059036144578313277e+01
1.020883534136546267e+01
9.939759036144577564e+00
1.087148594377510058e+01
1.197991967871485919e+01
9.397590361445782747e+00
1.333333333333333393e+01
9.176706827309237369e+00
1.363052208835341439e+01
1.265461847389558159e+01
8.855421686746987930e+00
1.024497991967871435e+01
9.787148594377509170e+00
1.417670682730923737e+01
1.341365461847389540e+01
8.730923694779116673e+00
1.035742971887550112e+01
1.079116465863453733e+01
1.024497991967871435e+01
1.167871485943775056e+01
1.108835341365461780e+01
1.265060240963855342e+01
8.518072289156625843e+00
1.065461847389558159e+01
1.800401606425702639e+01
1.428112449799196781e+01
1.682730923694779079e+01
9.321285140562249438e+00
1.161847389558232990e+01
1.255823293172690747e+01
1.151807228915662584e+01
1.626907630522088510e+01
1.137349397590361377e+01
1.127309236947791149e+01
1.342971887550200805e+01
7.931726907630522128e+00
1.004819277108433795e+01
1.106425702811245060e+01
7.429718875502008046e+00
1.177108433734939830e+01
1.301204819277108449e+01
1.075100401606425748e+01
9.321285140562249438e+00
1.387148594377510058e+01
1.081124497991967814e+01
1.132128514056224944e+01
1.218473895582329369e+01
1.727309236947791149e+01
1.043373493975903621e+01
1.202409638554216897e+01
1.273092369477911667e+01
1.102008032128514081e+01
8.795180722891565495e+00
1.180722891566264998e+01
1.097188755020080286e+01
1.065461847389558159e+01
1.044578313253012070e+01
1.220481927710843451e+01
1.325702811244979884e+01
1.303212851405622530e+01
1.113654618473895574e+01
1.368674698795180689e+01
1.020883534136546267e+01
1.097188755020080286e+01
1.457831325301204828e+01
9.534136546184738492e+00
1.232931726907630576e+01
1.375502008032128565e+01
1.138955823293172642e+01
1.302811244979919714e+01
1.242971887550200805e+01
8.429718875502008046e+00
9.706827309236947698e+00
1.147389558232931783e+01
1.265863453815260975e+01
1.512449799196787126e+01
8.586345381526104603e+00
1.278714859437750917e+01
9.076305220883533309e+00
1.239759036144578275e+01
1.025702811244979884e+01
1.242168674698795172e+01
1.198393574297188735e+01
9.847389558232931606e+00
1.134136546184739025e+01
1.042168674698795172e+01
9.915662650602410366e+00
1.053012048192771033e+01
1.061044176706827358e+01
8.738955823293172998e+00
1.277108433734939830e+01
1.101606425702811265e+01
1.230522088353413679e+01
1.078313253012048278e+01
1.248192771084337416e+01
9.164658634538152882e+00
1.598795180722891551e+01
1.363453815261044255e+01
9.080321285140561471e+00
1.474297188755020116e+01
8.369477911646585611e+00
1.064257028112449888e+01
1.217269076305220921e+01
1.288353413654618507e+01
1.354618473895582298e+01
1.187951807228915690e+01
1.138554216867469826e+01
9.164658634538152882e+00
1.036144578313252929e+01
8.915662650602410366e+00
1.284738955823293161e+01
1.348594377510040232e+01
1.484337349397590344e+01
1.212851405622489942e+01
8.208835341365462668e+00
1.062248995983935806e+01
1.079116465863453733e+01
1.304016064257028162e+01
1.297188755020080286e+01
1.108433734939758963e+01
1.152208835341365400e+01
9.875502008032128742e+00
1.959036144578313099e+01
1.093574297188754940e+01
1.215261044176706839e+01
1.149397590361445864e+01
1.061847389558232990e+01
1.240963855421686723e+01
1.053413654618473849e+01
1.641365461847389540e+01
9.060240963855422436e+00
9.164658634538152882e+00
1.289959839357429772e+01
9.602409638554217253e+00
1.411244979919678677e+01
1.065060240963855342e+01
9.397590361445782747e+00
1.058232931726907644e+01
8.742971887550201160e+00
1.436144578313252929e+01
1.202008032128514081e+01
1.161847389558232990e+01
1.000000000000000000e+01
9.120481927710843095e+00
8.449799196787148858e+00
8.413654618473895397e+00
1.274297188755020116e+01
1.175903614457831381e+01
8.883534136546185067e+00
8.931726907630521239e+00
1.305220883534136611e+01
1.264658634538152526e+01
1.105622489959839427e+01
1.152208835341365400e+01
9.313253012048193114e+00
1.064658634538152526e+01
1.066265060240963791e+01
1.296787148594377470e+01
1.023293172690762987e+01
1.039357429718875458e+01
1.006425702811245060e+01
9.983935742971887350e+00
1.070281124497991954e+01
1.094377510040160573e+01
9.967871485943774701e+00
1.120080321285140634e+01
1.312851405622489942e+01
1.110040160642570228e+01
1.338955823293172642e+01
1.004417670682730979e+01
1.255823293172690747e+01
1.338955823293172642e+01
9.510040160642569518e+00
1.285943775100401609e+01
1.331726907630522128e+01
9.064257028112450598e+00
1.210040160642570228e+01
9.618473895582329902e+00
1.061044176706827358e+01
1.068273092369477872e+01
1.185542168674698793e+01
1.132931726907630576e+01
1.773092369477911490e+01
9.277108433734939652e+00
1.125301204819277068e+01
8.951807228915662051e+00
1.378714859437750917e+01
1.056626506024096379e+01
1.273092369477911667e+01
1.223293172690762987e+01
1.352208835341365400e+01
9.871485943775100580e+00
1.179518072289156549e+01
8.923694779116466691e+00
9.072289156626505147e+00
9.911646586345382204e+00
8.959839357429718376e+00
1.238152610441767010e+01
1.463052208835341439e+01
1.279518072289156549e+01
1.390361445783132588e+01
1.096385542168674654e+01
1.455823293172690747e+01
1.476706827309237013e+01
1.143373493975903621e+01
1.112048192771084310e+01
1.080321285140562182e+01
1.123293172690762987e+01
1.286746987951807242e+01
1.638554216867470004e+01
9.361445783132529286e+00
1.255823293172690747e+01
8.381526104417670098e+00
1.379116465863453733e+01
1.101606425702811265e+01
1.119678714859437818e+01
1.078313253012048278e+01
1.403212851405622530e+01
1.129718875502008046e+01
1.303212851405622530e+01
1.249799196787148681e+01
1.080722891566264998e+01
1.251405622489959768e+01
1.405220883534136611e+01
1.059839357429718909e+01
9.642570281124498877e+00
1.133734939759036209e+01
9.915662650602410366e+00
9.349397590361446575e+00
1.073092369477911667e+01
1.222489959839357354e+01
1.081927710843373447e+01
1.403614457831325346e+01
1.008433734939758963e+01
1.073493975903614484e+01
9.706827309236947698e+00
1.117269076305220921e+01
1.106024096385542244e+01
1.008032128514056147e+01
9.819277108433734469e+00
8.172690763052209206e+00
9.204819277108434505e+00
1.193975903614457756e+01
1.059839357429718909e+01
1.242168674698795172e+01
9.626506024096386227e+00
1.298393574297188735e+01
1.189156626506024139e+01
9.634538152610442552e+00
1.294779116465863389e+01
8.630522088353414389e+00
9.028112449799197137e+00
1.164658634538152526e+01
1.190763052208835404e+01
1.287148594377510058e+01
1.204016064257028162e+01
9.461847389558233345e+00
1.225301204819277068e+01
1.548594377510040232e+01
1.132128514056224944e+01
1.421686746987951722e+01
1.061445783132530174e+01
1.212449799196787126e+01
1.283132530120481896e+01
9.987951807228915513e+00
1.546586345381526151e+01
6.823293172690762631e+00
9.273092369477911490e+00
1.784337349397590344e+01
1.297188755020080286e+01
1.036947791164658561e+01
1.172289156626506035e+01
7.538152610441766655e+00
1.326104417670682700e+01
1.339357429718875458e+01
9.638554216867470714e+00
1.270682730923694770e+01
1.450602409638554136e+01
1.226104417670682700e+01
1.012851405622489942e+01
9.642570281124498877e+00
1.347389558232931783e+01
1.006827309236947876e+01
1.006024096385542244e+01
1.151405622489959768e+01
8.875502008032128742e+00
1.148192771084337416e+01
1.135341365461847474e+01
1.155421686746987930e+01
9.959839357429718376e+00
8.445783132530120696e+00
9.397590361445782747e+00
8.192771084337350018e+00
1.578714859437750917e+01
9.224899598393573541e+00
1.613253012048192758e+01
1.048995983935743048e+01
1.257831325301204828e+01
1.081124497991967814e+01
1.061847389558232990e+01
8.863453815261044255e+00
9.863453815261044255e+00
1.133734939759036209e+01
1.097188755020080286e+01
7.839357429718875281e+00
1.247389558232931783e+01
1.055421686746987930e+01
1.045381526104417702e+01
1.369477911646586321e+01
1.031325301204819311e+01
1.015261044176706839e+01
9.032128514056225299e+00
1.511646586345381493e+01
1.357831325301204828e+01
1.054216867469879482e+01
1.079919678714859366e+01
8.497991967871486807e+00
1.144578313253012070e+01
1.193574297188754940e+01
1.099598393574297184e+01
1.383534136546184712e+01
1.528514056224899598e+01
1.114056224899598391e+01
9.622489959839358065e+00
1.267068273092369424e+01
1.196385542168674654e+01
1.410441767068273045e+01
1.606024096385542066e+01
1.475100401606425748e+01
1.233734939759036209e+01
1.197188755020080286e+01
1.188755020080321323e+01
1.012048192771084310e+01
1.069879518072289137e+01
1.149799196787148681e+01
1.253012048192771033e+01
1.307228915662650515e+01
9.393574297188754585e+00
9.176706827309237369e+00
1.116465863453815288e+01
9.995983935742971838e+00
9.289156626506024139e+00
1.504417670682730979e+01
1.153012048192771033e+01
9.437751004016064371e+00
1.460642570281124542e+01
1.018473895582329369e+01
1.059036144578313277e+01
1.459437751004016093e+01
1.091164658634538220e+01
1.204417670682730979e+01
1.216465863453815288e+01
1.217269076305220921e+01
1.067469879518072240e+01
9.417670682730923559e+00
8.895582329317269554e+00
1.230522088353413679e+01
9.995983935742971838e+00
1.204417670682730979e+01
9.658634538152609750e+00
1.008032128514056147e+01
1.193574297188754940e+01
1.092771084337349485e+01
1.419277108433735002e+01
1.704819277108433795e+01
1.320883534136546267e+01
1.191566265060241037e+01
7.823293172690762631e+00
1.102811244979919714e+01
9.453815261044177021e+00
1.553012048192771033e+01
1.056224899598393563e+01
1.141767068273092356e+01
1.183935742971887528e+01
1.008433734939758963e+01
1.225301204819277068e+01
1.139759036144578275e+01
1.192771084337349485e+01
1.288353413654618507e+01
1.376706827309237013e+01
1.037751004016064194e+01
1.523694779116465803e+01
1.132530120481927760e+01
1.028915662650602414e+01
1.134538152610441841e+01
1.786746987951807242e+01
1.109236947791164596e+01
1.134136546184739025e+01
1.414457831325301207e+01
1.118875502008032186e+01
1.171887550200803219e+01
1.594779116465863389e+01
1.462650602409638623e+01
9.658634538152609750e+00
9.799196787148593657e+00
1.053413654618473849e+01
1.270281124497991954e+01
8.867469879518072418e+00
1.148192771084337416e+01
8.967871485943774701e+00
1.148594377510040232e+01
1.151807228915662584e+01
7.887550200803213230e+00
1.044578313253012070e+01
1.483534136546184712e+01
1.547389558232931783e+01
1.432530120481927760e+01
1.153413654618473849e+01
7.963855421686747427e+00
1.155020080321285114e+01
1.068674698795180689e+01
1.169477911646586321e+01
1.227710843373493965e+01
8.670682730923694237e+00
1.387550200803212874e+01
1.156626506024096379e+01
9.650602409638553425e+00
1.348594377510040232e+01
1.200401606425702816e+01
1.103212851405622530e+01
9.807228915662649982e+00
1.072690763052208851e+01
9.891566265060241392e+00
1.072690763052208851e+01
1.285943775100401609e+01
1.224899598393574252e+01
1.462650602409638623e+01
1.226506024096385516e+01
9.550200803212851142e+00
1.089156626506024139e+01
9.345381526104418413e+00
1.597188755020080286e+01
9.666666666666666075e+00
9.578313253012048278e+00
1.229317269076305230e+01
1.094377510040160573e+01
8.987951807228915513e+00
1.221686746987951722e+01
1.014056224899598391e+01
1.640562248995983907e+01
1.245381526104417702e+01
9.943775100401605727e+00
9.248995983935742515e+00
1.239759036144578275e+01
1.073493975903614484e+01
1.197188755020080286e+01
1.006024096385542244e+01
9.216867469879517216e+00
1.073092369477911667e+01
1.050200803212851319e+01
9.726907630522088510e+00
1.044578313253012070e+01
1.483534136546184712e+01
1.176706827309237013e+01
1.056224899598393563e+01
1.128112449799196781e+01
9.947791164658633889e+00
1.159036144578313277e+01
1.189959839357429772e+01
8.413654618473895397e+00
1.259437751004016093e+01
9.534136546184738492e+00
8.859437751004016093e+00
1.122489959839357354e+01
1.093172690763052124e+01
1.037349397590361377e+01
1.074698795180722932e+01
1.148995983935743048e+01
9.847389558232931606e+00
1.046184738955823335e+01
9.722891566265060348e+00
1.656224899598393563e+01
1.310441767068273045e+01
9.012048192771084487e+00
1.085542168674698793e+01
9.702811244979919536e+00
9.546184738955822979e+00
1.072289156626506035e+01
1.173092369477911667e+01
1.118473895582329369e+01
1.275502008032128565e+01
8.449799196787148858e+00
1.491566265060241037e+01
8.036144578313253461e+00
1.023694779116465803e+01
1.139759036144578275e+01
1.307630522088353331e+01
9.417670682730923559e+00
1.359839357429718909e+01
1.107228915662650515e+01
1.098393574297188735e+01
1.054618473895582298e+01
1.563855421686747071e+01
1.232128514056224944e+01
1.383132530120481896e+01
7.787148594377510058e+00
1.262650602409638623e+01
1.070682730923694770e+01
1.069477911646586321e+01
9.763052208835341972e+00
9.526104417670682167e+00
1.022891566265060170e+01
1.083132530120481896e+01
7.722891566265060348e+00
1.080321285140562182e+01
1.366666666666666607e+01
8.955823293172690214e+00
1.523694779116465803e+01
1.085943775100401609e+01
9.606425702811245415e+00
1.021686746987951722e+01
1.309236947791164596e+01
1.359036144578313277e+01
1.022489959839357354e+01
1.041365461847389540e+01
1.373493975903614484e+01
1.124899598393574252e+01
1.128514056224899598e+01
9.670682730923694237e+00
1.104417670682730979e+01
9.767068273092370134e+00
1.061445783132530174e+01
1.241767068273092356e+01
1.233333333333333393e+01
1.265461847389558159e+01
1.152208835341365400e+01
9.831325301204818956e+00
1.338955823293172642e+01
1.475502008032128565e+01
1.195180722891566205e+01
9.642570281124498877e+00
9.224899598393573541e+00
1.414457831325301207e+01
1.141365461847389540e+01
1.223694779116465803e+01
1.156224899598393563e+01
1.227309236947791149e+01
1.390361445783132588e+01
9.755020080321285647e+00
1.165863453815260975e+01
1.145783132530120518e+01
9.779116465863454621e+00
8.140562248995983907e+00
1.229718875502008046e+01
1.418072289156626553e+01
1.016867469879518104e+01
1.092369477911646669e+01
1.349799196787148681e+01
1.152208835341365400e+01
1.241365461847389540e+01
1.055421686746987930e+01
1.236947791164658561e+01
8.895582329317269554e+00
1.294377510040160573e+01
9.678714859437750562e+00
1.161044176706827358e+01
8.939759036144577564e+00
1.659839357429718731e+01
9.634538152610442552e+00
1.365863453815260975e+01
1.078714859437750917e+01
1.356224899598393563e+01
1.088353413654618507e+01
1.193574297188754940e+01
9.875502008032128742e+00
1.045381526104417702e+01
1.067068273092369424e+01
1.176305220883534197e+01
1.180722891566264998e+01
1.280321285140562182e+01
1.415261044176706839e+01
1.654216867469879659e+01
7.775100401606425571e+00
9.955823293172690214e+00
1.391164658634538220e+01
1.125301204819277068e+01
1.415261044176706839e+01
1.196385542168674654e+01
1.322489959839357354e+01
1.073092369477911667e+01
8.642570281124498877e+00
1.177108433734939830e+01
1.445381526104417702e+01
1.207630522088353331e+01
1.256224899598393563e+01
1.200401606425702816e+01
1.343775100401606437e+01
9.979919678714859188e+00
1.298393574297188735e+01
8.530120481927710330e+00
1.286746987951807242e+01
1.020080321285140634e+01
1.320883534136546267e+01
1.557028112449799195e+01
9.168674698795181044e+00
1.224899598393574252e+01
1.037349397590361377e+01
1.002811244979919714e+01
1.169477911646586321e+01
9.931726907630521239e+00
9.907630522088354041e+00
1.378714859437750917e+01
8.775100401606426459e+00
1.088353413654618507e+01
1.059036144578313277e+01
1.075100401606425748e+01
1.088755020080321323e+01
9.028112449799197137e+00
1.380722891566264998e+01
1.065863453815260975e+01
1.265863453815260975e+01
9.184738955823293693e+00
1.127710843373493965e+01
1.271887550200803219e+01
9.244979919678714353e+00
1.340562248995983907e+01
1.589156626506024139e+01
9.365461847389557448e+00
1.706827309236947698e+01
9.883534136546185067e+00
1.066265060240963791e+01
1.563052208835341439e+01
9.265060240963855165e+00
1.280321285140562182e+01
1.127309236947791149e+01
1.180321285140562182e+01
1.355421686746987930e+01
1.138554216867469826e+01
9.293172690763052302e+00
1.051004016064256952e+01
9.935742971887549402e+00
9.349397590361446575e+00
1.175100401606425748e+01
1.191164658634538220e+01
9.771084337349398297e+00
9.670682730923694237e+00
1.048594377510040232e+01
1.024899598393574252e+01
1.008433734939758963e+01
1.414859437751004023e+01
1.077108433734939830e+01
1.143775100401606437e+01
1.217670682730923737e+01
1.040160642570281091e+01
1.243775100401606437e+01
9.389558232931726423e+00
1.202409638554216897e+01
9.506024096385541355e+00
1.027309236947791149e+01
1.515662650602409656e+01
7.959839357429719264e+00
1.175502008032128565e+01
1.277108433734939830e+01
1.130923694779116495e+01
9.658634538152609750e+00
1.173493975903614484e+01
9.795180722891565495e+00
1.067871485943775056e+01
1.577510040160642646e+01
1.378714859437750917e+01
1.522489959839357354e+01
1.260240963855421725e+01
9.927710843373494853e+00
1.127309236947791149e+01
1.067469879518072240e+01
1.155823293172690747e+01
1.192771084337349485e+01
1.483935742971887528e+01
1.124497991967871435e+01
1.066265060240963791e+01
9.321285140562249438e+00
1.047389558232931783e+01
8.473895582329317833e+00
1.194377510040160573e+01
9.301204819277108626e+00
1.281526104417670631e+01
1.732128514056224944e+01
1.085943775100401609e+01
1.613253012048192758e+01
9.441767068273092534e+00
1.497991967871485919e+01
1.130522088353413679e+01
1.235742971887550112e+01
9.116465863453814933e+00
9.148594377510040232e+00
9.180722891566265531e+00
1.058634538152610460e+01
1.193574297188754940e+01
1.274698795180722932e+01
1.034939759036144658e+01
1.011244979919678677e+01
1.034136546184739025e+01
1.304016064257028162e+01
1.037349397590361377e+01
1.391566265060241037e+01
1.028915662650602414e+01
1.335742971887550112e+01
1.446987951807228967e+01
1.233333333333333393e+01
1.060240963855421725e+01
8.991967871485943675e+00
1.856626506024096557e+01
1.244979919678714886e+01
9.991967871485943675e+00
1.198795180722891551e+01
9.931726907630521239e+00
1.407228915662650515e+01
9.650602409638553425e+00
1.255421686746987930e+01
1.216867469879518104e+01
1.082730923694779079e+01
1.218473895582329369e+01
1.083534136546184712e+01
1.448594377510040232e+01
1.989156626506024139e+01
1.193172690763052124e+01
1.060642570281124542e+01
1.010040160642570228e+01
1.577108433734939830e+01
9.084337349397589634e+00
8.417670682730923559e+00
1.194779116465863389e+01
1.073493975903614484e+01
1.057028112449799195e+01
1.383132530120481896e+01
1.081927710843373447e+01
8.755020080321285647e+00
9.164658634538152882e+00
1.232530120481927760e+01
1.130120481927710863e+01
1.027710843373493965e+01
1.091967871485943853e+01
1.025301204819277068e+01
1.255421686746987930e+01
1.100803212851405632e+01
8.763052208835341972e+00
1.314056224899598391e+01
1.717269076305220921e+01
7.148594377510040232e+00
9.847389558232931606e+00
1.138955823293172642e+01
9.301204819277108626e+00
1.050602409638554136e+01
1.234939759036144658e+01
1.089959839357429772e+01
1.208433734939758963e+01
9.987951807228915513e+00
1.023694779116465803e+01
1.026104417670682700e+01
8.088353413654617796e+00
8.457831325301205183e+00
1.121686746987951722e+01
1.190763052208835404e+01
1.432931726907630576e+01
1.393975903614457756e+01
9.835341365461847118e+00
1.103614457831325346e+01
1.254618473895582298e+01
1.109236947791164596e+01
1.118875502008032186e+01
1.001204819277108449e+01
8.943775100401605727e+00
1.338554216867469826e+01
1.304417670682730979e+01
1.116465863453815288e+01
1.002008032128514081e+01
8.694779116465863211e+00
1.308032128514056147e+01
9.313253012048193114e+00
7.811244979919679032e+00
1.028514056224899598e+01
1.167469879518072240e+01
1.181124497991967814e+01
1.000401606425702816e+01
1.329718875502008046e+01
1.156626506024096379e+01
1.510441767068273045e+01
9.751004016064257485e+00
1.210040160642570228e+01
1.298795180722891551e+01
1.057831325301204828e+01
1.168674698795180689e+01
1.359839357429718909e+01
1.222088353413654538e+01
1.530522088353413679e+01
7.558232931726907466e+00
9.590361445783132766e+00
1.006827309236947876e+01
1.520080321285140634e+01
9.887550200803213230e+00
1.053012048192771033e+01
1.350602409638554136e+01
1.168674698795180689e+01
1.172289156626506035e+01
1.588353413654618507e+01
9.373493975903613773e+00
1.056626506024096379e+01
1.201204819277108449e+01
1.231726907630522128e+01
7.506024096385542244e+00
1.176305220883534197e+01
1.066265060240963791e+01
1.082730923694779079e+01
8.481927710843374157e+00
9.373493975903613773e+00
1.030120481927710863e+01
1.938152610441767010e+01
1.278714859437750917e+01
1.034538152610441841e+01
1.654618473895582298e+01
1.079919678714859366e+01
1.023694779116465803e+01
1.036546184738955745e+01
7.803212851405622708e+00
1.424497991967871435e+01
1.153012048192771033e+01
1.254216867469879482e+01
1.200803212851405632e+01
1.121285140562249083e+01
1.075100401606425748e+01
1.488353413654618507e+01
1.138554216867469826e+01
1.026104417670682700e+01
1.095582329317269021e+01
1.171887550200803219e+01
1.232128514056224944e+01
1.005622489959839427e+01
6.919678714859437640e+00
1.135341365461847474e+01
1.421285140562249083e+01
1.379518072289156549e+01
1.136947791164658561e+01
1.014056224899598391e+01
1.020481927710843451e+01
1.284738955823293161e+01
9.204819277108434505e+00
1.082730923694779079e+01
1.028112449799196781e+01
1.211244979919678677e+01
1.250200803212851319e+01
1.110040160642570228e+01
1.378313253012048278e+01
9.261044176706827002e+00
1.133333333333333393e+01
1.078313253012048278e+01
1.280321285140562182e+01
1.105220883534136611e+01
1.061044176706827358e+01
1.268674698795180689e+01
1.302811244979919714e+01
1.159839357429718909e+01
8.686746987951806886e+00
1.063453815261044255e+01
1.457429718875502012e+01
1.124096385542168619e+01
9.056224899598394273e+00
1.080321285140562182e+01
9.899598393574297717e+00
1.493975903614457756e+01
1.137751004016064194e+01
1.169879518072289137e+01
1.393172690763052124e+01
1.015662650602409656e+01
1.305220883534136611e+01
1.010843373493975861e+01
1.331726907630522128e+01
1.086345381526104426e+01
1.060642570281124542e+01
9.028112449799197137e+00
8.156626506024096557e+00
1.118473895582329369e+01
1.270281124497991954e+01
1.065461847389558159e+01
9.441767068273092534e+00
9.646586345381525263e+00
1.076706827309237013e+01
1.086345381526104426e+01
1.034538152610441841e+01
1.516465863453815288e+01
1.285542168674698793e+01
1.210441767068273045e+01
1.155421686746987930e+01
1.085943775100401609e+01
1.376706827309237013e+01
8.253012048192770678e+00
1.006425702811245060e+01
1.117269076305220921e+01
1.161044176706827358e+01
1.222088353413654538e+01
1.097188755020080286e+01
1.236144578313252929e+01
1.252610441767068217e+01
1.163052208835341439e+01
1.172690763052208851e+01
1.069879518072289137e+01
1.286746987951807242e+01
1.224096385542168619e+01
1.463052208835341439e+01
9.831325301204818956e+00
1.854216867469879659e+01
9.405622489959839072e+00
1.347791164658634600e+01
9.409638554216867234e+00
7.935742971887550290e+00
1.259437751004016093e+01
1.282329317269076263e+01
9.843373493975903443e+00
9.108433734939758608e+00
9.196787148594378181e+00
9.915662650602410366e+00
1.418875502008032186e+01
9.200803212851406343e+00
1.025301204819277068e+01
1.185943775100401609e+01
1.026506024096385516e+01
1.192369477911646669e+01
9.104417670682730446e+00
1.393172690763052124e+01
1.000401606425702816e+01
1.210040160642570228e+01
1.312449799196787126e+01
1.288353413654618507e+01
1.146586345381526151e+01
9.863453815261044255e+00
1.067871485943775056e+01
1.075903614457831381e+01
1.436546184738955745e+01
1.060240963855421725e+01
1.048995983935743048e+01
1.279116465863453733e+01
1.238955823293172642e+01
1.285542168674698793e+01
9.682730923694778724e+00
1.137751004016064194e+01
1.225301204819277068e+01
1.093172690763052124e+01
1.359839357429718909e+01
1.045381526104417702e+01
1.693574297188754940e+01
1.512851405622489942e+01
1.969076305220883683e+01
8.449799196787148858e+00
9.919678714859438529e+00
1.483935742971887528e+01
1.175903614457831381e+01
1.344176706827309253e+01
1.010040160642570228e+01
1.133734939759036209e+01
1.199598393574297184e+01
1.230923694779116495e+01
1.140963855421686723e+01
1.033734939759036209e+01
1.138955823293172642e+01
1.325301204819277068e+01
1.212048192771084310e+01
1.484738955823293161e+01
1.063052208835341439e+01
1.001204819277108449e+01
1.042971887550200805e+01
1.166666666666666607e+01
1.093172690763052124e+01
1.282730923694779079e+01
1.145783132530120518e+01
1.044578313253012070e+01
1.087148594377510058e+01
1.375100401606425748e+01
1.164257028112449888e+01
1.221686746987951722e+01
7.823293172690762631e+00
1.100000000000000000e+01
9.192771084337350018e+00
1.237349397590361377e+01
9.566265060240963791e+00
1.726907630522088510e+01
1.283132530120481896e+01
1.350200803212851319e+01
1.091566265060241037e+01
1.112048192771084310e+01
1.269477911646586321e+01
1.039759036144578275e+01
1.154618473895582298e+01
8.935742971887549402e+00
9.506024096385541355e+00
1.246586345381526151e+01
1.042570281124497988e+01
9.630522088353414389e+00
1.465461847389558159e+01
1.169879518072289137e+01
1.489959839357429772e+01
9.807228915662649982e+00
9.710843373493975861e+00
1.250200803212851319e+01
9.907630522088354041e+00
8.843373493975903443e+00
1.061847389558232990e+01
1.193574297188754940e+01
1.146586345381526151e+01
9.538152610441766655e+00
8.634538152610442552e+00
1.699598393574297361e+01
1.068273092369477872e+01
1.063052208835341439e+01
1.826506024096385516e+01
1.000401606425702816e+01
1.201606425702811265e+01
9.128514056224899420e+00
1.110441767068273045e+01
9.915662650602410366e+00
1.245381526104417702e+01
1.165060240963855342e+01
1.292771084337349485e+01
1.081927710843373447e+01
9.899598393574297717e+00
9.172690763052209206e+00
1.292369477911646669e+01
1.222489959839357354e+01
1.070281124497991954e+01
9.092369477911645959e+00
1.065863453815260975e+01
9.433734939759036209e+00
1.213654618473895574e+01
1.024497991967871435e+01
1.156626506024096379e+01
9.373493975903613773e+00
1.055823293172690747e+01
1.269076305220883505e+01
1.259839357429718909e+01
9.751004016064257485e+00
1.029718875502008046e+01
1.142971887550200805e+01
1.493172690763052124e+01
1.016867469879518104e+01
1.080722891566264998e+01
1.025301204819277068e+01
9.365461847389557448e+00
1.235742971887550112e+01
9.871485943775100580e+00
9.803212851405621819e+00
9.710843373493975861e+00
1.038955823293172642e+01
1.386345381526104426e+01
9.437751004016064371e+00
1.174698795180722932e+01
1.422088353413654538e+01
1.142168674698795172e+01
1.047791164658634600e+01
1.091164658634538220e+01
9.534136546184738492e+00
1.140160642570281091e+01
1.042971887550200805e+01
9.349397590361446575e+00
9.530120481927710330e+00
9.365461847389557448e+00
1.017670682730923737e+01
1.235742971887550112e+01
8.734939759036144835e+00
9.136546184738955745e+00
1.220481927710843451e+01
1.077911646586345462e+01
1.355020080321285114e+01
1.113253012048192758e+01
1.275100401606425748e+01
9.056224899598394273e+00
9.429718875502008046e+00
1.126104417670682700e+01
1.184337349397590344e+01
1.072690763052208851e+01
8.453815261044177021e+00
9.763052208835341972e+00
1.294377510040160573e+01
1.048192771084337416e+01
1.085943775100401609e+01
1.327710843373493965e+01
1.062248995983935806e+01
1.180722891566264998e+01
1.047791164658634600e+01
1.165863453815260975e+01
9.473895582329317833e+00
1.161445783132530174e+01
1.093172690763052124e+01
1.672690763052208851e+01
1.093975903614457756e+01
1.377911646586345462e+01
1.320481927710843451e+01
1.177911646586345462e+01
1.440963855421686723e+01
1.222891566265060170e+01
9.530120481927710330e+00
1.290361445783132588e+01
1.024497991967871435e+01
9.871485943775100580e+00
8.662650602409637912e+00
1.092771084337349485e+01
1.119277108433735002e+01
1.545783132530120518e+01
1.218875502008032186e+01
1.221686746987951722e+01
1.084738955823293161e+01
1.496787148594377470e+01
1.324497991967871435e+01
9.216867469879517216e+00
1.415662650602409656e+01
1.335742971887550112e+01
1.215662650602409656e+01
1.441365461847389540e+01
1.462650602409638623e+01
1.096787148594377470e+01
1.019678714859437818e+01
9.357429718875501123e+00
1.059437751004016093e+01
1.093574297188754940e+01
9.224899598393573541e+00
1.199598393574297184e+01
1.661847389558232990e+01
9.706827309236947698e+00
1.100401606425702816e+01
1.146987951807228967e+01
1.143373493975903621e+01
1.108433734939758963e+01
1.102409638554216897e+01
1.065863453815260975e+01
9.995983935742971838e+00
1.012851405622489942e+01
1.178714859437750917e+01
1.024497991967871435e+01
1.134538152610441841e+01
9.441767068273092534e+00
9.092369477911645959e+00
1.361445783132530174e+01
8.642570281124498877e+00
9.678714859437750562e+00
1.100803212851405632e+01
9.076305220883533309e+00
1.080321285140562182e+01
1.059839357429718909e+01
8.108433734939758608e+00
8.453815261044177021e+00
1.567871485943775056e+01
1.182730923694779079e+01
1.695983935742971838e+01
9.835341365461847118e+00
1.534538152610441841e+01
1.277510040160642646e+01
1.106024096385542244e+01
1.098795180722891551e+01
9.212851405622490830e+00
8.650602409638553425e+00
1.291566265060241037e+01
1.460642570281124542e+01
1.130120481927710863e+01
8.176706827309237369e+00
1.202008032128514081e+01
1.074698795180722932e+01
9.594377510040160928e+00
1.095180722891566205e+01
1.006024096385542244e+01
9.112449799196786770e+00
8.220883534136545379e+00
1.113654618473895574e+01
1.518473895582329369e+01
1.358634538152610460e+01
1.176305220883534197e+01
1.063052208835341439e+01
1.750602409638554136e+01
9.702811244979919536e+00
1.030522088353413679e+01
1.683935742971887706e+01
1.129317269076305230e+01
1.176305220883534197e+01
1.067469879518072240e+01
1.248594377510040232e+01
1.352208835341365400e+01
1.234136546184739025e+01
9.634538152610442552e+00
9.385542168674698260e+00
1.268273092369477872e+01
1.238152610441767010e+01
1.208433734939758963e+01
9.751004016064257485e+00
1.213253012048192758e+01
1.226104417670682700e+01
1.003212851405622530e+01
1.230522088353413679e+01
8.188755020080321856e+00
1.070281124497991954e+01
9.144578313253012070e+00
1.017670682730923737e+01
9.530120481927710330e+00
1.061445783132530174e+01
1.025702811244979884e+01
8.823293172690762631e+00
1.010843373493975861e+01
1.034538152610441841e+01
8.546184738955822979e+00
1.262650602409638623e+01
9.698795180722891374e+00
1.389558232931726955e+01
7.562248995983935629e+00
1.212449799196787126e+01
9.518072289156625843e+00
1.177911646586345462e+01
1.211244979919678677e+01
1.576706827309237013e+01
1.171485943775100402e+01
1.037751004016064194e+01
1.020080321285140634e+01
1.125702811244979884e+01
1.029718875502008046e+01
1.266265060240963791e+01
6.899598393574296828e+00
8.827309236947790794e+00
9.341365461847390250e+00
9.534136546184738492e+00
1.192369477911646669e+01
1.316064257028112472e+01
8.554216867469879304e+00
1.067068273092369424e+01
8.357429718875501123e+00
1.767068273092369424e+01
1.077108433734939830e+01
1.070682730923694770e+01
1.233734939759036209e+01
1.436144578313252929e+01
1.075502008032128565e+01
9.662650602409637912e+00
1.355020080321285114e+01
7.742971887550201160e+00
1.002811244979919714e+01
1.467871485943775056e+01
1.256224899598393563e+01
1.413654618473895574e+01
1.241365461847389540e+01
1.074698795180722932e+01
1.186345381526104426e+01
1.208032128514056147e+01
1.068273092369477872e+01
1.167871485943775056e+01
9.485943775100402320e+00
9.502008032128513193e+00
1.341767068273092356e+01
1.258232931726907644e+01
1.255421686746987930e+01
1.032530120481927760e+01
1.042168674698795172e+01
1.144578313253012070e+01
1.200000000000000000e+01
1.050200803212851319e+01
1.083132530120481896e+01
1.079116465863453733e+01
1.079518072289156549e+01
1.173092369477911667e+01
1.118875502008032186e+01
1.025301204819277068e+01
1.022891566265060170e+01
1.048995983935743048e+01
1.109638554216867412e+01
9.044176706827309786e+00
1.047791164658634600e+01
1.181526104417670631e+01
9.839357429718875281e+00
1.223694779116465803e+01
1.193172690763052124e+01
1.166265060240963791e+01
1.182730923694779079e+01
9.188755020080321856e+00
8.514056224899597680e+00
1.126506024096385516e+01
1.436546184738955745e+01
1.016064257028112472e+01
1.131325301204819311e+01
1.360240963855421725e+01
1.290763052208835404e+01
1.121285140562249083e+01
1.060642570281124542e+01
9.052208835341366111e+00
1.045381526104417702e+01
9.076305220883533309e+00
1.070682730923694770e+01
9.244979919678714353e+00
1.093975903614457756e+01
1.121686746987951722e+01
1.012048192771084310e+01
1.030923694779116495e+01
1.010040160642570228e+01
8.939759036144577564e+00
1.164257028112449888e+01
1.363052208835341439e+01
1.207630522088353331e+01
7.734939759036144835e+00
1.100401606425702816e+01
1.261847389558232990e+01
1.293975903614457756e+01
1.056224899598393563e+01
1.312048192771084310e+01
9.060240963855422436e+00
1.153012048192771033e+01
1.065461847389558159e+01
1.394377510040160573e+01
9.056224899598394273e+00
1.693574297188754940e+01
1.073895582329317300e+01
9.184738955823293693e+00
1.291967871485943853e+01
1.039759036144578275e+01
9.056224899598394273e+00
1.009638554216867412e+01
1.669879518072289315e+01
9.630522088353414389e+00
1.018473895582329369e+01
1.308835341365461780e+01
1.135341365461847474e+01
1.403614457831325346e+01
1.095582329317269021e+01
