1.913654618473895752e+01
3.565863453815261153e+01
1.665060240963855520e+01
2.295983935742971838e+01
1.558232931726907644e+01
1.787550200803212874e+01
1.725702811244979884e+01
1.651807228915662762e+01
2.496385542168674831e+01
1.535341365461847474e+01
1.603614457831325169e+01
1.741365461847389540e+01
1.828915662650602414e+01
1.474297188755020116e+01
1.483132530120481896e+01
1.734538152610441841e+01
1.426104417670682700e+01
1.231325301204819311e+01
2.835341365461847474e+01
1.677510040160642646e+01
1.627710843373494143e+01
1.725702811244979884e+01
1.658232931726907466e+01
1.300401606425702816e+01
1.406827309236947876e+01
2.094377510040160573e+01
1.422088353413654538e+01
2.056626506024096557e+01
1.522489959839357354e+01
1.583132530120481896e+01
1.765060240963855520e+01
1.531325301204819311e+01
1.670682730923694947e+01
1.711244979919678855e+01
1.290763052208835404e+01
1.446586345381526151e+01
1.412048192771084310e+01
1.465461847389558159e+01
1.436546184738955745e+01
1.617269076305220921e+01
2.247389558232931606e+01
2.142570281124498166e+01
1.972690763052208851e+01
1.947791164658634600e+01
1.677911646586345285e+01
1.471485943775100402e+01
1.944176706827309076e+01
1.322891566265060170e+01
1.530120481927710863e+01
1.277510040160642646e+01
2.165060240963855520e+01
1.997991967871486096e+01
1.479919678714859366e+01
1.554618473895582298e+01
1.896787148594377470e+01
1.551405622489959768e+01
1.723293172690762987e+01
2.346184738955823335e+01
1.919277108433734824e+01
2.321686746987951722e+01
1.258232931726907644e+01
1.515261044176706839e+01
1.680722891566265176e+01
1.201204819277108449e+01
1.589959839357429772e+01
1.259839357429718909e+01
1.936546184738955745e+01
1.489959839357429772e+01
1.479919678714859366e+01
1.602811244979919536e+01
1.623293172690762987e+01
1.490763052208835404e+01
1.727710843373494143e+01
1.905622489959839427e+01
1.701204819277108271e+01
1.638152610441767010e+01
2.144578313253012070e+01
1.678313253012048278e+01
1.290763052208835404e+01
1.370281124497991954e+01
1.333734939759036209e+01
1.410040160642570228e+01
1.402811244979919714e+01
1.873493975903614484e+01
1.630923694779116317e+01
2.389558232931726778e+01
1.786345381526104248e+01
1.919277108433734824e+01
1.567068273092369424e+01
1.901204819277108271e+01
1.348594377510040232e+01
1.814056224899598391e+01
1.488755020080321323e+01
2.097991967871486096e+01
1.948192771084337238e+01
1.338554216867469826e+01
1.564257028112449888e+01
1.517670682730923737e+01
1.315261044176706839e+01
1.448594377510040232e+01
2.264257028112449888e+01
1.400401606425702816e+01
1.348995983935743048e+01
1.888353413654618507e+01
1.508433734939758963e+01
1.893574297188754940e+01
1.752208835341365400e+01
2.011646586345381493e+01
2.187148594377509880e+01
2.450200803212851497e+01
1.563052208835341439e+01
1.888755020080321145e+01
1.526104417670682700e+01
1.375903614457831381e+01
2.106425702811245060e+01
1.810843373493975861e+01
1.452610441767068217e+01
1.474698795180722932e+01
1.543775100401606437e+01
1.906024096385542066e+01
1.335742971887550112e+01
1.473493975903614484e+01
1.765863453815261153e+01
1.624899598393574252e+01
1.729718875502008046e+01
1.328112449799196781e+01
2.034939759036144480e+01
2.145783132530120341e+01
1.399196787148594368e+01
1.643373493975903443e+01
1.789156626506024139e+01
1.922891566265060348e+01
1.734538152610441841e+01
1.520883534136546267e+01
1.402409638554216897e+01
1.610441767068273222e+01
1.838955823293172642e+01
1.473092369477911667e+01
1.495983935742971838e+01
1.589959839357429772e+01
1.705220883534136433e+01
1.811244979919678855e+01
1.367469879518072240e+01
2.079116465863453911e+01
1.711646586345381493e+01
2.335742971887550112e+01
1.772690763052208851e+01
1.625301204819277245e+01
1.259437751004016093e+01
1.431325301204819311e+01
1.599196787148594368e+01
1.192771084337349485e+01
1.838554216867470004e+01
1.556626506024096379e+01
1.470281124497991954e+01
1.704417670682730801e+01
1.420080321285140634e+01
1.393975903614457756e+01
1.590361445783132588e+01
1.475903614457831381e+01
1.738152610441767010e+01
1.441365461847389540e+01
1.311244979919678677e+01
2.353413654618474027e+01
1.557429718875502012e+01
1.906024096385542066e+01
1.550602409638554136e+01
1.730923694779116317e+01
1.486746987951807242e+01
1.955020080321285292e+01
1.508835341365461780e+01
1.534939759036144658e+01
1.840160642570281269e+01
1.485943775100401609e+01
2.071084337349397586e+01
1.783534136546184712e+01
1.589156626506024139e+01
1.259036144578313277e+01
1.855421686746987930e+01
1.800401606425702639e+01
2.463453815261044255e+01
2.137751004016064371e+01
1.179518072289156549e+01
1.694377510040160573e+01
1.768273092369478050e+01
2.510040160642570228e+01
1.418072289156626553e+01
1.938955823293172642e+01
2.277108433734939652e+01
2.116867469879517927e+01
1.952208835341365400e+01
2.017269076305220921e+01
1.966265060240963791e+01
2.075100401606425748e+01
2.350200803212851497e+01
1.448192771084337416e+01
1.411646586345381493e+01
1.271887550200803219e+01
2.471485943775100225e+01
1.420080321285140634e+01
2.004016064257028162e+01
1.428915662650602414e+01
1.372690763052208851e+01
1.217670682730923737e+01
1.510843373493975861e+01
1.641365461847389540e+01
1.406827309236947876e+01
2.138152610441767010e+01
1.993975903614457934e+01
1.663453815261044255e+01
1.763052208835341261e+01
1.492771084337349485e+01
1.490361445783132588e+01
1.732530120481927582e+01
1.628915662650602414e+01
1.828112449799196781e+01
1.809638554216867590e+01
1.828112449799196781e+01
1.711646586345381493e+01
1.563855421686747071e+01
1.604016064257028162e+01
1.545381526104417702e+01
2.132128514056224944e+01
1.736144578313253106e+01
1.327309236947791149e+01
1.619678714859437818e+01
1.512851405622489942e+01
2.191566265060241037e+01
2.309236947791164596e+01
1.540963855421686723e+01
1.271084337349397586e+01
1.480321285140562182e+01
2.143775100401606437e+01
1.564257028112449888e+01
1.640963855421686901e+01
1.413654618473895574e+01
1.700803212851405632e+01
2.002409638554216897e+01
1.509236947791164596e+01
1.732530120481927582e+01
1.412048192771084310e+01
1.436947791164658561e+01
1.196787148594377470e+01
1.946184738955823335e+01
1.738955823293172642e+01
1.802008032128513904e+01
1.587550200803212874e+01
1.727309236947791149e+01
1.474297188755020116e+01
1.541767068273092356e+01
1.466265060240963791e+01
2.077911646586345285e+01
2.739357429718875636e+01
2.010441767068273222e+01
2.055823293172690924e+01
1.309638554216867412e+01
1.312851405622489942e+01
1.487550200803212874e+01
1.515261044176706839e+01
1.597590361445783103e+01
1.972289156626505857e+01
1.626104417670682878e+01
1.592771084337349485e+01
1.293975903614457756e+01
1.465060240963855342e+01
1.795582329317269199e+01
1.475502008032128565e+01
1.658634538152610460e+01
1.671084337349397586e+01
1.705220883534136433e+01
1.875903614457831381e+01
1.539759036144578275e+01
1.506425702811245060e+01
1.944176706827309076e+01
1.351807228915662584e+01
1.687951807228915513e+01
1.941767068273092534e+01
1.450602409638554136e+01
1.794377510040160573e+01
1.462248995983935806e+01
1.619678714859437818e+01
1.851405622489959768e+01
1.719277108433734824e+01
1.529317269076305230e+01
1.915261044176706662e+01
1.792771084337349308e+01
1.569076305220883505e+01
1.760240963855421725e+01
1.728112449799196781e+01
2.052208835341365400e+01
1.205220883534136611e+01
2.188755020080321145e+01
1.077911646586345462e+01
1.631325301204819311e+01
1.965461847389558159e+01
1.559437751004016093e+01
1.455421686746987930e+01
1.722891566265060348e+01
1.624899598393574252e+01
1.778313253012048278e+01
1.630923694779116317e+01
2.406827309236947698e+01
1.212851405622489942e+01
1.207630522088353331e+01
1.404417670682730979e+01
1.412449799196787126e+01
1.382730923694779079e+01
1.457028112449799195e+01
1.772289156626505857e+01
2.251405622489959768e+01
1.657831325301204828e+01
1.512048192771084310e+01
2.236546184738955745e+01
1.844578313253012070e+01
1.711244979919678855e+01
2.117670682730923559e+01
1.251004016064256952e+01
1.642971887550200805e+01
2.040963855421686901e+01
1.513253012048192758e+01
1.508835341365461780e+01
1.933734939759036209e+01
1.392369477911646669e+01
1.617670682730923559e+01
1.953815261044176665e+01
2.343775100401606437e+01
1.561445783132530174e+01
2.117670682730923559e+01
1.959839357429718731e+01
1.693975903614457934e+01
2.350602409638554136e+01
1.378313253012048278e+01
2.090763052208835404e+01
1.497991967871485919e+01
1.733734939759036209e+01
1.840562248995983907e+01
1.887550200803212874e+01
1.599196787148594368e+01
1.347389558232931783e+01
1.799598393574297361e+01
1.955020080321285292e+01
1.479518072289156549e+01
1.632931726907630576e+01
1.974297188755020116e+01
1.565461847389558159e+01
1.344979919678714886e+01
1.281124497991967814e+01
1.481526104417670631e+01
1.768273092369478050e+01
1.428514056224899598e+01
2.048192771084337238e+01
1.847791164658634600e+01
1.411244979919678677e+01
1.622489959839357354e+01
1.414457831325301207e+01
1.712048192771084487e+01
1.596787148594377470e+01
1.492771084337349485e+01
1.641365461847389540e+01
1.642570281124498166e+01
1.966666666666666785e+01
1.828915662650602414e+01
1.290763052208835404e+01
1.419678714859437818e+01
1.598393574297188735e+01
1.555823293172690747e+01
1.447389558232931783e+01
1.315662650602409656e+01
1.484337349397590344e+01
1.959839357429718731e+01
1.133734939759036209e+01
1.271887550200803219e+01
1.708433734939758963e+01
1.752208835341365400e+01
1.512851405622489942e+01
1.670281124497991954e+01
1.785140562248995977e+01
1.473493975903614484e+01
1.733734939759036209e+01
1.500803212851405632e+01
1.354618473895582298e+01
1.574297188755020116e+01
2.199196787148594368e+01
2.093574297188754940e+01
1.553413654618473849e+01
1.644578313253012070e+01
1.252610441767068217e+01
2.166666666666666785e+01
1.696385542168674831e+01
2.001606425702811265e+01
1.709638554216867590e+01
2.179116465863453911e+01
1.701606425702811265e+01
1.595983935742971838e+01
1.591967871485943853e+01
1.324096385542168619e+01
2.238955823293172642e+01
1.604417670682730801e+01
1.337349397590361377e+01
1.775903614457831381e+01
2.076305220883534020e+01
1.438955823293172642e+01
1.263855421686747071e+01
2.206425702811245060e+01
1.526506024096385516e+01
1.938554216867470004e+01
1.442168674698795172e+01
1.407630522088353331e+01
1.565461847389558159e+01
1.433333333333333393e+01
1.720080321285140457e+01
1.818072289156626553e+01
2.296787148594377470e+01
1.604819277108433795e+01
1.580722891566264998e+01
2.187550200803212874e+01
1.204417670682730979e+01
1.636546184738955745e+01
1.711244979919678855e+01
1.845783132530120341e+01
1.948192771084337238e+01
1.500803212851405632e+01
1.976305220883534020e+01
1.357831325301204828e+01
2.177108433734939652e+01
1.265863453815260975e+01
1.648594377510040232e+01
1.668273092369478050e+01
1.535341365461847474e+01
1.421686746987951722e+01
1.555823293172690747e+01
1.952610441767068394e+01
1.710441767068273222e+01
1.304016064257028162e+01
1.563052208835341439e+01
1.445783132530120518e+01
1.364257028112449888e+01
2.184738955823293338e+01
1.463052208835341439e+01
1.795180722891566205e+01
1.896385542168674831e+01
1.477108433734939830e+01
1.716064257028112294e+01
1.449799196787148681e+01
1.863052208835341261e+01
1.609236947791164596e+01
1.902811244979919536e+01
1.428112449799196781e+01
1.397590361445783103e+01
2.328514056224899775e+01
1.278313253012048278e+01
1.787550200803212874e+01
1.866265060240963791e+01
1.387550200803212874e+01
1.763453815261044255e+01
1.317670682730923737e+01
2.408835341365461957e+01
2.174297188755020116e+01
1.495180722891566205e+01
1.677911646586345285e+01
1.481526104417670631e+01
2.073092369477911490e+01
1.782329317269076441e+01
1.573895582329317300e+01
1.385542168674698793e+01
1.608433734939758963e+01
1.730923694779116317e+01
1.583534136546184712e+01
1.396787148594377470e+01
2.145381526104417702e+01
1.957831325301204828e+01
1.988353413654618507e+01
1.718473895582329192e+01
2.021285140562249083e+01
1.073493975903614484e+01
2.342570281124498166e+01
1.642971887550200805e+01
2.075502008032128387e+01
2.042570281124498166e+01
1.400803212851405632e+01
1.328112449799196781e+01
2.066666666666666785e+01
1.738955823293172642e+01
1.344979919678714886e+01
2.218875502008032186e+01
1.869076305220883683e+01
1.934136546184738847e+01
1.397991967871485919e+01
1.504819277108433795e+01
1.575100401606425748e+01
1.585943775100401609e+01
1.480321285140562182e+01
2.339357429718875636e+01
1.582329317269076263e+01
2.028915662650602414e+01
1.502008032128514081e+01
1.480722891566264998e+01
1.685542168674698971e+01
1.751004016064257129e+01
1.594377510040160573e+01
2.673092369477911490e+01
1.351807228915662584e+01
1.507630522088353331e+01
1.859437751004016093e+01
1.946987951807228967e+01
1.836144578313253106e+01
2.158634538152610460e+01
1.736546184738955745e+01
2.076305220883534020e+01
1.623293172690762987e+01
1.977510040160642646e+01
1.378313253012048278e+01
2.086345381526104248e+01
2.014056224899598391e+01
2.118072289156626553e+01
2.009638554216867590e+01
1.490763052208835404e+01
1.884337349397590344e+01
1.974297188755020116e+01
1.808032128514056325e+01
1.928112449799196781e+01
1.390361445783132588e+01
2.350200803212851497e+01
1.254618473895582298e+01
1.545381526104417702e+01
1.326907630522088333e+01
1.639357429718875636e+01
1.310040160642570228e+01
1.614859437751004023e+01
1.559036144578313277e+01
1.559437751004016093e+01
1.188353413654618507e+01
1.782329317269076441e+01
2.394779116465863567e+01
1.800803212851405632e+01
1.698795180722891729e+01
1.580722891566264998e+01
1.342168674698795172e+01
1.389156626506024139e+01
1.569879518072289137e+01
1.310441767068273045e+01
2.352208835341365400e+01
1.300000000000000000e+01
1.965461847389558159e+01
1.255421686746987930e+01
1.519277108433735002e+01
1.410843373493975861e+01
1.640562248995983907e+01
1.720080321285140457e+01
2.319678714859437818e+01
1.579116465863453733e+01
1.544578313253012070e+01
1.543775100401606437e+01
1.797590361445783103e+01
1.729718875502008046e+01
1.555823293172690747e+01
1.669477911646586321e+01
1.646586345381525973e+01
2.307630522088353331e+01
1.317269076305220921e+01
2.336144578313253106e+01
2.038554216867470004e+01
1.370281124497991954e+01
1.731726907630521950e+01
2.020481927710843451e+01
1.639759036144578275e+01
1.162650602409638623e+01
1.723293172690762987e+01
1.375502008032128565e+01
2.040160642570281269e+01
1.749397590361445864e+01
1.776706827309237013e+01
1.733333333333333215e+01
1.761847389558232990e+01
1.519678714859437818e+01
1.895180722891566205e+01
1.884738955823293338e+01
2.279518072289156549e+01
1.314056224899598391e+01
1.347791164658634600e+01
2.184738955823293338e+01
1.349397590361445864e+01
2.298393574297188735e+01
1.452208835341365400e+01
1.553413654618473849e+01
1.429317269076305230e+01
1.810843373493975861e+01
1.658634538152610460e+01
1.225301204819277068e+01
1.707228915662650692e+01
1.377510040160642646e+01
1.650200803212851497e+01
1.639759036144578275e+01
1.666265060240963791e+01
1.418072289156626553e+01
1.633333333333333215e+01
1.655020080321285292e+01
1.464257028112449888e+01
1.644578313253012070e+01
1.634939759036144480e+01
2.102409638554216897e+01
2.336144578313253106e+01
1.560642570281124542e+01
1.979116465863453911e+01
1.668674698795180689e+01
1.416064257028112472e+01
1.926907630522088510e+01
1.806024096385542066e+01
2.312048192771084487e+01
1.434538152610441841e+01
1.873092369477911490e+01
2.462650602409638623e+01
1.653012048192771033e+01
1.714056224899598391e+01
1.490361445783132588e+01
1.211244979919678677e+01
1.925702811244979884e+01
1.574297188755020116e+01
1.720883534136546089e+01
1.426506024096385516e+01
1.550200803212851319e+01
1.559839357429718909e+01
1.286345381526104426e+01
2.129718875502008046e+01
1.255421686746987930e+01
2.167068273092369424e+01
2.018072289156626553e+01
1.759036144578313099e+01
1.765060240963855520e+01
1.798393574297188735e+01
1.777510040160642646e+01
1.395582329317269021e+01
1.846987951807228967e+01
1.726104417670682878e+01
2.283132530120482073e+01
1.524497991967871435e+01
1.299196787148594368e+01
1.542168674698795172e+01
1.602409638554216897e+01
1.389156626506024139e+01
1.359437751004016093e+01
1.755823293172690924e+01
1.677911646586345285e+01
2.573092369477911490e+01
1.328514056224899598e+01
1.844979919678714708e+01
1.568273092369477872e+01
9.987951807228915513e+00
2.475502008032128387e+01
1.845783132530120341e+01
1.605622489959839427e+01
1.607228915662650692e+01
1.618473895582329192e+01
2.367469879518072418e+01
1.571485943775100402e+01
1.329718875502008046e+01
1.361847389558232990e+01
1.800401606425702639e+01
1.127710843373493965e+01
1.456224899598393563e+01
1.731325301204819311e+01
1.534939759036144658e+01
1.730923694779116317e+01
1.175502008032128565e+01
1.528514056224899598e+01
1.868674698795180689e+01
1.396385542168674654e+01
1.569477911646586321e+01
1.735742971887550112e+01
1.254216867469879482e+01
2.230120481927710685e+01
1.322891566265060170e+01
2.218072289156626553e+01
1.339357429718875458e+01
2.048594377510040232e+01
2.012851405622490120e+01
1.606827309236947698e+01
1.896787148594377470e+01
1.710040160642570228e+01
1.407228915662650515e+01
1.853413654618474027e+01
1.997188755020080464e+01
2.342570281124498166e+01
1.910843373493975861e+01
1.364257028112449888e+01
2.021686746987951722e+01
1.436947791164658561e+01
1.319678714859437818e+01
1.755020080321285292e+01
1.324899598393574252e+01
1.565060240963855342e+01
1.575502008032128565e+01
2.321686746987951722e+01
1.593172690763052124e+01
1.758232931726907466e+01
1.892369477911646669e+01
2.057028112449799195e+01
1.542971887550200805e+01
1.787951807228915513e+01
1.927710843373494143e+01
1.589156626506024139e+01
1.761044176706827358e+01
1.769477911646586321e+01
1.695983935742971838e+01
9.871485943775100580e+00
1.487951807228915690e+01
1.575100401606425748e+01
1.730923694779116317e+01
1.453413654618473849e+01
1.675903614457831381e+01
1.444979919678714886e+01
1.569879518072289137e+01
2.115662650602409656e+01
1.890763052208835404e+01
1.351807228915662584e+01
1.832128514056224944e+01
1.460642570281124542e+01
1.273493975903614484e+01
2.368674698795180689e+01
1.475100401606425748e+01
1.214859437751004023e+01
1.340160642570281091e+01
2.463453815261044255e+01
1.459839357429718909e+01
1.465461847389558159e+01
1.365863453815260975e+01
1.443775100401606437e+01
1.952610441767068394e+01
1.644176706827309076e+01
1.555421686746987930e+01
1.784337349397590344e+01
1.512048192771084310e+01
2.074297188755020116e+01
2.763453815261044255e+01
1.379518072289156549e+01
1.362650602409638623e+01
1.176706827309237013e+01
1.967068273092369424e+01
1.440562248995983907e+01
1.630923694779116317e+01
2.067068273092369424e+01
1.926907630522088510e+01
1.672690763052208851e+01
1.408835341365461780e+01
2.066265060240963791e+01
1.928915662650602414e+01
1.496787148594377470e+01
1.787550200803212874e+01
1.691566265060241037e+01
1.543373493975903621e+01
1.369879518072289137e+01
1.597188755020080286e+01
1.718875502008032186e+01
1.804417670682730801e+01
1.464257028112449888e+01
2.134136546184738847e+01
1.485943775100401609e+01
2.412851405622490120e+01
1.476706827309237013e+01
1.910040160642570228e+01
2.153413654618474027e+01
1.428915662650602414e+01
1.740160642570281269e+01
1.496787148594377470e+01
1.873493975903614484e+01
1.658232931726907466e+01
1.338152610441767010e+01
1.486746987951807242e+01
1.523694779116465803e+01
1.485542168674698793e+01
1.279919678714859366e+01
1.722489959839357354e+01
1.697991967871486096e+01
1.422891566265060170e+01
1.338152610441767010e+01
1.501606425702811265e+01
1.524899598393574252e+01
1.497590361445783103e+01
1.488755020080321323e+01
1.661445783132529996e+01
1.986746987951807242e+01
1.640963855421686901e+01
1.910441767068273222e+01
1.503212851405622530e+01
2.265863453815261153e+01
1.798795180722891729e+01
1.097590361445783103e+01
1.625702811244979884e+01
1.331325301204819311e+01
1.616064257028112294e+01
1.208433734939758963e+01
1.791967871485943675e+01
1.796787148594377470e+01
1.492369477911646669e+01
1.534939759036144658e+01
1.547791164658634600e+01
2.253012048192771033e+01
1.454216867469879482e+01
1.604417670682730801e+01
1.677911646586345285e+01
1.607228915662650692e+01
1.598795180722891551e+01
1.645783132530120341e+01
1.316867469879518104e+01
1.244176706827309253e+01
2.112048192771084487e+01
1.481927710843373447e+01
2.816867469879517927e+01
1.609236947791164596e+01
1.453413654618473849e+01
1.790763052208835404e+01
1.428514056224899598e+01
1.667068273092369424e+01
1.537349397590361377e+01
1.471084337349397586e+01
1.583132530120481896e+01
1.364658634538152526e+01
1.781124497991967814e+01
1.499598393574297184e+01
1.616064257028112294e+01
1.614056224899598391e+01
2.027309236947791149e+01
1.644979919678714708e+01
1.506827309236947876e+01
1.635742971887550112e+01
1.469477911646586321e+01
2.277911646586345285e+01
1.373092369477911667e+01
1.984337349397590344e+01
2.095180722891566205e+01
1.579518072289156549e+01
1.791566265060241037e+01
1.875903614457831381e+01
1.640160642570281269e+01
1.274297188755020116e+01
1.508032128514056147e+01
2.074297188755020116e+01
2.159036144578313099e+01
1.233333333333333393e+01
1.506827309236947876e+01
1.453012048192771033e+01
1.922891566265060348e+01
1.287550200803212874e+01
1.345783132530120518e+01
1.934538152610441841e+01
1.877108433734939652e+01
1.553413654618473849e+01
1.434136546184739025e+01
1.845381526104417702e+01
2.263052208835341261e+01
1.967068273092369424e+01
1.716867469879517927e+01
1.568674698795180689e+01
1.581526104417670631e+01
1.729317269076305053e+01
1.734538152610441841e+01
1.751807228915662762e+01
2.150200803212851497e+01
1.722088353413654715e+01
1.528915662650602414e+01
1.811646586345381493e+01
1.721285140562249083e+01
2.636144578313253106e+01
1.984337349397590344e+01
1.559437751004016093e+01
1.450200803212851319e+01
2.195983935742971838e+01
1.371084337349397586e+01
1.360240963855421725e+01
1.379116465863453733e+01
1.704417670682730801e+01
1.534136546184739025e+01
1.685140562248995977e+01
1.324096385542168619e+01
1.497590361445783103e+01
2.220883534136546089e+01
1.467469879518072240e+01
1.596385542168674654e+01
2.187951807228915513e+01
1.675903614457831381e+01
1.609236947791164596e+01
2.132128514056224944e+01
1.333333333333333393e+01
2.093975903614457934e+01
1.679518072289156549e+01
1.857429718875501834e+01
1.497991967871485919e+01
1.848192771084337238e+01
1.657429718875501834e+01
1.471084337349397586e+01
2.086746987951807242e+01
1.909638554216867590e+01
1.692771084337349308e+01
1.714056224899598391e+01
1.728112449799196781e+01
1.798795180722891729e+01
1.142168674698795172e+01
1.463855421686747071e+01
1.900803212851405632e+01
1.903614457831325169e+01
1.309236947791164596e+01
1.373493975903614484e+01
1.300401606425702816e+01
1.259036144578313277e+01
1.916465863453815288e+01
1.510040160642570228e+01
2.038554216867470004e+01
1.190361445783132588e+01
1.567068273092369424e+01
1.342168674698795172e+01
1.560642570281124542e+01
2.046184738955823335e+01
1.752610441767068394e+01
1.434939759036144658e+01
1.782730923694779079e+01
1.244176706827309253e+01
1.895983935742971838e+01
2.246586345381525973e+01
1.394377510040160573e+01
1.693172690763052302e+01
1.859839357429718731e+01
1.617670682730923559e+01
1.488755020080321323e+01
1.671485943775100225e+01
1.900803212851405632e+01
1.433333333333333393e+01
1.919678714859437818e+01
2.107228915662650692e+01
1.885542168674698971e+01
1.422088353413654538e+01
1.630923694779116317e+01
1.459437751004016093e+01
1.981124497991967814e+01
1.692369477911646669e+01
1.308032128514056147e+01
1.927710843373494143e+01
2.159437751004016093e+01
1.908835341365461957e+01
1.459437751004016093e+01
1.775903614457831381e+01
1.852208835341365400e+01
1.630120481927710685e+01
1.607228915662650692e+01
1.406024096385542244e+01
1.492771084337349485e+01
1.596787148594377470e+01
3.040562248995983907e+01
1.439759036144578275e+01
1.494779116465863389e+01
1.142971887550200805e+01
1.914056224899598391e+01
2.111646586345381493e+01
1.484738955823293161e+01
1.361044176706827358e+01
1.543373493975903621e+01
1.564257028112449888e+01
1.481526104417670631e+01
1.775100401606425748e+01
1.899598393574297361e+01
1.650200803212851497e+01
1.621285140562249083e+01
1.465863453815260975e+01
1.170281124497991954e+01
2.504417670682730801e+01
1.953012048192771033e+01
1.411646586345381493e+01
1.782730923694779079e+01
1.685140562248995977e+01
1.331325301204819311e+01
1.858232931726907466e+01
2.384738955823293338e+01
1.475100401606425748e+01
1.752208835341365400e+01
1.506827309236947876e+01
1.635742971887550112e+01
1.442570281124497988e+01
1.973895582329317122e+01
1.683132530120482073e+01
1.086345381526104426e+01
1.395180722891566205e+01
1.514457831325301207e+01
1.800803212851405632e+01
1.436947791164658561e+01
2.316867469879517927e+01
1.502409638554216897e+01
1.702409638554216897e+01
1.339759036144578275e+01
1.626506024096385516e+01
1.822489959839357354e+01
1.219678714859437818e+01
1.371887550200803219e+01
1.897188755020080464e+01
2.187550200803212874e+01
1.206024096385542244e+01
1.566666666666666607e+01
1.546586345381526151e+01
1.338955823293172642e+01
2.056224899598393563e+01
1.411244979919678677e+01
1.865060240963855520e+01
1.653413654618474027e+01
1.912449799196787126e+01
1.341767068273092356e+01
1.792771084337349308e+01
1.183132530120481896e+01
1.822891566265060348e+01
1.908433734939758963e+01
1.825702811244979884e+01
1.493975903614457756e+01
2.266265060240963791e+01
1.273493975903614484e+01
1.505220883534136611e+01
1.769879518072289315e+01
2.507630522088353331e+01
1.976706827309237013e+01
1.740963855421686901e+01
1.732530120481927582e+01
1.351004016064256952e+01
1.835341365461847474e+01
1.535742971887550112e+01
3.120481927710843451e+01
1.893574297188754940e+01
1.353413654618473849e+01
1.720080321285140457e+01
1.559437751004016093e+01
1.565060240963855342e+01
1.652610441767068394e+01
1.493574297188754940e+01
1.613253012048192758e+01
1.388353413654618507e+01
2.181526104417670808e+01
1.604819277108433795e+01
1.638955823293172642e+01
1.875502008032128387e+01
1.373092369477911667e+01
1.663052208835341261e+01
1.571084337349397586e+01
1.484738955823293161e+01
1.884337349397590344e+01
2.422891566265060348e+01
1.961445783132529996e+01
1.764658634538152526e+01
1.594779116465863389e+01
1.373895582329317300e+01
1.630120481927710685e+01
2.356224899598393563e+01
1.755823293172690924e+01
1.559839357429718909e+01
1.518875502008032186e+01
1.864658634538152526e+01
1.488353413654618507e+01
1.829718875502008046e+01
1.411244979919678677e+01
1.661847389558232990e+01
1.551405622489959768e+01
2.307228915662650692e+01
1.586345381526104426e+01
1.610441767068273222e+01
1.744979919678714708e+01
1.881927710843373447e+01
1.549799196787148681e+01
1.451405622489959768e+01
1.706024096385542066e+01
1.702008032128513904e+01
1.459437751004016093e+01
1.192369477911646669e+01
2.013654618473895752e+01
1.928514056224899775e+01
1.961044176706827358e+01
1.552610441767068217e+01
1.683132530120482073e+01
1.371084337349397586e+01
1.715261044176706662e+01
1.387148594377510058e+01
1.243373493975903621e+01
1.934538152610441841e+01
1.583132530120481896e+01
1.607228915662650692e+01
1.323694779116465803e+01
1.909638554216867590e+01
1.214056224899598391e+01
1.740160642570281269e+01
1.788755020080321145e+01
1.493975903614457756e+01
2.036546184738955745e+01
1.509236947791164596e+01
1.976305220883534020e+01
1.427309236947791149e+01
1.479919678714859366e+01
1.339759036144578275e+01
1.466666666666666607e+01
2.479116465863453911e+01
1.489558232931726955e+01
2.106024096385542066e+01
1.268674698795180689e+01
1.612048192771084487e+01
1.748995983935742871e+01
1.720080321285140457e+01
1.906425702811245060e+01
1.506827309236947876e+01
1.565461847389558159e+01
1.744176706827309076e+01
1.612048192771084487e+01
1.376305220883534197e+01
1.382730923694779079e+01
2.962650602409638623e+01
1.948192771084337238e+01
1.751807228915662762e+01
1.812449799196787126e+01
1.663855421686746894e+01
1.560642570281124542e+01
1.684738955823293338e+01
2.374297188755020116e+01
1.640562248995983907e+01
1.220481927710843451e+01
1.426506024096385516e+01
1.925702811244979884e+01
1.071485943775100402e+01
1.150200803212851319e+01
1.327710843373493965e+01
1.791967871485943675e+01
1.679919678714859543e+01
1.462650602409638623e+01
2.100000000000000000e+01
1.819277108433734824e+01
1.906425702811245060e+01
1.574297188755020116e+01
1.503614457831325346e+01
1.665863453815261153e+01
1.524899598393574252e+01
1.848995983935742871e+01
1.246184738955823335e+01
1.808433734939758963e+01
1.579116465863453733e+01
2.230923694779116317e+01
1.645783132530120341e+01
1.309638554216867412e+01
1.573895582329317300e+01
1.505622489959839427e+01
1.687951807228915513e+01
1.830120481927710685e+01
1.522489959839357354e+01
1.374297188755020116e+01
1.729317269076305053e+01
1.510441767068273045e+01
2.116465863453815288e+01
1.798795180722891729e+01
1.243775100401606437e+01
1.559437751004016093e+01
1.264257028112449888e+01
1.788755020080321145e+01
1.672289156626505857e+01
1.724096385542168619e+01
1.265863453815260975e+01
1.490763052208835404e+01
2.044979919678714708e+01
1.459437751004016093e+01
1.608835341365461957e+01
1.470682730923694770e+01
1.913253012048192758e+01
1.676305220883534020e+01
1.565060240963855342e+01
1.519678714859437818e+01
1.756626506024096557e+01
1.139357429718875458e+01
1.839759036144578275e+01
2.005220883534136433e+01
1.790763052208835404e+01
1.376305220883534197e+01
1.419277108433735002e+01
1.466265060240963791e+01
1.859437751004016093e+01
1.437349397590361377e+01
1.384738955823293161e+01
1.254216867469879482e+01
1.875100401606425748e+01
1.550602409638554136e+01
1.565060240963855342e+01
1.523694779116465803e+01
1.540160642570281091e+01
2.040963855421686901e+01
1.454216867469879482e+01
1.336144578313252929e+01
1.863453815261044255e+01
1.556626506024096379e+01
1.567469879518072240e+01
1.847791164658634600e+01
1.585542168674698793e+01
1.991566265060241037e+01
1.844578313253012070e+01
1.644578313253012070e+01
1.277108433734939830e+01
1.356224899598393563e+01
1.508433734939758963e+01
1.431325301204819311e+01
3.151004016064257129e+01
1.436144578313252929e+01
2.083534136546184712e+01
1.941767068273092534e+01
1.340160642570281091e+01
1.679116465863453911e+01
1.789156626506024139e+01
1.210441767068273045e+01
2.131726907630521950e+01
2.010040160642570228e+01
1.537751004016064194e+01
1.577911646586345462e+01
1.681124497991967814e+01
1.701606425702811265e+01
1.739357429718875636e+01
1.679919678714859543e+01
1.818473895582329192e+01
1.489959839357429772e+01
1.394779116465863389e+01
1.182730923694779079e+01
1.630522088353413679e+01
1.706425702811245060e+01
1.749799196787148503e+01
2.077911646586345285e+01
1.705622489959839427e+01
1.679919678714859543e+01
1.178714859437750917e+01
2.140160642570281269e+01
1.297991967871485919e+01
1.668273092369478050e+01
1.429718875502008046e+01
1.388755020080321323e+01
1.448995983935743048e+01
1.173895582329317300e+01
1.710441767068273222e+01
1.497991967871485919e+01
1.734939759036144480e+01
1.804016064257028162e+01
1.907228915662650692e+01
2.864257028112449888e+01
1.664257028112449888e+01
1.541365461847389540e+01
1.303614457831325346e+01
1.126104417670682700e+01
1.526104417670682700e+01
2.122891566265060348e+01
1.359839357429718909e+01
1.769879518072289315e+01
1.800401606425702639e+01
1.305622489959839427e+01
1.620080321285140457e+01
1.949799196787148503e+01
1.687951807228915513e+01
1.657831325301204828e+01
1.466265060240963791e+01
1.220080321285140634e+01
1.599598393574297184e+01
1.816064257028112294e+01
1.944578313253012070e+01
1.412851405622489942e+01
2.205220883534136433e+01
1.335341365461847474e+01
1.653012048192771033e+01
1.325301204819277068e+01
1.585943775100401609e+01
1.493574297188754940e+01
1.563453815261044255e+01
1.493574297188754940e+01
2.108433734939758963e+01
1.506425702811245060e+01
1.786345381526104248e+01
1.672289156626505857e+01
1.401606425702811265e+01
1.442570281124497988e+01
1.383935742971887528e+01
1.280321285140562182e+01
1.759036144578313099e+01
1.324899598393574252e+01
2.101606425702811265e+01
1.376706827309237013e+01
1.697590361445783103e+01
1.917670682730923559e+01
1.642168674698795172e+01
1.567871485943775056e+01
1.446586345381526151e+01
1.569076305220883505e+01
1.624096385542168619e+01
1.318875502008032186e+01
1.831325301204819311e+01
1.924899598393574252e+01
1.477510040160642646e+01
1.486746987951807242e+01
2.120481927710843451e+01
1.473493975903614484e+01
1.337751004016064194e+01
1.109236947791164596e+01
1.790763052208835404e+01
1.855421686746987930e+01
1.753012048192771033e+01
1.565863453815260975e+01
1.512851405622489942e+01
2.018875502008032186e+01
2.071084337349397586e+01
1.362650602409638623e+01
1.587148594377510058e+01
1.406827309236947876e+01
1.787550200803212874e+01
1.695983935742971838e+01
1.444578313253012070e+01
1.594779116465863389e+01
1.365461847389558159e+01
1.597188755020080286e+01
1.770281124497991954e+01
1.549397590361445864e+01
1.713253012048192758e+01
1.691566265060241037e+01
1.812449799196787126e+01
1.666666666666666785e+01
1.637349397590361377e+01
1.600401606425702639e+01
1.869477911646586321e+01
1.746184738955823335e+01
1.566265060240963791e+01
1.350200803212851319e+01
1.806425702811245060e+01
1.253815261044176665e+01
1.763855421686746894e+01
2.169879518072289315e+01
1.631726907630521950e+01
1.400401606425702816e+01
1.576305220883534197e+01
1.418875502008032186e+01
2.015662650602409656e+01
1.865060240963855520e+01
1.662650602409638623e+01
2.007228915662650692e+01
1.300401606425702816e+01
2.123293172690762987e+01
1.692771084337349308e+01
1.231726907630522128e+01
1.395983935742971838e+01
1.910843373493975861e+01
1.616465863453815288e+01
1.440562248995983907e+01
1.977911646586345285e+01
1.743775100401606437e+01
1.997590361445783103e+01
1.752610441767068394e+01
1.604016064257028162e+01
1.986746987951807242e+01
1.658232931726907466e+01
1.501606425702811265e+01
1.496787148594377470e+01
1.902811244979919536e+01
1.855421686746987930e+01
1.313253012048192758e+01
2.048192771084337238e+01
1.572289156626506035e+01
1.190361445783132588e+01
1.173092369477911667e+01
1.319678714859437818e+01
1.697991967871486096e+01
1.878714859437750917e+01
1.961445783132529996e+01
1.581927710843373447e+01
1.628915662650602414e+01
1.625702811244979884e+01
1.374297188755020116e+01
1.483534136546184712e+01
1.700803212851405632e+01
1.930923694779116317e+01
1.278714859437750917e+01
1.353815261044176665e+01
1.319678714859437818e+01
1.547389558232931783e+01
1.539759036144578275e+01
1.642971887550200805e+01
1.705622489959839427e+01
1.591967871485943853e+01
1.808835341365461957e+01
1.377911646586345462e+01
2.059839357429718731e+01
2.177108433734939652e+01
1.779518072289156549e+01
1.836947791164658739e+01
2.087550200803212874e+01
1.212048192771084310e+01
1.365863453815260975e+01
2.247389558232931606e+01
1.266666666666666607e+01
1.976706827309237013e+01
2.106425702811245060e+01
1.920883534136546089e+01
1.362248995983935806e+01
1.762248995983935629e+01
1.338955823293172642e+01
1.944176706827309076e+01
1.542168674698795172e+01
1.915261044176706662e+01
1.494779116465863389e+01
1.279518072289156549e+01
2.653413654618474027e+01
1.737349397590361377e+01
1.422489959839357354e+01
1.312048192771084310e+01
1.581124497991967814e+01
1.632530120481927582e+01
2.283132530120482073e+01
1.569477911646586321e+01
1.795582329317269199e+01
1.745381526104417702e+01
1.363453815261044255e+01
1.249397590361445864e+01
1.674698795180722755e+01
1.882730923694779079e+01
1.394377510040160573e+01
2.743373493975903443e+01
2.344176706827309076e+01
1.375502008032128565e+01
1.426104417670682700e+01
1.408433734939758963e+01
1.888755020080321145e+01
2.026506024096385516e+01
1.824096385542168619e+01
1.595582329317269021e+01
1.415662650602409656e+01
1.799196787148594368e+01
1.530923694779116495e+01
1.422489959839357354e+01
1.940160642570281269e+01
1.645381526104417702e+01
1.493975903614457756e+01
1.687550200803212874e+01
1.647389558232931606e+01
1.442168674698795172e+01
1.328514056224899598e+01
1.543373493975903621e+01
1.522088353413654538e+01
1.413253012048192758e+01
1.241767068273092356e+01
1.730120481927710685e+01
1.269879518072289137e+01
1.706827309236947698e+01
1.663453815261044255e+01
1.221686746987951722e+01
2.136144578313253106e+01
1.610843373493975861e+01
1.786746987951807242e+01
1.569477911646586321e+01
1.713654618473895752e+01
1.881124497991967814e+01
1.714457831325301029e+01
1.824096385542168619e+01
1.500803212851405632e+01
1.877510040160642646e+01
1.513253012048192758e+01
2.197590361445783103e+01
2.647791164658634600e+01
1.939357429718875636e+01
1.612851405622490120e+01
2.366265060240963791e+01
1.929718875502008046e+01
1.918072289156626553e+01
1.689959839357429772e+01
1.552610441767068217e+01
2.554216867469879659e+01
1.412851405622489942e+01
1.384337349397590344e+01
1.558634538152610460e+01
2.030923694779116317e+01
1.487148594377510058e+01
1.653413654618474027e+01
2.023694779116465980e+01
1.815261044176706662e+01
1.951004016064257129e+01
2.084738955823293338e+01
1.424096385542168619e+01
1.422088353413654538e+01
2.363453815261044255e+01
1.412851405622489942e+01
2.065060240963855520e+01
1.416064257028112472e+01
1.371084337349397586e+01
1.625702811244979884e+01
1.465461847389558159e+01
1.829718875502008046e+01
1.268674698795180689e+01
1.363052208835341439e+01
1.744578313253012070e+01
1.661847389558232990e+01
2.131726907630521950e+01
1.622891566265060348e+01
1.569076305220883505e+01
1.913654618473895752e+01
1.737349397590361377e+01
1.592369477911646669e+01
1.321686746987951722e+01
1.530923694779116495e+01
1.259839357429718909e+01
1.442971887550200805e+01
1.489959839357429772e+01
1.360240963855421725e+01
1.669076305220883683e+01
1.548594377510040232e+01
1.494779116465863389e+01
1.703212851405622530e+01
1.761044176706827358e+01
1.628915662650602414e+01
2.029718875502008046e+01
1.632128514056224944e+01
1.162650602409638623e+01
2.005220883534136433e+01
1.824096385542168619e+01
1.971485943775100225e+01
1.345381526104417702e+01
1.722088353413654715e+01
1.665863453815261153e+01
1.365461847389558159e+01
1.247791164658634600e+01
1.218072289156626553e+01
1.471887550200803219e+01
1.801204819277108271e+01
1.438554216867469826e+01
1.683132530120482073e+01
1.565060240963855342e+01
2.047791164658634600e+01
1.495180722891566205e+01
1.463052208835341439e+01
1.822088353413654715e+01
1.426506024096385516e+01
1.895180722891566205e+01
2.028514056224899775e+01
2.094377510040160573e+01
1.413654618473895574e+01
1.510441767068273045e+01
1.782730923694779079e+01
2.027710843373494143e+01
1.709638554216867590e+01
2.048594377510040232e+01
1.753012048192771033e+01
2.146586345381525973e+01
1.469477911646586321e+01
1.414056224899598391e+01
1.765863453815261153e+01
1.544176706827309253e+01
1.786746987951807242e+01
1.681526104417670808e+01
1.540562248995983907e+01
1.934939759036144480e+01
1.773895582329317122e+01
1.434939759036144658e+01
1.770682730923694947e+01
1.659437751004016093e+01
1.758634538152610460e+01
1.403614457831325346e+01
1.511646586345381493e+01
1.893975903614457934e+01
1.385943775100401609e+01
1.540562248995983907e+01
1.783935742971887706e+01
1.369879518072289137e+01
1.314859437751004023e+01
1.796385542168674831e+01
1.437349397590361377e+01
1.345783132530120518e+01
1.709236947791164596e+01
1.397590361445783103e+01
1.950200803212851497e+01
1.770682730923694947e+01
1.499196787148594368e+01
1.689558232931726778e+01
1.885943775100401609e+01
1.411646586345381493e+01
1.817269076305220921e+01
1.546184738955823335e+01
1.893574297188754940e+01
1.843373493975903443e+01
1.640562248995983907e+01
1.794377510040160573e+01
1.584738955823293161e+01
1.862650602409638623e+01
2.190763052208835404e+01
1.377108433734939830e+01
1.976706827309237013e+01
1.452610441767068217e+01
1.922088353413654715e+01
1.653413654618474027e+01
1.630923694779116317e+01
2.567871485943775056e+01
2.128915662650602414e+01
1.772289156626505857e+01
1.847389558232931606e+01
1.834939759036144480e+01
1.767871485943775056e+01
1.630923694779116317e+01
2.432128514056224944e+01
1.458232931726907644e+01
1.220883534136546267e+01
1.572289156626506035e+01
1.656224899598393563e+01
1.548995983935743048e+01
2.064257028112449888e+01
1.837349397590361377e+01
1.404417670682730979e+01
1.480722891566264998e+01
1.266666666666666607e+01
1.699598393574297361e+01
1.241767068273092356e+01
1.624096385542168619e+01
1.547389558232931783e+01
1.961847389558232990e+01
1.842971887550200805e+01
2.091164658634538043e+01
1.610441767068273222e+01
1.833734939759036209e+01
1.045783132530120518e+01
1.555020080321285114e+01
1.625702811244979884e+01
2.490763052208835404e+01
1.698795180722891729e+01
1.926907630522088510e+01
1.806425702811245060e+01
1.012048192771084310e+01
1.217670682730923737e+01
1.989558232931726778e+01
1.269477911646586321e+01
2.354618473895582298e+01
1.670281124497991954e+01
1.663052208835341261e+01
1.574698795180722932e+01
1.666666666666666785e+01
2.081927710843373447e+01
1.673895582329317122e+01
1.326104417670682700e+01
1.540160642570281091e+01
2.227710843373494143e+01
1.811646586345381493e+01
1.861445783132529996e+01
1.786746987951807242e+01
1.444578313253012070e+01
1.911244979919678855e+01
1.618473895582329192e+01
2.544176706827309076e+01
1.754618473895582298e+01
1.651405622489959768e+01
1.602008032128513904e+01
2.036144578313253106e+01
1.691967871485943675e+01
1.695582329317269199e+01
1.653413654618474027e+01
1.401606425702811265e+01
1.587550200803212874e+01
2.513253012048192758e+01
1.431325301204819311e+01
1.593574297188754940e+01
1.553815261044176665e+01
1.663453815261044255e+01
1.746987951807228967e+01
1.386345381526104426e+01
1.936947791164658739e+01
1.491967871485943853e+01
1.384337349397590344e+01
1.771887550200803219e+01
1.467068273092369424e+01
1.317269076305220921e+01
1.500000000000000000e+01
1.593975903614457756e+01
1.516465863453815288e+01
1.677108433734939652e+01
1.286345381526104426e+01
1.803212851405622530e+01
1.389558232931726955e+01
1.801204819277108271e+01
1.981927710843373447e+01
1.367068273092369424e+01
1.536947791164658561e+01
1.868674698795180689e+01
1.678313253012048278e+01
1.497991967871485919e+01
2.090763052208835404e+01
1.293975903614457756e+01
1.866265060240963791e+01
1.141767068273092356e+01
1.442971887550200805e+01
1.510843373493975861e+01
1.994779116465863567e+01
1.175903614457831381e+01
1.195180722891566205e+01
1.565060240963855342e+01
1.939759036144578275e+01
1.620883534136546089e+01
1.615662650602409656e+01
1.375100401606425748e+01
1.509236947791164596e+01
1.464257028112449888e+01
1.689959839357429772e+01
1.862248995983935629e+01
1.584337349397590344e+01
2.138955823293172642e+01
1.316064257028112472e+01
1.748192771084337238e+01
1.565060240963855342e+01
1.345381526104417702e+01
1.815662650602409656e+01
1.866666666666666785e+01
1.834136546184738847e+01
2.253413654618474027e+01
1.510040160642570228e+01
2.094779116465863567e+01
1.525702811244979884e+01
1.597188755020080286e+01
1.460642570281124542e+01
2.050602409638554136e+01
1.681927710843373447e+01
1.577911646586345462e+01
1.233333333333333393e+01
1.361847389558232990e+01
1.612048192771084487e+01
2.016867469879517927e+01
1.730522088353413679e+01
1.426104417670682700e+01
1.578313253012048278e+01
1.624497991967871613e+01
2.202811244979919536e+01
1.492369477911646669e+01
1.370682730923694770e+01
1.773092369477911490e+01
1.467068273092369424e+01
1.212048192771084310e+01
1.791566265060241037e+01
1.631726907630521950e+01
1.775502008032128387e+01
1.482730923694779079e+01
1.637751004016064371e+01
1.761445783132529996e+01
1.906024096385542066e+01
1.414457831325301207e+01
1.427309236947791149e+01
1.493172690763052124e+01
1.096787148594377470e+01
1.866666666666666785e+01
1.911646586345381493e+01
1.825301204819277245e+01
1.332128514056224944e+01
1.562650602409638623e+01
1.838554216867470004e+01
1.995983935742971838e+01
2.072289156626505857e+01
1.289156626506024139e+01
1.530923694779116495e+01
1.819277108433734824e+01
2.266666666666666785e+01
2.059437751004016093e+01
1.424899598393574252e+01
1.342971887550200805e+01
2.583935742971887706e+01
1.898393574297188735e+01
1.725301204819277245e+01
1.681526104417670808e+01
1.901606425702811265e+01
1.517670682730923737e+01
1.265060240963855342e+01
1.783132530120482073e+01
1.912449799196787126e+01
1.913654618473895752e+01
1.449397590361445864e+01
1.822891566265060348e+01
1.551004016064256952e+01
1.416465863453815288e+01
1.514859437751004023e+01
1.961847389558232990e+01
1.220883534136546267e+01
1.177911646586345462e+01
1.938554216867470004e+01
1.801204819277108271e+01
1.802008032128513904e+01
1.569076305220883505e+01
1.925702811244979884e+01
1.575903614457831381e+01
1.610040160642570228e+01
1.953413654618474027e+01
1.728112449799196781e+01
1.430120481927710863e+01
1.317269076305220921e+01
2.051807228915662762e+01
1.268273092369477872e+01
1.496787148594377470e+01
1.206425702811245060e+01
1.446987951807228967e+01
1.875100401606425748e+01
1.308032128514056147e+01
1.722489959839357354e+01
1.750602409638554136e+01
3.085943775100401609e+01
1.680321285140562182e+01
1.548995983935743048e+01
1.620883534136546089e+01
1.270682730923694770e+01
2.026104417670682878e+01
1.619277108433734824e+01
2.318875502008032186e+01
1.899598393574297361e+01
1.473895582329317300e+01
1.623293172690762987e+01
1.250602409638554136e+01
1.855823293172690924e+01
2.116064257028112294e+01
1.567068273092369424e+01
2.036144578313253106e+01
1.521285140562249083e+01
1.365060240963855342e+01
1.875903614457831381e+01
1.808032128514056325e+01
1.397188755020080286e+01
1.502409638554216897e+01
1.265863453815260975e+01
2.472690763052208851e+01
3.588353413654618151e+01
1.643373493975903443e+01
1.821686746987951722e+01
1.849397590361445864e+01
1.832128514056224944e+01
1.637751004016064371e+01
1.727710843373494143e+01
1.740963855421686901e+01
2.104417670682730801e+01
1.877510040160642646e+01
1.781526104417670808e+01
2.435742971887550112e+01
1.665863453815261153e+01
1.682329317269076441e+01
1.163052208835341439e+01
1.913654618473895752e+01
1.944176706827309076e+01
1.735341365461847474e+01
1.930120481927710685e+01
1.497188755020080286e+01
1.592771084337349485e+01
1.769879518072289315e+01
1.991967871485943675e+01
1.483132530120481896e+01
1.693574297188754940e+01
1.749397590361445864e+01
1.682329317269076441e+01
1.739759036144578275e+01
1.622891566265060348e+01
1.652208835341365400e+01
1.541767068273092356e+01
1.387951807228915690e+01
1.731726907630521950e+01
1.553413654618473849e+01
1.317269076305220921e+01
1.204819277108433795e+01
1.441767068273092356e+01
2.187148594377509880e+01
1.581927710843373447e+01
1.800401606425702639e+01
1.195180722891566205e+01
1.961445783132529996e+01
1.718473895582329192e+01
1.162650602409638623e+01
2.015662650602409656e+01
1.445783132530120518e+01
1.939759036144578275e+01
1.406024096385542244e+01
1.488755020080321323e+01
1.548594377510040232e+01
1.534136546184739025e+01
1.257429718875502012e+01
1.868273092369478050e+01
1.856224899598393563e+01
1.549397590361445864e+01
1.646987951807228967e+01
1.954618473895582298e+01
1.398795180722891551e+01
1.387148594377510058e+01
1.710040160642570228e+01
1.848192771084337238e+01
1.741365461847389540e+01
1.840963855421686901e+01
1.992369477911646669e+01
1.714457831325301029e+01
1.593975903614457756e+01
1.604016064257028162e+01
1.645381526104417702e+01
1.957028112449799195e+01
1.371887550200803219e+01
1.817670682730923559e+01
1.689156626506024139e+01
2.451004016064257129e+01
1.352610441767068217e+01
2.279919678714859543e+01
2.200401606425702639e+01
2.068273092369478050e+01
1.532128514056224944e+01
1.397991967871485919e+01
1.789156626506024139e+01
1.583534136546184712e+01
1.804016064257028162e+01
1.356224899598393563e+01
1.455421686746987930e+01
1.485943775100401609e+01
1.567871485943775056e+01
1.529317269076305230e+01
1.685140562248995977e+01
1.389156626506024139e+01
1.567871485943775056e+01
2.054618473895582298e+01
1.929718875502008046e+01
1.857028112449799195e+01
1.679919678714859543e+01
1.283935742971887528e+01
1.588353413654618507e+01
1.744176706827309076e+01
1.777108433734939652e+01
1.675903614457831381e+01
1.192771084337349485e+01
1.606827309236947698e+01
1.544176706827309253e+01
1.505220883534136611e+01
2.109638554216867590e+01
1.701204819277108271e+01
1.663453815261044255e+01
1.907228915662650692e+01
1.424497991967871435e+01
1.577510040160642646e+01
2.318473895582329192e+01
1.561445783132530174e+01
1.465863453815260975e+01
1.453815261044176665e+01
1.427710843373493965e+01
1.340160642570281091e+01
2.395180722891566205e+01
1.497991967871485919e+01
1.364658634538152526e+01
1.514056224899598391e+01
1.515261044176706839e+01
1.606425702811245060e+01
2.991967871485943675e+01
2.006024096385542066e+01
1.068273092369477872e+01
1.751004016064257129e+01
1.401204819277108449e+01
1.936144578313253106e+01
1.629718875502008046e+01
1.420080321285140634e+01
1.638955823293172642e+01
1.634538152610441841e+01
1.608835341365461957e+01
1.902811244979919536e+01
1.205622489959839427e+01
1.423694779116465803e+01
2.163855421686746894e+01
1.640963855421686901e+01
1.375903614457831381e+01
1.514457831325301207e+01
1.410843373493975861e+01
1.751004016064257129e+01
1.404016064257028162e+01
1.861847389558232990e+01
1.703614457831325169e+01
1.409638554216867412e+01
2.113654618473895752e+01
1.485140562248995977e+01
1.589558232931726955e+01
1.766666666666666785e+01
1.866666666666666785e+01
1.870682730923694947e+01
1.511646586345381493e+01
1.765461847389558159e+01
1.863052208835341261e+01
1.708032128514056325e+01
2.481927710843373447e+01
1.281124497991967814e+01
2.005220883534136433e+01
1.741767068273092534e+01
1.546586345381526151e+01
1.591566265060241037e+01
1.614056224899598391e+01
1.436546184738955745e+01
1.918072289156626553e+01
1.686345381526104248e+01
1.321285140562249083e+01
1.634939759036144480e+01
1.530522088353413679e+01
1.573895582329317300e+01
1.363052208835341439e+01
1.879116465863453911e+01
1.612048192771084487e+01
1.345783132530120518e+01
1.942168674698795172e+01
1.740963855421686901e+01
1.575502008032128565e+01
1.592369477911646669e+01
2.000401606425702639e+01
2.002811244979919536e+01
2.835341365461847474e+01
1.784738955823293338e+01
1.882329317269076441e+01
1.615261044176706662e+01
1.655020080321285292e+01
1.316465863453815288e+01
1.662650602409638623e+01
1.273895582329317300e+01
1.473895582329317300e+01
1.423293172690762987e+01
1.591566265060241037e+01
1.382329317269076263e+01
1.318875502008032186e+01
1.312048192771084310e+01
1.985943775100401609e+01
1.448192771084337416e+01
1.988353413654618507e+01
1.817269076305220921e+01
1.493172690763052124e+01
1.560642570281124542e+01
2.020080321285140457e+01
1.608032128514056325e+01
1.714859437751004023e+01
1.566265060240963791e+01
1.596385542168674654e+01
1.934939759036144480e+01
1.644979919678714708e+01
1.453012048192771033e+01
1.558232931726907644e+01
1.769879518072289315e+01
2.140562248995983907e+01
1.902811244979919536e+01
1.842168674698795172e+01
1.459036144578313277e+01
1.642971887550200805e+01
1.845381526104417702e+01
1.757831325301204828e+01
1.385943775100401609e+01
1.709236947791164596e+01
1.567068273092369424e+01
1.794377510040160573e+01
1.336546184738955745e+01
1.443775100401606437e+01
1.229718875502008046e+01
1.442570281124497988e+01
1.263052208835341439e+01
2.599598393574297361e+01
1.693975903614457934e+01
1.981927710843373447e+01
2.163052208835341261e+01
1.587951807228915690e+01
2.097188755020080464e+01
1.728112449799196781e+01
1.367469879518072240e+01
1.751807228915662762e+01
1.697590361445783103e+01
1.386345381526104426e+01
1.915662650602409656e+01
1.857028112449799195e+01
2.215662650602409656e+01
2.247791164658634600e+01
1.693975903614457934e+01
1.822489959839357354e+01
1.547791164658634600e+01
1.399598393574297184e+01
1.248995983935743048e+01
1.501606425702811265e+01
1.355020080321285114e+01
1.846987951807228967e+01
2.014457831325301029e+01
2.600803212851405632e+01
1.865461847389558159e+01
2.528915662650602414e+01
1.503212851405622530e+01
1.625702811244979884e+01
1.340160642570281091e+01
1.579116465863453733e+01
2.022088353413654715e+01
1.595180722891566205e+01
2.030923694779116317e+01
1.275100401606425748e+01
1.638152610441767010e+01
2.018875502008032186e+01
1.512449799196787126e+01
1.692771084337349308e+01
1.468674698795180689e+01
1.841365461847389540e+01
2.428915662650602414e+01
1.506827309236947876e+01
1.560240963855421725e+01
1.685943775100401609e+01
1.421285140562249083e+01
1.687951807228915513e+01
1.697991967871486096e+01
2.531726907630521950e+01
1.524096385542168619e+01
1.299598393574297184e+01
2.099598393574297361e+01
1.492369477911646669e+01
1.412048192771084310e+01
1.595180722891566205e+01
1.626907630522088510e+01
1.589558232931726955e+01
2.218473895582329192e+01
1.523694779116465803e+01
1.554216867469879482e+01
1.828514056224899775e+01
1.850200803212851497e+01
1.343775100401606437e+01
1.555020080321285114e+01
1.844979919678714708e+01
1.408835341365461780e+01
1.596787148594377470e+01
1.506827309236947876e+01
2.407630522088353331e+01
1.673895582329317122e+01
1.567871485943775056e+01
1.838152610441767010e+01
1.343373493975903621e+01
1.763855421686746894e+01
1.796787148594377470e+01
1.755421686746987930e+01
1.736144578313253106e+01
1.724899598393574252e+01
1.575903614457831381e+01
1.371887550200803219e+01
1.407630522088353331e+01
1.693975903614457934e+01
1.903212851405622530e+01
1.263855421686747071e+01
1.544578313253012070e+01
1.204819277108433795e+01
1.416867469879518104e+01
1.751405622489959768e+01
1.746184738955823335e+01
1.783132530120482073e+01
1.904417670682730801e+01
1.395983935742971838e+01
1.708032128514056325e+01
1.932128514056224944e+01
1.463855421686747071e+01
1.790361445783132410e+01
1.334538152610441841e+01
1.911646586345381493e+01
2.078313253012048278e+01
1.626104417670682878e+01
1.802409638554216897e+01
1.619277108433734824e+01
1.428514056224899598e+01
2.051405622489959768e+01
1.360240963855421725e+01
1.559437751004016093e+01
1.787148594377509880e+01
1.448995983935743048e+01
1.448594377510040232e+01
1.266666666666666607e+01
1.904417670682730801e+01
1.192771084337349485e+01
1.652208835341365400e+01
1.840160642570281269e+01
1.338152610441767010e+01
1.526104417670682700e+01
1.759437751004016093e+01
1.663855421686746894e+01
1.353012048192771033e+01
1.679518072289156549e+01
1.513654618473895574e+01
1.855020080321285292e+01
1.690361445783132410e+01
1.394377510040160573e+01
1.804417670682730801e+01
1.786746987951807242e+01
1.508433734939758963e+01
1.272289156626506035e+01
1.895180722891566205e+01
1.503614457831325346e+01
1.475502008032128565e+01
1.318072289156626553e+01
1.395983935742971838e+01
1.289959839357429772e+01
1.633734939759036209e+01
1.342971887550200805e+01
1.422891566265060170e+01
1.808433734939758963e+01
1.671084337349397586e+01
1.392771084337349485e+01
1.813253012048192758e+01
1.481526104417670631e+01
1.843775100401606437e+01
2.030120481927710685e+01
1.521686746987951722e+01
1.986746987951807242e+01
1.369477911646586321e+01
2.121285140562249083e+01
1.920481927710843451e+01
1.287550200803212874e+01
1.197590361445783103e+01
1.747791164658634600e+01
1.696787148594377470e+01
2.044578313253012070e+01
1.233734939759036209e+01
1.758634538152610460e+01
1.502811244979919714e+01
1.704016064257028162e+01
1.102811244979919714e+01
1.333734939759036209e+01
1.454216867469879482e+01
2.248594377510040232e+01
1.360240963855421725e+01
1.549799196787148681e+01
1.667469879518072418e+01
1.494779116465863389e+01
1.740160642570281269e+01
1.681124497991967814e+01
1.609236947791164596e+01
1.802008032128513904e+01
1.332128514056224944e+01
1.806425702811245060e+01
1.504016064257028162e+01
2.220481927710843451e+01
1.938152610441767010e+01
2.394779116465863567e+01
2.402008032128513904e+01
2.506425702811245060e+01
1.414056224899598391e+01
1.493574297188754940e+01
1.522088353413654538e+01
1.873493975903614484e+01
1.647791164658634600e+01
1.746586345381525973e+01
1.765863453815261153e+01
1.504819277108433795e+01
2.132128514056224944e+01
1.695983935742971838e+01
1.675903614457831381e+01
2.163453815261044255e+01
1.821686746987951722e+01
2.274698795180722755e+01
1.670281124497991954e+01
1.423293172690762987e+01
1.504417670682730979e+01
1.954216867469879659e+01
1.434136546184739025e+01
1.898393574297188735e+01
1.602008032128513904e+01
1.512048192771084310e+01
1.367469879518072240e+01
1.638152610441767010e+01
1.303212851405622530e+01
1.288353413654618507e+01
1.183132530120481896e+01
2.347791164658634600e+01
2.148192771084337238e+01
1.959839357429718731e+01
1.625702811244979884e+01
1.322088353413654538e+01
1.496385542168674654e+01
2.241767068273092534e+01
1.684738955823293338e+01
2.767469879518072418e+01
1.843775100401606437e+01
1.445381526104417702e+01
1.380722891566264998e+01
1.791967871485943675e+01
1.476706827309237013e+01
1.570682730923694770e+01
1.457429718875502012e+01
1.486746987951807242e+01
1.220883534136546267e+01
1.667068273092369424e+01
1.573895582329317300e+01
2.014457831325301029e+01
1.448192771084337416e+01
2.118473895582329192e+01
1.236144578313252929e+01
1.861847389558232990e+01
1.610040160642570228e+01
1.586746987951807242e+01
1.243373493975903621e+01
1.112851405622489942e+01
1.598795180722891551e+01
2.074297188755020116e+01
1.648594377510040232e+01
1.781526104417670808e+01
1.357429718875502012e+01
2.228112449799196781e+01
1.673092369477911490e+01
2.189156626506024139e+01
1.538955823293172642e+01
1.314859437751004023e+01
1.657028112449799195e+01
1.546987951807228967e+01
1.436546184738955745e+01
1.891967871485943675e+01
1.751405622489959768e+01
1.802811244979919536e+01
1.777108433734939652e+01
1.408835341365461780e+01
1.914056224899598391e+01
1.634136546184738847e+01
2.251004016064257129e+01
1.571887550200803219e+01
1.995180722891566205e+01
1.356224899598393563e+01
1.626907630522088510e+01
1.753413654618474027e+01
1.368674698795180689e+01
1.566666666666666607e+01
1.402008032128514081e+01
1.736546184738955745e+01
2.661044176706827358e+01
1.612048192771084487e+01
1.493975903614457756e+01
1.567871485943775056e+01
1.563453815261044255e+01
1.824899598393574252e+01
1.296385542168674654e+01
1.773895582329317122e+01
1.546586345381526151e+01
1.616465863453815288e+01
1.351807228915662584e+01
1.551807228915662584e+01
1.555020080321285114e+01
1.400401606425702816e+01
1.726907630522088510e+01
1.429718875502008046e+01
1.675100401606425748e+01
2.108433734939758963e+01
1.630120481927710685e+01
1.793975903614457934e+01
1.710843373493975861e+01
1.728915662650602414e+01
2.016064257028112294e+01
1.806827309236947698e+01
1.441365461847389540e+01
1.317670682730923737e+01
1.478714859437750917e+01
1.692771084337349308e+01
1.454618473895582298e+01
1.962650602409638623e+01
1.789156626506024139e+01
1.564257028112449888e+01
1.538152610441767010e+01
1.805622489959839427e+01
1.630522088353413679e+01
1.491566265060241037e+01
1.326104417670682700e+01
2.289558232931726778e+01
2.182730923694779079e+01
1.495983935742971838e+01
1.426506024096385516e+01
1.527710843373493965e+01
1.697590361445783103e+01
1.874297188755020116e+01
1.758634538152610460e+01
1.344176706827309253e+01
1.371485943775100402e+01
1.402811244979919714e+01
1.628112449799196781e+01
1.455020080321285114e+01
1.339759036144578275e+01
1.926506024096385516e+01
1.802008032128513904e+01
1.815662650602409656e+01
1.797188755020080464e+01
1.932128514056224944e+01
1.275903614457831381e+01
1.599598393574297184e+01
1.705220883534136433e+01
2.101204819277108271e+01
1.701606425702811265e+01
1.453413654618473849e+01
1.858232931726907466e+01
1.681124497991967814e+01
1.693172690763052302e+01
1.677911646586345285e+01
3.134538152610441841e+01
1.555421686746987930e+01
2.051004016064257129e+01
1.431726907630522128e+01
2.128514056224899775e+01
1.308032128514056147e+01
1.238554216867469826e+01
1.254618473895582298e+01
2.289558232931726778e+01
1.624899598393574252e+01
1.621686746987951722e+01
1.560240963855421725e+01
1.453815261044176665e+01
1.602008032128513904e+01
1.527710843373493965e+01
2.222088353413654715e+01
1.650602409638554136e+01
1.785943775100401609e+01
1.985542168674698971e+01
1.565461847389558159e+01
1.437349397590361377e+01
1.516064257028112472e+01
1.319277108433735002e+01
1.861445783132529996e+01
1.825301204819277245e+01
2.092771084337349308e+01
1.791566265060241037e+01
1.504417670682730979e+01
1.544176706827309253e+01
1.773895582329317122e+01
1.252208835341365400e+01
1.531726907630522128e+01
1.444176706827309253e+01
1.687148594377509880e+01
1.381927710843373447e+01
2.251807228915662762e+01
1.732530120481927582e+01
1.249799196787148681e+01
1.816867469879517927e+01
1.995582329317269199e+01
2.058634538152610460e+01
1.437751004016064194e+01
1.303614457831325346e+01
1.616064257028112294e+01
1.881927710843373447e+01
1.440160642570281091e+01
1.865863453815261153e+01
2.220080321285140457e+01
1.948192771084337238e+01
1.243373493975903621e+01
1.401606425702811265e+01
1.649799196787148503e+01
1.546586345381526151e+01
2.000803212851405632e+01
1.576305220883534197e+01
1.606425702811245060e+01
1.432931726907630576e+01
2.058232931726907466e+01
1.867469879518072418e+01
1.895582329317269199e+01
2.319678714859437818e+01
1.421686746987951722e+01
1.349397590361445864e+01
1.725301204819277245e+01
1.854216867469879659e+01
1.750602409638554136e+01
1.404819277108433795e+01
1.736546184738955745e+01
1.557429718875502012e+01
1.442570281124497988e+01
1.527309236947791149e+01
1.512449799196787126e+01
1.186746987951807242e+01
1.641767068273092534e+01
1.311244979919678677e+01
1.656224899598393563e+01
2.175100401606425748e+01
1.480321285140562182e+01
1.654216867469879659e+01
2.078313253012048278e+01
1.460642570281124542e+01
1.977108433734939652e+01
1.987550200803212874e+01
1.398393574297188735e+01
1.484337349397590344e+01
1.657028112449799195e+01
1.513654618473895574e+01
1.195582329317269021e+01
1.625301204819277245e+01
1.553413654618473849e+01
1.836144578313253106e+01
1.273493975903614484e+01
1.343373493975903621e+01
1.646586345381525973e+01
1.397188755020080286e+01
1.707228915662650692e+01
1.553012048192771033e+01
1.205220883534136611e+01
1.750200803212851497e+01
1.260240963855421725e+01
1.540562248995983907e+01
1.669879518072289315e+01
2.405622489959839427e+01
2.511244979919678855e+01
1.456224899598393563e+01
1.394779116465863389e+01
1.685943775100401609e+01
1.614056224899598391e+01
1.604016064257028162e+01
1.316465863453815288e+01
1.453413654618473849e+01
1.668273092369478050e+01
1.214457831325301207e+01
1.573493975903614484e+01
1.562248995983935806e+01
1.516465863453815288e+01
1.767469879518072418e+01
1.676305220883534020e+01
1.991967871485943675e+01
1.816064257028112294e+01
1.703614457831325169e+01
1.590763052208835404e+01
1.648995983935742871e+01
1.897590361445783103e+01
1.372289156626506035e+01
1.487148594377510058e+01
1.598795180722891551e+01
1.793172690763052302e+01
1.249799196787148681e+01
1.824497991967871613e+01
1.860642570281124364e+01
1.546184738955823335e+01
2.260642570281124364e+01
1.416867469879518104e+01
1.664658634538152526e+01
1.710040160642570228e+01
1.829718875502008046e+01
2.072289156626505857e+01
1.582329317269076263e+01
1.771887550200803219e+01
1.548594377510040232e+01
1.831325301204819311e+01
1.551807228915662584e+01
1.628514056224899775e+01
1.653413654618474027e+01
1.700803212851405632e+01
1.515662650602409656e+01
1.730522088353413679e+01
1.688353413654618507e+01
1.906827309236947698e+01
1.982329317269076441e+01
1.643373493975903443e+01
1.328915662650602414e+01
1.548192771084337416e+01
1.948995983935742871e+01
2.813654618473895752e+01
1.867871485943775056e+01
2.162248995983935629e+01
1.905622489959839427e+01
2.404819277108433795e+01
1.691164658634538043e+01
1.595180722891566205e+01
1.693975903614457934e+01
1.417269076305220921e+01
1.679116465863453911e+01
1.503212851405622530e+01
1.703212851405622530e+01
1.895180722891566205e+01
1.587550200803212874e+01
1.752610441767068394e+01
1.652610441767068394e+01
2.385542168674698971e+01
2.132530120481927582e+01
1.842168674698795172e+01
2.111646586345381493e+01
2.365863453815261153e+01
1.422489959839357354e+01
1.287550200803212874e+01
1.648594377510040232e+01
1.912048192771084487e+01
1.469879518072289137e+01
1.513654618473895574e+01
1.629718875502008046e+01
2.469477911646586321e+01
1.452208835341365400e+01
1.910843373493975861e+01
1.849799196787148503e+01
2.025301204819277245e+01
1.862650602409638623e+01
1.279116465863453733e+01
1.753413654618474027e+01
1.518473895582329369e+01
1.604016064257028162e+01
1.630120481927710685e+01
1.659036144578313099e+01
1.600803212851405632e+01
1.443775100401606437e+01
1.450200803212851319e+01
1.646586345381525973e+01
1.506425702811245060e+01
1.536546184738955745e+01
1.475100401606425748e+01
1.174698795180722932e+01
1.864257028112449888e+01
1.834136546184738847e+01
1.912048192771084487e+01
1.156224899598393563e+01
1.946184738955823335e+01
1.483534136546184712e+01
1.763855421686746894e+01
1.904417670682730801e+01
1.740160642570281269e+01
1.421686746987951722e+01
1.775100401606425748e+01
1.508032128514056147e+01
1.410843373493975861e+01
1.677911646586345285e+01
1.890361445783132410e+01
1.511646586345381493e+01
1.132128514056224944e+01
1.706024096385542066e+01
1.783534136546184712e+01
1.762650602409638623e+01
1.945381526104417702e+01
1.583132530120481896e+01
1.747389558232931606e+01
1.560240963855421725e+01
1.750602409638554136e+01
1.675502008032128387e+01
1.946987951807228967e+01
1.946586345381525973e+01
1.838955823293172642e+01
2.204417670682730801e+01
1.888755020080321145e+01
1.846184738955823335e+01
1.276305220883534197e+01
1.917269076305220921e+01
1.805220883534136433e+01
1.881124497991967814e+01
1.817670682730923559e+01
1.936144578313253106e+01
1.914056224899598391e+01
1.386345381526104426e+01
2.346586345381525973e+01
1.967871485943775056e+01
1.978714859437750917e+01
1.584337349397590344e+01
2.112048192771084487e+01
1.223293172690762987e+01
1.477510040160642646e+01
1.422088353413654538e+01
1.505220883534136611e+01
1.654618473895582298e+01
1.698393574297188735e+01
1.940160642570281269e+01
2.068674698795180689e+01
1.400000000000000000e+01
1.430923694779116495e+01
1.606425702811245060e+01
1.995582329317269199e+01
1.286746987951807242e+01
1.987951807228915513e+01
1.413253012048192758e+01
2.496787148594377470e+01
2.183935742971887706e+01
1.884738955823293338e+01
1.863052208835341261e+01
1.345381526104417702e+01
1.602811244979919536e+01
1.599598393574297184e+01
2.374698795180722755e+01
2.367469879518072418e+01
1.527309236947791149e+01
1.397188755020080286e+01
1.789558232931726778e+01
1.890361445783132410e+01
2.433333333333333215e+01
1.488755020080321323e+01
2.059036144578313099e+01
2.365060240963855520e+01
2.020883534136546089e+01
1.469477911646586321e+01
1.584337349397590344e+01
1.648192771084337238e+01
1.610441767068273222e+01
1.531325301204819311e+01
1.315261044176706839e+01
1.597590361445783103e+01
1.420883534136546267e+01
2.086746987951807242e+01
1.658232931726907466e+01
2.030923694779116317e+01
1.580722891566264998e+01
1.696385542168674831e+01
1.737751004016064371e+01
1.702008032128513904e+01
2.532128514056224944e+01
1.435341365461847474e+01
2.234538152610441841e+01
1.318875502008032186e+01
1.622088353413654715e+01
1.531325301204819311e+01
2.089959839357429772e+01
1.336546184738955745e+01
1.529317269076305230e+01
1.752610441767068394e+01
1.477510040160642646e+01
1.712449799196787126e+01
1.608433734939758963e+01
1.863453815261044255e+01
1.849397590361445864e+01
2.481927710843373447e+01
1.838955823293172642e+01
1.706024096385542066e+01
1.693975903614457934e+01
1.673092369477911490e+01
1.432128514056224944e+01
1.412851405622489942e+01
1.482730923694779079e+01
2.018473895582329192e+01
1.442168674698795172e+01
1.609638554216867590e+01
1.407228915662650515e+01
1.744176706827309076e+01
1.959437751004016093e+01
1.543373493975903621e+01
1.254618473895582298e+01
1.543373493975903621e+01
1.826506024096385516e+01
2.291967871485943675e+01
1.398393574297188735e+01
2.146987951807228967e+01
1.558634538152610460e+01
1.683132530120482073e+01
1.183935742971887528e+01
1.434136546184739025e+01
2.210441767068273222e+01
1.659036144578313099e+01
1.576305220883534197e+01
1.474297188755020116e+01
1.802811244979919536e+01
1.619277108433734824e+01
1.842570281124498166e+01
1.692771084337349308e+01
1.719277108433734824e+01
1.355421686746987930e+01
1.471485943775100402e+01
1.577911646586345462e+01
1.441767068273092356e+01
1.414859437751004023e+01
1.700401606425702639e+01
1.300401606425702816e+01
1.953413654618474027e+01
2.070682730923694947e+01
1.981927710843373447e+01
1.339759036144578275e+01
1.882329317269076441e+01
1.879919678714859543e+01
1.422489959839357354e+01
1.624096385542168619e+01
1.638955823293172642e+01
1.307630522088353331e+01
1.769076305220883683e+01
2.070281124497991954e+01
1.514859437751004023e+01
1.526104417670682700e+01
1.450200803212851319e+01
2.002008032128513904e+01
1.195582329317269021e+01
1.861847389558232990e+01
2.484337349397590344e+01
1.520080321285140634e+01
1.533333333333333393e+01
1.431325301204819311e+01
1.823293172690762987e+01
1.428915662650602414e+01
1.704417670682730801e+01
1.539759036144578275e+01
1.389558232931726955e+01
1.644578313253012070e+01
1.300000000000000000e+01
1.508433734939758963e+01
1.665060240963855520e+01
1.281927710843373447e+01
2.568674698795180689e+01
2.462650602409638623e+01
1.553815261044176665e+01
1.573493975903614484e+01
1.782329317269076441e+01
1.383534136546184712e+01
1.842168674698795172e+01
1.864257028112449888e+01
1.485943775100401609e+01
1.716465863453815288e+01
2.377510040160642646e+01
1.977108433734939652e+01
1.633333333333333215e+01
1.887148594377509880e+01
1.859839357429718731e+01
1.453012048192771033e+01
2.074297188755020116e+01
1.639759036144578275e+01
1.179116465863453733e+01
1.242570281124497988e+01
1.544979919678714886e+01
2.377911646586345285e+01
1.733333333333333215e+01
1.730522088353413679e+01
1.912851405622490120e+01
1.553012048192771033e+01
1.466666666666666607e+01
1.624899598393574252e+01
1.570682730923694770e+01
1.528112449799196781e+01
1.833734939759036209e+01
1.336947791164658561e+01
1.522891566265060170e+01
1.934939759036144480e+01
1.975502008032128387e+01
1.389558232931726955e+01
1.361044176706827358e+01
1.848995983935742871e+01
1.636947791164658739e+01
1.518875502008032186e+01
1.682730923694779079e+01
1.362248995983935806e+01
1.678714859437750917e+01
1.587148594377510058e+01
1.664257028112449888e+01
1.634136546184738847e+01
1.453012048192771033e+01
1.560240963855421725e+01
1.489156626506024139e+01
1.451004016064256952e+01
1.277911646586345462e+01
1.718072289156626553e+01
1.825702811244979884e+01
1.166666666666666607e+01
2.340963855421686901e+01
2.024096385542168619e+01
2.431325301204819311e+01
1.801606425702811265e+01
1.426506024096385516e+01
2.122489959839357354e+01
2.088755020080321145e+01
1.763453815261044255e+01
1.650602409638554136e+01
2.374698795180722755e+01
2.234538152610441841e+01
1.955823293172690924e+01
1.640963855421686901e+01
1.748594377510040232e+01
1.786345381526104248e+01
1.432931726907630576e+01
1.891566265060241037e+01
1.955421686746987930e+01
1.697188755020080464e+01
1.690763052208835404e+01
1.656224899598393563e+01
1.224096385542168619e+01
1.539357429718875458e+01
2.740562248995983907e+01
2.020883534136546089e+01
1.387951807228915690e+01
1.953413654618474027e+01
1.609638554216867590e+01
1.802008032128513904e+01
1.855421686746987930e+01
1.648995983935742871e+01
2.132128514056224944e+01
1.325702811244979884e+01
1.163453815261044255e+01
1.667068273092369424e+01
1.973493975903614484e+01
1.509236947791164596e+01
2.407630522088353331e+01
1.648594377510040232e+01
1.130522088353413679e+01
1.392369477911646669e+01
1.913253012048192758e+01
1.564257028112449888e+01
1.771084337349397586e+01
2.049397590361445864e+01
1.496787148594377470e+01
1.400401606425702816e+01
1.421686746987951722e+01
2.013253012048192758e+01
1.761445783132529996e+01
1.795582329317269199e+01
1.523293172690762987e+01
2.189156626506024139e+01
1.762650602409638623e+01
1.647389558232931606e+01
1.386345381526104426e+01
1.766265060240963791e+01
1.963052208835341261e+01
1.800803212851405632e+01
1.477510040160642646e+01
1.817670682730923559e+01
1.573092369477911667e+01
1.739357429718875636e+01
1.715261044176706662e+01
1.602008032128513904e+01
1.380722891566264998e+01
1.779919678714859543e+01
1.479518072289156549e+01
1.612048192771084487e+01
1.576706827309237013e+01
1.610441767068273222e+01
1.833333333333333215e+01
1.762248995983935629e+01
1.733734939759036209e+01
1.371084337349397586e+01
1.434136546184739025e+01
1.965461847389558159e+01
1.848594377510040232e+01
2.065461847389558159e+01
1.335742971887550112e+01
1.365060240963855342e+01
1.364658634538152526e+01
1.448995983935743048e+01
1.674297188755020116e+01
1.524899598393574252e+01
1.899196787148594368e+01
1.147791164658634600e+01
1.373092369477911667e+01
1.664658634538152526e+01
1.484738955823293161e+01
1.807228915662650692e+01
1.646184738955823335e+01
1.922891566265060348e+01
1.446586345381526151e+01
2.204819277108433795e+01
1.974698795180722755e+01
1.755421686746987930e+01
1.291967871485943853e+01
1.393975903614457756e+01
1.828915662650602414e+01
1.778313253012048278e+01
1.683132530120482073e+01
1.534538152610441841e+01
1.568674698795180689e+01
2.318875502008032186e+01
1.736546184738955745e+01
1.610040160642570228e+01
2.106024096385542066e+01
2.340963855421686901e+01
1.544979919678714886e+01
1.359437751004016093e+01
1.053012048192771033e+01
1.769477911646586321e+01
2.355823293172690924e+01
1.724899598393574252e+01
1.463855421686747071e+01
1.570281124497991954e+01
1.628514056224899775e+01
1.429718875502008046e+01
2.324899598393574252e+01
1.421686746987951722e+01
2.500000000000000000e+01
1.517269076305220921e+01
1.584337349397590344e+01
1.844979919678714708e+01
1.544979919678714886e+01
1.410040160642570228e+01
1.915261044176706662e+01
2.180722891566265176e+01
2.298393574297188735e+01
1.695180722891566205e+01
1.504819277108433795e+01
1.373092369477911667e+01
1.489558232931726955e+01
1.827309236947791149e+01
1.969076305220883683e+01
1.447791164658634600e+01
1.597188755020080286e+01
2.000401606425702639e+01
1.716064257028112294e+01
2.618473895582329192e+01
1.241767068273092356e+01
1.743373493975903443e+01
1.559036144578313277e+01
1.936144578313253106e+01
1.524497991967871435e+01
1.235341365461847474e+01
2.322088353413654715e+01
1.127710843373493965e+01
1.911646586345381493e+01
1.387550200803212874e+01
1.512449799196787126e+01
1.543775100401606437e+01
1.520883534136546267e+01
1.651807228915662762e+01
1.384738955823293161e+01
1.202409638554216897e+01
1.552208835341365400e+01
1.854618473895582298e+01
2.016465863453815288e+01
1.659437751004016093e+01
1.558232931726907644e+01
2.481927710843373447e+01
1.761445783132529996e+01
1.825301204819277245e+01
1.539759036144578275e+01
1.596787148594377470e+01
1.371887550200803219e+01
2.047389558232931606e+01
1.393975903614457756e+01
1.581526104417670631e+01
1.922891566265060348e+01
1.307630522088353331e+01
1.581124497991967814e+01
1.422891566265060170e+01
1.776305220883534020e+01
1.304819277108433795e+01
1.352208835341365400e+01
1.625702811244979884e+01
1.495180722891566205e+01
1.449799196787148681e+01
1.740562248995983907e+01
2.157831325301204828e+01
1.486345381526104426e+01
1.374698795180722932e+01
1.422088353413654538e+01
1.700803212851405632e+01
1.223293172690762987e+01
2.209236947791164596e+01
1.635742971887550112e+01
1.940562248995983907e+01
1.934939759036144480e+01
1.451807228915662584e+01
1.446987951807228967e+01
1.510040160642570228e+01
1.820883534136546089e+01
1.526104417670682700e+01
1.954216867469879659e+01
1.513654618473895574e+01
1.011244979919678677e+01
1.364257028112449888e+01
1.648192771084337238e+01
1.979518072289156549e+01
1.551004016064256952e+01
1.565461847389558159e+01
2.924899598393574252e+01
1.452208835341365400e+01
2.763855421686746894e+01
1.589156626506024139e+01
1.646987951807228967e+01
2.040160642570281269e+01
1.565060240963855342e+01
1.317670682730923737e+01
1.595180722891566205e+01
1.863453815261044255e+01
2.334136546184738847e+01
1.367871485943775056e+01
1.542570281124497988e+01
1.894779116465863567e+01
1.506425702811245060e+01
1.513654618473895574e+01
1.436546184738955745e+01
1.526506024096385516e+01
1.459036144578313277e+01
1.575502008032128565e+01
2.129317269076305053e+01
1.746987951807228967e+01
1.367871485943775056e+01
1.587951807228915690e+01
2.485943775100401609e+01
1.675502008032128387e+01
1.547791164658634600e+01
1.930522088353413679e+01
1.321285140562249083e+01
1.507630522088353331e+01
1.690763052208835404e+01
2.201204819277108271e+01
1.493172690763052124e+01
1.703614457831325169e+01
1.717269076305220921e+01
1.737349397590361377e+01
1.643775100401606437e+01
2.027309236947791149e+01
1.441767068273092356e+01
1.869477911646586321e+01
1.570682730923694770e+01
2.340562248995983907e+01
1.604016064257028162e+01
1.700401606425702639e+01
2.040963855421686901e+01
1.554216867469879482e+01
1.800401606425702639e+01
1.447791164658634600e+01
2.166265060240963791e+01
2.077911646586345285e+01
2.102409638554216897e+01
1.646184738955823335e+01
2.207630522088353331e+01
1.361445783132530174e+01
1.392771084337349485e+01
1.516867469879518104e+01
1.718875502008032186e+01
1.164257028112449888e+01
1.812449799196787126e+01
1.771084337349397586e+01
1.966666666666666785e+01
1.587550200803212874e+01
1.398795180722891551e+01
1.872690763052208851e+01
1.785943775100401609e+01
1.731726907630521950e+01
1.435742971887550112e+01
1.845381526104417702e+01
1.453815261044176665e+01
1.324899598393574252e+01
2.203614457831325169e+01
1.312048192771084310e+01
1.309638554216867412e+01
1.662248995983935629e+01
2.391967871485943675e+01
1.570281124497991954e+01
1.446987951807228967e+01
1.585140562248995977e+01
1.547791164658634600e+01
2.003614457831325169e+01
1.652610441767068394e+01
1.895180722891566205e+01
1.445381526104417702e+01
1.650602409638554136e+01
1.960240963855421725e+01
1.836144578313253106e+01
1.332128514056224944e+01
1.542971887550200805e+01
1.153012048192771033e+01
1.527710843373493965e+01
2.266265060240963791e+01
1.301606425702811265e+01
1.610441767068273222e+01
1.514457831325301207e+01
2.226104417670682878e+01
1.548995983935743048e+01
1.344979919678714886e+01
1.326506024096385516e+01
1.913253012048192758e+01
1.531325301204819311e+01
1.720883534136546089e+01
1.428915662650602414e+01
1.279919678714859366e+01
1.867469879518072418e+01
2.033333333333333215e+01
1.896787148594377470e+01
1.902811244979919536e+01
2.031325301204819311e+01
1.961044176706827358e+01
1.463453815261044255e+01
1.391967871485943853e+01
1.460642570281124542e+01
1.652610441767068394e+01
1.817670682730923559e+01
2.137751004016064371e+01
1.236947791164658561e+01
1.222088353413654538e+01
1.608835341365461957e+01
1.728514056224899775e+01
1.588755020080321323e+01
1.841767068273092534e+01
1.575100401606425748e+01
2.049397590361445864e+01
2.589156626506024139e+01
1.439759036144578275e+01
1.689959839357429772e+01
1.736546184738955745e+01
1.364257028112449888e+01
1.434538152610441841e+01
1.329718875502008046e+01
1.466666666666666607e+01
1.812048192771084487e+01
1.718072289156626553e+01
1.846987951807228967e+01
1.540963855421686723e+01
1.638955823293172642e+01
1.429718875502008046e+01
1.598795180722891551e+01
1.604417670682730801e+01
1.453012048192771033e+01
1.736546184738955745e+01
1.582329317269076263e+01
1.958634538152610460e+01
1.522088353413654538e+01
1.623293172690762987e+01
1.875100401606425748e+01
1.665060240963855520e+01
2.362248995983935629e+01
1.681927710843373447e+01
1.995983935742971838e+01
1.708433734939758963e+01
1.366666666666666607e+01
1.495983935742971838e+01
1.496787148594377470e+01
1.565863453815260975e+01
1.805220883534136433e+01
1.671485943775100225e+01
1.353012048192771033e+01
1.391566265060241037e+01
1.495983935742971838e+01
1.815261044176706662e+01
1.610843373493975861e+01
2.024096385542168619e+01
1.697188755020080464e+01
1.528514056224899598e+01
1.484337349397590344e+01
1.302008032128514081e+01
1.655020080321285292e+01
1.181927710843373447e+01
1.428514056224899598e+01
1.424899598393574252e+01
1.679116465863453911e+01
1.370682730923694770e+01
1.360240963855421725e+01
2.492771084337349308e+01
1.215662650602409656e+01
1.795582329317269199e+01
1.692771084337349308e+01
1.819678714859437818e+01
1.959437751004016093e+01
1.644578313253012070e+01
1.592369477911646669e+01
1.689156626506024139e+01
1.697188755020080464e+01
1.981526104417670808e+01
2.092771084337349308e+01
1.320883534136546267e+01
1.459437751004016093e+01
1.641365461847389540e+01
1.404016064257028162e+01
1.495983935742971838e+01
2.028112449799196781e+01
1.508032128514056147e+01
1.419678714859437818e+01
1.332128514056224944e+01
2.351405622489959768e+01
1.447389558232931783e+01
1.683534136546184712e+01
1.687550200803212874e+01
1.687550200803212874e+01
1.381526104417670631e+01
1.775903614457831381e+01
1.678714859437750917e+01
1.490763052208835404e+01
1.273092369477911667e+01
1.240963855421686723e+01
2.102008032128513904e+01
1.624497991967871613e+01
1.718875502008032186e+01
1.720080321285140457e+01
2.038955823293172642e+01
1.645381526104417702e+01
1.503614457831325346e+01
2.186345381526104248e+01
2.077108433734939652e+01
1.448995983935743048e+01
1.522891566265060170e+01
1.270281124497991954e+01
1.584337349397590344e+01
1.310843373493975861e+01
2.159036144578313099e+01
1.761044176706827358e+01
1.452610441767068217e+01
1.557028112449799195e+01
1.944578313253012070e+01
1.916867469879517927e+01
3.299598393574297006e+01
1.357429718875502012e+01
2.258232931726907466e+01
1.816064257028112294e+01
2.765863453815261153e+01
1.429718875502008046e+01
1.758232931726907466e+01
1.448192771084337416e+01
2.076706827309237013e+01
1.271084337349397586e+01
2.623293172690762987e+01
1.972690763052208851e+01
1.645783132530120341e+01
1.706827309236947698e+01
1.881124497991967814e+01
1.518875502008032186e+01
1.515261044176706839e+01
1.699598393574297361e+01
1.405622489959839427e+01
1.781927710843373447e+01
1.720080321285140457e+01
1.522891566265060170e+01
1.633734939759036209e+01
1.791566265060241037e+01
1.483534136546184712e+01
1.933734939759036209e+01
1.271887550200803219e+01
1.628514056224899775e+01
1.213654618473895574e+01
1.584337349397590344e+01
1.804016064257028162e+01
1.372690763052208851e+01
1.651807228915662762e+01
1.663052208835341261e+01
2.114859437751004023e+01
1.539357429718875458e+01
2.177510040160642646e+01
1.496385542168674654e+01
1.968674698795180689e+01
1.532530120481927760e+01
1.573092369477911667e+01
1.603614457831325169e+01
1.753815261044176665e+01
1.434939759036144658e+01
1.643775100401606437e+01
1.700803212851405632e+01
1.499598393574297184e+01
2.028514056224899775e+01
1.263052208835341439e+01
1.349397590361445864e+01
1.351405622489959768e+01
1.589959839357429772e+01
1.861445783132529996e+01
2.215662650602409656e+01
1.521285140562249083e+01
1.952610441767068394e+01
1.150200803212851319e+01
1.501204819277108449e+01
1.417670682730923737e+01
1.419678714859437818e+01
1.567469879518072240e+01
1.826907630522088510e+01
1.617269076305220921e+01
1.527710843373493965e+01
1.927710843373494143e+01
1.285943775100401609e+01
1.725702811244979884e+01
1.303614457831325346e+01
1.370682730923694770e+01
1.282329317269076263e+01
1.817269076305220921e+01
1.594377510040160573e+01
1.437751004016064194e+01
1.424096385542168619e+01
1.426506024096385516e+01
1.901204819277108271e+01
1.863855421686746894e+01
1.736947791164658739e+01
1.693574297188754940e+01
2.008835341365461957e+01
1.976305220883534020e+01
1.334939759036144658e+01
2.003212851405622530e+01
1.449799196787148681e+01
1.533734939759036209e+01
1.767068273092369424e+01
1.459036144578313277e+01
1.925301204819277245e+01
1.568273092369477872e+01
1.587951807228915690e+01
1.783935742971887706e+01
2.040160642570281269e+01
1.483534136546184712e+01
1.589156626506024139e+01
1.329718875502008046e+01
1.787951807228915513e+01
1.538955823293172642e+01
1.500803212851405632e+01
1.383534136546184712e+01
1.217670682730923737e+01
1.576706827309237013e+01
1.510040160642570228e+01
1.638554216867470004e+01
2.042570281124498166e+01
1.264658634538152526e+01
1.451807228915662584e+01
1.844979919678714708e+01
2.019277108433734824e+01
1.808835341365461957e+01
2.232530120481927582e+01
1.164257028112449888e+01
1.919277108433734824e+01
1.797188755020080464e+01
1.891566265060241037e+01
1.757028112449799195e+01
2.122489959839357354e+01
1.388755020080321323e+01
1.532128514056224944e+01
1.606024096385542066e+01
1.464658634538152526e+01
1.465461847389558159e+01
1.346987951807228967e+01
2.451405622489959768e+01
1.925301204819277245e+01
1.588353413654618507e+01
1.646987951807228967e+01
1.558232931726907644e+01
1.360642570281124542e+01
1.486345381526104426e+01
2.014056224899598391e+01
1.847791164658634600e+01
1.668273092369478050e+01
1.418875502008032186e+01
1.522088353413654538e+01
1.539759036144578275e+01
1.693574297188754940e+01
1.585140562248995977e+01
1.570281124497991954e+01
1.556626506024096379e+01
1.435742971887550112e+01
1.481526104417670631e+01
1.720481927710843451e+01
1.426104417670682700e+01
1.473092369477911667e+01
1.858634538152610460e+01
2.032931726907630576e+01
1.651004016064257129e+01
1.934136546184738847e+01
1.576305220883534197e+01
1.773895582329317122e+01
1.720883534136546089e+01
1.398795180722891551e+01
1.899598393574297361e+01
1.504417670682730979e+01
1.794377510040160573e+01
1.990763052208835404e+01
1.614056224899598391e+01
2.184738955823293338e+01
2.099598393574297361e+01
1.782730923694779079e+01
1.373895582329317300e+01
2.176706827309237013e+01
1.476305220883534197e+01
1.549799196787148681e+01
1.544578313253012070e+01
1.887148594377509880e+01
1.652610441767068394e+01
2.509638554216867590e+01
1.609638554216867590e+01
2.141767068273092534e+01
1.744176706827309076e+01
1.651807228915662762e+01
1.995983935742971838e+01
1.388353413654618507e+01
1.597188755020080286e+01
1.684337349397590344e+01
1.557028112449799195e+01
1.831325301204819311e+01
1.755020080321285292e+01
1.455421686746987930e+01
1.032530120481927760e+01
1.612851405622490120e+01
2.440963855421686901e+01
1.599196787148594368e+01
1.671084337349397586e+01
1.826506024096385516e+01
1.864257028112449888e+01
1.441767068273092356e+01
2.439759036144578275e+01
1.813253012048192758e+01
1.689558232931726778e+01
1.399196787148594368e+01
1.394377510040160573e+01
1.875100401606425748e+01
2.395582329317269199e+01
1.368273092369477872e+01
1.559036144578313277e+01
1.973895582329317122e+01
1.252610441767068217e+01
1.645381526104417702e+01
1.665863453815261153e+01
1.686345381526104248e+01
1.618072289156626553e+01
2.276706827309237013e+01
1.597188755020080286e+01
2.281124497991967814e+01
1.402409638554216897e+01
1.559839357429718909e+01
1.484738955823293161e+01
1.499196787148594368e+01
1.443775100401606437e+01
1.256626506024096379e+01
1.559437751004016093e+01
1.430522088353413679e+01
1.398393574297188735e+01
1.687148594377509880e+01
1.464658634538152526e+01
1.840562248995983907e+01
1.473895582329317300e+01
1.607228915662650692e+01
1.780321285140562182e+01
1.383935742971887528e+01
1.376706827309237013e+01
1.255421686746987930e+01
1.666265060240963791e+01
1.595582329317269021e+01
1.210843373493975861e+01
1.681124497991967814e+01
1.633333333333333215e+01
1.275502008032128565e+01
2.556626506024096557e+01
1.343373493975903621e+01
1.259437751004016093e+01
1.583132530120481896e+01
1.585542168674698793e+01
1.504417670682730979e+01
1.603614457831325169e+01
1.450200803212851319e+01
2.287550200803212874e+01
1.276706827309237013e+01
1.559437751004016093e+01
1.782329317269076441e+01
1.400000000000000000e+01
1.824497991967871613e+01
1.654618473895582298e+01
1.321285140562249083e+01
2.034136546184738847e+01
1.702008032128513904e+01
1.797590361445783103e+01
1.591566265060241037e+01
1.836144578313253106e+01
2.025702811244979884e+01
1.429317269076305230e+01
1.488353413654618507e+01
2.031325301204819311e+01
1.484738955823293161e+01
2.058634538152610460e+01
1.567068273092369424e+01
1.932931726907630576e+01
1.134136546184739025e+01
1.946987951807228967e+01
1.768273092369478050e+01
1.585542168674698793e+01
1.120481927710843451e+01
1.711646586345381493e+01
1.428112449799196781e+01
2.870682730923694947e+01
1.613654618473895752e+01
2.377911646586345285e+01
1.387148594377510058e+01
1.868273092369478050e+01
1.719678714859437818e+01
1.550200803212851319e+01
1.479116465863453733e+01
1.733333333333333215e+01
1.973493975903614484e+01
1.310843373493975861e+01
1.230923694779116495e+01
1.748995983935742871e+01
1.755421686746987930e+01
1.610441767068273222e+01
1.401606425702811265e+01
1.183935742971887528e+01
1.577911646586345462e+01
2.036144578313253106e+01
1.846987951807228967e+01
2.118875502008032186e+01
2.208032128514056325e+01
2.552610441767068394e+01
1.780321285140562182e+01
2.022088353413654715e+01
1.434538152610441841e+01
1.558634538152610460e+01
1.255823293172690747e+01
1.433333333333333393e+01
1.548995983935743048e+01
1.630522088353413679e+01
1.444578313253012070e+01
1.320080321285140634e+01
1.711244979919678855e+01
1.968674698795180689e+01
1.743373493975903443e+01
1.489959839357429772e+01
2.189558232931726778e+01
1.780321285140562182e+01
1.650200803212851497e+01
1.423694779116465803e+01
1.527309236947791149e+01
2.886345381526104248e+01
1.861847389558232990e+01
1.959437751004016093e+01
1.477510040160642646e+01
1.532931726907630576e+01
1.361044176706827358e+01
2.043775100401606437e+01
1.401606425702811265e+01
2.219277108433734824e+01
1.461445783132530174e+01
2.083132530120482073e+01
1.580722891566264998e+01
1.374698795180722932e+01
1.411646586345381493e+01
2.022891566265060348e+01
1.705622489959839427e+01
1.440963855421686723e+01
2.042570281124498166e+01
1.900803212851405632e+01
1.291967871485943853e+01
1.519277108433735002e+01
1.898795180722891729e+01
1.777108433734939652e+01
1.354216867469879482e+01
1.553413654618473849e+01
1.935341365461847474e+01
1.612851405622490120e+01
1.260240963855421725e+01
1.452208835341365400e+01
1.978313253012048278e+01
1.806024096385542066e+01
1.974297188755020116e+01
1.453815261044176665e+01
1.363052208835341439e+01
1.675502008032128387e+01
1.575502008032128565e+01
1.705220883534136433e+01
1.489156626506024139e+01
2.111244979919678855e+01
1.973092369477911490e+01
1.782329317269076441e+01
2.030923694779116317e+01
1.799196787148594368e+01
1.462650602409638623e+01
1.467469879518072240e+01
1.360240963855421725e+01
1.430522088353413679e+01
2.008835341365461957e+01
1.428112449799196781e+01
1.489558232931726955e+01
2.310040160642570228e+01
1.704417670682730801e+01
1.432128514056224944e+01
1.889156626506024139e+01
1.371485943775100402e+01
1.908433734939758963e+01
1.732530120481927582e+01
1.615662650602409656e+01
1.662650602409638623e+01
1.931726907630521950e+01
1.284337349397590344e+01
1.523694779116465803e+01
1.649397590361445864e+01
1.377510040160642646e+01
1.492771084337349485e+01
1.747389558232931606e+01
1.607228915662650692e+01
1.799598393574297361e+01
1.581124497991967814e+01
1.621686746987951722e+01
1.655421686746987930e+01
1.670281124497991954e+01
2.230923694779116317e+01
1.359437751004016093e+01
1.640562248995983907e+01
1.642570281124498166e+01
2.051807228915662762e+01
1.659036144578313099e+01
1.835742971887550112e+01
1.482730923694779079e+01
1.725702811244979884e+01
1.693574297188754940e+01
1.851807228915662762e+01
1.704417670682730801e+01
1.777510040160642646e+01
1.677911646586345285e+01
2.175903614457831381e+01
2.414056224899598391e+01
2.108835341365461957e+01
1.647791164658634600e+01
1.612851405622490120e+01
1.902409638554216897e+01
1.554216867469879482e+01
1.747389558232931606e+01
1.677911646586345285e+01
1.383935742971887528e+01
1.820080321285140457e+01
1.659437751004016093e+01
1.690361445783132410e+01
1.857429718875501834e+01
1.555823293172690747e+01
1.721686746987951722e+01
1.349397590361445864e+01
1.157028112449799195e+01
1.591164658634538220e+01
1.819678714859437818e+01
1.536546184738955745e+01
1.504819277108433795e+01
1.877911646586345285e+01
1.698393574297188735e+01
1.258232931726907644e+01
2.140963855421686901e+01
1.964658634538152526e+01
1.418473895582329369e+01
2.012449799196787126e+01
1.626506024096385516e+01
1.647791164658634600e+01
1.718473895582329192e+01
1.648192771084337238e+01
1.627710843373494143e+01
1.676305220883534020e+01
1.620883534136546089e+01
1.668674698795180689e+01
2.424899598393574252e+01
1.675100401606425748e+01
1.405220883534136611e+01
1.645783132530120341e+01
2.304819277108433795e+01
1.534939759036144658e+01
1.914457831325301029e+01
1.695180722891566205e+01
1.797188755020080464e+01
1.514056224899598391e+01
2.051004016064257129e+01
1.882329317269076441e+01
1.663052208835341261e+01
1.486746987951807242e+01
1.893574297188754940e+01
1.912449799196787126e+01
1.321686746987951722e+01
1.475502008032128565e+01
1.541365461847389540e+01
2.167068273092369424e+01
1.662248995983935629e+01
2.210040160642570228e+01
1.370682730923694770e+01
1.774698795180722755e+01
1.651004016064257129e+01
1.520883534136546267e+01
1.757028112449799195e+01
1.356224899598393563e+01
1.611244979919678855e+01
2.154216867469879659e+01
1.594779116465863389e+01
1.638152610441767010e+01
1.625301204819277245e+01
2.088755020080321145e+01
1.459036144578313277e+01
1.531726907630522128e+01
2.284337349397590344e+01
2.120080321285140457e+01
1.753413654618474027e+01
2.608835341365461957e+01
1.508835341365461780e+01
1.657429718875501834e+01
1.845381526104417702e+01
1.820481927710843451e+01
1.726104417670682878e+01
1.786746987951807242e+01
1.434538152610441841e+01
2.165060240963855520e+01
2.280321285140562182e+01
1.724096385542168619e+01
2.205220883534136433e+01
1.671084337349397586e+01
1.624497991967871613e+01
1.436947791164658561e+01
1.383534136546184712e+01
1.254618473895582298e+01
1.345783132530120518e+01
1.587951807228915690e+01
1.858232931726907466e+01
1.771485943775100225e+01
1.201204819277108449e+01
1.858232931726907466e+01
2.095582329317269199e+01
1.753012048192771033e+01
1.465461847389558159e+01
1.661847389558232990e+01
1.395582329317269021e+01
1.566666666666666607e+01
1.459036144578313277e+01
1.742971887550200805e+01
1.440160642570281091e+01
1.667068273092369424e+01
2.067068273092369424e+01
1.451004016064256952e+01
1.587550200803212874e+01
1.236546184738955745e+01
1.858634538152610460e+01
1.290763052208835404e+01
1.670682730923694947e+01
1.639357429718875636e+01
2.426506024096385516e+01
1.286746987951807242e+01
1.986746987951807242e+01
1.545381526104417702e+01
1.633734939759036209e+01
1.751405622489959768e+01
1.577108433734939830e+01
1.644176706827309076e+01
1.632530120481927582e+01
1.766666666666666785e+01
1.726506024096385516e+01
1.609236947791164596e+01
1.914457831325301029e+01
1.639357429718875636e+01
1.240160642570281091e+01
1.722891566265060348e+01
1.545381526104417702e+01
1.720883534136546089e+01
2.061847389558232990e+01
1.256626506024096379e+01
1.349799196787148681e+01
1.778714859437750917e+01
1.763052208835341261e+01
1.300803212851405632e+01
1.597188755020080286e+01
2.103212851405622530e+01
1.706024096385542066e+01
1.589558232931726955e+01
1.419678714859437818e+01
1.364658634538152526e+01
1.385140562248995977e+01
1.466666666666666607e+01
1.880722891566265176e+01
1.111646586345381493e+01
1.869879518072289315e+01
1.246586345381526151e+01
1.133734939759036209e+01
2.010843373493975861e+01
1.982730923694779079e+01
1.583534136546184712e+01
1.546987951807228967e+01
1.763052208835341261e+01
1.704016064257028162e+01
1.702811244979919536e+01
1.458232931726907644e+01
1.548995983935743048e+01
1.479116465863453733e+01
1.541365461847389540e+01
1.384337349397590344e+01
1.706827309236947698e+01
1.445381526104417702e+01
1.691967871485943675e+01
2.138152610441767010e+01
1.343775100401606437e+01
1.745783132530120341e+01
1.747389558232931606e+01
2.505622489959839427e+01
1.553815261044176665e+01
1.729317269076305053e+01
1.557429718875502012e+01
1.836947791164658739e+01
1.312449799196787126e+01
1.689558232931726778e+01
1.929317269076305053e+01
1.834538152610441841e+01
1.534538152610441841e+01
1.905220883534136433e+01
1.993574297188754940e+01
1.676305220883534020e+01
1.647389558232931606e+01
1.449397590361445864e+01
1.514056224899598391e+01
1.622891566265060348e+01
1.680321285140562182e+01
1.532530120481927760e+01
1.512851405622489942e+01
1.995180722891566205e+01
1.487951807228915690e+01
1.883935742971887706e+01
1.577108433734939830e+01
1.706425702811245060e+01
1.833734939759036209e+01
2.128112449799196781e+01
1.484337349397590344e+01
1.887951807228915513e+01
1.829718875502008046e+01
1.456224899598393563e+01
1.181124497991967814e+01
1.296385542168674654e+01
1.389156626506024139e+01
1.966666666666666785e+01
1.711646586345381493e+01
1.537349397590361377e+01
1.448995983935743048e+01
1.828112449799196781e+01
1.704417670682730801e+01
1.232530120481927760e+01
1.500401606425702816e+01
1.617269076305220921e+01
2.063855421686746894e+01
2.268674698795180689e+01
1.240562248995983907e+01
1.465461847389558159e+01
1.330923694779116495e+01
1.620481927710843451e+01
1.800803212851405632e+01
1.330120481927710863e+01
1.432931726907630576e+01
1.194779116465863389e+01
1.567068273092369424e+01
1.352610441767068217e+01
1.670682730923694947e+01
1.775100401606425748e+01
1.611646586345381493e+01
1.565060240963855342e+01
1.561044176706827358e+01
1.579116465863453733e+01
1.480722891566264998e+01
1.233333333333333393e+01
1.705622489959839427e+01
1.525702811244979884e+01
1.781526104417670808e+01
1.480321285140562182e+01
1.720481927710843451e+01
1.755020080321285292e+01
1.488755020080321323e+01
2.103212851405622530e+01
1.554216867469879482e+01
2.098795180722891729e+01
1.690361445783132410e+01
1.921285140562249083e+01
1.626104417670682878e+01
1.314056224899598391e+01
2.061445783132529996e+01
2.370682730923694947e+01
2.046184738955823335e+01
1.358634538152610460e+01
1.646987951807228967e+01
1.818072289156626553e+01
1.748995983935742871e+01
2.086345381526104248e+01
1.931726907630521950e+01
1.310441767068273045e+01
1.305220883534136611e+01
1.257429718875502012e+01
2.312851405622490120e+01
1.568273092369477872e+01
1.422489959839357354e+01
1.462248995983935806e+01
1.683534136546184712e+01
1.593574297188754940e+01
1.736546184738955745e+01
1.827309236947791149e+01
1.752610441767068394e+01
1.700000000000000000e+01
1.758232931726907466e+01
1.475502008032128565e+01
1.489959839357429772e+01
1.620481927710843451e+01
1.563052208835341439e+01
1.672289156626505857e+01
2.124497991967871613e+01
1.614457831325301029e+01
1.747389558232931606e+01
1.793172690763052302e+01
2.053413654618474027e+01
2.294779116465863567e+01
1.826907630522088510e+01
1.596787148594377470e+01
1.281124497991967814e+01
2.169076305220883683e+01
2.094377510040160573e+01
1.797590361445783103e+01
1.410040160642570228e+01
2.212851405622490120e+01
1.596385542168674654e+01
1.621285140562249083e+01
1.602811244979919536e+01
1.786345381526104248e+01
2.188755020080321145e+01
1.553012048192771033e+01
1.642971887550200805e+01
1.610843373493975861e+01
1.393172690763052124e+01
1.530923694779116495e+01
1.385943775100401609e+01
1.876706827309237013e+01
1.627309236947791149e+01
1.628112449799196781e+01
1.664257028112449888e+01
1.982329317269076441e+01
1.426907630522088333e+01
1.523694779116465803e+01
2.159036144578313099e+01
1.610040160642570228e+01
1.272289156626506035e+01
1.618473895582329192e+01
1.672289156626505857e+01
1.834136546184738847e+01
1.598795180722891551e+01
1.697590361445783103e+01
2.016867469879517927e+01
1.313654618473895574e+01
2.054618473895582298e+01
1.788755020080321145e+01
1.654216867469879659e+01
1.707228915662650692e+01
1.531726907630522128e+01
1.625301204819277245e+01
1.570281124497991954e+01
1.649397590361445864e+01
1.569076305220883505e+01
1.338554216867469826e+01
1.765461847389558159e+01
1.958232931726907466e+01
1.731325301204819311e+01
1.776706827309237013e+01
1.400000000000000000e+01
2.129718875502008046e+01
1.619678714859437818e+01
1.574297188755020116e+01
1.921686746987951722e+01
1.978313253012048278e+01
2.107630522088353331e+01
1.636947791164658739e+01
1.616465863453815288e+01
1.652208835341365400e+01
1.635341365461847474e+01
1.800000000000000000e+01
1.757028112449799195e+01
1.643373493975903443e+01
1.447791164658634600e+01
1.477911646586345462e+01
1.388353413654618507e+01
1.680722891566265176e+01
1.742971887550200805e+01
1.587550200803212874e+01
1.508433734939758963e+01
1.804819277108433795e+01
1.881526104417670808e+01
1.390763052208835404e+01
1.697590361445783103e+01
1.095180722891566205e+01
1.367469879518072240e+01
1.251405622489959768e+01
1.823293172690762987e+01
1.364658634538152526e+01
1.893975903614457934e+01
2.124096385542168619e+01
2.177510040160642646e+01
1.353413654618473849e+01
1.371485943775100402e+01
1.272289156626506035e+01
