 x y z label
0 0 0 0 0
1 0 1 0 0
2 0 2 0 0
3 0 3 0 0
4 0 4 0 0
5 0 5 0 0
6 0 6 0 13
7 0 7 0 0
8 0 8 0 15
9 0 9 0 0
10 0 10 0 0
11 0 11 0 0
12 0 12 0 0
13 0 13 0 0
14 0 14 0 0
15 0 15 0 0
16 0 16 0 0
17 0 17 0 0
18 0 18 0 0
19 0 19 0 0
20 0 20 0 0
21 0 21 0 0
22 0 22 0 0
23 0 23 0 0
24 0 24 0 0
25 0 25 0 0
26 0 26 0 0
27 0 27 0 0
28 0 28 0 64
29 0 29 0 0
30 0 30 0 0
31 0 31 0 69
32 0 32 0 69
33 1 0 0 0
34 1 1 0 0
35 1 2 0 0
36 1 3 0 0
37 1 4 0 0
38 1 5 0 0
39 1 6 0 0
40 1 7 0 0
41 1 8 0 0
42 1 9 0 0
43 1 10 0 0
44 1 11 0 0
45 1 12 0 0
46 1 13 0 101
47 1 14 0 0
48 1 15 0 0
49 1 16 0 0
50 1 17 0 0
51 1 18 0 0
52 1 19 0 0
53 1 20 0 0
54 1 21 0 0
55 1 22 0 0
56 1 23 0 0
57 1 24 0 0
58 1 25 0 0
59 1 26 0 0
60 1 27 0 0
61 1 28 0 0
62 1 29 0 0
63 1 30 0 0
64 1 31 0 0
65 1 32 0 0
66 2 0 0 0
67 2 1 0 0
68 2 2 0 0
69 2 3 0 0
70 2 4 0 0
71 2 5 0 0
72 2 6 0 0
73 2 7 0 0
74 2 8 0 0
75 2 9 0 0
76 2 10 0 0
77 2 11 0 0
78 2 12 0 0
79 2 13 0 0
80 2 14 0 0
81 2 15 0 159
82 2 16 0 0
83 2 17 0 0
84 2 18 0 0
85 2 19 0 0
86 2 20 0 0
87 2 21 0 0
88 2 22 0 0
89 2 23 0 50
90 2 24 0 0
91 2 25 0 0
92 2 26 0 0
93 2 27 0 0
94 2 28 0 0
95 2 29 0 0
96 2 30 0 0
97 2 31 0 0
98 2 32 0 0
99 3 0 0 0
100 3 1 0 0
101 3 2 0 0
102 3 3 0 134
103 3 4 0 134
104 3 5 0 0
105 3 6 0 0
106 3 7 0 0
107 3 8 0 0
108 3 9 0 0
109 3 10 0 0
110 3 11 0 149
111 3 12 0 149
112 3 13 0 149
113 3 14 0 0
114 3 15 0 0
115 3 16 0 0
116 3 17 0 0
117 3 18 0 0
118 3 19 0 0
119 3 20 0 0
120 3 21 0 0
121 3 22 0 0
122 3 23 0 0
123 3 24 0 0
124 3 25 0 0
125 3 26 0 0
126 3 27 0 206
127 3 28 0 206
128 3 29 0 0
129 3 30 0 0
130 3 31 0 0
131 3 32 0 0
132 4 0 0 0
133 4 1 0 0
134 4 2 0 0
135 4 3 0 0
136 4 4 0 0
137 4 5 0 0
138 4 6 0 0
139 4 7 0 0
140 4 8 0 0
141 4 9 0 0
142 4 10 0 0
143 4 11 0 149
144 4 12 0 149
145 4 13 0 0
146 4 14 0 241
147 4 15 0 0
148 4 16 0 0
149 4 17 0 0
150 4 18 0 245
151 4 19 0 0
152 4 20 0 50
153 4 21 0 50
154 4 22 0 50
155 4 23 0 50
156 4 24 0 0
157 4 25 0 0
158 4 26 0 0
159 4 27 0 206
160 4 28 0 206
161 4 29 0 206
162 4 30 0 0
163 4 31 0 0
164 4 32 0 0
165 5 0 0 0
166 5 1 0 266
167 5 2 0 0
168 5 3 0 0
169 5 4 0 0
170 5 5 0 0
171 5 6 0 0
172 5 7 0 0
173 5 8 0 0
174 5 9 0 0
175 5 10 0 0
176 5 11 0 0
177 5 12 0 0
178 5 13 0 0
179 5 14 0 0
180 5 15 0 0
181 5 16 0 0
182 5 17 0 245
183 5 18 0 245
184 5 19 0 0
185 5 20 0 50
186 5 21 0 50
187 5 22 0 50
188 5 23 0 50
189 5 24 0 0
190 5 25 0 0
191 5 26 0 0
192 5 27 0 206
193 5 28 0 206
194 5 29 0 206
195 5 30 0 0
196 5 31 0 0
197 5 32 0 0
198 6 0 0 0
199 6 1 0 0
200 6 2 0 0
201 6 3 0 0
202 6 4 0 0
203 6 5 0 0
204 6 6 0 225
205 6 7 0 225
206 6 8 0 225
207 6 9 0 225
208 6 10 0 0
209 6 11 0 321
210 6 12 0 0
211 6 13 0 0
212 6 14 0 0
213 6 15 0 0
214 6 16 0 245
215 6 17 0 245
216 6 18 0 245
217 6 19 0 0
218 6 20 0 50
219 6 21 0 0
220 6 22 0 0
221 6 23 0 0
222 6 24 0 0
223 6 25 0 206
224 6 26 0 0
225 6 27 0 206
226 6 28 0 0
227 6 29 0 206
228 6 30 0 0
229 6 31 0 0
230 6 32 0 0
231 7 0 0 0
232 7 1 0 0
233 7 2 0 0
234 7 3 0 0
235 7 4 0 0
236 7 5 0 0
237 7 6 0 225
238 7 7 0 225
239 7 8 0 225
240 7 9 0 0
241 7 10 0 0
242 7 11 0 321
243 7 12 0 0
244 7 13 0 0
245 7 14 0 368
246 7 15 0 0
247 7 16 0 0
248 7 17 0 245
249 7 18 0 0
250 7 19 0 0
251 7 20 0 0
252 7 21 0 0
253 7 22 0 0
254 7 23 0 0
255 7 24 0 0
256 7 25 0 0
257 7 26 0 0
258 7 27 0 0
259 7 28 0 0
260 7 29 0 0
261 7 30 0 0
262 7 31 0 0
263 7 32 0 0
264 8 0 0 0
265 8 1 0 0
266 8 2 0 0
267 8 3 0 0
268 8 4 0 0
269 8 5 0 0
270 8 6 0 0
271 8 7 0 0
272 8 8 0 0
273 8 9 0 400
274 8 10 0 0
275 8 11 0 0
276 8 12 0 0
277 8 13 0 0
278 8 14 0 0
279 8 15 0 414
280 8 16 0 417
281 8 17 0 0
282 8 18 0 0
283 8 19 0 0
284 8 20 0 0
285 8 21 0 0
286 8 22 0 0
287 8 23 0 0
288 8 24 0 0
289 8 25 0 0
290 8 26 0 0
291 8 27 0 0
292 8 28 0 0
293 8 29 0 0
294 8 30 0 0
295 8 31 0 434
296 8 32 0 0
297 9 0 0 0
298 9 1 0 0
299 9 2 0 0
300 9 3 0 0
301 9 4 0 0
302 9 5 0 0
303 9 6 0 0
304 9 7 0 0
305 9 8 0 0
306 9 9 0 0
307 9 10 0 0
308 9 11 0 0
309 9 12 0 0
310 9 13 0 0
311 9 14 0 0
312 9 15 0 0
313 9 16 0 0
314 9 17 0 0
315 9 18 0 0
316 9 19 0 0
317 9 20 0 0
318 9 21 0 0
319 9 22 0 0
320 9 23 0 0
321 9 24 0 0
322 9 25 0 0
323 9 26 0 0
324 9 27 0 0
325 9 28 0 432
326 9 29 0 432
327 9 30 0 0
328 9 31 0 0
329 9 32 0 0
330 10 0 0 0
331 10 1 0 485
332 10 2 0 0
333 10 3 0 0
334 10 4 0 0
335 10 5 0 0
336 10 6 0 491
337 10 7 0 0
338 10 8 0 0
339 10 9 0 0
340 10 10 0 0
341 10 11 0 499
342 10 12 0 499
343 10 13 0 0
344 10 14 0 0
345 10 15 0 0
346 10 16 0 0
347 10 17 0 0
348 10 18 0 0
349 10 19 0 0
350 10 20 0 0
351 10 21 0 0
352 10 22 0 0
353 10 23 0 0
354 10 24 0 0
355 10 25 0 0
356 10 26 0 0
357 10 27 0 0
358 10 28 0 0
359 10 29 0 0
360 10 30 0 432
361 10 31 0 0
362 10 32 0 0
363 11 0 0 0
364 11 1 0 0
365 11 2 0 0
366 11 3 0 0
367 11 4 0 0
368 11 5 0 0
369 11 6 0 0
370 11 7 0 0
371 11 8 0 549
372 11 9 0 0
373 11 10 0 0
374 11 11 0 0
375 11 12 0 499
376 11 13 0 499
377 11 14 0 0
378 11 15 0 0
379 11 16 0 558
380 11 17 0 0
381 11 18 0 0
382 11 19 0 0
383 11 20 0 0
384 11 21 0 0
385 11 22 0 468
386 11 23 0 468
387 11 24 0 468
388 11 25 0 0
389 11 26 0 0
390 11 27 0 0
391 11 28 0 0
392 11 29 0 575
393 11 30 0 0
394 11 31 0 0
395 11 32 0 0
396 12 0 0 0
397 12 1 0 0
398 12 2 0 0
399 12 3 0 0
400 12 4 0 0
401 12 5 0 0
402 12 6 0 0
403 12 7 0 0
404 12 8 0 0
405 12 9 0 0
406 12 10 0 0
407 12 11 0 0
408 12 12 0 499
409 12 13 0 0
410 12 14 0 0
411 12 15 0 558
412 12 16 0 558
413 12 17 0 558
414 12 18 0 0
415 12 19 0 0
416 12 20 0 0
417 12 21 0 0
418 12 22 0 468
419 12 23 0 0
420 12 24 0 0
421 12 25 0 0
422 12 26 0 0
423 12 27 0 0
424 12 28 0 0
425 12 29 0 620
426 12 30 0 0
427 12 31 0 0
428 12 32 0 0
429 13 0 0 0
430 13 1 0 0
431 13 2 0 0
432 13 3 0 0
433 13 4 0 0
434 13 5 0 0
435 13 6 0 0
436 13 7 0 0
437 13 8 0 0
438 13 9 0 640
439 13 10 0 640
440 13 11 0 0
441 13 12 0 0
442 13 13 0 0
443 13 14 0 0
444 13 15 0 0
445 13 16 0 558
446 13 17 0 558
447 13 18 0 0
448 13 19 0 0
449 13 20 0 0
450 13 21 0 0
451 13 22 0 468
452 13 23 0 468
453 13 24 0 0
454 13 25 0 656
455 13 26 0 0
456 13 27 0 0
457 13 28 0 0
458 13 29 0 0
459 13 30 0 0
460 13 31 0 0
461 13 32 0 0
462 14 0 0 0
463 14 1 0 631
464 14 2 0 0
465 14 3 0 669
466 14 4 0 669
467 14 5 0 0
468 14 6 0 0
469 14 7 0 0
470 14 8 0 0
471 14 9 0 640
472 14 10 0 640
473 14 11 0 0
474 14 12 0 0
475 14 13 0 0
476 14 14 0 0
477 14 15 0 0
478 14 16 0 0
479 14 17 0 0
480 14 18 0 0
481 14 19 0 0
482 14 20 0 0
483 14 21 0 0
484 14 22 0 0
485 14 23 0 0
486 14 24 0 0
487 14 25 0 705
488 14 26 0 705
489 14 27 0 705
490 14 28 0 0
491 14 29 0 0
492 14 30 0 0
493 14 31 0 0
494 14 32 0 0
495 15 0 0 0
496 15 1 0 631
497 15 2 0 0
498 15 3 0 0
499 15 4 0 669
500 15 5 0 0
501 15 6 0 0
502 15 7 0 0
503 15 8 0 640
504 15 9 0 640
505 15 10 0 640
506 15 11 0 0
507 15 12 0 0
508 15 13 0 0
509 15 14 0 0
510 15 15 0 0
511 15 16 0 0
512 15 17 0 0
513 15 18 0 0
514 15 19 0 0
515 15 20 0 0
516 15 21 0 0
517 15 22 0 0
518 15 23 0 0
519 15 24 0 705
520 15 25 0 705
521 15 26 0 705
522 15 27 0 0
523 15 28 0 0
524 15 29 0 765
525 15 30 0 765
526 15 31 0 0
527 15 32 0 0
528 16 0 0 0
529 16 1 0 0
530 16 2 0 0
531 16 3 0 0
532 16 4 0 0
533 16 5 0 0
534 16 6 0 0
535 16 7 0 0
536 16 8 0 640
537 16 9 0 640
538 16 10 0 640
539 16 11 0 0
540 16 12 0 0
541 16 13 0 0
542 16 14 0 0
543 16 15 0 0
544 16 16 0 0
545 16 17 0 0
546 16 18 0 0
547 16 19 0 0
548 16 20 0 0
549 16 21 0 0
550 16 22 0 0
551 16 23 0 810
552 16 24 0 705
553 16 25 0 705
554 16 26 0 0
555 16 27 0 765
556 16 28 0 765
557 16 29 0 765
558 16 30 0 0
559 16 31 0 0
560 16 32 0 0
561 17 0 0 0
562 17 1 0 0
563 17 2 0 831
564 17 3 0 0
565 17 4 0 0
566 17 5 0 0
567 17 6 0 0
568 17 7 0 0
569 17 8 0 0
570 17 9 0 0
571 17 10 0 0
572 17 11 0 0
573 17 12 0 0
574 17 13 0 0
575 17 14 0 0
576 17 15 0 848
577 17 16 0 0
578 17 17 0 849
579 17 18 0 0
580 17 19 0 0
581 17 20 0 0
582 17 21 0 807
583 17 22 0 0
584 17 23 0 0
585 17 24 0 0
586 17 25 0 0
587 17 26 0 765
588 17 27 0 765
589 17 28 0 765
590 17 29 0 765
591 17 30 0 0
592 17 31 0 0
593 17 32 0 0
594 18 0 0 0
595 18 1 0 0
596 18 2 0 0
597 18 3 0 0
598 18 4 0 0
599 18 5 0 0
600 18 6 0 0
601 18 7 0 0
602 18 8 0 0
603 18 9 0 0
604 18 10 0 0
605 18 11 0 0
606 18 12 0 798
607 18 13 0 798
608 18 14 0 0
609 18 15 0 0
610 18 16 0 0
611 18 17 0 0
612 18 18 0 807
613 18 19 0 807
614 18 20 0 0
615 18 21 0 0
616 18 22 0 0
617 18 23 0 0
618 18 24 0 0
619 18 25 0 0
620 18 26 0 0
621 18 27 0 0
622 18 28 0 765
623 18 29 0 765
624 18 30 0 0
625 18 31 0 0
626 18 32 0 0
627 19 0 0 0
628 19 1 0 0
629 19 2 0 0
630 19 3 0 0
631 19 4 0 0
632 19 5 0 0
633 19 6 0 0
634 19 7 0 922
635 19 8 0 0
636 19 9 0 0
637 19 10 0 0
638 19 11 0 0
639 19 12 0 798
640 19 13 0 798
641 19 14 0 0
642 19 15 0 0
643 19 16 0 0
644 19 17 0 0
645 19 18 0 0
646 19 19 0 0
647 19 20 0 0
648 19 21 0 947
649 19 22 0 947
650 19 23 0 947
651 19 24 0 0
652 19 25 0 0
653 19 26 0 0
654 19 27 0 0
655 19 28 0 765
656 19 29 0 765
657 19 30 0 0
658 19 31 0 0
659 19 32 0 0
660 20 0 0 0
661 20 1 0 0
662 20 2 0 775
663 20 3 0 775
664 20 4 0 0
665 20 5 0 0
666 20 6 0 976
667 20 7 0 0
668 20 8 0 982
669 20 9 0 982
670 20 10 0 0
671 20 11 0 798
672 20 12 0 798
673 20 13 0 798
674 20 14 0 0
675 20 15 0 0
676 20 16 0 0
677 20 17 0 0
678 20 18 0 0
679 20 19 0 0
680 20 20 0 0
681 20 21 0 947
682 20 22 0 947
683 20 23 0 0
684 20 24 0 0
685 20 25 0 1002
686 20 26 0 0
687 20 27 0 0
688 20 28 0 0
689 20 29 0 0
690 20 30 0 0
691 20 31 0 0
692 20 32 0 0
693 21 0 0 0
694 21 1 0 0
695 21 2 0 1013
696 21 3 0 0
697 21 4 0 0
698 21 5 0 0
699 21 6 0 0
700 21 7 0 0
701 21 8 0 982
702 21 9 0 982
703 21 10 0 0
704 21 11 0 0
705 21 12 0 798
706 21 13 0 798
707 21 14 0 0
708 21 15 0 0
709 21 16 0 0
710 21 17 0 0
711 21 18 0 1035
712 21 19 0 0
713 21 20 0 1041
714 21 21 0 947
715 21 22 0 0
716 21 23 0 0
717 21 24 0 0
718 21 25 0 0
719 21 26 0 0
720 21 27 0 0
721 21 28 0 0
722 21 29 0 0
723 21 30 0 0
724 21 31 0 0
725 21 32 0 0
726 22 0 0 0
727 22 1 0 0
728 22 2 0 0
729 22 3 0 0
730 22 4 0 0
731 22 5 0 0
732 22 6 0 0
733 22 7 0 0
734 22 8 0 0
735 22 9 0 0
736 22 10 0 1072
737 22 11 0 0
738 22 12 0 0
739 22 13 0 0
740 22 14 0 0
741 22 15 0 0
742 22 16 0 0
743 22 17 0 0
744 22 18 0 1081
745 22 19 0 1081
746 22 20 0 0
747 22 21 0 0
748 22 22 0 0
749 22 23 0 0
750 22 24 0 0
751 22 25 0 0
752 22 26 0 0
753 22 27 0 0
754 22 28 0 0
755 22 29 0 0
756 22 30 0 0
757 22 31 0 0
758 22 32 0 0
759 23 0 0 0
760 23 1 0 0
761 23 2 0 0
762 23 3 0 0
763 23 4 0 0
764 23 5 0 0
765 23 6 0 0
766 23 7 0 0
767 23 8 0 0
768 23 9 0 0
769 23 10 0 0
770 23 11 0 0
771 23 12 0 0
772 23 13 0 0
773 23 14 0 1076
774 23 15 0 1076
775 23 16 0 0
776 23 17 0 0
777 23 18 0 0
778 23 19 0 0
779 23 20 0 0
780 23 21 0 0
781 23 22 0 0
782 23 23 0 0
783 23 24 0 0
784 23 25 0 0
785 23 26 0 0
786 23 27 0 1133
787 23 28 0 0
788 23 29 0 1136
789 23 30 0 0
790 23 31 0 0
791 23 32 0 0
792 24 0 0 0
793 24 1 0 0
794 24 2 0 0
795 24 3 0 0
796 24 4 0 0
797 24 5 0 1151
798 24 6 0 0
799 24 7 0 1156
800 24 8 0 0
801 24 9 0 0
802 24 10 0 0
803 24 11 0 0
804 24 12 0 0
805 24 13 0 0
806 24 14 0 0
807 24 15 0 1076
808 24 16 0 0
809 24 17 0 0
810 24 18 0 1173
811 24 19 0 1040
812 24 20 0 0
813 24 21 0 0
814 24 22 0 0
815 24 23 0 0
816 24 24 0 0
817 24 25 0 0
818 24 26 0 0
819 24 27 0 1186
820 24 28 0 0
821 24 29 0 0
822 24 30 0 0
823 24 31 0 0
824 24 32 0 0
825 25 0 0 0
826 25 1 0 0
827 25 2 0 1196
828 25 3 0 1196
829 25 4 0 0
830 25 5 0 0
831 25 6 0 0
832 25 7 0 1156
833 25 8 0 0
834 25 9 0 0
835 25 10 0 0
836 25 11 0 1220
837 25 12 0 0
838 25 13 0 0
839 25 14 0 0
840 25 15 0 0
841 25 16 0 0
842 25 17 0 0
843 25 18 0 0
844 25 19 0 1040
845 25 20 0 0
846 25 21 0 0
847 25 22 0 0
848 25 23 0 1243
849 25 24 0 1243
850 25 25 0 0
851 25 26 0 0
852 25 27 0 0
853 25 28 0 0
854 25 29 0 0
855 25 30 0 1092
856 25 31 0 0
857 25 32 0 0
858 26 0 0 1259
859 26 1 0 0
860 26 2 0 1196
861 26 3 0 0
862 26 4 0 0
863 26 5 0 0
864 26 6 0 0
865 26 7 0 0
866 26 8 0 0
867 26 9 0 0
868 26 10 0 0
869 26 11 0 1220
870 26 12 0 1220
871 26 13 0 0
872 26 14 0 0
873 26 15 0 0
874 26 16 0 0
875 26 17 0 0
876 26 18 0 1040
877 26 19 0 1040
878 26 20 0 0
879 26 21 0 0
880 26 22 0 0
881 26 23 0 1243
882 26 24 0 1243
883 26 25 0 0
884 26 26 0 1296
885 26 27 0 0
886 26 28 0 0
887 26 29 0 0
888 26 30 0 1092
889 26 31 0 0
890 26 32 0 1259
891 27 0 0 0
892 27 1 0 0
893 27 2 0 1310
894 27 3 0 0
895 27 4 0 0
896 27 5 0 0
897 27 6 0 0
898 27 7 0 0
899 27 8 0 0
900 27 9 0 0
901 27 10 0 0
902 27 11 0 0
903 27 12 0 0
904 27 13 0 0
905 27 14 0 1326
906 27 15 0 1331
907 27 16 0 0
908 27 17 0 0
909 27 18 0 0
910 27 19 0 0
911 27 20 0 0
912 27 21 0 0
913 27 22 0 0
914 27 23 0 0
915 27 24 0 0
916 27 25 0 0
917 27 26 0 1296
918 27 27 0 1296
919 27 28 0 0
920 27 29 0 0
921 27 30 0 0
922 27 31 0 0
923 27 32 0 0
924 28 0 0 0
925 28 1 0 0
926 28 2 0 0
927 28 3 0 0
928 28 4 0 0
929 28 5 0 0
930 28 6 0 0
931 28 7 0 0
932 28 8 0 0
933 28 9 0 0
934 28 10 0 0
935 28 11 0 0
936 28 12 0 0
937 28 13 0 0
938 28 14 0 0
939 28 15 0 0
940 28 16 0 0
941 28 17 0 0
942 28 18 0 0
943 28 19 0 0
944 28 20 0 0
945 28 21 0 50
946 28 22 0 50
947 28 23 0 0
948 28 24 0 0
949 28 25 0 0
950 28 26 0 0
951 28 27 0 0
952 28 28 0 1397
953 28 29 0 0
954 28 30 0 0
955 28 31 0 0
956 28 32 0 0
957 29 0 0 0
958 29 1 0 0
959 29 2 0 0
960 29 3 0 0
961 29 4 0 0
962 29 5 0 0
963 29 6 0 0
964 29 7 0 0
965 29 8 0 0
966 29 9 0 0
967 29 10 0 0
968 29 11 0 0
969 29 12 0 0
970 29 13 0 1380
971 29 14 0 1380
972 29 15 0 0
973 29 16 0 0
974 29 17 0 0
975 29 18 0 0
976 29 19 0 50
977 29 20 0 50
978 29 21 0 50
979 29 22 0 50
980 29 23 0 0
981 29 24 0 0
982 29 25 0 0
983 29 26 0 0
984 29 27 0 0
985 29 28 0 0
986 29 29 0 0
987 29 30 0 0
988 29 31 0 0
989 29 32 0 0
990 30 0 0 0
991 30 1 0 0
992 30 2 0 0
993 30 3 0 0
994 30 4 0 0
995 30 5 0 0
996 30 6 0 0
997 30 7 0 0
998 30 8 0 0
999 30 9 0 0
1000 30 10 0 0
1001 30 11 0 0
1002 30 12 0 0
1003 30 13 0 1380
1004 30 14 0 1380
1005 30 15 0 0
1006 30 16 0 0
1007 30 17 0 0
1008 30 18 0 0
1009 30 19 0 0
1010 30 20 0 50
1011 30 21 0 50
1012 30 22 0 0
1013 30 23 0 0
1014 30 24 0 0
1015 30 25 0 0
1016 30 26 0 0
1017 30 27 0 0
1018 30 28 0 0
1019 30 29 0 0
1020 30 30 0 0
1021 30 31 0 0
1022 30 32 0 0
1023 31 0 0 0
1024 31 1 0 0
1025 31 2 0 0
1026 31 3 0 0
1027 31 4 0 0
1028 31 5 0 0
1029 31 6 0 0
1030 31 7 0 1498
1031 31 8 0 1498
1032 31 9 0 0
1033 31 10 0 0
1034 31 11 0 1503
1035 31 12 0 0
1036 31 13 0 0
1037 31 14 0 0
1038 31 15 0 0
1039 31 16 0 0
1040 31 17 0 0
1041 31 18 0 0
1042 31 19 0 0
1043 31 20 0 0
1044 31 21 0 50
1045 31 22 0 0
1046 31 23 0 0
1047 31 24 0 1526
1048 31 25 0 0
1049 31 26 0 0
1050 31 27 0 0
1051 31 28 0 0
1052 31 29 0 0
1053 31 30 0 0
1054 31 31 0 0
1055 31 32 0 0
1056 32 0 0 0
1057 32 1 0 0
1058 32 2 0 0
1059 32 3 0 0
1060 32 4 0 0
1061 32 5 0 0
1062 32 6 0 15
1063 32 7 0 15
1064 32 8 0 15
1065 32 9 0 0
1066 32 10 0 0
1067 32 11 0 0
1068 32 12 0 0
1069 32 13 0 0
1070 32 14 0 0
1071 32 15 0 0
1072 32 16 0 0
1073 32 17 0 0
1074 32 18 0 0
1075 32 19 0 0
1076 32 20 0 0
1077 32 21 0 0
1078 32 22 0 0
1079 32 23 0 0
1080 32 24 0 0
1081 32 25 0 0
1082 32 26 0 0
1083 32 27 0 1530
1084 32 28 0 0
1085 32 29 0 0
1086 32 30 0 0
1087 32 31 0 0
1088 32 32 0 75
1089 0 0 1 0
1090 0 1 1 0
1091 0 2 1 0
1092 0 3 1 0
1093 0 4 1 0
1094 0 5 1 0
1095 0 6 1 0
1096 0 7 1 0
1097 0 8 1 0
1098 0 9 1 0
1099 0 10 1 0
1100 0 11 1 24
1101 0 12 1 0
1102 0 13 1 0
1103 0 14 1 0
1104 0 15 1 0
1105 0 16 1 39
1106 0 17 1 0
1107 0 18 1 0
1108 0 19 1 0
1109 0 20 1 0
1110 0 21 1 0
1111 0 22 1 0
1112 0 23 1 0
1113 0 24 1 0
1114 0 25 1 0
1115 0 26 1 0
1116 0 27 1 0
1117 0 28 1 0
1118 0 29 1 0
1119 0 30 1 68
1120 0 31 1 0
1121 0 32 1 0
1122 1 0 1 0
1123 1 1 1 0
1124 1 2 1 0
1125 1 3 1 0
1126 1 4 1 0
1127 1 5 1 0
1128 1 6 1 84
1129 1 7 1 0
1130 1 8 1 0
1131 1 9 1 0
1132 1 10 1 0
1133 1 11 1 24
1134 1 12 1 0
1135 1 13 1 0
1136 1 14 1 0
1137 1 15 1 0
1138 1 16 1 39
1139 1 17 1 39
1140 1 18 1 0
1141 1 19 1 0
1142 1 20 1 0
1143 1 21 1 0
1144 1 22 1 50
1145 1 23 1 50
1146 1 24 1 50
1147 1 25 1 0
1148 1 26 1 0
1149 1 27 1 0
1150 1 28 1 0
1151 1 29 1 0
1152 1 30 1 0
1153 1 31 1 0
1154 1 32 1 127
1155 2 0 1 0
1156 2 1 1 0
1157 2 2 1 0
1158 2 3 1 134
1159 2 4 1 134
1160 2 5 1 134
1161 2 6 1 0
1162 2 7 1 0
1163 2 8 1 0
1164 2 9 1 0
1165 2 10 1 0
1166 2 11 1 0
1167 2 12 1 0
1168 2 13 1 0
1169 2 14 1 0
1170 2 15 1 159
1171 2 16 1 0
1172 2 17 1 0
1173 2 18 1 0
1174 2 19 1 50
1175 2 20 1 50
1176 2 21 1 0
1177 2 22 1 50
1178 2 23 1 50
1179 2 24 1 166
1180 2 25 1 0
1181 2 26 1 0
1182 2 27 1 0
1183 2 28 1 0
1184 2 29 1 0
1185 2 30 1 0
1186 2 31 1 0
1187 2 32 1 127
1188 3 0 1 0
1189 3 1 1 0
1190 3 2 1 134
1191 3 3 1 134
1192 3 4 1 134
1193 3 5 1 0
1194 3 6 1 0
1195 3 7 1 0
1196 3 8 1 0
1197 3 9 1 0
1198 3 10 1 0
1199 3 11 1 0
1200 3 12 1 0
1201 3 13 1 0
1202 3 14 1 0
1203 3 15 1 159
1204 3 16 1 0
1205 3 17 1 0
1206 3 18 1 0
1207 3 19 1 0
1208 3 20 1 0
1209 3 21 1 0
1210 3 22 1 50
1211 3 23 1 50
1212 3 24 1 166
1213 3 25 1 0
1214 3 26 1 0
1215 3 27 1 0
1216 3 28 1 0
1217 3 29 1 0
1218 3 30 1 0
1219 3 31 1 0
1220 3 32 1 216
1221 4 0 1 0
1222 4 1 1 0
1223 4 2 1 0
1224 4 3 1 134
1225 4 4 1 0
1226 4 5 1 134
1227 4 6 1 0
1228 4 7 1 225
1229 4 8 1 225
1230 4 9 1 0
1231 4 10 1 0
1232 4 11 1 0
1233 4 12 1 0
1234 4 13 1 0
1235 4 14 1 0
1236 4 15 1 0
1237 4 16 1 0
1238 4 17 1 245
1239 4 18 1 245
1240 4 19 1 0
1241 4 20 1 50
1242 4 21 1 50
1243 4 22 1 50
1244 4 23 1 50
1245 4 24 1 166
1246 4 25 1 0
1247 4 26 1 0
1248 4 27 1 0
1249 4 28 1 206
1250 4 29 1 206
1251 4 30 1 206
1252 4 31 1 206
1253 4 32 1 0
1254 5 0 1 0
1255 5 1 1 266
1256 5 2 1 268
1257 5 3 1 0
1258 5 4 1 0
1259 5 5 1 0
1260 5 6 1 225
1261 5 7 1 225
1262 5 8 1 225
1263 5 9 1 0
1264 5 10 1 0
1265 5 11 1 0
1266 5 12 1 0
1267 5 13 1 0
1268 5 14 1 0
1269 5 15 1 0
1270 5 16 1 245
1271 5 17 1 245
1272 5 18 1 245
1273 5 19 1 0
1274 5 20 1 0
1275 5 21 1 0
1276 5 22 1 0
1277 5 23 1 50
1278 5 24 1 166
1279 5 25 1 0
1280 5 26 1 0
1281 5 27 1 0
1282 5 28 1 0
1283 5 29 1 206
1284 5 30 1 206
1285 5 31 1 206
1286 5 32 1 0
1287 6 0 1 0
1288 6 1 1 0
1289 6 2 1 0
1290 6 3 1 0
1291 6 4 1 0
1292 6 5 1 0
1293 6 6 1 225
1294 6 7 1 225
1295 6 8 1 225
1296 6 9 1 0
1297 6 10 1 321
1298 6 11 1 321
1299 6 12 1 0
1300 6 13 1 0
1301 6 14 1 0
1302 6 15 1 0
1303 6 16 1 0
1304 6 17 1 245
1305 6 18 1 0
1306 6 19 1 0
1307 6 20 1 0
1308 6 21 1 0
1309 6 22 1 0
1310 6 23 1 0
1311 6 24 1 166
1312 6 25 1 0
1313 6 26 1 0
1314 6 27 1 0
1315 6 28 1 343
1316 6 29 1 0
1317 6 30 1 0
1318 6 31 1 206
1319 6 32 1 0
1320 7 0 1 0
1321 7 1 1 0
1322 7 2 1 0
1323 7 3 1 349
1324 7 4 1 349
1325 7 5 1 0
1326 7 6 1 0
1327 7 7 1 225
1328 7 8 1 0
1329 7 9 1 0
1330 7 10 1 0
1331 7 11 1 0
1332 7 12 1 0
1333 7 13 1 0
1334 7 14 1 0
1335 7 15 1 0
1336 7 16 1 0
1337 7 17 1 0
1338 7 18 1 0
1339 7 19 1 0
1340 7 20 1 0
1341 7 21 1 0
1342 7 22 1 0
1343 7 23 1 0
1344 7 24 1 0
1345 7 25 1 0
1346 7 26 1 0
1347 7 27 1 0
1348 7 28 1 0
1349 7 29 1 0
1350 7 30 1 0
1351 7 31 1 385
1352 7 32 1 0
1353 8 0 1 0
1354 8 1 1 0
1355 8 2 1 0
1356 8 3 1 0
1357 8 4 1 0
1358 8 5 1 0
1359 8 6 1 0
1360 8 7 1 0
1361 8 8 1 0
1362 8 9 1 401
1363 8 10 1 0
1364 8 11 1 0
1365 8 12 1 0
1366 8 13 1 0
1367 8 14 1 0
1368 8 15 1 0
1369 8 16 1 248
1370 8 17 1 0
1371 8 18 1 0
1372 8 19 1 0
1373 8 20 1 0
1374 8 21 1 422
1375 8 22 1 0
1376 8 23 1 0
1377 8 24 1 0
1378 8 25 1 0
1379 8 26 1 0
1380 8 27 1 0
1381 8 28 1 0
1382 8 29 1 0
1383 8 30 1 0
1384 8 31 1 434
1385 8 32 1 0
1386 9 0 1 0
1387 9 1 1 0
1388 9 2 1 0
1389 9 3 1 0
1390 9 4 1 0
1391 9 5 1 0
1392 9 6 1 0
1393 9 7 1 0
1394 9 8 1 0
1395 9 9 1 447
1396 9 10 1 0
1397 9 11 1 0
1398 9 12 1 0
1399 9 13 1 0
1400 9 14 1 0
1401 9 15 1 0
1402 9 16 1 248
1403 9 17 1 248
1404 9 18 1 248
1405 9 19 1 0
1406 9 20 1 0
1407 9 21 1 0
1408 9 22 1 0
1409 9 23 1 468
1410 9 24 1 0
1411 9 25 1 0
1412 9 26 1 0
1413 9 27 1 0
1414 9 28 1 0
1415 9 29 1 0
1416 9 30 1 0
1417 9 31 1 0
1418 9 32 1 0
1419 10 0 1 0
1420 10 1 1 0
1421 10 2 1 0
1422 10 3 1 0
1423 10 4 1 0
1424 10 5 1 0
1425 10 6 1 0
1426 10 7 1 0
1427 10 8 1 0
1428 10 9 1 0
1429 10 10 1 0
1430 10 11 1 0
1431 10 12 1 499
1432 10 13 1 0
1433 10 14 1 0
1434 10 15 1 0
1435 10 16 1 0
1436 10 17 1 248
1437 10 18 1 0
1438 10 19 1 0
1439 10 20 1 0
1440 10 21 1 0
1441 10 22 1 0
1442 10 23 1 468
1443 10 24 1 0
1444 10 25 1 0
1445 10 26 1 0
1446 10 27 1 0
1447 10 28 1 0
1448 10 29 1 0
1449 10 30 1 0
1450 10 31 1 0
1451 10 32 1 0
1452 11 0 1 0
1453 11 1 1 0
1454 11 2 1 0
1455 11 3 1 0
1456 11 4 1 0
1457 11 5 1 0
1458 11 6 1 0
1459 11 7 1 0
1460 11 8 1 0
1461 11 9 1 0
1462 11 10 1 0
1463 11 11 1 0
1464 11 12 1 499
1465 11 13 1 499
1466 11 14 1 0
1467 11 15 1 0
1468 11 16 1 0
1469 11 17 1 0
1470 11 18 1 0
1471 11 19 1 0
1472 11 20 1 0
1473 11 21 1 0
1474 11 22 1 0
1475 11 23 1 468
1476 11 24 1 0
1477 11 25 1 0
1478 11 26 1 0
1479 11 27 1 0
1480 11 28 1 0
1481 11 29 1 0
1482 11 30 1 0
1483 11 31 1 0
1484 11 32 1 0
1485 12 0 1 0
1486 12 1 1 0
1487 12 2 1 0
1488 12 3 1 0
1489 12 4 1 590
1490 12 5 1 0
1491 12 6 1 0
1492 12 7 1 596
1493 12 8 1 596
1494 12 9 1 0
1495 12 10 1 0
1496 12 11 1 0
1497 12 12 1 0
1498 12 13 1 0
1499 12 14 1 0
1500 12 15 1 0
1501 12 16 1 558
1502 12 17 1 558
1503 12 18 1 0
1504 12 19 1 0
1505 12 20 1 0
1506 12 21 1 0
1507 12 22 1 0
1508 12 23 1 0
1509 12 24 1 0
1510 12 25 1 0
1511 12 26 1 0
1512 12 27 1 0
1513 12 28 1 0
1514 12 29 1 0
1515 12 30 1 0
1516 12 31 1 628
1517 12 32 1 0
1518 13 0 1 0
1519 13 1 1 631
1520 13 2 1 0
1521 13 3 1 590
1522 13 4 1 590
1523 13 5 1 0
1524 13 6 1 0
1525 13 7 1 596
1526 13 8 1 0
1527 13 9 1 0
1528 13 10 1 0
1529 13 11 1 0
1530 13 12 1 0
1531 13 13 1 0
1532 13 14 1 0
1533 13 15 1 0
1534 13 16 1 0
1535 13 17 1 0
1536 13 18 1 0
1537 13 19 1 0
1538 13 20 1 0
1539 13 21 1 0
1540 13 22 1 0
1541 13 23 1 0
1542 13 24 1 0
1543 13 25 1 0
1544 13 26 1 0
1545 13 27 1 0
1546 13 28 1 0
1547 13 29 1 0
1548 13 30 1 0
1549 13 31 1 0
1550 13 32 1 0
1551 14 0 1 631
1552 14 1 1 631
1553 14 2 1 631
1554 14 3 1 0
1555 14 4 1 0
1556 14 5 1 0
1557 14 6 1 0
1558 14 7 1 0
1559 14 8 1 0
1560 14 9 1 0
1561 14 10 1 640
1562 14 11 1 0
1563 14 12 1 0
1564 14 13 1 0
1565 14 14 1 0
1566 14 15 1 0
1567 14 16 1 0
1568 14 17 1 0
1569 14 18 1 0
1570 14 19 1 0
1571 14 20 1 0
1572 14 21 1 0
1573 14 22 1 0
1574 14 23 1 705
1575 14 24 1 0
1576 14 25 1 0
1577 14 26 1 0
1578 14 27 1 0
1579 14 28 1 0
1580 14 29 1 0
1581 14 30 1 0
1582 14 31 1 0
1583 14 32 1 0
1584 15 0 1 0
1585 15 1 1 631
1586 15 2 1 0
1587 15 3 1 0
1588 15 4 1 0
1589 15 5 1 0
1590 15 6 1 0
1591 15 7 1 0
1592 15 8 1 0
1593 15 9 1 0
1594 15 10 1 0
1595 15 11 1 0
1596 15 12 1 0
1597 15 13 1 0
1598 15 14 1 0
1599 15 15 1 742
1600 15 16 1 0
1601 15 17 1 0
1602 15 18 1 0
1603 15 19 1 0
1604 15 20 1 0
1605 15 21 1 0
1606 15 22 1 0
1607 15 23 1 705
1608 15 24 1 705
1609 15 25 1 705
1610 15 26 1 705
1611 15 27 1 0
1612 15 28 1 0
1613 15 29 1 765
1614 15 30 1 765
1615 15 31 1 765
1616 15 32 1 0
1617 16 0 1 771
1618 16 1 1 0
1619 16 2 1 0
1620 16 3 1 0
1621 16 4 1 0
1622 16 5 1 0
1623 16 6 1 0
1624 16 7 1 0
1625 16 8 1 0
1626 16 9 1 0
1627 16 10 1 0
1628 16 11 1 0
1629 16 12 1 0
1630 16 13 1 0
1631 16 14 1 0
1632 16 15 1 0
1633 16 16 1 799
1634 16 17 1 799
1635 16 18 1 802
1636 16 19 1 0
1637 16 20 1 0
1638 16 21 1 0
1639 16 22 1 0
1640 16 23 1 0
1641 16 24 1 0
1642 16 25 1 0
1643 16 26 1 705
1644 16 27 1 0
1645 16 28 1 765
1646 16 29 1 765
1647 16 30 1 765
1648 16 31 1 0
1649 16 32 1 0
1650 17 0 1 0
1651 17 1 1 829
1652 17 2 1 0
1653 17 3 1 0
1654 17 4 1 0
1655 17 5 1 0
1656 17 6 1 0
1657 17 7 1 0
1658 17 8 1 834
1659 17 9 1 0
1660 17 10 1 0
1661 17 11 1 0
1662 17 12 1 0
1663 17 13 1 845
1664 17 14 1 0
1665 17 15 1 848
1666 17 16 1 0
1667 17 17 1 849
1668 17 18 1 0
1669 17 19 1 0
1670 17 20 1 807
1671 17 21 1 807
1672 17 22 1 807
1673 17 23 1 0
1674 17 24 1 0
1675 17 25 1 0
1676 17 26 1 0
1677 17 27 1 765
1678 17 28 1 765
1679 17 29 1 765
1680 17 30 1 765
1681 17 31 1 765
1682 17 32 1 0
1683 18 0 1 0
1684 18 1 1 0
1685 18 2 1 0
1686 18 3 1 0
1687 18 4 1 876
1688 18 5 1 0
1689 18 6 1 0
1690 18 7 1 0
1691 18 8 1 0
1692 18 9 1 0
1693 18 10 1 0
1694 18 11 1 0
1695 18 12 1 0
1696 18 13 1 798
1697 18 14 1 0
1698 18 15 1 0
1699 18 16 1 0
1700 18 17 1 0
1701 18 18 1 807
1702 18 19 1 807
1703 18 20 1 0
1704 18 21 1 0
1705 18 22 1 0
1706 18 23 1 0
1707 18 24 1 0
1708 18 25 1 0
1709 18 26 1 0
1710 18 27 1 0
1711 18 28 1 0
1712 18 29 1 765
1713 18 30 1 765
1714 18 31 1 0
1715 18 32 1 0
1716 19 0 1 0
1717 19 1 1 0
1718 19 2 1 0
1719 19 3 1 0
1720 19 4 1 876
1721 19 5 1 0
1722 19 6 1 0
1723 19 7 1 0
1724 19 8 1 0
1725 19 9 1 0
1726 19 10 1 0
1727 19 11 1 0
1728 19 12 1 0
1729 19 13 1 798
1730 19 14 1 0
1731 19 15 1 0
1732 19 16 1 0
1733 19 17 1 0
1734 19 18 1 0
1735 19 19 1 807
1736 19 20 1 0
1737 19 21 1 0
1738 19 22 1 0
1739 19 23 1 947
1740 19 24 1 0
1741 19 25 1 0
1742 19 26 1 0
1743 19 27 1 0
1744 19 28 1 0
1745 19 29 1 0
1746 19 30 1 0
1747 19 31 1 0
1748 19 32 1 0
1749 20 0 1 0
1750 20 1 1 0
1751 20 2 1 0
1752 20 3 1 0
1753 20 4 1 0
1754 20 5 1 0
1755 20 6 1 0
1756 20 7 1 0
1757 20 8 1 0
1758 20 9 1 0
1759 20 10 1 0
1760 20 11 1 0
1761 20 12 1 798
1762 20 13 1 798
1763 20 14 1 798
1764 20 15 1 798
1765 20 16 1 798
1766 20 17 1 0
1767 20 18 1 0
1768 20 19 1 0
1769 20 20 1 0
1770 20 21 1 0
1771 20 22 1 947
1772 20 23 1 0
1773 20 24 1 0
1774 20 25 1 0
1775 20 26 1 0
1776 20 27 1 0
1777 20 28 1 0
1778 20 29 1 0
1779 20 30 1 0
1780 20 31 1 0
1781 20 32 1 0
1782 21 0 1 0
1783 21 1 1 0
1784 21 2 1 0
1785 21 3 1 0
1786 21 4 1 0
1787 21 5 1 0
1788 21 6 1 0
1789 21 7 1 0
1790 21 8 1 982
1791 21 9 1 982
1792 21 10 1 0
1793 21 11 1 798
1794 21 12 1 798
1795 21 13 1 798
1796 21 14 1 0
1797 21 15 1 0
1798 21 16 1 0
1799 21 17 1 0
1800 21 18 1 0
1801 21 19 1 1038
1802 21 20 1 0
1803 21 21 1 1044
1804 21 22 1 0
1805 21 23 1 0
1806 21 24 1 0
1807 21 25 1 0
1808 21 26 1 0
1809 21 27 1 0
1810 21 28 1 0
1811 21 29 1 0
1812 21 30 1 0
1813 21 31 1 0
1814 21 32 1 0
1815 22 0 1 0
1816 22 1 1 0
1817 22 2 1 0
1818 22 3 1 0
1819 22 4 1 0
1820 22 5 1 0
1821 22 6 1 0
1822 22 7 1 0
1823 22 8 1 0
1824 22 9 1 0
1825 22 10 1 0
1826 22 11 1 0
1827 22 12 1 798
1828 22 13 1 0
1829 22 14 1 0
1830 22 15 1 0
1831 22 16 1 0
1832 22 17 1 0
1833 22 18 1 0
1834 22 19 1 0
1835 22 20 1 0
1836 22 21 1 0
1837 22 22 1 0
1838 22 23 1 0
1839 22 24 1 0
1840 22 25 1 0
1841 22 26 1 0
1842 22 27 1 0
1843 22 28 1 1092
1844 22 29 1 1092
1845 22 30 1 1092
1846 22 31 1 0
1847 22 32 1 0
1848 23 0 1 0
1849 23 1 1 0
1850 23 2 1 0
1851 23 3 1 0
1852 23 4 1 0
1853 23 5 1 0
1854 23 6 1 0
1855 23 7 1 1111
1856 23 8 1 0
1857 23 9 1 0
1858 23 10 1 0
1859 23 11 1 0
1860 23 12 1 0
1861 23 13 1 1076
1862 23 14 1 1076
1863 23 15 1 1076
1864 23 16 1 1076
1865 23 17 1 0
1866 23 18 1 0
1867 23 19 1 0
1868 23 20 1 0
1869 23 21 1 0
1870 23 22 1 0
1871 23 23 1 0
1872 23 24 1 0
1873 23 25 1 0
1874 23 26 1 0
1875 23 27 1 0
1876 23 28 1 0
1877 23 29 1 0
1878 23 30 1 1092
1879 23 31 1 0
1880 23 32 1 0
1881 24 0 1 0
1882 24 1 1 0
1883 24 2 1 0
1884 24 3 1 1016
1885 24 4 1 0
1886 24 5 1 0
1887 24 6 1 0
1888 24 7 1 0
1889 24 8 1 0
1890 24 9 1 0
1891 24 10 1 0
1892 24 11 1 0
1893 24 12 1 1166
1894 24 13 1 1076
1895 24 14 1 1076
1896 24 15 1 1076
1897 24 16 1 1076
1898 24 17 1 0
1899 24 18 1 0
1900 24 19 1 0
1901 24 20 1 0
1902 24 21 1 0
1903 24 22 1 0
1904 24 23 1 0
1905 24 24 1 0
1906 24 25 1 1182
1907 24 26 1 0
1908 24 27 1 0
1909 24 28 1 0
1910 24 29 1 0
1911 24 30 1 1092
1912 24 31 1 0
1913 24 32 1 0
1914 25 0 1 0
1915 25 1 1 0
1916 25 2 1 0
1917 25 3 1 0
1918 25 4 1 1198
1919 25 5 1 0
1920 25 6 1 1203
1921 25 7 1 1203
1922 25 8 1 0
1923 25 9 1 0
1924 25 10 1 0
1925 25 11 1 0
1926 25 12 1 0
1927 25 13 1 1226
1928 25 14 1 1226
1929 25 15 1 0
1930 25 16 1 0
1931 25 17 1 0
1932 25 18 1 0
1933 25 19 1 0
1934 25 20 1 0
1935 25 21 1 0
1936 25 22 1 0
1937 25 23 1 1243
1938 25 24 1 1243
1939 25 25 1 0
1940 25 26 1 0
1941 25 27 1 0
1942 25 28 1 0
1943 25 29 1 0
1944 25 30 1 1092
1945 25 31 1 0
1946 25 32 1 0
1947 26 0 1 0
1948 26 1 1 0
1949 26 2 1 0
1950 26 3 1 0
1951 26 4 1 0
1952 26 5 1 0
1953 26 6 1 1203
1954 26 7 1 1203
1955 26 8 1 1203
1956 26 9 1 0
1957 26 10 1 0
1958 26 11 1 0
1959 26 12 1 0
1960 26 13 1 0
1961 26 14 1 0
1962 26 15 1 0
1963 26 16 1 0
1964 26 17 1 0
1965 26 18 1 0
1966 26 19 1 0
1967 26 20 1 0
1968 26 21 1 0
1969 26 22 1 0
1970 26 23 1 1243
1971 26 24 1 1243
1972 26 25 1 0
1973 26 26 1 0
1974 26 27 1 0
1975 26 28 1 0
1976 26 29 1 0
1977 26 30 1 0
1978 26 31 1 1302
1979 26 32 1 0
1980 27 0 1 0
1981 27 1 1 0
1982 27 2 1 0
1983 27 3 1 0
1984 27 4 1 0
1985 27 5 1 0
1986 27 6 1 0
1987 27 7 1 1203
1988 27 8 1 1203
1989 27 9 1 0
1990 27 10 1 0
1991 27 11 1 0
1992 27 12 1 0
1993 27 13 1 0
1994 27 14 1 0
1995 27 15 1 1331
1996 27 16 1 0
1997 27 17 1 0
1998 27 18 1 0
1999 27 19 1 0
2000 27 20 1 0
2001 27 21 1 0
2002 27 22 1 0
2003 27 23 1 1243
2004 27 24 1 0
2005 27 25 1 0
2006 27 26 1 0
2007 27 27 1 0
2008 27 28 1 0
2009 27 29 1 0
2010 27 30 1 0
2011 27 31 1 0
2012 27 32 1 0
2013 28 0 1 1306
2014 28 1 1 0
2015 28 2 1 0
2016 28 3 1 0
2017 28 4 1 0
2018 28 5 1 0
2019 28 6 1 0
2020 28 7 1 0
2021 28 8 1 0
2022 28 9 1 0
2023 28 10 1 0
2024 28 11 1 0
2025 28 12 1 0
2026 28 13 1 0
2027 28 14 1 0
2028 28 15 1 0
2029 28 16 1 1382
2030 28 17 1 0
2031 28 18 1 0
2032 28 19 1 0
2033 28 20 1 50
2034 28 21 1 0
2035 28 22 1 0
2036 28 23 1 0
2037 28 24 1 0
2038 28 25 1 0
2039 28 26 1 0
2040 28 27 1 0
2041 28 28 1 0
2042 28 29 1 0
2043 28 30 1 0
2044 28 31 1 1400
2045 28 32 1 1306
2046 29 0 1 0
2047 29 1 1 0
2048 29 2 1 0
2049 29 3 1 0
2050 29 4 1 0
2051 29 5 1 0
2052 29 6 1 0
2053 29 7 1 0
2054 29 8 1 1413
2055 29 9 1 0
2056 29 10 1 0
2057 29 11 1 0
2058 29 12 1 0
2059 29 13 1 0
2060 29 14 1 0
2061 29 15 1 0
2062 29 16 1 0
2063 29 17 1 0
2064 29 18 1 0
2065 29 19 1 0
2066 29 20 1 50
2067 29 21 1 50
2068 29 22 1 50
2069 29 23 1 0
2070 29 24 1 0
2071 29 25 1 0
2072 29 26 1 0
2073 29 27 1 0
2074 29 28 1 0
2075 29 29 1 0
2076 29 30 1 0
2077 29 31 1 0
2078 29 32 1 0
2079 30 0 1 0
2080 30 1 1 0
2081 30 2 1 0
2082 30 3 1 0
2083 30 4 1 0
2084 30 5 1 0
2085 30 6 1 0
2086 30 7 1 0
2087 30 8 1 0
2088 30 9 1 0
2089 30 10 1 1466
2090 30 11 1 0
2091 30 12 1 0
2092 30 13 1 0
2093 30 14 1 0
2094 30 15 1 0
2095 30 16 1 0
2096 30 17 1 0
2097 30 18 1 0
2098 30 19 1 0
2099 30 20 1 50
2100 30 21 1 50
2101 30 22 1 50
2102 30 23 1 0
2103 30 24 1 0
2104 30 25 1 0
2105 30 26 1 0
2106 30 27 1 0
2107 30 28 1 0
2108 30 29 1 0
2109 30 30 1 0
2110 30 31 1 0
2111 30 32 1 0
2112 31 0 1 0
2113 31 1 1 1490
2114 31 2 1 0
2115 31 3 1 0
2116 31 4 1 0
2117 31 5 1 0
2118 31 6 1 0
2119 31 7 1 0
2120 31 8 1 0
2121 31 9 1 0
2122 31 10 1 0
2123 31 11 1 0
2124 31 12 1 0
2125 31 13 1 0
2126 31 14 1 0
2127 31 15 1 0
2128 31 16 1 1514
2129 31 17 1 0
2130 31 18 1 0
2131 31 19 1 0
2132 31 20 1 50
2133 31 21 1 50
2134 31 22 1 0
2135 31 23 1 0
2136 31 24 1 1526
2137 31 25 1 0
2138 31 26 1 0
2139 31 27 1 1530
2140 31 28 1 1530
2141 31 29 1 1533
2142 31 30 1 0
2143 31 31 1 0
2144 31 32 1 0
2145 32 0 1 0
2146 32 1 1 0
2147 32 2 1 0
2148 32 3 1 0
2149 32 4 1 0
2150 32 5 1 0
2151 32 6 1 0
2152 32 7 1 15
2153 32 8 1 15
2154 32 9 1 15
2155 32 10 1 0
2156 32 11 1 0
2157 32 12 1 0
2158 32 13 1 0
2159 32 14 1 0
2160 32 15 1 0
2161 32 16 1 0
2162 32 17 1 0
2163 32 18 1 0
2164 32 19 1 0
2165 32 20 1 0
2166 32 21 1 50
2167 32 22 1 0
2168 32 23 1 0
2169 32 24 1 0
2170 32 25 1 0
2171 32 26 1 0
2172 32 27 1 1530
2173 32 28 1 0
2174 32 29 1 0
2175 32 30 1 0
2176 32 31 1 0
2177 32 32 1 0
2178 0 0 2 0
2179 0 1 2 0
2180 0 2 2 0
2181 0 3 2 0
2182 0 4 2 0
2183 0 5 2 0
2184 0 6 2 0
2185 0 7 2 0
2186 0 8 2 0
2187 0 9 2 0
2188 0 10 2 0
2189 0 11 2 0
2190 0 12 2 0
2191 0 13 2 0
2192 0 14 2 0
2193 0 15 2 0
2194 0 16 2 0
2195 0 17 2 0
2196 0 18 2 0
2197 0 19 2 0
2198 0 20 2 0
2199 0 21 2 50
2200 0 22 2 0
2201 0 23 2 0
2202 0 24 2 0
2203 0 25 2 0
2204 0 26 2 0
2205 0 27 2 0
2206 0 28 2 0
2207 0 29 2 0
2208 0 30 2 0
2209 0 31 2 0
2210 0 32 2 0
2211 1 0 2 0
2212 1 1 2 0
2213 1 2 2 0
2214 1 3 2 0
2215 1 4 2 0
2216 1 5 2 84
2217 1 6 2 84
2218 1 7 2 0
2219 1 8 2 0
2220 1 9 2 0
2221 1 10 2 0
2222 1 11 2 0
2223 1 12 2 0
2224 1 13 2 0
2225 1 14 2 0
2226 1 15 2 0
2227 1 16 2 39
2228 1 17 2 0
2229 1 18 2 0
2230 1 19 2 0
2231 1 20 2 0
2232 1 21 2 50
2233 1 22 2 50
2234 1 23 2 0
2235 1 24 2 111
2236 1 25 2 0
2237 1 26 2 0
2238 1 27 2 0
2239 1 28 2 0
2240 1 29 2 0
2241 1 30 2 122
2242 1 31 2 0
2243 1 32 2 0
2244 2 0 2 0
2245 2 1 2 0
2246 2 2 2 0
2247 2 3 2 134
2248 2 4 2 134
2249 2 5 2 134
2250 2 6 2 84
2251 2 7 2 0
2252 2 8 2 0
2253 2 9 2 0
2254 2 10 2 0
2255 2 11 2 0
2256 2 12 2 0
2257 2 13 2 0
2258 2 14 2 0
2259 2 15 2 39
2260 2 16 2 39
2261 2 17 2 0
2262 2 18 2 0
2263 2 19 2 0
2264 2 20 2 50
2265 2 21 2 50
2266 2 22 2 50
2267 2 23 2 50
2268 2 24 2 0
2269 2 25 2 0
2270 2 26 2 61
2271 2 27 2 61
2272 2 28 2 61
2273 2 29 2 0
2274 2 30 2 0
2275 2 31 2 0
2276 2 32 2 0
2277 3 0 2 0
2278 3 1 2 0
2279 3 2 2 0
2280 3 3 2 134
2281 3 4 2 134
2282 3 5 2 134
2283 3 6 2 134
2284 3 7 2 184
2285 3 8 2 0
2286 3 9 2 0
2287 3 10 2 0
2288 3 11 2 0
2289 3 12 2 0
2290 3 13 2 0
2291 3 14 2 0
2292 3 15 2 159
2293 3 16 2 0
2294 3 17 2 0
2295 3 18 2 0
2296 3 19 2 195
2297 3 20 2 0
2298 3 21 2 0
2299 3 22 2 50
2300 3 23 2 0
2301 3 24 2 166
2302 3 25 2 0
2303 3 26 2 61
2304 3 27 2 0
2305 3 28 2 0
2306 3 29 2 0
2307 3 30 2 0
2308 3 31 2 0
2309 3 32 2 0
2310 4 0 2 0
2311 4 1 2 0
2312 4 2 2 0
2313 4 3 2 134
2314 4 4 2 134
2315 4 5 2 134
2316 4 6 2 134
2317 4 7 2 225
2318 4 8 2 225
2319 4 9 2 229
2320 4 10 2 231
2321 4 11 2 0
2322 4 12 2 0
2323 4 13 2 0
2324 4 14 2 0
2325 4 15 2 0
2326 4 16 2 0
2327 4 17 2 245
2328 4 18 2 0
2329 4 19 2 0
2330 4 20 2 0
2331 4 21 2 50
2332 4 22 2 50
2333 4 23 2 0
2334 4 24 2 0
2335 4 25 2 0
2336 4 26 2 206
2337 4 27 2 206
2338 4 28 2 206
2339 4 29 2 206
2340 4 30 2 206
2341 4 31 2 206
2342 4 32 2 206
2343 5 0 2 0
2344 5 1 2 0
2345 5 2 2 0
2346 5 3 2 134
2347 5 4 2 134
2348 5 5 2 134
2349 5 6 2 0
2350 5 7 2 225
2351 5 8 2 225
2352 5 9 2 0
2353 5 10 2 231
2354 5 11 2 0
2355 5 12 2 0
2356 5 13 2 0
2357 5 14 2 0
2358 5 15 2 0
2359 5 16 2 0
2360 5 17 2 0
2361 5 18 2 0
2362 5 19 2 0
2363 5 20 2 0
2364 5 21 2 0
2365 5 22 2 0
2366 5 23 2 0
2367 5 24 2 0
2368 5 25 2 0
2369 5 26 2 0
2370 5 27 2 0
2371 5 28 2 0
2372 5 29 2 206
2373 5 30 2 206
2374 5 31 2 0
2375 5 32 2 0
2376 6 0 2 0
2377 6 1 2 0
2378 6 2 2 0
2379 6 3 2 0
2380 6 4 2 0
2381 6 5 2 134
2382 6 6 2 225
2383 6 7 2 225
2384 6 8 2 225
2385 6 9 2 0
2386 6 10 2 231
2387 6 11 2 0
2388 6 12 2 0
2389 6 13 2 0
2390 6 14 2 0
2391 6 15 2 0
2392 6 16 2 0
2393 6 17 2 0
2394 6 18 2 0
2395 6 19 2 248
2396 6 20 2 248
2397 6 21 2 0
2398 6 22 2 0
2399 6 23 2 0
2400 6 24 2 0
2401 6 25 2 339
2402 6 26 2 0
2403 6 27 2 0
2404 6 28 2 0
2405 6 29 2 0
2406 6 30 2 0
2407 6 31 2 0
2408 6 32 2 0
2409 7 0 2 0
2410 7 1 2 0
2411 7 2 2 0
2412 7 3 2 0
2413 7 4 2 0
2414 7 5 2 134
2415 7 6 2 0
2416 7 7 2 0
2417 7 8 2 0
2418 7 9 2 0
2419 7 10 2 0
2420 7 11 2 0
2421 7 12 2 0
2422 7 13 2 0
2423 7 14 2 0
2424 7 15 2 0
2425 7 16 2 248
2426 7 17 2 0
2427 7 18 2 0
2428 7 19 2 0
2429 7 20 2 248
2430 7 21 2 248
2431 7 22 2 0
2432 7 23 2 0
2433 7 24 2 0
2434 7 25 2 0
2435 7 26 2 0
2436 7 27 2 0
2437 7 28 2 0
2438 7 29 2 0
2439 7 30 2 0
2440 7 31 2 0
2441 7 32 2 0
2442 8 0 2 0
2443 8 1 2 0
2444 8 2 2 0
2445 8 3 2 0
2446 8 4 2 0
2447 8 5 2 0
2448 8 6 2 0
2449 8 7 2 0
2450 8 8 2 0
2451 8 9 2 0
2452 8 10 2 0
2453 8 11 2 0
2454 8 12 2 0
2455 8 13 2 409
2456 8 14 2 0
2457 8 15 2 0
2458 8 16 2 248
2459 8 17 2 248
2460 8 18 2 248
2461 8 19 2 0
2462 8 20 2 0
2463 8 21 2 0
2464 8 22 2 0
2465 8 23 2 0
2466 8 24 2 0
2467 8 25 2 0
2468 8 26 2 380
2469 8 27 2 380
2470 8 28 2 426
2471 8 29 2 0
2472 8 30 2 0
2473 8 31 2 0
2474 8 32 2 0
2475 9 0 2 0
2476 9 1 2 0
2477 9 2 2 439
2478 9 3 2 0
2479 9 4 2 0
2480 9 5 2 0
2481 9 6 2 0
2482 9 7 2 0
2483 9 8 2 0
2484 9 9 2 0
2485 9 10 2 0
2486 9 11 2 0
2487 9 12 2 450
2488 9 13 2 0
2489 9 14 2 0
2490 9 15 2 248
2491 9 16 2 248
2492 9 17 2 248
2493 9 18 2 248
2494 9 19 2 248
2495 9 20 2 0
2496 9 21 2 0
2497 9 22 2 0
2498 9 23 2 0
2499 9 24 2 0
2500 9 25 2 0
2501 9 26 2 380
2502 9 27 2 380
2503 9 28 2 0
2504 9 29 2 0
2505 9 30 2 0
2506 9 31 2 0
2507 9 32 2 0
2508 10 0 2 0
2509 10 1 2 0
2510 10 2 2 0
2511 10 3 2 0
2512 10 4 2 0
2513 10 5 2 0
2514 10 6 2 0
2515 10 7 2 0
2516 10 8 2 0
2517 10 9 2 0
2518 10 10 2 0
2519 10 11 2 0
2520 10 12 2 0
2521 10 13 2 0
2522 10 14 2 0
2523 10 15 2 0
2524 10 16 2 248
2525 10 17 2 248
2526 10 18 2 0
2527 10 19 2 0
2528 10 20 2 0
2529 10 21 2 0
2530 10 22 2 0
2531 10 23 2 468
2532 10 24 2 0
2533 10 25 2 0
2534 10 26 2 380
2535 10 27 2 0
2536 10 28 2 0
2537 10 29 2 0
2538 10 30 2 0
2539 10 31 2 0
2540 10 32 2 0
2541 11 0 2 0
2542 11 1 2 0
2543 11 2 2 0
2544 11 3 2 0
2545 11 4 2 0
2546 11 5 2 0
2547 11 6 2 0
2548 11 7 2 0
2549 11 8 2 0
2550 11 9 2 0
2551 11 10 2 0
2552 11 11 2 0
2553 11 12 2 0
2554 11 13 2 499
2555 11 14 2 0
2556 11 15 2 0
2557 11 16 2 248
2558 11 17 2 248
2559 11 18 2 0
2560 11 19 2 0
2561 11 20 2 0
2562 11 21 2 0
2563 11 22 2 0
2564 11 23 2 0
2565 11 24 2 0
2566 11 25 2 0
2567 11 26 2 0
2568 11 27 2 0
2569 11 28 2 0
2570 11 29 2 0
2571 11 30 2 0
2572 11 31 2 0
2573 11 32 2 0
2574 12 0 2 0
2575 12 1 2 0
2576 12 2 2 0
2577 12 3 2 0
2578 12 4 2 0
2579 12 5 2 0
2580 12 6 2 0
2581 12 7 2 0
2582 12 8 2 598
2583 12 9 2 0
2584 12 10 2 601
2585 12 11 2 0
2586 12 12 2 0
2587 12 13 2 499
2588 12 14 2 0
2589 12 15 2 0
2590 12 16 2 608
2591 12 17 2 0
2592 12 18 2 0
2593 12 19 2 0
2594 12 20 2 0
2595 12 21 2 0
2596 12 22 2 0
2597 12 23 2 0
2598 12 24 2 0
2599 12 25 2 0
2600 12 26 2 0
2601 12 27 2 0
2602 12 28 2 0
2603 12 29 2 0
2604 12 30 2 0
2605 12 31 2 0
2606 12 32 2 629
2607 13 0 2 0
2608 13 1 2 631
2609 13 2 2 631
2610 13 3 2 0
2611 13 4 2 0
2612 13 5 2 0
2613 13 6 2 0
2614 13 7 2 596
2615 13 8 2 0
2616 13 9 2 0
2617 13 10 2 0
2618 13 11 2 0
2619 13 12 2 0
2620 13 13 2 0
2621 13 14 2 0
2622 13 15 2 0
2623 13 16 2 0
2624 13 17 2 0
2625 13 18 2 0
2626 13 19 2 0
2627 13 20 2 0
2628 13 21 2 0
2629 13 22 2 0
2630 13 23 2 0
2631 13 24 2 0
2632 13 25 2 0
2633 13 26 2 0
2634 13 27 2 0
2635 13 28 2 0
2636 13 29 2 0
2637 13 30 2 0
2638 13 31 2 0
2639 13 32 2 629
2640 14 0 2 0
2641 14 1 2 631
2642 14 2 2 631
2643 14 3 2 670
2644 14 4 2 0
2645 14 5 2 0
2646 14 6 2 0
2647 14 7 2 0
2648 14 8 2 0
2649 14 9 2 0
2650 14 10 2 0
2651 14 11 2 684
2652 14 12 2 684
2653 14 13 2 0
2654 14 14 2 0
2655 14 15 2 0
2656 14 16 2 0
2657 14 17 2 0
2658 14 18 2 0
2659 14 19 2 0
2660 14 20 2 0
2661 14 21 2 0
2662 14 22 2 0
2663 14 23 2 0
2664 14 24 2 0
2665 14 25 2 0
2666 14 26 2 0
2667 14 27 2 0
2668 14 28 2 0
2669 14 29 2 0
2670 14 30 2 0
2671 14 31 2 0
2672 14 32 2 0
2673 15 0 2 0
2674 15 1 2 631
2675 15 2 2 0
2676 15 3 2 0
2677 15 4 2 0
2678 15 5 2 0
2679 15 6 2 0
2680 15 7 2 729
2681 15 8 2 0
2682 15 9 2 0
2683 15 10 2 0
2684 15 11 2 0
2685 15 12 2 0
2686 15 13 2 0
2687 15 14 2 0
2688 15 15 2 0
2689 15 16 2 0
2690 15 17 2 746
2691 15 18 2 0
2692 15 19 2 0
2693 15 20 2 0
2694 15 21 2 0
2695 15 22 2 0
2696 15 23 2 0
2697 15 24 2 0
2698 15 25 2 0
2699 15 26 2 0
2700 15 27 2 0
2701 15 28 2 0
2702 15 29 2 765
2703 15 30 2 765
2704 15 31 2 0
2705 15 32 2 765
2706 16 0 2 0
2707 16 1 2 0
2708 16 2 2 0
2709 16 3 2 0
2710 16 4 2 0
2711 16 5 2 0
2712 16 6 2 0
2713 16 7 2 0
2714 16 8 2 0
2715 16 9 2 0
2716 16 10 2 0
2717 16 11 2 0
2718 16 12 2 0
2719 16 13 2 0
2720 16 14 2 794
2721 16 15 2 797
2722 16 16 2 0
2723 16 17 2 0
2724 16 18 2 0
2725 16 19 2 0
2726 16 20 2 0
2727 16 21 2 807
2728 16 22 2 807
2729 16 23 2 0
2730 16 24 2 0
2731 16 25 2 0
2732 16 26 2 0
2733 16 27 2 0
2734 16 28 2 765
2735 16 29 2 765
2736 16 30 2 765
2737 16 31 2 765
2738 16 32 2 765
2739 17 0 2 0
2740 17 1 2 0
2741 17 2 2 0
2742 17 3 2 0
2743 17 4 2 0
2744 17 5 2 0
2745 17 6 2 0
2746 17 7 2 0
2747 17 8 2 834
2748 17 9 2 0
2749 17 10 2 0
2750 17 11 2 0
2751 17 12 2 0
2752 17 13 2 0
2753 17 14 2 0
2754 17 15 2 0
2755 17 16 2 0
2756 17 17 2 0
2757 17 18 2 0
2758 17 19 2 807
2759 17 20 2 807
2760 17 21 2 807
2761 17 22 2 807
2762 17 23 2 0
2763 17 24 2 0
2764 17 25 2 0
2765 17 26 2 0
2766 17 27 2 765
2767 17 28 2 0
2768 17 29 2 765
2769 17 30 2 0
2770 17 31 2 0
2771 17 32 2 765
2772 18 0 2 0
2773 18 1 2 0
2774 18 2 2 0
2775 18 3 2 0
2776 18 4 2 0
2777 18 5 2 0
2778 18 6 2 0
2779 18 7 2 0
2780 18 8 2 0
2781 18 9 2 0
2782 18 10 2 883
2783 18 11 2 884
2784 18 12 2 0
2785 18 13 2 0
2786 18 14 2 0
2787 18 15 2 0
2788 18 16 2 0
2789 18 17 2 0
2790 18 18 2 0
2791 18 19 2 807
2792 18 20 2 807
2793 18 21 2 807
2794 18 22 2 807
2795 18 23 2 0
2796 18 24 2 0
2797 18 25 2 0
2798 18 26 2 765
2799 18 27 2 765
2800 18 28 2 0
2801 18 29 2 0
2802 18 30 2 0
2803 18 31 2 910
2804 18 32 2 0
2805 19 0 2 0
2806 19 1 2 0
2807 19 2 2 0
2808 19 3 2 0
2809 19 4 2 0
2810 19 5 2 0
2811 19 6 2 0
2812 19 7 2 923
2813 19 8 2 923
2814 19 9 2 0
2815 19 10 2 0
2816 19 11 2 0
2817 19 12 2 0
2818 19 13 2 0
2819 19 14 2 0
2820 19 15 2 0
2821 19 16 2 0
2822 19 17 2 0
2823 19 18 2 0
2824 19 19 2 807
2825 19 20 2 0
2826 19 21 2 0
2827 19 22 2 0
2828 19 23 2 0
2829 19 24 2 0
2830 19 25 2 0
2831 19 26 2 0
2832 19 27 2 0
2833 19 28 2 0
2834 19 29 2 0
2835 19 30 2 959
2836 19 31 2 0
2837 19 32 2 0
2838 20 0 2 0
2839 20 1 2 0
2840 20 2 2 0
2841 20 3 2 0
2842 20 4 2 0
2843 20 5 2 0
2844 20 6 2 0
2845 20 7 2 0
2846 20 8 2 0
2847 20 9 2 983
2848 20 10 2 0
2849 20 11 2 798
2850 20 12 2 798
2851 20 13 2 798
2852 20 14 2 798
2853 20 15 2 0
2854 20 16 2 0
2855 20 17 2 0
2856 20 18 2 0
2857 20 19 2 0
2858 20 20 2 0
2859 20 21 2 0
2860 20 22 2 947
2861 20 23 2 0
2862 20 24 2 0
2863 20 25 2 0
2864 20 26 2 0
2865 20 27 2 0
2866 20 28 2 0
2867 20 29 2 0
2868 20 30 2 0
2869 20 31 2 0
2870 20 32 2 0
2871 21 0 2 0
2872 21 1 2 0
2873 21 2 2 0
2874 21 3 2 0
2875 21 4 2 0
2876 21 5 2 1020
2877 21 6 2 0
2878 21 7 2 0
2879 21 8 2 0
2880 21 9 2 982
2881 21 10 2 0
2882 21 11 2 798
2883 21 12 2 798
2884 21 13 2 798
2885 21 14 2 0
2886 21 15 2 0
2887 21 16 2 0
2888 21 17 2 0
2889 21 18 2 0
2890 21 19 2 0
2891 21 20 2 0
2892 21 21 2 0
2893 21 22 2 0
2894 21 23 2 0
2895 21 24 2 0
2896 21 25 2 0
2897 21 26 2 0
2898 21 27 2 0
2899 21 28 2 0
2900 21 29 2 0
2901 21 30 2 0
2902 21 31 2 0
2903 21 32 2 0
2904 22 0 2 0
2905 22 1 2 0
2906 22 2 2 0
2907 22 3 2 0
2908 22 4 2 0
2909 22 5 2 0
2910 22 6 2 0
2911 22 7 2 0
2912 22 8 2 0
2913 22 9 2 0
2914 22 10 2 0
2915 22 11 2 798
2916 22 12 2 798
2917 22 13 2 0
2918 22 14 2 1076
2919 22 15 2 0
2920 22 16 2 0
2921 22 17 2 0
2922 22 18 2 0
2923 22 19 2 0
2924 22 20 2 0
2925 22 21 2 0
2926 22 22 2 0
2927 22 23 2 0
2928 22 24 2 0
2929 22 25 2 0
2930 22 26 2 0
2931 22 27 2 1091
2932 22 28 2 0
2933 22 29 2 0
2934 22 30 2 0
2935 22 31 2 0
2936 22 32 2 0
2937 23 0 2 0
2938 23 1 2 0
2939 23 2 2 1016
2940 23 3 2 1016
2941 23 4 2 0
2942 23 5 2 0
2943 23 6 2 0
2944 23 7 2 0
2945 23 8 2 0
2946 23 9 2 0
2947 23 10 2 0
2948 23 11 2 0
2949 23 12 2 0
2950 23 13 2 0
2951 23 14 2 1076
2952 23 15 2 1076
2953 23 16 2 0
2954 23 17 2 0
2955 23 18 2 0
2956 23 19 2 0
2957 23 20 2 0
2958 23 21 2 0
2959 23 22 2 0
2960 23 23 2 0
2961 23 24 2 0
2962 23 25 2 0
2963 23 26 2 0
2964 23 27 2 0
2965 23 28 2 0
2966 23 29 2 0
2967 23 30 2 1092
2968 23 31 2 0
2969 23 32 2 1143
2970 24 0 2 0
2971 24 1 2 0
2972 24 2 2 1016
2973 24 3 2 1016
2974 24 4 2 0
2975 24 5 2 0
2976 24 6 2 0
2977 24 7 2 0
2978 24 8 2 0
2979 24 9 2 0
2980 24 10 2 0
2981 24 11 2 0
2982 24 12 2 0
2983 24 13 2 0
2984 24 14 2 0
2985 24 15 2 0
2986 24 16 2 0
2987 24 17 2 0
2988 24 18 2 0
2989 24 19 2 0
2990 24 20 2 0
2991 24 21 2 0
2992 24 22 2 0
2993 24 23 2 0
2994 24 24 2 0
2995 24 25 2 0
2996 24 26 2 0
2997 24 27 2 0
2998 24 28 2 0
2999 24 29 2 0
3000 24 30 2 0
3001 24 31 2 0
3002 24 32 2 0
3003 25 0 2 0
3004 25 1 2 0
3005 25 2 2 1016
3006 25 3 2 1016
3007 25 4 2 0
3008 25 5 2 0
3009 25 6 2 0
3010 25 7 2 0
3011 25 8 2 0
3012 25 9 2 0
3013 25 10 2 0
3014 25 11 2 0
3015 25 12 2 0
3016 25 13 2 0
3017 25 14 2 0
3018 25 15 2 0
3019 25 16 2 0
3020 25 17 2 0
3021 25 18 2 0
3022 25 19 2 0
3023 25 20 2 0
3024 25 21 2 0
3025 25 22 2 0
3026 25 23 2 1243
3027 25 24 2 0
3028 25 25 2 0
3029 25 26 2 0
3030 25 27 2 0
3031 25 28 2 0
3032 25 29 2 0
3033 25 30 2 0
3034 25 31 2 0
3035 25 32 2 0
3036 26 0 2 0
3037 26 1 2 0
3038 26 2 2 1263
3039 26 3 2 0
3040 26 4 2 0
3041 26 5 2 0
3042 26 6 2 0
3043 26 7 2 0
3044 26 8 2 0
3045 26 9 2 0
3046 26 10 2 0
3047 26 11 2 0
3048 26 12 2 0
3049 26 13 2 1278
3050 26 14 2 0
3051 26 15 2 0
3052 26 16 2 0
3053 26 17 2 0
3054 26 18 2 0
3055 26 19 2 0
3056 26 20 2 0
3057 26 21 2 0
3058 26 22 2 0
3059 26 23 2 1243
3060 26 24 2 1243
3061 26 25 2 0
3062 26 26 2 0
3063 26 27 2 0
3064 26 28 2 0
3065 26 29 2 0
3066 26 30 2 0
3067 26 31 2 0
3068 26 32 2 0
3069 27 0 2 1305
3070 27 1 2 0
3071 27 2 2 0
3072 27 3 2 0
3073 27 4 2 0
3074 27 5 2 0
3075 27 6 2 0
3076 27 7 2 0
3077 27 8 2 0
3078 27 9 2 0
3079 27 10 2 0
3080 27 11 2 0
3081 27 12 2 0
3082 27 13 2 0
3083 27 14 2 0
3084 27 15 2 0
3085 27 16 2 0
3086 27 17 2 0
3087 27 18 2 0
3088 27 19 2 0
3089 27 20 2 0
3090 27 21 2 0
3091 27 22 2 0
3092 27 23 2 0
3093 27 24 2 0
3094 27 25 2 0
3095 27 26 2 0
3096 27 27 2 0
3097 27 28 2 0
3098 27 29 2 0
3099 27 30 2 0
3100 27 31 2 0
3101 27 32 2 0
3102 28 0 2 1306
3103 28 1 2 0
3104 28 2 2 0
3105 28 3 2 0
3106 28 4 2 1314
3107 28 5 2 0
3108 28 6 2 0
3109 28 7 2 0
3110 28 8 2 0
3111 28 9 2 0
3112 28 10 2 0
3113 28 11 2 0
3114 28 12 2 0
3115 28 13 2 0
3116 28 14 2 0
3117 28 15 2 0
3118 28 16 2 0
3119 28 17 2 0
3120 28 18 2 0
3121 28 19 2 0
3122 28 20 2 50
3123 28 21 2 50
3124 28 22 2 50
3125 28 23 2 0
3126 28 24 2 0
3127 28 25 2 1392
3128 28 26 2 0
3129 28 27 2 0
3130 28 28 2 0
3131 28 29 2 0
3132 28 30 2 0
3133 28 31 2 0
3134 28 32 2 0
3135 29 0 2 0
3136 29 1 2 0
3137 29 2 2 0
3138 29 3 2 0
3139 29 4 2 0
3140 29 5 2 0
3141 29 6 2 0
3142 29 7 2 0
3143 29 8 2 0
3144 29 9 2 0
3145 29 10 2 0
3146 29 11 2 0
3147 29 12 2 0
3148 29 13 2 0
3149 29 14 2 0
3150 29 15 2 0
3151 29 16 2 0
3152 29 17 2 0
3153 29 18 2 0
3154 29 19 2 50
3155 29 20 2 50
3156 29 21 2 50
3157 29 22 2 50
3158 29 23 2 50
3159 29 24 2 0
3160 29 25 2 0
3161 29 26 2 0
3162 29 27 2 1443
3163 29 28 2 0
3164 29 29 2 0
3165 29 30 2 0
3166 29 31 2 0
3167 29 32 2 0
3168 30 0 2 0
3169 30 1 2 0
3170 30 2 2 0
3171 30 3 2 0
3172 30 4 2 0
3173 30 5 2 0
3174 30 6 2 0
3175 30 7 2 0
3176 30 8 2 0
3177 30 9 2 0
3178 30 10 2 0
3179 30 11 2 0
3180 30 12 2 0
3181 30 13 2 0
3182 30 14 2 0
3183 30 15 2 1470
3184 30 16 2 0
3185 30 17 2 0
3186 30 18 2 0
3187 30 19 2 0
3188 30 20 2 50
3189 30 21 2 50
3190 30 22 2 50
3191 30 23 2 0
3192 30 24 2 0
3193 30 25 2 0
3194 30 26 2 0
3195 30 27 2 0
3196 30 28 2 0
3197 30 29 2 0
3198 30 30 2 0
3199 30 31 2 0
3200 30 32 2 0
3201 31 0 2 0
3202 31 1 2 1490
3203 31 2 2 0
3204 31 3 2 0
3205 31 4 2 0
3206 31 5 2 0
3207 31 6 2 0
3208 31 7 2 0
3209 31 8 2 0
3210 31 9 2 0
3211 31 10 2 0
3212 31 11 2 0
3213 31 12 2 0
3214 31 13 2 0
3215 31 14 2 0
3216 31 15 2 0
3217 31 16 2 0
3218 31 17 2 0
3219 31 18 2 0
3220 31 19 2 0
3221 31 20 2 50
3222 31 21 2 50
3223 31 22 2 50
3224 31 23 2 0
3225 31 24 2 0
3226 31 25 2 0
3227 31 26 2 0
3228 31 27 2 0
3229 31 28 2 0
3230 31 29 2 0
3231 31 30 2 0
3232 31 31 2 0
3233 31 32 2 0
3234 32 0 2 0
3235 32 1 2 0
3236 32 2 2 0
3237 32 3 2 0
3238 32 4 2 0
3239 32 5 2 0
3240 32 6 2 0
3241 32 7 2 0
3242 32 8 2 0
3243 32 9 2 0
3244 32 10 2 0
3245 32 11 2 0
3246 32 12 2 0
3247 32 13 2 0
3248 32 14 2 0
3249 32 15 2 0
3250 32 16 2 0
3251 32 17 2 0
3252 32 18 2 0
3253 32 19 2 0
3254 32 20 2 0
3255 32 21 2 50
3256 32 22 2 0
3257 32 23 2 0
3258 32 24 2 0
3259 32 25 2 0
3260 32 26 2 0
3261 32 27 2 0
3262 32 28 2 0
3263 32 29 2 0
3264 32 30 2 0
3265 32 31 2 0
3266 32 32 2 0
3267 0 0 3 1
3268 0 1 3 0
3269 0 2 3 8
3270 0 3 3 0
3271 0 4 3 0
3272 0 5 3 0
3273 0 6 3 0
3274 0 7 3 0
3275 0 8 3 0
3276 0 9 3 20
3277 0 10 3 20
3278 0 11 3 0
3279 0 12 3 0
3280 0 13 3 0
3281 0 14 3 0
3282 0 15 3 0
3283 0 16 3 0
3284 0 17 3 0
3285 0 18 3 0
3286 0 19 3 0
3287 0 20 3 0
3288 0 21 3 0
3289 0 22 3 0
3290 0 23 3 0
3291 0 24 3 0
3292 0 25 3 0
3293 0 26 3 61
3294 0 27 3 0
3295 0 28 3 0
3296 0 29 3 0
3297 0 30 3 0
3298 0 31 3 0
3299 0 32 3 0
3300 1 0 3 0
3301 1 1 3 0
3302 1 2 3 0
3303 1 3 3 0
3304 1 4 3 0
3305 1 5 3 0
3306 1 6 3 84
3307 1 7 3 0
3308 1 8 3 0
3309 1 9 3 91
3310 1 10 3 91
3311 1 11 3 0
3312 1 12 3 0
3313 1 13 3 0
3314 1 14 3 0
3315 1 15 3 0
3316 1 16 3 39
3317 1 17 3 0
3318 1 18 3 0
3319 1 19 3 0
3320 1 20 3 0
3321 1 21 3 0
3322 1 22 3 0
3323 1 23 3 0
3324 1 24 3 0
3325 1 25 3 0
3326 1 26 3 0
3327 1 27 3 61
3328 1 28 3 61
3329 1 29 3 0
3330 1 30 3 0
3331 1 31 3 125
3332 1 32 3 0
3333 2 0 3 0
3334 2 1 3 0
3335 2 2 3 0
3336 2 3 3 0
3337 2 4 3 0
3338 2 5 3 0
3339 2 6 3 84
3340 2 7 3 0
3341 2 8 3 0
3342 2 9 3 146
3343 2 10 3 0
3344 2 11 3 152
3345 2 12 3 152
3346 2 13 3 152
3347 2 14 3 0
3348 2 15 3 0
3349 2 16 3 0
3350 2 17 3 0
3351 2 18 3 0
3352 2 19 3 0
3353 2 20 3 0
3354 2 21 3 0
3355 2 22 3 50
3356 2 23 3 165
3357 2 24 3 0
3358 2 25 3 0
3359 2 26 3 61
3360 2 27 3 61
3361 2 28 3 61
3362 2 29 3 0
3363 2 30 3 0
3364 2 31 3 0
3365 2 32 3 0
3366 3 0 3 0
3367 3 1 3 0
3368 3 2 3 178
3369 3 3 3 0
3370 3 4 3 134
3371 3 5 3 134
3372 3 6 3 0
3373 3 7 3 0
3374 3 8 3 0
3375 3 9 3 146
3376 3 10 3 0
3377 3 11 3 0
3378 3 12 3 0
3379 3 13 3 152
3380 3 14 3 0
3381 3 15 3 0
3382 3 16 3 0
3383 3 17 3 0
3384 3 18 3 0
3385 3 19 3 0
3386 3 20 3 0
3387 3 21 3 50
3388 3 22 3 50
3389 3 23 3 0
3390 3 24 3 0
3391 3 25 3 0
3392 3 26 3 61
3393 3 27 3 61
3394 3 28 3 0
3395 3 29 3 0
3396 3 30 3 0
3397 3 31 3 0
3398 3 32 3 0
3399 4 0 3 218
3400 4 1 3 0
3401 4 2 3 0
3402 4 3 3 0
3403 4 4 3 134
3404 4 5 3 134
3405 4 6 3 0
3406 4 7 3 0
3407 4 8 3 225
3408 4 9 3 0
3409 4 10 3 0
3410 4 11 3 0
3411 4 12 3 0
3412 4 13 3 0
3413 4 14 3 242
3414 4 15 3 0
3415 4 16 3 0
3416 4 17 3 0
3417 4 18 3 248
3418 4 19 3 0
3419 4 20 3 0
3420 4 21 3 50
3421 4 22 3 50
3422 4 23 3 0
3423 4 24 3 0
3424 4 25 3 0
3425 4 26 3 206
3426 4 27 3 0
3427 4 28 3 0
3428 4 29 3 0
3429 4 30 3 0
3430 4 31 3 0
3431 4 32 3 0
3432 5 0 3 0
3433 5 1 3 0
3434 5 2 3 0
3435 5 3 3 0
3436 5 4 3 0
3437 5 5 3 0
3438 5 6 3 0
3439 5 7 3 0
3440 5 8 3 225
3441 5 9 3 0
3442 5 10 3 0
3443 5 11 3 0
3444 5 12 3 0
3445 5 13 3 0
3446 5 14 3 0
3447 5 15 3 0
3448 5 16 3 0
3449 5 17 3 0
3450 5 18 3 248
3451 5 19 3 248
3452 5 20 3 0
3453 5 21 3 0
3454 5 22 3 0
3455 5 23 3 0
3456 5 24 3 0
3457 5 25 3 299
3458 5 26 3 0
3459 5 27 3 0
3460 5 28 3 0
3461 5 29 3 0
3462 5 30 3 0
3463 5 31 3 0
3464 5 32 3 0
3465 6 0 3 0
3466 6 1 3 0
3467 6 2 3 0
3468 6 3 3 0
3469 6 4 3 0
3470 6 5 3 0
3471 6 6 3 0
3472 6 7 3 0
3473 6 8 3 0
3474 6 9 3 0
3475 6 10 3 0
3476 6 11 3 0
3477 6 12 3 0
3478 6 13 3 0
3479 6 14 3 0
3480 6 15 3 0
3481 6 16 3 0
3482 6 17 3 0
3483 6 18 3 248
3484 6 19 3 248
3485 6 20 3 248
3486 6 21 3 0
3487 6 22 3 334
3488 6 23 3 0
3489 6 24 3 0
3490 6 25 3 340
3491 6 26 3 0
3492 6 27 3 0
3493 6 28 3 0
3494 6 29 3 0
3495 6 30 3 0
3496 6 31 3 0
3497 6 32 3 0
3498 7 0 3 0
3499 7 1 3 0
3500 7 2 3 348
3501 7 3 3 0
3502 7 4 3 0
3503 7 5 3 134
3504 7 6 3 0
3505 7 7 3 0
3506 7 8 3 0
3507 7 9 3 0
3508 7 10 3 0
3509 7 11 3 0
3510 7 12 3 0
3511 7 13 3 0
3512 7 14 3 0
3513 7 15 3 0
3514 7 16 3 0
3515 7 17 3 0
3516 7 18 3 0
3517 7 19 3 0
3518 7 20 3 248
3519 7 21 3 0
3520 7 22 3 0
3521 7 23 3 0
3522 7 24 3 0
3523 7 25 3 0
3524 7 26 3 380
3525 7 27 3 380
3526 7 28 3 0
3527 7 29 3 0
3528 7 30 3 0
3529 7 31 3 0
3530 7 32 3 0
3531 8 0 3 0
3532 8 1 3 0
3533 8 2 3 0
3534 8 3 3 0
3535 8 4 3 0
3536 8 5 3 0
3537 8 6 3 0
3538 8 7 3 0
3539 8 8 3 0
3540 8 9 3 0
3541 8 10 3 0
3542 8 11 3 0
3543 8 12 3 0
3544 8 13 3 0
3545 8 14 3 0
3546 8 15 3 0
3547 8 16 3 0
3548 8 17 3 248
3549 8 18 3 248
3550 8 19 3 248
3551 8 20 3 0
3552 8 21 3 0
3553 8 22 3 0
3554 8 23 3 0
3555 8 24 3 0
3556 8 25 3 380
3557 8 26 3 0
3558 8 27 3 380
3559 8 28 3 0
3560 8 29 3 0
3561 8 30 3 0
3562 8 31 3 435
3563 8 32 3 0
3564 9 0 3 0
3565 9 1 3 438
3566 9 2 3 0
3567 9 3 3 0
3568 9 4 3 0
3569 9 5 3 0
3570 9 6 3 0
3571 9 7 3 0
3572 9 8 3 0
3573 9 9 3 0
3574 9 10 3 0
3575 9 11 3 0
3576 9 12 3 0
3577 9 13 3 0
3578 9 14 3 0
3579 9 15 3 0
3580 9 16 3 248
3581 9 17 3 248
3582 9 18 3 248
3583 9 19 3 248
3584 9 20 3 248
3585 9 21 3 0
3586 9 22 3 0
3587 9 23 3 0
3588 9 24 3 0
3589 9 25 3 380
3590 9 26 3 380
3591 9 27 3 380
3592 9 28 3 0
3593 9 29 3 0
3594 9 30 3 0
3595 9 31 3 0
3596 9 32 3 0
3597 10 0 3 0
3598 10 1 3 0
3599 10 2 3 0
3600 10 3 3 0
3601 10 4 3 0
3602 10 5 3 0
3603 10 6 3 0
3604 10 7 3 0
3605 10 8 3 0
3606 10 9 3 0
3607 10 10 3 0
3608 10 11 3 0
3609 10 12 3 0
3610 10 13 3 503
3611 10 14 3 0
3612 10 15 3 0
3613 10 16 3 248
3614 10 17 3 248
3615 10 18 3 248
3616 10 19 3 0
3617 10 20 3 0
3618 10 21 3 0
3619 10 22 3 0
3620 10 23 3 0
3621 10 24 3 0
3622 10 25 3 0
3623 10 26 3 0
3624 10 27 3 0
3625 10 28 3 0
3626 10 29 3 0
3627 10 30 3 0
3628 10 31 3 0
3629 10 32 3 0
3630 11 0 3 535
3631 11 1 3 0
3632 11 2 3 0
3633 11 3 3 0
3634 11 4 3 0
3635 11 5 3 0
3636 11 6 3 0
3637 11 7 3 0
3638 11 8 3 0
3639 11 9 3 0
3640 11 10 3 0
3641 11 11 3 0
3642 11 12 3 499
3643 11 13 3 499
3644 11 14 3 0
3645 11 15 3 0
3646 11 16 3 248
3647 11 17 3 248
3648 11 18 3 248
3649 11 19 3 0
3650 11 20 3 0
3651 11 21 3 0
3652 11 22 3 570
3653 11 23 3 0
3654 11 24 3 0
3655 11 25 3 0
3656 11 26 3 0
3657 11 27 3 0
3658 11 28 3 0
3659 11 29 3 0
3660 11 30 3 0
3661 11 31 3 0
3662 11 32 3 535
3663 12 0 3 535
3664 12 1 3 0
3665 12 2 3 0
3666 12 3 3 0
3667 12 4 3 591
3668 12 5 3 592
3669 12 6 3 592
3670 12 7 3 0
3671 12 8 3 0
3672 12 9 3 0
3673 12 10 3 0
3674 12 11 3 0
3675 12 12 3 0
3676 12 13 3 499
3677 12 14 3 0
3678 12 15 3 0
3679 12 16 3 0
3680 12 17 3 0
3681 12 18 3 0
3682 12 19 3 0
3683 12 20 3 0
3684 12 21 3 0
3685 12 22 3 0
3686 12 23 3 380
3687 12 24 3 380
3688 12 25 3 380
3689 12 26 3 0
3690 12 27 3 0
3691 12 28 3 0
3692 12 29 3 0
3693 12 30 3 0
3694 12 31 3 0
3695 12 32 3 0
3696 13 0 3 0
3697 13 1 3 0
3698 13 2 3 0
3699 13 3 3 0
3700 13 4 3 0
3701 13 5 3 0
3702 13 6 3 0
3703 13 7 3 0
3704 13 8 3 0
3705 13 9 3 0
3706 13 10 3 0
3707 13 11 3 0
3708 13 12 3 0
3709 13 13 3 0
3710 13 14 3 0
3711 13 15 3 0
3712 13 16 3 0
3713 13 17 3 0
3714 13 18 3 0
3715 13 19 3 0
3716 13 20 3 0
3717 13 21 3 0
3718 13 22 3 0
3719 13 23 3 380
3720 13 24 3 0
3721 13 25 3 380
3722 13 26 3 0
3723 13 27 3 0
3724 13 28 3 0
3725 13 29 3 0
3726 13 30 3 0
3727 13 31 3 0
3728 13 32 3 0
3729 14 0 3 0
3730 14 1 3 0
3731 14 2 3 0
3732 14 3 3 0
3733 14 4 3 0
3734 14 5 3 0
3735 14 6 3 0
3736 14 7 3 675
3737 14 8 3 0
3738 14 9 3 0
3739 14 10 3 0
3740 14 11 3 684
3741 14 12 3 684
3742 14 13 3 684
3743 14 14 3 0
3744 14 15 3 0
3745 14 16 3 0
3746 14 17 3 0
3747 14 18 3 0
3748 14 19 3 0
3749 14 20 3 0
3750 14 21 3 0
3751 14 22 3 0
3752 14 23 3 0
3753 14 24 3 0
3754 14 25 3 0
3755 14 26 3 0
3756 14 27 3 0
3757 14 28 3 0
3758 14 29 3 0
3759 14 30 3 0
3760 14 31 3 0
3761 14 32 3 0
3762 15 0 3 0
3763 15 1 3 0
3764 15 2 3 0
3765 15 3 3 0
3766 15 4 3 0
3767 15 5 3 0
3768 15 6 3 0
3769 15 7 3 0
3770 15 8 3 0
3771 15 9 3 731
3772 15 10 3 0
3773 15 11 3 0
3774 15 12 3 684
3775 15 13 3 684
3776 15 14 3 0
3777 15 15 3 0
3778 15 16 3 555
3779 15 17 3 0
3780 15 18 3 0
3781 15 19 3 0
3782 15 20 3 749
3783 15 21 3 749
3784 15 22 3 0
3785 15 23 3 0
3786 15 24 3 0
3787 15 25 3 0
3788 15 26 3 0
3789 15 27 3 0
3790 15 28 3 0
3791 15 29 3 0
3792 15 30 3 0
3793 15 31 3 0
3794 15 32 3 0
3795 16 0 3 0
3796 16 1 3 774
3797 16 2 3 0
3798 16 3 3 0
3799 16 4 3 0
3800 16 5 3 0
3801 16 6 3 0
3802 16 7 3 785
3803 16 8 3 0
3804 16 9 3 731
3805 16 10 3 0
3806 16 11 3 0
3807 16 12 3 0
3808 16 13 3 0
3809 16 14 3 0
3810 16 15 3 0
3811 16 16 3 0
3812 16 17 3 0
3813 16 18 3 0
3814 16 19 3 0
3815 16 20 3 0
3816 16 21 3 807
3817 16 22 3 0
3818 16 23 3 0
3819 16 24 3 0
3820 16 25 3 0
3821 16 26 3 0
3822 16 27 3 0
3823 16 28 3 0
3824 16 29 3 0
3825 16 30 3 0
3826 16 31 3 0
3827 16 32 3 0
3828 17 0 3 0
3829 17 1 3 0
3830 17 2 3 0
3831 17 3 3 0
3832 17 4 3 0
3833 17 5 3 0
3834 17 6 3 0
3835 17 7 3 0
3836 17 8 3 0
3837 17 9 3 0
3838 17 10 3 0
3839 17 11 3 840
3840 17 12 3 0
3841 17 13 3 0
3842 17 14 3 0
3843 17 15 3 0
3844 17 16 3 0
3845 17 17 3 0
3846 17 18 3 0
3847 17 19 3 0
3848 17 20 3 807
3849 17 21 3 807
3850 17 22 3 0
3851 17 23 3 0
3852 17 24 3 0
3853 17 25 3 765
3854 17 26 3 765
3855 17 27 3 765
3856 17 28 3 765
3857 17 29 3 0
3858 17 30 3 0
3859 17 31 3 0
3860 17 32 3 0
3861 18 0 3 0
3862 18 1 3 0
3863 18 2 3 0
3864 18 3 3 0
3865 18 4 3 0
3866 18 5 3 0
3867 18 6 3 0
3868 18 7 3 0
3869 18 8 3 0
3870 18 9 3 0
3871 18 10 3 0
3872 18 11 3 0
3873 18 12 3 0
3874 18 13 3 0
3875 18 14 3 0
3876 18 15 3 0
3877 18 16 3 891
3878 18 17 3 0
3879 18 18 3 0
3880 18 19 3 0
3881 18 20 3 807
3882 18 21 3 807
3883 18 22 3 0
3884 18 23 3 0
3885 18 24 3 765
3886 18 25 3 765
3887 18 26 3 765
3888 18 27 3 765
3889 18 28 3 0
3890 18 29 3 0
3891 18 30 3 0
3892 18 31 3 0
3893 18 32 3 0
3894 19 0 3 0
3895 19 1 3 0
3896 19 2 3 0
3897 19 3 3 0
3898 19 4 3 0
3899 19 5 3 0
3900 19 6 3 0
3901 19 7 3 0
3902 19 8 3 0
3903 19 9 3 0
3904 19 10 3 0
3905 19 11 3 798
3906 19 12 3 798
3907 19 13 3 0
3908 19 14 3 0
3909 19 15 3 0
3910 19 16 3 0
3911 19 17 3 0
3912 19 18 3 0
3913 19 19 3 0
3914 19 20 3 0
3915 19 21 3 0
3916 19 22 3 0
3917 19 23 3 0
3918 19 24 3 0
3919 19 25 3 0
3920 19 26 3 765
3921 19 27 3 0
3922 19 28 3 0
3923 19 29 3 0
3924 19 30 3 0
3925 19 31 3 0
3926 19 32 3 0
3927 20 0 3 0
3928 20 1 3 0
3929 20 2 3 0
3930 20 3 3 0
3931 20 4 3 0
3932 20 5 3 0
3933 20 6 3 0
3934 20 7 3 0
3935 20 8 3 0
3936 20 9 3 0
3937 20 10 3 0
3938 20 11 3 798
3939 20 12 3 0
3940 20 13 3 0
3941 20 14 3 0
3942 20 15 3 0
3943 20 16 3 0
3944 20 17 3 0
3945 20 18 3 0
3946 20 19 3 0
3947 20 20 3 0
3948 20 21 3 0
3949 20 22 3 0
3950 20 23 3 950
3951 20 24 3 950
3952 20 25 3 950
3953 20 26 3 0
3954 20 27 3 0
3955 20 28 3 1006
3956 20 29 3 1006
3957 20 30 3 0
3958 20 31 3 0
3959 20 32 3 0
3960 21 0 3 0
3961 21 1 3 0
3962 21 2 3 0
3963 21 3 3 0
3964 21 4 3 1018
3965 21 5 3 0
3966 21 6 3 0
3967 21 7 3 0
3968 21 8 3 0
3969 21 9 3 0
3970 21 10 3 0
3971 21 11 3 0
3972 21 12 3 0
3973 21 13 3 0
3974 21 14 3 0
3975 21 15 3 0
3976 21 16 3 0
3977 21 17 3 1032
3978 21 18 3 1032
3979 21 19 3 0
3980 21 20 3 896
3981 21 21 3 0
3982 21 22 3 0
3983 21 23 3 950
3984 21 24 3 950
3985 21 25 3 950
3986 21 26 3 950
3987 21 27 3 0
3988 21 28 3 0
3989 21 29 3 0
3990 21 30 3 0
3991 21 31 3 0
3992 21 32 3 0
3993 22 0 3 0
3994 22 1 3 0
3995 22 2 3 0
3996 22 3 3 1016
3997 22 4 3 0
3998 22 5 3 0
3999 22 6 3 0
4000 22 7 3 1071
4001 22 8 3 0
4002 22 9 3 0
4003 22 10 3 0
4004 22 11 3 0
4005 22 12 3 0
4006 22 13 3 0
4007 22 14 3 0
4008 22 15 3 0
4009 22 16 3 0
4010 22 17 3 1032
4011 22 18 3 0
4012 22 19 3 0
4013 22 20 3 0
4014 22 21 3 0
4015 22 22 3 0
4016 22 23 3 0
4017 22 24 3 0
4018 22 25 3 950
4019 22 26 3 0
4020 22 27 3 0
4021 22 28 3 0
4022 22 29 3 0
4023 22 30 3 0
4024 22 31 3 0
4025 22 32 3 0
4026 23 0 3 0
4027 23 1 3 0
4028 23 2 3 1016
4029 23 3 3 1016
4030 23 4 3 1016
4031 23 5 3 0
4032 23 6 3 0
4033 23 7 3 0
4034 23 8 3 0
4035 23 9 3 0
4036 23 10 3 0
4037 23 11 3 0
4038 23 12 3 0
4039 23 13 3 0
4040 23 14 3 0
4041 23 15 3 0
4042 23 16 3 0
4043 23 17 3 0
4044 23 18 3 0
4045 23 19 3 0
4046 23 20 3 0
4047 23 21 3 0
4048 23 22 3 0
4049 23 23 3 0
4050 23 24 3 0
4051 23 25 3 0
4052 23 26 3 1132
4053 23 27 3 1132
4054 23 28 3 1132
4055 23 29 3 1137
4056 23 30 3 0
4057 23 31 3 0
4058 23 32 3 0
4059 24 0 3 0
4060 24 1 3 1016
4061 24 2 3 1016
4062 24 3 3 1016
4063 24 4 3 0
4064 24 5 3 1016
4065 24 6 3 0
4066 24 7 3 0
4067 24 8 3 1157
4068 24 9 3 0
4069 24 10 3 0
4070 24 11 3 1161
4071 24 12 3 0
4072 24 13 3 0
4073 24 14 3 0
4074 24 15 3 0
4075 24 16 3 0
4076 24 17 3 0
4077 24 18 3 0
4078 24 19 3 0
4079 24 20 3 0
4080 24 21 3 0
4081 24 22 3 0
4082 24 23 3 0
4083 24 24 3 0
4084 24 25 3 0
4085 24 26 3 1132
4086 24 27 3 1132
4087 24 28 3 1132
4088 24 29 3 0
4089 24 30 3 0
4090 24 31 3 0
4091 24 32 3 0
4092 25 0 3 0
4093 25 1 3 1016
4094 25 2 3 1016
4095 25 3 3 0
4096 25 4 3 0
4097 25 5 3 0
4098 25 6 3 0
4099 25 7 3 0
4100 25 8 3 0
4101 25 9 3 1211
4102 25 10 3 0
4103 25 11 3 0
4104 25 12 3 0
4105 25 13 3 0
4106 25 14 3 0
4107 25 15 3 0
4108 25 16 3 0
4109 25 17 3 1232
4110 25 18 3 0
4111 25 19 3 1235
4112 25 20 3 1235
4113 25 21 3 0
4114 25 22 3 0
4115 25 23 3 0
4116 25 24 3 0
4117 25 25 3 0
4118 25 26 3 0
4119 25 27 3 1132
4120 25 28 3 1132
4121 25 29 3 0
4122 25 30 3 0
4123 25 31 3 0
4124 25 32 3 0
4125 26 0 3 0
4126 26 1 3 0
4127 26 2 3 0
4128 26 3 3 0
4129 26 4 3 0
4130 26 5 3 0
4131 26 6 3 0
4132 26 7 3 0
4133 26 8 3 0
4134 26 9 3 0
4135 26 10 3 0
4136 26 11 3 0
4137 26 12 3 0
4138 26 13 3 0
4139 26 14 3 0
4140 26 15 3 0
4141 26 16 3 0
4142 26 17 3 0
4143 26 18 3 0
4144 26 19 3 1235
4145 26 20 3 1235
4146 26 21 3 0
4147 26 22 3 0
4148 26 23 3 1243
4149 26 24 3 0
4150 26 25 3 0
4151 26 26 3 0
4152 26 27 3 0
4153 26 28 3 0
4154 26 29 3 0
4155 26 30 3 0
4156 26 31 3 0
4157 26 32 3 0
4158 27 0 3 1306
4159 27 1 3 0
4160 27 2 3 0
4161 27 3 3 0
4162 27 4 3 1314
4163 27 5 3 0
4164 27 6 3 0
4165 27 7 3 0
4166 27 8 3 0
4167 27 9 3 0
4168 27 10 3 0
4169 27 11 3 1322
4170 27 12 3 0
4171 27 13 3 0
4172 27 14 3 0
4173 27 15 3 0
4174 27 16 3 0
4175 27 17 3 0
4176 27 18 3 0
4177 27 19 3 0
4178 27 20 3 0
4179 27 21 3 0
4180 27 22 3 0
4181 27 23 3 0
4182 27 24 3 0
4183 27 25 3 0
4184 27 26 3 0
4185 27 27 3 0
4186 27 28 3 0
4187 27 29 3 0
4188 27 30 3 0
4189 27 31 3 0
4190 27 32 3 0
4191 28 0 3 1306
4192 28 1 3 0
4193 28 2 3 0
4194 28 3 3 1314
4195 28 4 3 1314
4196 28 5 3 0
4197 28 6 3 0
4198 28 7 3 0
4199 28 8 3 0
4200 28 9 3 0
4201 28 10 3 0
4202 28 11 3 0
4203 28 12 3 0
4204 28 13 3 1379
4205 28 14 3 0
4206 28 15 3 0
4207 28 16 3 0
4208 28 17 3 0
4209 28 18 3 0
4210 28 19 3 0
4211 28 20 3 0
4212 28 21 3 50
4213 28 22 3 50
4214 28 23 3 0
4215 28 24 3 0
4216 28 25 3 0
4217 28 26 3 0
4218 28 27 3 0
4219 28 28 3 0
4220 28 29 3 0
4221 28 30 3 0
4222 28 31 3 0
4223 28 32 3 1306
4224 29 0 3 1306
4225 29 1 3 0
4226 29 2 3 0
4227 29 3 3 0
4228 29 4 3 0
4229 29 5 3 0
4230 29 6 3 0
4231 29 7 3 0
4232 29 8 3 0
4233 29 9 3 0
4234 29 10 3 0
4235 29 11 3 1422
4236 29 12 3 1423
4237 29 13 3 0
4238 29 14 3 0
4239 29 15 3 0
4240 29 16 3 0
4241 29 17 3 0
4242 29 18 3 0
4243 29 19 3 0
4244 29 20 3 50
4245 29 21 3 50
4246 29 22 3 50
4247 29 23 3 50
4248 29 24 3 0
4249 29 25 3 0
4250 29 26 3 0
4251 29 27 3 0
4252 29 28 3 0
4253 29 29 3 0
4254 29 30 3 0
4255 29 31 3 0
4256 29 32 3 1306
4257 30 0 3 0
4258 30 1 3 0
4259 30 2 3 0
4260 30 3 3 0
4261 30 4 3 0
4262 30 5 3 0
4263 30 6 3 0
4264 30 7 3 0
4265 30 8 3 0
4266 30 9 3 0
4267 30 10 3 0
4268 30 11 3 0
4269 30 12 3 1423
4270 30 13 3 0
4271 30 14 3 0
4272 30 15 3 1470
4273 30 16 3 0
4274 30 17 3 0
4275 30 18 3 0
4276 30 19 3 0
4277 30 20 3 50
4278 30 21 3 50
4279 30 22 3 50
4280 30 23 3 0
4281 30 24 3 0
4282 30 25 3 0
4283 30 26 3 0
4284 30 27 3 0
4285 30 28 3 0
4286 30 29 3 0
4287 30 30 3 0
4288 30 31 3 0
4289 30 32 3 1306
4290 31 0 3 0
4291 31 1 3 0
4292 31 2 3 0
4293 31 3 3 0
4294 31 4 3 0
4295 31 5 3 0
4296 31 6 3 0
4297 31 7 3 0
4298 31 8 3 0
4299 31 9 3 0
4300 31 10 3 0
4301 31 11 3 0
4302 31 12 3 0
4303 31 13 3 0
4304 31 14 3 0
4305 31 15 3 1510
4306 31 16 3 0
4307 31 17 3 0
4308 31 18 3 0
4309 31 19 3 0
4310 31 20 3 50
4311 31 21 3 50
4312 31 22 3 50
4313 31 23 3 0
4314 31 24 3 0
4315 31 25 3 0
4316 31 26 3 0
4317 31 27 3 0
4318 31 28 3 0
4319 31 29 3 0
4320 31 30 3 0
4321 31 31 3 0
4322 31 32 3 1306
4323 32 0 3 0
4324 32 1 3 0
4325 32 2 3 8
4326 32 3 3 0
4327 32 4 3 0
4328 32 5 3 0
4329 32 6 3 1540
4330 32 7 3 1541
4331 32 8 3 0
4332 32 9 3 0
4333 32 10 3 0
4334 32 11 3 0
4335 32 12 3 0
4336 32 13 3 0
4337 32 14 3 1549
4338 32 15 3 1549
4339 32 16 3 0
4340 32 17 3 0
4341 32 18 3 0
4342 32 19 3 0
4343 32 20 3 0
4344 32 21 3 50
4345 32 22 3 0
4346 32 23 3 0
4347 32 24 3 1557
4348 32 25 3 0
4349 32 26 3 0
4350 32 27 3 0
4351 32 28 3 0
4352 32 29 3 0
4353 32 30 3 0
4354 32 31 3 0
4355 32 32 3 0
4356 0 0 4 0
4357 0 1 4 0
4358 0 2 4 0
4359 0 3 4 0
4360 0 4 4 0
4361 0 5 4 0
4362 0 6 4 14
4363 0 7 4 0
4364 0 8 4 18
4365 0 9 4 0
4366 0 10 4 20
4367 0 11 4 0
4368 0 12 4 0
4369 0 13 4 0
4370 0 14 4 0
4371 0 15 4 0
4372 0 16 4 0
4373 0 17 4 0
4374 0 18 4 0
4375 0 19 4 0
4376 0 20 4 48
4377 0 21 4 0
4378 0 22 4 0
4379 0 23 4 0
4380 0 24 4 0
4381 0 25 4 61
4382 0 26 4 61
4383 0 27 4 61
4384 0 28 4 0
4385 0 29 4 0
4386 0 30 4 0
4387 0 31 4 0
4388 0 32 4 0
4389 1 0 4 0
4390 1 1 4 0
4391 1 2 4 0
4392 1 3 4 0
4393 1 4 4 0
4394 1 5 4 0
4395 1 6 4 0
4396 1 7 4 0
4397 1 8 4 0
4398 1 9 4 0
4399 1 10 4 96
4400 1 11 4 0
4401 1 12 4 0
4402 1 13 4 0
4403 1 14 4 0
4404 1 15 4 0
4405 1 16 4 0
4406 1 17 4 0
4407 1 18 4 0
4408 1 19 4 0
4409 1 20 4 0
4410 1 21 4 0
4411 1 22 4 0
4412 1 23 4 0
4413 1 24 4 0
4414 1 25 4 0
4415 1 26 4 61
4416 1 27 4 61
4417 1 28 4 61
4418 1 29 4 0
4419 1 30 4 0
4420 1 31 4 0
4421 1 32 4 0
4422 2 0 4 0
4423 2 1 4 131
4424 2 2 4 0
4425 2 3 4 0
4426 2 4 4 0
4427 2 5 4 0
4428 2 6 4 0
4429 2 7 4 0
4430 2 8 4 0
4431 2 9 4 0
4432 2 10 4 150
4433 2 11 4 0
4434 2 12 4 0
4435 2 13 4 0
4436 2 14 4 0
4437 2 15 4 0
4438 2 16 4 0
4439 2 17 4 0
4440 2 18 4 0
4441 2 19 4 0
4442 2 20 4 0
4443 2 21 4 0
4444 2 22 4 50
4445 2 23 4 0
4446 2 24 4 0
4447 2 25 4 0
4448 2 26 4 61
4449 2 27 4 61
4450 2 28 4 61
4451 2 29 4 0
4452 2 30 4 0
4453 2 31 4 0
4454 2 32 4 0
4455 3 0 4 0
4456 3 1 4 131
4457 3 2 4 0
4458 3 3 4 0
4459 3 4 4 0
4460 3 5 4 0
4461 3 6 4 0
4462 3 7 4 0
4463 3 8 4 0
4464 3 9 4 0
4465 3 10 4 150
4466 3 11 4 0
4467 3 12 4 186
4468 3 13 4 152
4469 3 14 4 0
4470 3 15 4 0
4471 3 16 4 0
4472 3 17 4 0
4473 3 18 4 0
4474 3 19 4 0
4475 3 20 4 0
4476 3 21 4 0
4477 3 22 4 0
4478 3 23 4 0
4479 3 24 4 0
4480 3 25 4 0
4481 3 26 4 0
4482 3 27 4 0
4483 3 28 4 0
4484 3 29 4 0
4485 3 30 4 0
4486 3 31 4 0
4487 3 32 4 0
4488 4 0 4 0
4489 4 1 4 0
4490 4 2 4 0
4491 4 3 4 0
4492 4 4 4 0
4493 4 5 4 0
4494 4 6 4 0
4495 4 7 4 0
4496 4 8 4 0
4497 4 9 4 0
4498 4 10 4 0
4499 4 11 4 235
4500 4 12 4 0
4501 4 13 4 0
4502 4 14 4 0
4503 4 15 4 0
4504 4 16 4 0
4505 4 17 4 0
4506 4 18 4 0
4507 4 19 4 0
4508 4 20 4 0
4509 4 21 4 0
4510 4 22 4 0
4511 4 23 4 0
4512 4 24 4 0
4513 4 25 4 0
4514 4 26 4 0
4515 4 27 4 0
4516 4 28 4 0
4517 4 29 4 61
4518 4 30 4 0
4519 4 31 4 0
4520 4 32 4 0
4521 5 0 4 0
4522 5 1 4 0
4523 5 2 4 0
4524 5 3 4 0
4525 5 4 4 0
4526 5 5 4 0
4527 5 6 4 0
4528 5 7 4 0
4529 5 8 4 0
4530 5 9 4 0
4531 5 10 4 0
4532 5 11 4 0
4533 5 12 4 0
4534 5 13 4 0
4535 5 14 4 0
4536 5 15 4 0
4537 5 16 4 0
4538 5 17 4 0
4539 5 18 4 0
4540 5 19 4 248
4541 5 20 4 0
4542 5 21 4 0
4543 5 22 4 0
4544 5 23 4 0
4545 5 24 4 0
4546 5 25 4 0
4547 5 26 4 0
4548 5 27 4 0
4549 5 28 4 0
4550 5 29 4 0
4551 5 30 4 0
4552 5 31 4 0
4553 5 32 4 0
4554 6 0 4 0
4555 6 1 4 0
4556 6 2 4 0
4557 6 3 4 0
4558 6 4 4 0
4559 6 5 4 0
4560 6 6 4 0
4561 6 7 4 0
4562 6 8 4 0
4563 6 9 4 0
4564 6 10 4 322
4565 6 11 4 0
4566 6 12 4 0
4567 6 13 4 0
4568 6 14 4 0
4569 6 15 4 0
4570 6 16 4 0
4571 6 17 4 0
4572 6 18 4 248
4573 6 19 4 248
4574 6 20 4 0
4575 6 21 4 0
4576 6 22 4 0
4577 6 23 4 0
4578 6 24 4 0
4579 6 25 4 0
4580 6 26 4 0
4581 6 27 4 0
4582 6 28 4 0
4583 6 29 4 0
4584 6 30 4 0
4585 6 31 4 0
4586 6 32 4 0
4587 7 0 4 263
4588 7 1 4 0
4589 7 2 4 0
4590 7 3 4 0
4591 7 4 4 352
4592 7 5 4 0
4593 7 6 4 0
4594 7 7 4 0
4595 7 8 4 0
4596 7 9 4 0
4597 7 10 4 322
4598 7 11 4 322
4599 7 12 4 364
4600 7 13 4 326
4601 7 14 4 0
4602 7 15 4 0
4603 7 16 4 0
4604 7 17 4 0
4605 7 18 4 248
4606 7 19 4 248
4607 7 20 4 248
4608 7 21 4 248
4609 7 22 4 0
4610 7 23 4 0
4611 7 24 4 0
4612 7 25 4 0
4613 7 26 4 0
4614 7 27 4 0
4615 7 28 4 0
4616 7 29 4 0
4617 7 30 4 0
4618 7 31 4 0
4619 7 32 4 263
4620 8 0 4 0
4621 8 1 4 0
4622 8 2 4 0
4623 8 3 4 0
4624 8 4 4 0
4625 8 5 4 0
4626 8 6 4 0
4627 8 7 4 0
4628 8 8 4 0
4629 8 9 4 0
4630 8 10 4 0
4631 8 11 4 322
4632 8 12 4 0
4633 8 13 4 0
4634 8 14 4 0
4635 8 15 4 0
4636 8 16 4 0
4637 8 17 4 248
4638 8 18 4 248
4639 8 19 4 248
4640 8 20 4 248
4641 8 21 4 248
4642 8 22 4 0
4643 8 23 4 380
4644 8 24 4 380
4645 8 25 4 380
4646 8 26 4 0
4647 8 27 4 0
4648 8 28 4 0
4649 8 29 4 0
4650 8 30 4 433
4651 8 31 4 0
4652 8 32 4 0
4653 9 0 4 0
4654 9 1 4 0
4655 9 2 4 0
4656 9 3 4 0
4657 9 4 4 0
4658 9 5 4 0
4659 9 6 4 0
4660 9 7 4 0
4661 9 8 4 0
4662 9 9 4 0
4663 9 10 4 0
4664 9 11 4 0
4665 9 12 4 0
4666 9 13 4 0
4667 9 14 4 0
4668 9 15 4 0
4669 9 16 4 0
4670 9 17 4 248
4671 9 18 4 248
4672 9 19 4 0
4673 9 20 4 0
4674 9 21 4 0
4675 9 22 4 380
4676 9 23 4 380
4677 9 24 4 380
4678 9 25 4 380
4679 9 26 4 0
4680 9 27 4 0
4681 9 28 4 0
4682 9 29 4 0
4683 9 30 4 0
4684 9 31 4 0
4685 9 32 4 0
4686 10 0 4 482
4687 10 1 4 0
4688 10 2 4 0
4689 10 3 4 0
4690 10 4 4 0
4691 10 5 4 0
4692 10 6 4 0
4693 10 7 4 0
4694 10 8 4 0
4695 10 9 4 0
4696 10 10 4 0
4697 10 11 4 0
4698 10 12 4 0
4699 10 13 4 0
4700 10 14 4 0
4701 10 15 4 0
4702 10 16 4 0
4703 10 17 4 248
4704 10 18 4 0
4705 10 19 4 0
4706 10 20 4 0
4707 10 21 4 514
4708 10 22 4 0
4709 10 23 4 0
4710 10 24 4 0
4711 10 25 4 0
4712 10 26 4 0
4713 10 27 4 0
4714 10 28 4 0
4715 10 29 4 0
4716 10 30 4 0
4717 10 31 4 0
4718 10 32 4 0
4719 11 0 4 535
4720 11 1 4 0
4721 11 2 4 0
4722 11 3 4 0
4723 11 4 4 543
4724 11 5 4 0
4725 11 6 4 0
4726 11 7 4 0
4727 11 8 4 0
4728 11 9 4 0
4729 11 10 4 0
4730 11 11 4 0
4731 11 12 4 499
4732 11 13 4 499
4733 11 14 4 0
4734 11 15 4 0
4735 11 16 4 0
4736 11 17 4 248
4737 11 18 4 0
4738 11 19 4 0
4739 11 20 4 0
4740 11 21 4 0
4741 11 22 4 0
4742 11 23 4 380
4743 11 24 4 380
4744 11 25 4 380
4745 11 26 4 0
4746 11 27 4 0
4747 11 28 4 0
4748 11 29 4 0
4749 11 30 4 0
4750 11 31 4 0
4751 11 32 4 0
4752 12 0 4 535
4753 12 1 4 0
4754 12 2 4 0
4755 12 3 4 0
4756 12 4 4 0
4757 12 5 4 0
4758 12 6 4 0
4759 12 7 4 0
4760 12 8 4 0
4761 12 9 4 0
4762 12 10 4 0
4763 12 11 4 0
4764 12 12 4 0
4765 12 13 4 0
4766 12 14 4 555
4767 12 15 4 0
4768 12 16 4 0
4769 12 17 4 248
4770 12 18 4 0
4771 12 19 4 0
4772 12 20 4 0
4773 12 21 4 0
4774 12 22 4 0
4775 12 23 4 380
4776 12 24 4 380
4777 12 25 4 380
4778 12 26 4 0
4779 12 27 4 0
4780 12 28 4 0
4781 12 29 4 0
4782 12 30 4 0
4783 12 31 4 0
4784 12 32 4 0
4785 13 0 4 0
4786 13 1 4 0
4787 13 2 4 0
4788 13 3 4 0
4789 13 4 4 0
4790 13 5 4 637
4791 13 6 4 0
4792 13 7 4 0
4793 13 8 4 0
4794 13 9 4 0
4795 13 10 4 0
4796 13 11 4 0
4797 13 12 4 0
4798 13 13 4 0
4799 13 14 4 555
4800 13 15 4 555
4801 13 16 4 0
4802 13 17 4 0
4803 13 18 4 0
4804 13 19 4 648
4805 13 20 4 0
4806 13 21 4 0
4807 13 22 4 0
4808 13 23 4 0
4809 13 24 4 0
4810 13 25 4 0
4811 13 26 4 0
4812 13 27 4 0
4813 13 28 4 0
4814 13 29 4 0
4815 13 30 4 0
4816 13 31 4 0
4817 13 32 4 0
4818 14 0 4 0
4819 14 1 4 0
4820 14 2 4 0
4821 14 3 4 0
4822 14 4 4 0
4823 14 5 4 0
4824 14 6 4 0
4825 14 7 4 0
4826 14 8 4 0
4827 14 9 4 0
4828 14 10 4 0
4829 14 11 4 0
4830 14 12 4 0
4831 14 13 4 0
4832 14 14 4 0
4833 14 15 4 555
4834 14 16 4 555
4835 14 17 4 0
4836 14 18 4 0
4837 14 19 4 0
4838 14 20 4 701
4839 14 21 4 0
4840 14 22 4 0
4841 14 23 4 0
4842 14 24 4 0
4843 14 25 4 0
4844 14 26 4 0
4845 14 27 4 0
4846 14 28 4 0
4847 14 29 4 0
4848 14 30 4 0
4849 14 31 4 715
4850 14 32 4 718
4851 15 0 4 0
4852 15 1 4 0
4853 15 2 4 0
4854 15 3 4 0
4855 15 4 4 0
4856 15 5 4 0
4857 15 6 4 728
4858 15 7 4 0
4859 15 8 4 0
4860 15 9 4 0
4861 15 10 4 0
4862 15 11 4 0
4863 15 12 4 0
4864 15 13 4 684
4865 15 14 4 0
4866 15 15 4 555
4867 15 16 4 555
4868 15 17 4 0
4869 15 18 4 0
4870 15 19 4 0
4871 15 20 4 0
4872 15 21 4 0
4873 15 22 4 0
4874 15 23 4 0
4875 15 24 4 0
4876 15 25 4 0
4877 15 26 4 0
4878 15 27 4 0
4879 15 28 4 0
4880 15 29 4 0
4881 15 30 4 766
4882 15 31 4 768
4883 15 32 4 0
4884 16 0 4 0
4885 16 1 4 0
4886 16 2 4 723
4887 16 3 4 723
4888 16 4 4 0
4889 16 5 4 0
4890 16 6 4 0
4891 16 7 4 0
4892 16 8 4 0
4893 16 9 4 731
4894 16 10 4 731
4895 16 11 4 0
4896 16 12 4 0
4897 16 13 4 0
4898 16 14 4 0
4899 16 15 4 0
4900 16 16 4 0
4901 16 17 4 0
4902 16 18 4 0
4903 16 19 4 0
4904 16 20 4 0
4905 16 21 4 0
4906 16 22 4 0
4907 16 23 4 0
4908 16 24 4 0
4909 16 25 4 0
4910 16 26 4 0
4911 16 27 4 0
4912 16 28 4 0
4913 16 29 4 0
4914 16 30 4 0
4915 16 31 4 0
4916 16 32 4 0
4917 17 0 4 0
4918 17 1 4 0
4919 17 2 4 723
4920 17 3 4 723
4921 17 4 4 723
4922 17 5 4 0
4923 17 6 4 0
4924 17 7 4 0
4925 17 8 4 0
4926 17 9 4 0
4927 17 10 4 0
4928 17 11 4 0
4929 17 12 4 0
4930 17 13 4 0
4931 17 14 4 0
4932 17 15 4 0
4933 17 16 4 0
4934 17 17 4 0
4935 17 18 4 0
4936 17 19 4 0
4937 17 20 4 0
4938 17 21 4 0
4939 17 22 4 861
4940 17 23 4 0
4941 17 24 4 0
4942 17 25 4 765
4943 17 26 4 765
4944 17 27 4 765
4945 17 28 4 765
4946 17 29 4 0
4947 17 30 4 0
4948 17 31 4 0
4949 17 32 4 0
4950 18 0 4 0
4951 18 1 4 0
4952 18 2 4 723
4953 18 3 4 723
4954 18 4 4 723
4955 18 5 4 723
4956 18 6 4 0
4957 18 7 4 0
4958 18 8 4 0
4959 18 9 4 0
4960 18 10 4 0
4961 18 11 4 0
4962 18 12 4 0
4963 18 13 4 0
4964 18 14 4 0
4965 18 15 4 0
4966 18 16 4 0
4967 18 17 4 0
4968 18 18 4 0
4969 18 19 4 0
4970 18 20 4 0
4971 18 21 4 0
4972 18 22 4 0
4973 18 23 4 0
4974 18 24 4 765
4975 18 25 4 765
4976 18 26 4 765
4977 18 27 4 765
4978 18 28 4 0
4979 18 29 4 0
4980 18 30 4 822
4981 18 31 4 822
4982 18 32 4 0
4983 19 0 4 913
4984 19 1 4 0
4985 19 2 4 0
4986 19 3 4 0
4987 19 4 4 0
4988 19 5 4 0
4989 19 6 4 921
4990 19 7 4 0
4991 19 8 4 0
4992 19 9 4 0
4993 19 10 4 0
4994 19 11 4 0
4995 19 12 4 0
4996 19 13 4 0
4997 19 14 4 930
4998 19 15 4 0
4999 19 16 4 0
5000 19 17 4 0
5001 19 18 4 0
5002 19 19 4 0
5003 19 20 4 0
5004 19 21 4 0
5005 19 22 4 0
5006 19 23 4 950
5007 19 24 4 0
5008 19 25 4 0
5009 19 26 4 0
5010 19 27 4 0
5011 19 28 4 0
5012 19 29 4 0
5013 19 30 4 0
5014 19 31 4 822
5015 19 32 4 0
5016 20 0 4 0
5017 20 1 4 0
5018 20 2 4 0
5019 20 3 4 0
5020 20 4 4 972
5021 20 5 4 0
5022 20 6 4 0
5023 20 7 4 978
5024 20 8 4 0
5025 20 9 4 0
5026 20 10 4 0
5027 20 11 4 0
5028 20 12 4 0
5029 20 13 4 0
5030 20 14 4 0
5031 20 15 4 0
5032 20 16 4 0
5033 20 17 4 0
5034 20 18 4 995
5035 20 19 4 0
5036 20 20 4 0
5037 20 21 4 0
5038 20 22 4 0
5039 20 23 4 950
5040 20 24 4 950
5041 20 25 4 950
5042 20 26 4 1004
5043 20 27 4 0
5044 20 28 4 0
5045 20 29 4 0
5046 20 30 4 0
5047 20 31 4 0
5048 20 32 4 0
5049 21 0 4 1011
5050 21 1 4 0
5051 21 2 4 0
5052 21 3 4 1015
5053 21 4 4 1015
5054 21 5 4 0
5055 21 6 4 0
5056 21 7 4 0
5057 21 8 4 0
5058 21 9 4 0
5059 21 10 4 0
5060 21 11 4 0
5061 21 12 4 0
5062 21 13 4 0
5063 21 14 4 0
5064 21 15 4 0
5065 21 16 4 0
5066 21 17 4 0
5067 21 18 4 0
5068 21 19 4 0
5069 21 20 4 896
5070 21 21 4 0
5071 21 22 4 0
5072 21 23 4 950
5073 21 24 4 950
5074 21 25 4 950
5075 21 26 4 0
5076 21 27 4 0
5077 21 28 4 1057
5078 21 29 4 0
5079 21 30 4 0
5080 21 31 4 0
5081 21 32 4 0
5082 22 0 4 1063
5083 22 1 4 0
5084 22 2 4 1016
5085 22 3 4 1016
5086 22 4 4 0
5087 22 5 4 0
5088 22 6 4 0
5089 22 7 4 0
5090 22 8 4 0
5091 22 9 4 0
5092 22 10 4 0
5093 22 11 4 0
5094 22 12 4 0
5095 22 13 4 0
5096 22 14 4 0
5097 22 15 4 0
5098 22 16 4 0
5099 22 17 4 0
5100 22 18 4 0
5101 22 19 4 0
5102 22 20 4 0
5103 22 21 4 0
5104 22 22 4 950
5105 22 23 4 950
5106 22 24 4 950
5107 22 25 4 950
5108 22 26 4 0
5109 22 27 4 0
5110 22 28 4 0
5111 22 29 4 0
5112 22 30 4 0
5113 22 31 4 0
5114 22 32 4 0
5115 23 0 4 0
5116 23 1 4 0
5117 23 2 4 1016
5118 23 3 4 1016
5119 23 4 4 1016
5120 23 5 4 1016
5121 23 6 4 1016
5122 23 7 4 0
5123 23 8 4 0
5124 23 9 4 0
5125 23 10 4 0
5126 23 11 4 0
5127 23 12 4 0
5128 23 13 4 0
5129 23 14 4 0
5130 23 15 4 0
5131 23 16 4 0
5132 23 17 4 0
5133 23 18 4 0
5134 23 19 4 0
5135 23 20 4 0
5136 23 21 4 0
5137 23 22 4 0
5138 23 23 4 0
5139 23 24 4 0
5140 23 25 4 0
5141 23 26 4 1132
5142 23 27 4 1132
5143 23 28 4 1132
5144 23 29 4 0
5145 23 30 4 0
5146 23 31 4 0
5147 23 32 4 0
5148 24 0 4 1145
5149 24 1 4 0
5150 24 2 4 1016
5151 24 3 4 1016
5152 24 4 4 1016
5153 24 5 4 1016
5154 24 6 4 0
5155 24 7 4 0
5156 24 8 4 0
5157 24 9 4 0
5158 24 10 4 0
5159 24 11 4 0
5160 24 12 4 0
5161 24 13 4 0
5162 24 14 4 0
5163 24 15 4 0
5164 24 16 4 0
5165 24 17 4 0
5166 24 18 4 0
5167 24 19 4 0
5168 24 20 4 0
5169 24 21 4 0
5170 24 22 4 0
5171 24 23 4 0
5172 24 24 4 0
5173 24 25 4 0
5174 24 26 4 0
5175 24 27 4 0
5176 24 28 4 0
5177 24 29 4 0
5178 24 30 4 0
5179 24 31 4 0
5180 24 32 4 0
5181 25 0 4 0
5182 25 1 4 1016
5183 25 2 4 1016
5184 25 3 4 1016
5185 25 4 4 0
5186 25 5 4 0
5187 25 6 4 0
5188 25 7 4 0
5189 25 8 4 1211
5190 25 9 4 1211
5191 25 10 4 0
5192 25 11 4 0
5193 25 12 4 0
5194 25 13 4 0
5195 25 14 4 0
5196 25 15 4 0
5197 25 16 4 0
5198 25 17 4 0
5199 25 18 4 0
5200 25 19 4 0
5201 25 20 4 0
5202 25 21 4 0
5203 25 22 4 0
5204 25 23 4 0
5205 25 24 4 0
5206 25 25 4 0
5207 25 26 4 0
5208 25 27 4 0
5209 25 28 4 0
5210 25 29 4 0
5211 25 30 4 1254
5212 25 31 4 0
5213 25 32 4 0
5214 26 0 4 0
5215 26 1 4 0
5216 26 2 4 0
5217 26 3 4 0
5218 26 4 4 0
5219 26 5 4 0
5220 26 6 4 0
5221 26 7 4 0
5222 26 8 4 0
5223 26 9 4 1211
5224 26 10 4 0
5225 26 11 4 1162
5226 26 12 4 0
5227 26 13 4 0
5228 26 14 4 0
5229 26 15 4 1281
5230 26 16 4 0
5231 26 17 4 0
5232 26 18 4 0
5233 26 19 4 0
5234 26 20 4 1235
5235 26 21 4 0
5236 26 22 4 0
5237 26 23 4 0
5238 26 24 4 0
5239 26 25 4 0
5240 26 26 4 0
5241 26 27 4 0
5242 26 28 4 0
5243 26 29 4 0
5244 26 30 4 0
5245 26 31 4 0
5246 26 32 4 0
5247 27 0 4 0
5248 27 1 4 0
5249 27 2 4 0
5250 27 3 4 0
5251 27 4 4 0
5252 27 5 4 0
5253 27 6 4 0
5254 27 7 4 0
5255 27 8 4 0
5256 27 9 4 0
5257 27 10 4 0
5258 27 11 4 0
5259 27 12 4 0
5260 27 13 4 0
5261 27 14 4 0
5262 27 15 4 1281
5263 27 16 4 1281
5264 27 17 4 0
5265 27 18 4 0
5266 27 19 4 1337
5267 27 20 4 0
5268 27 21 4 0
5269 27 22 4 0
5270 27 23 4 0
5271 27 24 4 0
5272 27 25 4 1292
5273 27 26 4 1292
5274 27 27 4 0
5275 27 28 4 0
5276 27 29 4 0
5277 27 30 4 0
5278 27 31 4 0
5279 27 32 4 0
5280 28 0 4 0
5281 28 1 4 0
5282 28 2 4 0
5283 28 3 4 1315
5284 28 4 4 0
5285 28 5 4 0
5286 28 6 4 0
5287 28 7 4 0
5288 28 8 4 0
5289 28 9 4 0
5290 28 10 4 0
5291 28 11 4 0
5292 28 12 4 0
5293 28 13 4 0
5294 28 14 4 0
5295 28 15 4 1281
5296 28 16 4 1281
5297 28 17 4 0
5298 28 18 4 0
5299 28 19 4 0
5300 28 20 4 0
5301 28 21 4 0
5302 28 22 4 1292
5303 28 23 4 0
5304 28 24 4 0
5305 28 25 4 1292
5306 28 26 4 1292
5307 28 27 4 0
5308 28 28 4 0
5309 28 29 4 0
5310 28 30 4 0
5311 28 31 4 0
5312 28 32 4 0
5313 29 0 4 0
5314 29 1 4 0
5315 29 2 4 0
5316 29 3 4 1315
5317 29 4 4 0
5318 29 5 4 0
5319 29 6 4 0
5320 29 7 4 0
5321 29 8 4 0
5322 29 9 4 0
5323 29 10 4 0
5324 29 11 4 0
5325 29 12 4 1423
5326 29 13 4 1423
5327 29 14 4 0
5328 29 15 4 0
5329 29 16 4 0
5330 29 17 4 0
5331 29 18 4 0
5332 29 19 4 0
5333 29 20 4 50
5334 29 21 4 0
5335 29 22 4 0
5336 29 23 4 1439
5337 29 24 4 0
5338 29 25 4 1292
5339 29 26 4 0
5340 29 27 4 0
5341 29 28 4 0
5342 29 29 4 0
5343 29 30 4 0
5344 29 31 4 0
5345 29 32 4 1306
5346 30 0 4 0
5347 30 1 4 0
5348 30 2 4 0
5349 30 3 4 0
5350 30 4 4 0
5351 30 5 4 0
5352 30 6 4 16
5353 30 7 4 16
5354 30 8 4 0
5355 30 9 4 0
5356 30 10 4 0
5357 30 11 4 0
5358 30 12 4 1423
5359 30 13 4 0
5360 30 14 4 0
5361 30 15 4 0
5362 30 16 4 0
5363 30 17 4 0
5364 30 18 4 0
5365 30 19 4 0
5366 30 20 4 0
5367 30 21 4 0
5368 30 22 4 0
5369 30 23 4 0
5370 30 24 4 0
5371 30 25 4 1292
5372 30 26 4 0
5373 30 27 4 0
5374 30 28 4 0
5375 30 29 4 0
5376 30 30 4 0
5377 30 31 4 0
5378 30 32 4 1306
5379 31 0 4 0
5380 31 1 4 0
5381 31 2 4 0
5382 31 3 4 0
5383 31 4 4 0
5384 31 5 4 0
5385 31 6 4 16
5386 31 7 4 0
5387 31 8 4 0
5388 31 9 4 0
5389 31 10 4 0
5390 31 11 4 0
5391 31 12 4 0
5392 31 13 4 0
5393 31 14 4 0
5394 31 15 4 0
5395 31 16 4 0
5396 31 17 4 1516
5397 31 18 4 0
5398 31 19 4 0
5399 31 20 4 1474
5400 31 21 4 0
5401 31 22 4 50
5402 31 23 4 0
5403 31 24 4 0
5404 31 25 4 0
5405 31 26 4 61
5406 31 27 4 61
5407 31 28 4 0
5408 31 29 4 0
5409 31 30 4 0
5410 31 31 4 0
5411 31 32 4 1306
5412 32 0 4 0
5413 32 1 4 0
5414 32 2 4 0
5415 32 3 4 0
5416 32 4 4 0
5417 32 5 4 0
5418 32 6 4 0
5419 32 7 4 0
5420 32 8 4 0
5421 32 9 4 0
5422 32 10 4 0
5423 32 11 4 0
5424 32 12 4 0
5425 32 13 4 0
5426 32 14 4 0
5427 32 15 4 0
5428 32 16 4 0
5429 32 17 4 1516
5430 32 18 4 0
5431 32 19 4 1474
5432 32 20 4 0
5433 32 21 4 50
5434 32 22 4 0
5435 32 23 4 0
5436 32 24 4 0
5437 32 25 4 61
5438 32 26 4 61
5439 32 27 4 61
5440 32 28 4 0
5441 32 29 4 0
5442 32 30 4 0
5443 32 31 4 0
5444 32 32 4 0
5445 0 0 5 0
5446 0 1 5 0
5447 0 2 5 0
5448 0 3 5 0
5449 0 4 5 0
5450 0 5 5 0
5451 0 6 5 0
5452 0 7 5 0
5453 0 8 5 0
5454 0 9 5 0
5455 0 10 5 0
5456 0 11 5 0
5457 0 12 5 0
5458 0 13 5 0
5459 0 14 5 0
5460 0 15 5 0
5461 0 16 5 0
5462 0 17 5 0
5463 0 18 5 0
5464 0 19 5 0
5465 0 20 5 0
5466 0 21 5 0
5467 0 22 5 0
5468 0 23 5 0
5469 0 24 5 0
5470 0 25 5 61
5471 0 26 5 61
5472 0 27 5 61
5473 0 28 5 0
5474 0 29 5 0
5475 0 30 5 0
5476 0 31 5 70
5477 0 32 5 70
5478 1 0 5 0
5479 1 1 5 0
5480 1 2 5 0
5481 1 3 5 0
5482 1 4 5 0
5483 1 5 5 0
5484 1 6 5 0
5485 1 7 5 0
5486 1 8 5 0
5487 1 9 5 0
5488 1 10 5 0
5489 1 11 5 0
5490 1 12 5 0
5491 1 13 5 0
5492 1 14 5 0
5493 1 15 5 0
5494 1 16 5 0
5495 1 17 5 0
5496 1 18 5 0
5497 1 19 5 0
5498 1 20 5 0
5499 1 21 5 0
5500 1 22 5 0
5501 1 23 5 0
5502 1 24 5 0
5503 1 25 5 0
5504 1 26 5 0
5505 1 27 5 61
5506 1 28 5 61
5507 1 29 5 61
5508 1 30 5 0
5509 1 31 5 0
5510 1 32 5 0
5511 2 0 5 0
5512 2 1 5 0
5513 2 2 5 0
5514 2 3 5 0
5515 2 4 5 0
5516 2 5 5 0
5517 2 6 5 0
5518 2 7 5 141
5519 2 8 5 141
5520 2 9 5 0
5521 2 10 5 0
5522 2 11 5 0
5523 2 12 5 0
5524 2 13 5 0
5525 2 14 5 0
5526 2 15 5 0
5527 2 16 5 0
5528 2 17 5 0
5529 2 18 5 0
5530 2 19 5 0
5531 2 20 5 0
5532 2 21 5 0
5533 2 22 5 0
5534 2 23 5 0
5535 2 24 5 0
5536 2 25 5 0
5537 2 26 5 0
5538 2 27 5 0
5539 2 28 5 0
5540 2 29 5 61
5541 2 30 5 0
5542 2 31 5 0
5543 2 32 5 0
5544 3 0 5 175
5545 3 1 5 0
5546 3 2 5 179
5547 3 3 5 0
5548 3 4 5 0
5549 3 5 5 0
5550 3 6 5 0
5551 3 7 5 0
5552 3 8 5 141
5553 3 9 5 0
5554 3 10 5 0
5555 3 11 5 0
5556 3 12 5 0
5557 3 13 5 0
5558 3 14 5 0
5559 3 15 5 0
5560 3 16 5 0
5561 3 17 5 0
5562 3 18 5 194
5563 3 19 5 0
5564 3 20 5 0
5565 3 21 5 0
5566 3 22 5 0
5567 3 23 5 167
5568 3 24 5 167
5569 3 25 5 0
5570 3 26 5 0
5571 3 27 5 0
5572 3 28 5 0
5573 3 29 5 61
5574 3 30 5 0
5575 3 31 5 0
5576 3 32 5 0
5577 4 0 5 0
5578 4 1 5 0
5579 4 2 5 0
5580 4 3 5 0
5581 4 4 5 223
5582 4 5 5 0
5583 4 6 5 0
5584 4 7 5 0
5585 4 8 5 0
5586 4 9 5 0
5587 4 10 5 0
5588 4 11 5 0
5589 4 12 5 0
5590 4 13 5 0
5591 4 14 5 0
5592 4 15 5 0
5593 4 16 5 0
5594 4 17 5 0
5595 4 18 5 0
5596 4 19 5 0
5597 4 20 5 0
5598 4 21 5 0
5599 4 22 5 0
5600 4 23 5 167
5601 4 24 5 0
5602 4 25 5 0
5603 4 26 5 0
5604 4 27 5 0
5605 4 28 5 61
5606 4 29 5 61
5607 4 30 5 61
5608 4 31 5 0
5609 4 32 5 0
5610 5 0 5 0
5611 5 1 5 0
5612 5 2 5 0
5613 5 3 5 0
5614 5 4 5 271
5615 5 5 5 0
5616 5 6 5 0
5617 5 7 5 0
5618 5 8 5 0
5619 5 9 5 0
5620 5 10 5 0
5621 5 11 5 0
5622 5 12 5 0
5623 5 13 5 0
5624 5 14 5 0
5625 5 15 5 0
5626 5 16 5 0
5627 5 17 5 0
5628 5 18 5 0
5629 5 19 5 0
5630 5 20 5 0
5631 5 21 5 0
5632 5 22 5 0
5633 5 23 5 0
5634 5 24 5 0
5635 5 25 5 0
5636 5 26 5 0
5637 5 27 5 0
5638 5 28 5 0
5639 5 29 5 0
5640 5 30 5 0
5641 5 31 5 0
5642 5 32 5 0
5643 6 0 5 263
5644 6 1 5 0
5645 6 2 5 311
5646 6 3 5 311
5647 6 4 5 0
5648 6 5 5 0
5649 6 6 5 0
5650 6 7 5 0
5651 6 8 5 318
5652 6 9 5 0
5653 6 10 5 0
5654 6 11 5 0
5655 6 12 5 0
5656 6 13 5 326
5657 6 14 5 0
5658 6 15 5 0
5659 6 16 5 0
5660 6 17 5 0
5661 6 18 5 248
5662 6 19 5 0
5663 6 20 5 0
5664 6 21 5 0
5665 6 22 5 0
5666 6 23 5 0
5667 6 24 5 0
5668 6 25 5 0
5669 6 26 5 0
5670 6 27 5 0
5671 6 28 5 344
5672 6 29 5 0
5673 6 30 5 0
5674 6 31 5 0
5675 6 32 5 263
5676 7 0 5 263
5677 7 1 5 0
5678 7 2 5 0
5679 7 3 5 311
5680 7 4 5 0
5681 7 5 5 0
5682 7 6 5 0
5683 7 7 5 318
5684 7 8 5 318
5685 7 9 5 0
5686 7 10 5 0
5687 7 11 5 0
5688 7 12 5 0
5689 7 13 5 326
5690 7 14 5 0
5691 7 15 5 0
5692 7 16 5 0
5693 7 17 5 0
5694 7 18 5 248
5695 7 19 5 248
5696 7 20 5 248
5697 7 21 5 0
5698 7 22 5 0
5699 7 23 5 377
5700 7 24 5 380
5701 7 25 5 0
5702 7 26 5 0
5703 7 27 5 0
5704 7 28 5 0
5705 7 29 5 0
5706 7 30 5 0
5707 7 31 5 0
5708 7 32 5 263
5709 8 0 5 0
5710 8 1 5 0
5711 8 2 5 0
5712 8 3 5 0
5713 8 4 5 392
5714 8 5 5 0
5715 8 6 5 0
5716 8 7 5 0
5717 8 8 5 0
5718 8 9 5 0
5719 8 10 5 0
5720 8 11 5 322
5721 8 12 5 0
5722 8 13 5 0
5723 8 14 5 0
5724 8 15 5 0
5725 8 16 5 0
5726 8 17 5 0
5727 8 18 5 0
5728 8 19 5 248
5729 8 20 5 248
5730 8 21 5 0
5731 8 22 5 0
5732 8 23 5 380
5733 8 24 5 380
5734 8 25 5 0
5735 8 26 5 0
5736 8 27 5 0
5737 8 28 5 427
5738 8 29 5 0
5739 8 30 5 0
5740 8 31 5 436
5741 8 32 5 0
5742 9 0 5 0
5743 9 1 5 0
5744 9 2 5 0
5745 9 3 5 0
5746 9 4 5 0
5747 9 5 5 0
5748 9 6 5 0
5749 9 7 5 0
5750 9 8 5 0
5751 9 9 5 0
5752 9 10 5 0
5753 9 11 5 0
5754 9 12 5 0
5755 9 13 5 0
5756 9 14 5 0
5757 9 15 5 0
5758 9 16 5 0
5759 9 17 5 0
5760 9 18 5 460
5761 9 19 5 0
5762 9 20 5 0
5763 9 21 5 0
5764 9 22 5 380
5765 9 23 5 380
5766 9 24 5 380
5767 9 25 5 380
5768 9 26 5 0
5769 9 27 5 473
5770 9 28 5 0
5771 9 29 5 0
5772 9 30 5 0
5773 9 31 5 0
5774 9 32 5 0
5775 10 0 5 482
5776 10 1 5 0
5777 10 2 5 0
5778 10 3 5 0
5779 10 4 5 0
5780 10 5 5 0
5781 10 6 5 0
5782 10 7 5 0
5783 10 8 5 0
5784 10 9 5 0
5785 10 10 5 0
5786 10 11 5 0
5787 10 12 5 0
5788 10 13 5 0
5789 10 14 5 0
5790 10 15 5 454
5791 10 16 5 454
5792 10 17 5 0
5793 10 18 5 0
5794 10 19 5 0
5795 10 20 5 0
5796 10 21 5 0
5797 10 22 5 0
5798 10 23 5 380
5799 10 24 5 380
5800 10 25 5 0
5801 10 26 5 0
5802 10 27 5 0
5803 10 28 5 523
5804 10 29 5 0
5805 10 30 5 0
5806 10 31 5 528
5807 10 32 5 0
5808 11 0 5 0
5809 11 1 5 0
5810 11 2 5 0
5811 11 3 5 0
5812 11 4 5 0
5813 11 5 5 0
5814 11 6 5 0
5815 11 7 5 0
5816 11 8 5 0
5817 11 9 5 0
5818 11 10 5 551
5819 11 11 5 0
5820 11 12 5 0
5821 11 13 5 555
5822 11 14 5 555
5823 11 15 5 0
5824 11 16 5 0
5825 11 17 5 0
5826 11 18 5 0
5827 11 19 5 0
5828 11 20 5 0
5829 11 21 5 0
5830 11 22 5 0
5831 11 23 5 380
5832 11 24 5 380
5833 11 25 5 380
5834 11 26 5 0
5835 11 27 5 0
5836 11 28 5 0
5837 11 29 5 0
5838 11 30 5 578
5839 11 31 5 580
5840 11 32 5 0
5841 12 0 5 0
5842 12 1 5 0
5843 12 2 5 0
5844 12 3 5 0
5845 12 4 5 0
5846 12 5 5 0
5847 12 6 5 0
5848 12 7 5 0
5849 12 8 5 0
5850 12 9 5 0
5851 12 10 5 0
5852 12 11 5 0
5853 12 12 5 0
5854 12 13 5 555
5855 12 14 5 555
5856 12 15 5 0
5857 12 16 5 0
5858 12 17 5 0
5859 12 18 5 0
5860 12 19 5 0
5861 12 20 5 0
5862 12 21 5 0
5863 12 22 5 0
5864 12 23 5 0
5865 12 24 5 380
5866 12 25 5 380
5867 12 26 5 380
5868 12 27 5 380
5869 12 28 5 0
5870 12 29 5 0
5871 12 30 5 0
5872 12 31 5 0
5873 12 32 5 0
5874 13 0 5 0
5875 13 1 5 0
5876 13 2 5 0
5877 13 3 5 0
5878 13 4 5 0
5879 13 5 5 637
5880 13 6 5 637
5881 13 7 5 0
5882 13 8 5 0
5883 13 9 5 0
5884 13 10 5 0
5885 13 11 5 0
5886 13 12 5 0
5887 13 13 5 0
5888 13 14 5 555
5889 13 15 5 555
5890 13 16 5 0
5891 13 17 5 0
5892 13 18 5 0
5893 13 19 5 0
5894 13 20 5 0
5895 13 21 5 0
5896 13 22 5 0
5897 13 23 5 0
5898 13 24 5 380
5899 13 25 5 380
5900 13 26 5 0
5901 13 27 5 0
5902 13 28 5 0
5903 13 29 5 0
5904 13 30 5 0
5905 13 31 5 0
5906 13 32 5 0
5907 14 0 5 0
5908 14 1 5 0
5909 14 2 5 667
5910 14 3 5 0
5911 14 4 5 0
5912 14 5 5 0
5913 14 6 5 0
5914 14 7 5 0
5915 14 8 5 0
5916 14 9 5 679
5917 14 10 5 679
5918 14 11 5 679
5919 14 12 5 0
5920 14 13 5 0
5921 14 14 5 0
5922 14 15 5 555
5923 14 16 5 0
5924 14 17 5 0
5925 14 18 5 0
5926 14 19 5 0
5927 14 20 5 0
5928 14 21 5 0
5929 14 22 5 703
5930 14 23 5 0
5931 14 24 5 0
5932 14 25 5 0
5933 14 26 5 0
5934 14 27 5 0
5935 14 28 5 0
5936 14 29 5 0
5937 14 30 5 0
5938 14 31 5 716
5939 14 32 5 0
5940 15 0 5 0
5941 15 1 5 0
5942 15 2 5 0
5943 15 3 5 723
5944 15 4 5 0
5945 15 5 5 0
5946 15 6 5 0
5947 15 7 5 0
5948 15 8 5 0
5949 15 9 5 0
5950 15 10 5 679
5951 15 11 5 679
5952 15 12 5 0
5953 15 13 5 0
5954 15 14 5 0
5955 15 15 5 0
5956 15 16 5 0
5957 15 17 5 0
5958 15 18 5 0
5959 15 19 5 0
5960 15 20 5 0
5961 15 21 5 0
5962 15 22 5 703
5963 15 23 5 0
5964 15 24 5 0
5965 15 25 5 0
5966 15 26 5 0
5967 15 27 5 0
5968 15 28 5 0
5969 15 29 5 0
5970 15 30 5 0
5971 15 31 5 0
5972 15 32 5 0
5973 16 0 5 0
5974 16 1 5 0
5975 16 2 5 723
5976 16 3 5 723
5977 16 4 5 723
5978 16 5 5 0
5979 16 6 5 0
5980 16 7 5 0
5981 16 8 5 0
5982 16 9 5 0
5983 16 10 5 0
5984 16 11 5 0
5985 16 12 5 0
5986 16 13 5 0
5987 16 14 5 0
5988 16 15 5 0
5989 16 16 5 0
5990 16 17 5 0
5991 16 18 5 0
5992 16 19 5 0
5993 16 20 5 0
5994 16 21 5 0
5995 16 22 5 0
5996 16 23 5 0
5997 16 24 5 0
5998 16 25 5 0
5999 16 26 5 765
6000 16 27 5 0
6001 16 28 5 0
6002 16 29 5 0
6003 16 30 5 822
6004 16 31 5 0
6005 16 32 5 0
6006 17 0 5 0
6007 17 1 5 0
6008 17 2 5 0
6009 17 3 5 723
6010 17 4 5 723
6011 17 5 5 723
6012 17 6 5 723
6013 17 7 5 0
6014 17 8 5 0
6015 17 9 5 0
6016 17 10 5 0
6017 17 11 5 0
6018 17 12 5 0
6019 17 13 5 0
6020 17 14 5 0
6021 17 15 5 0
6022 17 16 5 0
6023 17 17 5 0
6024 17 18 5 0
6025 17 19 5 850
6026 17 20 5 0
6027 17 21 5 0
6028 17 22 5 862
6029 17 23 5 0
6030 17 24 5 0
6031 17 25 5 0
6032 17 26 5 765
6033 17 27 5 0
6034 17 28 5 0
6035 17 29 5 822
6036 17 30 5 822
6037 17 31 5 0
6038 17 32 5 0
6039 18 0 5 0
6040 18 1 5 0
6041 18 2 5 0
6042 18 3 5 0
6043 18 4 5 723
6044 18 5 5 723
6045 18 6 5 723
6046 18 7 5 0
6047 18 8 5 0
6048 18 9 5 0
6049 18 10 5 0
6050 18 11 5 0
6051 18 12 5 0
6052 18 13 5 0
6053 18 14 5 0
6054 18 15 5 0
6055 18 16 5 0
6056 18 17 5 0
6057 18 18 5 0
6058 18 19 5 0
6059 18 20 5 0
6060 18 21 5 0
6061 18 22 5 0
6062 18 23 5 0
6063 18 24 5 765
6064 18 25 5 0
6065 18 26 5 0
6066 18 27 5 0
6067 18 28 5 0
6068 18 29 5 0
6069 18 30 5 822
6070 18 31 5 822
6071 18 32 5 0
6072 19 0 5 913
6073 19 1 5 0
6074 19 2 5 0
6075 19 3 5 0
6076 19 4 5 0
6077 19 5 5 0
6078 19 6 5 0
6079 19 7 5 0
6080 19 8 5 0
6081 19 9 5 0
6082 19 10 5 0
6083 19 11 5 0
6084 19 12 5 930
6085 19 13 5 930
6086 19 14 5 930
6087 19 15 5 0
6088 19 16 5 0
6089 19 17 5 0
6090 19 18 5 0
6091 19 19 5 0
6092 19 20 5 896
6093 19 21 5 896
6094 19 22 5 896
6095 19 23 5 0
6096 19 24 5 0
6097 19 25 5 0
6098 19 26 5 0
6099 19 27 5 0
6100 19 28 5 0
6101 19 29 5 0
6102 19 30 5 960
6103 19 31 5 822
6104 19 32 5 0
6105 20 0 5 0
6106 20 1 5 0
6107 20 2 5 969
6108 20 3 5 0
6109 20 4 5 0
6110 20 5 5 0
6111 20 6 5 977
6112 20 7 5 0
6113 20 8 5 0
6114 20 9 5 0
6115 20 10 5 0
6116 20 11 5 0
6117 20 12 5 0
6118 20 13 5 0
6119 20 14 5 0
6120 20 15 5 0
6121 20 16 5 0
6122 20 17 5 0
6123 20 18 5 996
6124 20 19 5 0
6125 20 20 5 896
6126 20 21 5 896
6127 20 22 5 0
6128 20 23 5 0
6129 20 24 5 0
6130 20 25 5 950
6131 20 26 5 1004
6132 20 27 5 0
6133 20 28 5 0
6134 20 29 5 0
6135 20 30 5 0
6136 20 31 5 0
6137 20 32 5 0
6138 21 0 5 0
6139 21 1 5 0
6140 21 2 5 0
6141 21 3 5 0
6142 21 4 5 0
6143 21 5 5 0
6144 21 6 5 0
6145 21 7 5 0
6146 21 8 5 0
6147 21 9 5 0
6148 21 10 5 0
6149 21 11 5 0
6150 21 12 5 1027
6151 21 13 5 1028
6152 21 14 5 0
6153 21 15 5 0
6154 21 16 5 0
6155 21 17 5 0
6156 21 18 5 0
6157 21 19 5 0
6158 21 20 5 896
6159 21 21 5 0
6160 21 22 5 0
6161 21 23 5 950
6162 21 24 5 950
6163 21 25 5 950
6164 21 26 5 0
6165 21 27 5 0
6166 21 28 5 0
6167 21 29 5 0
6168 21 30 5 1060
6169 21 31 5 0
6170 21 32 5 0
6171 22 0 5 0
6172 22 1 5 0
6173 22 2 5 0
6174 22 3 5 1016
6175 22 4 5 1016
6176 22 5 5 0
6177 22 6 5 0
6178 22 7 5 0
6179 22 8 5 0
6180 22 9 5 0
6181 22 10 5 0
6182 22 11 5 0
6183 22 12 5 0
6184 22 13 5 0
6185 22 14 5 0
6186 22 15 5 0
6187 22 16 5 0
6188 22 17 5 0
6189 22 18 5 0
6190 22 19 5 0
6191 22 20 5 0
6192 22 21 5 0
6193 22 22 5 950
6194 22 23 5 950
6195 22 24 5 0
6196 22 25 5 0
6197 22 26 5 0
6198 22 27 5 0
6199 22 28 5 0
6200 22 29 5 0
6201 22 30 5 0
6202 22 31 5 0
6203 22 32 5 1061
6204 23 0 5 1061
6205 23 1 5 0
6206 23 2 5 1016
6207 23 3 5 1016
6208 23 4 5 1016
6209 23 5 5 1016
6210 23 6 5 1016
6211 23 7 5 0
6212 23 8 5 0
6213 23 9 5 0
6214 23 10 5 0
6215 23 11 5 0
6216 23 12 5 0
6217 23 13 5 0
6218 23 14 5 0
6219 23 15 5 0
6220 23 16 5 0
6221 23 17 5 0
6222 23 18 5 0
6223 23 19 5 0
6224 23 20 5 0
6225 23 21 5 0
6226 23 22 5 0
6227 23 23 5 0
6228 23 24 5 0
6229 23 25 5 0
6230 23 26 5 1132
6231 23 27 5 1132
6232 23 28 5 1132
6233 23 29 5 0
6234 23 30 5 0
6235 23 31 5 0
6236 23 32 5 1061
6237 24 0 5 0
6238 24 1 5 0
6239 24 2 5 1016
6240 24 3 5 1016
6241 24 4 5 1016
6242 24 5 5 1016
6243 24 6 5 0
6244 24 7 5 0
6245 24 8 5 0
6246 24 9 5 0
6247 24 10 5 0
6248 24 11 5 0
6249 24 12 5 0
6250 24 13 5 0
6251 24 14 5 0
6252 24 15 5 0
6253 24 16 5 1124
6254 24 17 5 1124
6255 24 18 5 0
6256 24 19 5 0
6257 24 20 5 0
6258 24 21 5 0
6259 24 22 5 0
6260 24 23 5 0
6261 24 24 5 0
6262 24 25 5 0
6263 24 26 5 0
6264 24 27 5 0
6265 24 28 5 0
6266 24 29 5 0
6267 24 30 5 0
6268 24 31 5 0
6269 24 32 5 0
6270 25 0 5 0
6271 25 1 5 0
6272 25 2 5 0
6273 25 3 5 1016
6274 25 4 5 0
6275 25 5 5 0
6276 25 6 5 0
6277 25 7 5 0
6278 25 8 5 0
6279 25 9 5 0
6280 25 10 5 0
6281 25 11 5 0
6282 25 12 5 1162
6283 25 13 5 0
6284 25 14 5 1229
6285 25 15 5 0
6286 25 16 5 0
6287 25 17 5 0
6288 25 18 5 0
6289 25 19 5 0
6290 25 20 5 0
6291 25 21 5 0
6292 25 22 5 0
6293 25 23 5 0
6294 25 24 5 0
6295 25 25 5 0
6296 25 26 5 0
6297 25 27 5 0
6298 25 28 5 0
6299 25 29 5 0
6300 25 30 5 0
6301 25 31 5 0
6302 25 32 5 0
6303 26 0 5 0
6304 26 1 5 0
6305 26 2 5 0
6306 26 3 5 0
6307 26 4 5 0
6308 26 5 5 0
6309 26 6 5 0
6310 26 7 5 0
6311 26 8 5 0
6312 26 9 5 0
6313 26 10 5 0
6314 26 11 5 1162
6315 26 12 5 1162
6316 26 13 5 1162
6317 26 14 5 0
6318 26 15 5 0
6319 26 16 5 0
6320 26 17 5 0
6321 26 18 5 1124
6322 26 19 5 0
6323 26 20 5 0
6324 26 21 5 0
6325 26 22 5 0
6326 26 23 5 1292
6327 26 24 5 1292
6328 26 25 5 1292
6329 26 26 5 1292
6330 26 27 5 0
6331 26 28 5 0
6332 26 29 5 0
6333 26 30 5 0
6334 26 31 5 0
6335 26 32 5 0
6336 27 0 5 0
6337 27 1 5 0
6338 27 2 5 0
6339 27 3 5 0
6340 27 4 5 0
6341 27 5 5 0
6342 27 6 5 0
6343 27 7 5 0
6344 27 8 5 0
6345 27 9 5 0
6346 27 10 5 0
6347 27 11 5 1162
6348 27 12 5 0
6349 27 13 5 0
6350 27 14 5 0
6351 27 15 5 0
6352 27 16 5 0
6353 27 17 5 0
6354 27 18 5 0
6355 27 19 5 0
6356 27 20 5 0
6357 27 21 5 0
6358 27 22 5 0
6359 27 23 5 1292
6360 27 24 5 1292
6361 27 25 5 1292
6362 27 26 5 1292
6363 27 27 5 1292
6364 27 28 5 0
6365 27 29 5 0
6366 27 30 5 1356
6367 27 31 5 0
6368 27 32 5 0
6369 28 0 5 0
6370 28 1 5 0
6371 28 2 5 1315
6372 28 3 5 1315
6373 28 4 5 1315
6374 28 5 5 0
6375 28 6 5 0
6376 28 7 5 1370
6377 28 8 5 0
6378 28 9 5 0
6379 28 10 5 0
6380 28 11 5 0
6381 28 12 5 0
6382 28 13 5 0
6383 28 14 5 0
6384 28 15 5 0
6385 28 16 5 0
6386 28 17 5 0
6387 28 18 5 0
6388 28 19 5 0
6389 28 20 5 0
6390 28 21 5 0
6391 28 22 5 1292
6392 28 23 5 1292
6393 28 24 5 1292
6394 28 25 5 1292
6395 28 26 5 1292
6396 28 27 5 1292
6397 28 28 5 0
6398 28 29 5 1356
6399 28 30 5 1356
6400 28 31 5 0
6401 28 32 5 0
6402 29 0 5 0
6403 29 1 5 1404
6404 29 2 5 0
6405 29 3 5 1315
6406 29 4 5 1315
6407 29 5 5 0
6408 29 6 5 1408
6409 29 7 5 0
6410 29 8 5 0
6411 29 9 5 0
6412 29 10 5 0
6413 29 11 5 1423
6414 29 12 5 1423
6415 29 13 5 1423
6416 29 14 5 0
6417 29 15 5 0
6418 29 16 5 0
6419 29 17 5 0
6420 29 18 5 0
6421 29 19 5 0
6422 29 20 5 0
6423 29 21 5 0
6424 29 22 5 0
6425 29 23 5 0
6426 29 24 5 1292
6427 29 25 5 1292
6428 29 26 5 1292
6429 29 27 5 1292
6430 29 28 5 0
6431 29 29 5 1356
6432 29 30 5 1449
6433 29 31 5 0
6434 29 32 5 0
6435 30 0 5 0
6436 30 1 5 0
6437 30 2 5 0
6438 30 3 5 0
6439 30 4 5 0
6440 30 5 5 0
6441 30 6 5 0
6442 30 7 5 0
6443 30 8 5 0
6444 30 9 5 0
6445 30 10 5 0
6446 30 11 5 0
6447 30 12 5 0
6448 30 13 5 0
6449 30 14 5 0
6450 30 15 5 0
6451 30 16 5 0
6452 30 17 5 0
6453 30 18 5 0
6454 30 19 5 1474
6455 30 20 5 0
6456 30 21 5 0
6457 30 22 5 0
6458 30 23 5 0
6459 30 24 5 0
6460 30 25 5 1292
6461 30 26 5 0
6462 30 27 5 0
6463 30 28 5 0
6464 30 29 5 0
6465 30 30 5 0
6466 30 31 5 0
6467 30 32 5 0
6468 31 0 5 0
6469 31 1 5 0
6470 31 2 5 0
6471 31 3 5 0
6472 31 4 5 0
6473 31 5 5 0
6474 31 6 5 16
6475 31 7 5 16
6476 31 8 5 0
6477 31 9 5 0
6478 31 10 5 0
6479 31 11 5 0
6480 31 12 5 0
6481 31 13 5 0
6482 31 14 5 0
6483 31 15 5 0
6484 31 16 5 0
6485 31 17 5 0
6486 31 18 5 0
6487 31 19 5 1474
6488 31 20 5 1474
6489 31 21 5 0
6490 31 22 5 0
6491 31 23 5 0
6492 31 24 5 0
6493 31 25 5 0
6494 31 26 5 0
6495 31 27 5 0
6496 31 28 5 1531
6497 31 29 5 1531
6498 31 30 5 0
6499 31 31 5 70
6500 31 32 5 70
6501 32 0 5 0
6502 32 1 5 0
6503 32 2 5 0
6504 32 3 5 0
6505 32 4 5 0
6506 32 5 5 0
6507 32 6 5 16
6508 32 7 5 16
6509 32 8 5 0
6510 32 9 5 0
6511 32 10 5 0
6512 32 11 5 0
6513 32 12 5 0
6514 32 13 5 0
6515 32 14 5 0
6516 32 15 5 0
6517 32 16 5 1550
6518 32 17 5 0
6519 32 18 5 0
6520 32 19 5 1474
6521 32 20 5 0
6522 32 21 5 0
6523 32 22 5 0
6524 32 23 5 0
6525 32 24 5 0
6526 32 25 5 0
6527 32 26 5 61
6528 32 27 5 61
6529 32 28 5 0
6530 32 29 5 0
6531 32 30 5 0
6532 32 31 5 70
6533 32 32 5 70
6534 0 0 6 0
6535 0 1 6 0
6536 0 2 6 0
6537 0 3 6 0
6538 0 4 6 0
6539 0 5 6 0
6540 0 6 6 0
6541 0 7 6 0
6542 0 8 6 0
6543 0 9 6 0
6544 0 10 6 0
6545 0 11 6 0
6546 0 12 6 0
6547 0 13 6 31
6548 0 14 6 0
6549 0 15 6 0
6550 0 16 6 0
6551 0 17 6 0
6552 0 18 6 44
6553 0 19 6 0
6554 0 20 6 0
6555 0 21 6 0
6556 0 22 6 0
6557 0 23 6 0
6558 0 24 6 0
6559 0 25 6 61
6560 0 26 6 61
6561 0 27 6 61
6562 0 28 6 0
6563 0 29 6 0
6564 0 30 6 0
6565 0 31 6 0
6566 0 32 6 0
6567 1 0 6 0
6568 1 1 6 0
6569 1 2 6 0
6570 1 3 6 0
6571 1 4 6 0
6572 1 5 6 0
6573 1 6 6 0
6574 1 7 6 0
6575 1 8 6 90
6576 1 9 6 92
6577 1 10 6 0
6578 1 11 6 0
6579 1 12 6 0
6580 1 13 6 0
6581 1 14 6 0
6582 1 15 6 0
6583 1 16 6 0
6584 1 17 6 0
6585 1 18 6 0
6586 1 19 6 0
6587 1 20 6 49
6588 1 21 6 0
6589 1 22 6 0
6590 1 23 6 0
6591 1 24 6 0
6592 1 25 6 0
6593 1 26 6 0
6594 1 27 6 0
6595 1 28 6 61
6596 1 29 6 61
6597 1 30 6 0
6598 1 31 6 0
6599 1 32 6 0
6600 2 0 6 0
6601 2 1 6 0
6602 2 2 6 0
6603 2 3 6 0
6604 2 4 6 0
6605 2 5 6 0
6606 2 6 6 0
6607 2 7 6 0
6608 2 8 6 141
6609 2 9 6 0
6610 2 10 6 0
6611 2 11 6 0
6612 2 12 6 0
6613 2 13 6 0
6614 2 14 6 0
6615 2 15 6 0
6616 2 16 6 0
6617 2 17 6 0
6618 2 18 6 0
6619 2 19 6 0
6620 2 20 6 0
6621 2 21 6 0
6622 2 22 6 0
6623 2 23 6 0
6624 2 24 6 0
6625 2 25 6 0
6626 2 26 6 0
6627 2 27 6 0
6628 2 28 6 0
6629 2 29 6 0
6630 2 30 6 0
6631 2 31 6 0
6632 2 32 6 0
6633 3 0 6 0
6634 3 1 6 0
6635 3 2 6 0
6636 3 3 6 0
6637 3 4 6 0
6638 3 5 6 0
6639 3 6 6 0
6640 3 7 6 0
6641 3 8 6 141
6642 3 9 6 0
6643 3 10 6 0
6644 3 11 6 0
6645 3 12 6 0
6646 3 13 6 0
6647 3 14 6 0
6648 3 15 6 190
6649 3 16 6 191
6650 3 17 6 0
6651 3 18 6 0
6652 3 19 6 0
6653 3 20 6 0
6654 3 21 6 0
6655 3 22 6 167
6656 3 23 6 167
6657 3 24 6 167
6658 3 25 6 0
6659 3 26 6 0
6660 3 27 6 0
6661 3 28 6 0
6662 3 29 6 61
6663 3 30 6 61
6664 3 31 6 0
6665 3 32 6 0
6666 4 0 6 0
6667 4 1 6 0
6668 4 2 6 0
6669 4 3 6 0
6670 4 4 6 0
6671 4 5 6 0
6672 4 6 6 0
6673 4 7 6 0
6674 4 8 6 0
6675 4 9 6 0
6676 4 10 6 0
6677 4 11 6 0
6678 4 12 6 0
6679 4 13 6 0
6680 4 14 6 0
6681 4 15 6 0
6682 4 16 6 191
6683 4 17 6 0
6684 4 18 6 0
6685 4 19 6 0
6686 4 20 6 0
6687 4 21 6 0
6688 4 22 6 167
6689 4 23 6 167
6690 4 24 6 167
6691 4 25 6 0
6692 4 26 6 0
6693 4 27 6 0
6694 4 28 6 0
6695 4 29 6 61
6696 4 30 6 61
6697 4 31 6 0
6698 4 32 6 0
6699 5 0 6 0
6700 5 1 6 263
6701 5 2 6 0
6702 5 3 6 0
6703 5 4 6 0
6704 5 5 6 0
6705 5 6 6 0
6706 5 7 6 0
6707 5 8 6 277
6708 5 9 6 0
6709 5 10 6 282
6710 5 11 6 0
6711 5 12 6 0
6712 5 13 6 0
6713 5 14 6 0
6714 5 15 6 0
6715 5 16 6 0
6716 5 17 6 0
6717 5 18 6 0
6718 5 19 6 0
6719 5 20 6 0
6720 5 21 6 0
6721 5 22 6 0
6722 5 23 6 167
6723 5 24 6 0
6724 5 25 6 0
6725 5 26 6 0
6726 5 27 6 0
6727 5 28 6 302
6728 5 29 6 0
6729 5 30 6 0
6730 5 31 6 0
6731 5 32 6 263
6732 6 0 6 263
6733 6 1 6 0
6734 6 2 6 0
6735 6 3 6 311
6736 6 4 6 311
6737 6 5 6 0
6738 6 6 6 0
6739 6 7 6 0
6740 6 8 6 318
6741 6 9 6 0
6742 6 10 6 0
6743 6 11 6 0
6744 6 12 6 0
6745 6 13 6 327
6746 6 14 6 0
6747 6 15 6 0
6748 6 16 6 0
6749 6 17 6 0
6750 6 18 6 0
6751 6 19 6 0
6752 6 20 6 0
6753 6 21 6 0
6754 6 22 6 0
6755 6 23 6 0
6756 6 24 6 0
6757 6 25 6 0
6758 6 26 6 0
6759 6 27 6 0
6760 6 28 6 0
6761 6 29 6 0
6762 6 30 6 0
6763 6 31 6 0
6764 6 32 6 263
6765 7 0 6 0
6766 7 1 6 0
6767 7 2 6 0
6768 7 3 6 311
6769 7 4 6 0
6770 7 5 6 0
6771 7 6 6 0
6772 7 7 6 0
6773 7 8 6 318
6774 7 9 6 0
6775 7 10 6 0
6776 7 11 6 0
6777 7 12 6 0
6778 7 13 6 366
6779 7 14 6 0
6780 7 15 6 0
6781 7 16 6 369
6782 7 17 6 0
6783 7 18 6 0
6784 7 19 6 0
6785 7 20 6 0
6786 7 21 6 0
6787 7 22 6 376
6788 7 23 6 0
6789 7 24 6 0
6790 7 25 6 0
6791 7 26 6 337
6792 7 27 6 337
6793 7 28 6 0
6794 7 29 6 0
6795 7 30 6 0
6796 7 31 6 0
6797 7 32 6 0
6798 8 0 6 0
6799 8 1 6 0
6800 8 2 6 0
6801 8 3 6 0
6802 8 4 6 0
6803 8 5 6 0
6804 8 6 6 318
6805 8 7 6 318
6806 8 8 6 318
6807 8 9 6 0
6808 8 10 6 0
6809 8 11 6 0
6810 8 12 6 0
6811 8 13 6 0
6812 8 14 6 0
6813 8 15 6 0
6814 8 16 6 0
6815 8 17 6 0
6816 8 18 6 0
6817 8 19 6 0
6818 8 20 6 0
6819 8 21 6 0
6820 8 22 6 0
6821 8 23 6 0
6822 8 24 6 380
6823 8 25 6 0
6824 8 26 6 337
6825 8 27 6 337
6826 8 28 6 0
6827 8 29 6 431
6828 8 30 6 0
6829 8 31 6 0
6830 8 32 6 0
6831 9 0 6 0
6832 9 1 6 0
6833 9 2 6 0
6834 9 3 6 0
6835 9 4 6 0
6836 9 5 6 0
6837 9 6 6 0
6838 9 7 6 0
6839 9 8 6 0
6840 9 9 6 0
6841 9 10 6 0
6842 9 11 6 0
6843 9 12 6 0
6844 9 13 6 0
6845 9 14 6 0
6846 9 15 6 454
6847 9 16 6 454
6848 9 17 6 454
6849 9 18 6 0
6850 9 19 6 0
6851 9 20 6 0
6852 9 21 6 0
6853 9 22 6 0
6854 9 23 6 0
6855 9 24 6 380
6856 9 25 6 0
6857 9 26 6 471
6858 9 27 6 0
6859 9 28 6 0
6860 9 29 6 0
6861 9 30 6 0
6862 9 31 6 0
6863 9 32 6 0
6864 10 0 6 482
6865 10 1 6 0
6866 10 2 6 0
6867 10 3 6 0
6868 10 4 6 0
6869 10 5 6 0
6870 10 6 6 0
6871 10 7 6 0
6872 10 8 6 0
6873 10 9 6 0
6874 10 10 6 0
6875 10 11 6 0
6876 10 12 6 0
6877 10 13 6 0
6878 10 14 6 454
6879 10 15 6 454
6880 10 16 6 454
6881 10 17 6 454
6882 10 18 6 454
6883 10 19 6 0
6884 10 20 6 0
6885 10 21 6 0
6886 10 22 6 0
6887 10 23 6 380
6888 10 24 6 380
6889 10 25 6 0
6890 10 26 6 0
6891 10 27 6 0
6892 10 28 6 0
6893 10 29 6 0
6894 10 30 6 0
6895 10 31 6 0
6896 10 32 6 482
6897 11 0 6 482
6898 11 1 6 0
6899 11 2 6 0
6900 11 3 6 541
6901 11 4 6 0
6902 11 5 6 0
6903 11 6 6 0
6904 11 7 6 0
6905 11 8 6 0
6906 11 9 6 0
6907 11 10 6 0
6908 11 11 6 0
6909 11 12 6 0
6910 11 13 6 0
6911 11 14 6 555
6912 11 15 6 0
6913 11 16 6 454
6914 11 17 6 454
6915 11 18 6 454
6916 11 19 6 0
6917 11 20 6 0
6918 11 21 6 0
6919 11 22 6 0
6920 11 23 6 380
6921 11 24 6 380
6922 11 25 6 380
6923 11 26 6 0
6924 11 27 6 0
6925 11 28 6 0
6926 11 29 6 0
6927 11 30 6 0
6928 11 31 6 0
6929 11 32 6 482
6930 12 0 6 0
6931 12 1 6 0
6932 12 2 6 0
6933 12 3 6 0
6934 12 4 6 0
6935 12 5 6 0
6936 12 6 6 0
6937 12 7 6 0
6938 12 8 6 0
6939 12 9 6 0
6940 12 10 6 0
6941 12 11 6 0
6942 12 12 6 0
6943 12 13 6 0
6944 12 14 6 0
6945 12 15 6 0
6946 12 16 6 0
6947 12 17 6 0
6948 12 18 6 0
6949 12 19 6 0
6950 12 20 6 0
6951 12 21 6 0
6952 12 22 6 0
6953 12 23 6 0
6954 12 24 6 380
6955 12 25 6 380
6956 12 26 6 380
6957 12 27 6 380
6958 12 28 6 0
6959 12 29 6 0
6960 12 30 6 0
6961 12 31 6 0
6962 12 32 6 0
6963 13 0 6 0
6964 13 1 6 0
6965 13 2 6 633
6966 13 3 6 633
6967 13 4 6 0
6968 13 5 6 0
6969 13 6 6 0
6970 13 7 6 0
6971 13 8 6 0
6972 13 9 6 0
6973 13 10 6 0
6974 13 11 6 0
6975 13 12 6 0
6976 13 13 6 0
6977 13 14 6 0
6978 13 15 6 0
6979 13 16 6 0
6980 13 17 6 0
6981 13 18 6 0
6982 13 19 6 0
6983 13 20 6 0
6984 13 21 6 0
6985 13 22 6 0
6986 13 23 6 0
6987 13 24 6 0
6988 13 25 6 380
6989 13 26 6 380
6990 13 27 6 0
6991 13 28 6 0
6992 13 29 6 0
6993 13 30 6 0
6994 13 31 6 0
6995 13 32 6 0
6996 14 0 6 0
6997 14 1 6 0
6998 14 2 6 633
6999 14 3 6 0
7000 14 4 6 0
7001 14 5 6 0
7002 14 6 6 0
7003 14 7 6 0
7004 14 8 6 0
7005 14 9 6 679
7006 14 10 6 0
7007 14 11 6 685
7008 14 12 6 0
7009 14 13 6 0
7010 14 14 6 0
7011 14 15 6 0
7012 14 16 6 0
7013 14 17 6 697
7014 14 18 6 699
7015 14 19 6 0
7016 14 20 6 0
7017 14 21 6 0
7018 14 22 6 703
7019 14 23 6 0
7020 14 24 6 0
7021 14 25 6 380
7022 14 26 6 0
7023 14 27 6 0
7024 14 28 6 0
7025 14 29 6 0
7026 14 30 6 0
7027 14 31 6 0
7028 14 32 6 0
7029 15 0 6 0
7030 15 1 6 0
7031 15 2 6 0
7032 15 3 6 0
7033 15 4 6 0
7034 15 5 6 0
7035 15 6 6 0
7036 15 7 6 730
7037 15 8 6 0
7038 15 9 6 0
7039 15 10 6 0
7040 15 11 6 0
7041 15 12 6 0
7042 15 13 6 0
7043 15 14 6 0
7044 15 15 6 0
7045 15 16 6 0
7046 15 17 6 0
7047 15 18 6 0
7048 15 19 6 0
7049 15 20 6 0
7050 15 21 6 703
7051 15 22 6 703
7052 15 23 6 0
7053 15 24 6 0
7054 15 25 6 0
7055 15 26 6 0
7056 15 27 6 0
7057 15 28 6 762
7058 15 29 6 0
7059 15 30 6 0
7060 15 31 6 0
7061 15 32 6 0
7062 16 0 6 0
7063 16 1 6 0
7064 16 2 6 723
7065 16 3 6 723
7066 16 4 6 723
7067 16 5 6 723
7068 16 6 6 0
7069 16 7 6 0
7070 16 8 6 0
7071 16 9 6 0
7072 16 10 6 0
7073 16 11 6 0
7074 16 12 6 0
7075 16 13 6 0
7076 16 14 6 0
7077 16 15 6 0
7078 16 16 6 0
7079 16 17 6 0
7080 16 18 6 0
7081 16 19 6 0
7082 16 20 6 0
7083 16 21 6 0
7084 16 22 6 0
7085 16 23 6 811
7086 16 24 6 0
7087 16 25 6 0
7088 16 26 6 0
7089 16 27 6 0
7090 16 28 6 822
7091 16 29 6 822
7092 16 30 6 822
7093 16 31 6 0
7094 16 32 6 827
7095 17 0 6 0
7096 17 1 6 0
7097 17 2 6 0
7098 17 3 6 723
7099 17 4 6 723
7100 17 5 6 723
7101 17 6 6 723
7102 17 7 6 0
7103 17 8 6 0
7104 17 9 6 0
7105 17 10 6 0
7106 17 11 6 0
7107 17 12 6 0
7108 17 13 6 0
7109 17 14 6 847
7110 17 15 6 0
7111 17 16 6 0
7112 17 17 6 0
7113 17 18 6 0
7114 17 19 6 0
7115 17 20 6 0
7116 17 21 6 0
7117 17 22 6 0
7118 17 23 6 811
7119 17 24 6 0
7120 17 25 6 0
7121 17 26 6 0
7122 17 27 6 0
7123 17 28 6 822
7124 17 29 6 822
7125 17 30 6 0
7126 17 31 6 0
7127 17 32 6 0
7128 18 0 6 0
7129 18 1 6 0
7130 18 2 6 0
7131 18 3 6 0
7132 18 4 6 0
7133 18 5 6 723
7134 18 6 6 723
7135 18 7 6 723
7136 18 8 6 0
7137 18 9 6 0
7138 18 10 6 0
7139 18 11 6 0
7140 18 12 6 0
7141 18 13 6 847
7142 18 14 6 847
7143 18 15 6 0
7144 18 16 6 0
7145 18 17 6 0
7146 18 18 6 0
7147 18 19 6 0
7148 18 20 6 0
7149 18 21 6 0
7150 18 22 6 0
7151 18 23 6 0
7152 18 24 6 0
7153 18 25 6 0
7154 18 26 6 0
7155 18 27 6 0
7156 18 28 6 0
7157 18 29 6 0
7158 18 30 6 0
7159 18 31 6 0
7160 18 32 6 0
7161 19 0 6 914
7162 19 1 6 0
7163 19 2 6 0
7164 19 3 6 0
7165 19 4 6 0
7166 19 5 6 0
7167 19 6 6 0
7168 19 7 6 0
7169 19 8 6 0
7170 19 9 6 0
7171 19 10 6 0
7172 19 11 6 0
7173 19 12 6 0
7174 19 13 6 0
7175 19 14 6 930
7176 19 15 6 0
7177 19 16 6 0
7178 19 17 6 0
7179 19 18 6 0
7180 19 19 6 0
7181 19 20 6 0
7182 19 21 6 896
7183 19 22 6 896
7184 19 23 6 0
7185 19 24 6 0
7186 19 25 6 0
7187 19 26 6 0
7188 19 27 6 0
7189 19 28 6 0
7190 19 29 6 0
7191 19 30 6 0
7192 19 31 6 0
7193 19 32 6 914
7194 20 0 6 0
7195 20 1 6 0
7196 20 2 6 0
7197 20 3 6 0
7198 20 4 6 0
7199 20 5 6 0
7200 20 6 6 977
7201 20 7 6 0
7202 20 8 6 0
7203 20 9 6 0
7204 20 10 6 0
7205 20 11 6 0
7206 20 12 6 985
7207 20 13 6 985
7208 20 14 6 0
7209 20 15 6 0
7210 20 16 6 0
7211 20 17 6 0
7212 20 18 6 0
7213 20 19 6 896
7214 20 20 6 896
7215 20 21 6 896
7216 20 22 6 0
7217 20 23 6 0
7218 20 24 6 0
7219 20 25 6 0
7220 20 26 6 0
7221 20 27 6 0
7222 20 28 6 0
7223 20 29 6 1007
7224 20 30 6 0
7225 20 31 6 0
7226 20 32 6 914
7227 21 0 6 0
7228 21 1 6 0
7229 21 2 6 0
7230 21 3 6 0
7231 21 4 6 0
7232 21 5 6 0
7233 21 6 6 0
7234 21 7 6 0
7235 21 8 6 1022
7236 21 9 6 1022
7237 21 10 6 0
7238 21 11 6 0
7239 21 12 6 1027
7240 21 13 6 985
7241 21 14 6 0
7242 21 15 6 0
7243 21 16 6 0
7244 21 17 6 0
7245 21 18 6 0
7246 21 19 6 0
7247 21 20 6 896
7248 21 21 6 0
7249 21 22 6 0
7250 21 23 6 950
7251 21 24 6 0
7252 21 25 6 0
7253 21 26 6 0
7254 21 27 6 0
7255 21 28 6 0
7256 21 29 6 0
7257 21 30 6 0
7258 21 31 6 0
7259 21 32 6 0
7260 22 0 6 1061
7261 22 1 6 0
7262 22 2 6 0
7263 22 3 6 1016
7264 22 4 6 1016
7265 22 5 6 1016
7266 22 6 6 1016
7267 22 7 6 0
7268 22 8 6 0
7269 22 9 6 1022
7270 22 10 6 0
7271 22 11 6 0
7272 22 12 6 1075
7273 22 13 6 0
7274 22 14 6 0
7275 22 15 6 0
7276 22 16 6 0
7277 22 17 6 0
7278 22 18 6 0
7279 22 19 6 0
7280 22 20 6 1084
7281 22 21 6 0
7282 22 22 6 950
7283 22 23 6 950
7284 22 24 6 0
7285 22 25 6 0
7286 22 26 6 0
7287 22 27 6 0
7288 22 28 6 0
7289 22 29 6 0
7290 22 30 6 0
7291 22 31 6 0
7292 22 32 6 1061
7293 23 0 6 1061
7294 23 1 6 0
7295 23 2 6 0
7296 23 3 6 1016
7297 23 4 6 1016
7298 23 5 6 1016
7299 23 6 6 1016
7300 23 7 6 0
7301 23 8 6 0
7302 23 9 6 1022
7303 23 10 6 0
7304 23 11 6 0
7305 23 12 6 0
7306 23 13 6 0
7307 23 14 6 0
7308 23 15 6 0
7309 23 16 6 0
7310 23 17 6 1124
7311 23 18 6 0
7312 23 19 6 0
7313 23 20 6 1084
7314 23 21 6 0
7315 23 22 6 0
7316 23 23 6 0
7317 23 24 6 0
7318 23 25 6 0
7319 23 26 6 0
7320 23 27 6 0
7321 23 28 6 0
7322 23 29 6 0
7323 23 30 6 0
7324 23 31 6 0
7325 23 32 6 1061
7326 24 0 6 1061
7327 24 1 6 0
7328 24 2 6 1016
7329 24 3 6 1016
7330 24 4 6 1016
7331 24 5 6 0
7332 24 6 6 0
7333 24 7 6 0
7334 24 8 6 0
7335 24 9 6 0
7336 24 10 6 0
7337 24 11 6 0
7338 24 12 6 1162
7339 24 13 6 0
7340 24 14 6 0
7341 24 15 6 0
7342 24 16 6 1124
7343 24 17 6 1124
7344 24 18 6 0
7345 24 19 6 0
7346 24 20 6 0
7347 24 21 6 0
7348 24 22 6 0
7349 24 23 6 0
7350 24 24 6 0
7351 24 25 6 0
7352 24 26 6 0
7353 24 27 6 0
7354 24 28 6 0
7355 24 29 6 0
7356 24 30 6 0
7357 24 31 6 0
7358 24 32 6 0
7359 25 0 6 0
7360 25 1 6 0
7361 25 2 6 0
7362 25 3 6 0
7363 25 4 6 0
7364 25 5 6 0
7365 25 6 6 0
7366 25 7 6 0
7367 25 8 6 1212
7368 25 9 6 0
7369 25 10 6 0
7370 25 11 6 1162
7371 25 12 6 1162
7372 25 13 6 1162
7373 25 14 6 0
7374 25 15 6 0
7375 25 16 6 1124
7376 25 17 6 1124
7377 25 18 6 1124
7378 25 19 6 1124
7379 25 20 6 0
7380 25 21 6 0
7381 25 22 6 0
7382 25 23 6 0
7383 25 24 6 0
7384 25 25 6 0
7385 25 26 6 0
7386 25 27 6 0
7387 25 28 6 0
7388 25 29 6 0
7389 25 30 6 0
7390 25 31 6 0
7391 25 32 6 1257
7392 26 0 6 0
7393 26 1 6 0
7394 26 2 6 0
7395 26 3 6 0
7396 26 4 6 0
7397 26 5 6 0
7398 26 6 6 0
7399 26 7 6 0
7400 26 8 6 0
7401 26 9 6 0
7402 26 10 6 1162
7403 26 11 6 1162
7404 26 12 6 1162
7405 26 13 6 1162
7406 26 14 6 0
7407 26 15 6 0
7408 26 16 6 1124
7409 26 17 6 1124
7410 26 18 6 1124
7411 26 19 6 1124
7412 26 20 6 0
7413 26 21 6 0
7414 26 22 6 0
7415 26 23 6 0
7416 26 24 6 1292
7417 26 25 6 1292
7418 26 26 6 1292
7419 26 27 6 0
7420 26 28 6 0
7421 26 29 6 0
7422 26 30 6 0
7423 26 31 6 0
7424 26 32 6 0
7425 27 0 6 0
7426 27 1 6 0
7427 27 2 6 0
7428 27 3 6 0
7429 27 4 6 0
7430 27 5 6 0
7431 27 6 6 0
7432 27 7 6 0
7433 27 8 6 0
7434 27 9 6 1318
7435 27 10 6 0
7436 27 11 6 0
7437 27 12 6 1162
7438 27 13 6 0
7439 27 14 6 0
7440 27 15 6 0
7441 27 16 6 0
7442 27 17 6 1124
7443 27 18 6 0
7444 27 19 6 0
7445 27 20 6 0
7446 27 21 6 0
7447 27 22 6 0
7448 27 23 6 0
7449 27 24 6 1292
7450 27 25 6 1292
7451 27 26 6 1292
7452 27 27 6 0
7453 27 28 6 0
7454 27 29 6 0
7455 27 30 6 0
7456 27 31 6 1358
7457 27 32 6 0
7458 28 0 6 0
7459 28 1 6 0
7460 28 2 6 1315
7461 28 3 6 1315
7462 28 4 6 1315
7463 28 5 6 1315
7464 28 6 6 0
7465 28 7 6 0
7466 28 8 6 0
7467 28 9 6 0
7468 28 10 6 0
7469 28 11 6 0
7470 28 12 6 0
7471 28 13 6 0
7472 28 14 6 0
7473 28 15 6 0
7474 28 16 6 0
7475 28 17 6 0
7476 28 18 6 0
7477 28 19 6 0
7478 28 20 6 0
7479 28 21 6 1389
7480 28 22 6 0
7481 28 23 6 1292
7482 28 24 6 1292
7483 28 25 6 1292
7484 28 26 6 1292
7485 28 27 6 1292
7486 28 28 6 0
7487 28 29 6 0
7488 28 30 6 0
7489 28 31 6 0
7490 28 32 6 0
7491 29 0 6 0
7492 29 1 6 0
7493 29 2 6 0
7494 29 3 6 1315
7495 29 4 6 1315
7496 29 5 6 0
7497 29 6 6 0
7498 29 7 6 0
7499 29 8 6 0
7500 29 9 6 1417
7501 29 10 6 0
7502 29 11 6 0
7503 29 12 6 0
7504 29 13 6 0
7505 29 14 6 0
7506 29 15 6 0
7507 29 16 6 0
7508 29 17 6 0
7509 29 18 6 0
7510 29 19 6 0
7511 29 20 6 0
7512 29 21 6 0
7513 29 22 6 0
7514 29 23 6 1292
7515 29 24 6 1292
7516 29 25 6 1292
7517 29 26 6 1292
7518 29 27 6 1292
7519 29 28 6 0
7520 29 29 6 0
7521 29 30 6 0
7522 29 31 6 0
7523 29 32 6 0
7524 30 0 6 0
7525 30 1 6 0
7526 30 2 6 0
7527 30 3 6 0
7528 30 4 6 0
7529 30 5 6 0
7530 30 6 6 0
7531 30 7 6 0
7532 30 8 6 0
7533 30 9 6 1417
7534 30 10 6 0
7535 30 11 6 0
7536 30 12 6 1469
7537 30 13 6 0
7538 30 14 6 0
7539 30 15 6 0
7540 30 16 6 0
7541 30 17 6 0
7542 30 18 6 0
7543 30 19 6 0
7544 30 20 6 0
7545 30 21 6 0
7546 30 22 6 0
7547 30 23 6 1292
7548 30 24 6 1292
7549 30 25 6 0
7550 30 26 6 0
7551 30 27 6 0
7552 30 28 6 0
7553 30 29 6 0
7554 30 30 6 0
7555 30 31 6 0
7556 30 32 6 0
7557 31 0 6 0
7558 31 1 6 0
7559 31 2 6 0
7560 31 3 6 0
7561 31 4 6 0
7562 31 5 6 0
7563 31 6 6 0
7564 31 7 6 0
7565 31 8 6 0
7566 31 9 6 0
7567 31 10 6 0
7568 31 11 6 0
7569 31 12 6 0
7570 31 13 6 0
7571 31 14 6 1508
7572 31 15 6 0
7573 31 16 6 0
7574 31 17 6 0
7575 31 18 6 1474
7576 31 19 6 1474
7577 31 20 6 1474
7578 31 21 6 0
7579 31 22 6 0
7580 31 23 6 0
7581 31 24 6 0
7582 31 25 6 0
7583 31 26 6 0
7584 31 27 6 61
7585 31 28 6 0
7586 31 29 6 0
7587 31 30 6 0
7588 31 31 6 70
7589 31 32 6 0
7590 32 0 6 0
7591 32 1 6 0
7592 32 2 6 0
7593 32 3 6 0
7594 32 4 6 0
7595 32 5 6 0
7596 32 6 6 0
7597 32 7 6 16
7598 32 8 6 0
7599 32 9 6 0
7600 32 10 6 0
7601 32 11 6 0
7602 32 12 6 1546
7603 32 13 6 31
7604 32 14 6 0
7605 32 15 6 1550
7606 32 16 6 1550
7607 32 17 6 0
7608 32 18 6 0
7609 32 19 6 1474
7610 32 20 6 0
7611 32 21 6 1555
7612 32 22 6 0
7613 32 23 6 0
7614 32 24 6 0
7615 32 25 6 61
7616 32 26 6 61
7617 32 27 6 0
7618 32 28 6 0
7619 32 29 6 0
7620 32 30 6 0
7621 32 31 6 0
7622 32 32 6 0
7623 0 0 7 2
7624 0 1 7 0
7625 0 2 7 0
7626 0 3 7 0
7627 0 4 7 0
7628 0 5 7 0
7629 0 6 7 0
7630 0 7 7 16
7631 0 8 7 0
7632 0 9 7 0
7633 0 10 7 21
7634 0 11 7 0
7635 0 12 7 0
7636 0 13 7 0
7637 0 14 7 33
7638 0 15 7 0
7639 0 16 7 0
7640 0 17 7 0
7641 0 18 7 0
7642 0 19 7 0
7643 0 20 7 49
7644 0 21 7 49
7645 0 22 7 0
7646 0 23 7 0
7647 0 24 7 0
7648 0 25 7 0
7649 0 26 7 0
7650 0 27 7 61
7651 0 28 7 61
7652 0 29 7 0
7653 0 30 7 0
7654 0 31 7 0
7655 0 32 7 2
7656 1 0 7 76
7657 1 1 7 0
7658 1 2 7 0
7659 1 3 7 0
7660 1 4 7 0
7661 1 5 7 0
7662 1 6 7 0
7663 1 7 7 0
7664 1 8 7 0
7665 1 9 7 0
7666 1 10 7 0
7667 1 11 7 0
7668 1 12 7 0
7669 1 13 7 0
7670 1 14 7 0
7671 1 15 7 0
7672 1 16 7 0
7673 1 17 7 0
7674 1 18 7 0
7675 1 19 7 0
7676 1 20 7 49
7677 1 21 7 0
7678 1 22 7 0
7679 1 23 7 0
7680 1 24 7 0
7681 1 25 7 0
7682 1 26 7 0
7683 1 27 7 0
7684 1 28 7 0
7685 1 29 7 0
7686 1 30 7 0
7687 1 31 7 0
7688 1 32 7 76
7689 2 0 7 76
7690 2 1 7 0
7691 2 2 7 0
7692 2 3 7 0
7693 2 4 7 137
7694 2 5 7 0
7695 2 6 7 0
7696 2 7 7 0
7697 2 8 7 0
7698 2 9 7 0
7699 2 10 7 0
7700 2 11 7 0
7701 2 12 7 0
7702 2 13 7 0
7703 2 14 7 156
7704 2 15 7 0
7705 2 16 7 0
7706 2 17 7 0
7707 2 18 7 0
7708 2 19 7 0
7709 2 20 7 0
7710 2 21 7 0
7711 2 22 7 0
7712 2 23 7 0
7713 2 24 7 167
7714 2 25 7 0
7715 2 26 7 0
7716 2 27 7 171
7717 2 28 7 0
7718 2 29 7 0
7719 2 30 7 0
7720 2 31 7 0
7721 2 32 7 76
7722 3 0 7 0
7723 3 1 7 0
7724 3 2 7 0
7725 3 3 7 0
7726 3 4 7 0
7727 3 5 7 0
7728 3 6 7 0
7729 3 7 7 0
7730 3 8 7 0
7731 3 9 7 0
7732 3 10 7 0
7733 3 11 7 0
7734 3 12 7 0
7735 3 13 7 0
7736 3 14 7 0
7737 3 15 7 0
7738 3 16 7 0
7739 3 17 7 0
7740 3 18 7 0
7741 3 19 7 0
7742 3 20 7 196
7743 3 21 7 0
7744 3 22 7 0
7745 3 23 7 167
7746 3 24 7 167
7747 3 25 7 0
7748 3 26 7 0
7749 3 27 7 0
7750 3 28 7 210
7751 3 29 7 0
7752 3 30 7 61
7753 3 31 7 0
7754 3 32 7 0
7755 4 0 7 0
7756 4 1 7 0
7757 4 2 7 0
7758 4 3 7 0
7759 4 4 7 0
7760 4 5 7 0
7761 4 6 7 0
7762 4 7 7 0
7763 4 8 7 0
7764 4 9 7 0
7765 4 10 7 0
7766 4 11 7 0
7767 4 12 7 236
7768 4 13 7 0
7769 4 14 7 0
7770 4 15 7 243
7771 4 16 7 0
7772 4 17 7 0
7773 4 18 7 0
7774 4 19 7 0
7775 4 20 7 0
7776 4 21 7 0
7777 4 22 7 167
7778 4 23 7 0
7779 4 24 7 0
7780 4 25 7 0
7781 4 26 7 0
7782 4 27 7 0
7783 4 28 7 0
7784 4 29 7 0
7785 4 30 7 0
7786 4 31 7 0
7787 4 32 7 0
7788 5 0 7 0
7789 5 1 7 263
7790 5 2 7 0
7791 5 3 7 0
7792 5 4 7 0
7793 5 5 7 0
7794 5 6 7 0
7795 5 7 7 0
7796 5 8 7 0
7797 5 9 7 279
7798 5 10 7 0
7799 5 11 7 0
7800 5 12 7 0
7801 5 13 7 0
7802 5 14 7 0
7803 5 15 7 0
7804 5 16 7 0
7805 5 17 7 0
7806 5 18 7 295
7807 5 19 7 0
7808 5 20 7 252
7809 5 21 7 0
7810 5 22 7 0
7811 5 23 7 167
7812 5 24 7 0
7813 5 25 7 0
7814 5 26 7 301
7815 5 27 7 0
7816 5 28 7 0
7817 5 29 7 0
7818 5 30 7 0
7819 5 31 7 0
7820 5 32 7 0
7821 6 0 7 263
7822 6 1 7 263
7823 6 2 7 0
7824 6 3 7 0
7825 6 4 7 0
7826 6 5 7 0
7827 6 6 7 0
7828 6 7 7 0
7829 6 8 7 318
7830 6 9 7 0
7831 6 10 7 0
7832 6 11 7 0
7833 6 12 7 0
7834 6 13 7 0
7835 6 14 7 0
7836 6 15 7 0
7837 6 16 7 0
7838 6 17 7 0
7839 6 18 7 0
7840 6 19 7 0
7841 6 20 7 252
7842 6 21 7 252
7843 6 22 7 0
7844 6 23 7 337
7845 6 24 7 337
7846 6 25 7 337
7847 6 26 7 337
7848 6 27 7 337
7849 6 28 7 0
7850 6 29 7 0
7851 6 30 7 0
7852 6 31 7 0
7853 6 32 7 263
7854 7 0 7 263
7855 7 1 7 0
7856 7 2 7 0
7857 7 3 7 0
7858 7 4 7 0
7859 7 5 7 0
7860 7 6 7 0
7861 7 7 7 318
7862 7 8 7 318
7863 7 9 7 0
7864 7 10 7 0
7865 7 11 7 0
7866 7 12 7 0
7867 7 13 7 0
7868 7 14 7 0
7869 7 15 7 0
7870 7 16 7 0
7871 7 17 7 370
7872 7 18 7 370
7873 7 19 7 0
7874 7 20 7 252
7875 7 21 7 0
7876 7 22 7 0
7877 7 23 7 0
7878 7 24 7 0
7879 7 25 7 0
7880 7 26 7 337
7881 7 27 7 0
7882 7 28 7 0
7883 7 29 7 0
7884 7 30 7 0
7885 7 31 7 0
7886 7 32 7 263
7887 8 0 7 0
7888 8 1 7 0
7889 8 2 7 0
7890 8 3 7 0
7891 8 4 7 0
7892 8 5 7 0
7893 8 6 7 0
7894 8 7 7 0
7895 8 8 7 0
7896 8 9 7 0
7897 8 10 7 0
7898 8 11 7 0
7899 8 12 7 405
7900 8 13 7 0
7901 8 14 7 0
7902 8 15 7 0
7903 8 16 7 0
7904 8 17 7 0
7905 8 18 7 0
7906 8 19 7 0
7907 8 20 7 0
7908 8 21 7 0
7909 8 22 7 0
7910 8 23 7 0
7911 8 24 7 0
7912 8 25 7 0
7913 8 26 7 0
7914 8 27 7 0
7915 8 28 7 0
7916 8 29 7 0
7917 8 30 7 0
7918 8 31 7 0
7919 8 32 7 263
7920 9 0 7 0
7921 9 1 7 0
7922 9 2 7 0
7923 9 3 7 441
7924 9 4 7 0
7925 9 5 7 0
7926 9 6 7 0
7927 9 7 7 0
7928 9 8 7 0
7929 9 9 7 0
7930 9 10 7 0
7931 9 11 7 0
7932 9 12 7 451
7933 9 13 7 0
7934 9 14 7 454
7935 9 15 7 454
7936 9 16 7 0
7937 9 17 7 0
7938 9 18 7 0
7939 9 19 7 0
7940 9 20 7 0
7941 9 21 7 0
7942 9 22 7 0
7943 9 23 7 0
7944 9 24 7 0
7945 9 25 7 0
7946 9 26 7 471
7947 9 27 7 471
7948 9 28 7 0
7949 9 29 7 0
7950 9 30 7 0
7951 9 31 7 0
7952 9 32 7 0
7953 10 0 7 0
7954 10 1 7 486
7955 10 2 7 0
7956 10 3 7 0
7957 10 4 7 0
7958 10 5 7 0
7959 10 6 7 0
7960 10 7 7 0
7961 10 8 7 0
7962 10 9 7 0
7963 10 10 7 0
7964 10 11 7 0
7965 10 12 7 0
7966 10 13 7 0
7967 10 14 7 454
7968 10 15 7 454
7969 10 16 7 454
7970 10 17 7 0
7971 10 18 7 0
7972 10 19 7 0
7973 10 20 7 0
7974 10 21 7 0
7975 10 22 7 0
7976 10 23 7 0
7977 10 24 7 0
7978 10 25 7 0
7979 10 26 7 471
7980 10 27 7 471
7981 10 28 7 0
7982 10 29 7 0
7983 10 30 7 0
7984 10 31 7 0
7985 10 32 7 482
7986 11 0 7 0
7987 11 1 7 0
7988 11 2 7 0
7989 11 3 7 0
7990 11 4 7 0
7991 11 5 7 0
7992 11 6 7 547
7993 11 7 7 0
7994 11 8 7 550
7995 11 9 7 0
7996 11 10 7 0
7997 11 11 7 0
7998 11 12 7 0
7999 11 13 7 0
8000 11 14 7 0
8001 11 15 7 0
8002 11 16 7 454
8003 11 17 7 0
8004 11 18 7 0
8005 11 19 7 0
8006 11 20 7 0
8007 11 21 7 0
8008 11 22 7 0
8009 11 23 7 380
8010 11 24 7 380
8011 11 25 7 0
8012 11 26 7 0
8013 11 27 7 471
8014 11 28 7 0
8015 11 29 7 0
8016 11 30 7 0
8017 11 31 7 0
8018 11 32 7 0
8019 12 0 7 0
8020 12 1 7 0
8021 12 2 7 0
8022 12 3 7 0
8023 12 4 7 0
8024 12 5 7 0
8025 12 6 7 594
8026 12 7 7 597
8027 12 8 7 0
8028 12 9 7 599
8029 12 10 7 599
8030 12 11 7 0
8031 12 12 7 0
8032 12 13 7 0
8033 12 14 7 0
8034 12 15 7 0
8035 12 16 7 0
8036 12 17 7 0
8037 12 18 7 0
8038 12 19 7 0
8039 12 20 7 0
8040 12 21 7 0
8041 12 22 7 0
8042 12 23 7 0
8043 12 24 7 380
8044 12 25 7 380
8045 12 26 7 0
8046 12 27 7 0
8047 12 28 7 0
8048 12 29 7 0
8049 12 30 7 0
8050 12 31 7 0
8051 12 32 7 0
8052 13 0 7 0
8053 13 1 7 0
8054 13 2 7 633
8055 13 3 7 633
8056 13 4 7 0
8057 13 5 7 0
8058 13 6 7 0
8059 13 7 7 597
8060 13 8 7 0
8061 13 9 7 599
8062 13 10 7 0
8063 13 11 7 0
8064 13 12 7 0
8065 13 13 7 0
8066 13 14 7 0
8067 13 15 7 0
8068 13 16 7 0
8069 13 17 7 0
8070 13 18 7 0
8071 13 19 7 0
8072 13 20 7 0
8073 13 21 7 0
8074 13 22 7 0
8075 13 23 7 0
8076 13 24 7 0
8077 13 25 7 380
8078 13 26 7 380
8079 13 27 7 380
8080 13 28 7 380
8081 13 29 7 0
8082 13 30 7 0
8083 13 31 7 0
8084 13 32 7 0
8085 14 0 7 0
8086 14 1 7 0
8087 14 2 7 633
8088 14 3 7 633
8089 14 4 7 633
8090 14 5 7 0
8091 14 6 7 0
8092 14 7 7 0
8093 14 8 7 0
8094 14 9 7 0
8095 14 10 7 0
8096 14 11 7 0
8097 14 12 7 0
8098 14 13 7 0
8099 14 14 7 0
8100 14 15 7 0
8101 14 16 7 0
8102 14 17 7 698
8103 14 18 7 0
8104 14 19 7 0
8105 14 20 7 0
8106 14 21 7 0
8107 14 22 7 0
8108 14 23 7 0
8109 14 24 7 0
8110 14 25 7 0
8111 14 26 7 707
8112 14 27 7 0
8113 14 28 7 0
8114 14 29 7 0
8115 14 30 7 712
8116 14 31 7 0
8117 14 32 7 0
8118 15 0 7 0
8119 15 1 7 0
8120 15 2 7 0
8121 15 3 7 0
8122 15 4 7 0
8123 15 5 7 0
8124 15 6 7 0
8125 15 7 7 0
8126 15 8 7 0
8127 15 9 7 0
8128 15 10 7 0
8129 15 11 7 0
8130 15 12 7 0
8131 15 13 7 0
8132 15 14 7 0
8133 15 15 7 0
8134 15 16 7 0
8135 15 17 7 0
8136 15 18 7 0
8137 15 19 7 0
8138 15 20 7 0
8139 15 21 7 751
8140 15 22 7 0
8141 15 23 7 0
8142 15 24 7 0
8143 15 25 7 0
8144 15 26 7 0
8145 15 27 7 0
8146 15 28 7 0
8147 15 29 7 0
8148 15 30 7 0
8149 15 31 7 0
8150 15 32 7 0
8151 16 0 7 0
8152 16 1 7 0
8153 16 2 7 0
8154 16 3 7 0
8155 16 4 7 0
8156 16 5 7 0
8157 16 6 7 0
8158 16 7 7 0
8159 16 8 7 0
8160 16 9 7 676
8161 16 10 7 788
8162 16 11 7 0
8163 16 12 7 0
8164 16 13 7 0
8165 16 14 7 795
8166 16 15 7 0
8167 16 16 7 0
8168 16 17 7 800
8169 16 18 7 0
8170 16 19 7 0
8171 16 20 7 0
8172 16 21 7 0
8173 16 22 7 0
8174 16 23 7 811
8175 16 24 7 0
8176 16 25 7 0
8177 16 26 7 0
8178 16 27 7 0
8179 16 28 7 822
8180 16 29 7 822
8181 16 30 7 0
8182 16 31 7 0
8183 16 32 7 0
8184 17 0 7 0
8185 17 1 7 0
8186 17 2 7 0
8187 17 3 7 0
8188 17 4 7 723
8189 17 5 7 723
8190 17 6 7 0
8191 17 7 7 0
8192 17 8 7 0
8193 17 9 7 0
8194 17 10 7 0
8195 17 11 7 0
8196 17 12 7 0
8197 17 13 7 0
8198 17 14 7 0
8199 17 15 7 0
8200 17 16 7 0
8201 17 17 7 0
8202 17 18 7 0
8203 17 19 7 0
8204 17 20 7 0
8205 17 21 7 0
8206 17 22 7 0
8207 17 23 7 0
8208 17 24 7 0
8209 17 25 7 0
8210 17 26 7 0
8211 17 27 7 0
8212 17 28 7 0
8213 17 29 7 0
8214 17 30 7 868
8215 17 31 7 0
8216 17 32 7 872
8217 18 0 7 0
8218 18 1 7 0
8219 18 2 7 0
8220 18 3 7 0
8221 18 4 7 0
8222 18 5 7 723
8223 18 6 7 723
8224 18 7 7 0
8225 18 8 7 723
8226 18 9 7 0
8227 18 10 7 0
8228 18 11 7 0
8229 18 12 7 0
8230 18 13 7 847
8231 18 14 7 0
8232 18 15 7 0
8233 18 16 7 0
8234 18 17 7 0
8235 18 18 7 0
8236 18 19 7 0
8237 18 20 7 896
8238 18 21 7 896
8239 18 22 7 0
8240 18 23 7 0
8241 18 24 7 0
8242 18 25 7 817
8243 18 26 7 0
8244 18 27 7 0
8245 18 28 7 0
8246 18 29 7 0
8247 18 30 7 868
8248 18 31 7 911
8249 18 32 7 0
8250 19 0 7 0
8251 19 1 7 916
8252 19 2 7 916
8253 19 3 7 0
8254 19 4 7 0
8255 19 5 7 0
8256 19 6 7 723
8257 19 7 7 723
8258 19 8 7 723
8259 19 9 7 0
8260 19 10 7 0
8261 19 11 7 0
8262 19 12 7 0
8263 19 13 7 0
8264 19 14 7 0
8265 19 15 7 0
8266 19 16 7 0
8267 19 17 7 939
8268 19 18 7 0
8269 19 19 7 0
8270 19 20 7 0
8271 19 21 7 896
8272 19 22 7 896
8273 19 23 7 0
8274 19 24 7 817
8275 19 25 7 817
8276 19 26 7 0
8277 19 27 7 0
8278 19 28 7 0
8279 19 29 7 0
8280 19 30 7 0
8281 19 31 7 0
8282 19 32 7 0
8283 20 0 7 966
8284 20 1 7 966
8285 20 2 7 0
8286 20 3 7 0
8287 20 4 7 973
8288 20 5 7 0
8289 20 6 7 0
8290 20 7 7 0
8291 20 8 7 0
8292 20 9 7 0
8293 20 10 7 0
8294 20 11 7 0
8295 20 12 7 985
8296 20 13 7 985
8297 20 14 7 0
8298 20 15 7 0
8299 20 16 7 0
8300 20 17 7 939
8301 20 18 7 0
8302 20 19 7 0
8303 20 20 7 0
8304 20 21 7 896
8305 20 22 7 0
8306 20 23 7 0
8307 20 24 7 1001
8308 20 25 7 0
8309 20 26 7 0
8310 20 27 7 0
8311 20 28 7 0
8312 20 29 7 0
8313 20 30 7 0
8314 20 31 7 0
8315 20 32 7 0
8316 21 0 7 0
8317 21 1 7 0
8318 21 2 7 0
8319 21 3 7 1016
8320 21 4 7 0
8321 21 5 7 0
8322 21 6 7 0
8323 21 7 7 0
8324 21 8 7 1022
8325 21 9 7 0
8326 21 10 7 0
8327 21 11 7 0
8328 21 12 7 985
8329 21 13 7 985
8330 21 14 7 0
8331 21 15 7 0
8332 21 16 7 0
8333 21 17 7 0
8334 21 18 7 0
8335 21 19 7 0
8336 21 20 7 0
8337 21 21 7 1045
8338 21 22 7 0
8339 21 23 7 0
8340 21 24 7 0
8341 21 25 7 0
8342 21 26 7 1053
8343 21 27 7 0
8344 21 28 7 0
8345 21 29 7 0
8346 21 30 7 0
8347 21 31 7 0
8348 21 32 7 0
8349 22 0 7 1061
8350 22 1 7 0
8351 22 2 7 0
8352 22 3 7 1016
8353 22 4 7 1016
8354 22 5 7 1016
8355 22 6 7 0
8356 22 7 7 0
8357 22 8 7 0
8358 22 9 7 1022
8359 22 10 7 1022
8360 22 11 7 0
8361 22 12 7 0
8362 22 13 7 0
8363 22 14 7 0
8364 22 15 7 0
8365 22 16 7 0
8366 22 17 7 0
8367 22 18 7 0
8368 22 19 7 0
8369 22 20 7 0
8370 22 21 7 0
8371 22 22 7 0
8372 22 23 7 0
8373 22 24 7 0
8374 22 25 7 1089
8375 22 26 7 0
8376 22 27 7 0
8377 22 28 7 0
8378 22 29 7 0
8379 22 30 7 0
8380 22 31 7 0
8381 22 32 7 0
8382 23 0 7 1061
8383 23 1 7 0
8384 23 2 7 0
8385 23 3 7 1016
8386 23 4 7 1016
8387 23 5 7 1016
8388 23 6 7 0
8389 23 7 7 0
8390 23 8 7 1022
8391 23 9 7 1022
8392 23 10 7 0
8393 23 11 7 0
8394 23 12 7 0
8395 23 13 7 0
8396 23 14 7 0
8397 23 15 7 0
8398 23 16 7 0
8399 23 17 7 1124
8400 23 18 7 0
8401 23 19 7 0
8402 23 20 7 1084
8403 23 21 7 0
8404 23 22 7 0
8405 23 23 7 0
8406 23 24 7 0
8407 23 25 7 0
8408 23 26 7 0
8409 23 27 7 0
8410 23 28 7 0
8411 23 29 7 0
8412 23 30 7 0
8413 23 31 7 1061
8414 23 32 7 1061
8415 24 0 7 1146
8416 24 1 7 0
8417 24 2 7 0
8418 24 3 7 1016
8419 24 4 7 0
8420 24 5 7 0
8421 24 6 7 0
8422 24 7 7 0
8423 24 8 7 0
8424 24 9 7 0
8425 24 10 7 0
8426 24 11 7 1162
8427 24 12 7 0
8428 24 13 7 0
8429 24 14 7 0
8430 24 15 7 0
8431 24 16 7 1124
8432 24 17 7 1124
8433 24 18 7 0
8434 24 19 7 0
8435 24 20 7 0
8436 24 21 7 0
8437 24 22 7 0
8438 24 23 7 0
8439 24 24 7 0
8440 24 25 7 0
8441 24 26 7 0
8442 24 27 7 0
8443 24 28 7 0
8444 24 29 7 0
8445 24 30 7 0
8446 24 31 7 1061
8447 24 32 7 0
8448 25 0 7 1146
8449 25 1 7 0
8450 25 2 7 0
8451 25 3 7 0
8452 25 4 7 0
8453 25 5 7 0
8454 25 6 7 0
8455 25 7 7 1208
8456 25 8 7 1208
8457 25 9 7 0
8458 25 10 7 0
8459 25 11 7 1162
8460 25 12 7 1162
8461 25 13 7 1162
8462 25 14 7 0
8463 25 15 7 0
8464 25 16 7 1124
8465 25 17 7 1124
8466 25 18 7 1124
8467 25 19 7 0
8468 25 20 7 0
8469 25 21 7 0
8470 25 22 7 0
8471 25 23 7 0
8472 25 24 7 0
8473 25 25 7 0
8474 25 26 7 0
8475 25 27 7 0
8476 25 28 7 0
8477 25 29 7 0
8478 25 30 7 0
8479 25 31 7 0
8480 25 32 7 0
8481 26 0 7 0
8482 26 1 7 0
8483 26 2 7 0
8484 26 3 7 0
8485 26 4 7 0
8486 26 5 7 0
8487 26 6 7 0
8488 26 7 7 1208
8489 26 8 7 1208
8490 26 9 7 0
8491 26 10 7 1162
8492 26 11 7 1162
8493 26 12 7 1162
8494 26 13 7 1162
8495 26 14 7 0
8496 26 15 7 0
8497 26 16 7 0
8498 26 17 7 1124
8499 26 18 7 0
8500 26 19 7 0
8501 26 20 7 1287
8502 26 21 7 0
8503 26 22 7 0
8504 26 23 7 0
8505 26 24 7 1292
8506 26 25 7 1292
8507 26 26 7 0
8508 26 27 7 0
8509 26 28 7 1298
8510 26 29 7 0
8511 26 30 7 0
8512 26 31 7 0
8513 26 32 7 0
8514 27 0 7 0
8515 27 1 7 0
8516 27 2 7 0
8517 27 3 7 0
8518 27 4 7 1315
8519 27 5 7 0
8520 27 6 7 0
8521 27 7 7 0
8522 27 8 7 0
8523 27 9 7 0
8524 27 10 7 1319
8525 27 11 7 0
8526 27 12 7 1162
8527 27 13 7 1162
8528 27 14 7 1327
8529 27 15 7 0
8530 27 16 7 0
8531 27 17 7 0
8532 27 18 7 0
8533 27 19 7 0
8534 27 20 7 0
8535 27 21 7 0
8536 27 22 7 0
8537 27 23 7 0
8538 27 24 7 1292
8539 27 25 7 1292
8540 27 26 7 1292
8541 27 27 7 0
8542 27 28 7 1298
8543 27 29 7 0
8544 27 30 7 0
8545 27 31 7 1358
8546 27 32 7 0
8547 28 0 7 0
8548 28 1 7 0
8549 28 2 7 1315
8550 28 3 7 1315
8551 28 4 7 1315
8552 28 5 7 1315
8553 28 6 7 0
8554 28 7 7 0
8555 28 8 7 0
8556 28 9 7 0
8557 28 10 7 0
8558 28 11 7 0
8559 28 12 7 0
8560 28 13 7 0
8561 28 14 7 0
8562 28 15 7 0
8563 28 16 7 0
8564 28 17 7 0
8565 28 18 7 0
8566 28 19 7 0
8567 28 20 7 0
8568 28 21 7 0
8569 28 22 7 0
8570 28 23 7 0
8571 28 24 7 1292
8572 28 25 7 1292
8573 28 26 7 0
8574 28 27 7 0
8575 28 28 7 0
8576 28 29 7 0
8577 28 30 7 0
8578 28 31 7 0
8579 28 32 7 0
8580 29 0 7 0
8581 29 1 7 0
8582 29 2 7 0
8583 29 3 7 1315
8584 29 4 7 1315
8585 29 5 7 1315
8586 29 6 7 0
8587 29 7 7 0
8588 29 8 7 0
8589 29 9 7 0
8590 29 10 7 0
8591 29 11 7 0
8592 29 12 7 0
8593 29 13 7 0
8594 29 14 7 0
8595 29 15 7 0
8596 29 16 7 0
8597 29 17 7 0
8598 29 18 7 0
8599 29 19 7 0
8600 29 20 7 0
8601 29 21 7 0
8602 29 22 7 0
8603 29 23 7 0
8604 29 24 7 0
8605 29 25 7 0
8606 29 26 7 0
8607 29 27 7 0
8608 29 28 7 0
8609 29 29 7 1447
8610 29 30 7 0
8611 29 31 7 0
8612 29 32 7 0
8613 30 0 7 1405
8614 30 1 7 1405
8615 30 2 7 0
8616 30 3 7 0
8617 30 4 7 0
8618 30 5 7 0
8619 30 6 7 0
8620 30 7 7 0
8621 30 8 7 0
8622 30 9 7 0
8623 30 10 7 0
8624 30 11 7 0
8625 30 12 7 0
8626 30 13 7 0
8627 30 14 7 0
8628 30 15 7 0
8629 30 16 7 0
8630 30 17 7 0
8631 30 18 7 0
8632 30 19 7 0
8633 30 20 7 0
8634 30 21 7 0
8635 30 22 7 0
8636 30 23 7 0
8637 30 24 7 0
8638 30 25 7 1479
8639 30 26 7 0
8640 30 27 7 0
8641 30 28 7 0
8642 30 29 7 1485
8643 30 30 7 0
8644 30 31 7 0
8645 30 32 7 0
8646 31 0 7 0
8647 31 1 7 0
8648 31 2 7 0
8649 31 3 7 0
8650 31 4 7 0
8651 31 5 7 0
8652 31 6 7 0
8653 31 7 7 1460
8654 31 8 7 0
8655 31 9 7 0
8656 31 10 7 0
8657 31 11 7 0
8658 31 12 7 0
8659 31 13 7 1507
8660 31 14 7 0
8661 31 15 7 0
8662 31 16 7 0
8663 31 17 7 0
8664 31 18 7 0
8665 31 19 7 0
8666 31 20 7 0
8667 31 21 7 0
8668 31 22 7 0
8669 31 23 7 0
8670 31 24 7 0
8671 31 25 7 61
8672 31 26 7 61
8673 31 27 7 61
8674 31 28 7 0
8675 31 29 7 0
8676 31 30 7 0
8677 31 31 7 0
8678 31 32 7 0
8679 32 0 7 2
8680 32 1 7 0
8681 32 2 7 0
8682 32 3 7 0
8683 32 4 7 0
8684 32 5 7 0
8685 32 6 7 0
8686 32 7 7 16
8687 32 8 7 0
8688 32 9 7 0
8689 32 10 7 0
8690 32 11 7 0
8691 32 12 7 0
8692 32 13 7 0
8693 32 14 7 33
8694 32 15 7 1550
8695 32 16 7 1550
8696 32 17 7 0
8697 32 18 7 0
8698 32 19 7 1474
8699 32 20 7 0
8700 32 21 7 1556
8701 32 22 7 0
8702 32 23 7 0
8703 32 24 7 0
8704 32 25 7 0
8705 32 26 7 61
8706 32 27 7 61
8707 32 28 7 61
8708 32 29 7 0
8709 32 30 7 1559
8710 32 31 7 1559
8711 32 32 7 0
8712 0 0 8 0
8713 0 1 8 0
8714 0 2 8 0
8715 0 3 8 0
8716 0 4 8 0
8717 0 5 8 0
8718 0 6 8 0
8719 0 7 8 0
8720 0 8 8 0
8721 0 9 8 0
8722 0 10 8 21
8723 0 11 8 21
8724 0 12 8 0
8725 0 13 8 0
8726 0 14 8 0
8727 0 15 8 0
8728 0 16 8 40
8729 0 17 8 40
8730 0 18 8 40
8731 0 19 8 0
8732 0 20 8 0
8733 0 21 8 0
8734 0 22 8 0
8735 0 23 8 0
8736 0 24 8 0
8737 0 25 8 0
8738 0 26 8 0
8739 0 27 8 0
8740 0 28 8 61
8741 0 29 8 0
8742 0 30 8 0
8743 0 31 8 0
8744 0 32 8 0
8745 1 0 8 76
8746 1 1 8 0
8747 1 2 8 0
8748 1 3 8 0
8749 1 4 8 0
8750 1 5 8 0
8751 1 6 8 0
8752 1 7 8 0
8753 1 8 8 0
8754 1 9 8 0
8755 1 10 8 0
8756 1 11 8 0
8757 1 12 8 0
8758 1 13 8 0
8759 1 14 8 0
8760 1 15 8 0
8761 1 16 8 0
8762 1 17 8 0
8763 1 18 8 0
8764 1 19 8 0
8765 1 20 8 107
8766 1 21 8 107
8767 1 22 8 0
8768 1 23 8 0
8769 1 24 8 0
8770 1 25 8 0
8771 1 26 8 0
8772 1 27 8 0
8773 1 28 8 0
8774 1 29 8 0
8775 1 30 8 0
8776 1 31 8 126
8777 1 32 8 0
8778 2 0 8 76
8779 2 1 8 0
8780 2 2 8 0
8781 2 3 8 0
8782 2 4 8 0
8783 2 5 8 0
8784 2 6 8 0
8785 2 7 8 0
8786 2 8 8 0
8787 2 9 8 0
8788 2 10 8 0
8789 2 11 8 0
8790 2 12 8 0
8791 2 13 8 0
8792 2 14 8 0
8793 2 15 8 0
8794 2 16 8 0
8795 2 17 8 0
8796 2 18 8 0
8797 2 19 8 0
8798 2 20 8 0
8799 2 21 8 0
8800 2 22 8 0
8801 2 23 8 0
8802 2 24 8 0
8803 2 25 8 0
8804 2 26 8 0
8805 2 27 8 0
8806 2 28 8 0
8807 2 29 8 0
8808 2 30 8 0
8809 2 31 8 0
8810 2 32 8 0
8811 3 0 8 76
8812 3 1 8 0
8813 3 2 8 0
8814 3 3 8 0
8815 3 4 8 0
8816 3 5 8 0
8817 3 6 8 0
8818 3 7 8 0
8819 3 8 8 0
8820 3 9 8 0
8821 3 10 8 0
8822 3 11 8 0
8823 3 12 8 0
8824 3 13 8 0
8825 3 14 8 0
8826 3 15 8 0
8827 3 16 8 0
8828 3 17 8 0
8829 3 18 8 0
8830 3 19 8 0
8831 3 20 8 0
8832 3 21 8 0
8833 3 22 8 0
8834 3 23 8 0
8835 3 24 8 0
8836 3 25 8 0
8837 3 26 8 0
8838 3 27 8 0
8839 3 28 8 0
8840 3 29 8 0
8841 3 30 8 0
8842 3 31 8 0
8843 3 32 8 0
8844 4 0 8 0
8845 4 1 8 0
8846 4 2 8 0
8847 4 3 8 0
8848 4 4 8 0
8849 4 5 8 0
8850 4 6 8 0
8851 4 7 8 0
8852 4 8 8 0
8853 4 9 8 0
8854 4 10 8 0
8855 4 11 8 0
8856 4 12 8 0
8857 4 13 8 0
8858 4 14 8 0
8859 4 15 8 0
8860 4 16 8 244
8861 4 17 8 244
8862 4 18 8 0
8863 4 19 8 0
8864 4 20 8 252
8865 4 21 8 252
8866 4 22 8 0
8867 4 23 8 0
8868 4 24 8 0
8869 4 25 8 0
8870 4 26 8 0
8871 4 27 8 0
8872 4 28 8 0
8873 4 29 8 0
8874 4 30 8 0
8875 4 31 8 0
8876 4 32 8 0
8877 5 0 8 263
8878 5 1 8 263
8879 5 2 8 0
8880 5 3 8 0
8881 5 4 8 0
8882 5 5 8 0
8883 5 6 8 0
8884 5 7 8 0
8885 5 8 8 0
8886 5 9 8 0
8887 5 10 8 0
8888 5 11 8 0
8889 5 12 8 0
8890 5 13 8 0
8891 5 14 8 0
8892 5 15 8 244
8893 5 16 8 244
8894 5 17 8 244
8895 5 18 8 0
8896 5 19 8 252
8897 5 20 8 252
8898 5 21 8 252
8899 5 22 8 252
8900 5 23 8 0
8901 5 24 8 0
8902 5 25 8 0
8903 5 26 8 0
8904 5 27 8 0
8905 5 28 8 0
8906 5 29 8 0
8907 5 30 8 0
8908 5 31 8 0
8909 5 32 8 306
8910 6 0 8 263
8911 6 1 8 0
8912 6 2 8 0
8913 6 3 8 0
8914 6 4 8 0
8915 6 5 8 0
8916 6 6 8 0
8917 6 7 8 0
8918 6 8 8 0
8919 6 9 8 0
8920 6 10 8 0
8921 6 11 8 0
8922 6 12 8 0
8923 6 13 8 0
8924 6 14 8 0
8925 6 15 8 244
8926 6 16 8 244
8927 6 17 8 244
8928 6 18 8 244
8929 6 19 8 0
8930 6 20 8 252
8931 6 21 8 252
8932 6 22 8 252
8933 6 23 8 0
8934 6 24 8 0
8935 6 25 8 0
8936 6 26 8 0
8937 6 27 8 0
8938 6 28 8 0
8939 6 29 8 0
8940 6 30 8 0
8941 6 31 8 0
8942 6 32 8 0
8943 7 0 8 263
8944 7 1 8 0
8945 7 2 8 0
8946 7 3 8 350
8947 7 4 8 0
8948 7 5 8 0
8949 7 6 8 0
8950 7 7 8 0
8951 7 8 8 0
8952 7 9 8 0
8953 7 10 8 0
8954 7 11 8 0
8955 7 12 8 0
8956 7 13 8 0
8957 7 14 8 0
8958 7 15 8 0
8959 7 16 8 0
8960 7 17 8 0
8961 7 18 8 370
8962 7 19 8 0
8963 7 20 8 252
8964 7 21 8 252
8965 7 22 8 0
8966 7 23 8 0
8967 7 24 8 0
8968 7 25 8 0
8969 7 26 8 0
8970 7 27 8 0
8971 7 28 8 0
8972 7 29 8 0
8973 7 30 8 0
8974 7 31 8 0
8975 7 32 8 263
8976 8 0 8 0
8977 8 1 8 0
8978 8 2 8 0
8979 8 3 8 0
8980 8 4 8 0
8981 8 5 8 0
8982 8 6 8 0
8983 8 7 8 0
8984 8 8 8 0
8985 8 9 8 0
8986 8 10 8 0
8987 8 11 8 0
8988 8 12 8 406
8989 8 13 8 0
8990 8 14 8 0
8991 8 15 8 0
8992 8 16 8 0
8993 8 17 8 0
8994 8 18 8 370
8995 8 19 8 0
8996 8 20 8 0
8997 8 21 8 0
8998 8 22 8 303
8999 8 23 8 303
9000 8 24 8 0
9001 8 25 8 0
9002 8 26 8 0
9003 8 27 8 0
9004 8 28 8 0
9005 8 29 8 0
9006 8 30 8 0
9007 8 31 8 0
9008 8 32 8 263
9009 9 0 8 0
9010 9 1 8 0
9011 9 2 8 0
9012 9 3 8 0
9013 9 4 8 0
9014 9 5 8 0
9015 9 6 8 0
9016 9 7 8 0
9017 9 8 8 0
9018 9 9 8 0
9019 9 10 8 0
9020 9 11 8 0
9021 9 12 8 0
9022 9 13 8 0
9023 9 14 8 454
9024 9 15 8 0
9025 9 16 8 0
9026 9 17 8 0
9027 9 18 8 0
9028 9 19 8 462
9029 9 20 8 0
9030 9 21 8 0
9031 9 22 8 0
9032 9 23 8 0
9033 9 24 8 0
9034 9 25 8 0
9035 9 26 8 472
9036 9 27 8 472
9037 9 28 8 0
9038 9 29 8 0
9039 9 30 8 0
9040 9 31 8 0
9041 9 32 8 0
9042 10 0 8 0
9043 10 1 8 486
9044 10 2 8 487
9045 10 3 8 487
9046 10 4 8 0
9047 10 5 8 0
9048 10 6 8 0
9049 10 7 8 0
9050 10 8 8 0
9051 10 9 8 0
9052 10 10 8 0
9053 10 11 8 0
9054 10 12 8 0
9055 10 13 8 0
9056 10 14 8 0
9057 10 15 8 0
9058 10 16 8 0
9059 10 17 8 0
9060 10 18 8 0
9061 10 19 8 0
9062 10 20 8 0
9063 10 21 8 0
9064 10 22 8 0
9065 10 23 8 0
9066 10 24 8 0
9067 10 25 8 0
9068 10 26 8 472
9069 10 27 8 0
9070 10 28 8 0
9071 10 29 8 0
9072 10 30 8 0
9073 10 31 8 0
9074 10 32 8 0
9075 11 0 8 0
9076 11 1 8 0
9077 11 2 8 0
9078 11 3 8 0
9079 11 4 8 544
9080 11 5 8 0
9081 11 6 8 547
9082 11 7 8 548
9083 11 8 8 0
9084 11 9 8 0
9085 11 10 8 0
9086 11 11 8 0
9087 11 12 8 0
9088 11 13 8 0
9089 11 14 8 0
9090 11 15 8 0
9091 11 16 8 0
9092 11 17 8 0
9093 11 18 8 0
9094 11 19 8 0
9095 11 20 8 566
9096 11 21 8 568
9097 11 22 8 0
9098 11 23 8 0
9099 11 24 8 0
9100 11 25 8 0
9101 11 26 8 0
9102 11 27 8 0
9103 11 28 8 0
9104 11 29 8 576
9105 11 30 8 0
9106 11 31 8 0
9107 11 32 8 0
9108 12 0 8 0
9109 12 1 8 0
9110 12 2 8 0
9111 12 3 8 0
9112 12 4 8 0
9113 12 5 8 593
9114 12 6 8 594
9115 12 7 8 0
9116 12 8 8 599
9117 12 9 8 599
9118 12 10 8 0
9119 12 11 8 603
9120 12 12 8 603
9121 12 13 8 0
9122 12 14 8 0
9123 12 15 8 0
9124 12 16 8 0
9125 12 17 8 0
9126 12 18 8 0
9127 12 19 8 0
9128 12 20 8 0
9129 12 21 8 0
9130 12 22 8 0
9131 12 23 8 0
9132 12 24 8 0
9133 12 25 8 0
9134 12 26 8 0
9135 12 27 8 0
9136 12 28 8 380
9137 12 29 8 0
9138 12 30 8 0
9139 12 31 8 380
9140 12 32 8 0
9141 13 0 8 0
9142 13 1 8 0
9143 13 2 8 0
9144 13 3 8 0
9145 13 4 8 0
9146 13 5 8 0
9147 13 6 8 0
9148 13 7 8 0
9149 13 8 8 0
9150 13 9 8 641
9151 13 10 8 0
9152 13 11 8 0
9153 13 12 8 0
9154 13 13 8 0
9155 13 14 8 0
9156 13 15 8 0
9157 13 16 8 0
9158 13 17 8 0
9159 13 18 8 0
9160 13 19 8 0
9161 13 20 8 0
9162 13 21 8 650
9163 13 22 8 0
9164 13 23 8 0
9165 13 24 8 0
9166 13 25 8 0
9167 13 26 8 0
9168 13 27 8 380
9169 13 28 8 380
9170 13 29 8 380
9171 13 30 8 380
9172 13 31 8 380
9173 13 32 8 380
9174 14 0 8 0
9175 14 1 8 0
9176 14 2 8 0
9177 14 3 8 633
9178 14 4 8 0
9179 14 5 8 0
9180 14 6 8 0
9181 14 7 8 676
9182 14 8 8 0
9183 14 9 8 0
9184 14 10 8 0
9185 14 11 8 0
9186 14 12 8 0
9187 14 13 8 0
9188 14 14 8 0
9189 14 15 8 0
9190 14 16 8 696
9191 14 17 8 0
9192 14 18 8 0
9193 14 19 8 700
9194 14 20 8 0
9195 14 21 8 0
9196 14 22 8 0
9197 14 23 8 0
9198 14 24 8 0
9199 14 25 8 0
9200 14 26 8 0
9201 14 27 8 0
9202 14 28 8 0
9203 14 29 8 380
9204 14 30 8 0
9205 14 31 8 0
9206 14 32 8 0
9207 15 0 8 0
9208 15 1 8 0
9209 15 2 8 0
9210 15 3 8 0
9211 15 4 8 0
9212 15 5 8 0
9213 15 6 8 0
9214 15 7 8 676
9215 15 8 8 676
9216 15 9 8 676
9217 15 10 8 0
9218 15 11 8 0
9219 15 12 8 0
9220 15 13 8 0
9221 15 14 8 0
9222 15 15 8 0
9223 15 16 8 0
9224 15 17 8 0
9225 15 18 8 0
9226 15 19 8 0
9227 15 20 8 0
9228 15 21 8 0
9229 15 22 8 0
9230 15 23 8 754
9231 15 24 8 0
9232 15 25 8 0
9233 15 26 8 0
9234 15 27 8 0
9235 15 28 8 0
9236 15 29 8 0
9237 15 30 8 0
9238 15 31 8 0
9239 15 32 8 0
9240 16 0 8 0
9241 16 1 8 0
9242 16 2 8 0
9243 16 3 8 0
9244 16 4 8 0
9245 16 5 8 0
9246 16 6 8 0
9247 16 7 8 0
9248 16 8 8 676
9249 16 9 8 676
9250 16 10 8 676
9251 16 11 8 0
9252 16 12 8 0
9253 16 13 8 0
9254 16 14 8 0
9255 16 15 8 0
9256 16 16 8 0
9257 16 17 8 0
9258 16 18 8 0
9259 16 19 8 0
9260 16 20 8 0
9261 16 21 8 0
9262 16 22 8 0
9263 16 23 8 0
9264 16 24 8 0
9265 16 25 8 0
9266 16 26 8 0
9267 16 27 8 0
9268 16 28 8 822
9269 16 29 8 0
9270 16 30 8 0
9271 16 31 8 0
9272 16 32 8 0
9273 17 0 8 0
9274 17 1 8 0
9275 17 2 8 0
9276 17 3 8 0
9277 17 4 8 0
9278 17 5 8 0
9279 17 6 8 0
9280 17 7 8 0
9281 17 8 8 0
9282 17 9 8 0
9283 17 10 8 0
9284 17 11 8 0
9285 17 12 8 0
9286 17 13 8 0
9287 17 14 8 0
9288 17 15 8 0
9289 17 16 8 0
9290 17 17 8 0
9291 17 18 8 0
9292 17 19 8 851
9293 17 20 8 0
9294 17 21 8 0
9295 17 22 8 0
9296 17 23 8 0
9297 17 24 8 0
9298 17 25 8 0
9299 17 26 8 0
9300 17 27 8 0
9301 17 28 8 0
9302 17 29 8 0
9303 17 30 8 0
9304 17 31 8 0
9305 17 32 8 0
9306 18 0 8 0
9307 18 1 8 0
9308 18 2 8 0
9309 18 3 8 0
9310 18 4 8 0
9311 18 5 8 0
9312 18 6 8 0
9313 18 7 8 0
9314 18 8 8 0
9315 18 9 8 0
9316 18 10 8 0
9317 18 11 8 0
9318 18 12 8 0
9319 18 13 8 0
9320 18 14 8 0
9321 18 15 8 0
9322 18 16 8 0
9323 18 17 8 0
9324 18 18 8 0
9325 18 19 8 0
9326 18 20 8 0
9327 18 21 8 896
9328 18 22 8 0
9329 18 23 8 0
9330 18 24 8 817
9331 18 25 8 817
9332 18 26 8 817
9333 18 27 8 0
9334 18 28 8 0
9335 18 29 8 0
9336 18 30 8 0
9337 18 31 8 0
9338 18 32 8 0
9339 19 0 8 0
9340 19 1 8 916
9341 19 2 8 0
9342 19 3 8 0
9343 19 4 8 0
9344 19 5 8 0
9345 19 6 8 0
9346 19 7 8 0
9347 19 8 8 0
9348 19 9 8 0
9349 19 10 8 0
9350 19 11 8 928
9351 19 12 8 0
9352 19 13 8 0
9353 19 14 8 0
9354 19 15 8 0
9355 19 16 8 0
9356 19 17 8 939
9357 19 18 8 0
9358 19 19 8 944
9359 19 20 8 0
9360 19 21 8 896
9361 19 22 8 0
9362 19 23 8 0
9363 19 24 8 817
9364 19 25 8 817
9365 19 26 8 817
9366 19 27 8 0
9367 19 28 8 0
9368 19 29 8 0
9369 19 30 8 0
9370 19 31 8 0
9371 19 32 8 0
9372 20 0 8 0
9373 20 1 8 0
9374 20 2 8 0
9375 20 3 8 0
9376 20 4 8 0
9377 20 5 8 0
9378 20 6 8 0
9379 20 7 8 0
9380 20 8 8 0
9381 20 9 8 0
9382 20 10 8 0
9383 20 11 8 0
9384 20 12 8 985
9385 20 13 8 0
9386 20 14 8 988
9387 20 15 8 0
9388 20 16 8 0
9389 20 17 8 0
9390 20 18 8 0
9391 20 19 8 944
9392 20 20 8 0
9393 20 21 8 0
9394 20 22 8 0
9395 20 23 8 0
9396 20 24 8 0
9397 20 25 8 817
9398 20 26 8 0
9399 20 27 8 0
9400 20 28 8 0
9401 20 29 8 0
9402 20 30 8 0
9403 20 31 8 0
9404 20 32 8 0
9405 21 0 8 0
9406 21 1 8 0
9407 21 2 8 0
9408 21 3 8 0
9409 21 4 8 0
9410 21 5 8 0
9411 21 6 8 0
9412 21 7 8 0
9413 21 8 8 0
9414 21 9 8 0
9415 21 10 8 0
9416 21 11 8 1025
9417 21 12 8 0
9418 21 13 8 0
9419 21 14 8 988
9420 21 15 8 0
9421 21 16 8 0
9422 21 17 8 0
9423 21 18 8 0
9424 21 19 8 944
9425 21 20 8 0
9426 21 21 8 0
9427 21 22 8 0
9428 21 23 8 0
9429 21 24 8 0
9430 21 25 8 0
9431 21 26 8 0
9432 21 27 8 0
9433 21 28 8 0
9434 21 29 8 0
9435 21 30 8 0
9436 21 31 8 0
9437 21 32 8 0
9438 22 0 8 0
9439 22 1 8 0
9440 22 2 8 0
9441 22 3 8 1016
9442 22 4 8 1016
9443 22 5 8 0
9444 22 6 8 0
9445 22 7 8 0
9446 22 8 8 1022
9447 22 9 8 1022
9448 22 10 8 1022
9449 22 11 8 0
9450 22 12 8 0
9451 22 13 8 0
9452 22 14 8 988
9453 22 15 8 0
9454 22 16 8 0
9455 22 17 8 0
9456 22 18 8 0
9457 22 19 8 0
9458 22 20 8 0
9459 22 21 8 0
9460 22 22 8 0
9461 22 23 8 0
9462 22 24 8 0
9463 22 25 8 0
9464 22 26 8 0
9465 22 27 8 0
9466 22 28 8 0
9467 22 29 8 0
9468 22 30 8 1061
9469 22 31 8 1061
9470 22 32 8 0
9471 23 0 8 0
9472 23 1 8 1101
9473 23 2 8 1102
9474 23 3 8 0
9475 23 4 8 0
9476 23 5 8 0
9477 23 6 8 0
9478 23 7 8 0
9479 23 8 8 1022
9480 23 9 8 1022
9481 23 10 8 0
9482 23 11 8 0
9483 23 12 8 0
9484 23 13 8 0
9485 23 14 8 0
9486 23 15 8 0
9487 23 16 8 0
9488 23 17 8 0
9489 23 18 8 1082
9490 23 19 8 0
9491 23 20 8 0
9492 23 21 8 0
9493 23 22 8 0
9494 23 23 8 0
9495 23 24 8 0
9496 23 25 8 0
9497 23 26 8 0
9498 23 27 8 0
9499 23 28 8 0
9500 23 29 8 0
9501 23 30 8 1061
9502 23 31 8 1061
9503 23 32 8 0
9504 24 0 8 1146
9505 24 1 8 0
9506 24 2 8 0
9507 24 3 8 0
9508 24 4 8 0
9509 24 5 8 0
9510 24 6 8 0
9511 24 7 8 0
9512 24 8 8 0
9513 24 9 8 0
9514 24 10 8 0
9515 24 11 8 0
9516 24 12 8 0
9517 24 13 8 0
9518 24 14 8 0
9519 24 15 8 0
9520 24 16 8 0
9521 24 17 8 0
9522 24 18 8 0
9523 24 19 8 0
9524 24 20 8 0
9525 24 21 8 0
9526 24 22 8 0
9527 24 23 8 0
9528 24 24 8 0
9529 24 25 8 0
9530 24 26 8 0
9531 24 27 8 0
9532 24 28 8 0
9533 24 29 8 0
9534 24 30 8 0
9535 24 31 8 1061
9536 24 32 8 0
9537 25 0 8 1146
9538 25 1 8 0
9539 25 2 8 0
9540 25 3 8 0
9541 25 4 8 0
9542 25 5 8 0
9543 25 6 8 0
9544 25 7 8 1208
9545 25 8 8 1208
9546 25 9 8 1208
9547 25 10 8 0
9548 25 11 8 0
9549 25 12 8 1162
9550 25 13 8 0
9551 25 14 8 0
9552 25 15 8 0
9553 25 16 8 0
9554 25 17 8 0
9555 25 18 8 1233
9556 25 19 8 0
9557 25 20 8 0
9558 25 21 8 0
9559 25 22 8 0
9560 25 23 8 0
9561 25 24 8 0
9562 25 25 8 0
9563 25 26 8 0
9564 25 27 8 0
9565 25 28 8 0
9566 25 29 8 1253
9567 25 30 8 0
9568 25 31 8 0
9569 25 32 8 0
9570 26 0 8 0
9571 26 1 8 0
9572 26 2 8 0
9573 26 3 8 0
9574 26 4 8 0
9575 26 5 8 0
9576 26 6 8 0
9577 26 7 8 1208
9578 26 8 8 1208
9579 26 9 8 0
9580 26 10 8 0
9581 26 11 8 0
9582 26 12 8 1162
9583 26 13 8 1162
9584 26 14 8 0
9585 26 15 8 0
9586 26 16 8 0
9587 26 17 8 0
9588 26 18 8 1285
9589 26 19 8 0
9590 26 20 8 0
9591 26 21 8 0
9592 26 22 8 0
9593 26 23 8 0
9594 26 24 8 1292
9595 26 25 8 1292
9596 26 26 8 1292
9597 26 27 8 0
9598 26 28 8 0
9599 26 29 8 0
9600 26 30 8 0
9601 26 31 8 0
9602 26 32 8 0
9603 27 0 8 0
9604 27 1 8 0
9605 27 2 8 0
9606 27 3 8 0
9607 27 4 8 0
9608 27 5 8 0
9609 27 6 8 0
9610 27 7 8 0
9611 27 8 8 0
9612 27 9 8 0
9613 27 10 8 0
9614 27 11 8 0
9615 27 12 8 1162
9616 27 13 8 0
9617 27 14 8 0
9618 27 15 8 0
9619 27 16 8 0
9620 27 17 8 0
9621 27 18 8 1335
9622 27 19 8 1335
9623 27 20 8 0
9624 27 21 8 0
9625 27 22 8 0
9626 27 23 8 1292
9627 27 24 8 1292
9628 27 25 8 1292
9629 27 26 8 1292
9630 27 27 8 0
9631 27 28 8 0
9632 27 29 8 0
9633 27 30 8 1357
9634 27 31 8 1357
9635 27 32 8 0
9636 28 0 8 0
9637 28 1 8 0
9638 28 2 8 0
9639 28 3 8 1315
9640 28 4 8 1315
9641 28 5 8 0
9642 28 6 8 0
9643 28 7 8 0
9644 28 8 8 0
9645 28 9 8 0
9646 28 10 8 0
9647 28 11 8 0
9648 28 12 8 0
9649 28 13 8 0
9650 28 14 8 0
9651 28 15 8 0
9652 28 16 8 0
9653 28 17 8 0
9654 28 18 8 1335
9655 28 19 8 0
9656 28 20 8 0
9657 28 21 8 0
9658 28 22 8 0
9659 28 23 8 0
9660 28 24 8 0
9661 28 25 8 0
9662 28 26 8 0
9663 28 27 8 0
9664 28 28 8 1398
9665 28 29 8 0
9666 28 30 8 0
9667 28 31 8 0
9668 28 32 8 0
9669 29 0 8 0
9670 29 1 8 1405
9671 29 2 8 0
9672 29 3 8 0
9673 29 4 8 0
9674 29 5 8 0
9675 29 6 8 1409
9676 29 7 8 0
9677 29 8 8 0
9678 29 9 8 0
9679 29 10 8 0
9680 29 11 8 0
9681 29 12 8 0
9682 29 13 8 0
9683 29 14 8 0
9684 29 15 8 0
9685 29 16 8 0
9686 29 17 8 0
9687 29 18 8 0
9688 29 19 8 0
9689 29 20 8 0
9690 29 21 8 0
9691 29 22 8 0
9692 29 23 8 0
9693 29 24 8 0
9694 29 25 8 0
9695 29 26 8 0
9696 29 27 8 0
9697 29 28 8 0
9698 29 29 8 0
9699 29 30 8 0
9700 29 31 8 0
9701 29 32 8 0
9702 30 0 8 0
9703 30 1 8 1405
9704 30 2 8 0
9705 30 3 8 0
9706 30 4 8 1317
9707 30 5 8 1317
9708 30 6 8 0
9709 30 7 8 1460
9710 30 8 8 1460
9711 30 9 8 21
9712 30 10 8 21
9713 30 11 8 0
9714 30 12 8 0
9715 30 13 8 0
9716 30 14 8 0
9717 30 15 8 0
9718 30 16 8 0
9719 30 17 8 0
9720 30 18 8 0
9721 30 19 8 0
9722 30 20 8 0
9723 30 21 8 0
9724 30 22 8 0
9725 30 23 8 0
9726 30 24 8 0
9727 30 25 8 0
9728 30 26 8 0
9729 30 27 8 0
9730 30 28 8 0
9731 30 29 8 1486
9732 30 30 8 0
9733 30 31 8 0
9734 30 32 8 0
9735 31 0 8 0
9736 31 1 8 1405
9737 31 2 8 0
9738 31 3 8 0
9739 31 4 8 0
9740 31 5 8 0
9741 31 6 8 0
9742 31 7 8 1460
9743 31 8 8 0
9744 31 9 8 21
9745 31 10 8 21
9746 31 11 8 21
9747 31 12 8 0
9748 31 13 8 0
9749 31 14 8 0
9750 31 15 8 0
9751 31 16 8 0
9752 31 17 8 40
9753 31 18 8 0
9754 31 19 8 0
9755 31 20 8 40
9756 31 21 8 0
9757 31 22 8 0
9758 31 23 8 0
9759 31 24 8 0
9760 31 25 8 61
9761 31 26 8 0
9762 31 27 8 0
9763 31 28 8 0
9764 31 29 8 0
9765 31 30 8 0
9766 31 31 8 0
9767 31 32 8 0
9768 32 0 8 0
9769 32 1 8 1405
9770 32 2 8 0
9771 32 3 8 0
9772 32 4 8 0
9773 32 5 8 0
9774 32 6 8 0
9775 32 7 8 0
9776 32 8 8 0
9777 32 9 8 21
9778 32 10 8 21
9779 32 11 8 21
9780 32 12 8 0
9781 32 13 8 0
9782 32 14 8 0
9783 32 15 8 0
9784 32 16 8 40
9785 32 17 8 40
9786 32 18 8 40
9787 32 19 8 40
9788 32 20 8 0
9789 32 21 8 0
9790 32 22 8 0
9791 32 23 8 0
9792 32 24 8 0
9793 32 25 8 0
9794 32 26 8 0
9795 32 27 8 61
9796 32 28 8 61
9797 32 29 8 0
9798 32 30 8 0
9799 32 31 8 0
9800 32 32 8 0
9801 0 0 9 3
9802 0 1 9 0
9803 0 2 9 0
9804 0 3 9 0
9805 0 4 9 0
9806 0 5 9 0
9807 0 6 9 0
9808 0 7 9 0
9809 0 8 9 0
9810 0 9 9 21
9811 0 10 9 21
9812 0 11 9 21
9813 0 12 9 0
9814 0 13 9 0
9815 0 14 9 0
9816 0 15 9 0
9817 0 16 9 40
9818 0 17 9 40
9819 0 18 9 40
9820 0 19 9 0
9821 0 20 9 0
9822 0 21 9 0
9823 0 22 9 0
9824 0 23 9 0
9825 0 24 9 0
9826 0 25 9 0
9827 0 26 9 0
9828 0 27 9 0
9829 0 28 9 0
9830 0 29 9 0
9831 0 30 9 0
9832 0 31 9 0
9833 0 32 9 0
9834 1 0 9 76
9835 1 1 9 0
9836 1 2 9 0
9837 1 3 9 0
9838 1 4 9 0
9839 1 5 9 0
9840 1 6 9 0
9841 1 7 9 0
9842 1 8 9 0
9843 1 9 9 0
9844 1 10 9 0
9845 1 11 9 0
9846 1 12 9 0
9847 1 13 9 0
9848 1 14 9 0
9849 1 15 9 0
9850 1 16 9 0
9851 1 17 9 0
9852 1 18 9 0
9853 1 19 9 0
9854 1 20 9 0
9855 1 21 9 0
9856 1 22 9 0
9857 1 23 9 0
9858 1 24 9 0
9859 1 25 9 114
9860 1 26 9 114
9861 1 27 9 0
9862 1 28 9 0
9863 1 29 9 0
9864 1 30 9 123
9865 1 31 9 126
9866 1 32 9 76
9867 2 0 9 0
9868 2 1 9 0
9869 2 2 9 0
9870 2 3 9 0
9871 2 4 9 0
9872 2 5 9 0
9873 2 6 9 0
9874 2 7 9 0
9875 2 8 9 143
9876 2 9 9 143
9877 2 10 9 0
9878 2 11 9 0
9879 2 12 9 0
9880 2 13 9 0
9881 2 14 9 0
9882 2 15 9 0
9883 2 16 9 0
9884 2 17 9 0
9885 2 18 9 0
9886 2 19 9 0
9887 2 20 9 0
9888 2 21 9 0
9889 2 22 9 0
9890 2 23 9 0
9891 2 24 9 0
9892 2 25 9 0
9893 2 26 9 0
9894 2 27 9 0
9895 2 28 9 0
9896 2 29 9 0
9897 2 30 9 0
9898 2 31 9 0
9899 2 32 9 0
9900 3 0 9 0
9901 3 1 9 0
9902 3 2 9 0
9903 3 3 9 0
9904 3 4 9 0
9905 3 5 9 0
9906 3 6 9 0
9907 3 7 9 0
9908 3 8 9 0
9909 3 9 9 143
9910 3 10 9 0
9911 3 11 9 0
9912 3 12 9 0
9913 3 13 9 0
9914 3 14 9 0
9915 3 15 9 0
9916 3 16 9 0
9917 3 17 9 0
9918 3 18 9 0
9919 3 19 9 0
9920 3 20 9 0
9921 3 21 9 0
9922 3 22 9 0
9923 3 23 9 0
9924 3 24 9 0
9925 3 25 9 0
9926 3 26 9 0
9927 3 27 9 207
9928 3 28 9 207
9929 3 29 9 0
9930 3 30 9 0
9931 3 31 9 0
9932 3 32 9 0
9933 4 0 9 0
9934 4 1 9 220
9935 4 2 9 0
9936 4 3 9 0
9937 4 4 9 0
9938 4 5 9 0
9939 4 6 9 0
9940 4 7 9 0
9941 4 8 9 0
9942 4 9 9 0
9943 4 10 9 232
9944 4 11 9 0
9945 4 12 9 0
9946 4 13 9 0
9947 4 14 9 0
9948 4 15 9 244
9949 4 16 9 0
9950 4 17 9 244
9951 4 18 9 0
9952 4 19 9 0
9953 4 20 9 0
9954 4 21 9 252
9955 4 22 9 0
9956 4 23 9 0
9957 4 24 9 0
9958 4 25 9 0
9959 4 26 9 0
9960 4 27 9 0
9961 4 28 9 0
9962 4 29 9 0
9963 4 30 9 0
9964 4 31 9 0
9965 4 32 9 0
9966 5 0 9 263
9967 5 1 9 0
9968 5 2 9 0
9969 5 3 9 0
9970 5 4 9 0
9971 5 5 9 0
9972 5 6 9 272
9973 5 7 9 272
9974 5 8 9 0
9975 5 9 9 0
9976 5 10 9 0
9977 5 11 9 284
9978 5 12 9 0
9979 5 13 9 0
9980 5 14 9 0
9981 5 15 9 244
9982 5 16 9 244
9983 5 17 9 244
9984 5 18 9 0
9985 5 19 9 0
9986 5 20 9 0
9987 5 21 9 252
9988 5 22 9 252
9989 5 23 9 0
9990 5 24 9 0
9991 5 25 9 0
9992 5 26 9 0
9993 5 27 9 0
9994 5 28 9 211
9995 5 29 9 0
9996 5 30 9 305
9997 5 31 9 0
9998 5 32 9 263
9999 6 0 9 263
10000 6 1 9 263
10001 6 2 9 0
10002 6 3 9 0
10003 6 4 9 0
10004 6 5 9 272
10005 6 6 9 272
10006 6 7 9 272
10007 6 8 9 0
10008 6 9 9 0
10009 6 10 9 0
10010 6 11 9 0
10011 6 12 9 324
10012 6 13 9 324
10013 6 14 9 0
10014 6 15 9 244
10015 6 16 9 0
10016 6 17 9 0
10017 6 18 9 0
10018 6 19 9 0
10019 6 20 9 0
10020 6 21 9 0
10021 6 22 9 0
10022 6 23 9 0
10023 6 24 9 0
10024 6 25 9 341
10025 6 26 9 342
10026 6 27 9 0
10027 6 28 9 0
10028 6 29 9 0
10029 6 30 9 0
10030 6 31 9 0
10031 6 32 9 263
10032 7 0 9 263
10033 7 1 9 0
10034 7 2 9 0
10035 7 3 9 0
10036 7 4 9 0
10037 7 5 9 0
10038 7 6 9 0
10039 7 7 9 272
10040 7 8 9 0
10041 7 9 9 0
10042 7 10 9 0
10043 7 11 9 0
10044 7 12 9 365
10045 7 13 9 365
10046 7 14 9 0
10047 7 15 9 0
10048 7 16 9 0
10049 7 17 9 0
10050 7 18 9 0
10051 7 19 9 371
10052 7 20 9 0
10053 7 21 9 0
10054 7 22 9 0
10055 7 23 9 303
10056 7 24 9 0
10057 7 25 9 0
10058 7 26 9 0
10059 7 27 9 0
10060 7 28 9 0
10061 7 29 9 0
10062 7 30 9 0
10063 7 31 9 0
10064 7 32 9 263
10065 8 0 9 0
10066 8 1 9 0
10067 8 2 9 0
10068 8 3 9 0
10069 8 4 9 0
10070 8 5 9 0
10071 8 6 9 0
10072 8 7 9 0
10073 8 8 9 397
10074 8 9 9 397
10075 8 10 9 0
10076 8 11 9 0
10077 8 12 9 0
10078 8 13 9 365
10079 8 14 9 0
10080 8 15 9 0
10081 8 16 9 0
10082 8 17 9 0
10083 8 18 9 0
10084 8 19 9 0
10085 8 20 9 0
10086 8 21 9 0
10087 8 22 9 303
10088 8 23 9 303
10089 8 24 9 303
10090 8 25 9 0
10091 8 26 9 0
10092 8 27 9 0
10093 8 28 9 0
10094 8 29 9 0
10095 8 30 9 0
10096 8 31 9 0
10097 8 32 9 0
10098 9 0 9 0
10099 9 1 9 0
10100 9 2 9 0
10101 9 3 9 0
10102 9 4 9 0
10103 9 5 9 0
10104 9 6 9 0
10105 9 7 9 397
10106 9 8 9 397
10107 9 9 9 397
10108 9 10 9 397
10109 9 11 9 0
10110 9 12 9 407
10111 9 13 9 407
10112 9 14 9 0
10113 9 15 9 0
10114 9 16 9 0
10115 9 17 9 0
10116 9 18 9 0
10117 9 19 9 463
10118 9 20 9 0
10119 9 21 9 0
10120 9 22 9 0
10121 9 23 9 0
10122 9 24 9 0
10123 9 25 9 0
10124 9 26 9 0
10125 9 27 9 0
10126 9 28 9 475
10127 9 29 9 477
10128 9 30 9 477
10129 9 31 9 0
10130 9 32 9 0
10131 10 0 9 0
10132 10 1 9 0
10133 10 2 9 0
10134 10 3 9 0
10135 10 4 9 0
10136 10 5 9 0
10137 10 6 9 0
10138 10 7 9 0
10139 10 8 9 397
10140 10 9 9 397
10141 10 10 9 0
10142 10 11 9 0
10143 10 12 9 407
10144 10 13 9 407
10145 10 14 9 0
10146 10 15 9 0
10147 10 16 9 0
10148 10 17 9 0
10149 10 18 9 0
10150 10 19 9 0
10151 10 20 9 0
10152 10 21 9 0
10153 10 22 9 0
10154 10 23 9 0
10155 10 24 9 0
10156 10 25 9 0
10157 10 26 9 0
10158 10 27 9 0
10159 10 28 9 475
10160 10 29 9 477
10161 10 30 9 0
10162 10 31 9 0
10163 10 32 9 0
10164 11 0 9 0
10165 11 1 9 0
10166 11 2 9 0
10167 11 3 9 0
10168 11 4 9 0
10169 11 5 9 0
10170 11 6 9 548
10171 11 7 9 548
10172 11 8 9 0
10173 11 9 9 0
10174 11 10 9 0
10175 11 11 9 0
10176 11 12 9 0
10177 11 13 9 0
10178 11 14 9 0
10179 11 15 9 0
10180 11 16 9 0
10181 11 17 9 0
10182 11 18 9 0
10183 11 19 9 0
10184 11 20 9 0
10185 11 21 9 0
10186 11 22 9 0
10187 11 23 9 0
10188 11 24 9 0
10189 11 25 9 0
10190 11 26 9 0
10191 11 27 9 0
10192 11 28 9 0
10193 11 29 9 0
10194 11 30 9 0
10195 11 31 9 0
10196 11 32 9 0
10197 12 0 9 0
10198 12 1 9 0
10199 12 2 9 0
10200 12 3 9 0
10201 12 4 9 0
10202 12 5 9 0
10203 12 6 9 0
10204 12 7 9 0
10205 12 8 9 599
10206 12 9 9 600
10207 12 10 9 0
10208 12 11 9 0
10209 12 12 9 0
10210 12 13 9 0
10211 12 14 9 0
10212 12 15 9 0
10213 12 16 9 0
10214 12 17 9 0
10215 12 18 9 0
10216 12 19 9 0
10217 12 20 9 0
10218 12 21 9 0
10219 12 22 9 0
10220 12 23 9 0
10221 12 24 9 0
10222 12 25 9 0
10223 12 26 9 0
10224 12 27 9 0
10225 12 28 9 0
10226 12 29 9 0
10227 12 30 9 624
10228 12 31 9 0
10229 12 32 9 0
10230 13 0 9 0
10231 13 1 9 0
10232 13 2 9 0
10233 13 3 9 0
10234 13 4 9 0
10235 13 5 9 0
10236 13 6 9 0
10237 13 7 9 0
10238 13 8 9 0
10239 13 9 9 0
10240 13 10 9 0
10241 13 11 9 0
10242 13 12 9 0
10243 13 13 9 0
10244 13 14 9 0
10245 13 15 9 0
10246 13 16 9 0
10247 13 17 9 0
10248 13 18 9 0
10249 13 19 9 0
10250 13 20 9 0
10251 13 21 9 0
10252 13 22 9 651
10253 13 23 9 0
10254 13 24 9 654
10255 13 25 9 0
10256 13 26 9 0
10257 13 27 9 380
10258 13 28 9 380
10259 13 29 9 380
10260 13 30 9 380
10261 13 31 9 0
10262 13 32 9 0
10263 14 0 9 0
10264 14 1 9 0
10265 14 2 9 0
10266 14 3 9 0
10267 14 4 9 0
10268 14 5 9 0
10269 14 6 9 0
10270 14 7 9 0
10271 14 8 9 676
10272 14 9 9 0
10273 14 10 9 0
10274 14 11 9 0
10275 14 12 9 688
10276 14 13 9 0
10277 14 14 9 0
10278 14 15 9 0
10279 14 16 9 0
10280 14 17 9 0
10281 14 18 9 0
10282 14 19 9 612
10283 14 20 9 612
10284 14 21 9 0
10285 14 22 9 0
10286 14 23 9 0
10287 14 24 9 0
10288 14 25 9 0
10289 14 26 9 0
10290 14 27 9 380
10291 14 28 9 380
10292 14 29 9 380
10293 14 30 9 0
10294 14 31 9 0
10295 14 32 9 0
10296 15 0 9 720
10297 15 1 9 721
10298 15 2 9 0
10299 15 3 9 0
10300 15 4 9 0
10301 15 5 9 0
10302 15 6 9 0
10303 15 7 9 676
10304 15 8 9 676
10305 15 9 9 676
10306 15 10 9 676
10307 15 11 9 0
10308 15 12 9 688
10309 15 13 9 691
10310 15 14 9 0
10311 15 15 9 694
10312 15 16 9 745
10313 15 17 9 0
10314 15 18 9 0
10315 15 19 9 612
10316 15 20 9 612
10317 15 21 9 0
10318 15 22 9 0
10319 15 23 9 0
10320 15 24 9 0
10321 15 25 9 0
10322 15 26 9 0
10323 15 27 9 0
10324 15 28 9 0
10325 15 29 9 0
10326 15 30 9 0
10327 15 31 9 0
10328 15 32 9 0
10329 16 0 9 720
10330 16 1 9 0
10331 16 2 9 0
10332 16 3 9 0
10333 16 4 9 0
10334 16 5 9 0
10335 16 6 9 676
10336 16 7 9 676
10337 16 8 9 676
10338 16 9 9 676
10339 16 10 9 676
10340 16 11 9 0
10341 16 12 9 0
10342 16 13 9 691
10343 16 14 9 0
10344 16 15 9 0
10345 16 16 9 0
10346 16 17 9 0
10347 16 18 9 0
10348 16 19 9 0
10349 16 20 9 0
10350 16 21 9 0
10351 16 22 9 0
10352 16 23 9 0
10353 16 24 9 0
10354 16 25 9 0
10355 16 26 9 0
10356 16 27 9 0
10357 16 28 9 0
10358 16 29 9 0
10359 16 30 9 0
10360 16 31 9 0
10361 16 32 9 0
10362 17 0 9 0
10363 17 1 9 0
10364 17 2 9 0
10365 17 3 9 0
10366 17 4 9 0
10367 17 5 9 0
10368 17 6 9 0
10369 17 7 9 0
10370 17 8 9 0
10371 17 9 9 0
10372 17 10 9 0
10373 17 11 9 0
10374 17 12 9 0
10375 17 13 9 0
10376 17 14 9 0
10377 17 15 9 0
10378 17 16 9 0
10379 17 17 9 0
10380 17 18 9 0
10381 17 19 9 0
10382 17 20 9 0
10383 17 21 9 0
10384 17 22 9 0
10385 17 23 9 0
10386 17 24 9 817
10387 17 25 9 817
10388 17 26 9 817
10389 17 27 9 0
10390 17 28 9 0
10391 17 29 9 0
10392 17 30 9 0
10393 17 31 9 0
10394 17 32 9 0
10395 18 0 9 0
10396 18 1 9 0
10397 18 2 9 0
10398 18 3 9 0
10399 18 4 9 0
10400 18 5 9 0
10401 18 6 9 0
10402 18 7 9 0
10403 18 8 9 0
10404 18 9 9 0
10405 18 10 9 0
10406 18 11 9 0
10407 18 12 9 0
10408 18 13 9 0
10409 18 14 9 0
10410 18 15 9 0
10411 18 16 9 0
10412 18 17 9 0
10413 18 18 9 0
10414 18 19 9 0
10415 18 20 9 0
10416 18 21 9 896
10417 18 22 9 896
10418 18 23 9 0
10419 18 24 9 817
10420 18 25 9 817
10421 18 26 9 817
10422 18 27 9 817
10423 18 28 9 0
10424 18 29 9 0
10425 18 30 9 0
10426 18 31 9 0
10427 18 32 9 0
10428 19 0 9 0
10429 19 1 9 0
10430 19 2 9 0
10431 19 3 9 0
10432 19 4 9 0
10433 19 5 9 0
10434 19 6 9 780
10435 19 7 9 0
10436 19 8 9 0
10437 19 9 9 0
10438 19 10 9 0
10439 19 11 9 928
10440 19 12 9 0
10441 19 13 9 0
10442 19 14 9 0
10443 19 15 9 0
10444 19 16 9 938
10445 19 17 9 0
10446 19 18 9 0
10447 19 19 9 0
10448 19 20 9 0
10449 19 21 9 896
10450 19 22 9 0
10451 19 23 9 0
10452 19 24 9 817
10453 19 25 9 817
10454 19 26 9 817
10455 19 27 9 0
10456 19 28 9 0
10457 19 29 9 0
10458 19 30 9 0
10459 19 31 9 0
10460 19 32 9 0
10461 20 0 9 0
10462 20 1 9 0
10463 20 2 9 0
10464 20 3 9 0
10465 20 4 9 0
10466 20 5 9 780
10467 20 6 9 780
10468 20 7 9 0
10469 20 8 9 0
10470 20 9 9 0
10471 20 10 9 0
10472 20 11 9 0
10473 20 12 9 0
10474 20 13 9 0
10475 20 14 9 988
10476 20 15 9 988
10477 20 16 9 0
10478 20 17 9 0
10479 20 18 9 0
10480 20 19 9 944
10481 20 20 9 0
10482 20 21 9 0
10483 20 22 9 0
10484 20 23 9 0
10485 20 24 9 0
10486 20 25 9 0
10487 20 26 9 0
10488 20 27 9 0
10489 20 28 9 0
10490 20 29 9 0
10491 20 30 9 0
10492 20 31 9 0
10493 20 32 9 0
10494 21 0 9 0
10495 21 1 9 0
10496 21 2 9 0
10497 21 3 9 0
10498 21 4 9 0
10499 21 5 9 0
10500 21 6 9 0
10501 21 7 9 0
10502 21 8 9 0
10503 21 9 9 0
10504 21 10 9 0
10505 21 11 9 0
10506 21 12 9 0
10507 21 13 9 0
10508 21 14 9 988
10509 21 15 9 0
10510 21 16 9 0
10511 21 17 9 0
10512 21 18 9 0
10513 21 19 9 944
10514 21 20 9 0
10515 21 21 9 0
10516 21 22 9 0
10517 21 23 9 0
10518 21 24 9 0
10519 21 25 9 0
10520 21 26 9 0
10521 21 27 9 0
10522 21 28 9 0
10523 21 29 9 0
10524 21 30 9 0
10525 21 31 9 1061
10526 21 32 9 0
10527 22 0 9 0
10528 22 1 9 0
10529 22 2 9 0
10530 22 3 9 0
10531 22 4 9 0
10532 22 5 9 0
10533 22 6 9 0
10534 22 7 9 0
10535 22 8 9 0
10536 22 9 9 1022
10537 22 10 9 1022
10538 22 11 9 0
10539 22 12 9 0
10540 22 13 9 0
10541 22 14 9 0
10542 22 15 9 0
10543 22 16 9 0
10544 22 17 9 0
10545 22 18 9 1082
10546 22 19 9 0
10547 22 20 9 0
10548 22 21 9 0
10549 22 22 9 1046
10550 22 23 9 1046
10551 22 24 9 0
10552 22 25 9 0
10553 22 26 9 0
10554 22 27 9 0
10555 22 28 9 0
10556 22 29 9 0
10557 22 30 9 1061
10558 22 31 9 1061
10559 22 32 9 0
10560 23 0 9 1098
10561 23 1 9 0
10562 23 2 9 0
10563 23 3 9 0
10564 23 4 9 0
10565 23 5 9 0
10566 23 6 9 0
10567 23 7 9 0
10568 23 8 9 0
10569 23 9 9 1022
10570 23 10 9 1022
10571 23 11 9 1022
10572 23 12 9 0
10573 23 13 9 0
10574 23 14 9 0
10575 23 15 9 0
10576 23 16 9 0
10577 23 17 9 0
10578 23 18 9 1082
10579 23 19 9 0
10580 23 20 9 0
10581 23 21 9 0
10582 23 22 9 0
10583 23 23 9 0
10584 23 24 9 0
10585 23 25 9 0
10586 23 26 9 0
10587 23 27 9 0
10588 23 28 9 0
10589 23 29 9 0
10590 23 30 9 0
10591 23 31 9 1061
10592 23 32 9 0
10593 24 0 9 0
10594 24 1 9 0
10595 24 2 9 0
10596 24 3 9 0
10597 24 4 9 0
10598 24 5 9 0
10599 24 6 9 0
10600 24 7 9 0
10601 24 8 9 0
10602 24 9 9 0
10603 24 10 9 0
10604 24 11 9 0
10605 24 12 9 0
10606 24 13 9 0
10607 24 14 9 0
10608 24 15 9 0
10609 24 16 9 0
10610 24 17 9 0
10611 24 18 9 0
10612 24 19 9 0
10613 24 20 9 0
10614 24 21 9 0
10615 24 22 9 0
10616 24 23 9 0
10617 24 24 9 0
10618 24 25 9 0
10619 24 26 9 0
10620 24 27 9 0
10621 24 28 9 0
10622 24 29 9 0
10623 24 30 9 0
10624 24 31 9 0
10625 24 32 9 0
10626 25 0 9 0
10627 25 1 9 0
10628 25 2 9 1197
10629 25 3 9 0
10630 25 4 9 0
10631 25 5 9 0
10632 25 6 9 0
10633 25 7 9 0
10634 25 8 9 1208
10635 25 9 9 0
10636 25 10 9 0
10637 25 11 9 0
10638 25 12 9 0
10639 25 13 9 0
10640 25 14 9 0
10641 25 15 9 0
10642 25 16 9 0
10643 25 17 9 0
10644 25 18 9 0
10645 25 19 9 0
10646 25 20 9 0
10647 25 21 9 0
10648 25 22 9 0
10649 25 23 9 1244
10650 25 24 9 0
10651 25 25 9 0
10652 25 26 9 0
10653 25 27 9 1187
10654 25 28 9 0
10655 25 29 9 0
10656 25 30 9 0
10657 25 31 9 0
10658 25 32 9 0
10659 26 0 9 0
10660 26 1 9 0
10661 26 2 9 1264
10662 26 3 9 1264
10663 26 4 9 0
10664 26 5 9 0
10665 26 6 9 0
10666 26 7 9 0
10667 26 8 9 1208
10668 26 9 9 0
10669 26 10 9 0
10670 26 11 9 0
10671 26 12 9 0
10672 26 13 9 0
10673 26 14 9 0
10674 26 15 9 0
10675 26 16 9 0
10676 26 17 9 1283
10677 26 18 9 0
10678 26 19 9 0
10679 26 20 9 0
10680 26 21 9 0
10681 26 22 9 1289
10682 26 23 9 0
10683 26 24 9 0
10684 26 25 9 0
10685 26 26 9 0
10686 26 27 9 0
10687 26 28 9 0
10688 26 29 9 0
10689 26 30 9 0
10690 26 31 9 0
10691 26 32 9 0
10692 27 0 9 0
10693 27 1 9 0
10694 27 2 9 1264
10695 27 3 9 1264
10696 27 4 9 0
10697 27 5 9 0
10698 27 6 9 0
10699 27 7 9 0
10700 27 8 9 0
10701 27 9 9 0
10702 27 10 9 0
10703 27 11 9 0
10704 27 12 9 0
10705 27 13 9 0
10706 27 14 9 0
10707 27 15 9 0
10708 27 16 9 0
10709 27 17 9 0
10710 27 18 9 0
10711 27 19 9 0
10712 27 20 9 0
10713 27 21 9 0
10714 27 22 9 0
10715 27 23 9 1344
10716 27 24 9 0
10717 27 25 9 0
10718 27 26 9 0
10719 27 27 9 0
10720 27 28 9 0
10721 27 29 9 0
10722 27 30 9 0
10723 27 31 9 0
10724 27 32 9 0
10725 28 0 9 0
10726 28 1 9 0
10727 28 2 9 0
10728 28 3 9 0
10729 28 4 9 0
10730 28 5 9 0
10731 28 6 9 0
10732 28 7 9 0
10733 28 8 9 0
10734 28 9 9 0
10735 28 10 9 0
10736 28 11 9 0
10737 28 12 9 0
10738 28 13 9 0
10739 28 14 9 0
10740 28 15 9 0
10741 28 16 9 0
10742 28 17 9 0
10743 28 18 9 0
10744 28 19 9 0
10745 28 20 9 0
10746 28 21 9 0
10747 28 22 9 0
10748 28 23 9 0
10749 28 24 9 0
10750 28 25 9 0
10751 28 26 9 0
10752 28 27 9 0
10753 28 28 9 0
10754 28 29 9 0
10755 28 30 9 1399
10756 28 31 9 1399
10757 28 32 9 0
10758 29 0 9 0
10759 29 1 9 1405
10760 29 2 9 0
10761 29 3 9 0
10762 29 4 9 0
10763 29 5 9 0
10764 29 6 9 0
10765 29 7 9 0
10766 29 8 9 0
10767 29 9 9 0
10768 29 10 9 0
10769 29 11 9 0
10770 29 12 9 0
10771 29 13 9 0
10772 29 14 9 0
10773 29 15 9 1426
10774 29 16 9 0
10775 29 17 9 0
10776 29 18 9 0
10777 29 19 9 0
10778 29 20 9 0
10779 29 21 9 0
10780 29 22 9 0
10781 29 23 9 0
10782 29 24 9 0
10783 29 25 9 0
10784 29 26 9 0
10785 29 27 9 0
10786 29 28 9 0
10787 29 29 9 0
10788 29 30 9 1399
10789 29 31 9 1450
10790 29 32 9 0
10791 30 0 9 0
10792 30 1 9 1405
10793 30 2 9 0
10794 30 3 9 1317
10795 30 4 9 1317
10796 30 5 9 1317
10797 30 6 9 1317
10798 30 7 9 0
10799 30 8 9 0
10800 30 9 9 21
10801 30 10 9 21
10802 30 11 9 0
10803 30 12 9 0
10804 30 13 9 0
10805 30 14 9 0
10806 30 15 9 0
10807 30 16 9 0
10808 30 17 9 0
10809 30 18 9 0
10810 30 19 9 0
10811 30 20 9 40
10812 30 21 9 40
10813 30 22 9 40
10814 30 23 9 0
10815 30 24 9 0
10816 30 25 9 0
10817 30 26 9 0
10818 30 27 9 0
10819 30 28 9 0
10820 30 29 9 0
10821 30 30 9 0
10822 30 31 9 0
10823 30 32 9 0
10824 31 0 9 0
10825 31 1 9 1405
10826 31 2 9 1492
10827 31 3 9 0
10828 31 4 9 0
10829 31 5 9 1317
10830 31 6 9 0
10831 31 7 9 0
10832 31 8 9 0
10833 31 9 9 21
10834 31 10 9 21
10835 31 11 9 21
10836 31 12 9 0
10837 31 13 9 0
10838 31 14 9 0
10839 31 15 9 0
10840 31 16 9 0
10841 31 17 9 0
10842 31 18 9 0
10843 31 19 9 40
10844 31 20 9 40
10845 31 21 9 40
10846 31 22 9 40
10847 31 23 9 0
10848 31 24 9 0
10849 31 25 9 0
10850 31 26 9 0
10851 31 27 9 0
10852 31 28 9 0
10853 31 29 9 0
10854 31 30 9 0
10855 31 31 9 0
10856 31 32 9 0
10857 32 0 9 0
10858 32 1 9 1405
10859 32 2 9 0
10860 32 3 9 0
10861 32 4 9 0
10862 32 5 9 0
10863 32 6 9 0
10864 32 7 9 0
10865 32 8 9 0
10866 32 9 9 0
10867 32 10 9 21
10868 32 11 9 21
10869 32 12 9 0
10870 32 13 9 0
10871 32 14 9 0
10872 32 15 9 1551
10873 32 16 9 0
10874 32 17 9 40
10875 32 18 9 40
10876 32 19 9 40
10877 32 20 9 40
10878 32 21 9 40
10879 32 22 9 0
10880 32 23 9 0
10881 32 24 9 0
10882 32 25 9 0
10883 32 26 9 0
10884 32 27 9 0
10885 32 28 9 61
10886 32 29 9 0
10887 32 30 9 0
10888 32 31 9 0
10889 32 32 9 0
10890 0 0 10 0
10891 0 1 10 0
10892 0 2 10 0
10893 0 3 10 0
10894 0 4 10 0
10895 0 5 10 0
10896 0 6 10 0
10897 0 7 10 0
10898 0 8 10 0
10899 0 9 10 0
10900 0 10 10 21
10901 0 11 10 0
10902 0 12 10 0
10903 0 13 10 0
10904 0 14 10 0
10905 0 15 10 0
10906 0 16 10 0
10907 0 17 10 0
10908 0 18 10 0
10909 0 19 10 0
10910 0 20 10 0
10911 0 21 10 40
10912 0 22 10 0
10913 0 23 10 0
10914 0 24 10 0
10915 0 25 10 0
10916 0 26 10 0
10917 0 27 10 0
10918 0 28 10 0
10919 0 29 10 0
10920 0 30 10 0
10921 0 31 10 0
10922 0 32 10 0
10923 1 0 10 0
10924 1 1 10 0
10925 1 2 10 0
10926 1 3 10 80
10927 1 4 10 0
10928 1 5 10 0
10929 1 6 10 0
10930 1 7 10 0
10931 1 8 10 0
10932 1 9 10 0
10933 1 10 10 0
10934 1 11 10 0
10935 1 12 10 34
10936 1 13 10 34
10937 1 14 10 0
10938 1 15 10 0
10939 1 16 10 0
10940 1 17 10 0
10941 1 18 10 0
10942 1 19 10 0
10943 1 20 10 0
10944 1 21 10 0
10945 1 22 10 0
10946 1 23 10 0
10947 1 24 10 0
10948 1 25 10 0
10949 1 26 10 0
10950 1 27 10 0
10951 1 28 10 0
10952 1 29 10 0
10953 1 30 10 0
10954 1 31 10 0
10955 1 32 10 0
10956 2 0 10 0
10957 2 1 10 0
10958 2 2 10 0
10959 2 3 10 0
10960 2 4 10 0
10961 2 5 10 0
10962 2 6 10 0
10963 2 7 10 0
10964 2 8 10 143
10965 2 9 10 143
10966 2 10 10 0
10967 2 11 10 0
10968 2 12 10 34
10969 2 13 10 34
10970 2 14 10 0
10971 2 15 10 0
10972 2 16 10 0
10973 2 17 10 41
10974 2 18 10 0
10975 2 19 10 0
10976 2 20 10 0
10977 2 21 10 0
10978 2 22 10 0
10979 2 23 10 0
10980 2 24 10 0
10981 2 25 10 0
10982 2 26 10 0
10983 2 27 10 0
10984 2 28 10 0
10985 2 29 10 0
10986 2 30 10 0
10987 2 31 10 173
10988 2 32 10 0
10989 3 0 10 0
10990 3 1 10 0
10991 3 2 10 0
10992 3 3 10 0
10993 3 4 10 0
10994 3 5 10 0
10995 3 6 10 0
10996 3 7 10 0
10997 3 8 10 143
10998 3 9 10 143
10999 3 10 10 0
11000 3 11 10 0
11001 3 12 10 0
11002 3 13 10 0
11003 3 14 10 0
11004 3 15 10 0
11005 3 16 10 0
11006 3 17 10 0
11007 3 18 10 41
11008 3 19 10 0
11009 3 20 10 0
11010 3 21 10 0
11011 3 22 10 0
11012 3 23 10 0
11013 3 24 10 0
11014 3 25 10 0
11015 3 26 10 0
11016 3 27 10 207
11017 3 28 10 0
11018 3 29 10 211
11019 3 30 10 0
11020 3 31 10 0
11021 3 32 10 0
11022 4 0 10 0
11023 4 1 10 0
11024 4 2 10 0
11025 4 3 10 222
11026 4 4 10 0
11027 4 5 10 0
11028 4 6 10 0
11029 4 7 10 0
11030 4 8 10 0
11031 4 9 10 143
11032 4 10 10 0
11033 4 11 10 0
11034 4 12 10 0
11035 4 13 10 0
11036 4 14 10 0
11037 4 15 10 0
11038 4 16 10 0
11039 4 17 10 0
11040 4 18 10 0
11041 4 19 10 0
11042 4 20 10 0
11043 4 21 10 0
11044 4 22 10 0
11045 4 23 10 0
11046 4 24 10 0
11047 4 25 10 0
11048 4 26 10 0
11049 4 27 10 0
11050 4 28 10 211
11051 4 29 10 211
11052 4 30 10 0
11053 4 31 10 0
11054 4 32 10 0
11055 5 0 10 0
11056 5 1 10 0
11057 5 2 10 0
11058 5 3 10 0
11059 5 4 10 0
11060 5 5 10 272
11061 5 6 10 272
11062 5 7 10 0
11063 5 8 10 0
11064 5 9 10 0
11065 5 10 10 0
11066 5 11 10 0
11067 5 12 10 0
11068 5 13 10 0
11069 5 14 10 0
11070 5 15 10 0
11071 5 16 10 0
11072 5 17 10 0
11073 5 18 10 0
11074 5 19 10 0
11075 5 20 10 0
11076 5 21 10 0
11077 5 22 10 0
11078 5 23 10 0
11079 5 24 10 0
11080 5 25 10 0
11081 5 26 10 211
11082 5 27 10 211
11083 5 28 10 211
11084 5 29 10 0
11085 5 30 10 0
11086 5 31 10 263
11087 5 32 10 263
11088 6 0 10 263
11089 6 1 10 0
11090 6 2 10 0
11091 6 3 10 0
11092 6 4 10 0
11093 6 5 10 272
11094 6 6 10 272
11095 6 7 10 272
11096 6 8 10 0
11097 6 9 10 0
11098 6 10 10 0
11099 6 11 10 0
11100 6 12 10 0
11101 6 13 10 324
11102 6 14 10 0
11103 6 15 10 0
11104 6 16 10 0
11105 6 17 10 0
11106 6 18 10 0
11107 6 19 10 0
11108 6 20 10 0
11109 6 21 10 0
11110 6 22 10 0
11111 6 23 10 0
11112 6 24 10 0
11113 6 25 10 0
11114 6 26 10 0
11115 6 27 10 0
11116 6 28 10 0
11117 6 29 10 0
11118 6 30 10 0
11119 6 31 10 0
11120 6 32 10 0
11121 7 0 10 263
11122 7 1 10 263
11123 7 2 10 0
11124 7 3 10 0
11125 7 4 10 0
11126 7 5 10 0
11127 7 6 10 272
11128 7 7 10 0
11129 7 8 10 0
11130 7 9 10 0
11131 7 10 10 0
11132 7 11 10 0
11133 7 12 10 365
11134 7 13 10 365
11135 7 14 10 0
11136 7 15 10 0
11137 7 16 10 0
11138 7 17 10 0
11139 7 18 10 0
11140 7 19 10 372
11141 7 20 10 0
11142 7 21 10 0
11143 7 22 10 0
11144 7 23 10 303
11145 7 24 10 0
11146 7 25 10 0
11147 7 26 10 0
11148 7 27 10 0
11149 7 28 10 0
11150 7 29 10 0
11151 7 30 10 0
11152 7 31 10 0
11153 7 32 10 0
11154 8 0 10 263
11155 8 1 10 263
11156 8 2 10 0
11157 8 3 10 0
11158 8 4 10 393
11159 8 5 10 0
11160 8 6 10 0
11161 8 7 10 0
11162 8 8 10 397
11163 8 9 10 397
11164 8 10 10 0
11165 8 11 10 0
11166 8 12 10 407
11167 8 13 10 0
11168 8 14 10 0
11169 8 15 10 0
11170 8 16 10 0
11171 8 17 10 0
11172 8 18 10 0
11173 8 19 10 0
11174 8 20 10 0
11175 8 21 10 0
11176 8 22 10 0
11177 8 23 10 303
11178 8 24 10 303
11179 8 25 10 0
11180 8 26 10 0
11181 8 27 10 0
11182 8 28 10 428
11183 8 29 10 0
11184 8 30 10 0
11185 8 31 10 0
11186 8 32 10 0
11187 9 0 10 0
11188 9 1 10 0
11189 9 2 10 0
11190 9 3 10 0
11191 9 4 10 0
11192 9 5 10 0
11193 9 6 10 0
11194 9 7 10 397
11195 9 8 10 397
11196 9 9 10 397
11197 9 10 10 397
11198 9 11 10 0
11199 9 12 10 407
11200 9 13 10 407
11201 9 14 10 0
11202 9 15 10 0
11203 9 16 10 0
11204 9 17 10 332
11205 9 18 10 332
11206 9 19 10 0
11207 9 20 10 0
11208 9 21 10 0
11209 9 22 10 0
11210 9 23 10 303
11211 9 24 10 303
11212 9 25 10 303
11213 9 26 10 0
11214 9 27 10 474
11215 9 28 10 428
11216 9 29 10 478
11217 9 30 10 0
11218 9 31 10 0
11219 9 32 10 0
11220 10 0 10 0
11221 10 1 10 0
11222 10 2 10 0
11223 10 3 10 0
11224 10 4 10 0
11225 10 5 10 0
11226 10 6 10 0
11227 10 7 10 0
11228 10 8 10 0
11229 10 9 10 0
11230 10 10 10 397
11231 10 11 10 0
11232 10 12 10 0
11233 10 13 10 407
11234 10 14 10 0
11235 10 15 10 0
11236 10 16 10 0
11237 10 17 10 0
11238 10 18 10 332
11239 10 19 10 0
11240 10 20 10 511
11241 10 21 10 0
11242 10 22 10 0
11243 10 23 10 303
11244 10 24 10 0
11245 10 25 10 0
11246 10 26 10 0
11247 10 27 10 474
11248 10 28 10 428
11249 10 29 10 478
11250 10 30 10 0
11251 10 31 10 0
11252 10 32 10 0
11253 11 0 10 0
11254 11 1 10 0
11255 11 2 10 0
11256 11 3 10 0
11257 11 4 10 0
11258 11 5 10 0
11259 11 6 10 0
11260 11 7 10 0
11261 11 8 10 0
11262 11 9 10 0
11263 11 10 10 0
11264 11 11 10 0
11265 11 12 10 0
11266 11 13 10 0
11267 11 14 10 0
11268 11 15 10 0
11269 11 16 10 559
11270 11 17 10 0
11271 11 18 10 0
11272 11 19 10 0
11273 11 20 10 0
11274 11 21 10 0
11275 11 22 10 0
11276 11 23 10 0
11277 11 24 10 0
11278 11 25 10 0
11279 11 26 10 0
11280 11 27 10 0
11281 11 28 10 0
11282 11 29 10 0
11283 11 30 10 0
11284 11 31 10 0
11285 11 32 10 0
11286 12 0 10 0
11287 12 1 10 0
11288 12 2 10 0
11289 12 3 10 0
11290 12 4 10 0
11291 12 5 10 0
11292 12 6 10 0
11293 12 7 10 0
11294 12 8 10 0
11295 12 9 10 0
11296 12 10 10 0
11297 12 11 10 0
11298 12 12 10 0
11299 12 13 10 605
11300 12 14 10 0
11301 12 15 10 0
11302 12 16 10 0
11303 12 17 10 0
11304 12 18 10 0
11305 12 19 10 0
11306 12 20 10 612
11307 12 21 10 0
11308 12 22 10 0
11309 12 23 10 0
11310 12 24 10 0
11311 12 25 10 0
11312 12 26 10 0
11313 12 27 10 0
11314 12 28 10 0
11315 12 29 10 0
11316 12 30 10 0
11317 12 31 10 0
11318 12 32 10 0
11319 13 0 10 0
11320 13 1 10 0
11321 13 2 10 0
11322 13 3 10 0
11323 13 4 10 0
11324 13 5 10 0
11325 13 6 10 0
11326 13 7 10 0
11327 13 8 10 0
11328 13 9 10 0
11329 13 10 10 0
11330 13 11 10 0
11331 13 12 10 0
11332 13 13 10 0
11333 13 14 10 0
11334 13 15 10 0
11335 13 16 10 0
11336 13 17 10 0
11337 13 18 10 0
11338 13 19 10 612
11339 13 20 10 612
11340 13 21 10 0
11341 13 22 10 652
11342 13 23 10 0
11343 13 24 10 654
11344 13 25 10 0
11345 13 26 10 0
11346 13 27 10 380
11347 13 28 10 0
11348 13 29 10 0
11349 13 30 10 0
11350 13 31 10 0
11351 13 32 10 0
11352 14 0 10 0
11353 14 1 10 0
11354 14 2 10 0
11355 14 3 10 0
11356 14 4 10 0
11357 14 5 10 672
11358 14 6 10 672
11359 14 7 10 0
11360 14 8 10 676
11361 14 9 10 0
11362 14 10 10 0
11363 14 11 10 0
11364 14 12 10 689
11365 14 13 10 691
11366 14 14 10 0
11367 14 15 10 0
11368 14 16 10 0
11369 14 17 10 0
11370 14 18 10 0
11371 14 19 10 612
11372 14 20 10 612
11373 14 21 10 0
11374 14 22 10 0
11375 14 23 10 0
11376 14 24 10 0
11377 14 25 10 0
11378 14 26 10 0
11379 14 27 10 380
11380 14 28 10 0
11381 14 29 10 0
11382 14 30 10 0
11383 14 31 10 0
11384 14 32 10 0
11385 15 0 10 0
11386 15 1 10 0
11387 15 2 10 0
11388 15 3 10 0
11389 15 4 10 0
11390 15 5 10 676
11391 15 6 10 676
11392 15 7 10 676
11393 15 8 10 676
11394 15 9 10 676
11395 15 10 10 0
11396 15 11 10 0
11397 15 12 10 0
11398 15 13 10 691
11399 15 14 10 0
11400 15 15 10 694
11401 15 16 10 0
11402 15 17 10 0
11403 15 18 10 0
11404 15 19 10 0
11405 15 20 10 0
11406 15 21 10 0
11407 15 22 10 753
11408 15 23 10 0
11409 15 24 10 0
11410 15 25 10 0
11411 15 26 10 0
11412 15 27 10 0
11413 15 28 10 0
11414 15 29 10 0
11415 15 30 10 0
11416 15 31 10 0
11417 15 32 10 0
11418 16 0 10 0
11419 16 1 10 0
11420 16 2 10 0
11421 16 3 10 0
11422 16 4 10 0
11423 16 5 10 0
11424 16 6 10 676
11425 16 7 10 676
11426 16 8 10 676
11427 16 9 10 0
11428 16 10 10 0
11429 16 11 10 0
11430 16 12 10 0
11431 16 13 10 691
11432 16 14 10 0
11433 16 15 10 0
11434 16 16 10 0
11435 16 17 10 0
11436 16 18 10 0
11437 16 19 10 0
11438 16 20 10 0
11439 16 21 10 0
11440 16 22 10 0
11441 16 23 10 0
11442 16 24 10 0
11443 16 25 10 0
11444 16 26 10 0
11445 16 27 10 0
11446 16 28 10 0
11447 16 29 10 0
11448 16 30 10 0
11449 16 31 10 825
11450 16 32 10 0
11451 17 0 10 0
11452 17 1 10 0
11453 17 2 10 0
11454 17 3 10 0
11455 17 4 10 0
11456 17 5 10 0
11457 17 6 10 0
11458 17 7 10 0
11459 17 8 10 0
11460 17 9 10 0
11461 17 10 10 0
11462 17 11 10 0
11463 17 12 10 0
11464 17 13 10 0
11465 17 14 10 0
11466 17 15 10 0
11467 17 16 10 0
11468 17 17 10 0
11469 17 18 10 0
11470 17 19 10 0
11471 17 20 10 0
11472 17 21 10 0
11473 17 22 10 0
11474 17 23 10 0
11475 17 24 10 0
11476 17 25 10 817
11477 17 26 10 817
11478 17 27 10 817
11479 17 28 10 0
11480 17 29 10 0
11481 17 30 10 0
11482 17 31 10 0
11483 17 32 10 0
11484 18 0 10 828
11485 18 1 10 0
11486 18 2 10 0
11487 18 3 10 0
11488 18 4 10 0
11489 18 5 10 0
11490 18 6 10 0
11491 18 7 10 0
11492 18 8 10 0
11493 18 9 10 0
11494 18 10 10 0
11495 18 11 10 0
11496 18 12 10 0
11497 18 13 10 0
11498 18 14 10 0
11499 18 15 10 0
11500 18 16 10 0
11501 18 17 10 0
11502 18 18 10 0
11503 18 19 10 0
11504 18 20 10 0
11505 18 21 10 0
11506 18 22 10 0
11507 18 23 10 0
11508 18 24 10 0
11509 18 25 10 817
11510 18 26 10 817
11511 18 27 10 0
11512 18 28 10 0
11513 18 29 10 0
11514 18 30 10 0
11515 18 31 10 0
11516 18 32 10 828
11517 19 0 10 0
11518 19 1 10 0
11519 19 2 10 0
11520 19 3 10 0
11521 19 4 10 780
11522 19 5 10 780
11523 19 6 10 780
11524 19 7 10 780
11525 19 8 10 0
11526 19 9 10 0
11527 19 10 10 0
11528 19 11 10 0
11529 19 12 10 0
11530 19 13 10 0
11531 19 14 10 0
11532 19 15 10 0
11533 19 16 10 938
11534 19 17 10 0
11535 19 18 10 0
11536 19 19 10 0
11537 19 20 10 0
11538 19 21 10 0
11539 19 22 10 0
11540 19 23 10 0
11541 19 24 10 817
11542 19 25 10 817
11543 19 26 10 817
11544 19 27 10 817
11545 19 28 10 0
11546 19 29 10 956
11547 19 30 10 0
11548 19 31 10 0
11549 19 32 10 0
11550 20 0 10 0
11551 20 1 10 0
11552 20 2 10 0
11553 20 3 10 0
11554 20 4 10 0
11555 20 5 10 0
11556 20 6 10 780
11557 20 7 10 0
11558 20 8 10 0
11559 20 9 10 0
11560 20 10 10 0
11561 20 11 10 0
11562 20 12 10 0
11563 20 13 10 0
11564 20 14 10 0
11565 20 15 10 0
11566 20 16 10 0
11567 20 17 10 0
11568 20 18 10 0
11569 20 19 10 0
11570 20 20 10 0
11571 20 21 10 0
11572 20 22 10 0
11573 20 23 10 0
11574 20 24 10 817
11575 20 25 10 0
11576 20 26 10 0
11577 20 27 10 0
11578 20 28 10 0
11579 20 29 10 1008
11580 20 30 10 1008
11581 20 31 10 0
11582 20 32 10 0
11583 21 0 10 828
11584 21 1 10 0
11585 21 2 10 0
11586 21 3 10 0
11587 21 4 10 0
11588 21 5 10 0
11589 21 6 10 0
11590 21 7 10 0
11591 21 8 10 0
11592 21 9 10 0
11593 21 10 10 0
11594 21 11 10 0
11595 21 12 10 0
11596 21 13 10 0
11597 21 14 10 0
11598 21 15 10 0
11599 21 16 10 0
11600 21 17 10 0
11601 21 18 10 0
11602 21 19 10 0
11603 21 20 10 0
11604 21 21 10 1046
11605 21 22 10 1046
11606 21 23 10 1047
11607 21 24 10 0
11608 21 25 10 0
11609 21 26 10 0
11610 21 27 10 0
11611 21 28 10 1008
11612 21 29 10 1008
11613 21 30 10 0
11614 21 31 10 0
11615 21 32 10 0
11616 22 0 10 0
11617 22 1 10 0
11618 22 2 10 0
11619 22 3 10 0
11620 22 4 10 0
11621 22 5 10 0
11622 22 6 10 0
11623 22 7 10 0
11624 22 8 10 0
11625 22 9 10 0
11626 22 10 10 0
11627 22 11 10 1073
11628 22 12 10 0
11629 22 13 10 0
11630 22 14 10 0
11631 22 15 10 0
11632 22 16 10 0
11633 22 17 10 0
11634 22 18 10 1082
11635 22 19 10 0
11636 22 20 10 0
11637 22 21 10 1046
11638 22 22 10 1046
11639 22 23 10 0
11640 22 24 10 0
11641 22 25 10 0
11642 22 26 10 0
11643 22 27 10 0
11644 22 28 10 0
11645 22 29 10 0
11646 22 30 10 0
11647 22 31 10 1061
11648 22 32 10 0
11649 23 0 10 0
11650 23 1 10 0
11651 23 2 10 0
11652 23 3 10 0
11653 23 4 10 0
11654 23 5 10 0
11655 23 6 10 0
11656 23 7 10 0
11657 23 8 10 0
11658 23 9 10 0
11659 23 10 10 0
11660 23 11 10 0
11661 23 12 10 0
11662 23 13 10 0
11663 23 14 10 0
11664 23 15 10 0
11665 23 16 10 0
11666 23 17 10 0
11667 23 18 10 1082
11668 23 19 10 0
11669 23 20 10 1125
11670 23 21 10 0
11671 23 22 10 0
11672 23 23 10 0
11673 23 24 10 0
11674 23 25 10 0
11675 23 26 10 0
11676 23 27 10 0
11677 23 28 10 0
11678 23 29 10 0
11679 23 30 10 0
11680 23 31 10 0
11681 23 32 10 0
11682 24 0 10 0
11683 24 1 10 0
11684 24 2 10 0
11685 24 3 10 0
11686 24 4 10 0
11687 24 5 10 1152
11688 24 6 10 0
11689 24 7 10 0
11690 24 8 10 0
11691 24 9 10 0
11692 24 10 10 1159
11693 24 11 10 0
11694 24 12 10 0
11695 24 13 10 0
11696 24 14 10 0
11697 24 15 10 0
11698 24 16 10 0
11699 24 17 10 0
11700 24 18 10 0
11701 24 19 10 0
11702 24 20 10 0
11703 24 21 10 0
11704 24 22 10 0
11705 24 23 10 0
11706 24 24 10 1180
11707 24 25 10 0
11708 24 26 10 0
11709 24 27 10 0
11710 24 28 10 1187
11711 24 29 10 1187
11712 24 30 10 0
11713 24 31 10 0
11714 24 32 10 0
11715 25 0 10 0
11716 25 1 10 0
11717 25 2 10 0
11718 25 3 10 0
11719 25 4 10 0
11720 25 5 10 1152
11721 25 6 10 0
11722 25 7 10 0
11723 25 8 10 0
11724 25 9 10 0
11725 25 10 10 0
11726 25 11 10 1221
11727 25 12 10 0
11728 25 13 10 0
11729 25 14 10 0
11730 25 15 10 0
11731 25 16 10 0
11732 25 17 10 0
11733 25 18 10 0
11734 25 19 10 0
11735 25 20 10 0
11736 25 21 10 0
11737 25 22 10 0
11738 25 23 10 0
11739 25 24 10 0
11740 25 25 10 0
11741 25 26 10 0
11742 25 27 10 1187
11743 25 28 10 1187
11744 25 29 10 1187
11745 25 30 10 0
11746 25 31 10 0
11747 25 32 10 0
11748 26 0 10 1260
11749 26 1 10 0
11750 26 2 10 1264
11751 26 3 10 1264
11752 26 4 10 0
11753 26 5 10 0
11754 26 6 10 0
11755 26 7 10 0
11756 26 8 10 0
11757 26 9 10 0
11758 26 10 10 0
11759 26 11 10 0
11760 26 12 10 0
11761 26 13 10 0
11762 26 14 10 0
11763 26 15 10 0
11764 26 16 10 0
11765 26 17 10 1284
11766 26 18 10 0
11767 26 19 10 0
11768 26 20 10 1288
11769 26 21 10 0
11770 26 22 10 0
11771 26 23 10 0
11772 26 24 10 0
11773 26 25 10 0
11774 26 26 10 0
11775 26 27 10 1187
11776 26 28 10 1187
11777 26 29 10 1187
11778 26 30 10 0
11779 26 31 10 0
11780 26 32 10 0
11781 27 0 10 0
11782 27 1 10 1309
11783 27 2 10 0
11784 27 3 10 1264
11785 27 4 10 0
11786 27 5 10 0
11787 27 6 10 0
11788 27 7 10 0
11789 27 8 10 0
11790 27 9 10 0
11791 27 10 10 0
11792 27 11 10 0
11793 27 12 10 0
11794 27 13 10 0
11795 27 14 10 1328
11796 27 15 10 0
11797 27 16 10 0
11798 27 17 10 0
11799 27 18 10 0
11800 27 19 10 0
11801 27 20 10 1339
11802 27 21 10 0
11803 27 22 10 1342
11804 27 23 10 0
11805 27 24 10 1348
11806 27 25 10 0
11807 27 26 10 0
11808 27 27 10 0
11809 27 28 10 0
11810 27 29 10 1187
11811 27 30 10 0
11812 27 31 10 1359
11813 27 32 10 0
11814 28 0 10 0
11815 28 1 10 0
11816 28 2 10 0
11817 28 3 10 0
11818 28 4 10 0
11819 28 5 10 0
11820 28 6 10 1317
11821 28 7 10 0
11822 28 8 10 0
11823 28 9 10 0
11824 28 10 10 0
11825 28 11 10 0
11826 28 12 10 0
11827 28 13 10 0
11828 28 14 10 0
11829 28 15 10 0
11830 28 16 10 0
11831 28 17 10 0
11832 28 18 10 0
11833 28 19 10 0
11834 28 20 10 0
11835 28 21 10 0
11836 28 22 10 0
11837 28 23 10 0
11838 28 24 10 0
11839 28 25 10 0
11840 28 26 10 0
11841 28 27 10 0
11842 28 28 10 0
11843 28 29 10 0
11844 28 30 10 0
11845 28 31 10 0
11846 28 32 10 0
11847 29 0 10 0
11848 29 1 10 0
11849 29 2 10 0
11850 29 3 10 1406
11851 29 4 10 0
11852 29 5 10 1317
11853 29 6 10 1317
11854 29 7 10 1317
11855 29 8 10 0
11856 29 9 10 0
11857 29 10 10 0
11858 29 11 10 0
11859 29 12 10 0
11860 29 13 10 0
11861 29 14 10 0
11862 29 15 10 1426
11863 29 16 10 0
11864 29 17 10 0
11865 29 18 10 0
11866 29 19 10 0
11867 29 20 10 40
11868 29 21 10 0
11869 29 22 10 0
11870 29 23 10 1440
11871 29 24 10 0
11872 29 25 10 0
11873 29 26 10 0
11874 29 27 10 0
11875 29 28 10 0
11876 29 29 10 0
11877 29 30 10 0
11878 29 31 10 1451
11879 29 32 10 0
11880 30 0 10 0
11881 30 1 10 0
11882 30 2 10 0
11883 30 3 10 0
11884 30 4 10 1317
11885 30 5 10 1317
11886 30 6 10 1317
11887 30 7 10 1317
11888 30 8 10 0
11889 30 9 10 21
11890 30 10 10 0
11891 30 11 10 0
11892 30 12 10 0
11893 30 13 10 0
11894 30 14 10 0
11895 30 15 10 0
11896 30 16 10 0
11897 30 17 10 0
11898 30 18 10 0
11899 30 19 10 0
11900 30 20 10 40
11901 30 21 10 40
11902 30 22 10 0
11903 30 23 10 0
11904 30 24 10 0
11905 30 25 10 1480
11906 30 26 10 0
11907 30 27 10 0
11908 30 28 10 0
11909 30 29 10 0
11910 30 30 10 0
11911 30 31 10 0
11912 30 32 10 0
11913 31 0 10 0
11914 31 1 10 0
11915 31 2 10 1493
11916 31 3 10 0
11917 31 4 10 1317
11918 31 5 10 1317
11919 31 6 10 1317
11920 31 7 10 0
11921 31 8 10 0
11922 31 9 10 0
11923 31 10 10 0
11924 31 11 10 21
11925 31 12 10 0
11926 31 13 10 0
11927 31 14 10 1509
11928 31 15 10 0
11929 31 16 10 0
11930 31 17 10 1517
11931 31 18 10 0
11932 31 19 10 0
11933 31 20 10 40
11934 31 21 10 40
11935 31 22 10 40
11936 31 23 10 0
11937 31 24 10 0
11938 31 25 10 0
11939 31 26 10 0
11940 31 27 10 0
11941 31 28 10 0
11942 31 29 10 0
11943 31 30 10 0
11944 31 31 10 0
11945 31 32 10 0
11946 32 0 10 1536
11947 32 1 10 0
11948 32 2 10 0
11949 32 3 10 0
11950 32 4 10 0
11951 32 5 10 0
11952 32 6 10 0
11953 32 7 10 0
11954 32 8 10 0
11955 32 9 10 0
11956 32 10 10 21
11957 32 11 10 21
11958 32 12 10 0
11959 32 13 10 0
11960 32 14 10 0
11961 32 15 10 0
11962 32 16 10 0
11963 32 17 10 0
11964 32 18 10 0
11965 32 19 10 0
11966 32 20 10 40
11967 32 21 10 40
11968 32 22 10 40
11969 32 23 10 0
11970 32 24 10 0
11971 32 25 10 0
11972 32 26 10 0
11973 32 27 10 63
11974 32 28 10 0
11975 32 29 10 0
11976 32 30 10 0
11977 32 31 10 0
11978 32 32 10 0
11979 0 0 11 0
11980 0 1 11 0
11981 0 2 11 0
11982 0 3 11 0
11983 0 4 11 0
11984 0 5 11 0
11985 0 6 11 0
11986 0 7 11 0
11987 0 8 11 0
11988 0 9 11 0
11989 0 10 11 0
11990 0 11 11 0
11991 0 12 11 0
11992 0 13 11 0
11993 0 14 11 0
11994 0 15 11 34
11995 0 16 11 0
11996 0 17 11 0
11997 0 18 11 0
11998 0 19 11 0
11999 0 20 11 40
12000 0 21 11 40
12001 0 22 11 0
12002 0 23 11 0
12003 0 24 11 0
12004 0 25 11 0
12005 0 26 11 0
12006 0 27 11 63
12007 0 28 11 63
12008 0 29 11 0
12009 0 30 11 0
12010 0 31 11 0
12011 0 32 11 0
12012 1 0 11 0
12013 1 1 11 0
12014 1 2 11 0
12015 1 3 11 0
12016 1 4 11 0
12017 1 5 11 0
12018 1 6 11 0
12019 1 7 11 0
12020 1 8 11 0
12021 1 9 11 93
12022 1 10 11 97
12023 1 11 11 0
12024 1 12 11 34
12025 1 13 11 0
12026 1 14 11 34
12027 1 15 11 34
12028 1 16 11 0
12029 1 17 11 41
12030 1 18 11 0
12031 1 19 11 0
12032 1 20 11 0
12033 1 21 11 40
12034 1 22 11 0
12035 1 23 11 0
12036 1 24 11 0
12037 1 25 11 0
12038 1 26 11 0
12039 1 27 11 0
12040 1 28 11 63
12041 1 29 11 63
12042 1 30 11 0
12043 1 31 11 0
12044 1 32 11 0
12045 2 0 11 0
12046 2 1 11 0
12047 2 2 11 0
12048 2 3 11 0
12049 2 4 11 0
12050 2 5 11 0
12051 2 6 11 0
12052 2 7 11 0
12053 2 8 11 0
12054 2 9 11 0
12055 2 10 11 0
12056 2 11 11 0
12057 2 12 11 34
12058 2 13 11 34
12059 2 14 11 34
12060 2 15 11 0
12061 2 16 11 0
12062 2 17 11 41
12063 2 18 11 41
12064 2 19 11 0
12065 2 20 11 0
12066 2 21 11 0
12067 2 22 11 0
12068 2 23 11 0
12069 2 24 11 0
12070 2 25 11 0
12071 2 26 11 0
12072 2 27 11 0
12073 2 28 11 0
12074 2 29 11 0
12075 2 30 11 0
12076 2 31 11 0
12077 2 32 11 0
12078 3 0 11 0
12079 3 1 11 0
12080 3 2 11 0
12081 3 3 11 0
12082 3 4 11 0
12083 3 5 11 0
12084 3 6 11 0
12085 3 7 11 0
12086 3 8 11 143
12087 3 9 11 143
12088 3 10 11 0
12089 3 11 11 0
12090 3 12 11 0
12091 3 13 11 0
12092 3 14 11 34
12093 3 15 11 0
12094 3 16 11 0
12095 3 17 11 41
12096 3 18 11 41
12097 3 19 11 0
12098 3 20 11 197
12099 3 21 11 0
12100 3 22 11 0
12101 3 23 11 0
12102 3 24 11 0
12103 3 25 11 0
12104 3 26 11 204
12105 3 27 11 0
12106 3 28 11 211
12107 3 29 11 0
12108 3 30 11 0
12109 3 31 11 0
12110 3 32 11 0
12111 4 0 11 0
12112 4 1 11 0
12113 4 2 11 0
12114 4 3 11 0
12115 4 4 11 0
12116 4 5 11 0
12117 4 6 11 0
12118 4 7 11 226
12119 4 8 11 0
12120 4 9 11 0
12121 4 10 11 0
12122 4 11 11 0
12123 4 12 11 0
12124 4 13 11 0
12125 4 14 11 0
12126 4 15 11 0
12127 4 16 11 0
12128 4 17 11 0
12129 4 18 11 0
12130 4 19 11 0
12131 4 20 11 253
12132 4 21 11 0
12133 4 22 11 0
12134 4 23 11 0
12135 4 24 11 0
12136 4 25 11 0
12137 4 26 11 0
12138 4 27 11 0
12139 4 28 11 211
12140 4 29 11 0
12141 4 30 11 0
12142 4 31 11 0
12143 4 32 11 0
12144 5 0 11 0
12145 5 1 11 0
12146 5 2 11 0
12147 5 3 11 0
12148 5 4 11 0
12149 5 5 11 0
12150 5 6 11 0
12151 5 7 11 0
12152 5 8 11 278
12153 5 9 11 0
12154 5 10 11 283
12155 5 11 11 0
12156 5 12 11 0
12157 5 13 11 0
12158 5 14 11 0
12159 5 15 11 0
12160 5 16 11 0
12161 5 17 11 0
12162 5 18 11 0
12163 5 19 11 0
12164 5 20 11 0
12165 5 21 11 0
12166 5 22 11 0
12167 5 23 11 0
12168 5 24 11 0
12169 5 25 11 0
12170 5 26 11 211
12171 5 27 11 211
12172 5 28 11 211
12173 5 29 11 0
12174 5 30 11 0
12175 5 31 11 0
12176 5 32 11 0
12177 6 0 11 263
12178 6 1 11 263
12179 6 2 11 263
12180 6 3 11 263
12181 6 4 11 0
12182 6 5 11 0
12183 6 6 11 272
12184 6 7 11 0
12185 6 8 11 0
12186 6 9 11 0
12187 6 10 11 0
12188 6 11 11 0
12189 6 12 11 0
12190 6 13 11 0
12191 6 14 11 329
12192 6 15 11 0
12193 6 16 11 332
12194 6 17 11 332
12195 6 18 11 332
12196 6 19 11 0
12197 6 20 11 0
12198 6 21 11 0
12199 6 22 11 0
12200 6 23 11 0
12201 6 24 11 0
12202 6 25 11 0
12203 6 26 11 0
12204 6 27 11 0
12205 6 28 11 0
12206 6 29 11 0
12207 6 30 11 0
12208 6 31 11 0
12209 6 32 11 0
12210 7 0 11 263
12211 7 1 11 263
12212 7 2 11 263
12213 7 3 11 263
12214 7 4 11 0
12215 7 5 11 0
12216 7 6 11 0
12217 7 7 11 0
12218 7 8 11 0
12219 7 9 11 0
12220 7 10 11 0
12221 7 11 11 0
12222 7 12 11 0
12223 7 13 11 0
12224 7 14 11 0
12225 7 15 11 0
12226 7 16 11 0
12227 7 17 11 332
12228 7 18 11 332
12229 7 19 11 0
12230 7 20 11 0
12231 7 21 11 0
12232 7 22 11 0
12233 7 23 11 0
12234 7 24 11 0
12235 7 25 11 0
12236 7 26 11 0
12237 7 27 11 0
12238 7 28 11 0
12239 7 29 11 0
12240 7 30 11 0
12241 7 31 11 263
12242 7 32 11 263
12243 8 0 11 263
12244 8 1 11 263
12245 8 2 11 263
12246 8 3 11 0
12247 8 4 11 0
12248 8 5 11 0
12249 8 6 11 0
12250 8 7 11 0
12251 8 8 11 0
12252 8 9 11 397
12253 8 10 11 397
12254 8 11 11 0
12255 8 12 11 0
12256 8 13 11 0
12257 8 14 11 0
12258 8 15 11 0
12259 8 16 11 0
12260 8 17 11 0
12261 8 18 11 332
12262 8 19 11 0
12263 8 20 11 0
12264 8 21 11 0
12265 8 22 11 0
12266 8 23 11 303
12267 8 24 11 303
12268 8 25 11 303
12269 8 26 11 0
12270 8 27 11 0
12271 8 28 11 0
12272 8 29 11 0
12273 8 30 11 0
12274 8 31 11 0
12275 8 32 11 263
12276 9 0 11 263
12277 9 1 11 263
12278 9 2 11 0
12279 9 3 11 442
12280 9 4 11 0
12281 9 5 11 0
12282 9 6 11 0
12283 9 7 11 397
12284 9 8 11 397
12285 9 9 11 397
12286 9 10 11 397
12287 9 11 11 0
12288 9 12 11 0
12289 9 13 11 407
12290 9 14 11 0
12291 9 15 11 0
12292 9 16 11 0
12293 9 17 11 332
12294 9 18 11 332
12295 9 19 11 0
12296 9 20 11 0
12297 9 21 11 0
12298 9 22 11 0
12299 9 23 11 303
12300 9 24 11 303
12301 9 25 11 303
12302 9 26 11 303
12303 9 27 11 0
12304 9 28 11 0
12305 9 29 11 0
12306 9 30 11 0
12307 9 31 11 0
12308 9 32 11 263
12309 10 0 11 0
12310 10 1 11 263
12311 10 2 11 0
12312 10 3 11 0
12313 10 4 11 0
12314 10 5 11 0
12315 10 6 11 0
12316 10 7 11 493
12317 10 8 11 0
12318 10 9 11 0
12319 10 10 11 0
12320 10 11 11 0
12321 10 12 11 0
12322 10 13 11 0
12323 10 14 11 0
12324 10 15 11 0
12325 10 16 11 0
12326 10 17 11 0
12327 10 18 11 0
12328 10 19 11 0
12329 10 20 11 0
12330 10 21 11 0
12331 10 22 11 0
12332 10 23 11 0
12333 10 24 11 0
12334 10 25 11 0
12335 10 26 11 518
12336 10 27 11 0
12337 10 28 11 0
12338 10 29 11 0
12339 10 30 11 526
12340 10 31 11 0
12341 10 32 11 0
12342 11 0 11 0
12343 11 1 11 0
12344 11 2 11 0
12345 11 3 11 0
12346 11 4 11 0
12347 11 5 11 0
12348 11 6 11 0
12349 11 7 11 0
12350 11 8 11 0
12351 11 9 11 0
12352 11 10 11 0
12353 11 11 11 0
12354 11 12 11 0
12355 11 13 11 0
12356 11 14 11 0
12357 11 15 11 0
12358 11 16 11 0
12359 11 17 11 0
12360 11 18 11 0
12361 11 19 11 0
12362 11 20 11 0
12363 11 21 11 0
12364 11 22 11 0
12365 11 23 11 0
12366 11 24 11 0
12367 11 25 11 0
12368 11 26 11 0
12369 11 27 11 0
12370 11 28 11 0
12371 11 29 11 0
12372 11 30 11 0
12373 11 31 11 0
12374 11 32 11 0
12375 12 0 11 0
12376 12 1 11 0
12377 12 2 11 0
12378 12 3 11 0
12379 12 4 11 0
12380 12 5 11 0
12381 12 6 11 0
12382 12 7 11 0
12383 12 8 11 0
12384 12 9 11 0
12385 12 10 11 0
12386 12 11 11 0
12387 12 12 11 0
12388 12 13 11 605
12389 12 14 11 605
12390 12 15 11 0
12391 12 16 11 0
12392 12 17 11 0
12393 12 18 11 0
12394 12 19 11 612
12395 12 20 11 612
12396 12 21 11 0
12397 12 22 11 0
12398 12 23 11 0
12399 12 24 11 0
12400 12 25 11 0
12401 12 26 11 0
12402 12 27 11 0
12403 12 28 11 0
12404 12 29 11 0
12405 12 30 11 625
12406 12 31 11 0
12407 12 32 11 0
12408 13 0 11 0
12409 13 1 11 0
12410 13 2 11 0
12411 13 3 11 0
12412 13 4 11 636
12413 13 5 11 0
12414 13 6 11 0
12415 13 7 11 0
12416 13 8 11 0
12417 13 9 11 0
12418 13 10 11 643
12419 13 11 11 0
12420 13 12 11 0
12421 13 13 11 0
12422 13 14 11 0
12423 13 15 11 0
12424 13 16 11 0
12425 13 17 11 0
12426 13 18 11 0
12427 13 19 11 612
12428 13 20 11 612
12429 13 21 11 0
12430 13 22 11 0
12431 13 23 11 0
12432 13 24 11 0
12433 13 25 11 0
12434 13 26 11 0
12435 13 27 11 0
12436 13 28 11 0
12437 13 29 11 0
12438 13 30 11 0
12439 13 31 11 0
12440 13 32 11 665
12441 14 0 11 665
12442 14 1 11 665
12443 14 2 11 0
12444 14 3 11 0
12445 14 4 11 0
12446 14 5 11 0
12447 14 6 11 0
12448 14 7 11 0
12449 14 8 11 0
12450 14 9 11 0
12451 14 10 11 643
12452 14 11 11 0
12453 14 12 11 0
12454 14 13 11 0
12455 14 14 11 0
12456 14 15 11 0
12457 14 16 11 0
12458 14 17 11 0
12459 14 18 11 0
12460 14 19 11 0
12461 14 20 11 612
12462 14 21 11 0
12463 14 22 11 0
12464 14 23 11 0
12465 14 24 11 0
12466 14 25 11 0
12467 14 26 11 0
12468 14 27 11 0
12469 14 28 11 0
12470 14 29 11 0
12471 14 30 11 0
12472 14 31 11 0
12473 14 32 11 665
12474 15 0 11 665
12475 15 1 11 665
12476 15 2 11 0
12477 15 3 11 0
12478 15 4 11 0
12479 15 5 11 0
12480 15 6 11 0
12481 15 7 11 0
12482 15 8 11 0
12483 15 9 11 0
12484 15 10 11 0
12485 15 11 11 0
12486 15 12 11 0
12487 15 13 11 691
12488 15 14 11 0
12489 15 15 11 694
12490 15 16 11 0
12491 15 17 11 0
12492 15 18 11 0
12493 15 19 11 0
12494 15 20 11 0
12495 15 21 11 0
12496 15 22 11 0
12497 15 23 11 0
12498 15 24 11 0
12499 15 25 11 0
12500 15 26 11 0
12501 15 27 11 0
12502 15 28 11 0
12503 15 29 11 0
12504 15 30 11 0
12505 15 31 11 0
12506 15 32 11 0
12507 16 0 11 0
12508 16 1 11 0
12509 16 2 11 0
12510 16 3 11 0
12511 16 4 11 778
12512 16 5 11 0
12513 16 6 11 0
12514 16 7 11 676
12515 16 8 11 0
12516 16 9 11 0
12517 16 10 11 0
12518 16 11 11 0
12519 16 12 11 0
12520 16 13 11 0
12521 16 14 11 0
12522 16 15 11 0
12523 16 16 11 694
12524 16 17 11 0
12525 16 18 11 0
12526 16 19 11 0
12527 16 20 11 0
12528 16 21 11 0
12529 16 22 11 0
12530 16 23 11 0
12531 16 24 11 0
12532 16 25 11 817
12533 16 26 11 0
12534 16 27 11 0
12535 16 28 11 0
12536 16 29 11 0
12537 16 30 11 0
12538 16 31 11 0
12539 16 32 11 0
12540 17 0 11 828
12541 17 1 11 0
12542 17 2 11 0
12543 17 3 11 0
12544 17 4 11 778
12545 17 5 11 0
12546 17 6 11 0
12547 17 7 11 0
12548 17 8 11 0
12549 17 9 11 0
12550 17 10 11 0
12551 17 11 11 0
12552 17 12 11 0
12553 17 13 11 0
12554 17 14 11 0
12555 17 15 11 0
12556 17 16 11 0
12557 17 17 11 0
12558 17 18 11 0
12559 17 19 11 0
12560 17 20 11 0
12561 17 21 11 0
12562 17 22 11 0
12563 17 23 11 0
12564 17 24 11 0
12565 17 25 11 817
12566 17 26 11 817
12567 17 27 11 0
12568 17 28 11 0
12569 17 29 11 0
12570 17 30 11 0
12571 17 31 11 0
12572 17 32 11 0
12573 18 0 11 828
12574 18 1 11 0
12575 18 2 11 0
12576 18 3 11 0
12577 18 4 11 0
12578 18 5 11 780
12579 18 6 11 780
12580 18 7 11 0
12581 18 8 11 0
12582 18 9 11 837
12583 18 10 11 0
12584 18 11 11 0
12585 18 12 11 0
12586 18 13 11 0
12587 18 14 11 0
12588 18 15 11 0
12589 18 16 11 0
12590 18 17 11 0
12591 18 18 11 0
12592 18 19 11 0
12593 18 20 11 0
12594 18 21 11 0
12595 18 22 11 0
12596 18 23 11 0
12597 18 24 11 0
12598 18 25 11 817
12599 18 26 11 817
12600 18 27 11 0
12601 18 28 11 0
12602 18 29 11 0
12603 18 30 11 0
12604 18 31 11 0
12605 18 32 11 0
12606 19 0 11 828
12607 19 1 11 0
12608 19 2 11 0
12609 19 3 11 0
12610 19 4 11 0
12611 19 5 11 780
12612 19 6 11 780
12613 19 7 11 0
12614 19 8 11 0
12615 19 9 11 0
12616 19 10 11 0
12617 19 11 11 0
12618 19 12 11 0
12619 19 13 11 932
12620 19 14 11 0
12621 19 15 11 0
12622 19 16 11 0
12623 19 17 11 0
12624 19 18 11 0
12625 19 19 11 0
12626 19 20 11 0
12627 19 21 11 0
12628 19 22 11 0
12629 19 23 11 0
12630 19 24 11 0
12631 19 25 11 817
12632 19 26 11 817
12633 19 27 11 0
12634 19 28 11 0
12635 19 29 11 0
12636 19 30 11 0
12637 19 31 11 0
12638 19 32 11 0
12639 20 0 11 828
12640 20 1 11 0
12641 20 2 11 0
12642 20 3 11 0
12643 20 4 11 0
12644 20 5 11 780
12645 20 6 11 780
12646 20 7 11 780
12647 20 8 11 0
12648 20 9 11 0
12649 20 10 11 0
12650 20 11 11 0
12651 20 12 11 0
12652 20 13 11 932
12653 20 14 11 932
12654 20 15 11 0
12655 20 16 11 0
12656 20 17 11 0
12657 20 18 11 0
12658 20 19 11 0
12659 20 20 11 0
12660 20 21 11 0
12661 20 22 11 999
12662 20 23 11 0
12663 20 24 11 817
12664 20 25 11 817
12665 20 26 11 817
12666 20 27 11 0
12667 20 28 11 0
12668 20 29 11 1008
12669 20 30 11 0
12670 20 31 11 0
12671 20 32 11 0
12672 21 0 11 828
12673 21 1 11 0
12674 21 2 11 0
12675 21 3 11 0
12676 21 4 11 0
12677 21 5 11 0
12678 21 6 11 780
12679 21 7 11 780
12680 21 8 11 0
12681 21 9 11 0
12682 21 10 11 0
12683 21 11 11 0
12684 21 12 11 0
12685 21 13 11 932
12686 21 14 11 932
12687 21 15 11 0
12688 21 16 11 0
12689 21 17 11 0
12690 21 18 11 0
12691 21 19 11 0
12692 21 20 11 0
12693 21 21 11 0
12694 21 22 11 1046
12695 21 23 11 1046
12696 21 24 11 0
12697 21 25 11 0
12698 21 26 11 0
12699 21 27 11 0
12700 21 28 11 0
12701 21 29 11 1008
12702 21 30 11 0
12703 21 31 11 0
12704 21 32 11 0
12705 22 0 11 0
12706 22 1 11 0
12707 22 2 11 0
12708 22 3 11 0
12709 22 4 11 0
12710 22 5 11 0
12711 22 6 11 0
12712 22 7 11 780
12713 22 8 11 0
12714 22 9 11 0
12715 22 10 11 0
12716 22 11 11 1074
12717 22 12 11 932
12718 22 13 11 932
12719 22 14 11 0
12720 22 15 11 0
12721 22 16 11 0
12722 22 17 11 0
12723 22 18 11 0
12724 22 19 11 0
12725 22 20 11 0
12726 22 21 11 0
12727 22 22 11 0
12728 22 23 11 0
12729 22 24 11 0
12730 22 25 11 1090
12731 22 26 11 0
12732 22 27 11 0
12733 22 28 11 0
12734 22 29 11 0
12735 22 30 11 0
12736 22 31 11 0
12737 22 32 11 0
12738 23 0 11 0
12739 23 1 11 0
12740 23 2 11 0
12741 23 3 11 0
12742 23 4 11 0
12743 23 5 11 0
12744 23 6 11 0
12745 23 7 11 0
12746 23 8 11 0
12747 23 9 11 0
12748 23 10 11 0
12749 23 11 11 0
12750 23 12 11 932
12751 23 13 11 0
12752 23 14 11 0
12753 23 15 11 0
12754 23 16 11 0
12755 23 17 11 0
12756 23 18 11 0
12757 23 19 11 0
12758 23 20 11 1125
12759 23 21 11 0
12760 23 22 11 0
12761 23 23 11 0
12762 23 24 11 0
12763 23 25 11 0
12764 23 26 11 0
12765 23 27 11 0
12766 23 28 11 0
12767 23 29 11 0
12768 23 30 11 0
12769 23 31 11 0
12770 23 32 11 0
12771 24 0 11 0
12772 24 1 11 0
12773 24 2 11 0
12774 24 3 11 0
12775 24 4 11 0
12776 24 5 11 1152
12777 24 6 11 0
12778 24 7 11 0
12779 24 8 11 0
12780 24 9 11 1158
12781 24 10 11 0
12782 24 11 11 0
12783 24 12 11 0
12784 24 13 11 0
12785 24 14 11 1170
12786 24 15 11 0
12787 24 16 11 0
12788 24 17 11 0
12789 24 18 11 0
12790 24 19 11 0
12791 24 20 11 0
12792 24 21 11 0
12793 24 22 11 0
12794 24 23 11 0
12795 24 24 11 0
12796 24 25 11 0
12797 24 26 11 0
12798 24 27 11 1187
12799 24 28 11 1187
12800 24 29 11 1187
12801 24 30 11 0
12802 24 31 11 0
12803 24 32 11 0
12804 25 0 11 0
12805 25 1 11 0
12806 25 2 11 0
12807 25 3 11 0
12808 25 4 11 0
12809 25 5 11 0
12810 25 6 11 0
12811 25 7 11 0
12812 25 8 11 0
12813 25 9 11 1158
12814 25 10 11 1216
12815 25 11 11 0
12816 25 12 11 1224
12817 25 13 11 0
12818 25 14 11 0
12819 25 15 11 0
12820 25 16 11 0
12821 25 17 11 0
12822 25 18 11 0
12823 25 19 11 0
12824 25 20 11 0
12825 25 21 11 0
12826 25 22 11 1239
12827 25 23 11 1239
12828 25 24 11 0
12829 25 25 11 0
12830 25 26 11 0
12831 25 27 11 1187
12832 25 28 11 1187
12833 25 29 11 1187
12834 25 30 11 0
12835 25 31 11 0
12836 25 32 11 0
12837 26 0 11 0
12838 26 1 11 1261
12839 26 2 11 0
12840 26 3 11 0
12841 26 4 11 0
12842 26 5 11 0
12843 26 6 11 0
12844 26 7 11 0
12845 26 8 11 0
12846 26 9 11 0
12847 26 10 11 0
12848 26 11 11 0
12849 26 12 11 0
12850 26 13 11 0
12851 26 14 11 0
12852 26 15 11 0
12853 26 16 11 0
12854 26 17 11 0
12855 26 18 11 0
12856 26 19 11 1286
12857 26 20 11 0
12858 26 21 11 0
12859 26 22 11 0
12860 26 23 11 1245
12861 26 24 11 0
12862 26 25 11 0
12863 26 26 11 0
12864 26 27 11 1187
12865 26 28 11 1187
12866 26 29 11 1187
12867 26 30 11 0
12868 26 31 11 0
12869 26 32 11 0
12870 27 0 11 0
12871 27 1 11 0
12872 27 2 11 0
12873 27 3 11 1264
12874 27 4 11 0
12875 27 5 11 0
12876 27 6 11 1317
12877 27 7 11 0
12878 27 8 11 0
12879 27 9 11 0
12880 27 10 11 0
12881 27 11 11 0
12882 27 12 11 0
12883 27 13 11 0
12884 27 14 11 0
12885 27 15 11 0
12886 27 16 11 0
12887 27 17 11 0
12888 27 18 11 0
12889 27 19 11 0
12890 27 20 11 0
12891 27 21 11 0
12892 27 22 11 0
12893 27 23 11 0
12894 27 24 11 0
12895 27 25 11 0
12896 27 26 11 0
12897 27 27 11 1187
12898 27 28 11 1187
12899 27 29 11 1187
12900 27 30 11 1187
12901 27 31 11 0
12902 27 32 11 0
12903 28 0 11 1303
12904 28 1 11 0
12905 28 2 11 0
12906 28 3 11 0
12907 28 4 11 0
12908 28 5 11 1317
12909 28 6 11 1317
12910 28 7 11 0
12911 28 8 11 0
12912 28 9 11 0
12913 28 10 11 0
12914 28 11 11 1323
12915 28 12 11 1323
12916 28 13 11 1323
12917 28 14 11 0
12918 28 15 11 0
12919 28 16 11 0
12920 28 17 11 0
12921 28 18 11 1384
12922 28 19 11 0
12923 28 20 11 0
12924 28 21 11 0
12925 28 22 11 0
12926 28 23 11 0
12927 28 24 11 0
12928 28 25 11 0
12929 28 26 11 0
12930 28 27 11 0
12931 28 28 11 0
12932 28 29 11 0
12933 28 30 11 0
12934 28 31 11 0
12935 28 32 11 0
12936 29 0 11 0
12937 29 1 11 0
12938 29 2 11 0
12939 29 3 11 0
12940 29 4 11 0
12941 29 5 11 1317
12942 29 6 11 1317
12943 29 7 11 0
12944 29 8 11 0
12945 29 9 11 0
12946 29 10 11 1420
12947 29 11 11 0
12948 29 12 11 0
12949 29 13 11 0
12950 29 14 11 0
12951 29 15 11 0
12952 29 16 11 0
12953 29 17 11 0
12954 29 18 11 0
12955 29 19 11 0
12956 29 20 11 0
12957 29 21 11 0
12958 29 22 11 0
12959 29 23 11 0
12960 29 24 11 0
12961 29 25 11 0
12962 29 26 11 0
12963 29 27 11 0
12964 29 28 11 0
12965 29 29 11 0
12966 29 30 11 0
12967 29 31 11 0
12968 29 32 11 0
12969 30 0 11 0
12970 30 1 11 0
12971 30 2 11 0
12972 30 3 11 0
12973 30 4 11 0
12974 30 5 11 1317
12975 30 6 11 1317
12976 30 7 11 0
12977 30 8 11 0
12978 30 9 11 0
12979 30 10 11 0
12980 30 11 11 0
12981 30 12 11 0
12982 30 13 11 0
12983 30 14 11 0
12984 30 15 11 0
12985 30 16 11 0
12986 30 17 11 0
12987 30 18 11 1471
12988 30 19 11 0
12989 30 20 11 40
12990 30 21 11 40
12991 30 22 11 40
12992 30 23 11 40
12993 30 24 11 0
12994 30 25 11 0
12995 30 26 11 0
12996 30 27 11 0
12997 30 28 11 0
12998 30 29 11 0
12999 30 30 11 0
13000 30 31 11 0
13001 30 32 11 0
13002 31 0 11 0
13003 31 1 11 0
13004 31 2 11 0
13005 31 3 11 0
13006 31 4 11 0
13007 31 5 11 1317
13008 31 6 11 1317
13009 31 7 11 0
13010 31 8 11 0
13011 31 9 11 0
13012 31 10 11 0
13013 31 11 11 0
13014 31 12 11 0
13015 31 13 11 0
13016 31 14 11 0
13017 31 15 11 0
13018 31 16 11 0
13019 31 17 11 1518
13020 31 18 11 0
13021 31 19 11 0
13022 31 20 11 0
13023 31 21 11 40
13024 31 22 11 40
13025 31 23 11 40
13026 31 24 11 0
13027 31 25 11 0
13028 31 26 11 0
13029 31 27 11 63
13030 31 28 11 63
13031 31 29 11 0
13032 31 30 11 0
13033 31 31 11 0
13034 31 32 11 0
13035 32 0 11 0
13036 32 1 11 0
13037 32 2 11 0
13038 32 3 11 0
13039 32 4 11 0
13040 32 5 11 1317
13041 32 6 11 0
13042 32 7 11 0
13043 32 8 11 0
13044 32 9 11 0
13045 32 10 11 0
13046 32 11 11 21
13047 32 12 11 0
13048 32 13 11 0
13049 32 14 11 0
13050 32 15 11 0
13051 32 16 11 0
13052 32 17 11 0
13053 32 18 11 0
13054 32 19 11 0
13055 32 20 11 40
13056 32 21 11 40
13057 32 22 11 40
13058 32 23 11 40
13059 32 24 11 0
13060 32 25 11 0
13061 32 26 11 0
13062 32 27 11 63
13063 32 28 11 63
13064 32 29 11 0
13065 32 30 11 0
13066 32 31 11 0
13067 32 32 11 0
13068 0 0 12 0
13069 0 1 12 0
13070 0 2 12 0
13071 0 3 12 0
13072 0 4 12 0
13073 0 5 12 0
13074 0 6 12 0
13075 0 7 12 0
13076 0 8 12 0
13077 0 9 12 0
13078 0 10 12 0
13079 0 11 12 0
13080 0 12 12 28
13081 0 13 12 0
13082 0 14 12 34
13083 0 15 12 34
13084 0 16 12 0
13085 0 17 12 41
13086 0 18 12 0
13087 0 19 12 0
13088 0 20 12 0
13089 0 21 12 0
13090 0 22 12 0
13091 0 23 12 0
13092 0 24 12 0
13093 0 25 12 0
13094 0 26 12 0
13095 0 27 12 63
13096 0 28 12 63
13097 0 29 12 0
13098 0 30 12 0
13099 0 31 12 0
13100 0 32 12 0
13101 1 0 12 0
13102 1 1 12 0
13103 1 2 12 0
13104 1 3 12 0
13105 1 4 12 0
13106 1 5 12 0
13107 1 6 12 0
13108 1 7 12 78
13109 1 8 12 0
13110 1 9 12 0
13111 1 10 12 0
13112 1 11 12 0
13113 1 12 12 0
13114 1 13 12 0
13115 1 14 12 34
13116 1 15 12 34
13117 1 16 12 0
13118 1 17 12 41
13119 1 18 12 41
13120 1 19 12 0
13121 1 20 12 0
13122 1 21 12 0
13123 1 22 12 0
13124 1 23 12 0
13125 1 24 12 0
13126 1 25 12 0
13127 1 26 12 0
13128 1 27 12 0
13129 1 28 12 0
13130 1 29 12 0
13131 1 30 12 0
13132 1 31 12 0
13133 1 32 12 0
13134 2 0 12 0
13135 2 1 12 0
13136 2 2 12 78
13137 2 3 12 0
13138 2 4 12 138
13139 2 5 12 0
13140 2 6 12 78
13141 2 7 12 78
13142 2 8 12 0
13143 2 9 12 0
13144 2 10 12 151
13145 2 11 12 0
13146 2 12 12 0
13147 2 13 12 0
13148 2 14 12 34
13149 2 15 12 0
13150 2 16 12 0
13151 2 17 12 41
13152 2 18 12 41
13153 2 19 12 0
13154 2 20 12 0
13155 2 21 12 0
13156 2 22 12 0
13157 2 23 12 0
13158 2 24 12 0
13159 2 25 12 168
13160 2 26 12 0
13161 2 27 12 0
13162 2 28 12 0
13163 2 29 12 0
13164 2 30 12 0
13165 2 31 12 0
13166 2 32 12 0
13167 3 0 12 0
13168 3 1 12 0
13169 3 2 12 0
13170 3 3 12 0
13171 3 4 12 0
13172 3 5 12 0
13173 3 6 12 0
13174 3 7 12 0
13175 3 8 12 0
13176 3 9 12 0
13177 3 10 12 0
13178 3 11 12 0
13179 3 12 12 0
13180 3 13 12 0
13181 3 14 12 34
13182 3 15 12 0
13183 3 16 12 0
13184 3 17 12 41
13185 3 18 12 0
13186 3 19 12 0
13187 3 20 12 0
13188 3 21 12 0
13189 3 22 12 200
13190 3 23 12 0
13191 3 24 12 0
13192 3 25 12 0
13193 3 26 12 0
13194 3 27 12 0
13195 3 28 12 0
13196 3 29 12 0
13197 3 30 12 0
13198 3 31 12 0
13199 3 32 12 0
13200 4 0 12 0
13201 4 1 12 0
13202 4 2 12 0
13203 4 3 12 0
13204 4 4 12 0
13205 4 5 12 0
13206 4 6 12 0
13207 4 7 12 0
13208 4 8 12 0
13209 4 9 12 0
13210 4 10 12 0
13211 4 11 12 0
13212 4 12 12 0
13213 4 13 12 0
13214 4 14 12 0
13215 4 15 12 34
13216 4 16 12 0
13217 4 17 12 0
13218 4 18 12 0
13219 4 19 12 0
13220 4 20 12 0
13221 4 21 12 0
13222 4 22 12 0
13223 4 23 12 0
13224 4 24 12 0
13225 4 25 12 0
13226 4 26 12 0
13227 4 27 12 0
13228 4 28 12 0
13229 4 29 12 0
13230 4 30 12 0
13231 4 31 12 0
13232 4 32 12 0
13233 5 0 12 0
13234 5 1 12 0
13235 5 2 12 0
13236 5 3 12 0
13237 5 4 12 0
13238 5 5 12 0
13239 5 6 12 0
13240 5 7 12 0
13241 5 8 12 0
13242 5 9 12 0
13243 5 10 12 0
13244 5 11 12 0
13245 5 12 12 0
13246 5 13 12 0
13247 5 14 12 0
13248 5 15 12 34
13249 5 16 12 0
13250 5 17 12 0
13251 5 18 12 0
13252 5 19 12 0
13253 5 20 12 0
13254 5 21 12 0
13255 5 22 12 0
13256 5 23 12 0
13257 5 24 12 0
13258 5 25 12 0
13259 5 26 12 0
13260 5 27 12 211
13261 5 28 12 0
13262 5 29 12 0
13263 5 30 12 0
13264 5 31 12 0
13265 5 32 12 0
13266 6 0 12 0
13267 6 1 12 263
13268 6 2 12 263
13269 6 3 12 0
13270 6 4 12 0
13271 6 5 12 0
13272 6 6 12 0
13273 6 7 12 317
13274 6 8 12 0
13275 6 9 12 320
13276 6 10 12 320
13277 6 11 12 323
13278 6 12 12 0
13279 6 13 12 0
13280 6 14 12 0
13281 6 15 12 0
13282 6 16 12 332
13283 6 17 12 332
13284 6 18 12 332
13285 6 19 12 0
13286 6 20 12 0
13287 6 21 12 0
13288 6 22 12 0
13289 6 23 12 0
13290 6 24 12 0
13291 6 25 12 0
13292 6 26 12 0
13293 6 27 12 0
13294 6 28 12 0
13295 6 29 12 0
13296 6 30 12 0
13297 6 31 12 0
13298 6 32 12 0
13299 7 0 12 263
13300 7 1 12 263
13301 7 2 12 263
13302 7 3 12 0
13303 7 4 12 0
13304 7 5 12 0
13305 7 6 12 0
13306 7 7 12 0
13307 7 8 12 0
13308 7 9 12 0
13309 7 10 12 0
13310 7 11 12 362
13311 7 12 12 0
13312 7 13 12 367
13313 7 14 12 0
13314 7 15 12 332
13315 7 16 12 332
13316 7 17 12 332
13317 7 18 12 332
13318 7 19 12 332
13319 7 20 12 374
13320 7 21 12 0
13321 7 22 12 0
13322 7 23 12 0
13323 7 24 12 0
13324 7 25 12 0
13325 7 26 12 303
13326 7 27 12 303
13327 7 28 12 0
13328 7 29 12 0
13329 7 30 12 0
13330 7 31 12 263
13331 7 32 12 0
13332 8 0 12 263
13333 8 1 12 263
13334 8 2 12 263
13335 8 3 12 0
13336 8 4 12 0
13337 8 5 12 0
13338 8 6 12 0
13339 8 7 12 0
13340 8 8 12 0
13341 8 9 12 0
13342 8 10 12 0
13343 8 11 12 403
13344 8 12 12 0
13345 8 13 12 0
13346 8 14 12 0
13347 8 15 12 0
13348 8 16 12 0
13349 8 17 12 332
13350 8 18 12 332
13351 8 19 12 0
13352 8 20 12 0
13353 8 21 12 0
13354 8 22 12 0
13355 8 23 12 0
13356 8 24 12 0
13357 8 25 12 303
13358 8 26 12 303
13359 8 27 12 0
13360 8 28 12 0
13361 8 29 12 0
13362 8 30 12 0
13363 8 31 12 263
13364 8 32 12 263
13365 9 0 12 263
13366 9 1 12 0
13367 9 2 12 263
13368 9 3 12 0
13369 9 4 12 0
13370 9 5 12 0
13371 9 6 12 0
13372 9 7 12 0
13373 9 8 12 397
13374 9 9 12 397
13375 9 10 12 397
13376 9 11 12 0
13377 9 12 12 0
13378 9 13 12 0
13379 9 14 12 0
13380 9 15 12 0
13381 9 16 12 0
13382 9 17 12 332
13383 9 18 12 0
13384 9 19 12 0
13385 9 20 12 0
13386 9 21 12 0
13387 9 22 12 0
13388 9 23 12 0
13389 9 24 12 0
13390 9 25 12 0
13391 9 26 12 0
13392 9 27 12 0
13393 9 28 12 0
13394 9 29 12 0
13395 9 30 12 0
13396 9 31 12 0
13397 9 32 12 0
13398 10 0 12 0
13399 10 1 12 0
13400 10 2 12 0
13401 10 3 12 0
13402 10 4 12 0
13403 10 5 12 0
13404 10 6 12 0
13405 10 7 12 0
13406 10 8 12 0
13407 10 9 12 0
13408 10 10 12 0
13409 10 11 12 0
13410 10 12 12 0
13411 10 13 12 0
13412 10 14 12 506
13413 10 15 12 0
13414 10 16 12 0
13415 10 17 12 0
13416 10 18 12 0
13417 10 19 12 0
13418 10 20 12 0
13419 10 21 12 515
13420 10 22 12 0
13421 10 23 12 0
13422 10 24 12 0
13423 10 25 12 0
13424 10 26 12 476
13425 10 27 12 476
13426 10 28 12 0
13427 10 29 12 0
13428 10 30 12 0
13429 10 31 12 0
13430 10 32 12 0
13431 11 0 12 0
13432 11 1 12 0
13433 11 2 12 0
13434 11 3 12 0
13435 11 4 12 0
13436 11 5 12 0
13437 11 6 12 0
13438 11 7 12 0
13439 11 8 12 0
13440 11 9 12 0
13441 11 10 12 0
13442 11 11 12 0
13443 11 12 12 0
13444 11 13 12 506
13445 11 14 12 506
13446 11 15 12 0
13447 11 16 12 0
13448 11 17 12 0
13449 11 18 12 0
13450 11 19 12 0
13451 11 20 12 515
13452 11 21 12 515
13453 11 22 12 0
13454 11 23 12 0
13455 11 24 12 0
13456 11 25 12 572
13457 11 26 12 0
13458 11 27 12 0
13459 11 28 12 0
13460 11 29 12 0
13461 11 30 12 0
13462 11 31 12 0
13463 11 32 12 0
13464 12 0 12 0
13465 12 1 12 0
13466 12 2 12 0
13467 12 3 12 0
13468 12 4 12 0
13469 12 5 12 0
13470 12 6 12 595
13471 12 7 12 595
13472 12 8 12 0
13473 12 9 12 0
13474 12 10 12 0
13475 12 11 12 0
13476 12 12 12 0
13477 12 13 12 0
13478 12 14 12 0
13479 12 15 12 0
13480 12 16 12 0
13481 12 17 12 0
13482 12 18 12 0
13483 12 19 12 0
13484 12 20 12 0
13485 12 21 12 0
13486 12 22 12 0
13487 12 23 12 0
13488 12 24 12 0
13489 12 25 12 0
13490 12 26 12 0
13491 12 27 12 0
13492 12 28 12 0
13493 12 29 12 0
13494 12 30 12 0
13495 12 31 12 0
13496 12 32 12 0
13497 13 0 12 0
13498 13 1 12 0
13499 13 2 12 0
13500 13 3 12 635
13501 13 4 12 0
13502 13 5 12 0
13503 13 6 12 0
13504 13 7 12 0
13505 13 8 12 0
13506 13 9 12 0
13507 13 10 12 0
13508 13 11 12 0
13509 13 12 12 0
13510 13 13 12 0
13511 13 14 12 0
13512 13 15 12 0
13513 13 16 12 0
13514 13 17 12 0
13515 13 18 12 0
13516 13 19 12 612
13517 13 20 12 612
13518 13 21 12 0
13519 13 22 12 0
13520 13 23 12 0
13521 13 24 12 0
13522 13 25 12 0
13523 13 26 12 0
13524 13 27 12 0
13525 13 28 12 0
13526 13 29 12 0
13527 13 30 12 0
13528 13 31 12 0
13529 13 32 12 665
13530 14 0 12 665
13531 14 1 12 665
13532 14 2 12 0
13533 14 3 12 0
13534 14 4 12 0
13535 14 5 12 0
13536 14 6 12 673
13537 14 7 12 0
13538 14 8 12 0
13539 14 9 12 680
13540 14 10 12 0
13541 14 11 12 0
13542 14 12 12 0
13543 14 13 12 0
13544 14 14 12 0
13545 14 15 12 0
13546 14 16 12 0
13547 14 17 12 0
13548 14 18 12 0
13549 14 19 12 0
13550 14 20 12 0
13551 14 21 12 0
13552 14 22 12 0
13553 14 23 12 0
13554 14 24 12 0
13555 14 25 12 0
13556 14 26 12 0
13557 14 27 12 0
13558 14 28 12 0
13559 14 29 12 0
13560 14 30 12 0
13561 14 31 12 0
13562 14 32 12 665
13563 15 0 12 665
13564 15 1 12 665
13565 15 2 12 665
13566 15 3 12 0
13567 15 4 12 0
13568 15 5 12 0
13569 15 6 12 0
13570 15 7 12 0
13571 15 8 12 0
13572 15 9 12 0
13573 15 10 12 0
13574 15 11 12 0
13575 15 12 12 0
13576 15 13 12 739
13577 15 14 12 0
13578 15 15 12 694
13579 15 16 12 694
13580 15 17 12 694
13581 15 18 12 0
13582 15 19 12 0
13583 15 20 12 0
13584 15 21 12 0
13585 15 22 12 0
13586 15 23 12 0
13587 15 24 12 756
13588 15 25 12 0
13589 15 26 12 0
13590 15 27 12 0
13591 15 28 12 763
13592 15 29 12 0
13593 15 30 12 0
13594 15 31 12 0
13595 15 32 12 0
13596 16 0 12 0
13597 16 1 12 665
13598 16 2 12 665
13599 16 3 12 0
13600 16 4 12 0
13601 16 5 12 780
13602 16 6 12 0
13603 16 7 12 0
13604 16 8 12 0
13605 16 9 12 0
13606 16 10 12 0
13607 16 11 12 0
13608 16 12 12 0
13609 16 13 12 0
13610 16 14 12 0
13611 16 15 12 694
13612 16 16 12 694
13613 16 17 12 0
13614 16 18 12 0
13615 16 19 12 0
13616 16 20 12 0
13617 16 21 12 0
13618 16 22 12 0
13619 16 23 12 0
13620 16 24 12 0
13621 16 25 12 0
13622 16 26 12 0
13623 16 27 12 0
13624 16 28 12 0
13625 16 29 12 0
13626 16 30 12 0
13627 16 31 12 0
13628 16 32 12 0
13629 17 0 12 0
13630 17 1 12 0
13631 17 2 12 0
13632 17 3 12 0
13633 17 4 12 0
13634 17 5 12 780
13635 17 6 12 780
13636 17 7 12 0
13637 17 8 12 0
13638 17 9 12 0
13639 17 10 12 0
13640 17 11 12 0
13641 17 12 12 0
13642 17 13 12 0
13643 17 14 12 0
13644 17 15 12 694
13645 17 16 12 0
13646 17 17 12 0
13647 17 18 12 0
13648 17 19 12 0
13649 17 20 12 0
13650 17 21 12 858
13651 17 22 12 0
13652 17 23 12 0
13653 17 24 12 0
13654 17 25 12 0
13655 17 26 12 0
13656 17 27 12 0
13657 17 28 12 0
13658 17 29 12 0
13659 17 30 12 0
13660 17 31 12 0
13661 17 32 12 0
13662 18 0 12 0
13663 18 1 12 0
13664 18 2 12 0
13665 18 3 12 0
13666 18 4 12 780
13667 18 5 12 780
13668 18 6 12 780
13669 18 7 12 0
13670 18 8 12 0
13671 18 9 12 837
13672 18 10 12 837
13673 18 11 12 0
13674 18 12 12 0
13675 18 13 12 0
13676 18 14 12 0
13677 18 15 12 0
13678 18 16 12 0
13679 18 17 12 0
13680 18 18 12 0
13681 18 19 12 858
13682 18 20 12 858
13683 18 21 12 858
13684 18 22 12 0
13685 18 23 12 0
13686 18 24 12 0
13687 18 25 12 817
13688 18 26 12 0
13689 18 27 12 0
13690 18 28 12 0
13691 18 29 12 0
13692 18 30 12 0
13693 18 31 12 0
13694 18 32 12 0
13695 19 0 12 0
13696 19 1 12 0
13697 19 2 12 0
13698 19 3 12 0
13699 19 4 12 0
13700 19 5 12 780
13701 19 6 12 780
13702 19 7 12 0
13703 19 8 12 0
13704 19 9 12 0
13705 19 10 12 837
13706 19 11 12 837
13707 19 12 12 0
13708 19 13 12 932
13709 19 14 12 0
13710 19 15 12 0
13711 19 16 12 0
13712 19 17 12 940
13713 19 18 12 0
13714 19 19 12 858
13715 19 20 12 858
13716 19 21 12 0
13717 19 22 12 0
13718 19 23 12 0
13719 19 24 12 0
13720 19 25 12 817
13721 19 26 12 0
13722 19 27 12 0
13723 19 28 12 0
13724 19 29 12 0
13725 19 30 12 961
13726 19 31 12 963
13727 19 32 12 0
13728 20 0 12 0
13729 20 1 12 0
13730 20 2 12 0
13731 20 3 12 0
13732 20 4 12 0
13733 20 5 12 780
13734 20 6 12 780
13735 20 7 12 780
13736 20 8 12 0
13737 20 9 12 0
13738 20 10 12 837
13739 20 11 12 837
13740 20 12 12 0
13741 20 13 12 932
13742 20 14 12 932
13743 20 15 12 932
13744 20 16 12 0
13745 20 17 12 0
13746 20 18 12 0
13747 20 19 12 0
13748 20 20 12 0
13749 20 21 12 0
13750 20 22 12 999
13751 20 23 12 999
13752 20 24 12 0
13753 20 25 12 817
13754 20 26 12 817
13755 20 27 12 817
13756 20 28 12 0
13757 20 29 12 0
13758 20 30 12 0
13759 20 31 12 963
13760 20 32 12 0
13761 21 0 12 0
13762 21 1 12 0
13763 21 2 12 0
13764 21 3 12 0
13765 21 4 12 0
13766 21 5 12 780
13767 21 6 12 780
13768 21 7 12 780
13769 21 8 12 780
13770 21 9 12 0
13771 21 10 12 0
13772 21 11 12 0
13773 21 12 12 932
13774 21 13 12 932
13775 21 14 12 932
13776 21 15 12 932
13777 21 16 12 0
13778 21 17 12 0
13779 21 18 12 0
13780 21 19 12 0
13781 21 20 12 0
13782 21 21 12 0
13783 21 22 12 0
13784 21 23 12 1048
13785 21 24 12 0
13786 21 25 12 0
13787 21 26 12 817
13788 21 27 12 817
13789 21 28 12 0
13790 21 29 12 0
13791 21 30 12 0
13792 21 31 12 0
13793 21 32 12 0
13794 22 0 12 0
13795 22 1 12 0
13796 22 2 12 0
13797 22 3 12 0
13798 22 4 12 0
13799 22 5 12 0
13800 22 6 12 0
13801 22 7 12 780
13802 22 8 12 780
13803 22 9 12 0
13804 22 10 12 0
13805 22 11 12 0
13806 22 12 12 932
13807 22 13 12 932
13808 22 14 12 932
13809 22 15 12 0
13810 22 16 12 932
13811 22 17 12 0
13812 22 18 12 0
13813 22 19 12 1042
13814 22 20 12 1042
13815 22 21 12 0
13816 22 22 12 0
13817 22 23 12 0
13818 22 24 12 0
13819 22 25 12 817
13820 22 26 12 817
13821 22 27 12 817
13822 22 28 12 0
13823 22 29 12 0
13824 22 30 12 0
13825 22 31 12 0
13826 22 32 12 0
13827 23 0 12 0
13828 23 1 12 0
13829 23 2 12 0
13830 23 3 12 0
13831 23 4 12 0
13832 23 5 12 0
13833 23 6 12 0
13834 23 7 12 780
13835 23 8 12 780
13836 23 9 12 0
13837 23 10 12 0
13838 23 11 12 0
13839 23 12 12 932
13840 23 13 12 0
13841 23 14 12 0
13842 23 15 12 0
13843 23 16 12 0
13844 23 17 12 0
13845 23 18 12 0
13846 23 19 12 0
13847 23 20 12 0
13848 23 21 12 0
13849 23 22 12 0
13850 23 23 12 0
13851 23 24 12 0
13852 23 25 12 0
13853 23 26 12 817
13854 23 27 12 0
13855 23 28 12 0
13856 23 29 12 0
13857 23 30 12 0
13858 23 31 12 0
13859 23 32 12 0
13860 24 0 12 1009
13861 24 1 12 1009
13862 24 2 12 1009
13863 24 3 12 0
13864 24 4 12 0
13865 24 5 12 0
13866 24 6 12 0
13867 24 7 12 780
13868 24 8 12 780
13869 24 9 12 0
13870 24 10 12 1160
13871 24 11 12 0
13872 24 12 12 0
13873 24 13 12 0
13874 24 14 12 0
13875 24 15 12 0
13876 24 16 12 0
13877 24 17 12 0
13878 24 18 12 0
13879 24 19 12 0
13880 24 20 12 0
13881 24 21 12 0
13882 24 22 12 0
13883 24 23 12 0
13884 24 24 12 0
13885 24 25 12 0
13886 24 26 12 0
13887 24 27 12 0
13888 24 28 12 0
13889 24 29 12 0
13890 24 30 12 0
13891 24 31 12 0
13892 24 32 12 1009
13893 25 0 12 1009
13894 25 1 12 1009
13895 25 2 12 1009
13896 25 3 12 0
13897 25 4 12 0
13898 25 5 12 0
13899 25 6 12 0
13900 25 7 12 0
13901 25 8 12 0
13902 25 9 12 0
13903 25 10 12 0
13904 25 11 12 0
13905 25 12 12 0
13906 25 13 12 0
13907 25 14 12 1230
13908 25 15 12 0
13909 25 16 12 0
13910 25 17 12 1080
13911 25 18 12 1080
13912 25 19 12 0
13913 25 20 12 0
13914 25 21 12 0
13915 25 22 12 0
13916 25 23 12 1245
13917 25 24 12 0
13918 25 25 12 0
13919 25 26 12 1187
13920 25 27 12 1187
13921 25 28 12 1187
13922 25 29 12 0
13923 25 30 12 0
13924 25 31 12 0
13925 25 32 12 0
13926 26 0 12 0
13927 26 1 12 0
13928 26 2 12 0
13929 26 3 12 0
13930 26 4 12 0
13931 26 5 12 0
13932 26 6 12 0
13933 26 7 12 0
13934 26 8 12 0
13935 26 9 12 0
13936 26 10 12 0
13937 26 11 12 0
13938 26 12 12 0
13939 26 13 12 0
13940 26 14 12 0
13941 26 15 12 0
13942 26 16 12 1080
13943 26 17 12 1080
13944 26 18 12 0
13945 26 19 12 0
13946 26 20 12 0
13947 26 21 12 0
13948 26 22 12 0
13949 26 23 12 1245
13950 26 24 12 0
13951 26 25 12 0
13952 26 26 12 1187
13953 26 27 12 1187
13954 26 28 12 1187
13955 26 29 12 0
13956 26 30 12 0
13957 26 31 12 0
13958 26 32 12 0
13959 27 0 12 0
13960 27 1 12 0
13961 27 2 12 0
13962 27 3 12 1312
13963 27 4 12 0
13964 27 5 12 0
13965 27 6 12 1317
13966 27 7 12 0
13967 27 8 12 0
13968 27 9 12 0
13969 27 10 12 0
13970 27 11 12 1323
13971 27 12 12 1323
13972 27 13 12 1323
13973 27 14 12 0
13974 27 15 12 0
13975 27 16 12 0
13976 27 17 12 0
13977 27 18 12 0
13978 27 19 12 0
13979 27 20 12 0
13980 27 21 12 0
13981 27 22 12 0
13982 27 23 12 0
13983 27 24 12 0
13984 27 25 12 0
13985 27 26 12 0
13986 27 27 12 0
13987 27 28 12 0
13988 27 29 12 0
13989 27 30 12 0
13990 27 31 12 0
13991 27 32 12 0
13992 28 0 12 1303
13993 28 1 12 1303
13994 28 2 12 1303
13995 28 3 12 1312
13996 28 4 12 0
13997 28 5 12 1317
13998 28 6 12 1317
13999 28 7 12 0
14000 28 8 12 0
14001 28 9 12 0
14002 28 10 12 0
14003 28 11 12 1323
14004 28 12 12 0
14005 28 13 12 1323
14006 28 14 12 1323
14007 28 15 12 0
14008 28 16 12 0
14009 28 17 12 0
14010 28 18 12 0
14011 28 19 12 0
14012 28 20 12 0
14013 28 21 12 0
14014 28 22 12 0
14015 28 23 12 0
14016 28 24 12 0
14017 28 25 12 1393
14018 28 26 12 0
14019 28 27 12 0
14020 28 28 12 0
14021 28 29 12 0
14022 28 30 12 0
14023 28 31 12 0
14024 28 32 12 1303
14025 29 0 12 0
14026 29 1 12 0
14027 29 2 12 0
14028 29 3 12 1407
14029 29 4 12 0
14030 29 5 12 1317
14031 29 6 12 1317
14032 29 7 12 0
14033 29 8 12 0
14034 29 9 12 1418
14035 29 10 12 1421
14036 29 11 12 0
14037 29 12 12 0
14038 29 13 12 0
14039 29 14 12 1329
14040 29 15 12 0
14041 29 16 12 0
14042 29 17 12 0
14043 29 18 12 0
14044 29 19 12 0
14045 29 20 12 1433
14046 29 21 12 1433
14047 29 22 12 0
14048 29 23 12 0
14049 29 24 12 0
14050 29 25 12 0
14051 29 26 12 0
14052 29 27 12 1444
14053 29 28 12 1444
14054 29 29 12 0
14055 29 30 12 0
14056 29 31 12 0
14057 29 32 12 0
14058 30 0 12 0
14059 30 1 12 0
14060 30 2 12 0
14061 30 3 12 0
14062 30 4 12 0
14063 30 5 12 0
14064 30 6 12 1317
14065 30 7 12 0
14066 30 8 12 1418
14067 30 9 12 1418
14068 30 10 12 0
14069 30 11 12 0
14070 30 12 12 0
14071 30 13 12 0
14072 30 14 12 1329
14073 30 15 12 1329
14074 30 16 12 1329
14075 30 17 12 0
14076 30 18 12 0
14077 30 19 12 0
14078 30 20 12 0
14079 30 21 12 0
14080 30 22 12 0
14081 30 23 12 0
14082 30 24 12 0
14083 30 25 12 0
14084 30 26 12 1483
14085 30 27 12 0
14086 30 28 12 0
14087 30 29 12 0
14088 30 30 12 0
14089 30 31 12 0
14090 30 32 12 0
14091 31 0 12 0
14092 31 1 12 0
14093 31 2 12 0
14094 31 3 12 0
14095 31 4 12 0
14096 31 5 12 0
14097 31 6 12 0
14098 31 7 12 0
14099 31 8 12 0
14100 31 9 12 1418
14101 31 10 12 0
14102 31 11 12 0
14103 31 12 12 0
14104 31 13 12 0
14105 31 14 12 0
14106 31 15 12 0
14107 31 16 12 0
14108 31 17 12 0
14109 31 18 12 0
14110 31 19 12 0
14111 31 20 12 0
14112 31 21 12 0
14113 31 22 12 40
14114 31 23 12 40
14115 31 24 12 40
14116 31 25 12 0
14117 31 26 12 63
14118 31 27 12 63
14119 31 28 12 63
14120 31 29 12 0
14121 31 30 12 0
14122 31 31 12 0
14123 31 32 12 0
14124 32 0 12 0
14125 32 1 12 0
14126 32 2 12 0
14127 32 3 12 0
14128 32 4 12 0
14129 32 5 12 0
14130 32 6 12 0
14131 32 7 12 0
14132 32 8 12 0
14133 32 9 12 0
14134 32 10 12 0
14135 32 11 12 0
14136 32 12 12 0
14137 32 13 12 0
14138 32 14 12 0
14139 32 15 12 0
14140 32 16 12 0
14141 32 17 12 41
14142 32 18 12 41
14143 32 19 12 0
14144 32 20 12 0
14145 32 21 12 0
14146 32 22 12 0
14147 32 23 12 0
14148 32 24 12 0
14149 32 25 12 0
14150 32 26 12 63
14151 32 27 12 63
14152 32 28 12 63
14153 32 29 12 0
14154 32 30 12 0
14155 32 31 12 0
14156 32 32 12 0
14157 0 0 13 0
14158 0 1 13 0
14159 0 2 13 0
14160 0 3 13 0
14161 0 4 13 0
14162 0 5 13 0
14163 0 6 13 0
14164 0 7 13 17
14165 0 8 13 0
14166 0 9 13 0
14167 0 10 13 0
14168 0 11 13 0
14169 0 12 13 0
14170 0 13 13 0
14171 0 14 13 34
14172 0 15 13 34
14173 0 16 13 0
14174 0 17 13 0
14175 0 18 13 41
14176 0 19 13 0
14177 0 20 13 0
14178 0 21 13 0
14179 0 22 13 0
14180 0 23 13 0
14181 0 24 13 0
14182 0 25 13 0
14183 0 26 13 0
14184 0 27 13 63
14185 0 28 13 0
14186 0 29 13 0
14187 0 30 13 0
14188 0 31 13 0
14189 0 32 13 0
14190 1 0 13 0
14191 1 1 13 0
14192 1 2 13 78
14193 1 3 13 78
14194 1 4 13 0
14195 1 5 13 0
14196 1 6 13 78
14197 1 7 13 78
14198 1 8 13 0
14199 1 9 13 0
14200 1 10 13 0
14201 1 11 13 0
14202 1 12 13 0
14203 1 13 13 34
14204 1 14 13 34
14205 1 15 13 0
14206 1 16 13 0
14207 1 17 13 41
14208 1 18 13 41
14209 1 19 13 0
14210 1 20 13 0
14211 1 21 13 0
14212 1 22 13 0
14213 1 23 13 0
14214 1 24 13 112
14215 1 25 13 112
14216 1 26 13 0
14217 1 27 13 0
14218 1 28 13 0
14219 1 29 13 0
14220 1 30 13 0
14221 1 31 13 0
14222 1 32 13 0
14223 2 0 13 0
14224 2 1 13 0
14225 2 2 13 78
14226 2 3 13 78
14227 2 4 13 0
14228 2 5 13 78
14229 2 6 13 78
14230 2 7 13 0
14231 2 8 13 0
14232 2 9 13 0
14233 2 10 13 0
14234 2 11 13 0
14235 2 12 13 0
14236 2 13 13 34
14237 2 14 13 34
14238 2 15 13 0
14239 2 16 13 0
14240 2 17 13 41
14241 2 18 13 41
14242 2 19 13 0
14243 2 20 13 0
14244 2 21 13 0
14245 2 22 13 0
14246 2 23 13 0
14247 2 24 13 0
14248 2 25 13 0
14249 2 26 13 0
14250 2 27 13 0
14251 2 28 13 172
14252 2 29 13 0
14253 2 30 13 0
14254 2 31 13 0
14255 2 32 13 0
14256 3 0 13 0
14257 3 1 13 132
14258 3 2 13 0
14259 3 3 13 78
14260 3 4 13 78
14261 3 5 13 78
14262 3 6 13 78
14263 3 7 13 0
14264 3 8 13 0
14265 3 9 13 0
14266 3 10 13 0
14267 3 11 13 0
14268 3 12 13 0
14269 3 13 13 0
14270 3 14 13 34
14271 3 15 13 34
14272 3 16 13 0
14273 3 17 13 41
14274 3 18 13 41
14275 3 19 13 0
14276 3 20 13 0
14277 3 21 13 0
14278 3 22 13 0
14279 3 23 13 0
14280 3 24 13 0
14281 3 25 13 0
14282 3 26 13 0
14283 3 27 13 208
14284 3 28 13 0
14285 3 29 13 0
14286 3 30 13 0
14287 3 31 13 0
14288 3 32 13 0
14289 4 0 13 0
14290 4 1 13 0
14291 4 2 13 0
14292 4 3 13 0
14293 4 4 13 0
14294 4 5 13 0
14295 4 6 13 0
14296 4 7 13 0
14297 4 8 13 0
14298 4 9 13 0
14299 4 10 13 0
14300 4 11 13 0
14301 4 12 13 0
14302 4 13 13 0
14303 4 14 13 34
14304 4 15 13 34
14305 4 16 13 0
14306 4 17 13 0
14307 4 18 13 0
14308 4 19 13 0
14309 4 20 13 0
14310 4 21 13 0
14311 4 22 13 0
14312 4 23 13 0
14313 4 24 13 0
14314 4 25 13 0
14315 4 26 13 0
14316 4 27 13 0
14317 4 28 13 0
14318 4 29 13 0
14319 4 30 13 0
14320 4 31 13 0
14321 4 32 13 0
14322 5 0 13 0
14323 5 1 13 0
14324 5 2 13 0
14325 5 3 13 0
14326 5 4 13 0
14327 5 5 13 0
14328 5 6 13 0
14329 5 7 13 0
14330 5 8 13 0
14331 5 9 13 0
14332 5 10 13 0
14333 5 11 13 0
14334 5 12 13 0
14335 5 13 13 0
14336 5 14 13 0
14337 5 15 13 34
14338 5 16 13 0
14339 5 17 13 0
14340 5 18 13 0
14341 5 19 13 0
14342 5 20 13 0
14343 5 21 13 0
14344 5 22 13 0
14345 5 23 13 0
14346 5 24 13 0
14347 5 25 13 0
14348 5 26 13 0
14349 5 27 13 0
14350 5 28 13 0
14351 5 29 13 0
14352 5 30 13 0
14353 5 31 13 0
14354 5 32 13 307
14355 6 0 13 308
14356 6 1 13 0
14357 6 2 13 0
14358 6 3 13 0
14359 6 4 13 0
14360 6 5 13 0
14361 6 6 13 0
14362 6 7 13 0
14363 6 8 13 319
14364 6 9 13 320
14365 6 10 13 320
14366 6 11 13 0
14367 6 12 13 0
14368 6 13 13 0
14369 6 14 13 0
14370 6 15 13 332
14371 6 16 13 332
14372 6 17 13 332
14373 6 18 13 0
14374 6 19 13 0
14375 6 20 13 0
14376 6 21 13 0
14377 6 22 13 0
14378 6 23 13 0
14379 6 24 13 0
14380 6 25 13 0
14381 6 26 13 303
14382 6 27 13 0
14383 6 28 13 0
14384 6 29 13 303
14385 6 30 13 0
14386 6 31 13 0
14387 6 32 13 0
14388 7 0 13 0
14389 7 1 13 263
14390 7 2 13 0
14391 7 3 13 0
14392 7 4 13 0
14393 7 5 13 0
14394 7 6 13 0
14395 7 7 13 0
14396 7 8 13 0
14397 7 9 13 320
14398 7 10 13 320
14399 7 11 13 0
14400 7 12 13 0
14401 7 13 13 0
14402 7 14 13 0
14403 7 15 13 332
14404 7 16 13 332
14405 7 17 13 332
14406 7 18 13 332
14407 7 19 13 332
14408 7 20 13 374
14409 7 21 13 0
14410 7 22 13 0
14411 7 23 13 0
14412 7 24 13 0
14413 7 25 13 303
14414 7 26 13 303
14415 7 27 13 303
14416 7 28 13 303
14417 7 29 13 0
14418 7 30 13 0
14419 7 31 13 0
14420 7 32 13 0
14421 8 0 13 0
14422 8 1 13 0
14423 8 2 13 0
14424 8 3 13 0
14425 8 4 13 0
14426 8 5 13 0
14427 8 6 13 0
14428 8 7 13 0
14429 8 8 13 0
14430 8 9 13 0
14431 8 10 13 403
14432 8 11 13 403
14433 8 12 13 0
14434 8 13 13 0
14435 8 14 13 0
14436 8 15 13 0
14437 8 16 13 332
14438 8 17 13 332
14439 8 18 13 332
14440 8 19 13 0
14441 8 20 13 374
14442 8 21 13 0
14443 8 22 13 0
14444 8 23 13 0
14445 8 24 13 0
14446 8 25 13 303
14447 8 26 13 303
14448 8 27 13 0
14449 8 28 13 0
14450 8 29 13 0
14451 8 30 13 0
14452 8 31 13 0
14453 8 32 13 0
14454 9 0 13 0
14455 9 1 13 0
14456 9 2 13 0
14457 9 3 13 0
14458 9 4 13 0
14459 9 5 13 0
14460 9 6 13 0
14461 9 7 13 0
14462 9 8 13 0
14463 9 9 13 0
14464 9 10 13 0
14465 9 11 13 0
14466 9 12 13 0
14467 9 13 13 0
14468 9 14 13 455
14469 9 15 13 0
14470 9 16 13 0
14471 9 17 13 0
14472 9 18 13 0
14473 9 19 13 464
14474 9 20 13 0
14475 9 21 13 0
14476 9 22 13 0
14477 9 23 13 0
14478 9 24 13 469
14479 9 25 13 0
14480 9 26 13 0
14481 9 27 13 0
14482 9 28 13 476
14483 9 29 13 0
14484 9 30 13 0
14485 9 31 13 0
14486 9 32 13 0
14487 10 0 13 0
14488 10 1 13 0
14489 10 2 13 488
14490 10 3 13 0
14491 10 4 13 0
14492 10 5 13 0
14493 10 6 13 0
14494 10 7 13 0
14495 10 8 13 0
14496 10 9 13 0
14497 10 10 13 0
14498 10 11 13 0
14499 10 12 13 0
14500 10 13 13 504
14501 10 14 13 0
14502 10 15 13 0
14503 10 16 13 0
14504 10 17 13 0
14505 10 18 13 509
14506 10 19 13 0
14507 10 20 13 0
14508 10 21 13 0
14509 10 22 13 0
14510 10 23 13 0
14511 10 24 13 0
14512 10 25 13 0
14513 10 26 13 476
14514 10 27 13 476
14515 10 28 13 476
14516 10 29 13 0
14517 10 30 13 0
14518 10 31 13 529
14519 10 32 13 0
14520 11 0 13 0
14521 11 1 13 0
14522 11 2 13 0
14523 11 3 13 0
14524 11 4 13 0
14525 11 5 13 0
14526 11 6 13 0
14527 11 7 13 0
14528 11 8 13 0
14529 11 9 13 0
14530 11 10 13 0
14531 11 11 13 0
14532 11 12 13 0
14533 11 13 13 506
14534 11 14 13 557
14535 11 15 13 0
14536 11 16 13 0
14537 11 17 13 0
14538 11 18 13 0
14539 11 19 13 0
14540 11 20 13 0
14541 11 21 13 515
14542 11 22 13 0
14543 11 23 13 0
14544 11 24 13 0
14545 11 25 13 0
14546 11 26 13 0
14547 11 27 13 476
14548 11 28 13 0
14549 11 29 13 0
14550 11 30 13 0
14551 11 31 13 0
14552 11 32 13 0
14553 12 0 13 0
14554 12 1 13 0
14555 12 2 13 0
14556 12 3 13 0
14557 12 4 13 0
14558 12 5 13 0
14559 12 6 13 0
14560 12 7 13 0
14561 12 8 13 0
14562 12 9 13 0
14563 12 10 13 0
14564 12 11 13 0
14565 12 12 13 0
14566 12 13 13 606
14567 12 14 13 0
14568 12 15 13 0
14569 12 16 13 609
14570 12 17 13 0
14571 12 18 13 0
14572 12 19 13 0
14573 12 20 13 0
14574 12 21 13 0
14575 12 22 13 0
14576 12 23 13 0
14577 12 24 13 0
14578 12 25 13 0
14579 12 26 13 0
14580 12 27 13 0
14581 12 28 13 0
14582 12 29 13 0
14583 12 30 13 0
14584 12 31 13 0
14585 12 32 13 0
14586 13 0 13 0
14587 13 1 13 0
14588 13 2 13 0
14589 13 3 13 0
14590 13 4 13 0
14591 13 5 13 0
14592 13 6 13 0
14593 13 7 13 0
14594 13 8 13 0
14595 13 9 13 0
14596 13 10 13 644
14597 13 11 13 0
14598 13 12 13 0
14599 13 13 13 0
14600 13 14 13 0
14601 13 15 13 0
14602 13 16 13 0
14603 13 17 13 0
14604 13 18 13 0
14605 13 19 13 0
14606 13 20 13 0
14607 13 21 13 0
14608 13 22 13 0
14609 13 23 13 0
14610 13 24 13 0
14611 13 25 13 0
14612 13 26 13 0
14613 13 27 13 0
14614 13 28 13 0
14615 13 29 13 0
14616 13 30 13 0
14617 13 31 13 0
14618 13 32 13 0
14619 14 0 13 0
14620 14 1 13 0
14621 14 2 13 0
14622 14 3 13 0
14623 14 4 13 0
14624 14 5 13 673
14625 14 6 13 673
14626 14 7 13 0
14627 14 8 13 0
14628 14 9 13 680
14629 14 10 13 0
14630 14 11 13 0
14631 14 12 13 0
14632 14 13 13 0
14633 14 14 13 694
14634 14 15 13 0
14635 14 16 13 694
14636 14 17 13 0
14637 14 18 13 0
14638 14 19 13 0
14639 14 20 13 0
14640 14 21 13 0
14641 14 22 13 0
14642 14 23 13 706
14643 14 24 13 0
14644 14 25 13 0
14645 14 26 13 0
14646 14 27 13 708
14647 14 28 13 0
14648 14 29 13 0
14649 14 30 13 0
14650 14 31 13 0
14651 14 32 13 0
14652 15 0 13 0
14653 15 1 13 665
14654 15 2 13 0
14655 15 3 13 0
14656 15 4 13 0
14657 15 5 13 0
14658 15 6 13 0
14659 15 7 13 0
14660 15 8 13 0
14661 15 9 13 680
14662 15 10 13 680
14663 15 11 13 0
14664 15 12 13 0
14665 15 13 13 0
14666 15 14 13 694
14667 15 15 13 694
14668 15 16 13 694
14669 15 17 13 694
14670 15 18 13 0
14671 15 19 13 0
14672 15 20 13 0
14673 15 21 13 0
14674 15 22 13 0
14675 15 23 13 0
14676 15 24 13 756
14677 15 25 13 756
14678 15 26 13 0
14679 15 27 13 0
14680 15 28 13 0
14681 15 29 13 0
14682 15 30 13 0
14683 15 31 13 0
14684 15 32 13 0
14685 16 0 13 0
14686 16 1 13 665
14687 16 2 13 665
14688 16 3 13 0
14689 16 4 13 0
14690 16 5 13 0
14691 16 6 13 783
14692 16 7 13 783
14693 16 8 13 0
14694 16 9 13 680
14695 16 10 13 0
14696 16 11 13 0
14697 16 12 13 0
14698 16 13 13 0
14699 16 14 13 0
14700 16 15 13 694
14701 16 16 13 694
14702 16 17 13 694
14703 16 18 13 0
14704 16 19 13 0
14705 16 20 13 0
14706 16 21 13 0
14707 16 22 13 0
14708 16 23 13 812
14709 16 24 13 0
14710 16 25 13 0
14711 16 26 13 0
14712 16 27 13 0
14713 16 28 13 0
14714 16 29 13 0
14715 16 30 13 0
14716 16 31 13 0
14717 16 32 13 0
14718 17 0 13 0
14719 17 1 13 665
14720 17 2 13 0
14721 17 3 13 0
14722 17 4 13 0
14723 17 5 13 0
14724 17 6 13 0
14725 17 7 13 0
14726 17 8 13 0
14727 17 9 13 837
14728 17 10 13 837
14729 17 11 13 0
14730 17 12 13 0
14731 17 13 13 0
14732 17 14 13 694
14733 17 15 13 694
14734 17 16 13 694
14735 17 17 13 0
14736 17 18 13 0
14737 17 19 13 0
14738 17 20 13 0
14739 17 21 13 0
14740 17 22 13 863
14741 17 23 13 0
14742 17 24 13 0
14743 17 25 13 0
14744 17 26 13 0
14745 17 27 13 0
14746 17 28 13 0
14747 17 29 13 0
14748 17 30 13 0
14749 17 31 13 0
14750 17 32 13 0
14751 18 0 13 0
14752 18 1 13 0
14753 18 2 13 0
14754 18 3 13 0
14755 18 4 13 780
14756 18 5 13 780
14757 18 6 13 0
14758 18 7 13 0
14759 18 8 13 0
14760 18 9 13 0
14761 18 10 13 837
14762 18 11 13 837
14763 18 12 13 887
14764 18 13 13 0
14765 18 14 13 0
14766 18 15 13 0
14767 18 16 13 0
14768 18 17 13 0
14769 18 18 13 0
14770 18 19 13 858
14771 18 20 13 858
14772 18 21 13 858
14773 18 22 13 0
14774 18 23 13 0
14775 18 24 13 0
14776 18 25 13 0
14777 18 26 13 0
14778 18 27 13 0
14779 18 28 13 0
14780 18 29 13 908
14781 18 30 13 908
14782 18 31 13 0
14783 18 32 13 0
14784 19 0 13 0
14785 19 1 13 0
14786 19 2 13 0
14787 19 3 13 0
14788 19 4 13 780
14789 19 5 13 780
14790 19 6 13 780
14791 19 7 13 780
14792 19 8 13 0
14793 19 9 13 0
14794 19 10 13 837
14795 19 11 13 0
14796 19 12 13 0
14797 19 13 13 0
14798 19 14 13 0
14799 19 15 13 0
14800 19 16 13 0
14801 19 17 13 0
14802 19 18 13 0
14803 19 19 13 858
14804 19 20 13 858
14805 19 21 13 0
14806 19 22 13 0
14807 19 23 13 0
14808 19 24 13 0
14809 19 25 13 0
14810 19 26 13 0
14811 19 27 13 0
14812 19 28 13 0
14813 19 29 13 957
14814 19 30 13 0
14815 19 31 13 0
14816 19 32 13 0
14817 20 0 13 0
14818 20 1 13 0
14819 20 2 13 0
14820 20 3 13 0
14821 20 4 13 0
14822 20 5 13 0
14823 20 6 13 780
14824 20 7 13 780
14825 20 8 13 0
14826 20 9 13 0
14827 20 10 13 0
14828 20 11 13 0
14829 20 12 13 0
14830 20 13 13 932
14831 20 14 13 932
14832 20 15 13 932
14833 20 16 13 932
14834 20 17 13 0
14835 20 18 13 0
14836 20 19 13 0
14837 20 20 13 0
14838 20 21 13 0
14839 20 22 13 0
14840 20 23 13 0
14841 20 24 13 0
14842 20 25 13 0
14843 20 26 13 0
14844 20 27 13 0
14845 20 28 13 0
14846 20 29 13 0
14847 20 30 13 0
14848 20 31 13 0
14849 20 32 13 0
14850 21 0 13 1009
14851 21 1 13 1009
14852 21 2 13 0
14853 21 3 13 0
14854 21 4 13 0
14855 21 5 13 780
14856 21 6 13 0
14857 21 7 13 0
14858 21 8 13 780
14859 21 9 13 0
14860 21 10 13 0
14861 21 11 13 0
14862 21 12 13 932
14863 21 13 13 932
14864 21 14 13 932
14865 21 15 13 932
14866 21 16 13 932
14867 21 17 13 0
14868 21 18 13 0
14869 21 19 13 0
14870 21 20 13 1042
14871 21 21 13 0
14872 21 22 13 0
14873 21 23 13 0
14874 21 24 13 0
14875 21 25 13 0
14876 21 26 13 817
14877 21 27 13 817
14878 21 28 13 0
14879 21 29 13 0
14880 21 30 13 0
14881 21 31 13 0
14882 21 32 13 0
14883 22 0 13 1009
14884 22 1 13 1009
14885 22 2 13 0
14886 22 3 13 0
14887 22 4 13 780
14888 22 5 13 780
14889 22 6 13 0
14890 22 7 13 0
14891 22 8 13 0
14892 22 9 13 0
14893 22 10 13 0
14894 22 11 13 0
14895 22 12 13 932
14896 22 13 13 932
14897 22 14 13 932
14898 22 15 13 932
14899 22 16 13 932
14900 22 17 13 0
14901 22 18 13 0
14902 22 19 13 0
14903 22 20 13 1042
14904 22 21 13 0
14905 22 22 13 0
14906 22 23 13 0
14907 22 24 13 0
14908 22 25 13 0
14909 22 26 13 817
14910 22 27 13 817
14911 22 28 13 0
14912 22 29 13 0
14913 22 30 13 0
14914 22 31 13 1096
14915 22 32 13 0
14916 23 0 13 1009
14917 23 1 13 1009
14918 23 2 13 1103
14919 23 3 13 1106
14920 23 4 13 0
14921 23 5 13 0
14922 23 6 13 780
14923 23 7 13 780
14924 23 8 13 780
14925 23 9 13 0
14926 23 10 13 0
14927 23 11 13 0
14928 23 12 13 0
14929 23 13 13 0
14930 23 14 13 0
14931 23 15 13 0
14932 23 16 13 0
14933 23 17 13 0
14934 23 18 13 0
14935 23 19 13 0
14936 23 20 13 0
14937 23 21 13 0
14938 23 22 13 0
14939 23 23 13 0
14940 23 24 13 0
14941 23 25 13 817
14942 23 26 13 817
14943 23 27 13 0
14944 23 28 13 0
14945 23 29 13 1138
14946 23 30 13 0
14947 23 31 13 0
14948 23 32 13 0
14949 24 0 13 1009
14950 24 1 13 1009
14951 24 2 13 0
14952 24 3 13 0
14953 24 4 13 0
14954 24 5 13 0
14955 24 6 13 780
14956 24 7 13 780
14957 24 8 13 0
14958 24 9 13 0
14959 24 10 13 0
14960 24 11 13 0
14961 24 12 13 0
14962 24 13 13 0
14963 24 14 13 0
14964 24 15 13 0
14965 24 16 13 0
14966 24 17 13 1080
14967 24 18 13 0
14968 24 19 13 0
14969 24 20 13 1080
14970 24 21 13 1080
14971 24 22 13 1080
14972 24 23 13 0
14973 24 24 13 0
14974 24 25 13 0
14975 24 26 13 0
14976 24 27 13 0
14977 24 28 13 0
14978 24 29 13 0
14979 24 30 13 0
14980 24 31 13 0
14981 24 32 13 0
14982 25 0 13 1009
14983 25 1 13 1009
14984 25 2 13 0
14985 25 3 13 0
14986 25 4 13 0
14987 25 5 13 0
14988 25 6 13 0
14989 25 7 13 0
14990 25 8 13 0
14991 25 9 13 0
14992 25 10 13 0
14993 25 11 13 0
14994 25 12 13 0
14995 25 13 13 1227
14996 25 14 13 0
14997 25 15 13 0
14998 25 16 13 0
14999 25 17 13 1080
15000 25 18 13 1080
15001 25 19 13 1080
15002 25 20 13 1080
15003 25 21 13 0
15004 25 22 13 0
15005 25 23 13 0
15006 25 24 13 0
15007 25 25 13 0
15008 25 26 13 1187
15009 25 27 13 0
15010 25 28 13 0
15011 25 29 13 0
15012 25 30 13 0
15013 25 31 13 0
15014 25 32 13 0
15015 26 0 13 0
15016 26 1 13 0
15017 26 2 13 0
15018 26 3 13 0
15019 26 4 13 0
15020 26 5 13 0
15021 26 6 13 0
15022 26 7 13 1273
15023 26 8 13 0
15024 26 9 13 0
15025 26 10 13 0
15026 26 11 13 0
15027 26 12 13 0
15028 26 13 13 1227
15029 26 14 13 0
15030 26 15 13 0
15031 26 16 13 1080
15032 26 17 13 1080
15033 26 18 13 1080
15034 26 19 13 0
15035 26 20 13 0
15036 26 21 13 0
15037 26 22 13 0
15038 26 23 13 1293
15039 26 24 13 0
15040 26 25 13 0
15041 26 26 13 1187
15042 26 27 13 1187
15043 26 28 13 1187
15044 26 29 13 0
15045 26 30 13 0
15046 26 31 13 0
15047 26 32 13 0
15048 27 0 13 0
15049 27 1 13 0
15050 27 2 13 1311
15051 27 3 13 0
15052 27 4 13 0
15053 27 5 13 0
15054 27 6 13 0
15055 27 7 13 0
15056 27 8 13 0
15057 27 9 13 0
15058 27 10 13 1320
15059 27 11 13 0
15060 27 12 13 0
15061 27 13 13 0
15062 27 14 13 0
15063 27 15 13 0
15064 27 16 13 0
15065 27 17 13 0
15066 27 18 13 0
15067 27 19 13 0
15068 27 20 13 0
15069 27 21 13 0
15070 27 22 13 0
15071 27 23 13 1345
15072 27 24 13 1345
15073 27 25 13 1345
15074 27 26 13 0
15075 27 27 13 0
15076 27 28 13 0
15077 27 29 13 0
15078 27 30 13 0
15079 27 31 13 0
15080 27 32 13 1303
15081 28 0 13 1303
15082 28 1 13 1303
15083 28 2 13 0
15084 28 3 13 0
15085 28 4 13 0
15086 28 5 13 0
15087 28 6 13 1317
15088 28 7 13 0
15089 28 8 13 0
15090 28 9 13 0
15091 28 10 13 0
15092 28 11 13 0
15093 28 12 13 0
15094 28 13 13 0
15095 28 14 13 0
15096 28 15 13 0
15097 28 16 13 0
15098 28 17 13 0
15099 28 18 13 0
15100 28 19 13 1386
15101 28 20 13 0
15102 28 21 13 0
15103 28 22 13 0
15104 28 23 13 0
15105 28 24 13 0
15106 28 25 13 1394
15107 28 26 13 0
15108 28 27 13 0
15109 28 28 13 0
15110 28 29 13 0
15111 28 30 13 0
15112 28 31 13 1303
15113 28 32 13 1303
15114 29 0 13 0
15115 29 1 13 0
15116 29 2 13 0
15117 29 3 13 0
15118 29 4 13 0
15119 29 5 13 0
15120 29 6 13 1317
15121 29 7 13 0
15122 29 8 13 0
15123 29 9 13 0
15124 29 10 13 0
15125 29 11 13 0
15126 29 12 13 0
15127 29 13 13 1329
15128 29 14 13 1329
15129 29 15 13 1329
15130 29 16 13 0
15131 29 17 13 0
15132 29 18 13 0
15133 29 19 13 0
15134 29 20 13 0
15135 29 21 13 0
15136 29 22 13 1437
15137 29 23 13 0
15138 29 24 13 0
15139 29 25 13 0
15140 29 26 13 0
15141 29 27 13 0
15142 29 28 13 0
15143 29 29 13 0
15144 29 30 13 0
15145 29 31 13 1303
15146 29 32 13 1303
15147 30 0 13 0
15148 30 1 13 0
15149 30 2 13 0
15150 30 3 13 0
15151 30 4 13 0
15152 30 5 13 0
15153 30 6 13 0
15154 30 7 13 0
15155 30 8 13 0
15156 30 9 13 1418
15157 30 10 13 1467
15158 30 11 13 0
15159 30 12 13 0
15160 30 13 13 1329
15161 30 14 13 1329
15162 30 15 13 1329
15163 30 16 13 1329
15164 30 17 13 0
15165 30 18 13 0
15166 30 19 13 0
15167 30 20 13 0
15168 30 21 13 0
15169 30 22 13 0
15170 30 23 13 1477
15171 30 24 13 0
15172 30 25 13 0
15173 30 26 13 0
15174 30 27 13 0
15175 30 28 13 0
15176 30 29 13 0
15177 30 30 13 0
15178 30 31 13 0
15179 30 32 13 0
15180 31 0 13 0
15181 31 1 13 0
15182 31 2 13 0
15183 31 3 13 0
15184 31 4 13 0
15185 31 5 13 0
15186 31 6 13 0
15187 31 7 13 0
15188 31 8 13 0
15189 31 9 13 1418
15190 31 10 13 0
15191 31 11 13 0
15192 31 12 13 0
15193 31 13 13 0
15194 31 14 13 0
15195 31 15 13 0
15196 31 16 13 0
15197 31 17 13 0
15198 31 18 13 0
15199 31 19 13 0
15200 31 20 13 0
15201 31 21 13 0
15202 31 22 13 0
15203 31 23 13 0
15204 31 24 13 0
15205 31 25 13 0
15206 31 26 13 63
15207 31 27 13 63
15208 31 28 13 0
15209 31 29 13 0
15210 31 30 13 0
15211 31 31 13 0
15212 31 32 13 0
15213 32 0 13 0
15214 32 1 13 0
15215 32 2 13 0
15216 32 3 13 0
15217 32 4 13 0
15218 32 5 13 0
15219 32 6 13 0
15220 32 7 13 0
15221 32 8 13 0
15222 32 9 13 0
15223 32 10 13 0
15224 32 11 13 1543
15225 32 12 13 1543
15226 32 13 13 0
15227 32 14 13 0
15228 32 15 13 0
15229 32 16 13 0
15230 32 17 13 0
15231 32 18 13 0
15232 32 19 13 0
15233 32 20 13 0
15234 32 21 13 0
15235 32 22 13 0
15236 32 23 13 0
15237 32 24 13 0
15238 32 25 13 0
15239 32 26 13 63
15240 32 27 13 63
15241 32 28 13 63
15242 32 29 13 0
15243 32 30 13 71
15244 32 31 13 0
15245 32 32 13 0
15246 0 0 14 0
15247 0 1 14 0
15248 0 2 14 0
15249 0 3 14 0
15250 0 4 14 0
15251 0 5 14 0
15252 0 6 14 0
15253 0 7 14 0
15254 0 8 14 0
15255 0 9 14 0
15256 0 10 14 0
15257 0 11 14 0
15258 0 12 14 0
15259 0 13 14 0
15260 0 14 14 0
15261 0 15 14 0
15262 0 16 14 0
15263 0 17 14 0
15264 0 18 14 0
15265 0 19 14 0
15266 0 20 14 0
15267 0 21 14 0
15268 0 22 14 0
15269 0 23 14 0
15270 0 24 14 0
15271 0 25 14 58
15272 0 26 14 58
15273 0 27 14 0
15274 0 28 14 0
15275 0 29 14 0
15276 0 30 14 0
15277 0 31 14 0
15278 0 32 14 0
15279 1 0 14 0
15280 1 1 14 0
15281 1 2 14 0
15282 1 3 14 0
15283 1 4 14 0
15284 1 5 14 0
15285 1 6 14 78
15286 1 7 14 0
15287 1 8 14 0
15288 1 9 14 0
15289 1 10 14 0
15290 1 11 14 0
15291 1 12 14 0
15292 1 13 14 0
15293 1 14 14 0
15294 1 15 14 0
15295 1 16 14 104
15296 1 17 14 0
15297 1 18 14 0
15298 1 19 14 0
15299 1 20 14 0
15300 1 21 14 0
15301 1 22 14 0
15302 1 23 14 110
15303 1 24 14 0
15304 1 25 14 0
15305 1 26 14 0
15306 1 27 14 0
15307 1 28 14 0
15308 1 29 14 120
15309 1 30 14 120
15310 1 31 14 0
15311 1 32 14 0
15312 2 0 14 0
15313 2 1 14 132
15314 2 2 14 0
15315 2 3 14 78
15316 2 4 14 0
15317 2 5 14 78
15318 2 6 14 78
15319 2 7 14 0
15320 2 8 14 0
15321 2 9 14 94
15322 2 10 14 94
15323 2 11 14 94
15324 2 12 14 94
15325 2 13 14 94
15326 2 14 14 34
15327 2 15 14 0
15328 2 16 14 0
15329 2 17 14 41
15330 2 18 14 41
15331 2 19 14 0
15332 2 20 14 0
15333 2 21 14 0
15334 2 22 14 0
15335 2 23 14 0
15336 2 24 14 0
15337 2 25 14 0
15338 2 26 14 0
15339 2 27 14 0
15340 2 28 14 0
15341 2 29 14 0
15342 2 30 14 120
15343 2 31 14 0
15344 2 32 14 0
15345 3 0 14 0
15346 3 1 14 132
15347 3 2 14 0
15348 3 3 14 0
15349 3 4 14 0
15350 3 5 14 0
15351 3 6 14 0
15352 3 7 14 0
15353 3 8 14 0
15354 3 9 14 94
15355 3 10 14 0
15356 3 11 14 0
15357 3 12 14 0
15358 3 13 14 0
15359 3 14 14 0
15360 3 15 14 0
15361 3 16 14 0
15362 3 17 14 41
15363 3 18 14 41
15364 3 19 14 0
15365 3 20 14 0
15366 3 21 14 0
15367 3 22 14 0
15368 3 23 14 0
15369 3 24 14 0
15370 3 25 14 0
15371 3 26 14 0
15372 3 27 14 0
15373 3 28 14 0
15374 3 29 14 0
15375 3 30 14 0
15376 3 31 14 0
15377 3 32 14 0
15378 4 0 14 0
15379 4 1 14 132
15380 4 2 14 0
15381 4 3 14 0
15382 4 4 14 0
15383 4 5 14 0
15384 4 6 14 0
15385 4 7 14 0
15386 4 8 14 0
15387 4 9 14 0
15388 4 10 14 0
15389 4 11 14 0
15390 4 12 14 0
15391 4 13 14 0
15392 4 14 14 0
15393 4 15 14 34
15394 4 16 14 0
15395 4 17 14 0
15396 4 18 14 0
15397 4 19 14 249
15398 4 20 14 0
15399 4 21 14 0
15400 4 22 14 201
15401 4 23 14 0
15402 4 24 14 0
15403 4 25 14 0
15404 4 26 14 0
15405 4 27 14 0
15406 4 28 14 0
15407 4 29 14 0
15408 4 30 14 0
15409 4 31 14 0
15410 4 32 14 0
15411 5 0 14 0
15412 5 1 14 0
15413 5 2 14 0
15414 5 3 14 0
15415 5 4 14 0
15416 5 5 14 0
15417 5 6 14 0
15418 5 7 14 0
15419 5 8 14 0
15420 5 9 14 0
15421 5 10 14 0
15422 5 11 14 0
15423 5 12 14 0
15424 5 13 14 0
15425 5 14 14 0
15426 5 15 14 0
15427 5 16 14 0
15428 5 17 14 0
15429 5 18 14 0
15430 5 19 14 0
15431 5 20 14 0
15432 5 21 14 201
15433 5 22 14 201
15434 5 23 14 201
15435 5 24 14 0
15436 5 25 14 0
15437 5 26 14 0
15438 5 27 14 0
15439 5 28 14 0
15440 5 29 14 303
15441 5 30 14 0
15442 5 31 14 0
15443 5 32 14 0
15444 6 0 14 0
15445 6 1 14 0
15446 6 2 14 0
15447 6 3 14 0
15448 6 4 14 0
15449 6 5 14 0
15450 6 6 14 0
15451 6 7 14 0
15452 6 8 14 0
15453 6 9 14 0
15454 6 10 14 0
15455 6 11 14 0
15456 6 12 14 0
15457 6 13 14 0
15458 6 14 14 0
15459 6 15 14 0
15460 6 16 14 332
15461 6 17 14 332
15462 6 18 14 333
15463 6 19 14 0
15464 6 20 14 201
15465 6 21 14 201
15466 6 22 14 201
15467 6 23 14 201
15468 6 24 14 0
15469 6 25 14 0
15470 6 26 14 0
15471 6 27 14 303
15472 6 28 14 303
15473 6 29 14 303
15474 6 30 14 303
15475 6 31 14 0
15476 6 32 14 0
15477 7 0 14 0
15478 7 1 14 0
15479 7 2 14 0
15480 7 3 14 0
15481 7 4 14 0
15482 7 5 14 354
15483 7 6 14 0
15484 7 7 14 0
15485 7 8 14 0
15486 7 9 14 0
15487 7 10 14 0
15488 7 11 14 0
15489 7 12 14 0
15490 7 13 14 0
15491 7 14 14 0
15492 7 15 14 0
15493 7 16 14 332
15494 7 17 14 332
15495 7 18 14 0
15496 7 19 14 0
15497 7 20 14 0
15498 7 21 14 0
15499 7 22 14 201
15500 7 23 14 0
15501 7 24 14 0
15502 7 25 14 0
15503 7 26 14 0
15504 7 27 14 303
15505 7 28 14 303
15506 7 29 14 303
15507 7 30 14 303
15508 7 31 14 0
15509 7 32 14 0
15510 8 0 14 0
15511 8 1 14 0
15512 8 2 14 0
15513 8 3 14 0
15514 8 4 14 0
15515 8 5 14 354
15516 8 6 14 394
15517 8 7 14 0
15518 8 8 14 0
15519 8 9 14 0
15520 8 10 14 0
15521 8 11 14 0
15522 8 12 14 0
15523 8 13 14 0
15524 8 14 14 0
15525 8 15 14 0
15526 8 16 14 0
15527 8 17 14 0
15528 8 18 14 332
15529 8 19 14 0
15530 8 20 14 0
15531 8 21 14 0
15532 8 22 14 0
15533 8 23 14 423
15534 8 24 14 0
15535 8 25 14 0
15536 8 26 14 0
15537 8 27 14 0
15538 8 28 14 303
15539 8 29 14 0
15540 8 30 14 0
15541 8 31 14 0
15542 8 32 14 0
15543 9 0 14 0
15544 9 1 14 0
15545 9 2 14 0
15546 9 3 14 0
15547 9 4 14 0
15548 9 5 14 0
15549 9 6 14 0
15550 9 7 14 0
15551 9 8 14 0
15552 9 9 14 0
15553 9 10 14 0
15554 9 11 14 0
15555 9 12 14 0
15556 9 13 14 0
15557 9 14 14 0
15558 9 15 14 0
15559 9 16 14 0
15560 9 17 14 0
15561 9 18 14 0
15562 9 19 14 0
15563 9 20 14 0
15564 9 21 14 0
15565 9 22 14 0
15566 9 23 14 423
15567 9 24 14 0
15568 9 25 14 0
15569 9 26 14 0
15570 9 27 14 0
15571 9 28 14 0
15572 9 29 14 0
15573 9 30 14 0
15574 9 31 14 0
15575 9 32 14 0
15576 10 0 14 0
15577 10 1 14 0
15578 10 2 14 0
15579 10 3 14 0
15580 10 4 14 0
15581 10 5 14 445
15582 10 6 14 0
15583 10 7 14 0
15584 10 8 14 0
15585 10 9 14 0
15586 10 10 14 0
15587 10 11 14 0
15588 10 12 14 0
15589 10 13 14 0
15590 10 14 14 0
15591 10 15 14 0
15592 10 16 14 0
15593 10 17 14 0
15594 10 18 14 0
15595 10 19 14 0
15596 10 20 14 0
15597 10 21 14 0
15598 10 22 14 0
15599 10 23 14 0
15600 10 24 14 0
15601 10 25 14 0
15602 10 26 14 476
15603 10 27 14 476
15604 10 28 14 476
15605 10 29 14 0
15606 10 30 14 0
15607 10 31 14 0
15608 10 32 14 0
15609 11 0 14 0
15610 11 1 14 0
15611 11 2 14 0
15612 11 3 14 0
15613 11 4 14 0
15614 11 5 14 445
15615 11 6 14 445
15616 11 7 14 0
15617 11 8 14 0
15618 11 9 14 0
15619 11 10 14 0
15620 11 11 14 0
15621 11 12 14 0
15622 11 13 14 506
15623 11 14 14 0
15624 11 15 14 0
15625 11 16 14 0
15626 11 17 14 0
15627 11 18 14 0
15628 11 19 14 0
15629 11 20 14 0
15630 11 21 14 0
15631 11 22 14 0
15632 11 23 14 0
15633 11 24 14 0
15634 11 25 14 0
15635 11 26 14 476
15636 11 27 14 0
15637 11 28 14 0
15638 11 29 14 0
15639 11 30 14 0
15640 11 31 14 581
15641 11 32 14 0
15642 12 0 14 0
15643 12 1 14 0
15644 12 2 14 0
15645 12 3 14 0
15646 12 4 14 0
15647 12 5 14 0
15648 12 6 14 0
15649 12 7 14 0
15650 12 8 14 0
15651 12 9 14 0
15652 12 10 14 602
15653 12 11 14 602
15654 12 12 14 0
15655 12 13 14 0
15656 12 14 14 0
15657 12 15 14 0
15658 12 16 14 609
15659 12 17 14 0
15660 12 18 14 0
15661 12 19 14 0
15662 12 20 14 613
15663 12 21 14 0
15664 12 22 14 0
15665 12 23 14 0
15666 12 24 14 0
15667 12 25 14 0
15668 12 26 14 0
15669 12 27 14 0
15670 12 28 14 0
15671 12 29 14 0
15672 12 30 14 626
15673 12 31 14 0
15674 12 32 14 0
15675 13 0 14 0
15676 13 1 14 0
15677 13 2 14 0
15678 13 3 14 0
15679 13 4 14 0
15680 13 5 14 0
15681 13 6 14 0
15682 13 7 14 0
15683 13 8 14 0
15684 13 9 14 642
15685 13 10 14 0
15686 13 11 14 0
15687 13 12 14 0
15688 13 13 14 0
15689 13 14 14 0
15690 13 15 14 0
15691 13 16 14 0
15692 13 17 14 0
15693 13 18 14 0
15694 13 19 14 0
15695 13 20 14 0
15696 13 21 14 0
15697 13 22 14 0
15698 13 23 14 0
15699 13 24 14 0
15700 13 25 14 0
15701 13 26 14 0
15702 13 27 14 0
15703 13 28 14 0
15704 13 29 14 0
15705 13 30 14 0
15706 13 31 14 582
15707 13 32 14 0
15708 14 0 14 0
15709 14 1 14 665
15710 14 2 14 0
15711 14 3 14 0
15712 14 4 14 0
15713 14 5 14 0
15714 14 6 14 0
15715 14 7 14 0
15716 14 8 14 0
15717 14 9 14 680
15718 14 10 14 0
15719 14 11 14 0
15720 14 12 14 0
15721 14 13 14 692
15722 14 14 14 0
15723 14 15 14 694
15724 14 16 14 694
15725 14 17 14 0
15726 14 18 14 0
15727 14 19 14 0
15728 14 20 14 0
15729 14 21 14 0
15730 14 22 14 0
15731 14 23 14 0
15732 14 24 14 0
15733 14 25 14 0
15734 14 26 14 0
15735 14 27 14 0
15736 14 28 14 0
15737 14 29 14 0
15738 14 30 14 582
15739 14 31 14 582
15740 14 32 14 0
15741 15 0 14 0
15742 15 1 14 665
15743 15 2 14 0
15744 15 3 14 0
15745 15 4 14 0
15746 15 5 14 0
15747 15 6 14 0
15748 15 7 14 0
15749 15 8 14 0
15750 15 9 14 680
15751 15 10 14 0
15752 15 11 14 0
15753 15 12 14 0
15754 15 13 14 0
15755 15 14 14 694
15756 15 15 14 0
15757 15 16 14 694
15758 15 17 14 694
15759 15 18 14 0
15760 15 19 14 512
15761 15 20 14 512
15762 15 21 14 512
15763 15 22 14 512
15764 15 23 14 0
15765 15 24 14 0
15766 15 25 14 0
15767 15 26 14 0
15768 15 27 14 761
15769 15 28 14 0
15770 15 29 14 0
15771 15 30 14 582
15772 15 31 14 582
15773 15 32 14 0
15774 16 0 14 772
15775 16 1 14 0
15776 16 2 14 0
15777 16 3 14 0
15778 16 4 14 0
15779 16 5 14 0
15780 16 6 14 0
15781 16 7 14 0
15782 16 8 14 0
15783 16 9 14 680
15784 16 10 14 680
15785 16 11 14 0
15786 16 12 14 0
15787 16 13 14 0
15788 16 14 14 0
15789 16 15 14 0
15790 16 16 14 0
15791 16 17 14 0
15792 16 18 14 0
15793 16 19 14 0
15794 16 20 14 0
15795 16 21 14 512
15796 16 22 14 0
15797 16 23 14 0
15798 16 24 14 0
15799 16 25 14 0
15800 16 26 14 0
15801 16 27 14 0
15802 16 28 14 0
15803 16 29 14 0
15804 16 30 14 0
15805 16 31 14 0
15806 16 32 14 0
15807 17 0 14 772
15808 17 1 14 772
15809 17 2 14 772
15810 17 3 14 0
15811 17 4 14 0
15812 17 5 14 0
15813 17 6 14 0
15814 17 7 14 0
15815 17 8 14 0
15816 17 9 14 0
15817 17 10 14 0
15818 17 11 14 841
15819 17 12 14 843
15820 17 13 14 0
15821 17 14 14 0
15822 17 15 14 0
15823 17 16 14 0
15824 17 17 14 0
15825 17 18 14 0
15826 17 19 14 852
15827 17 20 14 0
15828 17 21 14 0
15829 17 22 14 0
15830 17 23 14 0
15831 17 24 14 0
15832 17 25 14 0
15833 17 26 14 0
15834 17 27 14 0
15835 17 28 14 0
15836 17 29 14 0
15837 17 30 14 0
15838 17 31 14 0
15839 17 32 14 0
15840 18 0 14 0
15841 18 1 14 0
15842 18 2 14 772
15843 18 3 14 0
15844 18 4 14 0
15845 18 5 14 0
15846 18 6 14 0
15847 18 7 14 0
15848 18 8 14 0
15849 18 9 14 0
15850 18 10 14 837
15851 18 11 14 885
15852 18 12 14 0
15853 18 13 14 0
15854 18 14 14 0
15855 18 15 14 890
15856 18 16 14 0
15857 18 17 14 0
15858 18 18 14 0
15859 18 19 14 0
15860 18 20 14 858
15861 18 21 14 0
15862 18 22 14 0
15863 18 23 14 0
15864 18 24 14 0
15865 18 25 14 0
15866 18 26 14 0
15867 18 27 14 905
15868 18 28 14 0
15869 18 29 14 0
15870 18 30 14 0
15871 18 31 14 912
15872 18 32 14 0
15873 19 0 14 0
15874 19 1 14 0
15875 19 2 14 0
15876 19 3 14 0
15877 19 4 14 0
15878 19 5 14 0
15879 19 6 14 0
15880 19 7 14 0
15881 19 8 14 0
15882 19 9 14 0
15883 19 10 14 0
15884 19 11 14 0
15885 19 12 14 0
15886 19 13 14 0
15887 19 14 14 0
15888 19 15 14 935
15889 19 16 14 0
15890 19 17 14 0
15891 19 18 14 0
15892 19 19 14 0
15893 19 20 14 0
15894 19 21 14 0
15895 19 22 14 0
15896 19 23 14 0
15897 19 24 14 0
15898 19 25 14 0
15899 19 26 14 0
15900 19 27 14 0
15901 19 28 14 0
15902 19 29 14 957
15903 19 30 14 0
15904 19 31 14 0
15905 19 32 14 0
15906 20 0 14 0
15907 20 1 14 0
15908 20 2 14 0
15909 20 3 14 0
15910 20 4 14 0
15911 20 5 14 0
15912 20 6 14 0
15913 20 7 14 0
15914 20 8 14 0
15915 20 9 14 0
15916 20 10 14 0
15917 20 11 14 984
15918 20 12 14 0
15919 20 13 14 0
15920 20 14 14 932
15921 20 15 14 0
15922 20 16 14 0
15923 20 17 14 0
15924 20 18 14 0
15925 20 19 14 0
15926 20 20 14 0
15927 20 21 14 0
15928 20 22 14 0
15929 20 23 14 0
15930 20 24 14 0
15931 20 25 14 0
15932 20 26 14 0
15933 20 27 14 0
15934 20 28 14 0
15935 20 29 14 0
15936 20 30 14 1009
15937 20 31 14 1009
15938 20 32 14 0
15939 21 0 14 1009
15940 21 1 14 1009
15941 21 2 14 0
15942 21 3 14 0
15943 21 4 14 0
15944 21 5 14 780
15945 21 6 14 0
15946 21 7 14 0
15947 21 8 14 0
15948 21 9 14 0
15949 21 10 14 0
15950 21 11 14 1026
15951 21 12 14 0
15952 21 13 14 932
15953 21 14 14 932
15954 21 15 14 0
15955 21 16 14 0
15956 21 17 14 0
15957 21 18 14 0
15958 21 19 14 0
15959 21 20 14 0
15960 21 21 14 0
15961 21 22 14 0
15962 21 23 14 0
15963 21 24 14 0
15964 21 25 14 0
15965 21 26 14 906
15966 21 27 14 906
15967 21 28 14 0
15968 21 29 14 0
15969 21 30 14 1009
15970 21 31 14 1009
15971 21 32 14 1009
15972 22 0 14 1009
15973 22 1 14 1009
15974 22 2 14 1066
15975 22 3 14 0
15976 22 4 14 0
15977 22 5 14 780
15978 22 6 14 0
15979 22 7 14 0
15980 22 8 14 0
15981 22 9 14 0
15982 22 10 14 0
15983 22 11 14 0
15984 22 12 14 0
15985 22 13 14 932
15986 22 14 14 932
15987 22 15 14 932
15988 22 16 14 0
15989 22 17 14 0
15990 22 18 14 0
15991 22 19 14 0
15992 22 20 14 0
15993 22 21 14 0
15994 22 22 14 0
15995 22 23 14 0
15996 22 24 14 0
15997 22 25 14 0
15998 22 26 14 817
15999 22 27 14 817
16000 22 28 14 0
16001 22 29 14 0
16002 22 30 14 0
16003 22 31 14 0
16004 22 32 14 1009
16005 23 0 14 1009
16006 23 1 14 1009
16007 23 2 14 0
16008 23 3 14 0
16009 23 4 14 0
16010 23 5 14 780
16011 23 6 14 780
16012 23 7 14 0
16013 23 8 14 0
16014 23 9 14 0
16015 23 10 14 0
16016 23 11 14 0
16017 23 12 14 0
16018 23 13 14 0
16019 23 14 14 0
16020 23 15 14 0
16021 23 16 14 0
16022 23 17 14 1080
16023 23 18 14 0
16024 23 19 14 1080
16025 23 20 14 0
16026 23 21 14 0
16027 23 22 14 0
16028 23 23 14 0
16029 23 24 14 0
16030 23 25 14 817
16031 23 26 14 817
16032 23 27 14 0
16033 23 28 14 0
16034 23 29 14 1139
16035 23 30 14 0
16036 23 31 14 0
16037 23 32 14 0
16038 24 0 14 0
16039 24 1 14 1009
16040 24 2 14 0
16041 24 3 14 0
16042 24 4 14 0
16043 24 5 14 780
16044 24 6 14 780
16045 24 7 14 0
16046 24 8 14 0
16047 24 9 14 0
16048 24 10 14 0
16049 24 11 14 1163
16050 24 12 14 1163
16051 24 13 14 0
16052 24 14 14 0
16053 24 15 14 0
16054 24 16 14 0
16055 24 17 14 1080
16056 24 18 14 1080
16057 24 19 14 1080
16058 24 20 14 1080
16059 24 21 14 1080
16060 24 22 14 1080
16061 24 23 14 0
16062 24 24 14 0
16063 24 25 14 0
16064 24 26 14 0
16065 24 27 14 1187
16066 24 28 14 0
16067 24 29 14 0
16068 24 30 14 0
16069 24 31 14 0
16070 24 32 14 0
16071 25 0 14 0
16072 25 1 14 0
16073 25 2 14 0
16074 25 3 14 0
16075 25 4 14 0
16076 25 5 14 0
16077 25 6 14 0
16078 25 7 14 0
16079 25 8 14 0
16080 25 9 14 1213
16081 25 10 14 1217
16082 25 11 14 0
16083 25 12 14 0
16084 25 13 14 0
16085 25 14 14 0
16086 25 15 14 0
16087 25 16 14 0
16088 25 17 14 1080
16089 25 18 14 1080
16090 25 19 14 1080
16091 25 20 14 1080
16092 25 21 14 0
16093 25 22 14 0
16094 25 23 14 0
16095 25 24 14 0
16096 25 25 14 0
16097 25 26 14 1187
16098 25 27 14 1187
16099 25 28 14 0
16100 25 29 14 0
16101 25 30 14 0
16102 25 31 14 0
16103 25 32 14 1258
16104 26 0 14 1258
16105 26 1 14 0
16106 26 2 14 0
16107 26 3 14 0
16108 26 4 14 0
16109 26 5 14 0
16110 26 6 14 0
16111 26 7 14 0
16112 26 8 14 0
16113 26 9 14 0
16114 26 10 14 1217
16115 26 11 14 0
16116 26 12 14 0
16117 26 13 14 0
16118 26 14 14 0
16119 26 15 14 0
16120 26 16 14 0
16121 26 17 14 0
16122 26 18 14 1080
16123 26 19 14 1080
16124 26 20 14 0
16125 26 21 14 0
16126 26 22 14 0
16127 26 23 14 0
16128 26 24 14 0
16129 26 25 14 0
16130 26 26 14 0
16131 26 27 14 0
16132 26 28 14 0
16133 26 29 14 0
16134 26 30 14 0
16135 26 31 14 1303
16136 26 32 14 1258
16137 27 0 14 0
16138 27 1 14 0
16139 27 2 14 0
16140 27 3 14 1265
16141 27 4 14 1265
16142 27 5 14 1265
16143 27 6 14 0
16144 27 7 14 0
16145 27 8 14 0
16146 27 9 14 0
16147 27 10 14 1320
16148 27 11 14 0
16149 27 12 14 0
16150 27 13 14 0
16151 27 14 14 0
16152 27 15 14 0
16153 27 16 14 0
16154 27 17 14 0
16155 27 18 14 0
16156 27 19 14 0
16157 27 20 14 0
16158 27 21 14 0
16159 27 22 14 0
16160 27 23 14 0
16161 27 24 14 0
16162 27 25 14 0
16163 27 26 14 0
16164 27 27 14 0
16165 27 28 14 0
16166 27 29 14 0
16167 27 30 14 0
16168 27 31 14 1303
16169 27 32 14 1303
16170 28 0 14 1303
16171 28 1 14 0
16172 28 2 14 1363
16173 28 3 14 1365
16174 28 4 14 1265
16175 28 5 14 0
16176 28 6 14 0
16177 28 7 14 0
16178 28 8 14 1371
16179 28 9 14 1371
16180 28 10 14 1371
16181 28 11 14 0
16182 28 12 14 1378
16183 28 13 14 0
16184 28 14 14 1329
16185 28 15 14 1329
16186 28 16 14 0
16187 28 17 14 0
16188 28 18 14 0
16189 28 19 14 1386
16190 28 20 14 0
16191 28 21 14 0
16192 28 22 14 0
16193 28 23 14 0
16194 28 24 14 0
16195 28 25 14 0
16196 28 26 14 0
16197 28 27 14 0
16198 28 28 14 0
16199 28 29 14 0
16200 28 30 14 0
16201 28 31 14 1303
16202 28 32 14 1303
16203 29 0 14 0
16204 29 1 14 0
16205 29 2 14 0
16206 29 3 14 0
16207 29 4 14 0
16208 29 5 14 0
16209 29 6 14 0
16210 29 7 14 0
16211 29 8 14 0
16212 29 9 14 0
16213 29 10 14 0
16214 29 11 14 0
16215 29 12 14 0
16216 29 13 14 1329
16217 29 14 14 1329
16218 29 15 14 1329
16219 29 16 14 1329
16220 29 17 14 0
16221 29 18 14 0
16222 29 19 14 0
16223 29 20 14 0
16224 29 21 14 0
16225 29 22 14 0
16226 29 23 14 0
16227 29 24 14 0
16228 29 25 14 0
16229 29 26 14 0
16230 29 27 14 0
16231 29 28 14 0
16232 29 29 14 0
16233 29 30 14 0
16234 29 31 14 0
16235 29 32 14 0
16236 30 0 14 0
16237 30 1 14 0
16238 30 2 14 1455
16239 30 3 14 1455
16240 30 4 14 0
16241 30 5 14 0
16242 30 6 14 0
16243 30 7 14 0
16244 30 8 14 0
16245 30 9 14 0
16246 30 10 14 0
16247 30 11 14 0
16248 30 12 14 0
16249 30 13 14 1329
16250 30 14 14 1329
16251 30 15 14 1329
16252 30 16 14 1329
16253 30 17 14 0
16254 30 18 14 0
16255 30 19 14 0
16256 30 20 14 1475
16257 30 21 14 0
16258 30 22 14 0
16259 30 23 14 1478
16260 30 24 14 1478
16261 30 25 14 0
16262 30 26 14 0
16263 30 27 14 0
16264 30 28 14 0
16265 30 29 14 0
16266 30 30 14 1487
16267 30 31 14 0
16268 30 32 14 0
16269 31 0 14 0
16270 31 1 14 0
16271 31 2 14 1455
16272 31 3 14 1455
16273 31 4 14 0
16274 31 5 14 0
16275 31 6 14 0
16276 31 7 14 0
16277 31 8 14 0
16278 31 9 14 0
16279 31 10 14 0
16280 31 11 14 0
16281 31 12 14 0
16282 31 13 14 1329
16283 31 14 14 1329
16284 31 15 14 0
16285 31 16 14 0
16286 31 17 14 0
16287 31 18 14 0
16288 31 19 14 0
16289 31 20 14 1523
16290 31 21 14 0
16291 31 22 14 1524
16292 31 23 14 0
16293 31 24 14 1478
16294 31 25 14 0
16295 31 26 14 0
16296 31 27 14 0
16297 31 28 14 0
16298 31 29 14 0
16299 31 30 14 0
16300 31 31 14 0
16301 31 32 14 0
16302 32 0 14 0
16303 32 1 14 0
16304 32 2 14 1455
16305 32 3 14 0
16306 32 4 14 1538
16307 32 5 14 0
16308 32 6 14 0
16309 32 7 14 0
16310 32 8 14 0
16311 32 9 14 0
16312 32 10 14 0
16313 32 11 14 0
16314 32 12 14 0
16315 32 13 14 0
16316 32 14 14 0
16317 32 15 14 0
16318 32 16 14 0
16319 32 17 14 0
16320 32 18 14 0
16321 32 19 14 0
16322 32 20 14 1554
16323 32 21 14 0
16324 32 22 14 0
16325 32 23 14 0
16326 32 24 14 0
16327 32 25 14 0
16328 32 26 14 0
16329 32 27 14 0
16330 32 28 14 0
16331 32 29 14 0
16332 32 30 14 71
16333 32 31 14 71
16334 32 32 14 0
16335 0 0 15 0
16336 0 1 15 0
16337 0 2 15 0
16338 0 3 15 0
16339 0 4 15 0
16340 0 5 15 0
16341 0 6 15 0
16342 0 7 15 0
16343 0 8 15 0
16344 0 9 15 0
16345 0 10 15 0
16346 0 11 15 0
16347 0 12 15 0
16348 0 13 15 0
16349 0 14 15 35
16350 0 15 15 0
16351 0 16 15 0
16352 0 17 15 0
16353 0 18 15 0
16354 0 19 15 0
16355 0 20 15 0
16356 0 21 15 51
16357 0 22 15 0
16358 0 23 15 0
16359 0 24 15 58
16360 0 25 15 58
16361 0 26 15 58
16362 0 27 15 58
16363 0 28 15 0
16364 0 29 15 0
16365 0 30 15 0
16366 0 31 15 0
16367 0 32 15 74
16368 1 0 15 0
16369 1 1 15 0
16370 1 2 15 0
16371 1 3 15 0
16372 1 4 15 0
16373 1 5 15 0
16374 1 6 15 0
16375 1 7 15 0
16376 1 8 15 0
16377 1 9 15 0
16378 1 10 15 0
16379 1 11 15 0
16380 1 12 15 0
16381 1 13 15 0
16382 1 14 15 0
16383 1 15 15 0
16384 1 16 15 0
16385 1 17 15 0
16386 1 18 15 0
16387 1 19 15 0
16388 1 20 15 0
16389 1 21 15 0
16390 1 22 15 0
16391 1 23 15 0
16392 1 24 15 0
16393 1 25 15 0
16394 1 26 15 58
16395 1 27 15 0
16396 1 28 15 0
16397 1 29 15 120
16398 1 30 15 120
16399 1 31 15 0
16400 1 32 15 0
16401 2 0 15 130
16402 2 1 15 0
16403 2 2 15 0
16404 2 3 15 135
16405 2 4 15 0
16406 2 5 15 0
16407 2 6 15 0
16408 2 7 15 0
16409 2 8 15 0
16410 2 9 15 94
16411 2 10 15 94
16412 2 11 15 94
16413 2 12 15 94
16414 2 13 15 94
16415 2 14 15 0
16416 2 15 15 0
16417 2 16 15 0
16418 2 17 15 0
16419 2 18 15 41
16420 2 19 15 41
16421 2 20 15 0
16422 2 21 15 0
16423 2 22 15 0
16424 2 23 15 0
16425 2 24 15 0
16426 2 25 15 0
16427 2 26 15 0
16428 2 27 15 0
16429 2 28 15 0
16430 2 29 15 0
16431 2 30 15 0
16432 2 31 15 0
16433 2 32 15 0
16434 3 0 15 130
16435 3 1 15 0
16436 3 2 15 0
16437 3 3 15 0
16438 3 4 15 0
16439 3 5 15 181
16440 3 6 15 0
16441 3 7 15 0
16442 3 8 15 0
16443 3 9 15 94
16444 3 10 15 0
16445 3 11 15 0
16446 3 12 15 187
16447 3 13 15 0
16448 3 14 15 0
16449 3 15 15 0
16450 3 16 15 0
16451 3 17 15 0
16452 3 18 15 0
16453 3 19 15 0
16454 3 20 15 41
16455 3 21 15 0
16456 3 22 15 201
16457 3 23 15 0
16458 3 24 15 0
16459 3 25 15 0
16460 3 26 15 0
16461 3 27 15 0
16462 3 28 15 0
16463 3 29 15 0
16464 3 30 15 0
16465 3 31 15 0
16466 3 32 15 0
16467 4 0 15 0
16468 4 1 15 0
16469 4 2 15 0
16470 4 3 15 0
16471 4 4 15 0
16472 4 5 15 0
16473 4 6 15 0
16474 4 7 15 0
16475 4 8 15 0
16476 4 9 15 0
16477 4 10 15 0
16478 4 11 15 0
16479 4 12 15 0
16480 4 13 15 238
16481 4 14 15 0
16482 4 15 15 0
16483 4 16 15 0
16484 4 17 15 0
16485 4 18 15 0
16486 4 19 15 0
16487 4 20 15 0
16488 4 21 15 0
16489 4 22 15 201
16490 4 23 15 0
16491 4 24 15 0
16492 4 25 15 0
16493 4 26 15 0
16494 4 27 15 0
16495 4 28 15 0
16496 4 29 15 0
16497 4 30 15 0
16498 4 31 15 0
16499 4 32 15 0
16500 5 0 15 0
16501 5 1 15 0
16502 5 2 15 0
16503 5 3 15 0
16504 5 4 15 0
16505 5 5 15 273
16506 5 6 15 0
16507 5 7 15 0
16508 5 8 15 0
16509 5 9 15 0
16510 5 10 15 0
16511 5 11 15 0
16512 5 12 15 0
16513 5 13 15 0
16514 5 14 15 0
16515 5 15 15 0
16516 5 16 15 0
16517 5 17 15 293
16518 5 18 15 293
16519 5 19 15 0
16520 5 20 15 0
16521 5 21 15 201
16522 5 22 15 201
16523 5 23 15 0
16524 5 24 15 0
16525 5 25 15 0
16526 5 26 15 0
16527 5 27 15 0
16528 5 28 15 0
16529 5 29 15 0
16530 5 30 15 0
16531 5 31 15 0
16532 5 32 15 0
16533 6 0 15 0
16534 6 1 15 0
16535 6 2 15 0
16536 6 3 15 0
16537 6 4 15 313
16538 6 5 15 273
16539 6 6 15 0
16540 6 7 15 0
16541 6 8 15 0
16542 6 9 15 0
16543 6 10 15 0
16544 6 11 15 0
16545 6 12 15 0
16546 6 13 15 0
16547 6 14 15 0
16548 6 15 15 0
16549 6 16 15 0
16550 6 17 15 293
16551 6 18 15 0
16552 6 19 15 0
16553 6 20 15 0
16554 6 21 15 201
16555 6 22 15 201
16556 6 23 15 201
16557 6 24 15 0
16558 6 25 15 300
16559 6 26 15 0
16560 6 27 15 0
16561 6 28 15 303
16562 6 29 15 0
16563 6 30 15 0
16564 6 31 15 347
16565 6 32 15 0
16566 7 0 15 0
16567 7 1 15 0
16568 7 2 15 0
16569 7 3 15 0
16570 7 4 15 0
16571 7 5 15 0
16572 7 6 15 355
16573 7 7 15 0
16574 7 8 15 0
16575 7 9 15 0
16576 7 10 15 0
16577 7 11 15 363
16578 7 12 15 363
16579 7 13 15 0
16580 7 14 15 0
16581 7 15 15 0
16582 7 16 15 0
16583 7 17 15 0
16584 7 18 15 0
16585 7 19 15 0
16586 7 20 15 0
16587 7 21 15 0
16588 7 22 15 201
16589 7 23 15 0
16590 7 24 15 0
16591 7 25 15 300
16592 7 26 15 0
16593 7 27 15 0
16594 7 28 15 303
16595 7 29 15 303
16596 7 30 15 303
16597 7 31 15 0
16598 7 32 15 0
16599 8 0 15 0
16600 8 1 15 0
16601 8 2 15 0
16602 8 3 15 0
16603 8 4 15 0
16604 8 5 15 0
16605 8 6 15 0
16606 8 7 15 0
16607 8 8 15 398
16608 8 9 15 0
16609 8 10 15 363
16610 8 11 15 363
16611 8 12 15 0
16612 8 13 15 410
16613 8 14 15 0
16614 8 15 15 0
16615 8 16 15 0
16616 8 17 15 0
16617 8 18 15 0
16618 8 19 15 0
16619 8 20 15 0
16620 8 21 15 0
16621 8 22 15 0
16622 8 23 15 0
16623 8 24 15 0
16624 8 25 15 0
16625 8 26 15 0
16626 8 27 15 0
16627 8 28 15 303
16628 8 29 15 303
16629 8 30 15 0
16630 8 31 15 0
16631 8 32 15 0
16632 9 0 15 0
16633 9 1 15 0
16634 9 2 15 0
16635 9 3 15 0
16636 9 4 15 0
16637 9 5 15 0
16638 9 6 15 0
16639 9 7 15 446
16640 9 8 15 0
16641 9 9 15 0
16642 9 10 15 363
16643 9 11 15 363
16644 9 12 15 0
16645 9 13 15 0
16646 9 14 15 0
16647 9 15 15 0
16648 9 16 15 459
16649 9 17 15 0
16650 9 18 15 0
16651 9 19 15 0
16652 9 20 15 0
16653 9 21 15 0
16654 9 22 15 0
16655 9 23 15 0
16656 9 24 15 0
16657 9 25 15 0
16658 9 26 15 0
16659 9 27 15 0
16660 9 28 15 0
16661 9 29 15 0
16662 9 30 15 0
16663 9 31 15 0
16664 9 32 15 481
16665 10 0 15 0
16666 10 1 15 0
16667 10 2 15 0
16668 10 3 15 0
16669 10 4 15 0
16670 10 5 15 0
16671 10 6 15 445
16672 10 7 15 0
16673 10 8 15 0
16674 10 9 15 0
16675 10 10 15 0
16676 10 11 15 0
16677 10 12 15 0
16678 10 13 15 0
16679 10 14 15 0
16680 10 15 15 0
16681 10 16 15 0
16682 10 17 15 0
16683 10 18 15 0
16684 10 19 15 0
16685 10 20 15 0
16686 10 21 15 0
16687 10 22 15 0
16688 10 23 15 0
16689 10 24 15 0
16690 10 25 15 0
16691 10 26 15 0
16692 10 27 15 0
16693 10 28 15 0
16694 10 29 15 0
16695 10 30 15 0
16696 10 31 15 530
16697 10 32 15 0
16698 11 0 15 0
16699 11 1 15 0
16700 11 2 15 0
16701 11 3 15 0
16702 11 4 15 0
16703 11 5 15 445
16704 11 6 15 445
16705 11 7 15 445
16706 11 8 15 0
16707 11 9 15 0
16708 11 10 15 0
16709 11 11 15 0
16710 11 12 15 0
16711 11 13 15 0
16712 11 14 15 0
16713 11 15 15 0
16714 11 16 15 0
16715 11 17 15 0
16716 11 18 15 0
16717 11 19 15 0
16718 11 20 15 0
16719 11 21 15 0
16720 11 22 15 0
16721 11 23 15 0
16722 11 24 15 0
16723 11 25 15 0
16724 11 26 15 0
16725 11 27 15 0
16726 11 28 15 0
16727 11 29 15 0
16728 11 30 15 0
16729 11 31 15 582
16730 11 32 15 582
16731 12 0 15 0
16732 12 1 15 0
16733 12 2 15 0
16734 12 3 15 0
16735 12 4 15 0
16736 12 5 15 445
16737 12 6 15 445
16738 12 7 15 445
16739 12 8 15 0
16740 12 9 15 0
16741 12 10 15 602
16742 12 11 15 602
16743 12 12 15 0
16744 12 13 15 0
16745 12 14 15 0
16746 12 15 15 0
16747 12 16 15 0
16748 12 17 15 0
16749 12 18 15 0
16750 12 19 15 0
16751 12 20 15 0
16752 12 21 15 0
16753 12 22 15 0
16754 12 23 15 0
16755 12 24 15 0
16756 12 25 15 0
16757 12 26 15 0
16758 12 27 15 0
16759 12 28 15 0
16760 12 29 15 0
16761 12 30 15 627
16762 12 31 15 582
16763 12 32 15 582
16764 13 0 15 0
16765 13 1 15 0
16766 13 2 15 634
16767 13 3 15 634
16768 13 4 15 0
16769 13 5 15 0
16770 13 6 15 0
16771 13 7 15 445
16772 13 8 15 0
16773 13 9 15 642
16774 13 10 15 642
16775 13 11 15 0
16776 13 12 15 0
16777 13 13 15 0
16778 13 14 15 0
16779 13 15 15 0
16780 13 16 15 0
16781 13 17 15 0
16782 13 18 15 0
16783 13 19 15 0
16784 13 20 15 0
16785 13 21 15 512
16786 13 22 15 512
16787 13 23 15 0
16788 13 24 15 0
16789 13 25 15 0
16790 13 26 15 0
16791 13 27 15 659
16792 13 28 15 0
16793 13 29 15 0
16794 13 30 15 663
16795 13 31 15 582
16796 13 32 15 582
16797 14 0 15 0
16798 14 1 15 0
16799 14 2 15 634
16800 14 3 15 634
16801 14 4 15 0
16802 14 5 15 0
16803 14 6 15 0
16804 14 7 15 0
16805 14 8 15 0
16806 14 9 15 0
16807 14 10 15 0
16808 14 11 15 0
16809 14 12 15 0
16810 14 13 15 0
16811 14 14 15 0
16812 14 15 15 0
16813 14 16 15 0
16814 14 17 15 0
16815 14 18 15 0
16816 14 19 15 0
16817 14 20 15 0
16818 14 21 15 0
16819 14 22 15 512
16820 14 23 15 512
16821 14 24 15 0
16822 14 25 15 0
16823 14 26 15 0
16824 14 27 15 0
16825 14 28 15 0
16826 14 29 15 0
16827 14 30 15 582
16828 14 31 15 582
16829 14 32 15 582
16830 15 0 15 0
16831 15 1 15 665
16832 15 2 15 0
16833 15 3 15 634
16834 15 4 15 0
16835 15 5 15 0
16836 15 6 15 0
16837 15 7 15 0
16838 15 8 15 0
16839 15 9 15 0
16840 15 10 15 0
16841 15 11 15 0
16842 15 12 15 0
16843 15 13 15 0
16844 15 14 15 0
16845 15 15 15 0
16846 15 16 15 0
16847 15 17 15 0
16848 15 18 15 0
16849 15 19 15 512
16850 15 20 15 512
16851 15 21 15 512
16852 15 22 15 0
16853 15 23 15 0
16854 15 24 15 0
16855 15 25 15 0
16856 15 26 15 0
16857 15 27 15 0
16858 15 28 15 0
16859 15 29 15 0
16860 15 30 15 582
16861 15 31 15 582
16862 15 32 15 0
16863 16 0 15 0
16864 16 1 15 0
16865 16 2 15 0
16866 16 3 15 0
16867 16 4 15 779
16868 16 5 15 781
16869 16 6 15 0
16870 16 7 15 0
16871 16 8 15 0
16872 16 9 15 0
16873 16 10 15 0
16874 16 11 15 0
16875 16 12 15 792
16876 16 13 15 0
16877 16 14 15 0
16878 16 15 15 0
16879 16 16 15 0
16880 16 17 15 0
16881 16 18 15 0
16882 16 19 15 0
16883 16 20 15 0
16884 16 21 15 512
16885 16 22 15 0
16886 16 23 15 0
16887 16 24 15 814
16888 16 25 15 0
16889 16 26 15 0
16890 16 27 15 0
16891 16 28 15 0
16892 16 29 15 0
16893 16 30 15 0
16894 16 31 15 582
16895 16 32 15 0
16896 17 0 15 0
16897 17 1 15 0
16898 17 2 15 0
16899 17 3 15 0
16900 17 4 15 0
16901 17 5 15 781
16902 17 6 15 0
16903 17 7 15 0
16904 17 8 15 0
16905 17 9 15 0
16906 17 10 15 0
16907 17 11 15 0
16908 17 12 15 0
16909 17 13 15 0
16910 17 14 15 0
16911 17 15 15 0
16912 17 16 15 0
16913 17 17 15 0
16914 17 18 15 0
16915 17 19 15 0
16916 17 20 15 0
16917 17 21 15 0
16918 17 22 15 0
16919 17 23 15 0
16920 17 24 15 0
16921 17 25 15 0
16922 17 26 15 0
16923 17 27 15 0
16924 17 28 15 0
16925 17 29 15 0
16926 17 30 15 0
16927 17 31 15 0
16928 17 32 15 0
16929 18 0 15 0
16930 18 1 15 0
16931 18 2 15 0
16932 18 3 15 0
16933 18 4 15 0
16934 18 5 15 0
16935 18 6 15 0
16936 18 7 15 0
16937 18 8 15 0
16938 18 9 15 0
16939 18 10 15 0
16940 18 11 15 0
16941 18 12 15 888
16942 18 13 15 0
16943 18 14 15 0
16944 18 15 15 890
16945 18 16 15 0
16946 18 17 15 0
16947 18 18 15 0
16948 18 19 15 0
16949 18 20 15 0
16950 18 21 15 0
16951 18 22 15 899
16952 18 23 15 899
16953 18 24 15 0
16954 18 25 15 0
16955 18 26 15 0
16956 18 27 15 0
16957 18 28 15 906
16958 18 29 15 0
16959 18 30 15 0
16960 18 31 15 0
16961 18 32 15 0
16962 19 0 15 0
16963 19 1 15 0
16964 19 2 15 0
16965 19 3 15 0
16966 19 4 15 0
16967 19 5 15 0
16968 19 6 15 0
16969 19 7 15 0
16970 19 8 15 0
16971 19 9 15 0
16972 19 10 15 0
16973 19 11 15 0
16974 19 12 15 0
16975 19 13 15 0
16976 19 14 15 0
16977 19 15 15 0
16978 19 16 15 0
16979 19 17 15 0
16980 19 18 15 0
16981 19 19 15 0
16982 19 20 15 0
16983 19 21 15 0
16984 19 22 15 0
16985 19 23 15 899
16986 19 24 15 0
16987 19 25 15 0
16988 19 26 15 0
16989 19 27 15 906
16990 19 28 15 906
16991 19 29 15 0
16992 19 30 15 0
16993 19 31 15 0
16994 19 32 15 0
16995 20 0 15 0
16996 20 1 15 968
16997 20 2 15 0
16998 20 3 15 0
16999 20 4 15 0
17000 20 5 15 0
17001 20 6 15 0
17002 20 7 15 979
17003 20 8 15 979
17004 20 9 15 0
17005 20 10 15 0
17006 20 11 15 0
17007 20 12 15 986
17008 20 13 15 0
17009 20 14 15 0
17010 20 15 15 0
17011 20 16 15 0
17012 20 17 15 0
17013 20 18 15 0
17014 20 19 15 0
17015 20 20 15 0
17016 20 21 15 0
17017 20 22 15 0
17018 20 23 15 0
17019 20 24 15 0
17020 20 25 15 0
17021 20 26 15 906
17022 20 27 15 906
17023 20 28 15 906
17024 20 29 15 0
17025 20 30 15 0
17026 20 31 15 0
17027 20 32 15 0
17028 21 0 15 1009
17029 21 1 15 1009
17030 21 2 15 0
17031 21 3 15 0
17032 21 4 15 0
17033 21 5 15 0
17034 21 6 15 0
17035 21 7 15 979
17036 21 8 15 979
17037 21 9 15 979
17038 21 10 15 0
17039 21 11 15 0
17040 21 12 15 0
17041 21 13 15 0
17042 21 14 15 0
17043 21 15 15 0
17044 21 16 15 0
17045 21 17 15 0
17046 21 18 15 0
17047 21 19 15 0
17048 21 20 15 0
17049 21 21 15 0
17050 21 22 15 0
17051 21 23 15 0
17052 21 24 15 0
17053 21 25 15 0
17054 21 26 15 906
17055 21 27 15 906
17056 21 28 15 0
17057 21 29 15 0
17058 21 30 15 0
17059 21 31 15 1009
17060 21 32 15 1009
17061 22 0 15 1009
17062 22 1 15 0
17063 22 2 15 0
17064 22 3 15 0
17065 22 4 15 0
17066 22 5 15 0
17067 22 6 15 0
17068 22 7 15 0
17069 22 8 15 0
17070 22 9 15 0
17071 22 10 15 0
17072 22 11 15 0
17073 22 12 15 0
17074 22 13 15 0
17075 22 14 15 0
17076 22 15 15 0
17077 22 16 15 0
17078 22 17 15 1080
17079 22 18 15 1080
17080 22 19 15 1080
17081 22 20 15 0
17082 22 21 15 0
17083 22 22 15 0
17084 22 23 15 0
17085 22 24 15 0
17086 22 25 15 817
17087 22 26 15 817
17088 22 27 15 817
17089 22 28 15 0
17090 22 29 15 0
17091 22 30 15 0
17092 22 31 15 0
17093 22 32 15 1009
17094 23 0 15 1009
17095 23 1 15 0
17096 23 2 15 0
17097 23 3 15 0
17098 23 4 15 1107
17099 23 5 15 780
17100 23 6 15 780
17101 23 7 15 0
17102 23 8 15 0
17103 23 9 15 0
17104 23 10 15 0
17105 23 11 15 0
17106 23 12 15 0
17107 23 13 15 0
17108 23 14 15 0
17109 23 15 15 0
17110 23 16 15 0
17111 23 17 15 1080
17112 23 18 15 1080
17113 23 19 15 1080
17114 23 20 15 0
17115 23 21 15 0
17116 23 22 15 0
17117 23 23 15 0
17118 23 24 15 0
17119 23 25 15 0
17120 23 26 15 817
17121 23 27 15 0
17122 23 28 15 0
17123 23 29 15 0
17124 23 30 15 0
17125 23 31 15 0
17126 23 32 15 1009
17127 24 0 15 0
17128 24 1 15 0
17129 24 2 15 0
17130 24 3 15 0
17131 24 4 15 0
17132 24 5 15 780
17133 24 6 15 0
17134 24 7 15 0
17135 24 8 15 0
17136 24 9 15 0
17137 24 10 15 0
17138 24 11 15 0
17139 24 12 15 0
17140 24 13 15 0
17141 24 14 15 0
17142 24 15 15 0
17143 24 16 15 0
17144 24 17 15 1080
17145 24 18 15 1080
17146 24 19 15 1080
17147 24 20 15 0
17148 24 21 15 0
17149 24 22 15 1080
17150 24 23 15 0
17151 24 24 15 0
17152 24 25 15 0
17153 24 26 15 0
17154 24 27 15 0
17155 24 28 15 1188
17156 24 29 15 0
17157 24 30 15 0
17158 24 31 15 0
17159 24 32 15 0
17160 25 0 15 0
17161 25 1 15 0
17162 25 2 15 0
17163 25 3 15 0
17164 25 4 15 0
17165 25 5 15 0
17166 25 6 15 0
17167 25 7 15 0
17168 25 8 15 0
17169 25 9 15 1213
17170 25 10 15 1213
17171 25 11 15 1222
17172 25 12 15 1222
17173 25 13 15 0
17174 25 14 15 0
17175 25 15 15 0
17176 25 16 15 0
17177 25 17 15 1080
17178 25 18 15 1080
17179 25 19 15 1080
17180 25 20 15 1080
17181 25 21 15 0
17182 25 22 15 1240
17183 25 23 15 0
17184 25 24 15 0
17185 25 25 15 0
17186 25 26 15 0
17187 25 27 15 0
17188 25 28 15 1188
17189 25 29 15 0
17190 25 30 15 0
17191 25 31 15 0
17192 25 32 15 0
17193 26 0 15 0
17194 26 1 15 0
17195 26 2 15 1265
17196 26 3 15 1265
17197 26 4 15 0
17198 26 5 15 0
17199 26 6 15 0
17200 26 7 15 0
17201 26 8 15 0
17202 26 9 15 0
17203 26 10 15 0
17204 26 11 15 0
17205 26 12 15 1276
17206 26 13 15 0
17207 26 14 15 0
17208 26 15 15 0
17209 26 16 15 0
17210 26 17 15 0
17211 26 18 15 1080
17212 26 19 15 1080
17213 26 20 15 0
17214 26 21 15 0
17215 26 22 15 0
17216 26 23 15 0
17217 26 24 15 0
17218 26 25 15 0
17219 26 26 15 0
17220 26 27 15 0
17221 26 28 15 0
17222 26 29 15 0
17223 26 30 15 0
17224 26 31 15 0
17225 26 32 15 1258
17226 27 0 15 0
17227 27 1 15 0
17228 27 2 15 0
17229 27 3 15 1265
17230 27 4 15 1265
17231 27 5 15 1265
17232 27 6 15 0
17233 27 7 15 0
17234 27 8 15 0
17235 27 9 15 0
17236 27 10 15 0
17237 27 11 15 0
17238 27 12 15 0
17239 27 13 15 0
17240 27 14 15 0
17241 27 15 15 1329
17242 27 16 15 0
17243 27 17 15 0
17244 27 18 15 0
17245 27 19 15 0
17246 27 20 15 0
17247 27 21 15 0
17248 27 22 15 0
17249 27 23 15 0
17250 27 24 15 0
17251 27 25 15 0
17252 27 26 15 0
17253 27 27 15 0
17254 27 28 15 0
17255 27 29 15 0
17256 27 30 15 0
17257 27 31 15 1303
17258 27 32 15 1303
17259 28 0 15 0
17260 28 1 15 0
17261 28 2 15 0
17262 28 3 15 1265
17263 28 4 15 1265
17264 28 5 15 0
17265 28 6 15 0
17266 28 7 15 0
17267 28 8 15 1371
17268 28 9 15 0
17269 28 10 15 0
17270 28 11 15 0
17271 28 12 15 0
17272 28 13 15 1329
17273 28 14 15 0
17274 28 15 15 1329
17275 28 16 15 1329
17276 28 17 15 0
17277 28 18 15 0
17278 28 19 15 0
17279 28 20 15 0
17280 28 21 15 0
17281 28 22 15 0
17282 28 23 15 0
17283 28 24 15 0
17284 28 25 15 0
17285 28 26 15 1352
17286 28 27 15 1352
17287 28 28 15 0
17288 28 29 15 0
17289 28 30 15 0
17290 28 31 15 1303
17291 28 32 15 1303
17292 29 0 15 0
17293 29 1 15 0
17294 29 2 15 0
17295 29 3 15 0
17296 29 4 15 1265
17297 29 5 15 0
17298 29 6 15 0
17299 29 7 15 0
17300 29 8 15 1414
17301 29 9 15 1419
17302 29 10 15 0
17303 29 11 15 0
17304 29 12 15 0
17305 29 13 15 1329
17306 29 14 15 1329
17307 29 15 15 1329
17308 29 16 15 1329
17309 29 17 15 0
17310 29 18 15 0
17311 29 19 15 0
17312 29 20 15 0
17313 29 21 15 0
17314 29 22 15 0
17315 29 23 15 0
17316 29 24 15 0
17317 29 25 15 0
17318 29 26 15 1352
17319 29 27 15 0
17320 29 28 15 0
17321 29 29 15 0
17322 29 30 15 0
17323 29 31 15 0
17324 29 32 15 0
17325 30 0 15 0
17326 30 1 15 1455
17327 30 2 15 1455
17328 30 3 15 1455
17329 30 4 15 0
17330 30 5 15 0
17331 30 6 15 0
17332 30 7 15 1461
17333 30 8 15 0
17334 30 9 15 0
17335 30 10 15 0
17336 30 11 15 0
17337 30 12 15 0
17338 30 13 15 1329
17339 30 14 15 1329
17340 30 15 15 1329
17341 30 16 15 0
17342 30 17 15 0
17343 30 18 15 0
17344 30 19 15 0
17345 30 20 15 0
17346 30 21 15 0
17347 30 22 15 0
17348 30 23 15 0
17349 30 24 15 1478
17350 30 25 15 0
17351 30 26 15 0
17352 30 27 15 0
17353 30 28 15 0
17354 30 29 15 0
17355 30 30 15 1487
17356 30 31 15 71
17357 30 32 15 0
17358 31 0 15 1455
17359 31 1 15 1455
17360 31 2 15 1455
17361 31 3 15 0
17362 31 4 15 0
17363 31 5 15 0
17364 31 6 15 0
17365 31 7 15 1496
17366 31 8 15 1499
17367 31 9 15 0
17368 31 10 15 0
17369 31 11 15 0
17370 31 12 15 0
17371 31 13 15 1329
17372 31 14 15 1329
17373 31 15 15 0
17374 31 16 15 0
17375 31 17 15 0
17376 31 18 15 0
17377 31 19 15 0
17378 31 20 15 0
17379 31 21 15 0
17380 31 22 15 0
17381 31 23 15 0
17382 31 24 15 1478
17383 31 25 15 0
17384 31 26 15 0
17385 31 27 15 0
17386 31 28 15 0
17387 31 29 15 71
17388 31 30 15 71
17389 31 31 15 71
17390 31 32 15 0
17391 32 0 15 0
17392 32 1 15 0
17393 32 2 15 0
17394 32 3 15 0
17395 32 4 15 0
17396 32 5 15 0
17397 32 6 15 0
17398 32 7 15 0
17399 32 8 15 0
17400 32 9 15 0
17401 32 10 15 0
17402 32 11 15 0
17403 32 12 15 0
17404 32 13 15 1329
17405 32 14 15 0
17406 32 15 15 0
17407 32 16 15 0
17408 32 17 15 1519
17409 32 18 15 0
17410 32 19 15 0
17411 32 20 15 0
17412 32 21 15 51
17413 32 22 15 0
17414 32 23 15 0
17415 32 24 15 58
17416 32 25 15 58
17417 32 26 15 58
17418 32 27 15 0
17419 32 28 15 0
17420 32 29 15 71
17421 32 30 15 0
17422 32 31 15 71
17423 32 32 15 71
17424 0 0 16 0
17425 0 1 16 0
17426 0 2 16 0
17427 0 3 16 7
17428 0 4 16 0
17429 0 5 16 11
17430 0 6 16 0
17431 0 7 16 0
17432 0 8 16 0
17433 0 9 16 0
17434 0 10 16 0
17435 0 11 16 25
17436 0 12 16 25
17437 0 13 16 0
17438 0 14 16 0
17439 0 15 16 0
17440 0 16 16 0
17441 0 17 16 0
17442 0 18 16 0
17443 0 19 16 0
17444 0 20 16 0
17445 0 21 16 0
17446 0 22 16 0
17447 0 23 16 0
17448 0 24 16 0
17449 0 25 16 0
17450 0 26 16 58
17451 0 27 16 58
17452 0 28 16 0
17453 0 29 16 0
17454 0 30 16 0
17455 0 31 16 71
17456 0 32 16 0
17457 1 0 16 0
17458 1 1 16 0
17459 1 2 16 0
17460 1 3 16 0
17461 1 4 16 0
17462 1 5 16 0
17463 1 6 16 0
17464 1 7 16 0
17465 1 8 16 0
17466 1 9 16 94
17467 1 10 16 94
17468 1 11 16 0
17469 1 12 16 0
17470 1 13 16 0
17471 1 14 16 0
17472 1 15 16 0
17473 1 16 16 0
17474 1 17 16 0
17475 1 18 16 41
17476 1 19 16 0
17477 1 20 16 41
17478 1 21 16 41
17479 1 22 16 109
17480 1 23 16 0
17481 1 24 16 57
17482 1 25 16 0
17483 1 26 16 0
17484 1 27 16 0
17485 1 28 16 0
17486 1 29 16 0
17487 1 30 16 0
17488 1 31 16 71
17489 1 32 16 0
17490 2 0 16 130
17491 2 1 16 0
17492 2 2 16 0
17493 2 3 16 0
17494 2 4 16 0
17495 2 5 16 0
17496 2 6 16 0
17497 2 7 16 0
17498 2 8 16 94
17499 2 9 16 94
17500 2 10 16 94
17501 2 11 16 94
17502 2 12 16 0
17503 2 13 16 0
17504 2 14 16 0
17505 2 15 16 0
17506 2 16 16 0
17507 2 17 16 0
17508 2 18 16 41
17509 2 19 16 41
17510 2 20 16 41
17511 2 21 16 0
17512 2 22 16 109
17513 2 23 16 57
17514 2 24 16 0
17515 2 25 16 0
17516 2 26 16 0
17517 2 27 16 0
17518 2 28 16 0
17519 2 29 16 0
17520 2 30 16 0
17521 2 31 16 0
17522 2 32 16 130
17523 3 0 16 0
17524 3 1 16 0
17525 3 2 16 0
17526 3 3 16 181
17527 3 4 16 181
17528 3 5 16 181
17529 3 6 16 0
17530 3 7 16 0
17531 3 8 16 94
17532 3 9 16 94
17533 3 10 16 0
17534 3 11 16 0
17535 3 12 16 0
17536 3 13 16 0
17537 3 14 16 0
17538 3 15 16 0
17539 3 16 16 0
17540 3 17 16 0
17541 3 18 16 0
17542 3 19 16 0
17543 3 20 16 41
17544 3 21 16 0
17545 3 22 16 0
17546 3 23 16 0
17547 3 24 16 0
17548 3 25 16 0
17549 3 26 16 0
17550 3 27 16 0
17551 3 28 16 0
17552 3 29 16 0
17553 3 30 16 0
17554 3 31 16 0
17555 3 32 16 0
17556 4 0 16 0
17557 4 1 16 0
17558 4 2 16 181
17559 4 3 16 181
17560 4 4 16 181
17561 4 5 16 0
17562 4 6 16 0
17563 4 7 16 0
17564 4 8 16 0
17565 4 9 16 0
17566 4 10 16 0
17567 4 11 16 0
17568 4 12 16 0
17569 4 13 16 238
17570 4 14 16 0
17571 4 15 16 0
17572 4 16 16 0
17573 4 17 16 0
17574 4 18 16 0
17575 4 19 16 0
17576 4 20 16 0
17577 4 21 16 0
17578 4 22 16 0
17579 4 23 16 0
17580 4 24 16 0
17581 4 25 16 0
17582 4 26 16 0
17583 4 27 16 0
17584 4 28 16 0
17585 4 29 16 0
17586 4 30 16 0
17587 4 31 16 0
17588 4 32 16 0
17589 5 0 16 0
17590 5 1 16 0
17591 5 2 16 269
17592 5 3 16 0
17593 5 4 16 0
17594 5 5 16 0
17595 5 6 16 0
17596 5 7 16 0
17597 5 8 16 0
17598 5 9 16 0
17599 5 10 16 0
17600 5 11 16 285
17601 5 12 16 0
17602 5 13 16 0
17603 5 14 16 0
17604 5 15 16 0
17605 5 16 16 0
17606 5 17 16 293
17607 5 18 16 293
17608 5 19 16 0
17609 5 20 16 0
17610 5 21 16 0
17611 5 22 16 0
17612 5 23 16 0
17613 5 24 16 0
17614 5 25 16 300
17615 5 26 16 300
17616 5 27 16 0
17617 5 28 16 0
17618 5 29 16 0
17619 5 30 16 0
17620 5 31 16 0
17621 5 32 16 0
17622 6 0 16 267
17623 6 1 16 267
17624 6 2 16 0
17625 6 3 16 0
17626 6 4 16 273
17627 6 5 16 273
17628 6 6 16 0
17629 6 7 16 0
17630 6 8 16 0
17631 6 9 16 0
17632 6 10 16 0
17633 6 11 16 0
17634 6 12 16 0
17635 6 13 16 0
17636 6 14 16 328
17637 6 15 16 328
17638 6 16 16 0
17639 6 17 16 293
17640 6 18 16 293
17641 6 19 16 293
17642 6 20 16 0
17643 6 21 16 0
17644 6 22 16 0
17645 6 23 16 0
17646 6 24 16 0
17647 6 25 16 300
17648 6 26 16 0
17649 6 27 16 0
17650 6 28 16 0
17651 6 29 16 0
17652 6 30 16 0
17653 6 31 16 0
17654 6 32 16 0
17655 7 0 16 0
17656 7 1 16 0
17657 7 2 16 0
17658 7 3 16 0
17659 7 4 16 0
17660 7 5 16 0
17661 7 6 16 0
17662 7 7 16 0
17663 7 8 16 0
17664 7 9 16 0
17665 7 10 16 0
17666 7 11 16 363
17667 7 12 16 0
17668 7 13 16 0
17669 7 14 16 0
17670 7 15 16 0
17671 7 16 16 0
17672 7 17 16 0
17673 7 18 16 0
17674 7 19 16 0
17675 7 20 16 0
17676 7 21 16 0
17677 7 22 16 0
17678 7 23 16 0
17679 7 24 16 0
17680 7 25 16 0
17681 7 26 16 0
17682 7 27 16 0
17683 7 28 16 303
17684 7 29 16 303
17685 7 30 16 0
17686 7 31 16 0
17687 7 32 16 386
17688 8 0 16 0
17689 8 1 16 0
17690 8 2 16 0
17691 8 3 16 0
17692 8 4 16 0
17693 8 5 16 0
17694 8 6 16 0
17695 8 7 16 0
17696 8 8 16 0
17697 8 9 16 0
17698 8 10 16 363
17699 8 11 16 363
17700 8 12 16 0
17701 8 13 16 0
17702 8 14 16 0
17703 8 15 16 0
17704 8 16 16 0
17705 8 17 16 0
17706 8 18 16 0
17707 8 19 16 0
17708 8 20 16 0
17709 8 21 16 0
17710 8 22 16 0
17711 8 23 16 0
17712 8 24 16 0
17713 8 25 16 0
17714 8 26 16 0
17715 8 27 16 0
17716 8 28 16 0
17717 8 29 16 303
17718 8 30 16 303
17719 8 31 16 0
17720 8 32 16 0
17721 9 0 16 0
17722 9 1 16 0
17723 9 2 16 0
17724 9 3 16 0
17725 9 4 16 0
17726 9 5 16 0
17727 9 6 16 0
17728 9 7 16 0
17729 9 8 16 0
17730 9 9 16 0
17731 9 10 16 0
17732 9 11 16 363
17733 9 12 16 0
17734 9 13 16 0
17735 9 14 16 0
17736 9 15 16 456
17737 9 16 16 456
17738 9 17 16 0
17739 9 18 16 0
17740 9 19 16 0
17741 9 20 16 465
17742 9 21 16 0
17743 9 22 16 467
17744 9 23 16 0
17745 9 24 16 0
17746 9 25 16 0
17747 9 26 16 0
17748 9 27 16 0
17749 9 28 16 0
17750 9 29 16 303
17751 9 30 16 0
17752 9 31 16 0
17753 9 32 16 0
17754 10 0 16 0
17755 10 1 16 0
17756 10 2 16 0
17757 10 3 16 0
17758 10 4 16 0
17759 10 5 16 445
17760 10 6 16 445
17761 10 7 16 445
17762 10 8 16 0
17763 10 9 16 0
17764 10 10 16 0
17765 10 11 16 0
17766 10 12 16 0
17767 10 13 16 0
17768 10 14 16 0
17769 10 15 16 507
17770 10 16 16 507
17771 10 17 16 0
17772 10 18 16 0
17773 10 19 16 0
17774 10 20 16 0
17775 10 21 16 0
17776 10 22 16 0
17777 10 23 16 0
17778 10 24 16 0
17779 10 25 16 0
17780 10 26 16 0
17781 10 27 16 0
17782 10 28 16 0
17783 10 29 16 0
17784 10 30 16 0
17785 10 31 16 0
17786 10 32 16 0
17787 11 0 16 536
17788 11 1 16 0
17789 11 2 16 0
17790 11 3 16 0
17791 11 4 16 0
17792 11 5 16 445
17793 11 6 16 445
17794 11 7 16 445
17795 11 8 16 445
17796 11 9 16 0
17797 11 10 16 552
17798 11 11 16 0
17799 11 12 16 0
17800 11 13 16 0
17801 11 14 16 0
17802 11 15 16 0
17803 11 16 16 0
17804 11 17 16 0
17805 11 18 16 0
17806 11 19 16 0
17807 11 20 16 0
17808 11 21 16 0
17809 11 22 16 0
17810 11 23 16 0
17811 11 24 16 0
17812 11 25 16 0
17813 11 26 16 0
17814 11 27 16 0
17815 11 28 16 0
17816 11 29 16 0
17817 11 30 16 0
17818 11 31 16 0
17819 11 32 16 0
17820 12 0 16 536
17821 12 1 16 0
17822 12 2 16 0
17823 12 3 16 0
17824 12 4 16 0
17825 12 5 16 445
17826 12 6 16 445
17827 12 7 16 445
17828 12 8 16 0
17829 12 9 16 0
17830 12 10 16 0
17831 12 11 16 0
17832 12 12 16 0
17833 12 13 16 0
17834 12 14 16 0
17835 12 15 16 0
17836 12 16 16 0
17837 12 17 16 0
17838 12 18 16 0
17839 12 19 16 0
17840 12 20 16 0
17841 12 21 16 0
17842 12 22 16 0
17843 12 23 16 0
17844 12 24 16 0
17845 12 25 16 0
17846 12 26 16 0
17847 12 27 16 0
17848 12 28 16 0
17849 12 29 16 0
17850 12 30 16 0
17851 12 31 16 0
17852 12 32 16 582
17853 13 0 16 0
17854 13 1 16 0
17855 13 2 16 0
17856 13 3 16 0
17857 13 4 16 0
17858 13 5 16 445
17859 13 6 16 445
17860 13 7 16 445
17861 13 8 16 0
17862 13 9 16 0
17863 13 10 16 0
17864 13 11 16 0
17865 13 12 16 0
17866 13 13 16 0
17867 13 14 16 0
17868 13 15 16 0
17869 13 16 16 0
17870 13 17 16 647
17871 13 18 16 0
17872 13 19 16 0
17873 13 20 16 512
17874 13 21 16 512
17875 13 22 16 512
17876 13 23 16 0
17877 13 24 16 655
17878 13 25 16 0
17879 13 26 16 0
17880 13 27 16 0
17881 13 28 16 0
17882 13 29 16 0
17883 13 30 16 0
17884 13 31 16 582
17885 13 32 16 582
17886 14 0 16 0
17887 14 1 16 0
17888 14 2 16 634
17889 14 3 16 0
17890 14 4 16 0
17891 14 5 16 0
17892 14 6 16 0
17893 14 7 16 0
17894 14 8 16 0
17895 14 9 16 0
17896 14 10 16 0
17897 14 11 16 0
17898 14 12 16 0
17899 14 13 16 0
17900 14 14 16 0
17901 14 15 16 0
17902 14 16 16 0
17903 14 17 16 0
17904 14 18 16 0
17905 14 19 16 0
17906 14 20 16 512
17907 14 21 16 512
17908 14 22 16 512
17909 14 23 16 512
17910 14 24 16 0
17911 14 25 16 0
17912 14 26 16 0
17913 14 27 16 709
17914 14 28 16 0
17915 14 29 16 0
17916 14 30 16 0
17917 14 31 16 582
17918 14 32 16 0
17919 15 0 16 0
17920 15 1 16 0
17921 15 2 16 0
17922 15 3 16 0
17923 15 4 16 0
17924 15 5 16 0
17925 15 6 16 0
17926 15 7 16 0
17927 15 8 16 0
17928 15 9 16 0
17929 15 10 16 0
17930 15 11 16 0
17931 15 12 16 736
17932 15 13 16 0
17933 15 14 16 0
17934 15 15 16 0
17935 15 16 16 0
17936 15 17 16 0
17937 15 18 16 0
17938 15 19 16 0
17939 15 20 16 512
17940 15 21 16 512
17941 15 22 16 0
17942 15 23 16 0
17943 15 24 16 0
17944 15 25 16 0
17945 15 26 16 760
17946 15 27 16 0
17947 15 28 16 0
17948 15 29 16 0
17949 15 30 16 0
17950 15 31 16 0
17951 15 32 16 0
17952 16 0 16 0
17953 16 1 16 0
17954 16 2 16 0
17955 16 3 16 0
17956 16 4 16 0
17957 16 5 16 0
17958 16 6 16 0
17959 16 7 16 786
17960 16 8 16 0
17961 16 9 16 0
17962 16 10 16 0
17963 16 11 16 791
17964 16 12 16 0
17965 16 13 16 0
17966 16 14 16 796
17967 16 15 16 0
17968 16 16 16 0
17969 16 17 16 801
17970 16 18 16 0
17971 16 19 16 0
17972 16 20 16 0
17973 16 21 16 512
17974 16 22 16 512
17975 16 23 16 0
17976 16 24 16 0
17977 16 25 16 0
17978 16 26 16 0
17979 16 27 16 0
17980 16 28 16 0
17981 16 29 16 0
17982 16 30 16 0
17983 16 31 16 826
17984 16 32 16 0
17985 17 0 16 0
17986 17 1 16 0
17987 17 2 16 0
17988 17 3 16 0
17989 17 4 16 0
17990 17 5 16 781
17991 17 6 16 781
17992 17 7 16 0
17993 17 8 16 835
17994 17 9 16 0
17995 17 10 16 0
17996 17 11 16 0
17997 17 12 16 844
17998 17 13 16 0
17999 17 14 16 0
18000 17 15 16 0
18001 17 16 16 0
18002 17 17 16 0
18003 17 18 16 0
18004 17 19 16 0
18005 17 20 16 854
18006 17 21 16 0
18007 17 22 16 0
18008 17 23 16 0
18009 17 24 16 0
18010 17 25 16 0
18011 17 26 16 0
18012 17 27 16 0
18013 17 28 16 0
18014 17 29 16 0
18015 17 30 16 0
18016 17 31 16 0
18017 17 32 16 873
18018 18 0 16 0
18019 18 1 16 0
18020 18 2 16 0
18021 18 3 16 0
18022 18 4 16 0
18023 18 5 16 781
18024 18 6 16 0
18025 18 7 16 781
18026 18 8 16 0
18027 18 9 16 0
18028 18 10 16 0
18029 18 11 16 0
18030 18 12 16 0
18031 18 13 16 0
18032 18 14 16 0
18033 18 15 16 0
18034 18 16 16 0
18035 18 17 16 0
18036 18 18 16 0
18037 18 19 16 0
18038 18 20 16 0
18039 18 21 16 0
18040 18 22 16 0
18041 18 23 16 0
18042 18 24 16 0
18043 18 25 16 0
18044 18 26 16 0
18045 18 27 16 0
18046 18 28 16 906
18047 18 29 16 906
18048 18 30 16 0
18049 18 31 16 0
18050 18 32 16 0
18051 19 0 16 0
18052 19 1 16 0
18053 19 2 16 0
18054 19 3 16 0
18055 19 4 16 0
18056 19 5 16 0
18057 19 6 16 0
18058 19 7 16 0
18059 19 8 16 0
18060 19 9 16 0
18061 19 10 16 0
18062 19 11 16 0
18063 19 12 16 0
18064 19 13 16 0
18065 19 14 16 0
18066 19 15 16 936
18067 19 16 16 0
18068 19 17 16 0
18069 19 18 16 941
18070 19 19 16 941
18071 19 20 16 0
18072 19 21 16 0
18073 19 22 16 0
18074 19 23 16 951
18075 19 24 16 0
18076 19 25 16 0
18077 19 26 16 906
18078 19 27 16 906
18079 19 28 16 906
18080 19 29 16 906
18081 19 30 16 0
18082 19 31 16 0
18083 19 32 16 0
18084 20 0 16 0
18085 20 1 16 0
18086 20 2 16 0
18087 20 3 16 0
18088 20 4 16 0
18089 20 5 16 0
18090 20 6 16 0
18091 20 7 16 979
18092 20 8 16 0
18093 20 9 16 979
18094 20 10 16 0
18095 20 11 16 0
18096 20 12 16 0
18097 20 13 16 0
18098 20 14 16 0
18099 20 15 16 0
18100 20 16 16 990
18101 20 17 16 990
18102 20 18 16 0
18103 20 19 16 997
18104 20 20 16 0
18105 20 21 16 0
18106 20 22 16 0
18107 20 23 16 1000
18108 20 24 16 0
18109 20 25 16 0
18110 20 26 16 906
18111 20 27 16 906
18112 20 28 16 906
18113 20 29 16 0
18114 20 30 16 0
18115 20 31 16 0
18116 20 32 16 0
18117 21 0 16 0
18118 21 1 16 0
18119 21 2 16 0
18120 21 3 16 0
18121 21 4 16 0
18122 21 5 16 0
18123 21 6 16 0
18124 21 7 16 979
18125 21 8 16 979
18126 21 9 16 979
18127 21 10 16 979
18128 21 11 16 0
18129 21 12 16 0
18130 21 13 16 0
18131 21 14 16 0
18132 21 15 16 0
18133 21 16 16 0
18134 21 17 16 990
18135 21 18 16 990
18136 21 19 16 0
18137 21 20 16 0
18138 21 21 16 0
18139 21 22 16 0
18140 21 23 16 0
18141 21 24 16 0
18142 21 25 16 906
18143 21 26 16 906
18144 21 27 16 906
18145 21 28 16 0
18146 21 29 16 0
18147 21 30 16 0
18148 21 31 16 0
18149 21 32 16 1062
18150 22 0 16 1062
18151 22 1 16 0
18152 22 2 16 0
18153 22 3 16 0
18154 22 4 16 0
18155 22 5 16 0
18156 22 6 16 0
18157 22 7 16 0
18158 22 8 16 979
18159 22 9 16 979
18160 22 10 16 979
18161 22 11 16 979
18162 22 12 16 0
18163 22 13 16 0
18164 22 14 16 0
18165 22 15 16 0
18166 22 16 16 0
18167 22 17 16 1080
18168 22 18 16 1080
18169 22 19 16 1080
18170 22 20 16 1080
18171 22 21 16 0
18172 22 22 16 0
18173 22 23 16 0
18174 22 24 16 0
18175 22 25 16 0
18176 22 26 16 0
18177 22 27 16 906
18178 22 28 16 0
18179 22 29 16 0
18180 22 30 16 0
18181 22 31 16 0
18182 22 32 16 1062
18183 23 0 16 0
18184 23 1 16 0
18185 23 2 16 0
18186 23 3 16 0
18187 23 4 16 0
18188 23 5 16 0
18189 23 6 16 0
18190 23 7 16 0
18191 23 8 16 0
18192 23 9 16 0
18193 23 10 16 0
18194 23 11 16 0
18195 23 12 16 0
18196 23 13 16 0
18197 23 14 16 0
18198 23 15 16 0
18199 23 16 16 0
18200 23 17 16 1080
18201 23 18 16 1080
18202 23 19 16 1080
18203 23 20 16 1080
18204 23 21 16 0
18205 23 22 16 0
18206 23 23 16 0
18207 23 24 16 0
18208 23 25 16 0
18209 23 26 16 0
18210 23 27 16 0
18211 23 28 16 0
18212 23 29 16 0
18213 23 30 16 0
18214 23 31 16 0
18215 23 32 16 1062
18216 24 0 16 0
18217 24 1 16 0
18218 24 2 16 0
18219 24 3 16 0
18220 24 4 16 0
18221 24 5 16 0
18222 24 6 16 1153
18223 24 7 16 0
18224 24 8 16 0
18225 24 9 16 0
18226 24 10 16 0
18227 24 11 16 1164
18228 24 12 16 0
18229 24 13 16 1168
18230 24 14 16 0
18231 24 15 16 0
18232 24 16 16 0
18233 24 17 16 1080
18234 24 18 16 1080
18235 24 19 16 1080
18236 24 20 16 1080
18237 24 21 16 0
18238 24 22 16 0
18239 24 23 16 0
18240 24 24 16 0
18241 24 25 16 0
18242 24 26 16 0
18243 24 27 16 0
18244 24 28 16 0
18245 24 29 16 0
18246 24 30 16 0
18247 24 31 16 0
18248 24 32 16 0
18249 25 0 16 0
18250 25 1 16 0
18251 25 2 16 0
18252 25 3 16 0
18253 25 4 16 0
18254 25 5 16 0
18255 25 6 16 0
18256 25 7 16 0
18257 25 8 16 0
18258 25 9 16 1213
18259 25 10 16 1213
18260 25 11 16 0
18261 25 12 16 0
18262 25 13 16 0
18263 25 14 16 0
18264 25 15 16 0
18265 25 16 16 0
18266 25 17 16 1080
18267 25 18 16 1080
18268 25 19 16 1080
18269 25 20 16 0
18270 25 21 16 0
18271 25 22 16 0
18272 25 23 16 0
18273 25 24 16 0
18274 25 25 16 0
18275 25 26 16 1249
18276 25 27 16 0
18277 25 28 16 0
18278 25 29 16 0
18279 25 30 16 0
18280 25 31 16 0
18281 25 32 16 0
18282 26 0 16 0
18283 26 1 16 0
18284 26 2 16 0
18285 26 3 16 0
18286 26 4 16 0
18287 26 5 16 0
18288 26 6 16 0
18289 26 7 16 1274
18290 26 8 16 0
18291 26 9 16 0
18292 26 10 16 0
18293 26 11 16 0
18294 26 12 16 0
18295 26 13 16 0
18296 26 14 16 0
18297 26 15 16 0
18298 26 16 16 0
18299 26 17 16 0
18300 26 18 16 1080
18301 26 19 16 1080
18302 26 20 16 0
18303 26 21 16 0
18304 26 22 16 1290
18305 26 23 16 0
18306 26 24 16 0
18307 26 25 16 0
18308 26 26 16 0
18309 26 27 16 0
18310 26 28 16 0
18311 26 29 16 0
18312 26 30 16 0
18313 26 31 16 0
18314 26 32 16 0
18315 27 0 16 1307
18316 27 1 16 0
18317 27 2 16 0
18318 27 3 16 1265
18319 27 4 16 1265
18320 27 5 16 0
18321 27 6 16 0
18322 27 7 16 0
18323 27 8 16 0
18324 27 9 16 0
18325 27 10 16 0
18326 27 11 16 0
18327 27 12 16 0
18328 27 13 16 0
18329 27 14 16 1329
18330 27 15 16 1329
18331 27 16 16 1329
18332 27 17 16 0
18333 27 18 16 0
18334 27 19 16 0
18335 27 20 16 0
18336 27 21 16 0
18337 27 22 16 0
18338 27 23 16 0
18339 27 24 16 0
18340 27 25 16 0
18341 27 26 16 1352
18342 27 27 16 1352
18343 27 28 16 1352
18344 27 29 16 0
18345 27 30 16 0
18346 27 31 16 0
18347 27 32 16 0
18348 28 0 16 0
18349 28 1 16 0
18350 28 2 16 0
18351 28 3 16 0
18352 28 4 16 0
18353 28 5 16 0
18354 28 6 16 0
18355 28 7 16 0
18356 28 8 16 1372
18357 28 9 16 0
18358 28 10 16 0
18359 28 11 16 1375
18360 28 12 16 0
18361 28 13 16 0
18362 28 14 16 0
18363 28 15 16 0
18364 28 16 16 0
18365 28 17 16 1383
18366 28 18 16 0
18367 28 19 16 0
18368 28 20 16 0
18369 28 21 16 0
18370 28 22 16 0
18371 28 23 16 0
18372 28 24 16 0
18373 28 25 16 0
18374 28 26 16 1352
18375 28 27 16 1352
18376 28 28 16 1352
18377 28 29 16 1352
18378 28 30 16 0
18379 28 31 16 0
18380 28 32 16 0
18381 29 0 16 1402
18382 29 1 16 0
18383 29 2 16 0
18384 29 3 16 0
18385 29 4 16 0
18386 29 5 16 0
18387 29 6 16 0
18388 29 7 16 0
18389 29 8 16 0
18390 29 9 16 1419
18391 29 10 16 0
18392 29 11 16 0
18393 29 12 16 0
18394 29 13 16 0
18395 29 14 16 1329
18396 29 15 16 0
18397 29 16 16 0
18398 29 17 16 0
18399 29 18 16 0
18400 29 19 16 1431
18401 29 20 16 0
18402 29 21 16 0
18403 29 22 16 0
18404 29 23 16 0
18405 29 24 16 0
18406 29 25 16 0
18407 29 26 16 1352
18408 29 27 16 1352
18409 29 28 16 1352
18410 29 29 16 1352
18411 29 30 16 0
18412 29 31 16 0
18413 29 32 16 1402
18414 30 0 16 0
18415 30 1 16 0
18416 30 2 16 1455
18417 30 3 16 0
18418 30 4 16 0
18419 30 5 16 0
18420 30 6 16 0
18421 30 7 16 1461
18422 30 8 16 0
18423 30 9 16 0
18424 30 10 16 0
18425 30 11 16 0
18426 30 12 16 0
18427 30 13 16 0
18428 30 14 16 0
18429 30 15 16 0
18430 30 16 16 0
18431 30 17 16 0
18432 30 18 16 0
18433 30 19 16 1431
18434 30 20 16 0
18435 30 21 16 0
18436 30 22 16 0
18437 30 23 16 0
18438 30 24 16 0
18439 30 25 16 0
18440 30 26 16 1352
18441 30 27 16 0
18442 30 28 16 0
18443 30 29 16 0
18444 30 30 16 0
18445 30 31 16 0
18446 30 32 16 0
18447 31 0 16 0
18448 31 1 16 0
18449 31 2 16 1455
18450 31 3 16 0
18451 31 4 16 0
18452 31 5 16 0
18453 31 6 16 1496
18454 31 7 16 1496
18455 31 8 16 1500
18456 31 9 16 0
18457 31 10 16 0
18458 31 11 16 0
18459 31 12 16 0
18460 31 13 16 1329
18461 31 14 16 0
18462 31 15 16 1511
18463 31 16 16 0
18464 31 17 16 1519
18465 31 18 16 1521
18466 31 19 16 0
18467 31 20 16 0
18468 31 21 16 0
18469 31 22 16 0
18470 31 23 16 0
18471 31 24 16 0
18472 31 25 16 0
18473 31 26 16 0
18474 31 27 16 0
18475 31 28 16 0
18476 31 29 16 0
18477 31 30 16 0
18478 31 31 16 71
18479 31 32 16 0
18480 32 0 16 0
18481 32 1 16 0
18482 32 2 16 0
18483 32 3 16 0
18484 32 4 16 0
18485 32 5 16 0
18486 32 6 16 0
18487 32 7 16 0
18488 32 8 16 0
18489 32 9 16 0
18490 32 10 16 0
18491 32 11 16 0
18492 32 12 16 0
18493 32 13 16 0
18494 32 14 16 0
18495 32 15 16 0
18496 32 16 16 0
18497 32 17 16 1519
18498 32 18 16 0
18499 32 19 16 0
18500 32 20 16 0
18501 32 21 16 0
18502 32 22 16 0
18503 32 23 16 0
18504 32 24 16 0
18505 32 25 16 0
18506 32 26 16 0
18507 32 27 16 0
18508 32 28 16 71
18509 32 29 16 71
18510 32 30 16 71
18511 32 31 16 71
18512 32 32 16 0
18513 0 0 17 0
18514 0 1 17 7
18515 0 2 17 7
18516 0 3 17 7
18517 0 4 17 0
18518 0 5 17 0
18519 0 6 17 0
18520 0 7 17 0
18521 0 8 17 0
18522 0 9 17 0
18523 0 10 17 0
18524 0 11 17 0
18525 0 12 17 0
18526 0 13 17 0
18527 0 14 17 0
18528 0 15 17 0
18529 0 16 17 0
18530 0 17 17 0
18531 0 18 17 41
18532 0 19 17 0
18533 0 20 17 0
18534 0 21 17 0
18535 0 22 17 0
18536 0 23 17 57
18537 0 24 17 0
18538 0 25 17 0
18539 0 26 17 0
18540 0 27 17 58
18541 0 28 17 0
18542 0 29 17 0
18543 0 30 17 0
18544 0 31 17 0
18545 0 32 17 0
18546 1 0 17 0
18547 1 1 17 0
18548 1 2 17 79
18549 1 3 17 0
18550 1 4 17 0
18551 1 5 17 0
18552 1 6 17 87
18553 1 7 17 0
18554 1 8 17 0
18555 1 9 17 95
18556 1 10 17 0
18557 1 11 17 0
18558 1 12 17 0
18559 1 13 17 0
18560 1 14 17 0
18561 1 15 17 0
18562 1 16 17 0
18563 1 17 17 41
18564 1 18 17 41
18565 1 19 17 41
18566 1 20 17 0
18567 1 21 17 41
18568 1 22 17 0
18569 1 23 17 57
18570 1 24 17 57
18571 1 25 17 0
18572 1 26 17 0
18573 1 27 17 58
18574 1 28 17 0
18575 1 29 17 0
18576 1 30 17 71
18577 1 31 17 71
18578 1 32 17 0
18579 2 0 17 0
18580 2 1 17 0
18581 2 2 17 0
18582 2 3 17 0
18583 2 4 17 0
18584 2 5 17 0
18585 2 6 17 0
18586 2 7 17 142
18587 2 8 17 94
18588 2 9 17 94
18589 2 10 17 94
18590 2 11 17 0
18591 2 12 17 0
18592 2 13 17 0
18593 2 14 17 0
18594 2 15 17 0
18595 2 16 17 0
18596 2 17 17 0
18597 2 18 17 41
18598 2 19 17 41
18599 2 20 17 0
18600 2 21 17 0
18601 2 22 17 0
18602 2 23 17 57
18603 2 24 17 57
18604 2 25 17 0
18605 2 26 17 0
18606 2 27 17 0
18607 2 28 17 0
18608 2 29 17 0
18609 2 30 17 0
18610 2 31 17 0
18611 2 32 17 0
18612 3 0 17 0
18613 3 1 17 0
18614 3 2 17 0
18615 3 3 17 0
18616 3 4 17 181
18617 3 5 17 0
18618 3 6 17 0
18619 3 7 17 0
18620 3 8 17 94
18621 3 9 17 94
18622 3 10 17 94
18623 3 11 17 0
18624 3 12 17 0
18625 3 13 17 0
18626 3 14 17 0
18627 3 15 17 0
18628 3 16 17 0
18629 3 17 17 0
18630 3 18 17 41
18631 3 19 17 0
18632 3 20 17 0
18633 3 21 17 0
18634 3 22 17 0
18635 3 23 17 0
18636 3 24 17 0
18637 3 25 17 0
18638 3 26 17 0
18639 3 27 17 0
18640 3 28 17 0
18641 3 29 17 0
18642 3 30 17 0
18643 3 31 17 0
18644 3 32 17 0
18645 4 0 17 0
18646 4 1 17 0
18647 4 2 17 0
18648 4 3 17 181
18649 4 4 17 181
18650 4 5 17 0
18651 4 6 17 0
18652 4 7 17 0
18653 4 8 17 0
18654 4 9 17 0
18655 4 10 17 0
18656 4 11 17 0
18657 4 12 17 0
18658 4 13 17 0
18659 4 14 17 0
18660 4 15 17 0
18661 4 16 17 0
18662 4 17 17 0
18663 4 18 17 0
18664 4 19 17 0
18665 4 20 17 0
18666 4 21 17 0
18667 4 22 17 0
18668 4 23 17 0
18669 4 24 17 0
18670 4 25 17 0
18671 4 26 17 0
18672 4 27 17 260
18673 4 28 17 0
18674 4 29 17 215
18675 4 30 17 215
18676 4 31 17 215
18677 4 32 17 0
18678 5 0 17 0
18679 5 1 17 267
18680 5 2 17 0
18681 5 3 17 0
18682 5 4 17 0
18683 5 5 17 0
18684 5 6 17 0
18685 5 7 17 0
18686 5 8 17 0
18687 5 9 17 280
18688 5 10 17 0
18689 5 11 17 0
18690 5 12 17 0
18691 5 13 17 0
18692 5 14 17 0
18693 5 15 17 290
18694 5 16 17 0
18695 5 17 17 0
18696 5 18 17 0
18697 5 19 17 0
18698 5 20 17 0
18699 5 21 17 0
18700 5 22 17 0
18701 5 23 17 0
18702 5 24 17 0
18703 5 25 17 300
18704 5 26 17 0
18705 5 27 17 0
18706 5 28 17 0
18707 5 29 17 215
18708 5 30 17 215
18709 5 31 17 215
18710 5 32 17 0
18711 6 0 17 0
18712 6 1 17 267
18713 6 2 17 267
18714 6 3 17 0
18715 6 4 17 0
18716 6 5 17 0
18717 6 6 17 0
18718 6 7 17 0
18719 6 8 17 0
18720 6 9 17 0
18721 6 10 17 0
18722 6 11 17 0
18723 6 12 17 0
18724 6 13 17 328
18725 6 14 17 328
18726 6 15 17 0
18727 6 16 17 0
18728 6 17 17 0
18729 6 18 17 0
18730 6 19 17 0
18731 6 20 17 0
18732 6 21 17 0
18733 6 22 17 0
18734 6 23 17 0
18735 6 24 17 0
18736 6 25 17 0
18737 6 26 17 0
18738 6 27 17 0
18739 6 28 17 0
18740 6 29 17 0
18741 6 30 17 215
18742 6 31 17 215
18743 6 32 17 0
18744 7 0 17 0
18745 7 1 17 267
18746 7 2 17 267
18747 7 3 17 0
18748 7 4 17 0
18749 7 5 17 0
18750 7 6 17 0
18751 7 7 17 0
18752 7 8 17 0
18753 7 9 17 0
18754 7 10 17 0
18755 7 11 17 0
18756 7 12 17 0
18757 7 13 17 328
18758 7 14 17 328
18759 7 15 17 328
18760 7 16 17 0
18761 7 17 17 0
18762 7 18 17 0
18763 7 19 17 0
18764 7 20 17 0
18765 7 21 17 0
18766 7 22 17 0
18767 7 23 17 0
18768 7 24 17 0
18769 7 25 17 0
18770 7 26 17 0
18771 7 27 17 0
18772 7 28 17 0
18773 7 29 17 0
18774 7 30 17 0
18775 7 31 17 0
18776 7 32 17 0
18777 8 0 17 0
18778 8 1 17 0
18779 8 2 17 0
18780 8 3 17 0
18781 8 4 17 0
18782 8 5 17 0
18783 8 6 17 0
18784 8 7 17 0
18785 8 8 17 0
18786 8 9 17 0
18787 8 10 17 0
18788 8 11 17 0
18789 8 12 17 0
18790 8 13 17 0
18791 8 14 17 0
18792 8 15 17 0
18793 8 16 17 0
18794 8 17 17 0
18795 8 18 17 0
18796 8 19 17 0
18797 8 20 17 0
18798 8 21 17 0
18799 8 22 17 0
18800 8 23 17 0
18801 8 24 17 0
18802 8 25 17 0
18803 8 26 17 0
18804 8 27 17 0
18805 8 28 17 0
18806 8 29 17 0
18807 8 30 17 0
18808 8 31 17 0
18809 8 32 17 0
18810 9 0 17 0
18811 9 1 17 0
18812 9 2 17 0
18813 9 3 17 0
18814 9 4 17 0
18815 9 5 17 0
18816 9 6 17 445
18817 9 7 17 0
18818 9 8 17 0
18819 9 9 17 0
18820 9 10 17 0
18821 9 11 17 0
18822 9 12 17 0
18823 9 13 17 0
18824 9 14 17 0
18825 9 15 17 0
18826 9 16 17 0
18827 9 17 17 0
18828 9 18 17 0
18829 9 19 17 0
18830 9 20 17 0
18831 9 21 17 0
18832 9 22 17 0
18833 9 23 17 0
18834 9 24 17 0
18835 9 25 17 0
18836 9 26 17 0
18837 9 27 17 0
18838 9 28 17 0
18839 9 29 17 0
18840 9 30 17 0
18841 9 31 17 0
18842 9 32 17 0
18843 10 0 17 483
18844 10 1 17 0
18845 10 2 17 0
18846 10 3 17 0
18847 10 4 17 0
18848 10 5 17 445
18849 10 6 17 445
18850 10 7 17 445
18851 10 8 17 0
18852 10 9 17 497
18853 10 10 17 0
18854 10 11 17 0
18855 10 12 17 0
18856 10 13 17 0
18857 10 14 17 0
18858 10 15 17 0
18859 10 16 17 0
18860 10 17 17 0
18861 10 18 17 0
18862 10 19 17 0
18863 10 20 17 0
18864 10 21 17 0
18865 10 22 17 0
18866 10 23 17 0
18867 10 24 17 0
18868 10 25 17 0
18869 10 26 17 0
18870 10 27 17 0
18871 10 28 17 0
18872 10 29 17 0
18873 10 30 17 0
18874 10 31 17 531
18875 10 32 17 0
18876 11 0 17 0
18877 11 1 17 0
18878 11 2 17 0
18879 11 3 17 542
18880 11 4 17 445
18881 11 5 17 445
18882 11 6 17 445
18883 11 7 17 0
18884 11 8 17 0
18885 11 9 17 0
18886 11 10 17 0
18887 11 11 17 0
18888 11 12 17 0
18889 11 13 17 0
18890 11 14 17 0
18891 11 15 17 0
18892 11 16 17 0
18893 11 17 17 0
18894 11 18 17 0
18895 11 19 17 0
18896 11 20 17 0
18897 11 21 17 0
18898 11 22 17 0
18899 11 23 17 0
18900 11 24 17 0
18901 11 25 17 0
18902 11 26 17 0
18903 11 27 17 0
18904 11 28 17 0
18905 11 29 17 577
18906 11 30 17 577
18907 11 31 17 0
18908 11 32 17 0
18909 12 0 17 0
18910 12 1 17 0
18911 12 2 17 0
18912 12 3 17 0
18913 12 4 17 445
18914 12 5 17 445
18915 12 6 17 445
18916 12 7 17 445
18917 12 8 17 445
18918 12 9 17 0
18919 12 10 17 0
18920 12 11 17 604
18921 12 12 17 0
18922 12 13 17 0
18923 12 14 17 0
18924 12 15 17 0
18925 12 16 17 0
18926 12 17 17 0
18927 12 18 17 0
18928 12 19 17 0
18929 12 20 17 0
18930 12 21 17 0
18931 12 22 17 0
18932 12 23 17 0
18933 12 24 17 0
18934 12 25 17 0
18935 12 26 17 0
18936 12 27 17 0
18937 12 28 17 577
18938 12 29 17 577
18939 12 30 17 577
18940 12 31 17 0
18941 12 32 17 0
18942 13 0 17 0
18943 13 1 17 0
18944 13 2 17 0
18945 13 3 17 0
18946 13 4 17 0
18947 13 5 17 0
18948 13 6 17 445
18949 13 7 17 0
18950 13 8 17 0
18951 13 9 17 0
18952 13 10 17 0
18953 13 11 17 0
18954 13 12 17 0
18955 13 13 17 0
18956 13 14 17 0
18957 13 15 17 0
18958 13 16 17 0
18959 13 17 17 0
18960 13 18 17 0
18961 13 19 17 512
18962 13 20 17 0
18963 13 21 17 0
18964 13 22 17 512
18965 13 23 17 0
18966 13 24 17 655
18967 13 25 17 0
18968 13 26 17 0
18969 13 27 17 0
18970 13 28 17 0
18971 13 29 17 577
18972 13 30 17 0
18973 13 31 17 0
18974 13 32 17 0
18975 14 0 17 0
18976 14 1 17 0
18977 14 2 17 586
18978 14 3 17 0
18979 14 4 17 0
18980 14 5 17 0
18981 14 6 17 0
18982 14 7 17 0
18983 14 8 17 0
18984 14 9 17 0
18985 14 10 17 0
18986 14 11 17 686
18987 14 12 17 0
18988 14 13 17 0
18989 14 14 17 0
18990 14 15 17 0
18991 14 16 17 0
18992 14 17 17 0
18993 14 18 17 0
18994 14 19 17 512
18995 14 20 17 512
18996 14 21 17 512
18997 14 22 17 0
18998 14 23 17 0
18999 14 24 17 0
19000 14 25 17 0
19001 14 26 17 0
19002 14 27 17 709
19003 14 28 17 709
19004 14 29 17 577
19005 14 30 17 0
19006 14 31 17 0
19007 14 32 17 0
19008 15 0 17 0
19009 15 1 17 0
19010 15 2 17 0
19011 15 3 17 0
19012 15 4 17 0
19013 15 5 17 0
19014 15 6 17 0
19015 15 7 17 0
19016 15 8 17 0
19017 15 9 17 0
19018 15 10 17 0
19019 15 11 17 0
19020 15 12 17 0
19021 15 13 17 0
19022 15 14 17 0
19023 15 15 17 0
19024 15 16 17 0
19025 15 17 17 0
19026 15 18 17 0
19027 15 19 17 0
19028 15 20 17 0
19029 15 21 17 512
19030 15 22 17 0
19031 15 23 17 0
19032 15 24 17 0
19033 15 25 17 0
19034 15 26 17 0
19035 15 27 17 0
19036 15 28 17 0
19037 15 29 17 0
19038 15 30 17 0
19039 15 31 17 0
19040 15 32 17 0
19041 16 0 17 0
19042 16 1 17 0
19043 16 2 17 0
19044 16 3 17 0
19045 16 4 17 0
19046 16 5 17 0
19047 16 6 17 0
19048 16 7 17 0
19049 16 8 17 0
19050 16 9 17 0
19051 16 10 17 0
19052 16 11 17 0
19053 16 12 17 0
19054 16 13 17 0
19055 16 14 17 0
19056 16 15 17 0
19057 16 16 17 0
19058 16 17 17 0
19059 16 18 17 803
19060 16 19 17 0
19061 16 20 17 0
19062 16 21 17 0
19063 16 22 17 0
19064 16 23 17 0
19065 16 24 17 0
19066 16 25 17 0
19067 16 26 17 0
19068 16 27 17 0
19069 16 28 17 0
19070 16 29 17 0
19071 16 30 17 0
19072 16 31 17 0
19073 16 32 17 0
19074 17 0 17 0
19075 17 1 17 0
19076 17 2 17 0
19077 17 3 17 0
19078 17 4 17 0
19079 17 5 17 781
19080 17 6 17 781
19081 17 7 17 781
19082 17 8 17 781
19083 17 9 17 0
19084 17 10 17 0
19085 17 11 17 0
19086 17 12 17 844
19087 17 13 17 0
19088 17 14 17 0
19089 17 15 17 0
19090 17 16 17 0
19091 17 17 17 0
19092 17 18 17 0
19093 17 19 17 853
19094 17 20 17 0
19095 17 21 17 0
19096 17 22 17 0
19097 17 23 17 0
19098 17 24 17 0
19099 17 25 17 0
19100 17 26 17 0
19101 17 27 17 0
19102 17 28 17 0
19103 17 29 17 0
19104 17 30 17 0
19105 17 31 17 0
19106 17 32 17 0
19107 18 0 17 0
19108 18 1 17 0
19109 18 2 17 0
19110 18 3 17 0
19111 18 4 17 0
19112 18 5 17 781
19113 18 6 17 781
19114 18 7 17 781
19115 18 8 17 781
19116 18 9 17 0
19117 18 10 17 0
19118 18 11 17 0
19119 18 12 17 0
19120 18 13 17 0
19121 18 14 17 0
19122 18 15 17 0
19123 18 16 17 0
19124 18 17 17 0
19125 18 18 17 0
19126 18 19 17 0
19127 18 20 17 0
19128 18 21 17 0
19129 18 22 17 0
19130 18 23 17 0
19131 18 24 17 0
19132 18 25 17 0
19133 18 26 17 0
19134 18 27 17 906
19135 18 28 17 906
19136 18 29 17 0
19137 18 30 17 0
19138 18 31 17 0
19139 18 32 17 0
19140 19 0 17 0
19141 19 1 17 0
19142 19 2 17 917
19143 19 3 17 0
19144 19 4 17 0
19145 19 5 17 781
19146 19 6 17 0
19147 19 7 17 781
19148 19 8 17 0
19149 19 9 17 0
19150 19 10 17 0
19151 19 11 17 0
19152 19 12 17 0
19153 19 13 17 0
19154 19 14 17 0
19155 19 15 17 0
19156 19 16 17 0
19157 19 17 17 0
19158 19 18 17 0
19159 19 19 17 941
19160 19 20 17 941
19161 19 21 17 0
19162 19 22 17 0
19163 19 23 17 0
19164 19 24 17 0
19165 19 25 17 953
19166 19 26 17 906
19167 19 27 17 906
19168 19 28 17 906
19169 19 29 17 0
19170 19 30 17 0
19171 19 31 17 0
19172 19 32 17 965
19173 20 0 17 0
19174 20 1 17 0
19175 20 2 17 0
19176 20 3 17 0
19177 20 4 17 0
19178 20 5 17 0
19179 20 6 17 0
19180 20 7 17 980
19181 20 8 17 0
19182 20 9 17 979
19183 20 10 17 979
19184 20 11 17 0
19185 20 12 17 0
19186 20 13 17 0
19187 20 14 17 0
19188 20 15 17 0
19189 20 16 17 0
19190 20 17 17 0
19191 20 18 17 0
19192 20 19 17 0
19193 20 20 17 0
19194 20 21 17 0
19195 20 22 17 0
19196 20 23 17 0
19197 20 24 17 0
19198 20 25 17 0
19199 20 26 17 906
19200 20 27 17 906
19201 20 28 17 906
19202 20 29 17 0
19203 20 30 17 0
19204 20 31 17 0
19205 20 32 17 0
19206 21 0 17 0
19207 21 1 17 0
19208 21 2 17 0
19209 21 3 17 1017
19210 21 4 17 0
19211 21 5 17 0
19212 21 6 17 0
19213 21 7 17 980
19214 21 8 17 0
19215 21 9 17 979
19216 21 10 17 979
19217 21 11 17 0
19218 21 12 17 0
19219 21 13 17 0
19220 21 14 17 0
19221 21 15 17 0
19222 21 16 17 0
19223 21 17 17 0
19224 21 18 17 0
19225 21 19 17 0
19226 21 20 17 0
19227 21 21 17 0
19228 21 22 17 0
19229 21 23 17 0
19230 21 24 17 0
19231 21 25 17 0
19232 21 26 17 906
19233 21 27 17 0
19234 21 28 17 0
19235 21 29 17 0
19236 21 30 17 0
19237 21 31 17 0
19238 21 32 17 0
19239 22 0 17 0
19240 22 1 17 0
19241 22 2 17 1017
19242 22 3 17 1017
19243 22 4 17 1017
19244 22 5 17 1017
19245 22 6 17 0
19246 22 7 17 0
19247 22 8 17 0
19248 22 9 17 0
19249 22 10 17 0
19250 22 11 17 0
19251 22 12 17 0
19252 22 13 17 0
19253 22 14 17 0
19254 22 15 17 0
19255 22 16 17 0
19256 22 17 17 0
19257 22 18 17 1080
19258 22 19 17 0
19259 22 20 17 0
19260 22 21 17 0
19261 22 22 17 0
19262 22 23 17 0
19263 22 24 17 0
19264 22 25 17 0
19265 22 26 17 0
19266 22 27 17 0
19267 22 28 17 0
19268 22 29 17 0
19269 22 30 17 0
19270 22 31 17 0
19271 22 32 17 0
19272 23 0 17 0
19273 23 1 17 0
19274 23 2 17 0
19275 23 3 17 0
19276 23 4 17 0
19277 23 5 17 0
19278 23 6 17 0
19279 23 7 17 0
19280 23 8 17 0
19281 23 9 17 0
19282 23 10 17 0
19283 23 11 17 0
19284 23 12 17 0
19285 23 13 17 0
19286 23 14 17 0
19287 23 15 17 0
19288 23 16 17 0
19289 23 17 17 0
19290 23 18 17 1080
19291 23 19 17 0
19292 23 20 17 0
19293 23 21 17 0
19294 23 22 17 0
19295 23 23 17 0
19296 23 24 17 0
19297 23 25 17 0
19298 23 26 17 0
19299 23 27 17 0
19300 23 28 17 0
19301 23 29 17 0
19302 23 30 17 0
19303 23 31 17 1141
19304 23 32 17 0
19305 24 0 17 1147
19306 24 1 17 1147
19307 24 2 17 0
19308 24 3 17 0
19309 24 4 17 0
19310 24 5 17 1153
19311 24 6 17 1153
19312 24 7 17 0
19313 24 8 17 0
19314 24 9 17 0
19315 24 10 17 0
19316 24 11 17 1164
19317 24 12 17 0
19318 24 13 17 0
19319 24 14 17 0
19320 24 15 17 0
19321 24 16 17 0
19322 24 17 17 0
19323 24 18 17 1080
19324 24 19 17 1080
19325 24 20 17 1080
19326 24 21 17 0
19327 24 22 17 0
19328 24 23 17 0
19329 24 24 17 0
19330 24 25 17 0
19331 24 26 17 0
19332 24 27 17 0
19333 24 28 17 0
19334 24 29 17 0
19335 24 30 17 1141
19336 24 31 17 1141
19337 24 32 17 0
19338 25 0 17 1147
19339 25 1 17 1147
19340 25 2 17 0
19341 25 3 17 0
19342 25 4 17 1199
19343 25 5 17 1153
19344 25 6 17 0
19345 25 7 17 0
19346 25 8 17 0
19347 25 9 17 1214
19348 25 10 17 0
19349 25 11 17 0
19350 25 12 17 0
19351 25 13 17 0
19352 25 14 17 0
19353 25 15 17 0
19354 25 16 17 0
19355 25 17 17 0
19356 25 18 17 1080
19357 25 19 17 1080
19358 25 20 17 0
19359 25 21 17 0
19360 25 22 17 0
19361 25 23 17 1246
19362 25 24 17 0
19363 25 25 17 0
19364 25 26 17 1248
19365 25 27 17 1248
19366 25 28 17 0
19367 25 29 17 0
19368 25 30 17 1141
19369 25 31 17 1141
19370 25 32 17 0
19371 26 0 17 0
19372 26 1 17 0
19373 26 2 17 0
19374 26 3 17 0
19375 26 4 17 0
19376 26 5 17 0
19377 26 6 17 0
19378 26 7 17 0
19379 26 8 17 0
19380 26 9 17 0
19381 26 10 17 0
19382 26 11 17 0
19383 26 12 17 1277
19384 26 13 17 0
19385 26 14 17 0
19386 26 15 17 0
19387 26 16 17 0
19388 26 17 17 0
19389 26 18 17 1080
19390 26 19 17 0
19391 26 20 17 0
19392 26 21 17 0
19393 26 22 17 0
19394 26 23 17 0
19395 26 24 17 0
19396 26 25 17 0
19397 26 26 17 1248
19398 26 27 17 0
19399 26 28 17 0
19400 26 29 17 0
19401 26 30 17 0
19402 26 31 17 0
19403 26 32 17 1304
19404 27 0 17 1307
19405 27 1 17 0
19406 27 2 17 0
19407 27 3 17 0
19408 27 4 17 0
19409 27 5 17 0
19410 27 6 17 0
19411 27 7 17 0
19412 27 8 17 0
19413 27 9 17 0
19414 27 10 17 0
19415 27 11 17 0
19416 27 12 17 0
19417 27 13 17 0
19418 27 14 17 0
19419 27 15 17 0
19420 27 16 17 0
19421 27 17 17 0
19422 27 18 17 0
19423 27 19 17 0
19424 27 20 17 0
19425 27 21 17 0
19426 27 22 17 1343
19427 27 23 17 0
19428 27 24 17 0
19429 27 25 17 0
19430 27 26 17 0
19431 27 27 17 1352
19432 27 28 17 1352
19433 27 29 17 1352
19434 27 30 17 0
19435 27 31 17 0
19436 27 32 17 0
19437 28 0 17 0
19438 28 1 17 0
19439 28 2 17 0
19440 28 3 17 0
19441 28 4 17 0
19442 28 5 17 0
19443 28 6 17 0
19444 28 7 17 0
19445 28 8 17 0
19446 28 9 17 0
19447 28 10 17 0
19448 28 11 17 0
19449 28 12 17 0
19450 28 13 17 0
19451 28 14 17 0
19452 28 15 17 0
19453 28 16 17 0
19454 28 17 17 0
19455 28 18 17 0
19456 28 19 17 0
19457 28 20 17 0
19458 28 21 17 0
19459 28 22 17 1343
19460 28 23 17 0
19461 28 24 17 0
19462 28 25 17 1352
19463 28 26 17 1352
19464 28 27 17 1352
19465 28 28 17 1352
19466 28 29 17 1352
19467 28 30 17 1352
19468 28 31 17 1352
19469 28 32 17 0
19470 29 0 17 0
19471 29 1 17 0
19472 29 2 17 0
19473 29 3 17 0
19474 29 4 17 0
19475 29 5 17 0
19476 29 6 17 1410
19477 29 7 17 1410
19478 29 8 17 0
19479 29 9 17 0
19480 29 10 17 0
19481 29 11 17 0
19482 29 12 17 0
19483 29 13 17 0
19484 29 14 17 0
19485 29 15 17 0
19486 29 16 17 0
19487 29 17 17 0
19488 29 18 17 0
19489 29 19 17 1431
19490 29 20 17 1434
19491 29 21 17 0
19492 29 22 17 0
19493 29 23 17 0
19494 29 24 17 0
19495 29 25 17 1352
19496 29 26 17 1352
19497 29 27 17 1352
19498 29 28 17 1352
19499 29 29 17 1352
19500 29 30 17 1352
19501 29 31 17 0
19502 29 32 17 0
19503 30 0 17 0
19504 30 1 17 0
19505 30 2 17 0
19506 30 3 17 0
19507 30 4 17 0
19508 30 5 17 0
19509 30 6 17 0
19510 30 7 17 0
19511 30 8 17 0
19512 30 9 17 0
19513 30 10 17 0
19514 30 11 17 0
19515 30 12 17 0
19516 30 13 17 0
19517 30 14 17 0
19518 30 15 17 0
19519 30 16 17 0
19520 30 17 17 0
19521 30 18 17 1431
19522 30 19 17 1431
19523 30 20 17 0
19524 30 21 17 0
19525 30 22 17 0
19526 30 23 17 1352
19527 30 24 17 0
19528 30 25 17 0
19529 30 26 17 0
19530 30 27 17 0
19531 30 28 17 0
19532 30 29 17 0
19533 30 30 17 0
19534 30 31 17 0
19535 30 32 17 1488
19536 31 0 17 0
19537 31 1 17 0
19538 31 2 17 0
19539 31 3 17 0
19540 31 4 17 0
19541 31 5 17 0
19542 31 6 17 0
19543 31 7 17 0
19544 31 8 17 0
19545 31 9 17 0
19546 31 10 17 0
19547 31 11 17 1504
19548 31 12 17 0
19549 31 13 17 0
19550 31 14 17 0
19551 31 15 17 0
19552 31 16 17 0
19553 31 17 17 1519
19554 31 18 17 1431
19555 31 19 17 0
19556 31 20 17 0
19557 31 21 17 0
19558 31 22 17 0
19559 31 23 17 1352
19560 31 24 17 0
19561 31 25 17 1527
19562 31 26 17 0
19563 31 27 17 0
19564 31 28 17 0
19565 31 29 17 0
19566 31 30 17 1534
19567 31 31 17 0
19568 31 32 17 0
19569 32 0 17 0
19570 32 1 17 0
19571 32 2 17 0
19572 32 3 17 0
19573 32 4 17 1539
19574 32 5 17 0
19575 32 6 17 0
19576 32 7 17 0
19577 32 8 17 0
19578 32 9 17 0
19579 32 10 17 1542
19580 32 11 17 1544
19581 32 12 17 0
19582 32 13 17 0
19583 32 14 17 0
19584 32 15 17 0
19585 32 16 17 0
19586 32 17 17 0
19587 32 18 17 0
19588 32 19 17 0
19589 32 20 17 0
19590 32 21 17 0
19591 32 22 17 0
19592 32 23 17 0
19593 32 24 17 0
19594 32 25 17 0
19595 32 26 17 0
19596 32 27 17 0
19597 32 28 17 0
19598 32 29 17 0
19599 32 30 17 71
19600 32 31 17 0
19601 32 32 17 0
19602 0 0 18 4
19603 0 1 18 7
19604 0 2 18 0
19605 0 3 18 0
19606 0 4 18 0
19607 0 5 18 0
19608 0 6 18 0
19609 0 7 18 0
19610 0 8 18 0
19611 0 9 18 0
19612 0 10 18 0
19613 0 11 18 0
19614 0 12 18 0
19615 0 13 18 0
19616 0 14 18 0
19617 0 15 18 0
19618 0 16 18 0
19619 0 17 18 41
19620 0 18 18 41
19621 0 19 18 0
19622 0 20 18 0
19623 0 21 18 0
19624 0 22 18 0
19625 0 23 18 0
19626 0 24 18 0
19627 0 25 18 0
19628 0 26 18 0
19629 0 27 18 0
19630 0 28 18 0
19631 0 29 18 0
19632 0 30 18 0
19633 0 31 18 0
19634 0 32 18 0
19635 1 0 18 0
19636 1 1 18 0
19637 1 2 18 0
19638 1 3 18 0
19639 1 4 18 0
19640 1 5 18 0
19641 1 6 18 88
19642 1 7 18 0
19643 1 8 18 0
19644 1 9 18 0
19645 1 10 18 0
19646 1 11 18 0
19647 1 12 18 0
19648 1 13 18 0
19649 1 14 18 0
19650 1 15 18 0
19651 1 16 18 0
19652 1 17 18 0
19653 1 18 18 41
19654 1 19 18 41
19655 1 20 18 0
19656 1 21 18 0
19657 1 22 18 0
19658 1 23 18 0
19659 1 24 18 0
19660 1 25 18 0
19661 1 26 18 0
19662 1 27 18 58
19663 1 28 18 0
19664 1 29 18 0
19665 1 30 18 0
19666 1 31 18 0
19667 1 32 18 0
19668 2 0 18 0
19669 2 1 18 0
19670 2 2 18 0
19671 2 3 18 0
19672 2 4 18 0
19673 2 5 18 0
19674 2 6 18 0
19675 2 7 18 0
19676 2 8 18 0
19677 2 9 18 0
19678 2 10 18 0
19679 2 11 18 0
19680 2 12 18 0
19681 2 13 18 0
19682 2 14 18 157
19683 2 15 18 0
19684 2 16 18 0
19685 2 17 18 0
19686 2 18 18 41
19687 2 19 18 41
19688 2 20 18 0
19689 2 21 18 0
19690 2 22 18 0
19691 2 23 18 0
19692 2 24 18 0
19693 2 25 18 0
19694 2 26 18 0
19695 2 27 18 0
19696 2 28 18 0
19697 2 29 18 0
19698 2 30 18 0
19699 2 31 18 0
19700 2 32 18 0
19701 3 0 18 176
19702 3 1 18 0
19703 3 2 18 0
19704 3 3 18 0
19705 3 4 18 0
19706 3 5 18 0
19707 3 6 18 0
19708 3 7 18 0
19709 3 8 18 185
19710 3 9 18 0
19711 3 10 18 0
19712 3 11 18 0
19713 3 12 18 0
19714 3 13 18 0
19715 3 14 18 0
19716 3 15 18 0
19717 3 16 18 0
19718 3 17 18 41
19719 3 18 18 41
19720 3 19 18 0
19721 3 20 18 198
19722 3 21 18 198
19723 3 22 18 0
19724 3 23 18 0
19725 3 24 18 0
19726 3 25 18 0
19727 3 26 18 0
19728 3 27 18 0
19729 3 28 18 0
19730 3 29 18 0
19731 3 30 18 0
19732 3 31 18 215
19733 3 32 18 0
19734 4 0 18 0
19735 4 1 18 0
19736 4 2 18 0
19737 4 3 18 0
19738 4 4 18 0
19739 4 5 18 0
19740 4 6 18 0
19741 4 7 18 0
19742 4 8 18 0
19743 4 9 18 0
19744 4 10 18 233
19745 4 11 18 233
19746 4 12 18 0
19747 4 13 18 0
19748 4 14 18 0
19749 4 15 18 0
19750 4 16 18 0
19751 4 17 18 0
19752 4 18 18 0
19753 4 19 18 0
19754 4 20 18 198
19755 4 21 18 198
19756 4 22 18 256
19757 4 23 18 0
19758 4 24 18 113
19759 4 25 18 113
19760 4 26 18 0
19761 4 27 18 260
19762 4 28 18 0
19763 4 29 18 0
19764 4 30 18 0
19765 4 31 18 215
19766 4 32 18 0
19767 5 0 18 0
19768 5 1 18 0
19769 5 2 18 0
19770 5 3 18 0
19771 5 4 18 0
19772 5 5 18 0
19773 5 6 18 275
19774 5 7 18 0
19775 5 8 18 0
19776 5 9 18 0
19777 5 10 18 0
19778 5 11 18 233
19779 5 12 18 0
19780 5 13 18 0
19781 5 14 18 0
19782 5 15 18 0
19783 5 16 18 0
19784 5 17 18 0
19785 5 18 18 0
19786 5 19 18 0
19787 5 20 18 0
19788 5 21 18 0
19789 5 22 18 0
19790 5 23 18 0
19791 5 24 18 0
19792 5 25 18 0
19793 5 26 18 260
19794 5 27 18 260
19795 5 28 18 0
19796 5 29 18 0
19797 5 30 18 0
19798 5 31 18 215
19799 5 32 18 0
19800 6 0 18 0
19801 6 1 18 0
19802 6 2 18 0
19803 6 3 18 0
19804 6 4 18 0
19805 6 5 18 314
19806 6 6 18 0
19807 6 7 18 0
19808 6 8 18 0
19809 6 9 18 0
19810 6 10 18 0
19811 6 11 18 0
19812 6 12 18 0
19813 6 13 18 328
19814 6 14 18 328
19815 6 15 18 0
19816 6 16 18 0
19817 6 17 18 0
19818 6 18 18 0
19819 6 19 18 0
19820 6 20 18 0
19821 6 21 18 0
19822 6 22 18 0
19823 6 23 18 0
19824 6 24 18 0
19825 6 25 18 0
19826 6 26 18 260
19827 6 27 18 260
19828 6 28 18 0
19829 6 29 18 0
19830 6 30 18 0
19831 6 31 18 215
19832 6 32 18 215
19833 7 0 18 0
19834 7 1 18 0
19835 7 2 18 0
19836 7 3 18 0
19837 7 4 18 0
19838 7 5 18 0
19839 7 6 18 0
19840 7 7 18 0
19841 7 8 18 0
19842 7 9 18 0
19843 7 10 18 0
19844 7 11 18 0
19845 7 12 18 0
19846 7 13 18 0
19847 7 14 18 328
19848 7 15 18 0
19849 7 16 18 0
19850 7 17 18 0
19851 7 18 18 0
19852 7 19 18 0
19853 7 20 18 0
19854 7 21 18 0
19855 7 22 18 0
19856 7 23 18 0
19857 7 24 18 0
19858 7 25 18 0
19859 7 26 18 260
19860 7 27 18 0
19861 7 28 18 0
19862 7 29 18 0
19863 7 30 18 0
19864 7 31 18 0
19865 7 32 18 215
19866 8 0 18 0
19867 8 1 18 0
19868 8 2 18 0
19869 8 3 18 0
19870 8 4 18 0
19871 8 5 18 0
19872 8 6 18 0
19873 8 7 18 0
19874 8 8 18 0
19875 8 9 18 0
19876 8 10 18 0
19877 8 11 18 0
19878 8 12 18 0
19879 8 13 18 0
19880 8 14 18 0
19881 8 15 18 0
19882 8 16 18 0
19883 8 17 18 0
19884 8 18 18 0
19885 8 19 18 0
19886 8 20 18 0
19887 8 21 18 0
19888 8 22 18 0
19889 8 23 18 0
19890 8 24 18 0
19891 8 25 18 0
19892 8 26 18 260
19893 8 27 18 0
19894 8 28 18 0
19895 8 29 18 0
19896 8 30 18 0
19897 8 31 18 0
19898 8 32 18 0
19899 9 0 18 0
19900 9 1 18 0
19901 9 2 18 0
19902 9 3 18 0
19903 9 4 18 0
19904 9 5 18 445
19905 9 6 18 445
19906 9 7 18 0
19907 9 8 18 0
19908 9 9 18 0
19909 9 10 18 0
19910 9 11 18 0
19911 9 12 18 0
19912 9 13 18 0
19913 9 14 18 411
19914 9 15 18 411
19915 9 16 18 0
19916 9 17 18 0
19917 9 18 18 0
19918 9 19 18 0
19919 9 20 18 0
19920 9 21 18 0
19921 9 22 18 0
19922 9 23 18 378
19923 9 24 18 0
19924 9 25 18 0
19925 9 26 18 0
19926 9 27 18 0
19927 9 28 18 0
19928 9 29 18 0
19929 9 30 18 0
19930 9 31 18 480
19931 9 32 18 0
19932 10 0 18 0
19933 10 1 18 0
19934 10 2 18 0
19935 10 3 18 443
19936 10 4 18 445
19937 10 5 18 445
19938 10 6 18 445
19939 10 7 18 0
19940 10 8 18 0
19941 10 9 18 0
19942 10 10 18 0
19943 10 11 18 0
19944 10 12 18 0
19945 10 13 18 0
19946 10 14 18 411
19947 10 15 18 411
19948 10 16 18 0
19949 10 17 18 0
19950 10 18 18 0
19951 10 19 18 0
19952 10 20 18 512
19953 10 21 18 0
19954 10 22 18 0
19955 10 23 18 378
19956 10 24 18 378
19957 10 25 18 0
19958 10 26 18 0
19959 10 27 18 520
19960 10 28 18 0
19961 10 29 18 0
19962 10 30 18 0
19963 10 31 18 0
19964 10 32 18 0
19965 11 0 18 0
19966 11 1 18 0
19967 11 2 18 0
19968 11 3 18 0
19969 11 4 18 445
19970 11 5 18 445
19971 11 6 18 0
19972 11 7 18 0
19973 11 8 18 0
19974 11 9 18 0
19975 11 10 18 0
19976 11 11 18 0
19977 11 12 18 0
19978 11 13 18 0
19979 11 14 18 0
19980 11 15 18 0
19981 11 16 18 0
19982 11 17 18 0
19983 11 18 18 0
19984 11 19 18 0
19985 11 20 18 512
19986 11 21 18 0
19987 11 22 18 0
19988 11 23 18 0
19989 11 24 18 378
19990 11 25 18 0
19991 11 26 18 0
19992 11 27 18 0
19993 11 28 18 0
19994 11 29 18 577
19995 11 30 18 577
19996 11 31 18 0
19997 11 32 18 0
19998 12 0 18 0
19999 12 1 18 0
20000 12 2 18 0
20001 12 3 18 0
20002 12 4 18 0
20003 12 5 18 445
20004 12 6 18 0
20005 12 7 18 0
20006 12 8 18 0
20007 12 9 18 0
20008 12 10 18 0
20009 12 11 18 0
20010 12 12 18 0
20011 12 13 18 0
20012 12 14 18 0
20013 12 15 18 0
20014 12 16 18 0
20015 12 17 18 0
20016 12 18 18 512
20017 12 19 18 512
20018 12 20 18 512
20019 12 21 18 614
20020 12 22 18 0
20021 12 23 18 0
20022 12 24 18 0
20023 12 25 18 0
20024 12 26 18 0
20025 12 27 18 0
20026 12 28 18 0
20027 12 29 18 577
20028 12 30 18 0
20029 12 31 18 0
20030 12 32 18 0
20031 13 0 18 0
20032 13 1 18 586
20033 13 2 18 586
20034 13 3 18 0
20035 13 4 18 0
20036 13 5 18 0
20037 13 6 18 0
20038 13 7 18 0
20039 13 8 18 0
20040 13 9 18 0
20041 13 10 18 0
20042 13 11 18 0
20043 13 12 18 0
20044 13 13 18 0
20045 13 14 18 0
20046 13 15 18 0
20047 13 16 18 0
20048 13 17 18 0
20049 13 18 18 0
20050 13 19 18 512
20051 13 20 18 512
20052 13 21 18 512
20053 13 22 18 512
20054 13 23 18 0
20055 13 24 18 0
20056 13 25 18 0
20057 13 26 18 0
20058 13 27 18 0
20059 13 28 18 0
20060 13 29 18 577
20061 13 30 18 577
20062 13 31 18 0
20063 13 32 18 0
20064 14 0 18 586
20065 14 1 18 586
20066 14 2 18 586
20067 14 3 18 0
20068 14 4 18 0
20069 14 5 18 0
20070 14 6 18 0
20071 14 7 18 0
20072 14 8 18 0
20073 14 9 18 681
20074 14 10 18 0
20075 14 11 18 0
20076 14 12 18 0
20077 14 13 18 0
20078 14 14 18 0
20079 14 15 18 0
20080 14 16 18 0
20081 14 17 18 0
20082 14 18 18 0
20083 14 19 18 512
20084 14 20 18 512
20085 14 21 18 512
20086 14 22 18 0
20087 14 23 18 0
20088 14 24 18 0
20089 14 25 18 0
20090 14 26 18 0
20091 14 27 18 709
20092 14 28 18 0
20093 14 29 18 0
20094 14 30 18 713
20095 14 31 18 717
20096 14 32 18 0
20097 15 0 18 0
20098 15 1 18 586
20099 15 2 18 0
20100 15 3 18 0
20101 15 4 18 0
20102 15 5 18 0
20103 15 6 18 0
20104 15 7 18 677
20105 15 8 18 677
20106 15 9 18 0
20107 15 10 18 0
20108 15 11 18 0
20109 15 12 18 0
20110 15 13 18 0
20111 15 14 18 0
20112 15 15 18 0
20113 15 16 18 0
20114 15 17 18 0
20115 15 18 18 0
20116 15 19 18 0
20117 15 20 18 0
20118 15 21 18 0
20119 15 22 18 0
20120 15 23 18 0
20121 15 24 18 757
20122 15 25 18 0
20123 15 26 18 0
20124 15 27 18 0
20125 15 28 18 0
20126 15 29 18 0
20127 15 30 18 0
20128 15 31 18 0
20129 15 32 18 0
20130 16 0 18 0
20131 16 1 18 0
20132 16 2 18 0
20133 16 3 18 0
20134 16 4 18 0
20135 16 5 18 781
20136 16 6 18 0
20137 16 7 18 0
20138 16 8 18 0
20139 16 9 18 0
20140 16 10 18 0
20141 16 11 18 0
20142 16 12 18 0
20143 16 13 18 0
20144 16 14 18 0
20145 16 15 18 0
20146 16 16 18 0
20147 16 17 18 0
20148 16 18 18 0
20149 16 19 18 0
20150 16 20 18 805
20151 16 21 18 0
20152 16 22 18 0
20153 16 23 18 0
20154 16 24 18 0
20155 16 25 18 0
20156 16 26 18 0
20157 16 27 18 0
20158 16 28 18 0
20159 16 29 18 0
20160 16 30 18 0
20161 16 31 18 0
20162 16 32 18 0
20163 17 0 18 0
20164 17 1 18 0
20165 17 2 18 0
20166 17 3 18 781
20167 17 4 18 0
20168 17 5 18 781
20169 17 6 18 781
20170 17 7 18 0
20171 17 8 18 0
20172 17 9 18 0
20173 17 10 18 0
20174 17 11 18 0
20175 17 12 18 0
20176 17 13 18 846
20177 17 14 18 0
20178 17 15 18 0
20179 17 16 18 0
20180 17 17 18 0
20181 17 18 18 0
20182 17 19 18 0
20183 17 20 18 0
20184 17 21 18 0
20185 17 22 18 0
20186 17 23 18 0
20187 17 24 18 0
20188 17 25 18 0
20189 17 26 18 0
20190 17 27 18 0
20191 17 28 18 0
20192 17 29 18 0
20193 17 30 18 869
20194 17 31 18 0
20195 17 32 18 0
20196 18 0 18 0
20197 18 1 18 0
20198 18 2 18 0
20199 18 3 18 781
20200 18 4 18 781
20201 18 5 18 781
20202 18 6 18 781
20203 18 7 18 0
20204 18 8 18 0
20205 18 9 18 0
20206 18 10 18 0
20207 18 11 18 0
20208 18 12 18 846
20209 18 13 18 846
20210 18 14 18 0
20211 18 15 18 0
20212 18 16 18 0
20213 18 17 18 0
20214 18 18 18 895
20215 18 19 18 0
20216 18 20 18 897
20217 18 21 18 0
20218 18 22 18 900
20219 18 23 18 0
20220 18 24 18 0
20221 18 25 18 0
20222 18 26 18 0
20223 18 27 18 906
20224 18 28 18 906
20225 18 29 18 0
20226 18 30 18 0
20227 18 31 18 0
20228 18 32 18 0
20229 19 0 18 909
20230 19 1 18 0
20231 19 2 18 0
20232 19 3 18 0
20233 19 4 18 781
20234 19 5 18 781
20235 19 6 18 0
20236 19 7 18 781
20237 19 8 18 0
20238 19 9 18 927
20239 19 10 18 0
20240 19 11 18 0
20241 19 12 18 0
20242 19 13 18 0
20243 19 14 18 0
20244 19 15 18 0
20245 19 16 18 0
20246 19 17 18 0
20247 19 18 18 0
20248 19 19 18 0
20249 19 20 18 945
20250 19 21 18 0
20251 19 22 18 948
20252 19 23 18 0
20253 19 24 18 0
20254 19 25 18 954
20255 19 26 18 0
20256 19 27 18 906
20257 19 28 18 0
20258 19 29 18 0
20259 19 30 18 0
20260 19 31 18 909
20261 19 32 18 909
20262 20 0 18 0
20263 20 1 18 0
20264 20 2 18 0
20265 20 3 18 970
20266 20 4 18 0
20267 20 5 18 0
20268 20 6 18 0
20269 20 7 18 0
20270 20 8 18 0
20271 20 9 18 979
20272 20 10 18 0
20273 20 11 18 0
20274 20 12 18 0
20275 20 13 18 0
20276 20 14 18 0
20277 20 15 18 0
20278 20 16 18 0
20279 20 17 18 0
20280 20 18 18 0
20281 20 19 18 0
20282 20 20 18 0
20283 20 21 18 0
20284 20 22 18 0
20285 20 23 18 0
20286 20 24 18 0
20287 20 25 18 0
20288 20 26 18 0
20289 20 27 18 0
20290 20 28 18 0
20291 20 29 18 0
20292 20 30 18 0
20293 20 31 18 0
20294 20 32 18 0
20295 21 0 18 0
20296 21 1 18 0
20297 21 2 18 0
20298 21 3 18 0
20299 21 4 18 1019
20300 21 5 18 1019
20301 21 6 18 0
20302 21 7 18 0
20303 21 8 18 0
20304 21 9 18 0
20305 21 10 18 0
20306 21 11 18 0
20307 21 12 18 0
20308 21 13 18 0
20309 21 14 18 1031
20310 21 15 18 0
20311 21 16 18 0
20312 21 17 18 0
20313 21 18 18 0
20314 21 19 18 1039
20315 21 20 18 1039
20316 21 21 18 0
20317 21 22 18 0
20318 21 23 18 0
20319 21 24 18 0
20320 21 25 18 0
20321 21 26 18 0
20322 21 27 18 0
20323 21 28 18 0
20324 21 29 18 0
20325 21 30 18 0
20326 21 31 18 0
20327 21 32 18 0
20328 22 0 18 0
20329 22 1 18 0
20330 22 2 18 0
20331 22 3 18 0
20332 22 4 18 0
20333 22 5 18 0
20334 22 6 18 0
20335 22 7 18 0
20336 22 8 18 0
20337 22 9 18 0
20338 22 10 18 0
20339 22 11 18 0
20340 22 12 18 0
20341 22 13 18 0
20342 22 14 18 0
20343 22 15 18 0
20344 22 16 18 0
20345 22 17 18 1033
20346 22 18 18 1033
20347 22 19 18 0
20348 22 20 18 1039
20349 22 21 18 0
20350 22 22 18 0
20351 22 23 18 0
20352 22 24 18 0
20353 22 25 18 0
20354 22 26 18 0
20355 22 27 18 0
20356 22 28 18 0
20357 22 29 18 0
20358 22 30 18 0
20359 22 31 18 0
20360 22 32 18 0
20361 23 0 18 0
20362 23 1 18 0
20363 23 2 18 0
20364 23 3 18 0
20365 23 4 18 0
20366 23 5 18 0
20367 23 6 18 0
20368 23 7 18 0
20369 23 8 18 0
20370 23 9 18 0
20371 23 10 18 0
20372 23 11 18 0
20373 23 12 18 0
20374 23 13 18 0
20375 23 14 18 0
20376 23 15 18 1122
20377 23 16 18 0
20378 23 17 18 0
20379 23 18 18 0
20380 23 19 18 0
20381 23 20 18 0
20382 23 21 18 0
20383 23 22 18 0
20384 23 23 18 0
20385 23 24 18 0
20386 23 25 18 0
20387 23 26 18 0
20388 23 27 18 0
20389 23 28 18 0
20390 23 29 18 0
20391 23 30 18 1141
20392 23 31 18 0
20393 23 32 18 0
20394 24 0 18 0
20395 24 1 18 0
20396 24 2 18 0
20397 24 3 18 0
20398 24 4 18 0
20399 24 5 18 0
20400 24 6 18 1155
20401 24 7 18 0
20402 24 8 18 0
20403 24 9 18 0
20404 24 10 18 0
20405 24 11 18 0
20406 24 12 18 0
20407 24 13 18 0
20408 24 14 18 0
20409 24 15 18 0
20410 24 16 18 0
20411 24 17 18 0
20412 24 18 18 1080
20413 24 19 18 0
20414 24 20 18 0
20415 24 21 18 0
20416 24 22 18 0
20417 24 23 18 0
20418 24 24 18 0
20419 24 25 18 0
20420 24 26 18 0
20421 24 27 18 0
20422 24 28 18 0
20423 24 29 18 0
20424 24 30 18 1141
20425 24 31 18 1141
20426 24 32 18 1141
20427 25 0 18 0
20428 25 1 18 0
20429 25 2 18 0
20430 25 3 18 0
20431 25 4 18 0
20432 25 5 18 0
20433 25 6 18 1204
20434 25 7 18 0
20435 25 8 18 0
20436 25 9 18 0
20437 25 10 18 0
20438 25 11 18 0
20439 25 12 18 0
20440 25 13 18 1228
20441 25 14 18 1231
20442 25 15 18 0
20443 25 16 18 0
20444 25 17 18 0
20445 25 18 18 1080
20446 25 19 18 1080
20447 25 20 18 0
20448 25 21 18 0
20449 25 22 18 1241
20450 25 23 18 1241
20451 25 24 18 0
20452 25 25 18 1248
20453 25 26 18 0
20454 25 27 18 1248
20455 25 28 18 0
20456 25 29 18 0
20457 25 30 18 1141
20458 25 31 18 1141
20459 25 32 18 1141
20460 26 0 18 0
20461 26 1 18 0
20462 26 2 18 0
20463 26 3 18 0
20464 26 4 18 0
20465 26 5 18 1269
20466 26 6 18 1269
20467 26 7 18 0
20468 26 8 18 0
20469 26 9 18 0
20470 26 10 18 0
20471 26 11 18 0
20472 26 12 18 0
20473 26 13 18 0
20474 26 14 18 0
20475 26 15 18 0
20476 26 16 18 0
20477 26 17 18 0
20478 26 18 18 1080
20479 26 19 18 0
20480 26 20 18 0
20481 26 21 18 0
20482 26 22 18 0
20483 26 23 18 0
20484 26 24 18 0
20485 26 25 18 1248
20486 26 26 18 1248
20487 26 27 18 0
20488 26 28 18 0
20489 26 29 18 0
20490 26 30 18 0
20491 26 31 18 0
20492 26 32 18 0
20493 27 0 18 0
20494 27 1 18 0
20495 27 2 18 0
20496 27 3 18 0
20497 27 4 18 0
20498 27 5 18 1316
20499 27 6 18 1316
20500 27 7 18 0
20501 27 8 18 0
20502 27 9 18 0
20503 27 10 18 0
20504 27 11 18 0
20505 27 12 18 0
20506 27 13 18 0
20507 27 14 18 0
20508 27 15 18 0
20509 27 16 18 0
20510 27 17 18 0
20511 27 18 18 0
20512 27 19 18 0
20513 27 20 18 0
20514 27 21 18 0
20515 27 22 18 0
20516 27 23 18 0
20517 27 24 18 0
20518 27 25 18 0
20519 27 26 18 0
20520 27 27 18 0
20521 27 28 18 1352
20522 27 29 18 1352
20523 27 30 18 1352
20524 27 31 18 0
20525 27 32 18 0
20526 28 0 18 0
20527 28 1 18 0
20528 28 2 18 0
20529 28 3 18 0
20530 28 4 18 1366
20531 28 5 18 0
20532 28 6 18 0
20533 28 7 18 0
20534 28 8 18 0
20535 28 9 18 0
20536 28 10 18 0
20537 28 11 18 0
20538 28 12 18 0
20539 28 13 18 0
20540 28 14 18 0
20541 28 15 18 1381
20542 28 16 18 0
20543 28 17 18 0
20544 28 18 18 0
20545 28 19 18 0
20546 28 20 18 0
20547 28 21 18 0
20548 28 22 18 0
20549 28 23 18 0
20550 28 24 18 0
20551 28 25 18 1352
20552 28 26 18 1352
20553 28 27 18 1352
20554 28 28 18 1352
20555 28 29 18 1352
20556 28 30 18 1352
20557 28 31 18 0
20558 28 32 18 1401
20559 29 0 18 0
20560 29 1 18 0
20561 29 2 18 0
20562 29 3 18 0
20563 29 4 18 0
20564 29 5 18 0
20565 29 6 18 1410
20566 29 7 18 1410
20567 29 8 18 0
20568 29 9 18 0
20569 29 10 18 0
20570 29 11 18 0
20571 29 12 18 1330
20572 29 13 18 0
20573 29 14 18 0
20574 29 15 18 0
20575 29 16 18 0
20576 29 17 18 0
20577 29 18 18 0
20578 29 19 18 1431
20579 29 20 18 0
20580 29 21 18 0
20581 29 22 18 1352
20582 29 23 18 1352
20583 29 24 18 1352
20584 29 25 18 1352
20585 29 26 18 1352
20586 29 27 18 0
20587 29 28 18 1352
20588 29 29 18 1352
20589 29 30 18 1352
20590 29 31 18 0
20591 29 32 18 1401
20592 30 0 18 0
20593 30 1 18 0
20594 30 2 18 0
20595 30 3 18 1457
20596 30 4 18 0
20597 30 5 18 0
20598 30 6 18 0
20599 30 7 18 0
20600 30 8 18 0
20601 30 9 18 0
20602 30 10 18 0
20603 30 11 18 0
20604 30 12 18 1330
20605 30 13 18 1330
20606 30 14 18 0
20607 30 15 18 0
20608 30 16 18 0
20609 30 17 18 0
20610 30 18 18 1472
20611 30 19 18 0
20612 30 20 18 0
20613 30 21 18 1352
20614 30 22 18 1352
20615 30 23 18 1352
20616 30 24 18 1352
20617 30 25 18 0
20618 30 26 18 0
20619 30 27 18 0
20620 30 28 18 0
20621 30 29 18 0
20622 30 30 18 0
20623 30 31 18 0
20624 30 32 18 0
20625 31 0 18 0
20626 31 1 18 0
20627 31 2 18 0
20628 31 3 18 0
20629 31 4 18 0
20630 31 5 18 0
20631 31 6 18 0
20632 31 7 18 0
20633 31 8 18 0
20634 31 9 18 0
20635 31 10 18 0
20636 31 11 18 0
20637 31 12 18 1330
20638 31 13 18 0
20639 31 14 18 0
20640 31 15 18 0
20641 31 16 18 0
20642 31 17 18 0
20643 31 18 18 0
20644 31 19 18 0
20645 31 20 18 1352
20646 31 21 18 1352
20647 31 22 18 1352
20648 31 23 18 1352
20649 31 24 18 1352
20650 31 25 18 0
20651 31 26 18 0
20652 31 27 18 0
20653 31 28 18 0
20654 31 29 18 0
20655 31 30 18 0
20656 31 31 18 0
20657 31 32 18 0
20658 32 0 18 1537
20659 32 1 18 0
20660 32 2 18 0
20661 32 3 18 0
20662 32 4 18 0
20663 32 5 18 0
20664 32 6 18 0
20665 32 7 18 0
20666 32 8 18 0
20667 32 9 18 0
20668 32 10 18 0
20669 32 11 18 0
20670 32 12 18 0
20671 32 13 18 0
20672 32 14 18 0
20673 32 15 18 0
20674 32 16 18 0
20675 32 17 18 0
20676 32 18 18 0
20677 32 19 18 0
20678 32 20 18 0
20679 32 21 18 0
20680 32 22 18 0
20681 32 23 18 1352
20682 32 24 18 0
20683 32 25 18 0
20684 32 26 18 0
20685 32 27 18 0
20686 32 28 18 0
20687 32 29 18 0
20688 32 30 18 0
20689 32 31 18 0
20690 32 32 18 1537
20691 0 0 19 0
20692 0 1 19 5
20693 0 2 19 0
20694 0 3 19 0
20695 0 4 19 0
20696 0 5 19 0
20697 0 6 19 0
20698 0 7 19 0
20699 0 8 19 0
20700 0 9 19 0
20701 0 10 19 0
20702 0 11 19 0
20703 0 12 19 0
20704 0 13 19 0
20705 0 14 19 0
20706 0 15 19 0
20707 0 16 19 0
20708 0 17 19 0
20709 0 18 19 0
20710 0 19 19 0
20711 0 20 19 0
20712 0 21 19 0
20713 0 22 19 0
20714 0 23 19 0
20715 0 24 19 0
20716 0 25 19 0
20717 0 26 19 0
20718 0 27 19 0
20719 0 28 19 0
20720 0 29 19 0
20721 0 30 19 0
20722 0 31 19 0
20723 0 32 19 0
20724 1 0 19 77
20725 1 1 19 5
20726 1 2 19 5
20727 1 3 19 0
20728 1 4 19 0
20729 1 5 19 85
20730 1 6 19 88
20731 1 7 19 0
20732 1 8 19 0
20733 1 9 19 0
20734 1 10 19 0
20735 1 11 19 0
20736 1 12 19 0
20737 1 13 19 0
20738 1 14 19 0
20739 1 15 19 0
20740 1 16 19 0
20741 1 17 19 0
20742 1 18 19 0
20743 1 19 19 0
20744 1 20 19 0
20745 1 21 19 0
20746 1 22 19 0
20747 1 23 19 0
20748 1 24 19 0
20749 1 25 19 0
20750 1 26 19 0
20751 1 27 19 0
20752 1 28 19 0
20753 1 29 19 121
20754 1 30 19 0
20755 1 31 19 0
20756 1 32 19 0
20757 2 0 19 0
20758 2 1 19 0
20759 2 2 19 5
20760 2 3 19 5
20761 2 4 19 0
20762 2 5 19 0
20763 2 6 19 0
20764 2 7 19 0
20765 2 8 19 0
20766 2 9 19 147
20767 2 10 19 0
20768 2 11 19 153
20769 2 12 19 0
20770 2 13 19 155
20771 2 14 19 103
20772 2 15 19 0
20773 2 16 19 0
20774 2 17 19 0
20775 2 18 19 41
20776 2 19 19 41
20777 2 20 19 41
20778 2 21 19 0
20779 2 22 19 0
20780 2 23 19 113
20781 2 24 19 113
20782 2 25 19 0
20783 2 26 19 0
20784 2 27 19 0
20785 2 28 19 0
20786 2 29 19 0
20787 2 30 19 0
20788 2 31 19 0
20789 2 32 19 174
20790 3 0 19 0
20791 3 1 19 0
20792 3 2 19 0
20793 3 3 19 0
20794 3 4 19 0
20795 3 5 19 0
20796 3 6 19 0
20797 3 7 19 0
20798 3 8 19 0
20799 3 9 19 0
20800 3 10 19 0
20801 3 11 19 153
20802 3 12 19 0
20803 3 13 19 0
20804 3 14 19 103
20805 3 15 19 0
20806 3 16 19 0
20807 3 17 19 0
20808 3 18 19 0
20809 3 19 19 0
20810 3 20 19 0
20811 3 21 19 0
20812 3 22 19 0
20813 3 23 19 113
20814 3 24 19 113
20815 3 25 19 0
20816 3 26 19 0
20817 3 27 19 0
20818 3 28 19 0
20819 3 29 19 0
20820 3 30 19 0
20821 3 31 19 0
20822 3 32 19 0
20823 4 0 19 0
20824 4 1 19 0
20825 4 2 19 0
20826 4 3 19 0
20827 4 4 19 0
20828 4 5 19 0
20829 4 6 19 0
20830 4 7 19 0
20831 4 8 19 0
20832 4 9 19 0
20833 4 10 19 0
20834 4 11 19 0
20835 4 12 19 0
20836 4 13 19 0
20837 4 14 19 0
20838 4 15 19 0
20839 4 16 19 0
20840 4 17 19 0
20841 4 18 19 0
20842 4 19 19 0
20843 4 20 19 0
20844 4 21 19 0
20845 4 22 19 0
20846 4 23 19 113
20847 4 24 19 113
20848 4 25 19 113
20849 4 26 19 0
20850 4 27 19 260
20851 4 28 19 0
20852 4 29 19 0
20853 4 30 19 0
20854 4 31 19 0
20855 4 32 19 0
20856 5 0 19 0
20857 5 1 19 0
20858 5 2 19 0
20859 5 3 19 0
20860 5 4 19 0
20861 5 5 19 0
20862 5 6 19 0
20863 5 7 19 0
20864 5 8 19 0
20865 5 9 19 0
20866 5 10 19 0
20867 5 11 19 233
20868 5 12 19 233
20869 5 13 19 0
20870 5 14 19 0
20871 5 15 19 291
20872 5 16 19 0
20873 5 17 19 294
20874 5 18 19 0
20875 5 19 19 0
20876 5 20 19 0
20877 5 21 19 297
20878 5 22 19 0
20879 5 23 19 0
20880 5 24 19 0
20881 5 25 19 0
20882 5 26 19 260
20883 5 27 19 260
20884 5 28 19 0
20885 5 29 19 0
20886 5 30 19 0
20887 5 31 19 0
20888 5 32 19 0
20889 6 0 19 0
20890 6 1 19 0
20891 6 2 19 312
20892 6 3 19 0
20893 6 4 19 0
20894 6 5 19 0
20895 6 6 19 0
20896 6 7 19 315
20897 6 8 19 0
20898 6 9 19 0
20899 6 10 19 0
20900 6 11 19 233
20901 6 12 19 233
20902 6 13 19 0
20903 6 14 19 330
20904 6 15 19 0
20905 6 16 19 0
20906 6 17 19 0
20907 6 18 19 0
20908 6 19 19 0
20909 6 20 19 0
20910 6 21 19 297
20911 6 22 19 335
20912 6 23 19 0
20913 6 24 19 0
20914 6 25 19 0
20915 6 26 19 260
20916 6 27 19 0
20917 6 28 19 0
20918 6 29 19 0
20919 6 30 19 304
20920 6 31 19 0
20921 6 32 19 0
20922 7 0 19 0
20923 7 1 19 0
20924 7 2 19 0
20925 7 3 19 0
20926 7 4 19 353
20927 7 5 19 0
20928 7 6 19 0
20929 7 7 19 0
20930 7 8 19 0
20931 7 9 19 0
20932 7 10 19 0
20933 7 11 19 233
20934 7 12 19 0
20935 7 13 19 0
20936 7 14 19 0
20937 7 15 19 0
20938 7 16 19 0
20939 7 17 19 0
20940 7 18 19 0
20941 7 19 19 0
20942 7 20 19 0
20943 7 21 19 297
20944 7 22 19 335
20945 7 23 19 378
20946 7 24 19 0
20947 7 25 19 0
20948 7 26 19 260
20949 7 27 19 0
20950 7 28 19 383
20951 7 29 19 383
20952 7 30 19 383
20953 7 31 19 0
20954 7 32 19 0
20955 8 0 19 0
20956 8 1 19 0
20957 8 2 19 0
20958 8 3 19 0
20959 8 4 19 0
20960 8 5 19 0
20961 8 6 19 0
20962 8 7 19 0
20963 8 8 19 0
20964 8 9 19 0
20965 8 10 19 0
20966 8 11 19 0
20967 8 12 19 0
20968 8 13 19 411
20969 8 14 19 411
20970 8 15 19 0
20971 8 16 19 0
20972 8 17 19 0
20973 8 18 19 0
20974 8 19 19 0
20975 8 20 19 0
20976 8 21 19 0
20977 8 22 19 0
20978 8 23 19 378
20979 8 24 19 0
20980 8 25 19 0
20981 8 26 19 0
20982 8 27 19 0
20983 8 28 19 383
20984 8 29 19 383
20985 8 30 19 383
20986 8 31 19 0
20987 8 32 19 0
20988 9 0 19 0
20989 9 1 19 0
20990 9 2 19 0
20991 9 3 19 443
20992 9 4 19 0
20993 9 5 19 445
20994 9 6 19 0
20995 9 7 19 0
20996 9 8 19 0
20997 9 9 19 0
20998 9 10 19 0
20999 9 11 19 0
21000 9 12 19 452
21001 9 13 19 411
21002 9 14 19 411
21003 9 15 19 411
21004 9 16 19 411
21005 9 17 19 0
21006 9 18 19 0
21007 9 19 19 0
21008 9 20 19 0
21009 9 21 19 0
21010 9 22 19 378
21011 9 23 19 378
21012 9 24 19 378
21013 9 25 19 0
21014 9 26 19 425
21015 9 27 19 0
21016 9 28 19 383
21017 9 29 19 0
21018 9 30 19 0
21019 9 31 19 0
21020 9 32 19 0
21021 10 0 19 0
21022 10 1 19 0
21023 10 2 19 0
21024 10 3 19 443
21025 10 4 19 0
21026 10 5 19 0
21027 10 6 19 0
21028 10 7 19 0
21029 10 8 19 0
21030 10 9 19 0
21031 10 10 19 498
21032 10 11 19 0
21033 10 12 19 0
21034 10 13 19 0
21035 10 14 19 411
21036 10 15 19 411
21037 10 16 19 411
21038 10 17 19 0
21039 10 18 19 0
21040 10 19 19 0
21041 10 20 19 0
21042 10 21 19 0
21043 10 22 19 0
21044 10 23 19 378
21045 10 24 19 0
21046 10 25 19 0
21047 10 26 19 0
21048 10 27 19 0
21049 10 28 19 383
21050 10 29 19 0
21051 10 30 19 0
21052 10 31 19 0
21053 10 32 19 0
21054 11 0 19 0
21055 11 1 19 0
21056 11 2 19 0
21057 11 3 19 0
21058 11 4 19 0
21059 11 5 19 0
21060 11 6 19 0
21061 11 7 19 0
21062 11 8 19 0
21063 11 9 19 498
21064 11 10 19 498
21065 11 11 19 0
21066 11 12 19 0
21067 11 13 19 0
21068 11 14 19 411
21069 11 15 19 0
21070 11 16 19 0
21071 11 17 19 0
21072 11 18 19 0
21073 11 19 19 0
21074 11 20 19 512
21075 11 21 19 0
21076 11 22 19 0
21077 11 23 19 0
21078 11 24 19 0
21079 11 25 19 0
21080 11 26 19 0
21081 11 27 19 0
21082 11 28 19 0
21083 11 29 19 0
21084 11 30 19 0
21085 11 31 19 0
21086 11 32 19 0
21087 12 0 19 0
21088 12 1 19 586
21089 12 2 19 586
21090 12 3 19 0
21091 12 4 19 0
21092 12 5 19 0
21093 12 6 19 0
21094 12 7 19 0
21095 12 8 19 0
21096 12 9 19 0
21097 12 10 19 0
21098 12 11 19 0
21099 12 12 19 0
21100 12 13 19 0
21101 12 14 19 0
21102 12 15 19 0
21103 12 16 19 610
21104 12 17 19 0
21105 12 18 19 0
21106 12 19 19 512
21107 12 20 19 512
21108 12 21 19 0
21109 12 22 19 0
21110 12 23 19 0
21111 12 24 19 0
21112 12 25 19 0
21113 12 26 19 0
21114 12 27 19 0
21115 12 28 19 0
21116 12 29 19 0
21117 12 30 19 0
21118 12 31 19 0
21119 12 32 19 0
21120 13 0 19 586
21121 13 1 19 586
21122 13 2 19 586
21123 13 3 19 0
21124 13 4 19 0
21125 13 5 19 0
21126 13 6 19 0
21127 13 7 19 0
21128 13 8 19 0
21129 13 9 19 0
21130 13 10 19 0
21131 13 11 19 0
21132 13 12 19 0
21133 13 13 19 0
21134 13 14 19 0
21135 13 15 19 0
21136 13 16 19 0
21137 13 17 19 0
21138 13 18 19 512
21139 13 19 19 512
21140 13 20 19 512
21141 13 21 19 0
21142 13 22 19 0
21143 13 23 19 0
21144 13 24 19 0
21145 13 25 19 0
21146 13 26 19 0
21147 13 27 19 0
21148 13 28 19 0
21149 13 29 19 0
21150 13 30 19 0
21151 13 31 19 0
21152 13 32 19 0
21153 14 0 19 586
21154 14 1 19 586
21155 14 2 19 586
21156 14 3 19 0
21157 14 4 19 0
21158 14 5 19 0
21159 14 6 19 0
21160 14 7 19 0
21161 14 8 19 677
21162 14 9 19 0
21163 14 10 19 0
21164 14 11 19 0
21165 14 12 19 0
21166 14 13 19 0
21167 14 14 19 0
21168 14 15 19 0
21169 14 16 19 0
21170 14 17 19 0
21171 14 18 19 0
21172 14 19 19 512
21173 14 20 19 512
21174 14 21 19 512
21175 14 22 19 0
21176 14 23 19 0
21177 14 24 19 0
21178 14 25 19 0
21179 14 26 19 0
21180 14 27 19 0
21181 14 28 19 710
21182 14 29 19 0
21183 14 30 19 0
21184 14 31 19 0
21185 14 32 19 0
21186 15 0 19 0
21187 15 1 19 586
21188 15 2 19 0
21189 15 3 19 724
21190 15 4 19 0
21191 15 5 19 0
21192 15 6 19 0
21193 15 7 19 0
21194 15 8 19 677
21195 15 9 19 0
21196 15 10 19 0
21197 15 11 19 0
21198 15 12 19 737
21199 15 13 19 0
21200 15 14 19 0
21201 15 15 19 743
21202 15 16 19 0
21203 15 17 19 0
21204 15 18 19 0
21205 15 19 19 0
21206 15 20 19 0
21207 15 21 19 0
21208 15 22 19 0
21209 15 23 19 0
21210 15 24 19 0
21211 15 25 19 0
21212 15 26 19 0
21213 15 27 19 0
21214 15 28 19 0
21215 15 29 19 0
21216 15 30 19 0
21217 15 31 19 0
21218 15 32 19 0
21219 16 0 19 0
21220 16 1 19 586
21221 16 2 19 0
21222 16 3 19 0
21223 16 4 19 0
21224 16 5 19 0
21225 16 6 19 0
21226 16 7 19 0
21227 16 8 19 0
21228 16 9 19 0
21229 16 10 19 0
21230 16 11 19 0
21231 16 12 19 0
21232 16 13 19 0
21233 16 14 19 0
21234 16 15 19 0
21235 16 16 19 0
21236 16 17 19 0
21237 16 18 19 0
21238 16 19 19 0
21239 16 20 19 0
21240 16 21 19 0
21241 16 22 19 0
21242 16 23 19 813
21243 16 24 19 0
21244 16 25 19 0
21245 16 26 19 0
21246 16 27 19 0
21247 16 28 19 0
21248 16 29 19 0
21249 16 30 19 0
21250 16 31 19 0
21251 16 32 19 0
21252 17 0 19 0
21253 17 1 19 0
21254 17 2 19 0
21255 17 3 19 0
21256 17 4 19 0
21257 17 5 19 0
21258 17 6 19 781
21259 17 7 19 0
21260 17 8 19 0
21261 17 9 19 838
21262 17 10 19 0
21263 17 11 19 0
21264 17 12 19 0
21265 17 13 19 0
21266 17 14 19 0
21267 17 15 19 0
21268 17 16 19 0
21269 17 17 19 0
21270 17 18 19 0
21271 17 19 19 0
21272 17 20 19 855
21273 17 21 19 0
21274 17 22 19 0
21275 17 23 19 0
21276 17 24 19 0
21277 17 25 19 0
21278 17 26 19 0
21279 17 27 19 0
21280 17 28 19 864
21281 17 29 19 0
21282 17 30 19 0
21283 17 31 19 0
21284 17 32 19 0
21285 18 0 19 0
21286 18 1 19 0
21287 18 2 19 0
21288 18 3 19 781
21289 18 4 19 0
21290 18 5 19 781
21291 18 6 19 0
21292 18 7 19 0
21293 18 8 19 0
21294 18 9 19 0
21295 18 10 19 0
21296 18 11 19 0
21297 18 12 19 0
21298 18 13 19 0
21299 18 14 19 0
21300 18 15 19 0
21301 18 16 19 892
21302 18 17 19 0
21303 18 18 19 0
21304 18 19 19 0
21305 18 20 19 0
21306 18 21 19 0
21307 18 22 19 0
21308 18 23 19 901
21309 18 24 19 0
21310 18 25 19 0
21311 18 26 19 0
21312 18 27 19 0
21313 18 28 19 0
21314 18 29 19 0
21315 18 30 19 0
21316 18 31 19 909
21317 18 32 19 909
21318 19 0 19 0
21319 19 1 19 0
21320 19 2 19 781
21321 19 3 19 781
21322 19 4 19 781
21323 19 5 19 0
21324 19 6 19 0
21325 19 7 19 0
21326 19 8 19 0
21327 19 9 19 0
21328 19 10 19 0
21329 19 11 19 0
21330 19 12 19 0
21331 19 13 19 933
21332 19 14 19 0
21333 19 15 19 0
21334 19 16 19 0
21335 19 17 19 0
21336 19 18 19 0
21337 19 19 19 0
21338 19 20 19 0
21339 19 21 19 0
21340 19 22 19 948
21341 19 23 19 901
21342 19 24 19 0
21343 19 25 19 0
21344 19 26 19 0
21345 19 27 19 0
21346 19 28 19 0
21347 19 29 19 958
21348 19 30 19 0
21349 19 31 19 909
21350 19 32 19 909
21351 20 0 19 0
21352 20 1 19 0
21353 20 2 19 781
21354 20 3 19 0
21355 20 4 19 781
21356 20 5 19 0
21357 20 6 19 0
21358 20 7 19 0
21359 20 8 19 0
21360 20 9 19 0
21361 20 10 19 0
21362 20 11 19 0
21363 20 12 19 0
21364 20 13 19 0
21365 20 14 19 0
21366 20 15 19 0
21367 20 16 19 0
21368 20 17 19 0
21369 20 18 19 0
21370 20 19 19 0
21371 20 20 19 0
21372 20 21 19 0
21373 20 22 19 0
21374 20 23 19 0
21375 20 24 19 0
21376 20 25 19 0
21377 20 26 19 0
21378 20 27 19 0
21379 20 28 19 0
21380 20 29 19 0
21381 20 30 19 0
21382 20 31 19 909
21383 20 32 19 0
21384 21 0 19 0
21385 21 1 19 0
21386 21 2 19 0
21387 21 3 19 0
21388 21 4 19 0
21389 21 5 19 0
21390 21 6 19 0
21391 21 7 19 0
21392 21 8 19 0
21393 21 9 19 1023
21394 21 10 19 0
21395 21 11 19 0
21396 21 12 19 0
21397 21 13 19 1029
21398 21 14 19 0
21399 21 15 19 0
21400 21 16 19 0
21401 21 17 19 1033
21402 21 18 19 0
21403 21 19 19 0
21404 21 20 19 0
21405 21 21 19 0
21406 21 22 19 0
21407 21 23 19 1049
21408 21 24 19 0
21409 21 25 19 0
21410 21 26 19 0
21411 21 27 19 0
21412 21 28 19 0
21413 21 29 19 0
21414 21 30 19 0
21415 21 31 19 0
21416 21 32 19 0
21417 22 0 19 0
21418 22 1 19 0
21419 22 2 19 0
21420 22 3 19 0
21421 22 4 19 0
21422 22 5 19 0
21423 22 6 19 0
21424 22 7 19 0
21425 22 8 19 0
21426 22 9 19 0
21427 22 10 19 0
21428 22 11 19 0
21429 22 12 19 0
21430 22 13 19 0
21431 22 14 19 0
21432 22 15 19 0
21433 22 16 19 0
21434 22 17 19 1033
21435 22 18 19 1033
21436 22 19 19 0
21437 22 20 19 0
21438 22 21 19 0
21439 22 22 19 0
21440 22 23 19 0
21441 22 24 19 0
21442 22 25 19 0
21443 22 26 19 0
21444 22 27 19 0
21445 22 28 19 0
21446 22 29 19 0
21447 22 30 19 0
21448 22 31 19 0
21449 22 32 19 0
21450 23 0 19 0
21451 23 1 19 0
21452 23 2 19 0
21453 23 3 19 0
21454 23 4 19 0
21455 23 5 19 1109
21456 23 6 19 0
21457 23 7 19 0
21458 23 8 19 0
21459 23 9 19 0
21460 23 10 19 0
21461 23 11 19 1117
21462 23 12 19 0
21463 23 13 19 0
21464 23 14 19 0
21465 23 15 19 0
21466 23 16 19 0
21467 23 17 19 0
21468 23 18 19 0
21469 23 19 19 0
21470 23 20 19 0
21471 23 21 19 0
21472 23 22 19 1127
21473 23 23 19 0
21474 23 24 19 0
21475 23 25 19 0
21476 23 26 19 0
21477 23 27 19 1134
21478 23 28 19 0
21479 23 29 19 1140
21480 23 30 19 0
21481 23 31 19 0
21482 23 32 19 0
21483 24 0 19 0
21484 24 1 19 0
21485 24 2 19 0
21486 24 3 19 0
21487 24 4 19 0
21488 24 5 19 0
21489 24 6 19 0
21490 24 7 19 0
21491 24 8 19 0
21492 24 9 19 0
21493 24 10 19 0
21494 24 11 19 0
21495 24 12 19 0
21496 24 13 19 0
21497 24 14 19 0
21498 24 15 19 0
21499 24 16 19 0
21500 24 17 19 1080
21501 24 18 19 1080
21502 24 19 19 0
21503 24 20 19 0
21504 24 21 19 0
21505 24 22 19 0
21506 24 23 19 0
21507 24 24 19 0
21508 24 25 19 0
21509 24 26 19 0
21510 24 27 19 0
21511 24 28 19 0
21512 24 29 19 0
21513 24 30 19 0
21514 24 31 19 0
21515 24 32 19 0
21516 25 0 19 0
21517 25 1 19 0
21518 25 2 19 0
21519 25 3 19 0
21520 25 4 19 0
21521 25 5 19 0
21522 25 6 19 0
21523 25 7 19 1209
21524 25 8 19 0
21525 25 9 19 0
21526 25 10 19 0
21527 25 11 19 1165
21528 25 12 19 1165
21529 25 13 19 0
21530 25 14 19 0
21531 25 15 19 0
21532 25 16 19 0
21533 25 17 19 1080
21534 25 18 19 1080
21535 25 19 19 1236
21536 25 20 19 0
21537 25 21 19 1238
21538 25 22 19 0
21539 25 23 19 0
21540 25 24 19 0
21541 25 25 19 0
21542 25 26 19 0
21543 25 27 19 0
21544 25 28 19 0
21545 25 29 19 0
21546 25 30 19 0
21547 25 31 19 0
21548 25 32 19 0
21549 26 0 19 0
21550 26 1 19 0
21551 26 2 19 0
21552 26 3 19 0
21553 26 4 19 0
21554 26 5 19 0
21555 26 6 19 0
21556 26 7 19 0
21557 26 8 19 1275
21558 26 9 19 0
21559 26 10 19 0
21560 26 11 19 0
21561 26 12 19 0
21562 26 13 19 0
21563 26 14 19 0
21564 26 15 19 0
21565 26 16 19 0
21566 26 17 19 0
21567 26 18 19 1080
21568 26 19 19 0
21569 26 20 19 0
21570 26 21 19 0
21571 26 22 19 0
21572 26 23 19 0
21573 26 24 19 0
21574 26 25 19 0
21575 26 26 19 0
21576 26 27 19 0
21577 26 28 19 0
21578 26 29 19 0
21579 26 30 19 0
21580 26 31 19 0
21581 26 32 19 0
21582 27 0 19 0
21583 27 1 19 0
21584 27 2 19 0
21585 27 3 19 0
21586 27 4 19 0
21587 27 5 19 0
21588 27 6 19 0
21589 27 7 19 0
21590 27 8 19 0
21591 27 9 19 0
21592 27 10 19 1321
21593 27 11 19 0
21594 27 12 19 0
21595 27 13 19 0
21596 27 14 19 1330
21597 27 15 19 0
21598 27 16 19 0
21599 27 17 19 0
21600 27 18 19 0
21601 27 19 19 1338
21602 27 20 19 0
21603 27 21 19 0
21604 27 22 19 0
21605 27 23 19 0
21606 27 24 19 0
21607 27 25 19 0
21608 27 26 19 0
21609 27 27 19 0
21610 27 28 19 0
21611 27 29 19 0
21612 27 30 19 0
21613 27 31 19 0
21614 27 32 19 0
21615 28 0 19 0
21616 28 1 19 0
21617 28 2 19 0
21618 28 3 19 0
21619 28 4 19 0
21620 28 5 19 0
21621 28 6 19 0
21622 28 7 19 0
21623 28 8 19 0
21624 28 9 19 0
21625 28 10 19 1321
21626 28 11 19 0
21627 28 12 19 0
21628 28 13 19 1330
21629 28 14 19 1330
21630 28 15 19 0
21631 28 16 19 0
21632 28 17 19 0
21633 28 18 19 0
21634 28 19 19 0
21635 28 20 19 0
21636 28 21 19 0
21637 28 22 19 0
21638 28 23 19 0
21639 28 24 19 0
21640 28 25 19 0
21641 28 26 19 0
21642 28 27 19 0
21643 28 28 19 0
21644 28 29 19 0
21645 28 30 19 1352
21646 28 31 19 0
21647 28 32 19 0
21648 29 0 19 0
21649 29 1 19 0
21650 29 2 19 0
21651 29 3 19 0
21652 29 4 19 0
21653 29 5 19 0
21654 29 6 19 1410
21655 29 7 19 1410
21656 29 8 19 0
21657 29 9 19 0
21658 29 10 19 0
21659 29 11 19 0
21660 29 12 19 0
21661 29 13 19 1330
21662 29 14 19 1330
21663 29 15 19 0
21664 29 16 19 0
21665 29 17 19 0
21666 29 18 19 0
21667 29 19 19 0
21668 29 20 19 1352
21669 29 21 19 1352
21670 29 22 19 0
21671 29 23 19 0
21672 29 24 19 1352
21673 29 25 19 1352
21674 29 26 19 0
21675 29 27 19 0
21676 29 28 19 0
21677 29 29 19 0
21678 29 30 19 1352
21679 29 31 19 0
21680 29 32 19 0
21681 30 0 19 0
21682 30 1 19 0
21683 30 2 19 0
21684 30 3 19 0
21685 30 4 19 0
21686 30 5 19 0
21687 30 6 19 0
21688 30 7 19 0
21689 30 8 19 0
21690 30 9 19 0
21691 30 10 19 0
21692 30 11 19 0
21693 30 12 19 1330
21694 30 13 19 1330
21695 30 14 19 0
21696 30 15 19 0
21697 30 16 19 0
21698 30 17 19 0
21699 30 18 19 0
21700 30 19 19 0
21701 30 20 19 1352
21702 30 21 19 1352
21703 30 22 19 1352
21704 30 23 19 1352
21705 30 24 19 1352
21706 30 25 19 0
21707 30 26 19 0
21708 30 27 19 0
21709 30 28 19 0
21710 30 29 19 0
21711 30 30 19 0
21712 30 31 19 0
21713 30 32 19 0
21714 31 0 19 0
21715 31 1 19 0
21716 31 2 19 0
21717 31 3 19 0
21718 31 4 19 0
21719 31 5 19 0
21720 31 6 19 1497
21721 31 7 19 0
21722 31 8 19 0
21723 31 9 19 0
21724 31 10 19 0
21725 31 11 19 0
21726 31 12 19 0
21727 31 13 19 0
21728 31 14 19 0
21729 31 15 19 36
21730 31 16 19 36
21731 31 17 19 0
21732 31 18 19 0
21733 31 19 19 0
21734 31 20 19 1352
21735 31 21 19 1352
21736 31 22 19 0
21737 31 23 19 1352
21738 31 24 19 1352
21739 31 25 19 1528
21740 31 26 19 0
21741 31 27 19 0
21742 31 28 19 0
21743 31 29 19 0
21744 31 30 19 0
21745 31 31 19 0
21746 31 32 19 0
21747 32 0 19 0
21748 32 1 19 0
21749 32 2 19 0
21750 32 3 19 0
21751 32 4 19 0
21752 32 5 19 0
21753 32 6 19 1497
21754 32 7 19 1497
21755 32 8 19 0
21756 32 9 19 0
21757 32 10 19 0
21758 32 11 19 0
21759 32 12 19 0
21760 32 13 19 0
21761 32 14 19 36
21762 32 15 19 36
21763 32 16 19 0
21764 32 17 19 0
21765 32 18 19 0
21766 32 19 19 0
21767 32 20 19 0
21768 32 21 19 0
21769 32 22 19 0
21770 32 23 19 1352
21771 32 24 19 0
21772 32 25 19 0
21773 32 26 19 0
21774 32 27 19 0
21775 32 28 19 0
21776 32 29 19 0
21777 32 30 19 0
21778 32 31 19 0
21779 32 32 19 1537
21780 0 0 20 0
21781 0 1 20 5
21782 0 2 20 0
21783 0 3 20 0
21784 0 4 20 0
21785 0 5 20 0
21786 0 6 20 0
21787 0 7 20 0
21788 0 8 20 0
21789 0 9 20 0
21790 0 10 20 0
21791 0 11 20 26
21792 0 12 20 0
21793 0 13 20 0
21794 0 14 20 36
21795 0 15 20 0
21796 0 16 20 0
21797 0 17 20 0
21798 0 18 20 0
21799 0 19 20 0
21800 0 20 20 0
21801 0 21 20 0
21802 0 22 20 0
21803 0 23 20 0
21804 0 24 20 0
21805 0 25 20 0
21806 0 26 20 0
21807 0 27 20 0
21808 0 28 20 0
21809 0 29 20 0
21810 0 30 20 0
21811 0 31 20 0
21812 0 32 20 0
21813 1 0 20 0
21814 1 1 20 5
21815 1 2 20 5
21816 1 3 20 0
21817 1 4 20 0
21818 1 5 20 0
21819 1 6 20 0
21820 1 7 20 0
21821 1 8 20 0
21822 1 9 20 0
21823 1 10 20 98
21824 1 11 20 0
21825 1 12 20 0
21826 1 13 20 0
21827 1 14 20 0
21828 1 15 20 0
21829 1 16 20 0
21830 1 17 20 0
21831 1 18 20 0
21832 1 19 20 0
21833 1 20 20 0
21834 1 21 20 0
21835 1 22 20 0
21836 1 23 20 0
21837 1 24 20 113
21838 1 25 20 113
21839 1 26 20 0
21840 1 27 20 0
21841 1 28 20 117
21842 1 29 20 0
21843 1 30 20 0
21844 1 31 20 0
21845 1 32 20 0
21846 2 0 20 0
21847 2 1 20 5
21848 2 2 20 5
21849 2 3 20 5
21850 2 4 20 5
21851 2 5 20 0
21852 2 6 20 0
21853 2 7 20 0
21854 2 8 20 0
21855 2 9 20 0
21856 2 10 20 0
21857 2 11 20 0
21858 2 12 20 0
21859 2 13 20 0
21860 2 14 20 103
21861 2 15 20 103
21862 2 16 20 0
21863 2 17 20 0
21864 2 18 20 41
21865 2 19 20 41
21866 2 20 20 0
21867 2 21 20 0
21868 2 22 20 113
21869 2 23 20 113
21870 2 24 20 113
21871 2 25 20 113
21872 2 26 20 0
21873 2 27 20 0
21874 2 28 20 117
21875 2 29 20 0
21876 2 30 20 0
21877 2 31 20 0
21878 2 32 20 0
21879 3 0 20 0
21880 3 1 20 0
21881 3 2 20 0
21882 3 3 20 0
21883 3 4 20 0
21884 3 5 20 0
21885 3 6 20 0
21886 3 7 20 0
21887 3 8 20 0
21888 3 9 20 0
21889 3 10 20 0
21890 3 11 20 0
21891 3 12 20 0
21892 3 13 20 0
21893 3 14 20 103
21894 3 15 20 0
21895 3 16 20 0
21896 3 17 20 0
21897 3 18 20 41
21898 3 19 20 0
21899 3 20 20 0
21900 3 21 20 113
21901 3 22 20 113
21902 3 23 20 113
21903 3 24 20 113
21904 3 25 20 113
21905 3 26 20 113
21906 3 27 20 0
21907 3 28 20 0
21908 3 29 20 0
21909 3 30 20 0
21910 3 31 20 0
21911 3 32 20 0
21912 4 0 20 0
21913 4 1 20 177
21914 4 2 20 0
21915 4 3 20 0
21916 4 4 20 0
21917 4 5 20 0
21918 4 6 20 89
21919 4 7 20 0
21920 4 8 20 0
21921 4 9 20 0
21922 4 10 20 0
21923 4 11 20 0
21924 4 12 20 0
21925 4 13 20 0
21926 4 14 20 0
21927 4 15 20 0
21928 4 16 20 0
21929 4 17 20 246
21930 4 18 20 41
21931 4 19 20 0
21932 4 20 20 0
21933 4 21 20 0
21934 4 22 20 0
21935 4 23 20 0
21936 4 24 20 113
21937 4 25 20 113
21938 4 26 20 0
21939 4 27 20 0
21940 4 28 20 0
21941 4 29 20 0
21942 4 30 20 0
21943 4 31 20 0
21944 4 32 20 0
21945 5 0 20 264
21946 5 1 20 0
21947 5 2 20 0
21948 5 3 20 0
21949 5 4 20 0
21950 5 5 20 0
21951 5 6 20 0
21952 5 7 20 276
21953 5 8 20 276
21954 5 9 20 0
21955 5 10 20 0
21956 5 11 20 0
21957 5 12 20 0
21958 5 13 20 0
21959 5 14 20 0
21960 5 15 20 0
21961 5 16 20 0
21962 5 17 20 0
21963 5 18 20 0
21964 5 19 20 0
21965 5 20 20 0
21966 5 21 20 298
21967 5 22 20 0
21968 5 23 20 0
21969 5 24 20 0
21970 5 25 20 0
21971 5 26 20 260
21972 5 27 20 0
21973 5 28 20 0
21974 5 29 20 304
21975 5 30 20 304
21976 5 31 20 0
21977 5 32 20 0
21978 6 0 20 0
21979 6 1 20 0
21980 6 2 20 312
21981 6 3 20 0
21982 6 4 20 0
21983 6 5 20 0
21984 6 6 20 315
21985 6 7 20 315
21986 6 8 20 0
21987 6 9 20 0
21988 6 10 20 0
21989 6 11 20 0
21990 6 12 20 0
21991 6 13 20 0
21992 6 14 20 0
21993 6 15 20 0
21994 6 16 20 0
21995 6 17 20 0
21996 6 18 20 0
21997 6 19 20 0
21998 6 20 20 0
21999 6 21 20 298
22000 6 22 20 336
22001 6 23 20 0
22002 6 24 20 0
22003 6 25 20 0
22004 6 26 20 260
22005 6 27 20 0
22006 6 28 20 0
22007 6 29 20 304
22008 6 30 20 304
22009 6 31 20 304
22010 6 32 20 0
22011 7 0 20 0
22012 7 1 20 0
22013 7 2 20 0
22014 7 3 20 0
22015 7 4 20 0
22016 7 5 20 0
22017 7 6 20 315
22018 7 7 20 315
22019 7 8 20 0
22020 7 9 20 0
22021 7 10 20 0
22022 7 11 20 0
22023 7 12 20 0
22024 7 13 20 0
22025 7 14 20 0
22026 7 15 20 0
22027 7 16 20 0
22028 7 17 20 0
22029 7 18 20 0
22030 7 19 20 0
22031 7 20 20 0
22032 7 21 20 0
22033 7 22 20 0
22034 7 23 20 378
22035 7 24 20 0
22036 7 25 20 381
22037 7 26 20 0
22038 7 27 20 0
22039 7 28 20 0
22040 7 29 20 0
22041 7 30 20 383
22042 7 31 20 383
22043 7 32 20 0
22044 8 0 20 0
22045 8 1 20 388
22046 8 2 20 0
22047 8 3 20 0
22048 8 4 20 0
22049 8 5 20 0
22050 8 6 20 315
22051 8 7 20 315
22052 8 8 20 0
22053 8 9 20 0
22054 8 10 20 0
22055 8 11 20 0
22056 8 12 20 0
22057 8 13 20 411
22058 8 14 20 0
22059 8 15 20 415
22060 8 16 20 415
22061 8 17 20 0
22062 8 18 20 0
22063 8 19 20 0
22064 8 20 20 421
22065 8 21 20 0
22066 8 22 20 0
22067 8 23 20 378
22068 8 24 20 0
22069 8 25 20 0
22070 8 26 20 425
22071 8 27 20 0
22072 8 28 20 383
22073 8 29 20 383
22074 8 30 20 383
22075 8 31 20 383
22076 8 32 20 0
22077 9 0 20 0
22078 9 1 20 0
22079 9 2 20 0
22080 9 3 20 0
22081 9 4 20 0
22082 9 5 20 0
22083 9 6 20 0
22084 9 7 20 0
22085 9 8 20 0
22086 9 9 20 0
22087 9 10 20 0
22088 9 11 20 0
22089 9 12 20 0
22090 9 13 20 411
22091 9 14 20 411
22092 9 15 20 0
22093 9 16 20 0
22094 9 17 20 0
22095 9 18 20 0
22096 9 19 20 0
22097 9 20 20 0
22098 9 21 20 0
22099 9 22 20 0
22100 9 23 20 0
22101 9 24 20 0
22102 9 25 20 425
22103 9 26 20 425
22104 9 27 20 0
22105 9 28 20 383
22106 9 29 20 383
22107 9 30 20 383
22108 9 31 20 0
22109 9 32 20 0
22110 10 0 20 0
22111 10 1 20 0
22112 10 2 20 390
22113 10 3 20 0
22114 10 4 20 0
22115 10 5 20 0
22116 10 6 20 0
22117 10 7 20 0
22118 10 8 20 496
22119 10 9 20 498
22120 10 10 20 498
22121 10 11 20 0
22122 10 12 20 0
22123 10 13 20 0
22124 10 14 20 0
22125 10 15 20 457
22126 10 16 20 0
22127 10 17 20 0
22128 10 18 20 0
22129 10 19 20 510
22130 10 20 20 0
22131 10 21 20 0
22132 10 22 20 0
22133 10 23 20 0
22134 10 24 20 0
22135 10 25 20 0
22136 10 26 20 0
22137 10 27 20 0
22138 10 28 20 383
22139 10 29 20 0
22140 10 30 20 0
22141 10 31 20 0
22142 10 32 20 0
22143 11 0 20 0
22144 11 1 20 0
22145 11 2 20 0
22146 11 3 20 0
22147 11 4 20 0
22148 11 5 20 0
22149 11 6 20 0
22150 11 7 20 0
22151 11 8 20 496
22152 11 9 20 0
22153 11 10 20 498
22154 11 11 20 0
22155 11 12 20 0
22156 11 13 20 0
22157 11 14 20 411
22158 11 15 20 0
22159 11 16 20 0
22160 11 17 20 0
22161 11 18 20 0
22162 11 19 20 0
22163 11 20 20 512
22164 11 21 20 0
22165 11 22 20 0
22166 11 23 20 0
22167 11 24 20 0
22168 11 25 20 516
22169 11 26 20 0
22170 11 27 20 0
22171 11 28 20 0
22172 11 29 20 0
22173 11 30 20 0
22174 11 31 20 0
22175 11 32 20 0
22176 12 0 20 0
22177 12 1 20 0
22178 12 2 20 0
22179 12 3 20 0
22180 12 4 20 0
22181 12 5 20 0
22182 12 6 20 0
22183 12 7 20 0
22184 12 8 20 0
22185 12 9 20 0
22186 12 10 20 0
22187 12 11 20 0
22188 12 12 20 0
22189 12 13 20 0
22190 12 14 20 0
22191 12 15 20 0
22192 12 16 20 610
22193 12 17 20 0
22194 12 18 20 0
22195 12 19 20 0
22196 12 20 20 512
22197 12 21 20 0
22198 12 22 20 0
22199 12 23 20 0
22200 12 24 20 0
22201 12 25 20 0
22202 12 26 20 0
22203 12 27 20 0
22204 12 28 20 0
22205 12 29 20 0
22206 12 30 20 0
22207 12 31 20 0
22208 12 32 20 0
22209 13 0 20 0
22210 13 1 20 586
22211 13 2 20 586
22212 13 3 20 0
22213 13 4 20 0
22214 13 5 20 0
22215 13 6 20 0
22216 13 7 20 0
22217 13 8 20 0
22218 13 9 20 0
22219 13 10 20 0
22220 13 11 20 0
22221 13 12 20 0
22222 13 13 20 0
22223 13 14 20 0
22224 13 15 20 0
22225 13 16 20 0
22226 13 17 20 0
22227 13 18 20 0
22228 13 19 20 0
22229 13 20 20 512
22230 13 21 20 0
22231 13 22 20 0
22232 13 23 20 0
22233 13 24 20 0
22234 13 25 20 0
22235 13 26 20 0
22236 13 27 20 0
22237 13 28 20 0
22238 13 29 20 0
22239 13 30 20 0
22240 13 31 20 0
22241 13 32 20 0
22242 14 0 20 0
22243 14 1 20 586
22244 14 2 20 0
22245 14 3 20 0
22246 14 4 20 0
22247 14 5 20 0
22248 14 6 20 0
22249 14 7 20 0
22250 14 8 20 0
22251 14 9 20 0
22252 14 10 20 0
22253 14 11 20 0
22254 14 12 20 0
22255 14 13 20 0
22256 14 14 20 0
22257 14 15 20 695
22258 14 16 20 0
22259 14 17 20 0
22260 14 18 20 0
22261 14 19 20 0
22262 14 20 20 0
22263 14 21 20 0
22264 14 22 20 0
22265 14 23 20 0
22266 14 24 20 0
22267 14 25 20 0
22268 14 26 20 0
22269 14 27 20 0
22270 14 28 20 710
22271 14 29 20 710
22272 14 30 20 0
22273 14 31 20 0
22274 14 32 20 0
22275 15 0 20 0
22276 15 1 20 586
22277 15 2 20 0
22278 15 3 20 0
22279 15 4 20 0
22280 15 5 20 0
22281 15 6 20 0
22282 15 7 20 0
22283 15 8 20 0
22284 15 9 20 0
22285 15 10 20 735
22286 15 11 20 735
22287 15 12 20 735
22288 15 13 20 0
22289 15 14 20 0
22290 15 15 20 695
22291 15 16 20 0
22292 15 17 20 0
22293 15 18 20 0
22294 15 19 20 0
22295 15 20 20 0
22296 15 21 20 0
22297 15 22 20 0
22298 15 23 20 0
22299 15 24 20 758
22300 15 25 20 758
22301 15 26 20 0
22302 15 27 20 0
22303 15 28 20 0
22304 15 29 20 0
22305 15 30 20 0
22306 15 31 20 0
22307 15 32 20 0
22308 16 0 20 0
22309 16 1 20 586
22310 16 2 20 0
22311 16 3 20 0
22312 16 4 20 0
22313 16 5 20 0
22314 16 6 20 0
22315 16 7 20 0
22316 16 8 20 0
22317 16 9 20 735
22318 16 10 20 735
22319 16 11 20 735
22320 16 12 20 735
22321 16 13 20 0
22322 16 14 20 695
22323 16 15 20 695
22324 16 16 20 695
22325 16 17 20 0
22326 16 18 20 0
22327 16 19 20 0
22328 16 20 20 0
22329 16 21 20 0
22330 16 22 20 0
22331 16 23 20 0
22332 16 24 20 758
22333 16 25 20 818
22334 16 26 20 0
22335 16 27 20 0
22336 16 28 20 0
22337 16 29 20 0
22338 16 30 20 823
22339 16 31 20 0
22340 16 32 20 0
22341 17 0 20 0
22342 17 1 20 586
22343 17 2 20 0
22344 17 3 20 0
22345 17 4 20 0
22346 17 5 20 0
22347 17 6 20 0
22348 17 7 20 0
22349 17 8 20 0
22350 17 9 20 0
22351 17 10 20 0
22352 17 11 20 0
22353 17 12 20 0
22354 17 13 20 0
22355 17 14 20 695
22356 17 15 20 695
22357 17 16 20 695
22358 17 17 20 0
22359 17 18 20 0
22360 17 19 20 0
22361 17 20 20 855
22362 17 21 20 0
22363 17 22 20 0
22364 17 23 20 0
22365 17 24 20 0
22366 17 25 20 0
22367 17 26 20 0
22368 17 27 20 0
22369 17 28 20 0
22370 17 29 20 0
22371 17 30 20 0
22372 17 31 20 0
22373 17 32 20 0
22374 18 0 20 0
22375 18 1 20 0
22376 18 2 20 0
22377 18 3 20 0
22378 18 4 20 0
22379 18 5 20 0
22380 18 6 20 0
22381 18 7 20 0
22382 18 8 20 0
22383 18 9 20 0
22384 18 10 20 0
22385 18 11 20 886
22386 18 12 20 0
22387 18 13 20 0
22388 18 14 20 0
22389 18 15 20 0
22390 18 16 20 0
22391 18 17 20 0
22392 18 18 20 0
22393 18 19 20 0
22394 18 20 20 0
22395 18 21 20 0
22396 18 22 20 0
22397 18 23 20 0
22398 18 24 20 0
22399 18 25 20 0
22400 18 26 20 0
22401 18 27 20 0
22402 18 28 20 0
22403 18 29 20 0
22404 18 30 20 909
22405 18 31 20 0
22406 18 32 20 0
22407 19 0 20 0
22408 19 1 20 0
22409 19 2 20 0
22410 19 3 20 0
22411 19 4 20 0
22412 19 5 20 0
22413 19 6 20 0
22414 19 7 20 0
22415 19 8 20 924
22416 19 9 20 0
22417 19 10 20 0
22418 19 11 20 0
22419 19 12 20 0
22420 19 13 20 0
22421 19 14 20 934
22422 19 15 20 0
22423 19 16 20 0
22424 19 17 20 0
22425 19 18 20 942
22426 19 19 20 0
22427 19 20 20 0
22428 19 21 20 0
22429 19 22 20 0
22430 19 23 20 0
22431 19 24 20 952
22432 19 25 20 0
22433 19 26 20 0
22434 19 27 20 0
22435 19 28 20 0
22436 19 29 20 909
22437 19 30 20 909
22438 19 31 20 909
22439 19 32 20 909
22440 20 0 20 0
22441 20 1 20 0
22442 20 2 20 0
22443 20 3 20 0
22444 20 4 20 0
22445 20 5 20 0
22446 20 6 20 0
22447 20 7 20 981
22448 20 8 20 0
22449 20 9 20 0
22450 20 10 20 0
22451 20 11 20 0
22452 20 12 20 0
22453 20 13 20 0
22454 20 14 20 934
22455 20 15 20 0
22456 20 16 20 0
22457 20 17 20 0
22458 20 18 20 0
22459 20 19 20 0
22460 20 20 20 0
22461 20 21 20 949
22462 20 22 20 0
22463 20 23 20 0
22464 20 24 20 952
22465 20 25 20 0
22466 20 26 20 0
22467 20 27 20 0
22468 20 28 20 0
22469 20 29 20 0
22470 20 30 20 909
22471 20 31 20 909
22472 20 32 20 909
22473 21 0 20 0
22474 21 1 20 0
22475 21 2 20 0
22476 21 3 20 0
22477 21 4 20 0
22478 21 5 20 0
22479 21 6 20 0
22480 21 7 20 981
22481 21 8 20 0
22482 21 9 20 0
22483 21 10 20 925
22484 21 11 20 925
22485 21 12 20 0
22486 21 13 20 0
22487 21 14 20 0
22488 21 15 20 0
22489 21 16 20 0
22490 21 17 20 0
22491 21 18 20 0
22492 21 19 20 0
22493 21 20 20 0
22494 21 21 20 0
22495 21 22 20 0
22496 21 23 20 0
22497 21 24 20 0
22498 21 25 20 0
22499 21 26 20 0
22500 21 27 20 0
22501 21 28 20 0
22502 21 29 20 909
22503 21 30 20 909
22504 21 31 20 0
22505 21 32 20 0
22506 22 0 20 0
22507 22 1 20 0
22508 22 2 20 0
22509 22 3 20 0
22510 22 4 20 1068
22511 22 5 20 0
22512 22 6 20 1069
22513 22 7 20 981
22514 22 8 20 0
22515 22 9 20 0
22516 22 10 20 925
22517 22 11 20 0
22518 22 12 20 0
22519 22 13 20 0
22520 22 14 20 0
22521 22 15 20 0
22522 22 16 20 1078
22523 22 17 20 0
22524 22 18 20 0
22525 22 19 20 0
22526 22 20 20 0
22527 22 21 20 0
22528 22 22 20 1086
22529 22 23 20 0
22530 22 24 20 0
22531 22 25 20 0
22532 22 26 20 0
22533 22 27 20 0
22534 22 28 20 0
22535 22 29 20 0
22536 22 30 20 0
22537 22 31 20 0
22538 22 32 20 0
22539 23 0 20 0
22540 23 1 20 0
22541 23 2 20 0
22542 23 3 20 0
22543 23 4 20 0
22544 23 5 20 1109
22545 23 6 20 0
22546 23 7 20 0
22547 23 8 20 0
22548 23 9 20 0
22549 23 10 20 0
22550 23 11 20 0
22551 23 12 20 0
22552 23 13 20 0
22553 23 14 20 0
22554 23 15 20 0
22555 23 16 20 0
22556 23 17 20 0
22557 23 18 20 0
22558 23 19 20 0
22559 23 20 20 0
22560 23 21 20 0
22561 23 22 20 0
22562 23 23 20 0
22563 23 24 20 1129
22564 23 25 20 0
22565 23 26 20 0
22566 23 27 20 0
22567 23 28 20 0
22568 23 29 20 0
22569 23 30 20 1142
22570 23 31 20 0
22571 23 32 20 0
22572 24 0 20 0
22573 24 1 20 0
22574 24 2 20 0
22575 24 3 20 1149
22576 24 4 20 0
22577 24 5 20 0
22578 24 6 20 0
22579 24 7 20 0
22580 24 8 20 0
22581 24 9 20 0
22582 24 10 20 0
22583 24 11 20 1165
22584 24 12 20 1165
22585 24 13 20 0
22586 24 14 20 0
22587 24 15 20 0
22588 24 16 20 0
22589 24 17 20 1080
22590 24 18 20 0
22591 24 19 20 0
22592 24 20 20 0
22593 24 21 20 0
22594 24 22 20 0
22595 24 23 20 0
22596 24 24 20 0
22597 24 25 20 0
22598 24 26 20 0
22599 24 27 20 0
22600 24 28 20 0
22601 24 29 20 0
22602 24 30 20 0
22603 24 31 20 0
22604 24 32 20 0
22605 25 0 20 0
22606 25 1 20 1192
22607 25 2 20 1192
22608 25 3 20 0
22609 25 4 20 0
22610 25 5 20 0
22611 25 6 20 1205
22612 25 7 20 0
22613 25 8 20 0
22614 25 9 20 0
22615 25 10 20 0
22616 25 11 20 1165
22617 25 12 20 1165
22618 25 13 20 0
22619 25 14 20 0
22620 25 15 20 0
22621 25 16 20 0
22622 25 17 20 1080
22623 25 18 20 1080
22624 25 19 20 0
22625 25 20 20 1238
22626 25 21 20 1238
22627 25 22 20 0
22628 25 23 20 0
22629 25 24 20 0
22630 25 25 20 0
22631 25 26 20 0
22632 25 27 20 1251
22633 25 28 20 1252
22634 25 29 20 0
22635 25 30 20 0
22636 25 31 20 1255
22637 25 32 20 0
22638 26 0 20 0
22639 26 1 20 1192
22640 26 2 20 0
22641 26 3 20 0
22642 26 4 20 0
22643 26 5 20 0
22644 26 6 20 0
22645 26 7 20 0
22646 26 8 20 0
22647 26 9 20 0
22648 26 10 20 0
22649 26 11 20 0
22650 26 12 20 0
22651 26 13 20 0
22652 26 14 20 0
22653 26 15 20 0
22654 26 16 20 0
22655 26 17 20 0
22656 26 18 20 0
22657 26 19 20 0
22658 26 20 20 0
22659 26 21 20 1238
22660 26 22 20 0
22661 26 23 20 0
22662 26 24 20 0
22663 26 25 20 0
22664 26 26 20 0
22665 26 27 20 0
22666 26 28 20 0
22667 26 29 20 0
22668 26 30 20 1255
22669 26 31 20 1255
22670 26 32 20 0
22671 27 0 20 0
22672 27 1 20 0
22673 27 2 20 0
22674 27 3 20 0
22675 27 4 20 0
22676 27 5 20 0
22677 27 6 20 0
22678 27 7 20 0
22679 27 8 20 0
22680 27 9 20 0
22681 27 10 20 1321
22682 27 11 20 0
22683 27 12 20 0
22684 27 13 20 0
22685 27 14 20 0
22686 27 15 20 1282
22687 27 16 20 1282
22688 27 17 20 0
22689 27 18 20 0
22690 27 19 20 0
22691 27 20 20 0
22692 27 21 20 0
22693 27 22 20 0
22694 27 23 20 0
22695 27 24 20 0
22696 27 25 20 0
22697 27 26 20 0
22698 27 27 20 0
22699 27 28 20 0
22700 27 29 20 0
22701 27 30 20 0
22702 27 31 20 0
22703 27 32 20 0
22704 28 0 20 0
22705 28 1 20 1362
22706 28 2 20 0
22707 28 3 20 0
22708 28 4 20 0
22709 28 5 20 0
22710 28 6 20 0
22711 28 7 20 0
22712 28 8 20 0
22713 28 9 20 0
22714 28 10 20 1321
22715 28 11 20 0
22716 28 12 20 0
22717 28 13 20 0
22718 28 14 20 1330
22719 28 15 20 0
22720 28 16 20 0
22721 28 17 20 0
22722 28 18 20 0
22723 28 19 20 0
22724 28 20 20 0
22725 28 21 20 0
22726 28 22 20 1390
22727 28 23 20 0
22728 28 24 20 0
22729 28 25 20 0
22730 28 26 20 0
22731 28 27 20 1396
22732 28 28 20 0
22733 28 29 20 0
22734 28 30 20 0
22735 28 31 20 0
22736 28 32 20 0
22737 29 0 20 0
22738 29 1 20 0
22739 29 2 20 0
22740 29 3 20 0
22741 29 4 20 0
22742 29 5 20 0
22743 29 6 20 1410
22744 29 7 20 1410
22745 29 8 20 0
22746 29 9 20 0
22747 29 10 20 0
22748 29 11 20 0
22749 29 12 20 0
22750 29 13 20 0
22751 29 14 20 1330
22752 29 15 20 0
22753 29 16 20 0
22754 29 17 20 0
22755 29 18 20 0
22756 29 19 20 1352
22757 29 20 20 0
22758 29 21 20 0
22759 29 22 20 1352
22760 29 23 20 1352
22761 29 24 20 0
22762 29 25 20 0
22763 29 26 20 0
22764 29 27 20 0
22765 29 28 20 0
22766 29 29 20 0
22767 29 30 20 0
22768 29 31 20 0
22769 29 32 20 0
22770 30 0 20 0
22771 30 1 20 0
22772 30 2 20 0
22773 30 3 20 0
22774 30 4 20 0
22775 30 5 20 0
22776 30 6 20 0
22777 30 7 20 0
22778 30 8 20 0
22779 30 9 20 0
22780 30 10 20 0
22781 30 11 20 0
22782 30 12 20 0
22783 30 13 20 0
22784 30 14 20 0
22785 30 15 20 0
22786 30 16 20 0
22787 30 17 20 0
22788 30 18 20 0
22789 30 19 20 1352
22790 30 20 20 1352
22791 30 21 20 1352
22792 30 22 20 0
22793 30 23 20 1352
22794 30 24 20 1352
22795 30 25 20 0
22796 30 26 20 0
22797 30 27 20 0
22798 30 28 20 0
22799 30 29 20 0
22800 30 30 20 0
22801 30 31 20 0
22802 30 32 20 0
22803 31 0 20 0
22804 31 1 20 0
22805 31 2 20 0
22806 31 3 20 0
22807 31 4 20 0
22808 31 5 20 0
22809 31 6 20 1497
22810 31 7 20 0
22811 31 8 20 1411
22812 31 9 20 0
22813 31 10 20 0
22814 31 11 20 0
22815 31 12 20 0
22816 31 13 20 0
22817 31 14 20 36
22818 31 15 20 36
22819 31 16 20 36
22820 31 17 20 0
22821 31 18 20 0
22822 31 19 20 1352
22823 31 20 20 1352
22824 31 21 20 1352
22825 31 22 20 1352
22826 31 23 20 0
22827 31 24 20 0
22828 31 25 20 1528
22829 31 26 20 0
22830 31 27 20 0
22831 31 28 20 0
22832 31 29 20 0
22833 31 30 20 0
22834 31 31 20 0
22835 31 32 20 0
22836 32 0 20 5
22837 32 1 20 0
22838 32 2 20 0
22839 32 3 20 0
22840 32 4 20 0
22841 32 5 20 0
22842 32 6 20 0
22843 32 7 20 0
22844 32 8 20 0
22845 32 9 20 0
22846 32 10 20 0
22847 32 11 20 0
22848 32 12 20 0
22849 32 13 20 0
22850 32 14 20 36
22851 32 15 20 36
22852 32 16 20 0
22853 32 17 20 0
22854 32 18 20 0
22855 32 19 20 0
22856 32 20 20 1352
22857 32 21 20 0
22858 32 22 20 0
22859 32 23 20 0
22860 32 24 20 0
22861 32 25 20 0
22862 32 26 20 0
22863 32 27 20 0
22864 32 28 20 0
22865 32 29 20 0
22866 32 30 20 0
22867 32 31 20 0
22868 32 32 20 0
22869 0 0 21 5
22870 0 1 21 5
22871 0 2 21 0
22872 0 3 21 0
22873 0 4 21 0
22874 0 5 21 0
22875 0 6 21 0
22876 0 7 21 0
22877 0 8 21 0
22878 0 9 21 0
22879 0 10 21 0
22880 0 11 21 0
22881 0 12 21 0
22882 0 13 21 0
22883 0 14 21 0
22884 0 15 21 0
22885 0 16 21 0
22886 0 17 21 0
22887 0 18 21 0
22888 0 19 21 0
22889 0 20 21 0
22890 0 21 21 0
22891 0 22 21 0
22892 0 23 21 0
22893 0 24 21 0
22894 0 25 21 0
22895 0 26 21 62
22896 0 27 21 0
22897 0 28 21 0
22898 0 29 21 65
22899 0 30 21 0
22900 0 31 21 0
22901 0 32 21 0
22902 1 0 21 5
22903 1 1 21 5
22904 1 2 21 0
22905 1 3 21 81
22906 1 4 21 0
22907 1 5 21 0
22908 1 6 21 0
22909 1 7 21 0
22910 1 8 21 0
22911 1 9 21 0
22912 1 10 21 0
22913 1 11 21 0
22914 1 12 21 0
22915 1 13 21 0
22916 1 14 21 0
22917 1 15 21 0
22918 1 16 21 0
22919 1 17 21 0
22920 1 18 21 0
22921 1 19 21 41
22922 1 20 21 41
22923 1 21 21 0
22924 1 22 21 0
22925 1 23 21 0
22926 1 24 21 113
22927 1 25 21 0
22928 1 26 21 0
22929 1 27 21 0
22930 1 28 21 0
22931 1 29 21 0
22932 1 30 21 0
22933 1 31 21 0
22934 1 32 21 0
22935 2 0 21 0
22936 2 1 21 0
22937 2 2 21 5
22938 2 3 21 81
22939 2 4 21 139
22940 2 5 21 0
22941 2 6 21 0
22942 2 7 21 0
22943 2 8 21 0
22944 2 9 21 0
22945 2 10 21 0
22946 2 11 21 0
22947 2 12 21 103
22948 2 13 21 103
22949 2 14 21 103
22950 2 15 21 103
22951 2 16 21 0
22952 2 17 21 0
22953 2 18 21 41
22954 2 19 21 41
22955 2 20 21 0
22956 2 21 21 0
22957 2 22 21 0
22958 2 23 21 113
22959 2 24 21 113
22960 2 25 21 113
22961 2 26 21 0
22962 2 27 21 0
22963 2 28 21 0
22964 2 29 21 0
22965 2 30 21 0
22966 2 31 21 0
22967 2 32 21 5
22968 3 0 21 177
22969 3 1 21 0
22970 3 2 21 0
22971 3 3 21 0
22972 3 4 21 0
22973 3 5 21 0
22974 3 6 21 89
22975 3 7 21 0
22976 3 8 21 0
22977 3 9 21 0
22978 3 10 21 0
22979 3 11 21 0
22980 3 12 21 103
22981 3 13 21 103
22982 3 14 21 103
22983 3 15 21 0
22984 3 16 21 192
22985 3 17 21 0
22986 3 18 21 41
22987 3 19 21 0
22988 3 20 21 0
22989 3 21 21 113
22990 3 22 21 113
22991 3 23 21 113
22992 3 24 21 113
22993 3 25 21 113
22994 3 26 21 113
22995 3 27 21 0
22996 3 28 21 212
22997 3 29 21 0
22998 3 30 21 0
22999 3 31 21 0
23000 3 32 21 0
23001 4 0 21 177
23002 4 1 21 177
23003 4 2 21 0
23004 4 3 21 0
23005 4 4 21 0
23006 4 5 21 89
23007 4 6 21 89
23008 4 7 21 0
23009 4 8 21 228
23010 4 9 21 0
23011 4 10 21 0
23012 4 11 21 0
23013 4 12 21 0
23014 4 13 21 103
23015 4 14 21 103
23016 4 15 21 0
23017 4 16 21 192
23018 4 17 21 0
23019 4 18 21 41
23020 4 19 21 0
23021 4 20 21 0
23022 4 21 21 0
23023 4 22 21 113
23024 4 23 21 113
23025 4 24 21 113
23026 4 25 21 113
23027 4 26 21 0
23028 4 27 21 0
23029 4 28 21 0
23030 4 29 21 0
23031 4 30 21 0
23032 4 31 21 262
23033 4 32 21 0
23034 5 0 21 0
23035 5 1 21 0
23036 5 2 21 0
23037 5 3 21 0
23038 5 4 21 0
23039 5 5 21 0
23040 5 6 21 0
23041 5 7 21 276
23042 5 8 21 276
23043 5 9 21 281
23044 5 10 21 0
23045 5 11 21 286
23046 5 12 21 0
23047 5 13 21 0
23048 5 14 21 0
23049 5 15 21 0
23050 5 16 21 0
23051 5 17 21 0
23052 5 18 21 0
23053 5 19 21 0
23054 5 20 21 0
23055 5 21 21 0
23056 5 22 21 0
23057 5 23 21 0
23058 5 24 21 0
23059 5 25 21 0
23060 5 26 21 0
23061 5 27 21 0
23062 5 28 21 0
23063 5 29 21 0
23064 5 30 21 0
23065 5 31 21 0
23066 5 32 21 0
23067 6 0 21 0
23068 6 1 21 0
23069 6 2 21 0
23070 6 3 21 0
23071 6 4 21 0
23072 6 5 21 0
23073 6 6 21 315
23074 6 7 21 0
23075 6 8 21 0
23076 6 9 21 0
23077 6 10 21 0
23078 6 11 21 286
23079 6 12 21 325
23080 6 13 21 0
23081 6 14 21 0
23082 6 15 21 0
23083 6 16 21 0
23084 6 17 21 0
23085 6 18 21 0
23086 6 19 21 0
23087 6 20 21 0
23088 6 21 21 0
23089 6 22 21 0
23090 6 23 21 0
23091 6 24 21 0
23092 6 25 21 0
23093 6 26 21 0
23094 6 27 21 0
23095 6 28 21 0
23096 6 29 21 0
23097 6 30 21 304
23098 6 31 21 304
23099 6 32 21 0
23100 7 0 21 0
23101 7 1 21 0
23102 7 2 21 0
23103 7 3 21 0
23104 7 4 21 0
23105 7 5 21 0
23106 7 6 21 0
23107 7 7 21 0
23108 7 8 21 0
23109 7 9 21 0
23110 7 10 21 0
23111 7 11 21 0
23112 7 12 21 325
23113 7 13 21 0
23114 7 14 21 0
23115 7 15 21 0
23116 7 16 21 0
23117 7 17 21 0
23118 7 18 21 0
23119 7 19 21 373
23120 7 20 21 0
23121 7 21 21 0
23122 7 22 21 0
23123 7 23 21 379
23124 7 24 21 0
23125 7 25 21 0
23126 7 26 21 0
23127 7 27 21 0
23128 7 28 21 0
23129 7 29 21 0
23130 7 30 21 0
23131 7 31 21 0
23132 7 32 21 0
23133 8 0 21 0
23134 8 1 21 0
23135 8 2 21 390
23136 8 3 21 390
23137 8 4 21 0
23138 8 5 21 0
23139 8 6 21 0
23140 8 7 21 0
23141 8 8 21 0
23142 8 9 21 0
23143 8 10 21 0
23144 8 11 21 0
23145 8 12 21 0
23146 8 13 21 0
23147 8 14 21 0
23148 8 15 21 0
23149 8 16 21 0
23150 8 17 21 0
23151 8 18 21 0
23152 8 19 21 0
23153 8 20 21 0
23154 8 21 21 0
23155 8 22 21 0
23156 8 23 21 0
23157 8 24 21 0
23158 8 25 21 425
23159 8 26 21 425
23160 8 27 21 0
23161 8 28 21 0
23162 8 29 21 0
23163 8 30 21 0
23164 8 31 21 0
23165 8 32 21 0
23166 9 0 21 0
23167 9 1 21 0
23168 9 2 21 390
23169 9 3 21 390
23170 9 4 21 0
23171 9 5 21 0
23172 9 6 21 0
23173 9 7 21 0
23174 9 8 21 0
23175 9 9 21 0
23176 9 10 21 0
23177 9 11 21 0
23178 9 12 21 0
23179 9 13 21 0
23180 9 14 21 0
23181 9 15 21 457
23182 9 16 21 0
23183 9 17 21 0
23184 9 18 21 0
23185 9 19 21 0
23186 9 20 21 0
23187 9 21 21 0
23188 9 22 21 0
23189 9 23 21 0
23190 9 24 21 0
23191 9 25 21 425
23192 9 26 21 425
23193 9 27 21 0
23194 9 28 21 0
23195 9 29 21 383
23196 9 30 21 0
23197 9 31 21 0
23198 9 32 21 0
23199 10 0 21 437
23200 10 1 21 0
23201 10 2 21 390
23202 10 3 21 0
23203 10 4 21 0
23204 10 5 21 0
23205 10 6 21 0
23206 10 7 21 0
23207 10 8 21 0
23208 10 9 21 498
23209 10 10 21 498
23210 10 11 21 0
23211 10 12 21 0
23212 10 13 21 0
23213 10 14 21 0
23214 10 15 21 457
23215 10 16 21 457
23216 10 17 21 0
23217 10 18 21 0
23218 10 19 21 0
23219 10 20 21 0
23220 10 21 21 0
23221 10 22 21 0
23222 10 23 21 0
23223 10 24 21 516
23224 10 25 21 0
23225 10 26 21 0
23226 10 27 21 0
23227 10 28 21 0
23228 10 29 21 383
23229 10 30 21 0
23230 10 31 21 0
23231 10 32 21 0
23232 11 0 21 437
23233 11 1 21 0
23234 11 2 21 0
23235 11 3 21 0
23236 11 4 21 0
23237 11 5 21 0
23238 11 6 21 498
23239 11 7 21 498
23240 11 8 21 498
23241 11 9 21 498
23242 11 10 21 0
23243 11 11 21 553
23244 11 12 21 0
23245 11 13 21 0
23246 11 14 21 411
23247 11 15 21 0
23248 11 16 21 457
23249 11 17 21 0
23250 11 18 21 0
23251 11 19 21 0
23252 11 20 21 0
23253 11 21 21 0
23254 11 22 21 0
23255 11 23 21 0
23256 11 24 21 516
23257 11 25 21 516
23258 11 26 21 0
23259 11 27 21 0
23260 11 28 21 0
23261 11 29 21 383
23262 11 30 21 0
23263 11 31 21 0
23264 11 32 21 437
23265 12 0 21 437
23266 12 1 21 0
23267 12 2 21 0
23268 12 3 21 0
23269 12 4 21 0
23270 12 5 21 0
23271 12 6 21 0
23272 12 7 21 498
23273 12 8 21 0
23274 12 9 21 0
23275 12 10 21 0
23276 12 11 21 553
23277 12 12 21 553
23278 12 13 21 0
23279 12 14 21 0
23280 12 15 21 0
23281 12 16 21 0
23282 12 17 21 0
23283 12 18 21 0
23284 12 19 21 0
23285 12 20 21 0
23286 12 21 21 0
23287 12 22 21 0
23288 12 23 21 0
23289 12 24 21 516
23290 12 25 21 516
23291 12 26 21 0
23292 12 27 21 0
23293 12 28 21 616
23294 12 29 21 0
23295 12 30 21 0
23296 12 31 21 0
23297 12 32 21 437
23298 13 0 21 0
23299 13 1 21 0
23300 13 2 21 0
23301 13 3 21 0
23302 13 4 21 0
23303 13 5 21 0
23304 13 6 21 0
23305 13 7 21 0
23306 13 8 21 0
23307 13 9 21 0
23308 13 10 21 0
23309 13 11 21 553
23310 13 12 21 0
23311 13 13 21 0
23312 13 14 21 0
23313 13 15 21 0
23314 13 16 21 0
23315 13 17 21 0
23316 13 18 21 0
23317 13 19 21 0
23318 13 20 21 512
23319 13 21 21 0
23320 13 22 21 0
23321 13 23 21 0
23322 13 24 21 0
23323 13 25 21 0
23324 13 26 21 0
23325 13 27 21 0
23326 13 28 21 0
23327 13 29 21 0
23328 13 30 21 0
23329 13 31 21 0
23330 13 32 21 0
23331 14 0 21 0
23332 14 1 21 0
23333 14 2 21 0
23334 14 3 21 0
23335 14 4 21 0
23336 14 5 21 0
23337 14 6 21 0
23338 14 7 21 0
23339 14 8 21 0
23340 14 9 21 0
23341 14 10 21 0
23342 14 11 21 0
23343 14 12 21 0
23344 14 13 21 0
23345 14 14 21 0
23346 14 15 21 0
23347 14 16 21 0
23348 14 17 21 0
23349 14 18 21 0
23350 14 19 21 0
23351 14 20 21 0
23352 14 21 21 0
23353 14 22 21 704
23354 14 23 21 0
23355 14 24 21 0
23356 14 25 21 0
23357 14 26 21 0
23358 14 27 21 0
23359 14 28 21 0
23360 14 29 21 0
23361 14 30 21 0
23362 14 31 21 0
23363 14 32 21 0
23364 15 0 21 0
23365 15 1 21 0
23366 15 2 21 0
23367 15 3 21 0
23368 15 4 21 0
23369 15 5 21 0
23370 15 6 21 0
23371 15 7 21 0
23372 15 8 21 0
23373 15 9 21 0
23374 15 10 21 735
23375 15 11 21 735
23376 15 12 21 0
23377 15 13 21 0
23378 15 14 21 695
23379 15 15 21 695
23380 15 16 21 0
23381 15 17 21 0
23382 15 18 21 0
23383 15 19 21 0
23384 15 20 21 0
23385 15 21 21 752
23386 15 22 21 0
23387 15 23 21 0
23388 15 24 21 0
23389 15 25 21 0
23390 15 26 21 0
23391 15 27 21 0
23392 15 28 21 0
23393 15 29 21 0
23394 15 30 21 0
23395 15 31 21 0
23396 15 32 21 0
23397 16 0 21 773
23398 16 1 21 586
23399 16 2 21 776
23400 16 3 21 0
23401 16 4 21 0
23402 16 5 21 0
23403 16 6 21 0
23404 16 7 21 0
23405 16 8 21 735
23406 16 9 21 735
23407 16 10 21 735
23408 16 11 21 735
23409 16 12 21 0
23410 16 13 21 0
23411 16 14 21 695
23412 16 15 21 695
23413 16 16 21 695
23414 16 17 21 0
23415 16 18 21 804
23416 16 19 21 0
23417 16 20 21 0
23418 16 21 21 0
23419 16 22 21 0
23420 16 23 21 0
23421 16 24 21 815
23422 16 25 21 819
23423 16 26 21 0
23424 16 27 21 0
23425 16 28 21 0
23426 16 29 21 823
23427 16 30 21 823
23428 16 31 21 0
23429 16 32 21 0
23430 17 0 21 0
23431 17 1 21 586
23432 17 2 21 586
23433 17 3 21 0
23434 17 4 21 0
23435 17 5 21 0
23436 17 6 21 0
23437 17 7 21 0
23438 17 8 21 0
23439 17 9 21 0
23440 17 10 21 0
23441 17 11 21 0
23442 17 12 21 0
23443 17 13 21 0
23444 17 14 21 695
23445 17 15 21 695
23446 17 16 21 0
23447 17 17 21 0
23448 17 18 21 0
23449 17 19 21 0
23450 17 20 21 0
23451 17 21 21 0
23452 17 22 21 0
23453 17 23 21 0
23454 17 24 21 0
23455 17 25 21 0
23456 17 26 21 0
23457 17 27 21 0
23458 17 28 21 0
23459 17 29 21 0
23460 17 30 21 0
23461 17 31 21 0
23462 17 32 21 0
23463 18 0 21 0
23464 18 1 21 0
23465 18 2 21 0
23466 18 3 21 0
23467 18 4 21 877
23468 18 5 21 0
23469 18 6 21 0
23470 18 7 21 0
23471 18 8 21 0
23472 18 9 21 0
23473 18 10 21 0
23474 18 11 21 0
23475 18 12 21 0
23476 18 13 21 0
23477 18 14 21 0
23478 18 15 21 0
23479 18 16 21 893
23480 18 17 21 0
23481 18 18 21 0
23482 18 19 21 0
23483 18 20 21 0
23484 18 21 21 0
23485 18 22 21 0
23486 18 23 21 0
23487 18 24 21 0
23488 18 25 21 0
23489 18 26 21 0
23490 18 27 21 0
23491 18 28 21 0
23492 18 29 21 0
23493 18 30 21 0
23494 18 31 21 0
23495 18 32 21 909
23496 19 0 21 909
23497 19 1 21 0
23498 19 2 21 0
23499 19 3 21 0
23500 19 4 21 0
23501 19 5 21 0
23502 19 6 21 0
23503 19 7 21 0
23504 19 8 21 0
23505 19 9 21 0
23506 19 10 21 0
23507 19 11 21 0
23508 19 12 21 0
23509 19 13 21 0
23510 19 14 21 0
23511 19 15 21 0
23512 19 16 21 0
23513 19 17 21 0
23514 19 18 21 943
23515 19 19 21 0
23516 19 20 21 0
23517 19 21 21 0
23518 19 22 21 949
23519 19 23 21 0
23520 19 24 21 0
23521 19 25 21 0
23522 19 26 21 0
23523 19 27 21 0
23524 19 28 21 0
23525 19 29 21 0
23526 19 30 21 909
23527 19 31 21 909
23528 19 32 21 909
23529 20 0 21 909
23530 20 1 21 0
23531 20 2 21 0
23532 20 3 21 0
23533 20 4 21 0
23534 20 5 21 0
23535 20 6 21 0
23536 20 7 21 0
23537 20 8 21 0
23538 20 9 21 0
23539 20 10 21 925
23540 20 11 21 0
23541 20 12 21 0
23542 20 13 21 0
23543 20 14 21 934
23544 20 15 21 0
23545 20 16 21 0
23546 20 17 21 993
23547 20 18 21 0
23548 20 19 21 0
23549 20 20 21 0
23550 20 21 21 949
23551 20 22 21 949
23552 20 23 21 949
23553 20 24 21 0
23554 20 25 21 0
23555 20 26 21 0
23556 20 27 21 0
23557 20 28 21 0
23558 20 29 21 909
23559 20 30 21 909
23560 20 31 21 909
23561 20 32 21 909
23562 21 0 21 909
23563 21 1 21 0
23564 21 2 21 0
23565 21 3 21 0
23566 21 4 21 920
23567 21 5 21 0
23568 21 6 21 0
23569 21 7 21 981
23570 21 8 21 0
23571 21 9 21 925
23572 21 10 21 925
23573 21 11 21 925
23574 21 12 21 0
23575 21 13 21 0
23576 21 14 21 934
23577 21 15 21 0
23578 21 16 21 0
23579 21 17 21 0
23580 21 18 21 0
23581 21 19 21 0
23582 21 20 21 0
23583 21 21 21 949
23584 21 22 21 949
23585 21 23 21 0
23586 21 24 21 0
23587 21 25 21 1003
23588 21 26 21 0
23589 21 27 21 1054
23590 21 28 21 0
23591 21 29 21 0
23592 21 30 21 909
23593 21 31 21 909
23594 21 32 21 909
23595 22 0 21 0
23596 22 1 21 0
23597 22 2 21 0
23598 22 3 21 1067
23599 22 4 21 0
23600 22 5 21 0
23601 22 6 21 0
23602 22 7 21 981
23603 22 8 21 0
23604 22 9 21 925
23605 22 10 21 925
23606 22 11 21 925
23607 22 12 21 0
23608 22 13 21 0
23609 22 14 21 0
23610 22 15 21 0
23611 22 16 21 0
23612 22 17 21 0
23613 22 18 21 0
23614 22 19 21 0
23615 22 20 21 0
23616 22 21 21 0
23617 22 22 21 0
23618 22 23 21 0
23619 22 24 21 0
23620 22 25 21 0
23621 22 26 21 0
23622 22 27 21 0
23623 22 28 21 0
23624 22 29 21 0
23625 22 30 21 909
23626 22 31 21 909
23627 22 32 21 909
23628 23 0 21 0
23629 23 1 21 0
23630 23 2 21 0
23631 23 3 21 0
23632 23 4 21 0
23633 23 5 21 0
23634 23 6 21 0
23635 23 7 21 1112
23636 23 8 21 0
23637 23 9 21 925
23638 23 10 21 925
23639 23 11 21 0
23640 23 12 21 0
23641 23 13 21 0
23642 23 14 21 1120
23643 23 15 21 0
23644 23 16 21 0
23645 23 17 21 0
23646 23 18 21 0
23647 23 19 21 0
23648 23 20 21 0
23649 23 21 21 0
23650 23 22 21 0
23651 23 23 21 1128
23652 23 24 21 0
23653 23 25 21 0
23654 23 26 21 0
23655 23 27 21 1135
23656 23 28 21 0
23657 23 29 21 0
23658 23 30 21 0
23659 23 31 21 0
23660 23 32 21 0
23661 24 0 21 0
23662 24 1 21 0
23663 24 2 21 1104
23664 24 3 21 0
23665 24 4 21 0
23666 24 5 21 0
23667 24 6 21 0
23668 24 7 21 0
23669 24 8 21 0
23670 24 9 21 0
23671 24 10 21 0
23672 24 11 21 0
23673 24 12 21 0
23674 24 13 21 0
23675 24 14 21 0
23676 24 15 21 0
23677 24 16 21 0
23678 24 17 21 0
23679 24 18 21 0
23680 24 19 21 0
23681 24 20 21 0
23682 24 21 21 0
23683 24 22 21 1177
23684 24 23 21 0
23685 24 24 21 0
23686 24 25 21 0
23687 24 26 21 0
23688 24 27 21 1135
23689 24 28 21 0
23690 24 29 21 0
23691 24 30 21 0
23692 24 31 21 0
23693 24 32 21 0
23694 25 0 21 1192
23695 25 1 21 1192
23696 25 2 21 1192
23697 25 3 21 0
23698 25 4 21 0
23699 25 5 21 0
23700 25 6 21 0
23701 25 7 21 0
23702 25 8 21 0
23703 25 9 21 0
23704 25 10 21 1165
23705 25 11 21 1165
23706 25 12 21 0
23707 25 13 21 0
23708 25 14 21 0
23709 25 15 21 0
23710 25 16 21 0
23711 25 17 21 0
23712 25 18 21 0
23713 25 19 21 0
23714 25 20 21 1238
23715 25 21 21 0
23716 25 22 21 1177
23717 25 23 21 1177
23718 25 24 21 1177
23719 25 25 21 0
23720 25 26 21 0
23721 25 27 21 1251
23722 25 28 21 0
23723 25 29 21 0
23724 25 30 21 0
23725 25 31 21 0
23726 25 32 21 0
23727 26 0 21 1192
23728 26 1 21 1192
23729 26 2 21 1192
23730 26 3 21 0
23731 26 4 21 0
23732 26 5 21 0
23733 26 6 21 0
23734 26 7 21 0
23735 26 8 21 1210
23736 26 9 21 1210
23737 26 10 21 0
23738 26 11 21 0
23739 26 12 21 0
23740 26 13 21 0
23741 26 14 21 0
23742 26 15 21 0
23743 26 16 21 0
23744 26 17 21 0
23745 26 18 21 0
23746 26 19 21 0
23747 26 20 21 0
23748 26 21 21 0
23749 26 22 21 0
23750 26 23 21 1177
23751 26 24 21 0
23752 26 25 21 0
23753 26 26 21 0
23754 26 27 21 0
23755 26 28 21 0
23756 26 29 21 0
23757 26 30 21 0
23758 26 31 21 0
23759 26 32 21 0
23760 27 0 21 0
23761 27 1 21 1192
23762 27 2 21 0
23763 27 3 21 0
23764 27 4 21 0
23765 27 5 21 0
23766 27 6 21 0
23767 27 7 21 0
23768 27 8 21 0
23769 27 9 21 0
23770 27 10 21 1321
23771 27 11 21 0
23772 27 12 21 1324
23773 27 13 21 0
23774 27 14 21 0
23775 27 15 21 1282
23776 27 16 21 0
23777 27 17 21 0
23778 27 18 21 0
23779 27 19 21 0
23780 27 20 21 0
23781 27 21 21 1341
23782 27 22 21 0
23783 27 23 21 1346
23784 27 24 21 0
23785 27 25 21 1350
23786 27 26 21 0
23787 27 27 21 0
23788 27 28 21 0
23789 27 29 21 0
23790 27 30 21 0
23791 27 31 21 1360
23792 27 32 21 0
23793 28 0 21 0
23794 28 1 21 0
23795 28 2 21 0
23796 28 3 21 0
23797 28 4 21 0
23798 28 5 21 0
23799 28 6 21 0
23800 28 7 21 0
23801 28 8 21 0
23802 28 9 21 0
23803 28 10 21 0
23804 28 11 21 0
23805 28 12 21 0
23806 28 13 21 0
23807 28 14 21 0
23808 28 15 21 0
23809 28 16 21 0
23810 28 17 21 0
23811 28 18 21 0
23812 28 19 21 0
23813 28 20 21 0
23814 28 21 21 0
23815 28 22 21 0
23816 28 23 21 0
23817 28 24 21 0
23818 28 25 21 0
23819 28 26 21 1395
23820 28 27 21 0
23821 28 28 21 0
23822 28 29 21 0
23823 28 30 21 1360
23824 28 31 21 1360
23825 28 32 21 0
23826 29 0 21 0
23827 29 1 21 0
23828 29 2 21 0
23829 29 3 21 0
23830 29 4 21 0
23831 29 5 21 0
23832 29 6 21 1410
23833 29 7 21 1410
23834 29 8 21 0
23835 29 9 21 0
23836 29 10 21 0
23837 29 11 21 1424
23838 29 12 21 0
23839 29 13 21 0
23840 29 14 21 0
23841 29 15 21 0
23842 29 16 21 0
23843 29 17 21 0
23844 29 18 21 0
23845 29 19 21 0
23846 29 20 21 0
23847 29 21 21 0
23848 29 22 21 0
23849 29 23 21 0
23850 29 24 21 0
23851 29 25 21 0
23852 29 26 21 1395
23853 29 27 21 0
23854 29 28 21 0
23855 29 29 21 0
23856 29 30 21 0
23857 29 31 21 1360
23858 29 32 21 0
23859 30 0 21 0
23860 30 1 21 0
23861 30 2 21 0
23862 30 3 21 0
23863 30 4 21 0
23864 30 5 21 0
23865 30 6 21 1410
23866 30 7 21 1410
23867 30 8 21 0
23868 30 9 21 1411
23869 30 10 21 0
23870 30 11 21 0
23871 30 12 21 0
23872 30 13 21 0
23873 30 14 21 0
23874 30 15 21 0
23875 30 16 21 0
23876 30 17 21 0
23877 30 18 21 0
23878 30 19 21 0
23879 30 20 21 0
23880 30 21 21 0
23881 30 22 21 0
23882 30 23 21 0
23883 30 24 21 0
23884 30 25 21 0
23885 30 26 21 0
23886 30 27 21 0
23887 30 28 21 1484
23888 30 29 21 0
23889 30 30 21 0
23890 30 31 21 1360
23891 30 32 21 0
23892 31 0 21 5
23893 31 1 21 5
23894 31 2 21 0
23895 31 3 21 0
23896 31 4 21 1495
23897 31 5 21 1495
23898 31 6 21 0
23899 31 7 21 0
23900 31 8 21 1411
23901 31 9 21 1411
23902 31 10 21 0
23903 31 11 21 0
23904 31 12 21 0
23905 31 13 21 0
23906 31 14 21 0
23907 31 15 21 36
23908 31 16 21 1515
23909 31 17 21 0
23910 31 18 21 1522
23911 31 19 21 1352
23912 31 20 21 0
23913 31 21 21 0
23914 31 22 21 0
23915 31 23 21 0
23916 31 24 21 0
23917 31 25 21 0
23918 31 26 21 0
23919 31 27 21 0
23920 31 28 21 1484
23921 31 29 21 0
23922 31 30 21 0
23923 31 31 21 0
23924 31 32 21 0
23925 32 0 21 5
23926 32 1 21 5
23927 32 2 21 0
23928 32 3 21 0
23929 32 4 21 0
23930 32 5 21 1495
23931 32 6 21 0
23932 32 7 21 0
23933 32 8 21 0
23934 32 9 21 0
23935 32 10 21 0
23936 32 11 21 1545
23937 32 12 21 0
23938 32 13 21 0
23939 32 14 21 0
23940 32 15 21 36
23941 32 16 21 0
23942 32 17 21 0
23943 32 18 21 0
23944 32 19 21 0
23945 32 20 21 0
23946 32 21 21 0
23947 32 22 21 0
23948 32 23 21 0
23949 32 24 21 0
23950 32 25 21 0
23951 32 26 21 0
23952 32 27 21 0
23953 32 28 21 0
23954 32 29 21 0
23955 32 30 21 0
23956 32 31 21 0
23957 32 32 21 0
23958 0 0 22 5
23959 0 1 22 5
23960 0 2 22 0
23961 0 3 22 0
23962 0 4 22 0
23963 0 5 22 0
23964 0 6 22 0
23965 0 7 22 0
23966 0 8 22 0
23967 0 9 22 0
23968 0 10 22 0
23969 0 11 22 0
23970 0 12 22 0
23971 0 13 22 0
23972 0 14 22 0
23973 0 15 22 0
23974 0 16 22 0
23975 0 17 22 42
23976 0 18 22 45
23977 0 19 22 45
23978 0 20 22 0
23979 0 21 22 0
23980 0 22 22 54
23981 0 23 22 0
23982 0 24 22 59
23983 0 25 22 0
23984 0 26 22 62
23985 0 27 22 0
23986 0 28 22 0
23987 0 29 22 0
23988 0 30 22 66
23989 0 31 22 0
23990 0 32 22 0
23991 1 0 22 5
23992 1 1 22 0
23993 1 2 22 0
23994 1 3 22 81
23995 1 4 22 0
23996 1 5 22 0
23997 1 6 22 0
23998 1 7 22 0
23999 1 8 22 0
24000 1 9 22 0
24001 1 10 22 0
24002 1 11 22 0
24003 1 12 22 0
24004 1 13 22 0
24005 1 14 22 0
24006 1 15 22 103
24007 1 16 22 0
24008 1 17 22 0
24009 1 18 22 41
24010 1 19 22 41
24011 1 20 22 0
24012 1 21 22 0
24013 1 22 22 0
24014 1 23 22 0
24015 1 24 22 113
24016 1 25 22 0
24017 1 26 22 0
24018 1 27 22 0
24019 1 28 22 0
24020 1 29 22 66
24021 1 30 22 66
24022 1 31 22 0
24023 1 32 22 0
24024 2 0 22 5
24025 2 1 22 0
24026 2 2 22 0
24027 2 3 22 0
24028 2 4 22 0
24029 2 5 22 0
24030 2 6 22 89
24031 2 7 22 0
24032 2 8 22 0
24033 2 9 22 0
24034 2 10 22 0
24035 2 11 22 0
24036 2 12 22 0
24037 2 13 22 103
24038 2 14 22 103
24039 2 15 22 103
24040 2 16 22 0
24041 2 17 22 0
24042 2 18 22 0
24043 2 19 22 0
24044 2 20 22 0
24045 2 21 22 0
24046 2 22 22 0
24047 2 23 22 0
24048 2 24 22 0
24049 2 25 22 0
24050 2 26 22 170
24051 2 27 22 0
24052 2 28 22 0
24053 2 29 22 66
24054 2 30 22 66
24055 2 31 22 0
24056 2 32 22 5
24057 3 0 22 177
24058 3 1 22 0
24059 3 2 22 0
24060 3 3 22 0
24061 3 4 22 0
24062 3 5 22 89
24063 3 6 22 89
24064 3 7 22 89
24065 3 8 22 0
24066 3 9 22 0
24067 3 10 22 0
24068 3 11 22 0
24069 3 12 22 103
24070 3 13 22 103
24071 3 14 22 103
24072 3 15 22 0
24073 3 16 22 0
24074 3 17 22 0
24075 3 18 22 0
24076 3 19 22 0
24077 3 20 22 0
24078 3 21 22 0
24079 3 22 22 0
24080 3 23 22 113
24081 3 24 22 113
24082 3 25 22 0
24083 3 26 22 0
24084 3 27 22 0
24085 3 28 22 0
24086 3 29 22 0
24087 3 30 22 0
24088 3 31 22 0
24089 3 32 22 0
24090 4 0 22 177
24091 4 1 22 0
24092 4 2 22 0
24093 4 3 22 0
24094 4 4 22 0
24095 4 5 22 89
24096 4 6 22 89
24097 4 7 22 0
24098 4 8 22 0
24099 4 9 22 230
24100 4 10 22 0
24101 4 11 22 0
24102 4 12 22 0
24103 4 13 22 103
24104 4 14 22 0
24105 4 15 22 0
24106 4 16 22 192
24107 4 17 22 0
24108 4 18 22 0
24109 4 19 22 0
24110 4 20 22 0
24111 4 21 22 0
24112 4 22 22 0
24113 4 23 22 113
24114 4 24 22 0
24115 4 25 22 0
24116 4 26 22 0
24117 4 27 22 0
24118 4 28 22 0
24119 4 29 22 0
24120 4 30 22 0
24121 4 31 22 0
24122 4 32 22 0
24123 5 0 22 177
24124 5 1 22 177
24125 5 2 22 0
24126 5 3 22 0
24127 5 4 22 0
24128 5 5 22 0
24129 5 6 22 0
24130 5 7 22 0
24131 5 8 22 0
24132 5 9 22 0
24133 5 10 22 0
24134 5 11 22 0
24135 5 12 22 0
24136 5 13 22 0
24137 5 14 22 0
24138 5 15 22 0
24139 5 16 22 0
24140 5 17 22 0
24141 5 18 22 0
24142 5 19 22 0
24143 5 20 22 0
24144 5 21 22 296
24145 5 22 22 0
24146 5 23 22 0
24147 5 24 22 0
24148 5 25 22 0
24149 5 26 22 0
24150 5 27 22 0
24151 5 28 22 0
24152 5 29 22 0
24153 5 30 22 0
24154 5 31 22 0
24155 5 32 22 0
24156 6 0 22 0
24157 6 1 22 177
24158 6 2 22 0
24159 6 3 22 0
24160 6 4 22 0
24161 6 5 22 0
24162 6 6 22 0
24163 6 7 22 0
24164 6 8 22 0
24165 6 9 22 0
24166 6 10 22 0
24167 6 11 22 0
24168 6 12 22 325
24169 6 13 22 0
24170 6 14 22 0
24171 6 15 22 0
24172 6 16 22 0
24173 6 17 22 0
24174 6 18 22 0
24175 6 19 22 0
24176 6 20 22 0
24177 6 21 22 0
24178 6 22 22 0
24179 6 23 22 0
24180 6 24 22 0
24181 6 25 22 0
24182 6 26 22 0
24183 6 27 22 0
24184 6 28 22 213
24185 6 29 22 0
24186 6 30 22 0
24187 6 31 22 0
24188 6 32 22 0
24189 7 0 22 0
24190 7 1 22 0
24191 7 2 22 0
24192 7 3 22 0
24193 7 4 22 0
24194 7 5 22 0
24195 7 6 22 0
24196 7 7 22 0
24197 7 8 22 0
24198 7 9 22 0
24199 7 10 22 0
24200 7 11 22 0
24201 7 12 22 325
24202 7 13 22 0
24203 7 14 22 0
24204 7 15 22 0
24205 7 16 22 0
24206 7 17 22 0
24207 7 18 22 0
24208 7 19 22 0
24209 7 20 22 375
24210 7 21 22 0
24211 7 22 22 0
24212 7 23 22 0
24213 7 24 22 0
24214 7 25 22 0
24215 7 26 22 0
24216 7 27 22 0
24217 7 28 22 0
24218 7 29 22 0
24219 7 30 22 0
24220 7 31 22 0
24221 7 32 22 0
24222 8 0 22 0
24223 8 1 22 0
24224 8 2 22 390
24225 8 3 22 390
24226 8 4 22 390
24227 8 5 22 0
24228 8 6 22 0
24229 8 7 22 0
24230 8 8 22 0
24231 8 9 22 0
24232 8 10 22 0
24233 8 11 22 0
24234 8 12 22 0
24235 8 13 22 412
24236 8 14 22 0
24237 8 15 22 0
24238 8 16 22 0
24239 8 17 22 0
24240 8 18 22 0
24241 8 19 22 0
24242 8 20 22 0
24243 8 21 22 0
24244 8 22 22 0
24245 8 23 22 0
24246 8 24 22 0
24247 8 25 22 0
24248 8 26 22 0
24249 8 27 22 0
24250 8 28 22 429
24251 8 29 22 0
24252 8 30 22 0
24253 8 31 22 0
24254 8 32 22 0
24255 9 0 22 437
24256 9 1 22 0
24257 9 2 22 390
24258 9 3 22 390
24259 9 4 22 390
24260 9 5 22 0
24261 9 6 22 0
24262 9 7 22 0
24263 9 8 22 0
24264 9 9 22 0
24265 9 10 22 0
24266 9 11 22 0
24267 9 12 22 0
24268 9 13 22 0
24269 9 14 22 0
24270 9 15 22 0
24271 9 16 22 0
24272 9 17 22 0
24273 9 18 22 0
24274 9 19 22 0
24275 9 20 22 0
24276 9 21 22 466
24277 9 22 22 0
24278 9 23 22 0
24279 9 24 22 0
24280 9 25 22 0
24281 9 26 22 0
24282 9 27 22 0
24283 9 28 22 0
24284 9 29 22 0
24285 9 30 22 0
24286 9 31 22 0
24287 9 32 22 0
24288 10 0 22 437
24289 10 1 22 0
24290 10 2 22 0
24291 10 3 22 0
24292 10 4 22 0
24293 10 5 22 0
24294 10 6 22 492
24295 10 7 22 494
24296 10 8 22 0
24297 10 9 22 498
24298 10 10 22 498
24299 10 11 22 0
24300 10 12 22 0
24301 10 13 22 0
24302 10 14 22 0
24303 10 15 22 0
24304 10 16 22 0
24305 10 17 22 0
24306 10 18 22 0
24307 10 19 22 0
24308 10 20 22 0
24309 10 21 22 0
24310 10 22 22 0
24311 10 23 22 0
24312 10 24 22 0
24313 10 25 22 0
24314 10 26 22 0
24315 10 27 22 0
24316 10 28 22 0
24317 10 29 22 0
24318 10 30 22 0
24319 10 31 22 0
24320 10 32 22 437
24321 11 0 22 0
24322 11 1 22 0
24323 11 2 22 0
24324 11 3 22 0
24325 11 4 22 545
24326 11 5 22 0
24327 11 6 22 0
24328 11 7 22 0
24329 11 8 22 498
24330 11 9 22 498
24331 11 10 22 0
24332 11 11 22 0
24333 11 12 22 0
24334 11 13 22 0
24335 11 14 22 501
24336 11 15 22 0
24337 11 16 22 0
24338 11 17 22 0
24339 11 18 22 0
24340 11 19 22 0
24341 11 20 22 0
24342 11 21 22 0
24343 11 22 22 0
24344 11 23 22 516
24345 11 24 22 516
24346 11 25 22 516
24347 11 26 22 0
24348 11 27 22 0
24349 11 28 22 0
24350 11 29 22 0
24351 11 30 22 0
24352 11 31 22 0
24353 11 32 22 0
24354 12 0 22 437
24355 12 1 22 0
24356 12 2 22 0
24357 12 3 22 0
24358 12 4 22 545
24359 12 5 22 0
24360 12 6 22 0
24361 12 7 22 0
24362 12 8 22 498
24363 12 9 22 0
24364 12 10 22 553
24365 12 11 22 553
24366 12 12 22 553
24367 12 13 22 0
24368 12 14 22 0
24369 12 15 22 0
24370 12 16 22 563
24371 12 17 22 563
24372 12 18 22 0
24373 12 19 22 0
24374 12 20 22 0
24375 12 21 22 0
24376 12 22 22 0
24377 12 23 22 0
24378 12 24 22 516
24379 12 25 22 516
24380 12 26 22 0
24381 12 27 22 616
24382 12 28 22 616
24383 12 29 22 616
24384 12 30 22 0
24385 12 31 22 0
24386 12 32 22 437
24387 13 0 22 0
24388 13 1 22 632
24389 13 2 22 0
24390 13 3 22 0
24391 13 4 22 0
24392 13 5 22 0
24393 13 6 22 0
24394 13 7 22 0
24395 13 8 22 0
24396 13 9 22 0
24397 13 10 22 553
24398 13 11 22 553
24399 13 12 22 0
24400 13 13 22 0
24401 13 14 22 0
24402 13 15 22 0
24403 13 16 22 0
24404 13 17 22 0
24405 13 18 22 0
24406 13 19 22 0
24407 13 20 22 0
24408 13 21 22 0
24409 13 22 22 0
24410 13 23 22 0
24411 13 24 22 516
24412 13 25 22 516
24413 13 26 22 0
24414 13 27 22 0
24415 13 28 22 0
24416 13 29 22 0
24417 13 30 22 0
24418 13 31 22 0
24419 13 32 22 0
24420 14 0 22 632
24421 14 1 22 632
24422 14 2 22 0
24423 14 3 22 0
24424 14 4 22 0
24425 14 5 22 0
24426 14 6 22 0
24427 14 7 22 0
24428 14 8 22 0
24429 14 9 22 0
24430 14 10 22 0
24431 14 11 22 0
24432 14 12 22 0
24433 14 13 22 0
24434 14 14 22 0
24435 14 15 22 0
24436 14 16 22 0
24437 14 17 22 0
24438 14 18 22 0
24439 14 19 22 0
24440 14 20 22 0
24441 14 21 22 0
24442 14 22 22 0
24443 14 23 22 0
24444 14 24 22 0
24445 14 25 22 0
24446 14 26 22 0
24447 14 27 22 0
24448 14 28 22 711
24449 14 29 22 0
24450 14 30 22 0
24451 14 31 22 0
24452 14 32 22 0
24453 15 0 22 632
24454 15 1 22 632
24455 15 2 22 0
24456 15 3 22 0
24457 15 4 22 0
24458 15 5 22 0
24459 15 6 22 0
24460 15 7 22 0
24461 15 8 22 0
24462 15 9 22 0
24463 15 10 22 0
24464 15 11 22 0
24465 15 12 22 0
24466 15 13 22 0
24467 15 14 22 695
24468 15 15 22 0
24469 15 16 22 0
24470 15 17 22 0
24471 15 18 22 0
24472 15 19 22 748
24473 15 20 22 0
24474 15 21 22 0
24475 15 22 22 0
24476 15 23 22 0
24477 15 24 22 0
24478 15 25 22 0
24479 15 26 22 0
24480 15 27 22 0
24481 15 28 22 0
24482 15 29 22 0
24483 15 30 22 0
24484 15 31 22 769
24485 15 32 22 0
24486 16 0 22 0
24487 16 1 22 586
24488 16 2 22 586
24489 16 3 22 0
24490 16 4 22 0
24491 16 5 22 0
24492 16 6 22 0
24493 16 7 22 0
24494 16 8 22 0
24495 16 9 22 0
24496 16 10 22 0
24497 16 11 22 0
24498 16 12 22 0
24499 16 13 22 0
24500 16 14 22 695
24501 16 15 22 695
24502 16 16 22 0
24503 16 17 22 0
24504 16 18 22 0
24505 16 19 22 0
24506 16 20 22 806
24507 16 21 22 0
24508 16 22 22 808
24509 16 23 22 0
24510 16 24 22 0
24511 16 25 22 0
24512 16 26 22 0
24513 16 27 22 0
24514 16 28 22 0
24515 16 29 22 824
24516 16 30 22 0
24517 16 31 22 0
24518 16 32 22 0
24519 17 0 22 0
24520 17 1 22 586
24521 17 2 22 586
24522 17 3 22 586
24523 17 4 22 0
24524 17 5 22 0
24525 17 6 22 0
24526 17 7 22 0
24527 17 8 22 0
24528 17 9 22 0
24529 17 10 22 0
24530 17 11 22 0
24531 17 12 22 0
24532 17 13 22 0
24533 17 14 22 0
24534 17 15 22 0
24535 17 16 22 0
24536 17 17 22 0
24537 17 18 22 0
24538 17 19 22 0
24539 17 20 22 0
24540 17 21 22 0
24541 17 22 22 0
24542 17 23 22 0
24543 17 24 22 0
24544 17 25 22 0
24545 17 26 22 0
24546 17 27 22 0
24547 17 28 22 0
24548 17 29 22 824
24549 17 30 22 0
24550 17 31 22 0
24551 17 32 22 0
24552 18 0 22 0
24553 18 1 22 0
24554 18 2 22 0
24555 18 3 22 0
24556 18 4 22 0
24557 18 5 22 878
24558 18 6 22 0
24559 18 7 22 0
24560 18 8 22 0
24561 18 9 22 0
24562 18 10 22 0
24563 18 11 22 0
24564 18 12 22 0
24565 18 13 22 0
24566 18 14 22 0
24567 18 15 22 0
24568 18 16 22 0
24569 18 17 22 0
24570 18 18 22 0
24571 18 19 22 0
24572 18 20 22 898
24573 18 21 22 0
24574 18 22 22 0
24575 18 23 22 0
24576 18 24 22 0
24577 18 25 22 0
24578 18 26 22 0
24579 18 27 22 0
24580 18 28 22 0
24581 18 29 22 0
24582 18 30 22 0
24583 18 31 22 0
24584 18 32 22 0
24585 19 0 22 0
24586 19 1 22 0
24587 19 2 22 0
24588 19 3 22 0
24589 19 4 22 920
24590 19 5 22 0
24591 19 6 22 0
24592 19 7 22 0
24593 19 8 22 925
24594 19 9 22 0
24595 19 10 22 0
24596 19 11 22 0
24597 19 12 22 925
24598 19 13 22 0
24599 19 14 22 0
24600 19 15 22 0
24601 19 16 22 0
24602 19 17 22 0
24603 19 18 22 0
24604 19 19 22 0
24605 19 20 22 0
24606 19 21 22 0
24607 19 22 22 0
24608 19 23 22 0
24609 19 24 22 0
24610 19 25 22 0
24611 19 26 22 0
24612 19 27 22 0
24613 19 28 22 0
24614 19 29 22 0
24615 19 30 22 909
24616 19 31 22 909
24617 19 32 22 909
24618 20 0 22 0
24619 20 1 22 0
24620 20 2 22 0
24621 20 3 22 0
24622 20 4 22 920
24623 20 5 22 0
24624 20 6 22 0
24625 20 7 22 0
24626 20 8 22 925
24627 20 9 22 925
24628 20 10 22 0
24629 20 11 22 925
24630 20 12 22 925
24631 20 13 22 0
24632 20 14 22 0
24633 20 15 22 889
24634 20 16 22 0
24635 20 17 22 993
24636 20 18 22 0
24637 20 19 22 0
24638 20 20 22 0
24639 20 21 22 949
24640 20 22 22 949
24641 20 23 22 0
24642 20 24 22 0
24643 20 25 22 1003
24644 20 26 22 0
24645 20 27 22 0
24646 20 28 22 0
24647 20 29 22 0
24648 20 30 22 909
24649 20 31 22 909
24650 20 32 22 909
24651 21 0 22 0
24652 21 1 22 1012
24653 21 2 22 0
24654 21 3 22 0
24655 21 4 22 920
24656 21 5 22 0
24657 21 6 22 0
24658 21 7 22 0
24659 21 8 22 0
24660 21 9 22 925
24661 21 10 22 925
24662 21 11 22 925
24663 21 12 22 0
24664 21 13 22 0
24665 21 14 22 934
24666 21 15 22 0
24667 21 16 22 0
24668 21 17 22 0
24669 21 18 22 0
24670 21 19 22 949
24671 21 20 22 949
24672 21 21 22 949
24673 21 22 22 949
24674 21 23 22 949
24675 21 24 22 0
24676 21 25 22 1003
24677 21 26 22 0
24678 21 27 22 1055
24679 21 28 22 0
24680 21 29 22 0
24681 21 30 22 909
24682 21 31 22 909
24683 21 32 22 909
24684 22 0 22 0
24685 22 1 22 0
24686 22 2 22 0
24687 22 3 22 0
24688 22 4 22 0
24689 22 5 22 0
24690 22 6 22 1070
24691 22 7 22 0
24692 22 8 22 0
24693 22 9 22 925
24694 22 10 22 925
24695 22 11 22 925
24696 22 12 22 0
24697 22 13 22 0
24698 22 14 22 0
24699 22 15 22 0
24700 22 16 22 0
24701 22 17 22 0
24702 22 18 22 1036
24703 22 19 22 0
24704 22 20 22 949
24705 22 21 22 0
24706 22 22 22 949
24707 22 23 22 0
24708 22 24 22 0
24709 22 25 22 0
24710 22 26 22 0
24711 22 27 22 0
24712 22 28 22 0
24713 22 29 22 0
24714 22 30 22 909
24715 22 31 22 909
24716 22 32 22 909
24717 23 0 22 0
24718 23 1 22 0
24719 23 2 22 1104
24720 23 3 22 0
24721 23 4 22 0
24722 23 5 22 0
24723 23 6 22 0
24724 23 7 22 0
24725 23 8 22 0
24726 23 9 22 0
24727 23 10 22 925
24728 23 11 22 0
24729 23 12 22 0
24730 23 13 22 0
24731 23 14 22 0
24732 23 15 22 0
24733 23 16 22 0
24734 23 17 22 0
24735 23 18 22 1036
24736 23 19 22 0
24737 23 20 22 0
24738 23 21 22 0
24739 23 22 22 0
24740 23 23 22 0
24741 23 24 22 0
24742 23 25 22 1131
24743 23 26 22 0
24744 23 27 22 0
24745 23 28 22 0
24746 23 29 22 0
24747 23 30 22 909
24748 23 31 22 0
24749 23 32 22 0
24750 24 0 22 0
24751 24 1 22 1104
24752 24 2 22 1104
24753 24 3 22 0
24754 24 4 22 1150
24755 24 5 22 0
24756 24 6 22 0
24757 24 7 22 0
24758 24 8 22 0
24759 24 9 22 0
24760 24 10 22 0
24761 24 11 22 0
24762 24 12 22 0
24763 24 13 22 0
24764 24 14 22 0
24765 24 15 22 0
24766 24 16 22 0
24767 24 17 22 0
24768 24 18 22 1036
24769 24 19 22 0
24770 24 20 22 0
24771 24 21 22 0
24772 24 22 22 0
24773 24 23 22 0
24774 24 24 22 0
24775 24 25 22 0
24776 24 26 22 0
24777 24 27 22 0
24778 24 28 22 0
24779 24 29 22 0
24780 24 30 22 0
24781 24 31 22 1191
24782 24 32 22 1191
24783 25 0 22 0
24784 25 1 22 0
24785 25 2 22 1104
24786 25 3 22 0
24787 25 4 22 1200
24788 25 5 22 0
24789 25 6 22 0
24790 25 7 22 0
24791 25 8 22 0
24792 25 9 22 0
24793 25 10 22 0
24794 25 11 22 0
24795 25 12 22 1225
24796 25 13 22 0
24797 25 14 22 0
24798 25 15 22 0
24799 25 16 22 0
24800 25 17 22 0
24801 25 18 22 0
24802 25 19 22 0
24803 25 20 22 1177
24804 25 21 22 1177
24805 25 22 22 1177
24806 25 23 22 0
24807 25 24 22 0
24808 25 25 22 0
24809 25 26 22 0
24810 25 27 22 0
24811 25 28 22 0
24812 25 29 22 0
24813 25 30 22 0
24814 25 31 22 0
24815 25 32 22 0
24816 26 0 22 0
24817 26 1 22 1192
24818 26 2 22 1192
24819 26 3 22 0
24820 26 4 22 0
24821 26 5 22 0
24822 26 6 22 0
24823 26 7 22 1210
24824 26 8 22 1210
24825 26 9 22 1210
24826 26 10 22 0
24827 26 11 22 0
24828 26 12 22 0
24829 26 13 22 0
24830 26 14 22 0
24831 26 15 22 1282
24832 26 16 22 1282
24833 26 17 22 0
24834 26 18 22 0
24835 26 19 22 0
24836 26 20 22 0
24837 26 21 22 0
24838 26 22 22 1291
24839 26 23 22 0
24840 26 24 22 0
24841 26 25 22 0
24842 26 26 22 0
24843 26 27 22 0
24844 26 28 22 0
24845 26 29 22 0
24846 26 30 22 0
24847 26 31 22 0
24848 26 32 22 0
24849 27 0 22 0
24850 27 1 22 1192
24851 27 2 22 0
24852 27 3 22 0
24853 27 4 22 0
24854 27 5 22 0
24855 27 6 22 0
24856 27 7 22 0
24857 27 8 22 1210
24858 27 9 22 1210
24859 27 10 22 0
24860 27 11 22 0
24861 27 12 22 0
24862 27 13 22 0
24863 27 14 22 1282
24864 27 15 22 1282
24865 27 16 22 1282
24866 27 17 22 0
24867 27 18 22 0
24868 27 19 22 0
24869 27 20 22 0
24870 27 21 22 0
24871 27 22 22 0
24872 27 23 22 1346
24873 27 24 22 1346
24874 27 25 22 0
24875 27 26 22 0
24876 27 27 22 1353
24877 27 28 22 0
24878 27 29 22 0
24879 27 30 22 0
24880 27 31 22 0
24881 27 32 22 0
24882 28 0 22 0
24883 28 1 22 0
24884 28 2 22 0
24885 28 3 22 0
24886 28 4 22 0
24887 28 5 22 0
24888 28 6 22 0
24889 28 7 22 0
24890 28 8 22 0
24891 28 9 22 0
24892 28 10 22 0
24893 28 11 22 0
24894 28 12 22 0
24895 28 13 22 0
24896 28 14 22 0
24897 28 15 22 0
24898 28 16 22 0
24899 28 17 22 0
24900 28 18 22 0
24901 28 19 22 0
24902 28 20 22 0
24903 28 21 22 0
24904 28 22 22 0
24905 28 23 22 0
24906 28 24 22 0
24907 28 25 22 0
24908 28 26 22 0
24909 28 27 22 0
24910 28 28 22 0
24911 28 29 22 0
24912 28 30 22 1360
24913 28 31 22 0
24914 28 32 22 0
24915 29 0 22 0
24916 29 1 22 0
24917 29 2 22 0
24918 29 3 22 0
24919 29 4 22 0
24920 29 5 22 0
24921 29 6 22 1411
24922 29 7 22 1411
24923 29 8 22 1411
24924 29 9 22 0
24925 29 10 22 0
24926 29 11 22 0
24927 29 12 22 0
24928 29 13 22 0
24929 29 14 22 0
24930 29 15 22 0
24931 29 16 22 0
24932 29 17 22 0
24933 29 18 22 0
24934 29 19 22 0
24935 29 20 22 0
24936 29 21 22 1436
24937 29 22 22 0
24938 29 23 22 0
24939 29 24 22 0
24940 29 25 22 0
24941 29 26 22 0
24942 29 27 22 0
24943 29 28 22 0
24944 29 29 22 0
24945 29 30 22 1360
24946 29 31 22 0
24947 29 32 22 1452
24948 30 0 22 0
24949 30 1 22 0
24950 30 2 22 0
24951 30 3 22 0
24952 30 4 22 0
24953 30 5 22 0
24954 30 6 22 0
24955 30 7 22 1411
24956 30 8 22 1411
24957 30 9 22 0
24958 30 10 22 0
24959 30 11 22 0
24960 30 12 22 0
24961 30 13 22 0
24962 30 14 22 0
24963 30 15 22 0
24964 30 16 22 0
24965 30 17 22 1430
24966 30 18 22 0
24967 30 19 22 0
24968 30 20 22 0
24969 30 21 22 1435
24970 30 22 22 0
24971 30 23 22 0
24972 30 24 22 0
24973 30 25 22 0
24974 30 26 22 0
24975 30 27 22 0
24976 30 28 22 0
24977 30 29 22 0
24978 30 30 22 0
24979 30 31 22 0
24980 30 32 22 0
24981 31 0 22 0
24982 31 1 22 0
24983 31 2 22 0
24984 31 3 22 0
24985 31 4 22 0
24986 31 5 22 0
24987 31 6 22 0
24988 31 7 22 1411
24989 31 8 22 1411
24990 31 9 22 0
24991 31 10 22 0
24992 31 11 22 1505
24993 31 12 22 0
24994 31 13 22 0
24995 31 14 22 0
24996 31 15 22 0
24997 31 16 22 0
24998 31 17 22 1430
24999 31 18 22 0
25000 31 19 22 0
25001 31 20 22 0
25002 31 21 22 0
25003 31 22 22 1525
25004 31 23 22 0
25005 31 24 22 0
25006 31 25 22 0
25007 31 26 22 0
25008 31 27 22 0
25009 31 28 22 1484
25010 31 29 22 0
25011 31 30 22 0
25012 31 31 22 0
25013 31 32 22 0
25014 32 0 22 5
25015 32 1 22 5
25016 32 2 22 0
25017 32 3 22 0
25018 32 4 22 0
25019 32 5 22 0
25020 32 6 22 0
25021 32 7 22 0
25022 32 8 22 1411
25023 32 9 22 1411
25024 32 10 22 0
25025 32 11 22 0
25026 32 12 22 1547
25027 32 13 22 0
25028 32 14 22 0
25029 32 15 22 0
25030 32 16 22 0
25031 32 17 22 0
25032 32 18 22 0
25033 32 19 22 0
25034 32 20 22 0
25035 32 21 22 0
25036 32 22 22 0
25037 32 23 22 0
25038 32 24 22 0
25039 32 25 22 0
25040 32 26 22 0
25041 32 27 22 0
25042 32 28 22 0
25043 32 29 22 0
25044 32 30 22 0
25045 32 31 22 0
25046 32 32 22 0
25047 0 0 23 0
25048 0 1 23 0
25049 0 2 23 0
25050 0 3 23 0
25051 0 4 23 0
25052 0 5 23 0
25053 0 6 23 0
25054 0 7 23 0
25055 0 8 23 0
25056 0 9 23 0
25057 0 10 23 0
25058 0 11 23 0
25059 0 12 23 0
25060 0 13 23 32
25061 0 14 23 0
25062 0 15 23 0
25063 0 16 23 0
25064 0 17 23 42
25065 0 18 23 0
25066 0 19 23 0
25067 0 20 23 0
25068 0 21 23 0
25069 0 22 23 0
25070 0 23 23 0
25071 0 24 23 0
25072 0 25 23 0
25073 0 26 23 62
25074 0 27 23 0
25075 0 28 23 0
25076 0 29 23 66
25077 0 30 23 66
25078 0 31 23 0
25079 0 32 23 0
25080 1 0 23 0
25081 1 1 23 0
25082 1 2 23 0
25083 1 3 23 0
25084 1 4 23 0
25085 1 5 23 0
25086 1 6 23 89
25087 1 7 23 0
25088 1 8 23 0
25089 1 9 23 0
25090 1 10 23 99
25091 1 11 23 0
25092 1 12 23 0
25093 1 13 23 0
25094 1 14 23 0
25095 1 15 23 0
25096 1 16 23 0
25097 1 17 23 42
25098 1 18 23 0
25099 1 19 23 0
25100 1 20 23 0
25101 1 21 23 0
25102 1 22 23 0
25103 1 23 23 0
25104 1 24 23 0
25105 1 25 23 0
25106 1 26 23 62
25107 1 27 23 62
25108 1 28 23 66
25109 1 29 23 66
25110 1 30 23 66
25111 1 31 23 0
25112 1 32 23 0
25113 2 0 23 0
25114 2 1 23 0
25115 2 2 23 0
25116 2 3 23 0
25117 2 4 23 0
25118 2 5 23 89
25119 2 6 23 89
25120 2 7 23 89
25121 2 8 23 0
25122 2 9 23 0
25123 2 10 23 99
25124 2 11 23 99
25125 2 12 23 0
25126 2 13 23 0
25127 2 14 23 0
25128 2 15 23 0
25129 2 16 23 0
25130 2 17 23 0
25131 2 18 23 0
25132 2 19 23 0
25133 2 20 23 0
25134 2 21 23 0
25135 2 22 23 0
25136 2 23 23 0
25137 2 24 23 0
25138 2 25 23 0
25139 2 26 23 0
25140 2 27 23 0
25141 2 28 23 0
25142 2 29 23 66
25143 2 30 23 66
25144 2 31 23 66
25145 2 32 23 0
25146 3 0 23 0
25147 3 1 23 0
25148 3 2 23 180
25149 3 3 23 0
25150 3 4 23 89
25151 3 5 23 89
25152 3 6 23 89
25153 3 7 23 89
25154 3 8 23 0
25155 3 9 23 0
25156 3 10 23 99
25157 3 11 23 0
25158 3 12 23 0
25159 3 13 23 0
25160 3 14 23 0
25161 3 15 23 0
25162 3 16 23 0
25163 3 17 23 0
25164 3 18 23 0
25165 3 19 23 0
25166 3 20 23 0
25167 3 21 23 0
25168 3 22 23 0
25169 3 23 23 0
25170 3 24 23 0
25171 3 25 23 0
25172 3 26 23 0
25173 3 27 23 209
25174 3 28 23 209
25175 3 29 23 0
25176 3 30 23 0
25177 3 31 23 0
25178 3 32 23 0
25179 4 0 23 0
25180 4 1 23 0
25181 4 2 23 180
25182 4 3 23 0
25183 4 4 23 0
25184 4 5 23 89
25185 4 6 23 89
25186 4 7 23 89
25187 4 8 23 0
25188 4 9 23 0
25189 4 10 23 0
25190 4 11 23 0
25191 4 12 23 0
25192 4 13 23 0
25193 4 14 23 0
25194 4 15 23 0
25195 4 16 23 0
25196 4 17 23 0
25197 4 18 23 0
25198 4 19 23 0
25199 4 20 23 0
25200 4 21 23 0
25201 4 22 23 0
25202 4 23 23 0
25203 4 24 23 0
25204 4 25 23 0
25205 4 26 23 0
25206 4 27 23 0
25207 4 28 23 0
25208 4 29 23 0
25209 4 30 23 0
25210 4 31 23 0
25211 4 32 23 0
25212 5 0 23 0
25213 5 1 23 0
25214 5 2 23 0
25215 5 3 23 0
25216 5 4 23 0
25217 5 5 23 0
25218 5 6 23 0
25219 5 7 23 0
25220 5 8 23 0
25221 5 9 23 0
25222 5 10 23 0
25223 5 11 23 0
25224 5 12 23 0
25225 5 13 23 0
25226 5 14 23 0
25227 5 15 23 0
25228 5 16 23 0
25229 5 17 23 0
25230 5 18 23 0
25231 5 19 23 0
25232 5 20 23 0
25233 5 21 23 296
25234 5 22 23 0
25235 5 23 23 0
25236 5 24 23 0
25237 5 25 23 0
25238 5 26 23 0
25239 5 27 23 0
25240 5 28 23 0
25241 5 29 23 0
25242 5 30 23 0
25243 5 31 23 0
25244 5 32 23 0
25245 6 0 23 309
25246 6 1 23 0
25247 6 2 23 0
25248 6 3 23 0
25249 6 4 23 0
25250 6 5 23 0
25251 6 6 23 0
25252 6 7 23 0
25253 6 8 23 0
25254 6 9 23 0
25255 6 10 23 0
25256 6 11 23 0
25257 6 12 23 287
25258 6 13 23 0
25259 6 14 23 0
25260 6 15 23 0
25261 6 16 23 0
25262 6 17 23 0
25263 6 18 23 0
25264 6 19 23 0
25265 6 20 23 0
25266 6 21 23 296
25267 6 22 23 0
25268 6 23 23 338
25269 6 24 23 338
25270 6 25 23 0
25271 6 26 23 0
25272 6 27 23 213
25273 6 28 23 213
25274 6 29 23 0
25275 6 30 23 0
25276 6 31 23 0
25277 6 32 23 0
25278 7 0 23 309
25279 7 1 23 0
25280 7 2 23 0
25281 7 3 23 0
25282 7 4 23 0
25283 7 5 23 0
25284 7 6 23 0
25285 7 7 23 0
25286 7 8 23 0
25287 7 9 23 0
25288 7 10 23 0
25289 7 11 23 0
25290 7 12 23 0
25291 7 13 23 0
25292 7 14 23 0
25293 7 15 23 0
25294 7 16 23 0
25295 7 17 23 0
25296 7 18 23 0
25297 7 19 23 0
25298 7 20 23 0
25299 7 21 23 0
25300 7 22 23 0
25301 7 23 23 0
25302 7 24 23 0
25303 7 25 23 0
25304 7 26 23 213
25305 7 27 23 213
25306 7 28 23 213
25307 7 29 23 213
25308 7 30 23 0
25309 7 31 23 0
25310 7 32 23 0
25311 8 0 23 0
25312 8 1 23 389
25313 8 2 23 0
25314 8 3 23 0
25315 8 4 23 0
25316 8 5 23 0
25317 8 6 23 0
25318 8 7 23 357
25319 8 8 23 357
25320 8 9 23 357
25321 8 10 23 0
25322 8 11 23 0
25323 8 12 23 0
25324 8 13 23 0
25325 8 14 23 0
25326 8 15 23 0
25327 8 16 23 0
25328 8 17 23 0
25329 8 18 23 419
25330 8 19 23 0
25331 8 20 23 0
25332 8 21 23 0
25333 8 22 23 0
25334 8 23 23 424
25335 8 24 23 424
25336 8 25 23 0
25337 8 26 23 0
25338 8 27 23 0
25339 8 28 23 0
25340 8 29 23 0
25341 8 30 23 0
25342 8 31 23 0
25343 8 32 23 0
25344 9 0 23 0
25345 9 1 23 0
25346 9 2 23 0
25347 9 3 23 390
25348 9 4 23 0
25349 9 5 23 0
25350 9 6 23 0
25351 9 7 23 0
25352 9 8 23 0
25353 9 9 23 357
25354 9 10 23 357
25355 9 11 23 0
25356 9 12 23 0
25357 9 13 23 0
25358 9 14 23 0
25359 9 15 23 0
25360 9 16 23 0
25361 9 17 23 0
25362 9 18 23 0
25363 9 19 23 0
25364 9 20 23 0
25365 9 21 23 0
25366 9 22 23 0
25367 9 23 23 424
25368 9 24 23 424
25369 9 25 23 0
25370 9 26 23 0
25371 9 27 23 0
25372 9 28 23 0
25373 9 29 23 0
25374 9 30 23 0
25375 9 31 23 0
25376 9 32 23 0
25377 10 0 23 0
25378 10 1 23 0
25379 10 2 23 0
25380 10 3 23 0
25381 10 4 23 0
25382 10 5 23 0
25383 10 6 23 0
25384 10 7 23 0
25385 10 8 23 0
25386 10 9 23 0
25387 10 10 23 0
25388 10 11 23 0
25389 10 12 23 500
25390 10 13 23 501
25391 10 14 23 501
25392 10 15 23 0
25393 10 16 23 0
25394 10 17 23 0
25395 10 18 23 0
25396 10 19 23 0
25397 10 20 23 0
25398 10 21 23 0
25399 10 22 23 0
25400 10 23 23 424
25401 10 24 23 0
25402 10 25 23 0
25403 10 26 23 0
25404 10 27 23 0
25405 10 28 23 0
25406 10 29 23 0
25407 10 30 23 0
25408 10 31 23 532
25409 10 32 23 0
25410 11 0 23 0
25411 11 1 23 0
25412 11 2 23 0
25413 11 3 23 0
25414 11 4 23 0
25415 11 5 23 0
25416 11 6 23 0
25417 11 7 23 0
25418 11 8 23 0
25419 11 9 23 498
25420 11 10 23 0
25421 11 11 23 0
25422 11 12 23 501
25423 11 13 23 501
25424 11 14 23 501
25425 11 15 23 0
25426 11 16 23 0
25427 11 17 23 563
25428 11 18 23 563
25429 11 19 23 0
25430 11 20 23 0
25431 11 21 23 0
25432 11 22 23 0
25433 11 23 23 0
25434 11 24 23 0
25435 11 25 23 0
25436 11 26 23 0
25437 11 27 23 0
25438 11 28 23 0
25439 11 29 23 0
25440 11 30 23 0
25441 11 31 23 532
25442 11 32 23 0
25443 12 0 23 0
25444 12 1 23 0
25445 12 2 23 0
25446 12 3 23 0
25447 12 4 23 490
25448 12 5 23 0
25449 12 6 23 0
25450 12 7 23 0
25451 12 8 23 0
25452 12 9 23 0
25453 12 10 23 0
25454 12 11 23 0
25455 12 12 23 0
25456 12 13 23 501
25457 12 14 23 0
25458 12 15 23 0
25459 12 16 23 563
25460 12 17 23 563
25461 12 18 23 563
25462 12 19 23 0
25463 12 20 23 0
25464 12 21 23 0
25465 12 22 23 0
25466 12 23 23 0
25467 12 24 23 516
25468 12 25 23 0
25469 12 26 23 0
25470 12 27 23 0
25471 12 28 23 619
25472 12 29 23 0
25473 12 30 23 0
25474 12 31 23 0
25475 12 32 23 0
25476 13 0 23 0
25477 13 1 23 0
25478 13 2 23 0
25479 13 3 23 0
25480 13 4 23 490
25481 13 5 23 490
25482 13 6 23 0
25483 13 7 23 0
25484 13 8 23 0
25485 13 9 23 0
25486 13 10 23 0
25487 13 11 23 0
25488 13 12 23 0
25489 13 13 23 0
25490 13 14 23 0
25491 13 15 23 0
25492 13 16 23 563
25493 13 17 23 563
25494 13 18 23 563
25495 13 19 23 0
25496 13 20 23 0
25497 13 21 23 0
25498 13 22 23 0
25499 13 23 23 516
25500 13 24 23 516
25501 13 25 23 516
25502 13 26 23 0
25503 13 27 23 0
25504 13 28 23 0
25505 13 29 23 0
25506 13 30 23 0
25507 13 31 23 664
25508 13 32 23 0
25509 14 0 23 0
25510 14 1 23 0
25511 14 2 23 0
25512 14 3 23 0
25513 14 4 23 490
25514 14 5 23 490
25515 14 6 23 0
25516 14 7 23 0
25517 14 8 23 0
25518 14 9 23 0
25519 14 10 23 682
25520 14 11 23 0
25521 14 12 23 0
25522 14 13 23 0
25523 14 14 23 0
25524 14 15 23 0
25525 14 16 23 0
25526 14 17 23 0
25527 14 18 23 0
25528 14 19 23 0
25529 14 20 23 0
25530 14 21 23 0
25531 14 22 23 0
25532 14 23 23 0
25533 14 24 23 0
25534 14 25 23 0
25535 14 26 23 0
25536 14 27 23 0
25537 14 28 23 0
25538 14 29 23 0
25539 14 30 23 0
25540 14 31 23 0
25541 14 32 23 0
25542 15 0 23 0
25543 15 1 23 0
25544 15 2 23 0
25545 15 3 23 0
25546 15 4 23 0
25547 15 5 23 0
25548 15 6 23 490
25549 15 7 23 0
25550 15 8 23 0
25551 15 9 23 0
25552 15 10 23 682
25553 15 11 23 682
25554 15 12 23 0
25555 15 13 23 0
25556 15 14 23 0
25557 15 15 23 0
25558 15 16 23 0
25559 15 17 23 0
25560 15 18 23 0
25561 15 19 23 0
25562 15 20 23 0
25563 15 21 23 0
25564 15 22 23 0
25565 15 23 23 0
25566 15 24 23 0
25567 15 25 23 0
25568 15 26 23 0
25569 15 27 23 0
25570 15 28 23 0
25571 15 29 23 0
25572 15 30 23 767
25573 15 31 23 0
25574 15 32 23 0
25575 16 0 23 0
25576 16 1 23 586
25577 16 2 23 586
25578 16 3 23 0
25579 16 4 23 0
25580 16 5 23 0
25581 16 6 23 0
25582 16 7 23 0
25583 16 8 23 0
25584 16 9 23 0
25585 16 10 23 789
25586 16 11 23 0
25587 16 12 23 0
25588 16 13 23 0
25589 16 14 23 695
25590 16 15 23 0
25591 16 16 23 747
25592 16 17 23 0
25593 16 18 23 0
25594 16 19 23 0
25595 16 20 23 0
25596 16 21 23 0
25597 16 22 23 0
25598 16 23 23 0
25599 16 24 23 0
25600 16 25 23 755
25601 16 26 23 755
25602 16 27 23 0
25603 16 28 23 0
25604 16 29 23 0
25605 16 30 23 0
25606 16 31 23 0
25607 16 32 23 0
25608 17 0 23 0
25609 17 1 23 0
25610 17 2 23 586
25611 17 3 23 0
25612 17 4 23 0
25613 17 5 23 0
25614 17 6 23 0
25615 17 7 23 0
25616 17 8 23 836
25617 17 9 23 0
25618 17 10 23 839
25619 17 11 23 839
25620 17 12 23 0
25621 17 13 23 0
25622 17 14 23 0
25623 17 15 23 0
25624 17 16 23 0
25625 17 17 23 0
25626 17 18 23 0
25627 17 19 23 0
25628 17 20 23 0
25629 17 21 23 859
25630 17 22 23 0
25631 17 23 23 0
25632 17 24 23 0
25633 17 25 23 0
25634 17 26 23 755
25635 17 27 23 0
25636 17 28 23 0
25637 17 29 23 0
25638 17 30 23 0
25639 17 31 23 871
25640 17 32 23 871
25641 18 0 23 874
25642 18 1 23 0
25643 18 2 23 0
25644 18 3 23 0
25645 18 4 23 0
25646 18 5 23 0
25647 18 6 23 0
25648 18 7 23 0
25649 18 8 23 836
25650 18 9 23 0
25651 18 10 23 839
25652 18 11 23 0
25653 18 12 23 0
25654 18 13 23 0
25655 18 14 23 889
25656 18 15 23 889
25657 18 16 23 0
25658 18 17 23 0
25659 18 18 23 0
25660 18 19 23 0
25661 18 20 23 0
25662 18 21 23 0
25663 18 22 23 0
25664 18 23 23 0
25665 18 24 23 0
25666 18 25 23 0
25667 18 26 23 0
25668 18 27 23 0
25669 18 28 23 0
25670 18 29 23 0
25671 18 30 23 0
25672 18 31 23 0
25673 18 32 23 0
25674 19 0 23 0
25675 19 1 23 0
25676 19 2 23 0
25677 19 3 23 0
25678 19 4 23 0
25679 19 5 23 0
25680 19 6 23 0
25681 19 7 23 0
25682 19 8 23 0
25683 19 9 23 0
25684 19 10 23 0
25685 19 11 23 0
25686 19 12 23 0
25687 19 13 23 889
25688 19 14 23 889
25689 19 15 23 889
25690 19 16 23 0
25691 19 17 23 0
25692 19 18 23 0
25693 19 19 23 0
25694 19 20 23 0
25695 19 21 23 0
25696 19 22 23 0
25697 19 23 23 0
25698 19 24 23 0
25699 19 25 23 0
25700 19 26 23 0
25701 19 27 23 0
25702 19 28 23 0
25703 19 29 23 0
25704 19 30 23 0
25705 19 31 23 909
25706 19 32 23 0
25707 20 0 23 0
25708 20 1 23 0
25709 20 2 23 0
25710 20 3 23 920
25711 20 4 23 920
25712 20 5 23 0
25713 20 6 23 0
25714 20 7 23 0
25715 20 8 23 0
25716 20 9 23 0
25717 20 10 23 0
25718 20 11 23 925
25719 20 12 23 0
25720 20 13 23 0
25721 20 14 23 889
25722 20 15 23 889
25723 20 16 23 0
25724 20 17 23 0
25725 20 18 23 0
25726 20 19 23 0
25727 20 20 23 0
25728 20 21 23 0
25729 20 22 23 0
25730 20 23 23 0
25731 20 24 23 0
25732 20 25 23 0
25733 20 26 23 0
25734 20 27 23 0
25735 20 28 23 0
25736 20 29 23 0
25737 20 30 23 909
25738 20 31 23 909
25739 20 32 23 909
25740 21 0 23 0
25741 21 1 23 0
25742 21 2 23 0
25743 21 3 23 920
25744 21 4 23 920
25745 21 5 23 0
25746 21 6 23 0
25747 21 7 23 0
25748 21 8 23 0
25749 21 9 23 925
25750 21 10 23 925
25751 21 11 23 925
25752 21 12 23 0
25753 21 13 23 0
25754 21 14 23 0
25755 21 15 23 0
25756 21 16 23 0
25757 21 17 23 0
25758 21 18 23 1036
25759 21 19 23 0
25760 21 20 23 949
25761 21 21 23 949
25762 21 22 23 949
25763 21 23 23 0
25764 21 24 23 1051
25765 21 25 23 0
25766 21 26 23 0
25767 21 27 23 0
25768 21 28 23 0
25769 21 29 23 0
25770 21 30 23 909
25771 21 31 23 909
25772 21 32 23 0
25773 22 0 23 0
25774 22 1 23 0
25775 22 2 23 0
25776 22 3 23 0
25777 22 4 23 0
25778 22 5 23 0
25779 22 6 23 0
25780 22 7 23 0
25781 22 8 23 0
25782 22 9 23 0
25783 22 10 23 925
25784 22 11 23 0
25785 22 12 23 0
25786 22 13 23 0
25787 22 14 23 0
25788 22 15 23 0
25789 22 16 23 0
25790 22 17 23 0
25791 22 18 23 1036
25792 22 19 23 0
25793 22 20 23 949
25794 22 21 23 949
25795 22 22 23 949
25796 22 23 23 0
25797 22 24 23 0
25798 22 25 23 0
25799 22 26 23 0
25800 22 27 23 0
25801 22 28 23 0
25802 22 29 23 0
25803 22 30 23 0
25804 22 31 23 0
25805 22 32 23 0
25806 23 0 23 1099
25807 23 1 23 0
25808 23 2 23 0
25809 23 3 23 0
25810 23 4 23 0
25811 23 5 23 0
25812 23 6 23 0
25813 23 7 23 0
25814 23 8 23 1113
25815 23 9 23 0
25816 23 10 23 0
25817 23 11 23 0
25818 23 12 23 1118
25819 23 13 23 0
25820 23 14 23 0
25821 23 15 23 1123
25822 23 16 23 0
25823 23 17 23 0
25824 23 18 23 1036
25825 23 19 23 0
25826 23 20 23 0
25827 23 21 23 0
25828 23 22 23 0
25829 23 23 23 0
25830 23 24 23 0
25831 23 25 23 0
25832 23 26 23 0
25833 23 27 23 0
25834 23 28 23 0
25835 23 29 23 0
25836 23 30 23 0
25837 23 31 23 0
25838 23 32 23 0
25839 24 0 23 0
25840 24 1 23 0
25841 24 2 23 0
25842 24 3 23 0
25843 24 4 23 0
25844 24 5 23 0
25845 24 6 23 0
25846 24 7 23 0
25847 24 8 23 0
25848 24 9 23 0
25849 24 10 23 0
25850 24 11 23 0
25851 24 12 23 0
25852 24 13 23 0
25853 24 14 23 0
25854 24 15 23 0
25855 24 16 23 0
25856 24 17 23 0
25857 24 18 23 0
25858 24 19 23 0
25859 24 20 23 0
25860 24 21 23 0
25861 24 22 23 0
25862 24 23 23 0
25863 24 24 23 0
25864 24 25 23 0
25865 24 26 23 0
25866 24 27 23 0
25867 24 28 23 1189
25868 24 29 23 1189
25869 24 30 23 0
25870 24 31 23 0
25871 24 32 23 0
25872 25 0 23 0
25873 25 1 23 0
25874 25 2 23 0
25875 25 3 23 0
25876 25 4 23 1200
25877 25 5 23 0
25878 25 6 23 0
25879 25 7 23 0
25880 25 8 23 1210
25881 25 9 23 1210
25882 25 10 23 0
25883 25 11 23 0
25884 25 12 23 0
25885 25 13 23 0
25886 25 14 23 0
25887 25 15 23 0
25888 25 16 23 0
25889 25 17 23 0
25890 25 18 23 0
25891 25 19 23 0
25892 25 20 23 0
25893 25 21 23 0
25894 25 22 23 1242
25895 25 23 23 0
25896 25 24 23 1247
25897 25 25 23 0
25898 25 26 23 0
25899 25 27 23 0
25900 25 28 23 1189
25901 25 29 23 1189
25902 25 30 23 0
25903 25 31 23 0
25904 25 32 23 0
25905 26 0 23 0
25906 26 1 23 0
25907 26 2 23 0
25908 26 3 23 0
25909 26 4 23 0
25910 26 5 23 0
25911 26 6 23 0
25912 26 7 23 1210
25913 26 8 23 1210
25914 26 9 23 1210
25915 26 10 23 0
25916 26 11 23 0
25917 26 12 23 0
25918 26 13 23 0
25919 26 14 23 0
25920 26 15 23 1282
25921 26 16 23 1282
25922 26 17 23 0
25923 26 18 23 0
25924 26 19 23 0
25925 26 20 23 0
25926 26 21 23 0
25927 26 22 23 0
25928 26 23 23 0
25929 26 24 23 0
25930 26 25 23 0
25931 26 26 23 0
25932 26 27 23 0
25933 26 28 23 1189
25934 26 29 23 0
25935 26 30 23 0
25936 26 31 23 0
25937 26 32 23 0
25938 27 0 23 0
25939 27 1 23 0
25940 27 2 23 0
25941 27 3 23 0
25942 27 4 23 0
25943 27 5 23 0
25944 27 6 23 0
25945 27 7 23 0
25946 27 8 23 1210
25947 27 9 23 0
25948 27 10 23 0
25949 27 11 23 0
25950 27 12 23 0
25951 27 13 23 0
25952 27 14 23 1282
25953 27 15 23 1282
25954 27 16 23 1282
25955 27 17 23 0
25956 27 18 23 0
25957 27 19 23 1237
25958 27 20 23 1237
25959 27 21 23 0
25960 27 22 23 0
25961 27 23 23 0
25962 27 24 23 1349
25963 27 25 23 0
25964 27 26 23 0
25965 27 27 23 0
25966 27 28 23 1354
25967 27 29 23 0
25968 27 30 23 0
25969 27 31 23 0
25970 27 32 23 0
25971 28 0 23 1308
25972 28 1 23 1308
25973 28 2 23 0
25974 28 3 23 0
25975 28 4 23 0
25976 28 5 23 0
25977 28 6 23 0
25978 28 7 23 0
25979 28 8 23 1373
25980 28 9 23 0
25981 28 10 23 0
25982 28 11 23 0
25983 28 12 23 0
25984 28 13 23 0
25985 28 14 23 1282
25986 28 15 23 1282
25987 28 16 23 0
25988 28 17 23 0
25989 28 18 23 0
25990 28 19 23 0
25991 28 20 23 0
25992 28 21 23 0
25993 28 22 23 0
25994 28 23 23 1391
25995 28 24 23 0
25996 28 25 23 0
25997 28 26 23 0
25998 28 27 23 0
25999 28 28 23 0
26000 28 29 23 0
26001 28 30 23 0
26002 28 31 23 0
26003 28 32 23 0
26004 29 0 23 1308
26005 29 1 23 1308
26006 29 2 23 0
26007 29 3 23 0
26008 29 4 23 0
26009 29 5 23 0
26010 29 6 23 0
26011 29 7 23 0
26012 29 8 23 0
26013 29 9 23 0
26014 29 10 23 1376
26015 29 11 23 1376
26016 29 12 23 0
26017 29 13 23 0
26018 29 14 23 0
26019 29 15 23 0
26020 29 16 23 1429
26021 29 17 23 1430
26022 29 18 23 1430
26023 29 19 23 0
26024 29 20 23 1435
26025 29 21 23 1435
26026 29 22 23 1435
26027 29 23 23 0
26028 29 24 23 0
26029 29 25 23 1441
26030 29 26 23 0
26031 29 27 23 0
26032 29 28 23 0
26033 29 29 23 0
26034 29 30 23 0
26035 29 31 23 0
26036 29 32 23 1452
26037 30 0 23 0
26038 30 1 23 0
26039 30 2 23 0
26040 30 3 23 0
26041 30 4 23 0
26042 30 5 23 0
26043 30 6 23 0
26044 30 7 23 0
26045 30 8 23 1411
26046 30 9 23 0
26047 30 10 23 1376
26048 30 11 23 1376
26049 30 12 23 0
26050 30 13 23 0
26051 30 14 23 0
26052 30 15 23 0
26053 30 16 23 0
26054 30 17 23 1430
26055 30 18 23 0
26056 30 19 23 0
26057 30 20 23 1435
26058 30 21 23 1435
26059 30 22 23 0
26060 30 23 23 0
26061 30 24 23 0
26062 30 25 23 1481
26063 30 26 23 0
26064 30 27 23 0
26065 30 28 23 0
26066 30 29 23 0
26067 30 30 23 0
26068 30 31 23 0
26069 30 32 23 0
26070 31 0 23 0
26071 31 1 23 0
26072 31 2 23 0
26073 31 3 23 0
26074 31 4 23 0
26075 31 5 23 0
26076 31 6 23 0
26077 31 7 23 1411
26078 31 8 23 1411
26079 31 9 23 0
26080 31 10 23 0
26081 31 11 23 0
26082 31 12 23 0
26083 31 13 23 0
26084 31 14 23 0
26085 31 15 23 0
26086 31 16 23 0
26087 31 17 23 1430
26088 31 18 23 0
26089 31 19 23 0
26090 31 20 23 1435
26091 31 21 23 1435
26092 31 22 23 0
26093 31 23 23 0
26094 31 24 23 0
26095 31 25 23 0
26096 31 26 23 1529
26097 31 27 23 0
26098 31 28 23 1484
26099 31 29 23 0
26100 31 30 23 0
26101 31 31 23 0
26102 31 32 23 0
26103 32 0 23 0
26104 32 1 23 0
26105 32 2 23 0
26106 32 3 23 0
26107 32 4 23 0
26108 32 5 23 0
26109 32 6 23 0
26110 32 7 23 1411
26111 32 8 23 1411
26112 32 9 23 0
26113 32 10 23 0
26114 32 11 23 0
26115 32 12 23 0
26116 32 13 23 0
26117 32 14 23 0
26118 32 15 23 37
26119 32 16 23 0
26120 32 17 23 0
26121 32 18 23 0
26122 32 19 23 1553
26123 32 20 23 0
26124 32 21 23 0
26125 32 22 23 0
26126 32 23 23 0
26127 32 24 23 0
26128 32 25 23 0
26129 32 26 23 0
26130 32 27 23 0
26131 32 28 23 0
26132 32 29 23 0
26133 32 30 23 0
26134 32 31 23 0
26135 32 32 23 0
26136 0 0 24 0
26137 0 1 24 0
26138 0 2 24 0
26139 0 3 24 0
26140 0 4 24 0
26141 0 5 24 0
26142 0 6 24 0
26143 0 7 24 0
26144 0 8 24 0
26145 0 9 24 0
26146 0 10 24 0
26147 0 11 24 0
26148 0 12 24 0
26149 0 13 24 0
26150 0 14 24 0
26151 0 15 24 37
26152 0 16 24 37
26153 0 17 24 0
26154 0 18 24 0
26155 0 19 24 0
26156 0 20 24 0
26157 0 21 24 52
26158 0 22 24 0
26159 0 23 24 0
26160 0 24 24 0
26161 0 25 24 0
26162 0 26 24 0
26163 0 27 24 0
26164 0 28 24 0
26165 0 29 24 66
26166 0 30 24 0
26167 0 31 24 0
26168 0 32 24 0
26169 1 0 24 0
26170 1 1 24 0
26171 1 2 24 0
26172 1 3 24 0
26173 1 4 24 0
26174 1 5 24 0
26175 1 6 24 0
26176 1 7 24 0
26177 1 8 24 0
26178 1 9 24 0
26179 1 10 24 0
26180 1 11 24 0
26181 1 12 24 0
26182 1 13 24 0
26183 1 14 24 102
26184 1 15 24 0
26185 1 16 24 0
26186 1 17 24 0
26187 1 18 24 0
26188 1 19 24 0
26189 1 20 24 0
26190 1 21 24 0
26191 1 22 24 0
26192 1 23 24 0
26193 1 24 24 0
26194 1 25 24 0
26195 1 26 24 0
26196 1 27 24 0
26197 1 28 24 0
26198 1 29 24 0
26199 1 30 24 0
26200 1 31 24 0
26201 1 32 24 0
26202 2 0 24 0
26203 2 1 24 0
26204 2 2 24 0
26205 2 3 24 0
26206 2 4 24 0
26207 2 5 24 89
26208 2 6 24 89
26209 2 7 24 89
26210 2 8 24 0
26211 2 9 24 0
26212 2 10 24 0
26213 2 11 24 0
26214 2 12 24 0
26215 2 13 24 0
26216 2 14 24 0
26217 2 15 24 0
26218 2 16 24 0
26219 2 17 24 0
26220 2 18 24 160
26221 2 19 24 0
26222 2 20 24 0
26223 2 21 24 0
26224 2 22 24 164
26225 2 23 24 0
26226 2 24 24 0
26227 2 25 24 0
26228 2 26 24 0
26229 2 27 24 0
26230 2 28 24 0
26231 2 29 24 0
26232 2 30 24 0
26233 2 31 24 124
26234 2 32 24 0
26235 3 0 24 0
26236 3 1 24 0
26237 3 2 24 0
26238 3 3 24 0
26239 3 4 24 0
26240 3 5 24 89
26241 3 6 24 89
26242 3 7 24 89
26243 3 8 24 0
26244 3 9 24 0
26245 3 10 24 0
26246 3 11 24 0
26247 3 12 24 188
26248 3 13 24 0
26249 3 14 24 0
26250 3 15 24 0
26251 3 16 24 0
26252 3 17 24 0
26253 3 18 24 0
26254 3 19 24 0
26255 3 20 24 0
26256 3 21 24 0
26257 3 22 24 0
26258 3 23 24 0
26259 3 24 24 0
26260 3 25 24 0
26261 3 26 24 0
26262 3 27 24 0
26263 3 28 24 0
26264 3 29 24 0
26265 3 30 24 0
26266 3 31 24 0
26267 3 32 24 0
26268 4 0 24 0
26269 4 1 24 0
26270 4 2 24 0
26271 4 3 24 0
26272 4 4 24 0
26273 4 5 24 0
26274 4 6 24 0
26275 4 7 24 0
26276 4 8 24 0
26277 4 9 24 0
26278 4 10 24 0
26279 4 11 24 0
26280 4 12 24 0
26281 4 13 24 0
26282 4 14 24 0
26283 4 15 24 0
26284 4 16 24 0
26285 4 17 24 247
26286 4 18 24 0
26287 4 19 24 0
26288 4 20 24 254
26289 4 21 24 0
26290 4 22 24 0
26291 4 23 24 0
26292 4 24 24 0
26293 4 25 24 0
26294 4 26 24 259
26295 4 27 24 0
26296 4 28 24 0
26297 4 29 24 0
26298 4 30 24 0
26299 4 31 24 0
26300 4 32 24 0
26301 5 0 24 0
26302 5 1 24 0
26303 5 2 24 0
26304 5 3 24 0
26305 5 4 24 0
26306 5 5 24 0
26307 5 6 24 0
26308 5 7 24 0
26309 5 8 24 0
26310 5 9 24 0
26311 5 10 24 0
26312 5 11 24 287
26313 5 12 24 287
26314 5 13 24 0
26315 5 14 24 0
26316 5 15 24 292
26317 5 16 24 0
26318 5 17 24 247
26319 5 18 24 0
26320 5 19 24 0
26321 5 20 24 296
26322 5 21 24 296
26323 5 22 24 0
26324 5 23 24 0
26325 5 24 24 0
26326 5 25 24 0
26327 5 26 24 0
26328 5 27 24 0
26329 5 28 24 0
26330 5 29 24 0
26331 5 30 24 0
26332 5 31 24 0
26333 5 32 24 0
26334 6 0 24 0
26335 6 1 24 0
26336 6 2 24 0
26337 6 3 24 0
26338 6 4 24 0
26339 6 5 24 0
26340 6 6 24 0
26341 6 7 24 0
26342 6 8 24 0
26343 6 9 24 0
26344 6 10 24 0
26345 6 11 24 287
26346 6 12 24 287
26347 6 13 24 0
26348 6 14 24 0
26349 6 15 24 292
26350 6 16 24 0
26351 6 17 24 0
26352 6 18 24 0
26353 6 19 24 0
26354 6 20 24 0
26355 6 21 24 296
26356 6 22 24 296
26357 6 23 24 0
26358 6 24 24 0
26359 6 25 24 0
26360 6 26 24 213
26361 6 27 24 213
26362 6 28 24 213
26363 6 29 24 0
26364 6 30 24 0
26365 6 31 24 0
26366 6 32 24 0
26367 7 0 24 0
26368 7 1 24 0
26369 7 2 24 0
26370 7 3 24 351
26371 7 4 24 0
26372 7 5 24 0
26373 7 6 24 0
26374 7 7 24 0
26375 7 8 24 357
26376 7 9 24 0
26377 7 10 24 0
26378 7 11 24 287
26379 7 12 24 287
26380 7 13 24 0
26381 7 14 24 0
26382 7 15 24 0
26383 7 16 24 0
26384 7 17 24 0
26385 7 18 24 0
26386 7 19 24 0
26387 7 20 24 0
26388 7 21 24 296
26389 7 22 24 0
26390 7 23 24 0
26391 7 24 24 0
26392 7 25 24 0
26393 7 26 24 0
26394 7 27 24 0
26395 7 28 24 213
26396 7 29 24 213
26397 7 30 24 0
26398 7 31 24 0
26399 7 32 24 0
26400 8 0 24 387
26401 8 1 24 0
26402 8 2 24 391
26403 8 3 24 0
26404 8 4 24 0
26405 8 5 24 0
26406 8 6 24 0
26407 8 7 24 357
26408 8 8 24 357
26409 8 9 24 357
26410 8 10 24 357
26411 8 11 24 0
26412 8 12 24 0
26413 8 13 24 0
26414 8 14 24 0
26415 8 15 24 0
26416 8 16 24 0
26417 8 17 24 0
26418 8 18 24 419
26419 8 19 24 419
26420 8 20 24 0
26421 8 21 24 0
26422 8 22 24 0
26423 8 23 24 0
26424 8 24 24 0
26425 8 25 24 0
26426 8 26 24 0
26427 8 27 24 0
26428 8 28 24 0
26429 8 29 24 213
26430 8 30 24 0
26431 8 31 24 0
26432 8 32 24 0
26433 9 0 24 0
26434 9 1 24 0
26435 9 2 24 0
26436 9 3 24 390
26437 9 4 24 0
26438 9 5 24 0
26439 9 6 24 0
26440 9 7 24 0
26441 9 8 24 357
26442 9 9 24 357
26443 9 10 24 357
26444 9 11 24 357
26445 9 12 24 0
26446 9 13 24 0
26447 9 14 24 0
26448 9 15 24 0
26449 9 16 24 0
26450 9 17 24 0
26451 9 18 24 0
26452 9 19 24 419
26453 9 20 24 0
26454 9 21 24 0
26455 9 22 24 0
26456 9 23 24 424
26457 9 24 24 0
26458 9 25 24 0
26459 9 26 24 0
26460 9 27 24 0
26461 9 28 24 0
26462 9 29 24 0
26463 9 30 24 0
26464 9 31 24 0
26465 9 32 24 0
26466 10 0 24 0
26467 10 1 24 0
26468 10 2 24 0
26469 10 3 24 0
26470 10 4 24 0
26471 10 5 24 0
26472 10 6 24 0
26473 10 7 24 0
26474 10 8 24 357
26475 10 9 24 0
26476 10 10 24 0
26477 10 11 24 0
26478 10 12 24 501
26479 10 13 24 501
26480 10 14 24 0
26481 10 15 24 0
26482 10 16 24 0
26483 10 17 24 0
26484 10 18 24 0
26485 10 19 24 0
26486 10 20 24 0
26487 10 21 24 0
26488 10 22 24 0
26489 10 23 24 0
26490 10 24 24 0
26491 10 25 24 0
26492 10 26 24 519
26493 10 27 24 0
26494 10 28 24 524
26495 10 29 24 0
26496 10 30 24 0
26497 10 31 24 0
26498 10 32 24 0
26499 11 0 24 0
26500 11 1 24 0
26501 11 2 24 0
26502 11 3 24 0
26503 11 4 24 0
26504 11 5 24 0
26505 11 6 24 0
26506 11 7 24 0
26507 11 8 24 0
26508 11 9 24 0
26509 11 10 24 0
26510 11 11 24 0
26511 11 12 24 501
26512 11 13 24 501
26513 11 14 24 0
26514 11 15 24 0
26515 11 16 24 560
26516 11 17 24 563
26517 11 18 24 563
26518 11 19 24 0
26519 11 20 24 0
26520 11 21 24 0
26521 11 22 24 0
26522 11 23 24 0
26523 11 24 24 0
26524 11 25 24 0
26525 11 26 24 574
26526 11 27 24 0
26527 11 28 24 0
26528 11 29 24 0
26529 11 30 24 579
26530 11 31 24 583
26531 11 32 24 0
26532 12 0 24 585
26533 12 1 24 0
26534 12 2 24 0
26535 12 3 24 0
26536 12 4 24 0
26537 12 5 24 490
26538 12 6 24 0
26539 12 7 24 0
26540 12 8 24 0
26541 12 9 24 0
26542 12 10 24 0
26543 12 11 24 0
26544 12 12 24 0
26545 12 13 24 0
26546 12 14 24 0
26547 12 15 24 0
26548 12 16 24 563
26549 12 17 24 563
26550 12 18 24 563
26551 12 19 24 563
26552 12 20 24 0
26553 12 21 24 0
26554 12 22 24 0
26555 12 23 24 0
26556 12 24 24 0
26557 12 25 24 0
26558 12 26 24 0
26559 12 27 24 617
26560 12 28 24 0
26561 12 29 24 0
26562 12 30 24 0
26563 12 31 24 0
26564 12 32 24 0
26565 13 0 24 0
26566 13 1 24 0
26567 13 2 24 0
26568 13 3 24 0
26569 13 4 24 490
26570 13 5 24 490
26571 13 6 24 490
26572 13 7 24 0
26573 13 8 24 0
26574 13 9 24 0
26575 13 10 24 0
26576 13 11 24 0
26577 13 12 24 0
26578 13 13 24 0
26579 13 14 24 646
26580 13 15 24 0
26581 13 16 24 0
26582 13 17 24 563
26583 13 18 24 0
26584 13 19 24 0
26585 13 20 24 0
26586 13 21 24 0
26587 13 22 24 516
26588 13 23 24 516
26589 13 24 24 0
26590 13 25 24 0
26591 13 26 24 0
26592 13 27 24 617
26593 13 28 24 0
26594 13 29 24 0
26595 13 30 24 0
26596 13 31 24 0
26597 13 32 24 0
26598 14 0 24 0
26599 14 1 24 0
26600 14 2 24 0
26601 14 3 24 0
26602 14 4 24 490
26603 14 5 24 490
26604 14 6 24 0
26605 14 7 24 0
26606 14 8 24 0
26607 14 9 24 0
26608 14 10 24 683
26609 14 11 24 0
26610 14 12 24 0
26611 14 13 24 0
26612 14 14 24 0
26613 14 15 24 0
26614 14 16 24 0
26615 14 17 24 0
26616 14 18 24 0
26617 14 19 24 0
26618 14 20 24 0
26619 14 21 24 0
26620 14 22 24 0
26621 14 23 24 0
26622 14 24 24 0
26623 14 25 24 0
26624 14 26 24 0
26625 14 27 24 0
26626 14 28 24 0
26627 14 29 24 0
26628 14 30 24 0
26629 14 31 24 0
26630 14 32 24 0
26631 15 0 24 0
26632 15 1 24 0
26633 15 2 24 0
26634 15 3 24 0
26635 15 4 24 0
26636 15 5 24 490
26637 15 6 24 490
26638 15 7 24 0
26639 15 8 24 0
26640 15 9 24 0
26641 15 10 24 0
26642 15 11 24 682
26643 15 12 24 0
26644 15 13 24 0
26645 15 14 24 0
26646 15 15 24 0
26647 15 16 24 0
26648 15 17 24 747
26649 15 18 24 0
26650 15 19 24 0
26651 15 20 24 0
26652 15 21 24 0
26653 15 22 24 0
26654 15 23 24 755
26655 15 24 24 755
26656 15 25 24 759
26657 15 26 24 0
26658 15 27 24 0
26659 15 28 24 764
26660 15 29 24 0
26661 15 30 24 0
26662 15 31 24 0
26663 15 32 24 0
26664 16 0 24 0
26665 16 1 24 0
26666 16 2 24 0
26667 16 3 24 0
26668 16 4 24 0
26669 16 5 24 0
26670 16 6 24 0
26671 16 7 24 0
26672 16 8 24 0
26673 16 9 24 0
26674 16 10 24 0
26675 16 11 24 0
26676 16 12 24 0
26677 16 13 24 0
26678 16 14 24 0
26679 16 15 24 0
26680 16 16 24 747
26681 16 17 24 747
26682 16 18 24 0
26683 16 19 24 0
26684 16 20 24 0
26685 16 21 24 0
26686 16 22 24 0
26687 16 23 24 755
26688 16 24 24 755
26689 16 25 24 755
26690 16 26 24 0
26691 16 27 24 764
26692 16 28 24 764
26693 16 29 24 764
26694 16 30 24 764
26695 16 31 24 0
26696 16 32 24 0
26697 17 0 24 0
26698 17 1 24 0
26699 17 2 24 0
26700 17 3 24 0
26701 17 4 24 0
26702 17 5 24 0
26703 17 6 24 0
26704 17 7 24 0
26705 17 8 24 0
26706 17 9 24 0
26707 17 10 24 0
26708 17 11 24 0
26709 17 12 24 0
26710 17 13 24 0
26711 17 14 24 0
26712 17 15 24 0
26713 17 16 24 0
26714 17 17 24 0
26715 17 18 24 0
26716 17 19 24 0
26717 17 20 24 0
26718 17 21 24 0
26719 17 22 24 0
26720 17 23 24 0
26721 17 24 24 0
26722 17 25 24 0
26723 17 26 24 0
26724 17 27 24 0
26725 17 28 24 764
26726 17 29 24 764
26727 17 30 24 764
26728 17 31 24 764
26729 17 32 24 871
26730 18 0 24 874
26731 18 1 24 0
26732 18 2 24 0
26733 18 3 24 0
26734 18 4 24 0
26735 18 5 24 0
26736 18 6 24 0
26737 18 7 24 881
26738 18 8 24 0
26739 18 9 24 0
26740 18 10 24 0
26741 18 11 24 0
26742 18 12 24 0
26743 18 13 24 0
26744 18 14 24 889
26745 18 15 24 889
26746 18 16 24 889
26747 18 17 24 0
26748 18 18 24 0
26749 18 19 24 0
26750 18 20 24 856
26751 18 21 24 856
26752 18 22 24 856
26753 18 23 24 0
26754 18 24 24 0
26755 18 25 24 0
26756 18 26 24 0
26757 18 27 24 0
26758 18 28 24 0
26759 18 29 24 0
26760 18 30 24 0
26761 18 31 24 764
26762 18 32 24 0
26763 19 0 24 0
26764 19 1 24 0
26765 19 2 24 0
26766 19 3 24 0
26767 19 4 24 0
26768 19 5 24 0
26769 19 6 24 0
26770 19 7 24 0
26771 19 8 24 0
26772 19 9 24 0
26773 19 10 24 0
26774 19 11 24 929
26775 19 12 24 0
26776 19 13 24 889
26777 19 14 24 889
26778 19 15 24 889
26779 19 16 24 889
26780 19 17 24 0
26781 19 18 24 0
26782 19 19 24 0
26783 19 20 24 0
26784 19 21 24 856
26785 19 22 24 856
26786 19 23 24 0
26787 19 24 24 0
26788 19 25 24 0
26789 19 26 24 0
26790 19 27 24 0
26791 19 28 24 0
26792 19 29 24 0
26793 19 30 24 0
26794 19 31 24 0
26795 19 32 24 0
26796 20 0 24 0
26797 20 1 24 0
26798 20 2 24 0
26799 20 3 24 0
26800 20 4 24 0
26801 20 5 24 974
26802 20 6 24 974
26803 20 7 24 0
26804 20 8 24 0
26805 20 9 24 0
26806 20 10 24 0
26807 20 11 24 929
26808 20 12 24 0
26809 20 13 24 0
26810 20 14 24 0
26811 20 15 24 889
26812 20 16 24 889
26813 20 17 24 0
26814 20 18 24 0
26815 20 19 24 998
26816 20 20 24 0
26817 20 21 24 0
26818 20 22 24 0
26819 20 23 24 0
26820 20 24 24 0
26821 20 25 24 0
26822 20 26 24 0
26823 20 27 24 0
26824 20 28 24 0
26825 20 29 24 0
26826 20 30 24 909
26827 20 31 24 909
26828 20 32 24 0
26829 21 0 24 0
26830 21 1 24 0
26831 21 2 24 0
26832 21 3 24 0
26833 21 4 24 0
26834 21 5 24 0
26835 21 6 24 0
26836 21 7 24 0
26837 21 8 24 0
26838 21 9 24 0
26839 21 10 24 0
26840 21 11 24 929
26841 21 12 24 0
26842 21 13 24 0
26843 21 14 24 0
26844 21 15 24 0
26845 21 16 24 0
26846 21 17 24 0
26847 21 18 24 1036
26848 21 19 24 0
26849 21 20 24 949
26850 21 21 24 0
26851 21 22 24 0
26852 21 23 24 0
26853 21 24 24 0
26854 21 25 24 0
26855 21 26 24 0
26856 21 27 24 0
26857 21 28 24 0
26858 21 29 24 0
26859 21 30 24 0
26860 21 31 24 909
26861 21 32 24 0
26862 22 0 24 1064
26863 22 1 24 0
26864 22 2 24 0
26865 22 3 24 0
26866 22 4 24 0
26867 22 5 24 0
26868 22 6 24 0
26869 22 7 24 0
26870 22 8 24 0
26871 22 9 24 0
26872 22 10 24 0
26873 22 11 24 0
26874 22 12 24 0
26875 22 13 24 0
26876 22 14 24 0
26877 22 15 24 0
26878 22 16 24 0
26879 22 17 24 0
26880 22 18 24 0
26881 22 19 24 1083
26882 22 20 24 0
26883 22 21 24 0
26884 22 22 24 0
26885 22 23 24 0
26886 22 24 24 0
26887 22 25 24 0
26888 22 26 24 0
26889 22 27 24 0
26890 22 28 24 1058
26891 22 29 24 0
26892 22 30 24 0
26893 22 31 24 0
26894 22 32 24 0
26895 23 0 24 0
26896 23 1 24 0
26897 23 2 24 0
26898 23 3 24 0
26899 23 4 24 0
26900 23 5 24 0
26901 23 6 24 0
26902 23 7 24 0
26903 23 8 24 1114
26904 23 9 24 0
26905 23 10 24 0
26906 23 11 24 0
26907 23 12 24 0
26908 23 13 24 0
26909 23 14 24 0
26910 23 15 24 0
26911 23 16 24 0
26912 23 17 24 0
26913 23 18 24 0
26914 23 19 24 1083
26915 23 20 24 0
26916 23 21 24 0
26917 23 22 24 0
26918 23 23 24 0
26919 23 24 24 0
26920 23 25 24 0
26921 23 26 24 0
26922 23 27 24 0
26923 23 28 24 0
26924 23 29 24 0
26925 23 30 24 0
26926 23 31 24 0
26927 23 32 24 0
26928 24 0 24 0
26929 24 1 24 0
26930 24 2 24 0
26931 24 3 24 0
26932 24 4 24 0
26933 24 5 24 0
26934 24 6 24 0
26935 24 7 24 0
26936 24 8 24 0
26937 24 9 24 0
26938 24 10 24 0
26939 24 11 24 0
26940 24 12 24 1167
26941 24 13 24 0
26942 24 14 24 0
26943 24 15 24 0
26944 24 16 24 0
26945 24 17 24 0
26946 24 18 24 0
26947 24 19 24 0
26948 24 20 24 1175
26949 24 21 24 0
26950 24 22 24 1178
26951 24 23 24 0
26952 24 24 24 0
26953 24 25 24 1183
26954 24 26 24 0
26955 24 27 24 0
26956 24 28 24 1189
26957 24 29 24 1189
26958 24 30 24 0
26959 24 31 24 0
26960 24 32 24 0
26961 25 0 24 0
26962 25 1 24 0
26963 25 2 24 1148
26964 25 3 24 0
26965 25 4 24 0
26966 25 5 24 0
26967 25 6 24 0
26968 25 7 24 1210
26969 25 8 24 1210
26970 25 9 24 1210
26971 25 10 24 0
26972 25 11 24 0
26973 25 12 24 0
26974 25 13 24 0
26975 25 14 24 0
26976 25 15 24 0
26977 25 16 24 0
26978 25 17 24 0
26979 25 18 24 0
26980 25 19 24 0
26981 25 20 24 1237
26982 25 21 24 0
26983 25 22 24 0
26984 25 23 24 0
26985 25 24 24 1183
26986 25 25 24 1183
26987 25 26 24 0
26988 25 27 24 1189
26989 25 28 24 1189
26990 25 29 24 1189
26991 25 30 24 0
26992 25 31 24 0
26993 25 32 24 0
26994 26 0 24 0
26995 26 1 24 1262
26996 26 2 24 0
26997 26 3 24 1268
26998 26 4 24 0
26999 26 5 24 0
27000 26 6 24 0
27001 26 7 24 0
27002 26 8 24 1210
27003 26 9 24 1210
27004 26 10 24 0
27005 26 11 24 0
27006 26 12 24 0
27007 26 13 24 0
27008 26 14 24 0
27009 26 15 24 1282
27010 26 16 24 0
27011 26 17 24 0
27012 26 18 24 0
27013 26 19 24 1237
27014 26 20 24 1237
27015 26 21 24 1237
27016 26 22 24 0
27017 26 23 24 0
27018 26 24 24 1183
27019 26 25 24 1183
27020 26 26 24 0
27021 26 27 24 1189
27022 26 28 24 1189
27023 26 29 24 0
27024 26 30 24 0
27025 26 31 24 0
27026 26 32 24 0
27027 27 0 24 1308
27028 27 1 24 0
27029 27 2 24 0
27030 27 3 24 0
27031 27 4 24 0
27032 27 5 24 0
27033 27 6 24 0
27034 27 7 24 0
27035 27 8 24 1210
27036 27 9 24 1210
27037 27 10 24 0
27038 27 11 24 0
27039 27 12 24 0
27040 27 13 24 0
27041 27 14 24 0
27042 27 15 24 1282
27043 27 16 24 1333
27044 27 17 24 0
27045 27 18 24 0
27046 27 19 24 1237
27047 27 20 24 1237
27048 27 21 24 0
27049 27 22 24 0
27050 27 23 24 0
27051 27 24 24 0
27052 27 25 24 0
27053 27 26 24 0
27054 27 27 24 0
27055 27 28 24 0
27056 27 29 24 1355
27057 27 30 24 0
27058 27 31 24 0
27059 27 32 24 0
27060 28 0 24 1308
27061 28 1 24 1308
27062 28 2 24 0
27063 28 3 24 0
27064 28 4 24 0
27065 28 5 24 0
27066 28 6 24 0
27067 28 7 24 0
27068 28 8 24 0
27069 28 9 24 0
27070 28 10 24 0
27071 28 11 24 1376
27072 28 12 24 0
27073 28 13 24 0
27074 28 14 24 1282
27075 28 15 24 0
27076 28 16 24 0
27077 28 17 24 0
27078 28 18 24 0
27079 28 19 24 0
27080 28 20 24 0
27081 28 21 24 0
27082 28 22 24 0
27083 28 23 24 0
27084 28 24 24 0
27085 28 25 24 0
27086 28 26 24 0
27087 28 27 24 0
27088 28 28 24 1355
27089 28 29 24 1355
27090 28 30 24 1355
27091 28 31 24 0
27092 28 32 24 0
27093 29 0 24 0
27094 29 1 24 1308
27095 29 2 24 0
27096 29 3 24 0
27097 29 4 24 0
27098 29 5 24 0
27099 29 6 24 0
27100 29 7 24 0
27101 29 8 24 0
27102 29 9 24 0
27103 29 10 24 0
27104 29 11 24 1376
27105 29 12 24 0
27106 29 13 24 0
27107 29 14 24 0
27108 29 15 24 0
27109 29 16 24 0
27110 29 17 24 0
27111 29 18 24 0
27112 29 19 24 0
27113 29 20 24 1435
27114 29 21 24 1435
27115 29 22 24 1435
27116 29 23 24 0
27117 29 24 24 0
27118 29 25 24 0
27119 29 26 24 0
27120 29 27 24 0
27121 29 28 24 1355
27122 29 29 24 0
27123 29 30 24 0
27124 29 31 24 0
27125 29 32 24 0
27126 30 0 24 1453
27127 30 1 24 1456
27128 30 2 24 0
27129 30 3 24 0
27130 30 4 24 0
27131 30 5 24 0
27132 30 6 24 0
27133 30 7 24 0
27134 30 8 24 1464
27135 30 9 24 0
27136 30 10 24 1376
27137 30 11 24 1376
27138 30 12 24 0
27139 30 13 24 0
27140 30 14 24 0
27141 30 15 24 0
27142 30 16 24 0
27143 30 17 24 0
27144 30 18 24 0
27145 30 19 24 0
27146 30 20 24 1435
27147 30 21 24 1435
27148 30 22 24 1435
27149 30 23 24 0
27150 30 24 24 0
27151 30 25 24 0
27152 30 26 24 0
27153 30 27 24 0
27154 30 28 24 0
27155 30 29 24 0
27156 30 30 24 0
27157 30 31 24 0
27158 30 32 24 0
27159 31 0 24 0
27160 31 1 24 1491
27161 31 2 24 1494
27162 31 3 24 0
27163 31 4 24 0
27164 31 5 24 0
27165 31 6 24 0
27166 31 7 24 1411
27167 31 8 24 0
27168 31 9 24 0
27169 31 10 24 0
27170 31 11 24 0
27171 31 12 24 0
27172 31 13 24 0
27173 31 14 24 0
27174 31 15 24 0
27175 31 16 24 0
27176 31 17 24 0
27177 31 18 24 0
27178 31 19 24 0
27179 31 20 24 0
27180 31 21 24 0
27181 31 22 24 0
27182 31 23 24 0
27183 31 24 24 0
27184 31 25 24 0
27185 31 26 24 0
27186 31 27 24 0
27187 31 28 24 0
27188 31 29 24 0
27189 31 30 24 0
27190 31 31 24 0
27191 31 32 24 0
27192 32 0 24 0
27193 32 1 24 0
27194 32 2 24 0
27195 32 3 24 0
27196 32 4 24 0
27197 32 5 24 0
27198 32 6 24 0
27199 32 7 24 0
27200 32 8 24 0
27201 32 9 24 0
27202 32 10 24 0
27203 32 11 24 0
27204 32 12 24 0
27205 32 13 24 0
27206 32 14 24 0
27207 32 15 24 37
27208 32 16 24 37
27209 32 17 24 0
27210 32 18 24 0
27211 32 19 24 0
27212 32 20 24 0
27213 32 21 24 0
27214 32 22 24 0
27215 32 23 24 0
27216 32 24 24 0
27217 32 25 24 0
27218 32 26 24 0
27219 32 27 24 0
27220 32 28 24 0
27221 32 29 24 0
27222 32 30 24 0
27223 32 31 24 0
27224 32 32 24 0
27225 0 0 25 0
27226 0 1 25 0
27227 0 2 25 0
27228 0 3 25 0
27229 0 4 25 0
27230 0 5 25 12
27231 0 6 25 12
27232 0 7 25 12
27233 0 8 25 0
27234 0 9 25 0
27235 0 10 25 0
27236 0 11 25 0
27237 0 12 25 0
27238 0 13 25 0
27239 0 14 25 0
27240 0 15 25 0
27241 0 16 25 0
27242 0 17 25 0
27243 0 18 25 0
27244 0 19 25 0
27245 0 20 25 0
27246 0 21 25 0
27247 0 22 25 0
27248 0 23 25 0
27249 0 24 25 0
27250 0 25 25 0
27251 0 26 25 0
27252 0 27 25 0
27253 0 28 25 0
27254 0 29 25 0
27255 0 30 25 0
27256 0 31 25 0
27257 0 32 25 0
27258 1 0 25 0
27259 1 1 25 0
27260 1 2 25 0
27261 1 3 25 82
27262 1 4 25 0
27263 1 5 25 0
27264 1 6 25 0
27265 1 7 25 0
27266 1 8 25 0
27267 1 9 25 0
27268 1 10 25 100
27269 1 11 25 0
27270 1 12 25 0
27271 1 13 25 0
27272 1 14 25 0
27273 1 15 25 0
27274 1 16 25 0
27275 1 17 25 0
27276 1 18 25 0
27277 1 19 25 0
27278 1 20 25 0
27279 1 21 25 0
27280 1 22 25 0
27281 1 23 25 0
27282 1 24 25 0
27283 1 25 25 0
27284 1 26 25 115
27285 1 27 25 0
27286 1 28 25 118
27287 1 29 25 0
27288 1 30 25 124
27289 1 31 25 124
27290 1 32 25 0
27291 2 0 25 0
27292 2 1 25 0
27293 2 2 25 0
27294 2 3 25 82
27295 2 4 25 0
27296 2 5 25 89
27297 2 6 25 89
27298 2 7 25 89
27299 2 8 25 0
27300 2 9 25 0
27301 2 10 25 0
27302 2 11 25 0
27303 2 12 25 0
27304 2 13 25 0
27305 2 14 25 0
27306 2 15 25 0
27307 2 16 25 0
27308 2 17 25 0
27309 2 18 25 0
27310 2 19 25 0
27311 2 20 25 0
27312 2 21 25 0
27313 2 22 25 0
27314 2 23 25 0
27315 2 24 25 0
27316 2 25 25 0
27317 2 26 25 169
27318 2 27 25 0
27319 2 28 25 0
27320 2 29 25 0
27321 2 30 25 0
27322 2 31 25 124
27323 2 32 25 0
27324 3 0 25 0
27325 3 1 25 0
27326 3 2 25 0
27327 3 3 25 0
27328 3 4 25 0
27329 3 5 25 0
27330 3 6 25 0
27331 3 7 25 89
27332 3 8 25 0
27333 3 9 25 0
27334 3 10 25 0
27335 3 11 25 0
27336 3 12 25 0
27337 3 13 25 0
27338 3 14 25 0
27339 3 15 25 0
27340 3 16 25 0
27341 3 17 25 0
27342 3 18 25 0
27343 3 19 25 0
27344 3 20 25 0
27345 3 21 25 0
27346 3 22 25 0
27347 3 23 25 0
27348 3 24 25 0
27349 3 25 25 202
27350 3 26 25 169
27351 3 27 25 0
27352 3 28 25 0
27353 3 29 25 0
27354 3 30 25 0
27355 3 31 25 124
27356 3 32 25 0
27357 4 0 25 219
27358 4 1 25 219
27359 4 2 25 0
27360 4 3 25 0
27361 4 4 25 0
27362 4 5 25 0
27363 4 6 25 0
27364 4 7 25 0
27365 4 8 25 0
27366 4 9 25 0
27367 4 10 25 0
27368 4 11 25 0
27369 4 12 25 237
27370 4 13 25 239
27371 4 14 25 0
27372 4 15 25 0
27373 4 16 25 0
27374 4 17 25 0
27375 4 18 25 0
27376 4 19 25 0
27377 4 20 25 0
27378 4 21 25 0
27379 4 22 25 0
27380 4 23 25 0
27381 4 24 25 0
27382 4 25 25 202
27383 4 26 25 0
27384 4 27 25 0
27385 4 28 25 0
27386 4 29 25 213
27387 4 30 25 213
27388 4 31 25 213
27389 4 32 25 0
27390 5 0 25 0
27391 5 1 25 219
27392 5 2 25 0
27393 5 3 25 0
27394 5 4 25 0
27395 5 5 25 0
27396 5 6 25 0
27397 5 7 25 0
27398 5 8 25 0
27399 5 9 25 0
27400 5 10 25 0
27401 5 11 25 287
27402 5 12 25 287
27403 5 13 25 288
27404 5 14 25 0
27405 5 15 25 0
27406 5 16 25 0
27407 5 17 25 247
27408 5 18 25 0
27409 5 19 25 0
27410 5 20 25 0
27411 5 21 25 0
27412 5 22 25 0
27413 5 23 25 0
27414 5 24 25 0
27415 5 25 25 0
27416 5 26 25 0
27417 5 27 25 0
27418 5 28 25 0
27419 5 29 25 213
27420 5 30 25 213
27421 5 31 25 0
27422 5 32 25 0
27423 6 0 25 0
27424 6 1 25 0
27425 6 2 25 270
27426 6 3 25 0
27427 6 4 25 0
27428 6 5 25 0
27429 6 6 25 0
27430 6 7 25 0
27431 6 8 25 0
27432 6 9 25 0
27433 6 10 25 287
27434 6 11 25 287
27435 6 12 25 287
27436 6 13 25 0
27437 6 14 25 331
27438 6 15 25 292
27439 6 16 25 292
27440 6 17 25 0
27441 6 18 25 0
27442 6 19 25 0
27443 6 20 25 0
27444 6 21 25 296
27445 6 22 25 296
27446 6 23 25 0
27447 6 24 25 0
27448 6 25 25 0
27449 6 26 25 0
27450 6 27 25 0
27451 6 28 25 0
27452 6 29 25 0
27453 6 30 25 213
27454 6 31 25 0
27455 6 32 25 0
27456 7 0 25 0
27457 7 1 25 0
27458 7 2 25 0
27459 7 3 25 351
27460 7 4 25 0
27461 7 5 25 0
27462 7 6 25 0
27463 7 7 25 0
27464 7 8 25 0
27465 7 9 25 0
27466 7 10 25 0
27467 7 11 25 287
27468 7 12 25 0
27469 7 13 25 0
27470 7 14 25 0
27471 7 15 25 0
27472 7 16 25 0
27473 7 17 25 0
27474 7 18 25 0
27475 7 19 25 0
27476 7 20 25 0
27477 7 21 25 296
27478 7 22 25 296
27479 7 23 25 0
27480 7 24 25 0
27481 7 25 25 0
27482 7 26 25 0
27483 7 27 25 0
27484 7 28 25 0
27485 7 29 25 213
27486 7 30 25 213
27487 7 31 25 0
27488 7 32 25 0
27489 8 0 25 0
27490 8 1 25 0
27491 8 2 25 0
27492 8 3 25 351
27493 8 4 25 0
27494 8 5 25 0
27495 8 6 25 395
27496 8 7 25 0
27497 8 8 25 0
27498 8 9 25 0
27499 8 10 25 0
27500 8 11 25 0
27501 8 12 25 0
27502 8 13 25 0
27503 8 14 25 0
27504 8 15 25 0
27505 8 16 25 0
27506 8 17 25 0
27507 8 18 25 419
27508 8 19 25 0
27509 8 20 25 0
27510 8 21 25 0
27511 8 22 25 0
27512 8 23 25 0
27513 8 24 25 0
27514 8 25 25 0
27515 8 26 25 0
27516 8 27 25 0
27517 8 28 25 0
27518 8 29 25 0
27519 8 30 25 0
27520 8 31 25 0
27521 8 32 25 0
27522 9 0 25 0
27523 9 1 25 0
27524 9 2 25 0
27525 9 3 25 0
27526 9 4 25 0
27527 9 5 25 0
27528 9 6 25 0
27529 9 7 25 0
27530 9 8 25 0
27531 9 9 25 0
27532 9 10 25 0
27533 9 11 25 0
27534 9 12 25 0
27535 9 13 25 0
27536 9 14 25 0
27537 9 15 25 458
27538 9 16 25 0
27539 9 17 25 0
27540 9 18 25 419
27541 9 19 25 419
27542 9 20 25 0
27543 9 21 25 0
27544 9 22 25 0
27545 9 23 25 424
27546 9 24 25 0
27547 9 25 25 0
27548 9 26 25 0
27549 9 27 25 0
27550 9 28 25 0
27551 9 29 25 0
27552 9 30 25 479
27553 9 31 25 0
27554 9 32 25 0
27555 10 0 25 0
27556 10 1 25 0
27557 10 2 25 0
27558 10 3 25 0
27559 10 4 25 0
27560 10 5 25 0
27561 10 6 25 0
27562 10 7 25 0
27563 10 8 25 0
27564 10 9 25 0
27565 10 10 25 0
27566 10 11 25 0
27567 10 12 25 0
27568 10 13 25 0
27569 10 14 25 0
27570 10 15 25 0
27571 10 16 25 508
27572 10 17 25 0
27573 10 18 25 0
27574 10 19 25 0
27575 10 20 25 0
27576 10 21 25 0
27577 10 22 25 0
27578 10 23 25 0
27579 10 24 25 0
27580 10 25 25 0
27581 10 26 25 0
27582 10 27 25 0
27583 10 28 25 0
27584 10 29 25 0
27585 10 30 25 479
27586 10 31 25 0
27587 10 32 25 0
27588 11 0 25 537
27589 11 1 25 0
27590 11 2 25 0
27591 11 3 25 0
27592 11 4 25 0
27593 11 5 25 0
27594 11 6 25 0
27595 11 7 25 0
27596 11 8 25 0
27597 11 9 25 0
27598 11 10 25 0
27599 11 11 25 0
27600 11 12 25 0
27601 11 13 25 0
27602 11 14 25 0
27603 11 15 25 0
27604 11 16 25 0
27605 11 17 25 0
27606 11 18 25 0
27607 11 19 25 0
27608 11 20 25 0
27609 11 21 25 0
27610 11 22 25 0
27611 11 23 25 0
27612 11 24 25 0
27613 11 25 25 0
27614 11 26 25 0
27615 11 27 25 0
27616 11 28 25 0
27617 11 29 25 0
27618 11 30 25 0
27619 11 31 25 583
27620 11 32 25 0
27621 12 0 25 0
27622 12 1 25 0
27623 12 2 25 0
27624 12 3 25 0
27625 12 4 25 0
27626 12 5 25 490
27627 12 6 25 0
27628 12 7 25 0
27629 12 8 25 0
27630 12 9 25 0
27631 12 10 25 0
27632 12 11 25 0
27633 12 12 25 0
27634 12 13 25 0
27635 12 14 25 0
27636 12 15 25 0
27637 12 16 25 0
27638 12 17 25 0
27639 12 18 25 563
27640 12 19 25 563
27641 12 20 25 0
27642 12 21 25 0
27643 12 22 25 0
27644 12 23 25 0
27645 12 24 25 0
27646 12 25 25 0
27647 12 26 25 0
27648 12 27 25 0
27649 12 28 25 0
27650 12 29 25 0
27651 12 30 25 0
27652 12 31 25 0
27653 12 32 25 0
27654 13 0 25 0
27655 13 1 25 0
27656 13 2 25 0
27657 13 3 25 0
27658 13 4 25 490
27659 13 5 25 490
27660 13 6 25 490
27661 13 7 25 490
27662 13 8 25 0
27663 13 9 25 0
27664 13 10 25 0
27665 13 11 25 0
27666 13 12 25 0
27667 13 13 25 0
27668 13 14 25 0
27669 13 15 25 0
27670 13 16 25 0
27671 13 17 25 0
27672 13 18 25 0
27673 13 19 25 0
27674 13 20 25 0
27675 13 21 25 0
27676 13 22 25 516
27677 13 23 25 516
27678 13 24 25 0
27679 13 25 25 0
27680 13 26 25 657
27681 13 27 25 0
27682 13 28 25 0
27683 13 29 25 0
27684 13 30 25 0
27685 13 31 25 0
27686 13 32 25 0
27687 14 0 25 0
27688 14 1 25 0
27689 14 2 25 0
27690 14 3 25 0
27691 14 4 25 490
27692 14 5 25 490
27693 14 6 25 490
27694 14 7 25 490
27695 14 8 25 0
27696 14 9 25 0
27697 14 10 25 0
27698 14 11 25 0
27699 14 12 25 0
27700 14 13 25 0
27701 14 14 25 0
27702 14 15 25 0
27703 14 16 25 0
27704 14 17 25 0
27705 14 18 25 0
27706 14 19 25 0
27707 14 20 25 0
27708 14 21 25 0
27709 14 22 25 516
27710 14 23 25 0
27711 14 24 25 0
27712 14 25 25 0
27713 14 26 25 657
27714 14 27 25 0
27715 14 28 25 0
27716 14 29 25 0
27717 14 30 25 0
27718 14 31 25 0
27719 14 32 25 719
27720 15 0 25 0
27721 15 1 25 0
27722 15 2 25 0
27723 15 3 25 0
27724 15 4 25 0
27725 15 5 25 490
27726 15 6 25 0
27727 15 7 25 0
27728 15 8 25 0
27729 15 9 25 0
27730 15 10 25 0
27731 15 11 25 0
27732 15 12 25 0
27733 15 13 25 740
27734 15 14 25 0
27735 15 15 25 0
27736 15 16 25 0
27737 15 17 25 0
27738 15 18 25 0
27739 15 19 25 0
27740 15 20 25 0
27741 15 21 25 0
27742 15 22 25 0
27743 15 23 25 755
27744 15 24 25 755
27745 15 25 25 759
27746 15 26 25 0
27747 15 27 25 0
27748 15 28 25 764
27749 15 29 25 764
27750 15 30 25 0
27751 15 31 25 0
27752 15 32 25 0
27753 16 0 25 0
27754 16 1 25 0
27755 16 2 25 0
27756 16 3 25 0
27757 16 4 25 0
27758 16 5 25 0
27759 16 6 25 0
27760 16 7 25 0
27761 16 8 25 0
27762 16 9 25 0
27763 16 10 25 0
27764 16 11 25 0
27765 16 12 25 741
27766 16 13 25 741
27767 16 14 25 0
27768 16 15 25 0
27769 16 16 25 0
27770 16 17 25 747
27771 16 18 25 0
27772 16 19 25 0
27773 16 20 25 0
27774 16 21 25 0
27775 16 22 25 0
27776 16 23 25 755
27777 16 24 25 755
27778 16 25 25 755
27779 16 26 25 755
27780 16 27 25 0
27781 16 28 25 764
27782 16 29 25 764
27783 16 30 25 764
27784 16 31 25 764
27785 16 32 25 0
27786 17 0 25 0
27787 17 1 25 0
27788 17 2 25 0
27789 17 3 25 0
27790 17 4 25 0
27791 17 5 25 0
27792 17 6 25 0
27793 17 7 25 0
27794 17 8 25 0
27795 17 9 25 0
27796 17 10 25 0
27797 17 11 25 0
27798 17 12 25 741
27799 17 13 25 741
27800 17 14 25 0
27801 17 15 25 0
27802 17 16 25 0
27803 17 17 25 0
27804 17 18 25 0
27805 17 19 25 0
27806 17 20 25 856
27807 17 21 25 856
27808 17 22 25 0
27809 17 23 25 755
27810 17 24 25 0
27811 17 25 25 755
27812 17 26 25 0
27813 17 27 25 0
27814 17 28 25 764
27815 17 29 25 764
27816 17 30 25 764
27817 17 31 25 0
27818 17 32 25 0
27819 18 0 25 0
27820 18 1 25 0
27821 18 2 25 0
27822 18 3 25 0
27823 18 4 25 0
27824 18 5 25 0
27825 18 6 25 0
27826 18 7 25 0
27827 18 8 25 882
27828 18 9 25 0
27829 18 10 25 0
27830 18 11 25 0
27831 18 12 25 0
27832 18 13 25 0
27833 18 14 25 0
27834 18 15 25 0
27835 18 16 25 0
27836 18 17 25 0
27837 18 18 25 0
27838 18 19 25 0
27839 18 20 25 856
27840 18 21 25 0
27841 18 22 25 0
27842 18 23 25 0
27843 18 24 25 0
27844 18 25 25 0
27845 18 26 25 0
27846 18 27 25 0
27847 18 28 25 0
27848 18 29 25 0
27849 18 30 25 0
27850 18 31 25 0
27851 18 32 25 0
27852 19 0 25 0
27853 19 1 25 0
27854 19 2 25 918
27855 19 3 25 0
27856 19 4 25 0
27857 19 5 25 0
27858 19 6 25 0
27859 19 7 25 0
27860 19 8 25 926
27861 19 9 25 0
27862 19 10 25 0
27863 19 11 25 0
27864 19 12 25 0
27865 19 13 25 0
27866 19 14 25 0
27867 19 15 25 0
27868 19 16 25 889
27869 19 17 25 0
27870 19 18 25 0
27871 19 19 25 0
27872 19 20 25 0
27873 19 21 25 0
27874 19 22 25 0
27875 19 23 25 0
27876 19 24 25 0
27877 19 25 25 0
27878 19 26 25 0
27879 19 27 25 0
27880 19 28 25 0
27881 19 29 25 0
27882 19 30 25 0
27883 19 31 25 964
27884 19 32 25 0
27885 20 0 25 0
27886 20 1 25 0
27887 20 2 25 0
27888 20 3 25 971
27889 20 4 25 0
27890 20 5 25 0
27891 20 6 25 0
27892 20 7 25 0
27893 20 8 25 0
27894 20 9 25 0
27895 20 10 25 0
27896 20 11 25 0
27897 20 12 25 0
27898 20 13 25 889
27899 20 14 25 889
27900 20 15 25 889
27901 20 16 25 889
27902 20 17 25 0
27903 20 18 25 0
27904 20 19 25 0
27905 20 20 25 856
27906 20 21 25 0
27907 20 22 25 0
27908 20 23 25 0
27909 20 24 25 0
27910 20 25 25 0
27911 20 26 25 0
27912 20 27 25 0
27913 20 28 25 0
27914 20 29 25 0
27915 20 30 25 0
27916 20 31 25 0
27917 20 32 25 0
27918 21 0 25 0
27919 21 1 25 0
27920 21 2 25 0
27921 21 3 25 0
27922 21 4 25 0
27923 21 5 25 975
27924 21 6 25 0
27925 21 7 25 0
27926 21 8 25 0
27927 21 9 25 0
27928 21 10 25 1024
27929 21 11 25 0
27930 21 12 25 0
27931 21 13 25 0
27932 21 14 25 889
27933 21 15 25 889
27934 21 16 25 889
27935 21 17 25 0
27936 21 18 25 0
27937 21 19 25 0
27938 21 20 25 0
27939 21 21 25 0
27940 21 22 25 0
27941 21 23 25 0
27942 21 24 25 0
27943 21 25 25 0
27944 21 26 25 0
27945 21 27 25 0
27946 21 28 25 1058
27947 21 29 25 0
27948 21 30 25 0
27949 21 31 25 0
27950 21 32 25 0
27951 22 0 25 0
27952 22 1 25 0
27953 22 2 25 0
27954 22 3 25 0
27955 22 4 25 0
27956 22 5 25 975
27957 22 6 25 975
27958 22 7 25 975
27959 22 8 25 0
27960 22 9 25 0
27961 22 10 25 0
27962 22 11 25 0
27963 22 12 25 0
27964 22 13 25 0
27965 22 14 25 0
27966 22 15 25 0
27967 22 16 25 0
27968 22 17 25 0
27969 22 18 25 0
27970 22 19 25 0
27971 22 20 25 0
27972 22 21 25 0
27973 22 22 25 1087
27974 22 23 25 0
27975 22 24 25 0
27976 22 25 25 0
27977 22 26 25 0
27978 22 27 25 1058
27979 22 28 25 1058
27980 22 29 25 1094
27981 22 30 25 0
27982 22 31 25 0
27983 22 32 25 0
27984 23 0 25 1100
27985 23 1 25 0
27986 23 2 25 0
27987 23 3 25 0
27988 23 4 25 0
27989 23 5 25 0
27990 23 6 25 0
27991 23 7 25 0
27992 23 8 25 0
27993 23 9 25 0
27994 23 10 25 0
27995 23 11 25 0
27996 23 12 25 0
27997 23 13 25 0
27998 23 14 25 0
27999 23 15 25 0
28000 23 16 25 0
28001 23 17 25 0
28002 23 18 25 0
28003 23 19 25 0
28004 23 20 25 0
28005 23 21 25 0
28006 23 22 25 0
28007 23 23 25 0
28008 23 24 25 0
28009 23 25 25 0
28010 23 26 25 0
28011 23 27 25 0
28012 23 28 25 1058
28013 23 29 25 1094
28014 23 30 25 0
28015 23 31 25 0
28016 23 32 25 0
28017 24 0 25 0
28018 24 1 25 1148
28019 24 2 25 0
28020 24 3 25 0
28021 24 4 25 0
28022 24 5 25 0
28023 24 6 25 0
28024 24 7 25 0
28025 24 8 25 0
28026 24 9 25 0
28027 24 10 25 0
28028 24 11 25 0
28029 24 12 25 0
28030 24 13 25 0
28031 24 14 25 0
28032 24 15 25 0
28033 24 16 25 0
28034 24 17 25 0
28035 24 18 25 0
28036 24 19 25 0
28037 24 20 25 0
28038 24 21 25 0
28039 24 22 25 0
28040 24 23 25 0
28041 24 24 25 1181
28042 24 25 25 0
28043 24 26 25 0
28044 24 27 25 0
28045 24 28 25 0
28046 24 29 25 0
28047 24 30 25 0
28048 24 31 25 0
28049 24 32 25 0
28050 25 0 25 1148
28051 25 1 25 1148
28052 25 2 25 1148
28053 25 3 25 0
28054 25 4 25 0
28055 25 5 25 0
28056 25 6 25 0
28057 25 7 25 0
28058 25 8 25 0
28059 25 9 25 0
28060 25 10 25 0
28061 25 11 25 0
28062 25 12 25 0
28063 25 13 25 0
28064 25 14 25 0
28065 25 15 25 0
28066 25 16 25 0
28067 25 17 25 0
28068 25 18 25 0
28069 25 19 25 1237
28070 25 20 25 0
28071 25 21 25 0
28072 25 22 25 0
28073 25 23 25 0
28074 25 24 25 1183
28075 25 25 25 0
28076 25 26 25 0
28077 25 27 25 0
28078 25 28 25 1189
28079 25 29 25 1189
28080 25 30 25 0
28081 25 31 25 1256
28082 25 32 25 0
28083 26 0 25 1148
28084 26 1 25 0
28085 26 2 25 0
28086 26 3 25 0
28087 26 4 25 0
28088 26 5 25 1270
28089 26 6 25 0
28090 26 7 25 0
28091 26 8 25 1210
28092 26 9 25 0
28093 26 10 25 0
28094 26 11 25 0
28095 26 12 25 0
28096 26 13 25 0
28097 26 14 25 1280
28098 26 15 25 1282
28099 26 16 25 0
28100 26 17 25 0
28101 26 18 25 0
28102 26 19 25 1237
28103 26 20 25 1237
28104 26 21 25 0
28105 26 22 25 0
28106 26 23 25 0
28107 26 24 25 0
28108 26 25 25 1183
28109 26 26 25 0
28110 26 27 25 1189
28111 26 28 25 1189
28112 26 29 25 1189
28113 26 30 25 0
28114 26 31 25 0
28115 26 32 25 0
28116 27 0 25 0
28117 27 1 25 0
28118 27 2 25 0
28119 27 3 25 0
28120 27 4 25 0
28121 27 5 25 0
28122 27 6 25 0
28123 27 7 25 0
28124 27 8 25 0
28125 27 9 25 0
28126 27 10 25 0
28127 27 11 25 0
28128 27 12 25 0
28129 27 13 25 1279
28130 27 14 25 0
28131 27 15 25 0
28132 27 16 25 0
28133 27 17 25 0
28134 27 18 25 0
28135 27 19 25 0
28136 27 20 25 0
28137 27 21 25 0
28138 27 22 25 0
28139 27 23 25 0
28140 27 24 25 1183
28141 27 25 25 1183
28142 27 26 25 0
28143 27 27 25 0
28144 27 28 25 0
28145 27 29 25 0
28146 27 30 25 0
28147 27 31 25 0
28148 27 32 25 0
28149 28 0 25 0
28150 28 1 25 0
28151 28 2 25 0
28152 28 3 25 0
28153 28 4 25 0
28154 28 5 25 0
28155 28 6 25 0
28156 28 7 25 0
28157 28 8 25 0
28158 28 9 25 0
28159 28 10 25 0
28160 28 11 25 0
28161 28 12 25 0
28162 28 13 25 0
28163 28 14 25 0
28164 28 15 25 0
28165 28 16 25 1334
28166 28 17 25 0
28167 28 18 25 1385
28168 28 19 25 0
28169 28 20 25 0
28170 28 21 25 0
28171 28 22 25 0
28172 28 23 25 0
28173 28 24 25 1183
28174 28 25 25 1183
28175 28 26 25 0
28176 28 27 25 0
28177 28 28 25 0
28178 28 29 25 0
28179 28 30 25 0
28180 28 31 25 1193
28181 28 32 25 0
28182 29 0 25 0
28183 29 1 25 1308
28184 29 2 25 0
28185 29 3 25 0
28186 29 4 25 0
28187 29 5 25 0
28188 29 6 25 0
28189 29 7 25 0
28190 29 8 25 0
28191 29 9 25 0
28192 29 10 25 0
28193 29 11 25 0
28194 29 12 25 0
28195 29 13 25 0
28196 29 14 25 0
28197 29 15 25 1427
28198 29 16 25 0
28199 29 17 25 0
28200 29 18 25 0
28201 29 19 25 0
28202 29 20 25 0
28203 29 21 25 1435
28204 29 22 25 1435
28205 29 23 25 0
28206 29 24 25 0
28207 29 25 25 0
28208 29 26 25 0
28209 29 27 25 0
28210 29 28 25 0
28211 29 29 25 1448
28212 29 30 25 0
28213 29 31 25 0
28214 29 32 25 0
28215 30 0 25 0
28216 30 1 25 0
28217 30 2 25 0
28218 30 3 25 0
28219 30 4 25 0
28220 30 5 25 0
28221 30 6 25 0
28222 30 7 25 0
28223 30 8 25 0
28224 30 9 25 0
28225 30 10 25 0
28226 30 11 25 0
28227 30 12 25 0
28228 30 13 25 0
28229 30 14 25 0
28230 30 15 25 0
28231 30 16 25 0
28232 30 17 25 0
28233 30 18 25 0
28234 30 19 25 0
28235 30 20 25 0
28236 30 21 25 0
28237 30 22 25 0
28238 30 23 25 0
28239 30 24 25 0
28240 30 25 25 1482
28241 30 26 25 0
28242 30 27 25 0
28243 30 28 25 0
28244 30 29 25 0
28245 30 30 25 0
28246 30 31 25 0
28247 30 32 25 0
28248 31 0 25 0
28249 31 1 25 0
28250 31 2 25 0
28251 31 3 25 0
28252 31 4 25 0
28253 31 5 25 0
28254 31 6 25 0
28255 31 7 25 0
28256 31 8 25 0
28257 31 9 25 1502
28258 31 10 25 0
28259 31 11 25 0
28260 31 12 25 0
28261 31 13 25 0
28262 31 14 25 0
28263 31 15 25 0
28264 31 16 25 0
28265 31 17 25 0
28266 31 18 25 0
28267 31 19 25 0
28268 31 20 25 0
28269 31 21 25 0
28270 31 22 25 0
28271 31 23 25 0
28272 31 24 25 0
28273 31 25 25 1482
28274 31 26 25 0
28275 31 27 25 0
28276 31 28 25 0
28277 31 29 25 0
28278 31 30 25 0
28279 31 31 25 0
28280 31 32 25 1535
28281 32 0 25 0
28282 32 1 25 0
28283 32 2 25 0
28284 32 3 25 0
28285 32 4 25 0
28286 32 5 25 12
28287 32 6 25 12
28288 32 7 25 12
28289 32 8 25 0
28290 32 9 25 0
28291 32 10 25 0
28292 32 11 25 0
28293 32 12 25 0
28294 32 13 25 0
28295 32 14 25 0
28296 32 15 25 0
28297 32 16 25 0
28298 32 17 25 0
28299 32 18 25 0
28300 32 19 25 0
28301 32 20 25 0
28302 32 21 25 0
28303 32 22 25 55
28304 32 23 25 0
28305 32 24 25 0
28306 32 25 25 0
28307 32 26 25 0
28308 32 27 25 0
28309 32 28 25 0
28310 32 29 25 1558
28311 32 30 25 0
28312 32 31 25 0
28313 32 32 25 0
28314 0 0 26 0
28315 0 1 26 0
28316 0 2 26 0
28317 0 3 26 0
28318 0 4 26 0
28319 0 5 26 12
28320 0 6 26 12
28321 0 7 26 12
28322 0 8 26 12
28323 0 9 26 22
28324 0 10 26 0
28325 0 11 26 27
28326 0 12 26 0
28327 0 13 26 0
28328 0 14 26 0
28329 0 15 26 0
28330 0 16 26 0
28331 0 17 26 43
28332 0 18 26 0
28333 0 19 26 46
28334 0 20 26 0
28335 0 21 26 53
28336 0 22 26 53
28337 0 23 26 0
28338 0 24 26 60
28339 0 25 26 0
28340 0 26 26 0
28341 0 27 26 0
28342 0 28 26 0
28343 0 29 26 67
28344 0 30 26 0
28345 0 31 26 0
28346 0 32 26 0
28347 1 0 26 0
28348 1 1 26 0
28349 1 2 26 0
28350 1 3 26 0
28351 1 4 26 83
28352 1 5 26 0
28353 1 6 26 0
28354 1 7 26 0
28355 1 8 26 0
28356 1 9 26 0
28357 1 10 26 0
28358 1 11 26 0
28359 1 12 26 0
28360 1 13 26 0
28361 1 14 26 0
28362 1 15 26 0
28363 1 16 26 0
28364 1 17 26 0
28365 1 18 26 0
28366 1 19 26 106
28367 1 20 26 0
28368 1 21 26 53
28369 1 22 26 0
28370 1 23 26 0
28371 1 24 26 0
28372 1 25 26 0
28373 1 26 26 116
28374 1 27 26 0
28375 1 28 26 0
28376 1 29 26 0
28377 1 30 26 0
28378 1 31 26 0
28379 1 32 26 0
28380 2 0 26 0
28381 2 1 26 0
28382 2 2 26 0
28383 2 3 26 82
28384 2 4 26 0
28385 2 5 26 0
28386 2 6 26 0
28387 2 7 26 0
28388 2 8 26 0
28389 2 9 26 0
28390 2 10 26 0
28391 2 11 26 0
28392 2 12 26 154
28393 2 13 26 0
28394 2 14 26 0
28395 2 15 26 0
28396 2 16 26 0
28397 2 17 26 0
28398 2 18 26 0
28399 2 19 26 0
28400 2 20 26 161
28401 2 21 26 0
28402 2 22 26 0
28403 2 23 26 0
28404 2 24 26 0
28405 2 25 26 169
28406 2 26 26 169
28407 2 27 26 0
28408 2 28 26 0
28409 2 29 26 0
28410 2 30 26 0
28411 2 31 26 0
28412 2 32 26 0
28413 3 0 26 0
28414 3 1 26 0
28415 3 2 26 0
28416 3 3 26 82
28417 3 4 26 82
28418 3 5 26 0
28419 3 6 26 0
28420 3 7 26 0
28421 3 8 26 0
28422 3 9 26 0
28423 3 10 26 0
28424 3 11 26 0
28425 3 12 26 0
28426 3 13 26 0
28427 3 14 26 0
28428 3 15 26 0
28429 3 16 26 0
28430 3 17 26 0
28431 3 18 26 0
28432 3 19 26 0
28433 3 20 26 0
28434 3 21 26 0
28435 3 22 26 0
28436 3 23 26 0
28437 3 24 26 0
28438 3 25 26 0
28439 3 26 26 0
28440 3 27 26 0
28441 3 28 26 0
28442 3 29 26 0
28443 3 30 26 0
28444 3 31 26 0
28445 3 32 26 0
28446 4 0 26 219
28447 4 1 26 219
28448 4 2 26 0
28449 4 3 26 0
28450 4 4 26 0
28451 4 5 26 0
28452 4 6 26 0
28453 4 7 26 227
28454 4 8 26 227
28455 4 9 26 0
28456 4 10 26 234
28457 4 11 26 0
28458 4 12 26 0
28459 4 13 26 0
28460 4 14 26 0
28461 4 15 26 0
28462 4 16 26 0
28463 4 17 26 0
28464 4 18 26 0
28465 4 19 26 250
28466 4 20 26 0
28467 4 21 26 0
28468 4 22 26 0
28469 4 23 26 0
28470 4 24 26 258
28471 4 25 26 0
28472 4 26 26 0
28473 4 27 26 0
28474 4 28 26 0
28475 4 29 26 213
28476 4 30 26 0
28477 4 31 26 0
28478 4 32 26 0
28479 5 0 26 0
28480 5 1 26 219
28481 5 2 26 219
28482 5 3 26 0
28483 5 4 26 0
28484 5 5 26 0
28485 5 6 26 0
28486 5 7 26 0
28487 5 8 26 0
28488 5 9 26 0
28489 5 10 26 0
28490 5 11 26 287
28491 5 12 26 287
28492 5 13 26 0
28493 5 14 26 0
28494 5 15 26 0
28495 5 16 26 0
28496 5 17 26 0
28497 5 18 26 0
28498 5 19 26 250
28499 5 20 26 0
28500 5 21 26 0
28501 5 22 26 0
28502 5 23 26 0
28503 5 24 26 0
28504 5 25 26 0
28505 5 26 26 0
28506 5 27 26 0
28507 5 28 26 0
28508 5 29 26 213
28509 5 30 26 213
28510 5 31 26 0
28511 5 32 26 0
28512 6 0 26 0
28513 6 1 26 270
28514 6 2 26 270
28515 6 3 26 270
28516 6 4 26 270
28517 6 5 26 0
28518 6 6 26 0
28519 6 7 26 0
28520 6 8 26 0
28521 6 9 26 0
28522 6 10 26 0
28523 6 11 26 0
28524 6 12 26 0
28525 6 13 26 0
28526 6 14 26 0
28527 6 15 26 0
28528 6 16 26 0
28529 6 17 26 0
28530 6 18 26 0
28531 6 19 26 0
28532 6 20 26 0
28533 6 21 26 0
28534 6 22 26 0
28535 6 23 26 0
28536 6 24 26 0
28537 6 25 26 0
28538 6 26 26 0
28539 6 27 26 0
28540 6 28 26 0
28541 6 29 26 0
28542 6 30 26 213
28543 6 31 26 0
28544 6 32 26 0
28545 7 0 26 270
28546 7 1 26 270
28547 7 2 26 270
28548 7 3 26 0
28549 7 4 26 0
28550 7 5 26 0
28551 7 6 26 0
28552 7 7 26 0
28553 7 8 26 0
28554 7 9 26 358
28555 7 10 26 0
28556 7 11 26 0
28557 7 12 26 0
28558 7 13 26 0
28559 7 14 26 0
28560 7 15 26 0
28561 7 16 26 0
28562 7 17 26 0
28563 7 18 26 0
28564 7 19 26 0
28565 7 20 26 0
28566 7 21 26 296
28567 7 22 26 296
28568 7 23 26 0
28569 7 24 26 0
28570 7 25 26 0
28571 7 26 26 0
28572 7 27 26 0
28573 7 28 26 0
28574 7 29 26 0
28575 7 30 26 213
28576 7 31 26 0
28577 7 32 26 0
28578 8 0 26 0
28579 8 1 26 0
28580 8 2 26 0
28581 8 3 26 0
28582 8 4 26 0
28583 8 5 26 0
28584 8 6 26 0
28585 8 7 26 396
28586 8 8 26 0
28587 8 9 26 0
28588 8 10 26 0
28589 8 11 26 0
28590 8 12 26 408
28591 8 13 26 0
28592 8 14 26 0
28593 8 15 26 0
28594 8 16 26 0
28595 8 17 26 0
28596 8 18 26 0
28597 8 19 26 0
28598 8 20 26 0
28599 8 21 26 296
28600 8 22 26 0
28601 8 23 26 0
28602 8 24 26 0
28603 8 25 26 0
28604 8 26 26 0
28605 8 27 26 0
28606 8 28 26 0
28607 8 29 26 0
28608 8 30 26 0
28609 8 31 26 0
28610 8 32 26 0
28611 9 0 26 0
28612 9 1 26 0
28613 9 2 26 0
28614 9 3 26 0
28615 9 4 26 0
28616 9 5 26 0
28617 9 6 26 0
28618 9 7 26 396
28619 9 8 26 0
28620 9 9 26 0
28621 9 10 26 0
28622 9 11 26 0
28623 9 12 26 453
28624 9 13 26 0
28625 9 14 26 0
28626 9 15 26 0
28627 9 16 26 0
28628 9 17 26 0
28629 9 18 26 0
28630 9 19 26 0
28631 9 20 26 0
28632 9 21 26 0
28633 9 22 26 0
28634 9 23 26 0
28635 9 24 26 0
28636 9 25 26 0
28637 9 26 26 0
28638 9 27 26 0
28639 9 28 26 0
28640 9 29 26 0
28641 9 30 26 0
28642 9 31 26 0
28643 9 32 26 0
28644 10 0 26 484
28645 10 1 26 0
28646 10 2 26 0
28647 10 3 26 0
28648 10 4 26 0
28649 10 5 26 0
28650 10 6 26 0
28651 10 7 26 0
28652 10 8 26 0
28653 10 9 26 0
28654 10 10 26 0
28655 10 11 26 0
28656 10 12 26 502
28657 10 13 26 0
28658 10 14 26 0
28659 10 15 26 508
28660 10 16 26 508
28661 10 17 26 0
28662 10 18 26 0
28663 10 19 26 0
28664 10 20 26 0
28665 10 21 26 0
28666 10 22 26 0
28667 10 23 26 0
28668 10 24 26 0
28669 10 25 26 0
28670 10 26 26 0
28671 10 27 26 521
28672 10 28 26 0
28673 10 29 26 0
28674 10 30 26 0
28675 10 31 26 0
28676 10 32 26 0
28677 11 0 26 538
28678 11 1 26 538
28679 11 2 26 0
28680 11 3 26 0
28681 11 4 26 490
28682 11 5 26 490
28683 11 6 26 0
28684 11 7 26 0
28685 11 8 26 402
28686 11 9 26 0
28687 11 10 26 0
28688 11 11 26 0
28689 11 12 26 0
28690 11 13 26 0
28691 11 14 26 0
28692 11 15 26 0
28693 11 16 26 0
28694 11 17 26 0
28695 11 18 26 0
28696 11 19 26 0
28697 11 20 26 0
28698 11 21 26 0
28699 11 22 26 571
28700 11 23 26 0
28701 11 24 26 0
28702 11 25 26 0
28703 11 26 26 0
28704 11 27 26 0
28705 11 28 26 0
28706 11 29 26 0
28707 11 30 26 0
28708 11 31 26 0
28709 11 32 26 0
28710 12 0 26 0
28711 12 1 26 0
28712 12 2 26 0
28713 12 3 26 490
28714 12 4 26 490
28715 12 5 26 490
28716 12 6 26 490
28717 12 7 26 0
28718 12 8 26 0
28719 12 9 26 0
28720 12 10 26 0
28721 12 11 26 0
28722 12 12 26 0
28723 12 13 26 0
28724 12 14 26 0
28725 12 15 26 0
28726 12 16 26 0
28727 12 17 26 0
28728 12 18 26 0
28729 12 19 26 0
28730 12 20 26 0
28731 12 21 26 0
28732 12 22 26 0
28733 12 23 26 0
28734 12 24 26 0
28735 12 25 26 0
28736 12 26 26 0
28737 12 27 26 0
28738 12 28 26 0
28739 12 29 26 621
28740 12 30 26 0
28741 12 31 26 0
28742 12 32 26 0
28743 13 0 26 0
28744 13 1 26 0
28745 13 2 26 0
28746 13 3 26 0
28747 13 4 26 490
28748 13 5 26 490
28749 13 6 26 490
28750 13 7 26 490
28751 13 8 26 0
28752 13 9 26 0
28753 13 10 26 0
28754 13 11 26 0
28755 13 12 26 0
28756 13 13 26 0
28757 13 14 26 0
28758 13 15 26 0
28759 13 16 26 0
28760 13 17 26 0
28761 13 18 26 0
28762 13 19 26 649
28763 13 20 26 649
28764 13 21 26 0
28765 13 22 26 653
28766 13 23 26 0
28767 13 24 26 0
28768 13 25 26 0
28769 13 26 26 658
28770 13 27 26 0
28771 13 28 26 660
28772 13 29 26 661
28773 13 30 26 0
28774 13 31 26 0
28775 13 32 26 0
28776 14 0 26 0
28777 14 1 26 0
28778 14 2 26 0
28779 14 3 26 0
28780 14 4 26 490
28781 14 5 26 490
28782 14 6 26 490
28783 14 7 26 490
28784 14 8 26 0
28785 14 9 26 0
28786 14 10 26 0
28787 14 11 26 0
28788 14 12 26 0
28789 14 13 26 0
28790 14 14 26 0
28791 14 15 26 0
28792 14 16 26 0
28793 14 17 26 0
28794 14 18 26 0
28795 14 19 26 649
28796 14 20 26 0
28797 14 21 26 0
28798 14 22 26 0
28799 14 23 26 0
28800 14 24 26 657
28801 14 25 26 657
28802 14 26 26 657
28803 14 27 26 0
28804 14 28 26 0
28805 14 29 26 0
28806 14 30 26 0
28807 14 31 26 0
28808 14 32 26 0
28809 15 0 26 623
28810 15 1 26 623
28811 15 2 26 722
28812 15 3 26 0
28813 15 4 26 0
28814 15 5 26 0
28815 15 6 26 0
28816 15 7 26 0
28817 15 8 26 0
28818 15 9 26 732
28819 15 10 26 0
28820 15 11 26 0
28821 15 12 26 0
28822 15 13 26 741
28823 15 14 26 0
28824 15 15 26 0
28825 15 16 26 0
28826 15 17 26 0
28827 15 18 26 0
28828 15 19 26 0
28829 15 20 26 0
28830 15 21 26 0
28831 15 22 26 0
28832 15 23 26 0
28833 15 24 26 0
28834 15 25 26 0
28835 15 26 26 0
28836 15 27 26 0
28837 15 28 26 0
28838 15 29 26 0
28839 15 30 26 764
28840 15 31 26 0
28841 15 32 26 0
28842 16 0 26 0
28843 16 1 26 0
28844 16 2 26 0
28845 16 3 26 0
28846 16 4 26 0
28847 16 5 26 0
28848 16 6 26 0
28849 16 7 26 0
28850 16 8 26 0
28851 16 9 26 0
28852 16 10 26 0
28853 16 11 26 741
28854 16 12 26 741
28855 16 13 26 741
28856 16 14 26 0
28857 16 15 26 0
28858 16 16 26 0
28859 16 17 26 0
28860 16 18 26 0
28861 16 19 26 0
28862 16 20 26 0
28863 16 21 26 0
28864 16 22 26 0
28865 16 23 26 0
28866 16 24 26 0
28867 16 25 26 0
28868 16 26 26 755
28869 16 27 26 0
28870 16 28 26 0
28871 16 29 26 0
28872 16 30 26 764
28873 16 31 26 764
28874 16 32 26 0
28875 17 0 26 0
28876 17 1 26 0
28877 17 2 26 832
28878 17 3 26 0
28879 17 4 26 833
28880 17 5 26 0
28881 17 6 26 0
28882 17 7 26 0
28883 17 8 26 0
28884 17 9 26 0
28885 17 10 26 0
28886 17 11 26 741
28887 17 12 26 741
28888 17 13 26 741
28889 17 14 26 0
28890 17 15 26 0
28891 17 16 26 0
28892 17 17 26 0
28893 17 18 26 0
28894 17 19 26 0
28895 17 20 26 856
28896 17 21 26 0
28897 17 22 26 0
28898 17 23 26 0
28899 17 24 26 755
28900 17 25 26 755
28901 17 26 26 0
28902 17 27 26 0
28903 17 28 26 0
28904 17 29 26 0
28905 17 30 26 0
28906 17 31 26 764
28907 17 32 26 0
28908 18 0 26 0
28909 18 1 26 0
28910 18 2 26 0
28911 18 3 26 875
28912 18 4 26 0
28913 18 5 26 0
28914 18 6 26 0
28915 18 7 26 882
28916 18 8 26 882
28917 18 9 26 0
28918 18 10 26 0
28919 18 11 26 741
28920 18 12 26 741
28921 18 13 26 741
28922 18 14 26 0
28923 18 15 26 0
28924 18 16 26 0
28925 18 17 26 0
28926 18 18 26 0
28927 18 19 26 0
28928 18 20 26 856
28929 18 21 26 0
28930 18 22 26 0
28931 18 23 26 0
28932 18 24 26 902
28933 18 25 26 0
28934 18 26 26 0
28935 18 27 26 0
28936 18 28 26 0
28937 18 29 26 0
28938 18 30 26 0
28939 18 31 26 0
28940 18 32 26 0
28941 19 0 26 0
28942 19 1 26 0
28943 19 2 26 918
28944 19 3 26 0
28945 19 4 26 0
28946 19 5 26 0
28947 19 6 26 0
28948 19 7 26 0
28949 19 8 26 882
28950 19 9 26 882
28951 19 10 26 0
28952 19 11 26 0
28953 19 12 26 0
28954 19 13 26 0
28955 19 14 26 0
28956 19 15 26 937
28957 19 16 26 0
28958 19 17 26 0
28959 19 18 26 0
28960 19 19 26 856
28961 19 20 26 856
28962 19 21 26 0
28963 19 22 26 0
28964 19 23 26 0
28965 19 24 26 902
28966 19 25 26 0
28967 19 26 26 0
28968 19 27 26 0
28969 19 28 26 0
28970 19 29 26 0
28971 19 30 26 0
28972 19 31 26 0
28973 19 32 26 0
28974 20 0 26 0
28975 20 1 26 0
28976 20 2 26 0
28977 20 3 26 971
28978 20 4 26 0
28979 20 5 26 0
28980 20 6 26 0
28981 20 7 26 0
28982 20 8 26 0
28983 20 9 26 0
28984 20 10 26 0
28985 20 11 26 741
28986 20 12 26 741
28987 20 13 26 0
28988 20 14 26 0
28989 20 15 26 0
28990 20 16 26 0
28991 20 17 26 0
28992 20 18 26 0
28993 20 19 26 0
28994 20 20 26 856
28995 20 21 26 0
28996 20 22 26 0
28997 20 23 26 0
28998 20 24 26 0
28999 20 25 26 0
29000 20 26 26 0
29001 20 27 26 0
29002 20 28 26 0
29003 20 29 26 0
29004 20 30 26 0
29005 20 31 26 0
29006 20 32 26 0
29007 21 0 26 0
29008 21 1 26 0
29009 21 2 26 0
29010 21 3 26 0
29011 21 4 26 0
29012 21 5 26 975
29013 21 6 26 0
29014 21 7 26 0
29015 21 8 26 0
29016 21 9 26 0
29017 21 10 26 0
29018 21 11 26 741
29019 21 12 26 741
29020 21 13 26 0
29021 21 14 26 889
29022 21 15 26 889
29023 21 16 26 0
29024 21 17 26 0
29025 21 18 26 0
29026 21 19 26 0
29027 21 20 26 0
29028 21 21 26 0
29029 21 22 26 0
29030 21 23 26 1050
29031 21 24 26 0
29032 21 25 26 0
29033 21 26 26 0
29034 21 27 26 0
29035 21 28 26 1058
29036 21 29 26 0
29037 21 30 26 0
29038 21 31 26 0
29039 21 32 26 0
29040 22 0 26 0
29041 22 1 26 0
29042 22 2 26 0
29043 22 3 26 0
29044 22 4 26 975
29045 22 5 26 975
29046 22 6 26 0
29047 22 7 26 0
29048 22 8 26 0
29049 22 9 26 0
29050 22 10 26 0
29051 22 11 26 741
29052 22 12 26 0
29053 22 13 26 0
29054 22 14 26 0
29055 22 15 26 0
29056 22 16 26 0
29057 22 17 26 0
29058 22 18 26 0
29059 22 19 26 0
29060 22 20 26 0
29061 22 21 26 1085
29062 22 22 26 0
29063 22 23 26 0
29064 22 24 26 1088
29065 22 25 26 0
29066 22 26 26 0
29067 22 27 26 1058
29068 22 28 26 1058
29069 22 29 26 1094
29070 22 30 26 0
29071 22 31 26 0
29072 22 32 26 0
29073 23 0 26 0
29074 23 1 26 0
29075 23 2 26 0
29076 23 3 26 0
29077 23 4 26 0
29078 23 5 26 975
29079 23 6 26 975
29080 23 7 26 0
29081 23 8 26 0
29082 23 9 26 0
29083 23 10 26 0
29084 23 11 26 0
29085 23 12 26 0
29086 23 13 26 0
29087 23 14 26 0
29088 23 15 26 0
29089 23 16 26 0
29090 23 17 26 0
29091 23 18 26 0
29092 23 19 26 0
29093 23 20 26 0
29094 23 21 26 1085
29095 23 22 26 0
29096 23 23 26 0
29097 23 24 26 0
29098 23 25 26 0
29099 23 26 26 0
29100 23 27 26 0
29101 23 28 26 1058
29102 23 29 26 0
29103 23 30 26 0
29104 23 31 26 0
29105 23 32 26 1144
29106 24 0 26 0
29107 24 1 26 1148
29108 24 2 26 0
29109 24 3 26 0
29110 24 4 26 0
29111 24 5 26 0
29112 24 6 26 0
29113 24 7 26 0
29114 24 8 26 0
29115 24 9 26 0
29116 24 10 26 0
29117 24 11 26 0
29118 24 12 26 0
29119 24 13 26 1169
29120 24 14 26 0
29121 24 15 26 0
29122 24 16 26 0
29123 24 17 26 1172
29124 24 18 26 0
29125 24 19 26 0
29126 24 20 26 0
29127 24 21 26 1085
29128 24 22 26 0
29129 24 23 26 0
29130 24 24 26 0
29131 24 25 26 1184
29132 24 26 26 0
29133 24 27 26 0
29134 24 28 26 0
29135 24 29 26 1190
29136 24 30 26 0
29137 24 31 26 0
29138 24 32 26 0
29139 25 0 26 0
29140 25 1 26 0
29141 25 2 26 0
29142 25 3 26 0
29143 25 4 26 0
29144 25 5 26 0
29145 25 6 26 0
29146 25 7 26 0
29147 25 8 26 0
29148 25 9 26 0
29149 25 10 26 0
29150 25 11 26 1223
29151 25 12 26 0
29152 25 13 26 0
29153 25 14 26 0
29154 25 15 26 0
29155 25 16 26 0
29156 25 17 26 0
29157 25 18 26 0
29158 25 19 26 0
29159 25 20 26 0
29160 25 21 26 0
29161 25 22 26 0
29162 25 23 26 0
29163 25 24 26 0
29164 25 25 26 0
29165 25 26 26 0
29166 25 27 26 0
29167 25 28 26 0
29168 25 29 26 0
29169 25 30 26 0
29170 25 31 26 0
29171 25 32 26 0
29172 26 0 26 0
29173 26 1 26 0
29174 26 2 26 1266
29175 26 3 26 0
29176 26 4 26 0
29177 26 5 26 0
29178 26 6 26 0
29179 26 7 26 0
29180 26 8 26 0
29181 26 9 26 0
29182 26 10 26 0
29183 26 11 26 0
29184 26 12 26 0
29185 26 13 26 1279
29186 26 14 26 0
29187 26 15 26 0
29188 26 16 26 0
29189 26 17 26 0
29190 26 18 26 0
29191 26 19 26 0
29192 26 20 26 0
29193 26 21 26 0
29194 26 22 26 0
29195 26 23 26 1183
29196 26 24 26 1183
29197 26 25 26 1183
29198 26 26 26 0
29199 26 27 26 0
29200 26 28 26 1189
29201 26 29 26 0
29202 26 30 26 0
29203 26 31 26 0
29204 26 32 26 1193
29205 27 0 26 0
29206 27 1 26 0
29207 27 2 26 1266
29208 27 3 26 0
29209 27 4 26 0
29210 27 5 26 0
29211 27 6 26 0
29212 27 7 26 0
29213 27 8 26 0
29214 27 9 26 0
29215 27 10 26 0
29216 27 11 26 0
29217 27 12 26 0
29218 27 13 26 1279
29219 27 14 26 0
29220 27 15 26 1332
29221 27 16 26 1334
29222 27 17 26 0
29223 27 18 26 0
29224 27 19 26 0
29225 27 20 26 0
29226 27 21 26 0
29227 27 22 26 1183
29228 27 23 26 0
29229 27 24 26 1183
29230 27 25 26 1183
29231 27 26 26 0
29232 27 27 26 0
29233 27 28 26 0
29234 27 29 26 0
29235 27 30 26 0
29236 27 31 26 0
29237 27 32 26 0
29238 28 0 26 1193
29239 28 1 26 0
29240 28 2 26 0
29241 28 3 26 0
29242 28 4 26 1367
29243 28 5 26 0
29244 28 6 26 0
29245 28 7 26 0
29246 28 8 26 0
29247 28 9 26 0
29248 28 10 26 0
29249 28 11 26 1377
29250 28 12 26 0
29251 28 13 26 0
29252 28 14 26 0
29253 28 15 26 1334
29254 28 16 26 1334
29255 28 17 26 0
29256 28 18 26 0
29257 28 19 26 0
29258 28 20 26 0
29259 28 21 26 0
29260 28 22 26 0
29261 28 23 26 0
29262 28 24 26 1183
29263 28 25 26 0
29264 28 26 26 0
29265 28 27 26 0
29266 28 28 26 0
29267 28 29 26 0
29268 28 30 26 1193
29269 28 31 26 1193
29270 28 32 26 1193
29271 29 0 26 1193
29272 29 1 26 0
29273 29 2 26 0
29274 29 3 26 0
29275 29 4 26 0
29276 29 5 26 0
29277 29 6 26 0
29278 29 7 26 0
29279 29 8 26 0
29280 29 9 26 0
29281 29 10 26 0
29282 29 11 26 0
29283 29 12 26 0
29284 29 13 26 0
29285 29 14 26 1425
29286 29 15 26 1425
29287 29 16 26 0
29288 29 17 26 0
29289 29 18 26 0
29290 29 19 26 0
29291 29 20 26 0
29292 29 21 26 0
29293 29 22 26 0
29294 29 23 26 0
29295 29 24 26 0
29296 29 25 26 0
29297 29 26 26 0
29298 29 27 26 0
29299 29 28 26 0
29300 29 29 26 0
29301 29 30 26 1193
29302 29 31 26 0
29303 29 32 26 0
29304 30 0 26 0
29305 30 1 26 0
29306 30 2 26 0
29307 30 3 26 0
29308 30 4 26 0
29309 30 5 26 0
29310 30 6 26 0
29311 30 7 26 1462
29312 30 8 26 0
29313 30 9 26 0
29314 30 10 26 0
29315 30 11 26 0
29316 30 12 26 0
29317 30 13 26 1425
29318 30 14 26 1425
29319 30 15 26 1425
29320 30 16 26 0
29321 30 17 26 0
29322 30 18 26 0
29323 30 19 26 0
29324 30 20 26 0
29325 30 21 26 0
29326 30 22 26 0
29327 30 23 26 55
29328 30 24 26 0
29329 30 25 26 0
29330 30 26 26 0
29331 30 27 26 0
29332 30 28 26 0
29333 30 29 26 0
29334 30 30 26 0
29335 30 31 26 0
29336 30 32 26 0
29337 31 0 26 0
29338 31 1 26 0
29339 31 2 26 0
29340 31 3 26 0
29341 31 4 26 0
29342 31 5 26 0
29343 31 6 26 0
29344 31 7 26 0
29345 31 8 26 0
29346 31 9 26 0
29347 31 10 26 0
29348 31 11 26 0
29349 31 12 26 0
29350 31 13 26 0
29351 31 14 26 1425
29352 31 15 26 1512
29353 31 16 26 43
29354 31 17 26 0
29355 31 18 26 0
29356 31 19 26 0
29357 31 20 26 0
29358 31 21 26 0
29359 31 22 26 55
29360 31 23 26 55
29361 31 24 26 0
29362 31 25 26 1482
29363 31 26 26 0
29364 31 27 26 0
29365 31 28 26 0
29366 31 29 26 0
29367 31 30 26 0
29368 31 31 26 0
29369 31 32 26 1535
29370 32 0 26 0
29371 32 1 26 0
29372 32 2 26 0
29373 32 3 26 0
29374 32 4 26 0
29375 32 5 26 12
29376 32 6 26 12
29377 32 7 26 0
29378 32 8 26 12
29379 32 9 26 0
29380 32 10 26 0
29381 32 11 26 27
29382 32 12 26 0
29383 32 13 26 0
29384 32 14 26 0
29385 32 15 26 0
29386 32 16 26 43
29387 32 17 26 43
29388 32 18 26 0
29389 32 19 26 0
29390 32 20 26 0
29391 32 21 26 0
29392 32 22 26 55
29393 32 23 26 0
29394 32 24 26 0
29395 32 25 26 0
29396 32 26 26 0
29397 32 27 26 0
29398 32 28 26 0
29399 32 29 26 0
29400 32 30 26 0
29401 32 31 26 0
29402 32 32 26 0
29403 0 0 27 0
29404 0 1 27 0
29405 0 2 27 0
29406 0 3 27 9
29407 0 4 27 10
29408 0 5 27 12
29409 0 6 27 12
29410 0 7 27 0
29411 0 8 27 19
29412 0 9 27 0
29413 0 10 27 0
29414 0 11 27 27
29415 0 12 27 0
29416 0 13 27 0
29417 0 14 27 0
29418 0 15 27 0
29419 0 16 27 0
29420 0 17 27 43
29421 0 18 27 0
29422 0 19 27 0
29423 0 20 27 0
29424 0 21 27 0
29425 0 22 27 55
29426 0 23 27 0
29427 0 24 27 0
29428 0 25 27 0
29429 0 26 27 0
29430 0 27 27 0
29431 0 28 27 0
29432 0 29 27 0
29433 0 30 27 0
29434 0 31 27 72
29435 0 32 27 0
29436 1 0 27 0
29437 1 1 27 0
29438 1 2 27 0
29439 1 3 27 9
29440 1 4 27 0
29441 1 5 27 0
29442 1 6 27 0
29443 1 7 27 0
29444 1 8 27 19
29445 1 9 27 0
29446 1 10 27 0
29447 1 11 27 27
29448 1 12 27 0
29449 1 13 27 0
29450 1 14 27 0
29451 1 15 27 0
29452 1 16 27 0
29453 1 17 27 0
29454 1 18 27 0
29455 1 19 27 105
29456 1 20 27 0
29457 1 21 27 0
29458 1 22 27 0
29459 1 23 27 0
29460 1 24 27 0
29461 1 25 27 0
29462 1 26 27 0
29463 1 27 27 0
29464 1 28 27 119
29465 1 29 27 0
29466 1 30 27 0
29467 1 31 27 0
29468 1 32 27 128
29469 2 0 27 0
29470 2 1 27 0
29471 2 2 27 0
29472 2 3 27 0
29473 2 4 27 0
29474 2 5 27 0
29475 2 6 27 0
29476 2 7 27 0
29477 2 8 27 144
29478 2 9 27 148
29479 2 10 27 0
29480 2 11 27 0
29481 2 12 27 0
29482 2 13 27 0
29483 2 14 27 158
29484 2 15 27 0
29485 2 16 27 0
29486 2 17 27 0
29487 2 18 27 0
29488 2 19 27 0
29489 2 20 27 0
29490 2 21 27 163
29491 2 22 27 0
29492 2 23 27 0
29493 2 24 27 0
29494 2 25 27 0
29495 2 26 27 0
29496 2 27 27 0
29497 2 28 27 0
29498 2 29 27 0
29499 2 30 27 0
29500 2 31 27 0
29501 2 32 27 0
29502 3 0 27 0
29503 3 1 27 0
29504 3 2 27 0
29505 3 3 27 0
29506 3 4 27 0
29507 3 5 27 0
29508 3 6 27 0
29509 3 7 27 0
29510 3 8 27 0
29511 3 9 27 148
29512 3 10 27 0
29513 3 11 27 0
29514 3 12 27 0
29515 3 13 27 0
29516 3 14 27 0
29517 3 15 27 0
29518 3 16 27 0
29519 3 17 27 0
29520 3 18 27 0
29521 3 19 27 0
29522 3 20 27 0
29523 3 21 27 0
29524 3 22 27 0
29525 3 23 27 0
29526 3 24 27 0
29527 3 25 27 0
29528 3 26 27 0
29529 3 27 27 0
29530 3 28 27 0
29531 3 29 27 0
29532 3 30 27 0
29533 3 31 27 0
29534 3 32 27 0
29535 4 0 27 0
29536 4 1 27 0
29537 4 2 27 221
29538 4 3 27 0
29539 4 4 27 0
29540 4 5 27 0
29541 4 6 27 0
29542 4 7 27 0
29543 4 8 27 0
29544 4 9 27 0
29545 4 10 27 0
29546 4 11 27 0
29547 4 12 27 0
29548 4 13 27 0
29549 4 14 27 0
29550 4 15 27 0
29551 4 16 27 0
29552 4 17 27 0
29553 4 18 27 0
29554 4 19 27 0
29555 4 20 27 0
29556 4 21 27 0
29557 4 22 27 0
29558 4 23 27 0
29559 4 24 27 0
29560 4 25 27 0
29561 4 26 27 0
29562 4 27 27 0
29563 4 28 27 0
29564 4 29 27 213
29565 4 30 27 0
29566 4 31 27 0
29567 4 32 27 0
29568 5 0 27 0
29569 5 1 27 0
29570 5 2 27 0
29571 5 3 27 0
29572 5 4 27 0
29573 5 5 27 274
29574 5 6 27 0
29575 5 7 27 0
29576 5 8 27 0
29577 5 9 27 0
29578 5 10 27 0
29579 5 11 27 0
29580 5 12 27 0
29581 5 13 27 289
29582 5 14 27 0
29583 5 15 27 0
29584 5 16 27 0
29585 5 17 27 0
29586 5 18 27 0
29587 5 19 27 0
29588 5 20 27 0
29589 5 21 27 0
29590 5 22 27 0
29591 5 23 27 0
29592 5 24 27 0
29593 5 25 27 0
29594 5 26 27 0
29595 5 27 27 0
29596 5 28 27 0
29597 5 29 27 213
29598 5 30 27 213
29599 5 31 27 213
29600 5 32 27 213
29601 6 0 27 0
29602 6 1 27 270
29603 6 2 27 270
29604 6 3 27 270
29605 6 4 27 270
29606 6 5 27 0
29607 6 6 27 0
29608 6 7 27 0
29609 6 8 27 0
29610 6 9 27 0
29611 6 10 27 0
29612 6 11 27 0
29613 6 12 27 0
29614 6 13 27 0
29615 6 14 27 0
29616 6 15 27 0
29617 6 16 27 0
29618 6 17 27 0
29619 6 18 27 0
29620 6 19 27 0
29621 6 20 27 0
29622 6 21 27 0
29623 6 22 27 296
29624 6 23 27 0
29625 6 24 27 0
29626 6 25 27 0
29627 6 26 27 0
29628 6 27 27 0
29629 6 28 27 0
29630 6 29 27 0
29631 6 30 27 213
29632 6 31 27 0
29633 6 32 27 0
29634 7 0 27 270
29635 7 1 27 270
29636 7 2 27 270
29637 7 3 27 0
29638 7 4 27 0
29639 7 5 27 0
29640 7 6 27 0
29641 7 7 27 0
29642 7 8 27 0
29643 7 9 27 0
29644 7 10 27 0
29645 7 11 27 0
29646 7 12 27 0
29647 7 13 27 0
29648 7 14 27 0
29649 7 15 27 0
29650 7 16 27 0
29651 7 17 27 0
29652 7 18 27 0
29653 7 19 27 0
29654 7 20 27 0
29655 7 21 27 0
29656 7 22 27 296
29657 7 23 27 0
29658 7 24 27 0
29659 7 25 27 0
29660 7 26 27 0
29661 7 27 27 0
29662 7 28 27 0
29663 7 29 27 0
29664 7 30 27 213
29665 7 31 27 0
29666 7 32 27 0
29667 8 0 27 270
29668 8 1 27 270
29669 8 2 27 270
29670 8 3 27 0
29671 8 4 27 0
29672 8 5 27 0
29673 8 6 27 0
29674 8 7 27 0
29675 8 8 27 0
29676 8 9 27 0
29677 8 10 27 0
29678 8 11 27 404
29679 8 12 27 404
29680 8 13 27 0
29681 8 14 27 0
29682 8 15 27 0
29683 8 16 27 416
29684 8 17 27 0
29685 8 18 27 0
29686 8 19 27 0
29687 8 20 27 0
29688 8 21 27 0
29689 8 22 27 296
29690 8 23 27 0
29691 8 24 27 0
29692 8 25 27 382
29693 8 26 27 0
29694 8 27 27 0
29695 8 28 27 430
29696 8 29 27 0
29697 8 30 27 0
29698 8 31 27 0
29699 8 32 27 0
29700 9 0 27 0
29701 9 1 27 0
29702 9 2 27 0
29703 9 3 27 0
29704 9 4 27 0
29705 9 5 27 0
29706 9 6 27 0
29707 9 7 27 0
29708 9 8 27 0
29709 9 9 27 0
29710 9 10 27 402
29711 9 11 27 449
29712 9 12 27 0
29713 9 13 27 0
29714 9 14 27 0
29715 9 15 27 0
29716 9 16 27 416
29717 9 17 27 416
29718 9 18 27 0
29719 9 19 27 0
29720 9 20 27 0
29721 9 21 27 0
29722 9 22 27 296
29723 9 23 27 0
29724 9 24 27 0
29725 9 25 27 0
29726 9 26 27 0
29727 9 27 27 0
29728 9 28 27 0
29729 9 29 27 0
29730 9 30 27 0
29731 9 31 27 0
29732 9 32 27 0
29733 10 0 27 0
29734 10 1 27 0
29735 10 2 27 0
29736 10 3 27 0
29737 10 4 27 490
29738 10 5 27 490
29739 10 6 27 0
29740 10 7 27 0
29741 10 8 27 402
29742 10 9 27 402
29743 10 10 27 402
29744 10 11 27 0
29745 10 12 27 0
29746 10 13 27 0
29747 10 14 27 0
29748 10 15 27 0
29749 10 16 27 0
29750 10 17 27 0
29751 10 18 27 0
29752 10 19 27 0
29753 10 20 27 0
29754 10 21 27 0
29755 10 22 27 0
29756 10 23 27 0
29757 10 24 27 0
29758 10 25 27 0
29759 10 26 27 0
29760 10 27 27 0
29761 10 28 27 0
29762 10 29 27 0
29763 10 30 27 0
29764 10 31 27 0
29765 10 32 27 0
29766 11 0 27 0
29767 11 1 27 0
29768 11 2 27 0
29769 11 3 27 0
29770 11 4 27 490
29771 11 5 27 490
29772 11 6 27 490
29773 11 7 27 0
29774 11 8 27 402
29775 11 9 27 402
29776 11 10 27 0
29777 11 11 27 0
29778 11 12 27 0
29779 11 13 27 556
29780 11 14 27 0
29781 11 15 27 0
29782 11 16 27 0
29783 11 17 27 0
29784 11 18 27 0
29785 11 19 27 565
29786 11 20 27 0
29787 11 21 27 0
29788 11 22 27 0
29789 11 23 27 0
29790 11 24 27 0
29791 11 25 27 0
29792 11 26 27 0
29793 11 27 27 0
29794 11 28 27 0
29795 11 29 27 0
29796 11 30 27 0
29797 11 31 27 0
29798 11 32 27 0
29799 12 0 27 0
29800 12 1 27 0
29801 12 2 27 0
29802 12 3 27 490
29803 12 4 27 490
29804 12 5 27 490
29805 12 6 27 490
29806 12 7 27 0
29807 12 8 27 0
29808 12 9 27 0
29809 12 10 27 0
29810 12 11 27 0
29811 12 12 27 0
29812 12 13 27 0
29813 12 14 27 0
29814 12 15 27 0
29815 12 16 27 0
29816 12 17 27 0
29817 12 18 27 0
29818 12 19 27 565
29819 12 20 27 565
29820 12 21 27 0
29821 12 22 27 0
29822 12 23 27 0
29823 12 24 27 0
29824 12 25 27 0
29825 12 26 27 0
29826 12 27 27 618
29827 12 28 27 0
29828 12 29 27 0
29829 12 30 27 0
29830 12 31 27 0
29831 12 32 27 0
29832 13 0 27 0
29833 13 1 27 0
29834 13 2 27 0
29835 13 3 27 490
29836 13 4 27 0
29837 13 5 27 490
29838 13 6 27 490
29839 13 7 27 490
29840 13 8 27 639
29841 13 9 27 0
29842 13 10 27 0
29843 13 11 27 0
29844 13 12 27 0
29845 13 13 27 645
29846 13 14 27 0
29847 13 15 27 0
29848 13 16 27 0
29849 13 17 27 0
29850 13 18 27 0
29851 13 19 27 649
29852 13 20 27 649
29853 13 21 27 0
29854 13 22 27 0
29855 13 23 27 0
29856 13 24 27 0
29857 13 25 27 0
29858 13 26 27 658
29859 13 27 27 0
29860 13 28 27 0
29861 13 29 27 662
29862 13 30 27 0
29863 13 31 27 0
29864 13 32 27 0
29865 14 0 27 623
29866 14 1 27 0
29867 14 2 27 668
29868 14 3 27 0
29869 14 4 27 0
29870 14 5 27 490
29871 14 6 27 490
29872 14 7 27 490
29873 14 8 27 0
29874 14 9 27 0
29875 14 10 27 0
29876 14 11 27 0
29877 14 12 27 690
29878 14 13 27 690
29879 14 14 27 0
29880 14 15 27 0
29881 14 16 27 0
29882 14 17 27 649
29883 14 18 27 649
29884 14 19 27 649
29885 14 20 27 649
29886 14 21 27 0
29887 14 22 27 0
29888 14 23 27 0
29889 14 24 27 0
29890 14 25 27 0
29891 14 26 27 658
29892 14 27 27 0
29893 14 28 27 0
29894 14 29 27 0
29895 14 30 27 714
29896 14 31 27 0
29897 14 32 27 0
29898 15 0 27 623
29899 15 1 27 623
29900 15 2 27 722
29901 15 3 27 725
29902 15 4 27 0
29903 15 5 27 0
29904 15 6 27 0
29905 15 7 27 0
29906 15 8 27 0
29907 15 9 27 732
29908 15 10 27 0
29909 15 11 27 0
29910 15 12 27 0
29911 15 13 27 0
29912 15 14 27 0
29913 15 15 27 0
29914 15 16 27 0
29915 15 17 27 649
29916 15 18 27 649
29917 15 19 27 649
29918 15 20 27 0
29919 15 21 27 0
29920 15 22 27 0
29921 15 23 27 0
29922 15 24 27 0
29923 15 25 27 0
29924 15 26 27 0
29925 15 27 27 0
29926 15 28 27 0
29927 15 29 27 0
29928 15 30 27 0
29929 15 31 27 623
29930 15 32 27 623
29931 16 0 27 623
29932 16 1 27 623
29933 16 2 27 722
29934 16 3 27 0
29935 16 4 27 0
29936 16 5 27 0
29937 16 6 27 0
29938 16 7 27 0
29939 16 8 27 0
29940 16 9 27 0
29941 16 10 27 0
29942 16 11 27 0
29943 16 12 27 0
29944 16 13 27 741
29945 16 14 27 0
29946 16 15 27 0
29947 16 16 27 0
29948 16 17 27 649
29949 16 18 27 649
29950 16 19 27 649
29951 16 20 27 0
29952 16 21 27 0
29953 16 22 27 0
29954 16 23 27 0
29955 16 24 27 0
29956 16 25 27 0
29957 16 26 27 0
29958 16 27 27 0
29959 16 28 27 0
29960 16 29 27 0
29961 16 30 27 0
29962 16 31 27 0
29963 16 32 27 623
29964 17 0 27 0
29965 17 1 27 0
29966 17 2 27 0
29967 17 3 27 0
29968 17 4 27 0
29969 17 5 27 0
29970 17 6 27 0
29971 17 7 27 0
29972 17 8 27 0
29973 17 9 27 0
29974 17 10 27 0
29975 17 11 27 741
29976 17 12 27 741
29977 17 13 27 741
29978 17 14 27 0
29979 17 15 27 0
29980 17 16 27 0
29981 17 17 27 649
29982 17 18 27 649
29983 17 19 27 649
29984 17 20 27 0
29985 17 21 27 0
29986 17 22 27 0
29987 17 23 27 0
29988 17 24 27 0
29989 17 25 27 0
29990 17 26 27 0
29991 17 27 27 0
29992 17 28 27 0
29993 17 29 27 0
29994 17 30 27 0
29995 17 31 27 0
29996 17 32 27 0
29997 18 0 27 0
29998 18 1 27 0
29999 18 2 27 0
30000 18 3 27 875
30001 18 4 27 0
30002 18 5 27 782
30003 18 6 27 782
30004 18 7 27 0
30005 18 8 27 0
30006 18 9 27 0
30007 18 10 27 0
30008 18 11 27 0
30009 18 12 27 741
30010 18 13 27 741
30011 18 14 27 0
30012 18 15 27 0
30013 18 16 27 894
30014 18 17 27 0
30015 18 18 27 0
30016 18 19 27 0
30017 18 20 27 0
30018 18 21 27 857
30019 18 22 27 0
30020 18 23 27 0
30021 18 24 27 0
30022 18 25 27 0
30023 18 26 27 0
30024 18 27 27 0
30025 18 28 27 0
30026 18 29 27 0
30027 18 30 27 0
30028 18 31 27 0
30029 18 32 27 0
30030 19 0 27 0
30031 19 1 27 0
30032 19 2 27 918
30033 19 3 27 875
30034 19 4 27 0
30035 19 5 27 0
30036 19 6 27 0
30037 19 7 27 0
30038 19 8 27 0
30039 19 9 27 882
30040 19 10 27 0
30041 19 11 27 741
30042 19 12 27 741
30043 19 13 27 741
30044 19 14 27 0
30045 19 15 27 0
30046 19 16 27 0
30047 19 17 27 0
30048 19 18 27 0
30049 19 19 27 0
30050 19 20 27 0
30051 19 21 27 0
30052 19 22 27 0
30053 19 23 27 0
30054 19 24 27 0
30055 19 25 27 0
30056 19 26 27 955
30057 19 27 27 0
30058 19 28 27 0
30059 19 29 27 0
30060 19 30 27 0
30061 19 31 27 0
30062 19 32 27 0
30063 20 0 27 967
30064 20 1 27 0
30065 20 2 27 918
30066 20 3 27 0
30067 20 4 27 0
30068 20 5 27 0
30069 20 6 27 0
30070 20 7 27 0
30071 20 8 27 0
30072 20 9 27 0
30073 20 10 27 0
30074 20 11 27 741
30075 20 12 27 741
30076 20 13 27 741
30077 20 14 27 0
30078 20 15 27 0
30079 20 16 27 991
30080 20 17 27 0
30081 20 18 27 0
30082 20 19 27 0
30083 20 20 27 0
30084 20 21 27 857
30085 20 22 27 0
30086 20 23 27 0
30087 20 24 27 0
30088 20 25 27 0
30089 20 26 27 0
30090 20 27 27 0
30091 20 28 27 0
30092 20 29 27 0
30093 20 30 27 0
30094 20 31 27 0
30095 20 32 27 967
30096 21 0 27 967
30097 21 1 27 967
30098 21 2 27 0
30099 21 3 27 0
30100 21 4 27 975
30101 21 5 27 975
30102 21 6 27 975
30103 21 7 27 975
30104 21 8 27 0
30105 21 9 27 0
30106 21 10 27 0
30107 21 11 27 741
30108 21 12 27 0
30109 21 13 27 0
30110 21 14 27 0
30111 21 15 27 0
30112 21 16 27 0
30113 21 17 27 1034
30114 21 18 27 0
30115 21 19 27 0
30116 21 20 27 0
30117 21 21 27 857
30118 21 22 27 857
30119 21 23 27 0
30120 21 24 27 0
30121 21 25 27 0
30122 21 26 27 0
30123 21 27 27 0
30124 21 28 27 0
30125 21 29 27 1059
30126 21 30 27 0
30127 21 31 27 0
30128 21 32 27 0
30129 22 0 27 0
30130 22 1 27 0
30131 22 2 27 0
30132 22 3 27 0
30133 22 4 27 975
30134 22 5 27 975
30135 22 6 27 975
30136 22 7 27 0
30137 22 8 27 0
30138 22 9 27 0
30139 22 10 27 0
30140 22 11 27 0
30141 22 12 27 0
30142 22 13 27 0
30143 22 14 27 0
30144 22 15 27 0
30145 22 16 27 0
30146 22 17 27 1034
30147 22 18 27 0
30148 22 19 27 0
30149 22 20 27 0
30150 22 21 27 0
30151 22 22 27 0
30152 22 23 27 0
30153 22 24 27 0
30154 22 25 27 0
30155 22 26 27 0
30156 22 27 27 0
30157 22 28 27 1093
30158 22 29 27 0
30159 22 30 27 0
30160 22 31 27 0
30161 22 32 27 0
30162 23 0 27 0
30163 23 1 27 0
30164 23 2 27 0
30165 23 3 27 0
30166 23 4 27 0
30167 23 5 27 975
30168 23 6 27 975
30169 23 7 27 0
30170 23 8 27 0
30171 23 9 27 0
30172 23 10 27 0
30173 23 11 27 0
30174 23 12 27 0
30175 23 13 27 0
30176 23 14 27 0
30177 23 15 27 0
30178 23 16 27 0
30179 23 17 27 0
30180 23 18 27 0
30181 23 19 27 0
30182 23 20 27 0
30183 23 21 27 0
30184 23 22 27 0
30185 23 23 27 0
30186 23 24 27 1130
30187 23 25 27 0
30188 23 26 27 0
30189 23 27 27 0
30190 23 28 27 0
30191 23 29 27 0
30192 23 30 27 0
30193 23 31 27 0
30194 23 32 27 0
30195 24 0 27 0
30196 24 1 27 0
30197 24 2 27 0
30198 24 3 27 0
30199 24 4 27 0
30200 24 5 27 0
30201 24 6 27 0
30202 24 7 27 0
30203 24 8 27 0
30204 24 9 27 0
30205 24 10 27 0
30206 24 11 27 0
30207 24 12 27 0
30208 24 13 27 0
30209 24 14 27 0
30210 24 15 27 0
30211 24 16 27 0
30212 24 17 27 0
30213 24 18 27 1174
30214 24 19 27 0
30215 24 20 27 0
30216 24 21 27 0
30217 24 22 27 0
30218 24 23 27 0
30219 24 24 27 1130
30220 24 25 27 1185
30221 24 26 27 0
30222 24 27 27 0
30223 24 28 27 0
30224 24 29 27 0
30225 24 30 27 0
30226 24 31 27 0
30227 24 32 27 0
30228 25 0 27 0
30229 25 1 27 0
30230 25 2 27 0
30231 25 3 27 0
30232 25 4 27 0
30233 25 5 27 1201
30234 25 6 27 0
30235 25 7 27 0
30236 25 8 27 0
30237 25 9 27 0
30238 25 10 27 1218
30239 25 11 27 0
30240 25 12 27 0
30241 25 13 27 0
30242 25 14 27 0
30243 25 15 27 0
30244 25 16 27 0
30245 25 17 27 0
30246 25 18 27 1234
30247 25 19 27 0
30248 25 20 27 0
30249 25 21 27 0
30250 25 22 27 0
30251 25 23 27 0
30252 25 24 27 0
30253 25 25 27 0
30254 25 26 27 0
30255 25 27 27 0
30256 25 28 27 0
30257 25 29 27 0
30258 25 30 27 0
30259 25 31 27 0
30260 25 32 27 0
30261 26 0 27 1193
30262 26 1 27 0
30263 26 2 27 0
30264 26 3 27 0
30265 26 4 27 0
30266 26 5 27 1271
30267 26 6 27 1271
30268 26 7 27 0
30269 26 8 27 0
30270 26 9 27 0
30271 26 10 27 0
30272 26 11 27 0
30273 26 12 27 0
30274 26 13 27 0
30275 26 14 27 0
30276 26 15 27 0
30277 26 16 27 0
30278 26 17 27 0
30279 26 18 27 0
30280 26 19 27 0
30281 26 20 27 0
30282 26 21 27 0
30283 26 22 27 0
30284 26 23 27 1183
30285 26 24 27 0
30286 26 25 27 1183
30287 26 26 27 0
30288 26 27 27 0
30289 26 28 27 0
30290 26 29 27 0
30291 26 30 27 0
30292 26 31 27 1193
30293 26 32 27 1193
30294 27 0 27 1193
30295 27 1 27 0
30296 27 2 27 0
30297 27 3 27 0
30298 27 4 27 0
30299 27 5 27 1271
30300 27 6 27 0
30301 27 7 27 0
30302 27 8 27 30
30303 27 9 27 30
30304 27 10 27 0
30305 27 11 27 0
30306 27 12 27 0
30307 27 13 27 0
30308 27 14 27 0
30309 27 15 27 0
30310 27 16 27 1334
30311 27 17 27 0
30312 27 18 27 0
30313 27 19 27 1336
30314 27 20 27 0
30315 27 21 27 0
30316 27 22 27 1183
30317 27 23 27 1183
30318 27 24 27 1183
30319 27 25 27 1183
30320 27 26 27 0
30321 27 27 27 0
30322 27 28 27 0
30323 27 29 27 0
30324 27 30 27 1193
30325 27 31 27 1193
30326 27 32 27 1193
30327 28 0 27 1193
30328 28 1 27 1193
30329 28 2 27 1364
30330 28 3 27 1364
30331 28 4 27 0
30332 28 5 27 0
30333 28 6 27 0
30334 28 7 27 0
30335 28 8 27 0
30336 28 9 27 30
30337 28 10 27 1374
30338 28 11 27 0
30339 28 12 27 0
30340 28 13 27 0
30341 28 14 27 0
30342 28 15 27 0
30343 28 16 27 1334
30344 28 17 27 1334
30345 28 18 27 0
30346 28 19 27 1387
30347 28 20 27 0
30348 28 21 27 0
30349 28 22 27 0
30350 28 23 27 0
30351 28 24 27 0
30352 28 25 27 0
30353 28 26 27 0
30354 28 27 27 0
30355 28 28 27 0
30356 28 29 27 0
30357 28 30 27 1193
30358 28 31 27 1193
30359 28 32 27 1193
30360 29 0 27 1193
30361 29 1 27 1193
30362 29 2 27 0
30363 29 3 27 1364
30364 29 4 27 0
30365 29 5 27 0
30366 29 6 27 0
30367 29 7 27 0
30368 29 8 27 0
30369 29 9 27 0
30370 29 10 27 0
30371 29 11 27 0
30372 29 12 27 0
30373 29 13 27 0
30374 29 14 27 1425
30375 29 15 27 0
30376 29 16 27 0
30377 29 17 27 0
30378 29 18 27 0
30379 29 19 27 1432
30380 29 20 27 1432
30381 29 21 27 0
30382 29 22 27 1438
30383 29 23 27 0
30384 29 24 27 0
30385 29 25 27 1442
30386 29 26 27 0
30387 29 27 27 1445
30388 29 28 27 0
30389 29 29 27 0
30390 29 30 27 1193
30391 29 31 27 1193
30392 29 32 27 1193
30393 30 0 27 0
30394 30 1 27 0
30395 30 2 27 0
30396 30 3 27 0
30397 30 4 27 0
30398 30 5 27 0
30399 30 6 27 0
30400 30 7 27 0
30401 30 8 27 0
30402 30 9 27 0
30403 30 10 27 1468
30404 30 11 27 0
30405 30 12 27 0
30406 30 13 27 1425
30407 30 14 27 1425
30408 30 15 27 0
30409 30 16 27 0
30410 30 17 27 0
30411 30 18 27 0
30412 30 19 27 1432
30413 30 20 27 0
30414 30 21 27 0
30415 30 22 27 0
30416 30 23 27 55
30417 30 24 27 1442
30418 30 25 27 1442
30419 30 26 27 0
30420 30 27 27 0
30421 30 28 27 0
30422 30 29 27 0
30423 30 30 27 0
30424 30 31 27 0
30425 30 32 27 0
30426 31 0 27 0
30427 31 1 27 0
30428 31 2 27 0
30429 31 3 27 0
30430 31 4 27 0
30431 31 5 27 0
30432 31 6 27 0
30433 31 7 27 0
30434 31 8 27 1501
30435 31 9 27 0
30436 31 10 27 0
30437 31 11 27 0
30438 31 12 27 0
30439 31 13 27 0
30440 31 14 27 1425
30441 31 15 27 0
30442 31 16 27 0
30443 31 17 27 0
30444 31 18 27 43
30445 31 19 27 0
30446 31 20 27 0
30447 31 21 27 0
30448 31 22 27 55
30449 31 23 27 55
30450 31 24 27 0
30451 31 25 27 0
30452 31 26 27 0
30453 31 27 27 0
30454 31 28 27 1532
30455 31 29 27 0
30456 31 30 27 0
30457 31 31 27 0
30458 31 32 27 0
30459 32 0 27 0
30460 32 1 27 0
30461 32 2 27 0
30462 32 3 27 0
30463 32 4 27 0
30464 32 5 27 0
30465 32 6 27 12
30466 32 7 27 0
30467 32 8 27 0
30468 32 9 27 0
30469 32 10 27 0
30470 32 11 27 0
30471 32 12 27 0
30472 32 13 27 1548
30473 32 14 27 0
30474 32 15 27 0
30475 32 16 27 43
30476 32 17 27 43
30477 32 18 27 43
30478 32 19 27 0
30479 32 20 27 0
30480 32 21 27 55
30481 32 22 27 55
30482 32 23 27 0
30483 32 24 27 0
30484 32 25 27 0
30485 32 26 27 0
30486 32 27 27 0
30487 32 28 27 0
30488 32 29 27 0
30489 32 30 27 0
30490 32 31 27 0
30491 32 32 27 0
30492 0 0 28 0
30493 0 1 28 0
30494 0 2 28 0
30495 0 3 28 0
30496 0 4 28 0
30497 0 5 28 0
30498 0 6 28 0
30499 0 7 28 0
30500 0 8 28 19
30501 0 9 28 0
30502 0 10 28 23
30503 0 11 28 27
30504 0 12 28 29
30505 0 13 28 29
30506 0 14 28 0
30507 0 15 28 38
30508 0 16 28 0
30509 0 17 28 0
30510 0 18 28 0
30511 0 19 28 0
30512 0 20 28 0
30513 0 21 28 0
30514 0 22 28 0
30515 0 23 28 0
30516 0 24 28 0
30517 0 25 28 0
30518 0 26 28 0
30519 0 27 28 0
30520 0 28 28 0
30521 0 29 28 0
30522 0 30 28 0
30523 0 31 28 73
30524 0 32 28 0
30525 1 0 28 0
30526 1 1 28 0
30527 1 2 28 0
30528 1 3 28 0
30529 1 4 28 0
30530 1 5 28 86
30531 1 6 28 0
30532 1 7 28 0
30533 1 8 28 0
30534 1 9 28 0
30535 1 10 28 0
30536 1 11 28 27
30537 1 12 28 29
30538 1 13 28 0
30539 1 14 28 0
30540 1 15 28 0
30541 1 16 28 0
30542 1 17 28 0
30543 1 18 28 105
30544 1 19 28 105
30545 1 20 28 105
30546 1 21 28 0
30547 1 22 28 0
30548 1 23 28 0
30549 1 24 28 0
30550 1 25 28 0
30551 1 26 28 64
30552 1 27 28 0
30553 1 28 28 0
30554 1 29 28 0
30555 1 30 28 0
30556 1 31 28 0
30557 1 32 28 0
30558 2 0 28 0
30559 2 1 28 133
30560 2 2 28 0
30561 2 3 28 0
30562 2 4 28 0
30563 2 5 28 0
30564 2 6 28 0
30565 2 7 28 0
30566 2 8 28 145
30567 2 9 28 0
30568 2 10 28 0
30569 2 11 28 0
30570 2 12 28 0
30571 2 13 28 0
30572 2 14 28 0
30573 2 15 28 0
30574 2 16 28 0
30575 2 17 28 0
30576 2 18 28 105
30577 2 19 28 105
30578 2 20 28 0
30579 2 21 28 0
30580 2 22 28 0
30581 2 23 28 0
30582 2 24 28 0
30583 2 25 28 0
30584 2 26 28 0
30585 2 27 28 0
30586 2 28 28 0
30587 2 29 28 0
30588 2 30 28 0
30589 2 31 28 0
30590 2 32 28 0
30591 3 0 28 133
30592 3 1 28 133
30593 3 2 28 0
30594 3 3 28 6
30595 3 4 28 6
30596 3 5 28 6
30597 3 6 28 0
30598 3 7 28 0
30599 3 8 28 0
30600 3 9 28 0
30601 3 10 28 0
30602 3 11 28 0
30603 3 12 28 0
30604 3 13 28 0
30605 3 14 28 0
30606 3 15 28 0
30607 3 16 28 193
30608 3 17 28 0
30609 3 18 28 105
30610 3 19 28 105
30611 3 20 28 0
30612 3 21 28 0
30613 3 22 28 0
30614 3 23 28 0
30615 3 24 28 0
30616 3 25 28 0
30617 3 26 28 205
30618 3 27 28 0
30619 3 28 28 0
30620 3 29 28 213
30621 3 30 28 0
30622 3 31 28 0
30623 3 32 28 0
30624 4 0 28 133
30625 4 1 28 0
30626 4 2 28 0
30627 4 3 28 6
30628 4 4 28 0
30629 4 5 28 0
30630 4 6 28 0
30631 4 7 28 0
30632 4 8 28 0
30633 4 9 28 0
30634 4 10 28 0
30635 4 11 28 0
30636 4 12 28 0
30637 4 13 28 240
30638 4 14 28 0
30639 4 15 28 0
30640 4 16 28 0
30641 4 17 28 0
30642 4 18 28 0
30643 4 19 28 0
30644 4 20 28 0
30645 4 21 28 0
30646 4 22 28 0
30647 4 23 28 0
30648 4 24 28 0
30649 4 25 28 0
30650 4 26 28 0
30651 4 27 28 0
30652 4 28 28 0
30653 4 29 28 213
30654 4 30 28 0
30655 4 31 28 0
30656 4 32 28 0
30657 5 0 28 0
30658 5 1 28 0
30659 5 2 28 0
30660 5 3 28 270
30661 5 4 28 0
30662 5 5 28 0
30663 5 6 28 0
30664 5 7 28 0
30665 5 8 28 0
30666 5 9 28 0
30667 5 10 28 0
30668 5 11 28 0
30669 5 12 28 0
30670 5 13 28 0
30671 5 14 28 0
30672 5 15 28 0
30673 5 16 28 0
30674 5 17 28 0
30675 5 18 28 0
30676 5 19 28 0
30677 5 20 28 0
30678 5 21 28 0
30679 5 22 28 0
30680 5 23 28 0
30681 5 24 28 0
30682 5 25 28 0
30683 5 26 28 0
30684 5 27 28 0
30685 5 28 28 0
30686 5 29 28 0
30687 5 30 28 0
30688 5 31 28 0
30689 5 32 28 0
30690 6 0 28 270
30691 6 1 28 270
30692 6 2 28 270
30693 6 3 28 270
30694 6 4 28 0
30695 6 5 28 0
30696 6 6 28 316
30697 6 7 28 0
30698 6 8 28 0
30699 6 9 28 0
30700 6 10 28 0
30701 6 11 28 0
30702 6 12 28 0
30703 6 13 28 0
30704 6 14 28 0
30705 6 15 28 0
30706 6 16 28 0
30707 6 17 28 0
30708 6 18 28 0
30709 6 19 28 0
30710 6 20 28 0
30711 6 21 28 0
30712 6 22 28 0
30713 6 23 28 0
30714 6 24 28 0
30715 6 25 28 0
30716 6 26 28 0
30717 6 27 28 0
30718 6 28 28 0
30719 6 29 28 0
30720 6 30 28 0
30721 6 31 28 0
30722 6 32 28 270
30723 7 0 28 270
30724 7 1 28 270
30725 7 2 28 270
30726 7 3 28 270
30727 7 4 28 0
30728 7 5 28 0
30729 7 6 28 0
30730 7 7 28 0
30731 7 8 28 0
30732 7 9 28 0
30733 7 10 28 0
30734 7 11 28 0
30735 7 12 28 0
30736 7 13 28 0
30737 7 14 28 0
30738 7 15 28 0
30739 7 16 28 0
30740 7 17 28 0
30741 7 18 28 0
30742 7 19 28 0
30743 7 20 28 0
30744 7 21 28 296
30745 7 22 28 296
30746 7 23 28 296
30747 7 24 28 0
30748 7 25 28 382
30749 7 26 28 0
30750 7 27 28 0
30751 7 28 28 0
30752 7 29 28 0
30753 7 30 28 0
30754 7 31 28 0
30755 7 32 28 0
30756 8 0 28 270
30757 8 1 28 270
30758 8 2 28 270
30759 8 3 28 270
30760 8 4 28 0
30761 8 5 28 0
30762 8 6 28 0
30763 8 7 28 0
30764 8 8 28 0
30765 8 9 28 0
30766 8 10 28 0
30767 8 11 28 0
30768 8 12 28 0
30769 8 13 28 0
30770 8 14 28 0
30771 8 15 28 416
30772 8 16 28 416
30773 8 17 28 416
30774 8 18 28 416
30775 8 19 28 0
30776 8 20 28 0
30777 8 21 28 296
30778 8 22 28 296
30779 8 23 28 296
30780 8 24 28 0
30781 8 25 28 382
30782 8 26 28 382
30783 8 27 28 0
30784 8 28 28 0
30785 8 29 28 0
30786 8 30 28 0
30787 8 31 28 0
30788 8 32 28 270
30789 9 0 28 0
30790 9 1 28 0
30791 9 2 28 270
30792 9 3 28 270
30793 9 4 28 0
30794 9 5 28 0
30795 9 6 28 0
30796 9 7 28 0
30797 9 8 28 0
30798 9 9 28 0
30799 9 10 28 0
30800 9 11 28 402
30801 9 12 28 0
30802 9 13 28 0
30803 9 14 28 0
30804 9 15 28 0
30805 9 16 28 0
30806 9 17 28 0
30807 9 18 28 0
30808 9 19 28 0
30809 9 20 28 0
30810 9 21 28 296
30811 9 22 28 296
30812 9 23 28 296
30813 9 24 28 0
30814 9 25 28 382
30815 9 26 28 382
30816 9 27 28 0
30817 9 28 28 0
30818 9 29 28 0
30819 9 30 28 0
30820 9 31 28 0
30821 9 32 28 0
30822 10 0 28 0
30823 10 1 28 0
30824 10 2 28 0
30825 10 3 28 0
30826 10 4 28 0
30827 10 5 28 0
30828 10 6 28 0
30829 10 7 28 0
30830 10 8 28 402
30831 10 9 28 402
30832 10 10 28 402
30833 10 11 28 402
30834 10 12 28 402
30835 10 13 28 0
30836 10 14 28 0
30837 10 15 28 0
30838 10 16 28 0
30839 10 17 28 0
30840 10 18 28 0
30841 10 19 28 0
30842 10 20 28 0
30843 10 21 28 0
30844 10 22 28 296
30845 10 23 28 296
30846 10 24 28 0
30847 10 25 28 0
30848 10 26 28 0
30849 10 27 28 0
30850 10 28 28 525
30851 10 29 28 0
30852 10 30 28 0
30853 10 31 28 0
30854 10 32 28 0
30855 11 0 28 0
30856 11 1 28 0
30857 11 2 28 0
30858 11 3 28 0
30859 11 4 28 490
30860 11 5 28 490
30861 11 6 28 0
30862 11 7 28 0
30863 11 8 28 402
30864 11 9 28 402
30865 11 10 28 402
30866 11 11 28 0
30867 11 12 28 0
30868 11 13 28 0
30869 11 14 28 0
30870 11 15 28 0
30871 11 16 28 561
30872 11 17 28 561
30873 11 18 28 0
30874 11 19 28 0
30875 11 20 28 0
30876 11 21 28 0
30877 11 22 28 0
30878 11 23 28 0
30879 11 24 28 0
30880 11 25 28 0
30881 11 26 28 0
30882 11 27 28 0
30883 11 28 28 0
30884 11 29 28 0
30885 11 30 28 0
30886 11 31 28 0
30887 11 32 28 0
30888 12 0 28 0
30889 12 1 28 0
30890 12 2 28 0
30891 12 3 28 0
30892 12 4 28 490
30893 12 5 28 490
30894 12 6 28 490
30895 12 7 28 0
30896 12 8 28 0
30897 12 9 28 402
30898 12 10 28 0
30899 12 11 28 0
30900 12 12 28 0
30901 12 13 28 607
30902 12 14 28 607
30903 12 15 28 0
30904 12 16 28 561
30905 12 17 28 0
30906 12 18 28 0
30907 12 19 28 0
30908 12 20 28 0
30909 12 21 28 0
30910 12 22 28 0
30911 12 23 28 0
30912 12 24 28 0
30913 12 25 28 0
30914 12 26 28 0
30915 12 27 28 0
30916 12 28 28 0
30917 12 29 28 0
30918 12 30 28 0
30919 12 31 28 0
30920 12 32 28 0
30921 13 0 28 0
30922 13 1 28 0
30923 13 2 28 0
30924 13 3 28 0
30925 13 4 28 0
30926 13 5 28 490
30927 13 6 28 490
30928 13 7 28 0
30929 13 8 28 0
30930 13 9 28 0
30931 13 10 28 0
30932 13 11 28 0
30933 13 12 28 0
30934 13 13 28 0
30935 13 14 28 607
30936 13 15 28 0
30937 13 16 28 0
30938 13 17 28 0
30939 13 18 28 0
30940 13 19 28 0
30941 13 20 28 649
30942 13 21 28 0
30943 13 22 28 0
30944 13 23 28 0
30945 13 24 28 0
30946 13 25 28 0
30947 13 26 28 0
30948 13 27 28 0
30949 13 28 28 0
30950 13 29 28 0
30951 13 30 28 0
30952 13 31 28 0
30953 13 32 28 623
30954 14 0 28 623
30955 14 1 28 0
30956 14 2 28 0
30957 14 3 28 0
30958 14 4 28 0
30959 14 5 28 0
30960 14 6 28 0
30961 14 7 28 0
30962 14 8 28 0
30963 14 9 28 0
30964 14 10 28 0
30965 14 11 28 0
30966 14 12 28 0
30967 14 13 28 690
30968 14 14 28 690
30969 14 15 28 0
30970 14 16 28 0
30971 14 17 28 0
30972 14 18 28 649
30973 14 19 28 649
30974 14 20 28 649
30975 14 21 28 0
30976 14 22 28 0
30977 14 23 28 0
30978 14 24 28 0
30979 14 25 28 615
30980 14 26 28 0
30981 14 27 28 0
30982 14 28 28 0
30983 14 29 28 0
30984 14 30 28 0
30985 14 31 28 623
30986 14 32 28 623
30987 15 0 28 623
30988 15 1 28 0
30989 15 2 28 0
30990 15 3 28 0
30991 15 4 28 0
30992 15 5 28 727
30993 15 6 28 0
30994 15 7 28 0
30995 15 8 28 0
30996 15 9 28 733
30997 15 10 28 0
30998 15 11 28 0
30999 15 12 28 0
31000 15 13 28 0
31001 15 14 28 0
31002 15 15 28 0
31003 15 16 28 0
31004 15 17 28 649
31005 15 18 28 649
31006 15 19 28 649
31007 15 20 28 0
31008 15 21 28 0
31009 15 22 28 0
31010 15 23 28 0
31011 15 24 28 0
31012 15 25 28 0
31013 15 26 28 0
31014 15 27 28 0
31015 15 28 28 0
31016 15 29 28 0
31017 15 30 28 0
31018 15 31 28 623
31019 15 32 28 623
31020 16 0 28 623
31021 16 1 28 0
31022 16 2 28 0
31023 16 3 28 0
31024 16 4 28 0
31025 16 5 28 0
31026 16 6 28 784
31027 16 7 28 0
31028 16 8 28 787
31029 16 9 28 787
31030 16 10 28 790
31031 16 11 28 0
31032 16 12 28 0
31033 16 13 28 0
31034 16 14 28 0
31035 16 15 28 0
31036 16 16 28 0
31037 16 17 28 649
31038 16 18 28 649
31039 16 19 28 0
31040 16 20 28 0
31041 16 21 28 0
31042 16 22 28 0
31043 16 23 28 0
31044 16 24 28 0
31045 16 25 28 0
31046 16 26 28 0
31047 16 27 28 0
31048 16 28 28 0
31049 16 29 28 0
31050 16 30 28 0
31051 16 31 28 623
31052 16 32 28 623
31053 17 0 28 0
31054 17 1 28 0
31055 17 2 28 0
31056 17 3 28 0
31057 17 4 28 0
31058 17 5 28 0
31059 17 6 28 0
31060 17 7 28 0
31061 17 8 28 0
31062 17 9 28 787
31063 17 10 28 0
31064 17 11 28 0
31065 17 12 28 0
31066 17 13 28 0
31067 17 14 28 0
31068 17 15 28 0
31069 17 16 28 649
31070 17 17 28 649
31071 17 18 28 649
31072 17 19 28 0
31073 17 20 28 0
31074 17 21 28 857
31075 17 22 28 0
31076 17 23 28 0
31077 17 24 28 0
31078 17 25 28 0
31079 17 26 28 0
31080 17 27 28 0
31081 17 28 28 0
31082 17 29 28 0
31083 17 30 28 0
31084 17 31 28 0
31085 17 32 28 623
31086 18 0 28 0
31087 18 1 28 0
31088 18 2 28 0
31089 18 3 28 0
31090 18 4 28 0
31091 18 5 28 782
31092 18 6 28 782
31093 18 7 28 782
31094 18 8 28 0
31095 18 9 28 0
31096 18 10 28 0
31097 18 11 28 0
31098 18 12 28 0
31099 18 13 28 0
31100 18 14 28 0
31101 18 15 28 0
31102 18 16 28 0
31103 18 17 28 0
31104 18 18 28 0
31105 18 19 28 0
31106 18 20 28 0
31107 18 21 28 857
31108 18 22 28 857
31109 18 23 28 857
31110 18 24 28 0
31111 18 25 28 0
31112 18 26 28 0
31113 18 27 28 0
31114 18 28 28 0
31115 18 29 28 0
31116 18 30 28 0
31117 18 31 28 0
31118 18 32 28 0
31119 19 0 28 0
31120 19 1 28 0
31121 19 2 28 0
31122 19 3 28 0
31123 19 4 28 0
31124 19 5 28 0
31125 19 6 28 0
31126 19 7 28 0
31127 19 8 28 0
31128 19 9 28 0
31129 19 10 28 0
31130 19 11 28 741
31131 19 12 28 741
31132 19 13 28 741
31133 19 14 28 0
31134 19 15 28 0
31135 19 16 28 0
31136 19 17 28 0
31137 19 18 28 0
31138 19 19 28 0
31139 19 20 28 857
31140 19 21 28 857
31141 19 22 28 857
31142 19 23 28 0
31143 19 24 28 0
31144 19 25 28 955
31145 19 26 28 955
31146 19 27 28 955
31147 19 28 28 0
31148 19 29 28 0
31149 19 30 28 0
31150 19 31 28 0
31151 19 32 28 0
31152 20 0 28 967
31153 20 1 28 0
31154 20 2 28 0
31155 20 3 28 0
31156 20 4 28 0
31157 20 5 28 975
31158 20 6 28 0
31159 20 7 28 0
31160 20 8 28 0
31161 20 9 28 0
31162 20 10 28 0
31163 20 11 28 741
31164 20 12 28 741
31165 20 13 28 741
31166 20 14 28 0
31167 20 15 28 0
31168 20 16 28 992
31169 20 17 28 0
31170 20 18 28 0
31171 20 19 28 0
31172 20 20 28 857
31173 20 21 28 857
31174 20 22 28 857
31175 20 23 28 0
31176 20 24 28 955
31177 20 25 28 955
31178 20 26 28 955
31179 20 27 28 955
31180 20 28 28 0
31181 20 29 28 0
31182 20 30 28 0
31183 20 31 28 0
31184 20 32 28 0
31185 21 0 28 967
31186 21 1 28 967
31187 21 2 28 0
31188 21 3 28 0
31189 21 4 28 975
31190 21 5 28 975
31191 21 6 28 975
31192 21 7 28 975
31193 21 8 28 0
31194 21 9 28 0
31195 21 10 28 0
31196 21 11 28 0
31197 21 12 28 741
31198 21 13 28 0
31199 21 14 28 0
31200 21 15 28 0
31201 21 16 28 0
31202 21 17 28 0
31203 21 18 28 0
31204 21 19 28 857
31205 21 20 28 857
31206 21 21 28 857
31207 21 22 28 0
31208 21 23 28 0
31209 21 24 28 1052
31210 21 25 28 0
31211 21 26 28 0
31212 21 27 28 0
31213 21 28 28 0
31214 21 29 28 0
31215 21 30 28 0
31216 21 31 28 0
31217 21 32 28 967
31218 22 0 28 0
31219 22 1 28 0
31220 22 2 28 0
31221 22 3 28 0
31222 22 4 28 975
31223 22 5 28 975
31224 22 6 28 975
31225 22 7 28 0
31226 22 8 28 0
31227 22 9 28 0
31228 22 10 28 0
31229 22 11 28 0
31230 22 12 28 0
31231 22 13 28 0
31232 22 14 28 0
31233 22 15 28 0
31234 22 16 28 1079
31235 22 17 28 0
31236 22 18 28 0
31237 22 19 28 0
31238 22 20 28 0
31239 22 21 28 857
31240 22 22 28 0
31241 22 23 28 0
31242 22 24 28 0
31243 22 25 28 0
31244 22 26 28 0
31245 22 27 28 0
31246 22 28 28 0
31247 22 29 28 0
31248 22 30 28 0
31249 22 31 28 0
31250 22 32 28 0
31251 23 0 28 0
31252 23 1 28 0
31253 23 2 28 0
31254 23 3 28 0
31255 23 4 28 0
31256 23 5 28 0
31257 23 6 28 0
31258 23 7 28 0
31259 23 8 28 0
31260 23 9 28 0
31261 23 10 28 0
31262 23 11 28 0
31263 23 12 28 0
31264 23 13 28 0
31265 23 14 28 0
31266 23 15 28 0
31267 23 16 28 0
31268 23 17 28 0
31269 23 18 28 0
31270 23 19 28 0
31271 23 20 28 0
31272 23 21 28 0
31273 23 22 28 0
31274 23 23 28 0
31275 23 24 28 0
31276 23 25 28 0
31277 23 26 28 0
31278 23 27 28 0
31279 23 28 28 0
31280 23 29 28 0
31281 23 30 28 0
31282 23 31 28 0
31283 23 32 28 0
31284 24 0 28 0
31285 24 1 28 0
31286 24 2 28 0
31287 24 3 28 0
31288 24 4 28 0
31289 24 5 28 1154
31290 24 6 28 1154
31291 24 7 28 0
31292 24 8 28 0
31293 24 9 28 0
31294 24 10 28 0
31295 24 11 28 0
31296 24 12 28 0
31297 24 13 28 0
31298 24 14 28 0
31299 24 15 28 0
31300 24 16 28 0
31301 24 17 28 0
31302 24 18 28 0
31303 24 19 28 0
31304 24 20 28 0
31305 24 21 28 0
31306 24 22 28 0
31307 24 23 28 0
31308 24 24 28 0
31309 24 25 28 0
31310 24 26 28 0
31311 24 27 28 0
31312 24 28 28 0
31313 24 29 28 0
31314 24 30 28 0
31315 24 31 28 0
31316 24 32 28 0
31317 25 0 28 1193
31318 25 1 28 0
31319 25 2 28 0
31320 25 3 28 1105
31321 25 4 28 0
31322 25 5 28 0
31323 25 6 28 1206
31324 25 7 28 0
31325 25 8 28 0
31326 25 9 28 0
31327 25 10 28 0
31328 25 11 28 0
31329 25 12 28 0
31330 25 13 28 0
31331 25 14 28 0
31332 25 15 28 0
31333 25 16 28 0
31334 25 17 28 0
31335 25 18 28 0
31336 25 19 28 0
31337 25 20 28 0
31338 25 21 28 0
31339 25 22 28 0
31340 25 23 28 0
31341 25 24 28 0
31342 25 25 28 0
31343 25 26 28 0
31344 25 27 28 0
31345 25 28 28 0
31346 25 29 28 0
31347 25 30 28 0
31348 25 31 28 0
31349 25 32 28 0
31350 26 0 28 1193
31351 26 1 28 0
31352 26 2 28 0
31353 26 3 28 0
31354 26 4 28 0
31355 26 5 28 1271
31356 26 6 28 0
31357 26 7 28 0
31358 26 8 28 0
31359 26 9 28 0
31360 26 10 28 30
31361 26 11 28 30
31362 26 12 28 0
31363 26 13 28 0
31364 26 14 28 0
31365 26 15 28 0
31366 26 16 28 0
31367 26 17 28 0
31368 26 18 28 0
31369 26 19 28 0
31370 26 20 28 0
31371 26 21 28 0
31372 26 22 28 0
31373 26 23 28 0
31374 26 24 28 1295
31375 26 25 28 0
31376 26 26 28 0
31377 26 27 28 0
31378 26 28 28 0
31379 26 29 28 0
31380 26 30 28 0
31381 26 31 28 0
31382 26 32 28 1193
31383 27 0 28 1193
31384 27 1 28 0
31385 27 2 28 0
31386 27 3 28 0
31387 27 4 28 0
31388 27 5 28 0
31389 27 6 28 0
31390 27 7 28 0
31391 27 8 28 0
31392 27 9 28 30
31393 27 10 28 30
31394 27 11 28 30
31395 27 12 28 0
31396 27 13 28 0
31397 27 14 28 0
31398 27 15 28 0
31399 27 16 28 1334
31400 27 17 28 0
31401 27 18 28 1336
31402 27 19 28 1336
31403 27 20 28 0
31404 27 21 28 0
31405 27 22 28 0
31406 27 23 28 1183
31407 27 24 28 0
31408 27 25 28 0
31409 27 26 28 0
31410 27 27 28 0
31411 27 28 28 0
31412 27 29 28 0
31413 27 30 28 0
31414 27 31 28 1193
31415 27 32 28 1193
31416 28 0 28 1193
31417 28 1 28 1193
31418 28 2 28 1364
31419 28 3 28 0
31420 28 4 28 0
31421 28 5 28 0
31422 28 6 28 1369
31423 28 7 28 0
31424 28 8 28 0
31425 28 9 28 0
31426 28 10 28 0
31427 28 11 28 0
31428 28 12 28 0
31429 28 13 28 0
31430 28 14 28 0
31431 28 15 28 0
31432 28 16 28 1334
31433 28 17 28 1334
31434 28 18 28 0
31435 28 19 28 0
31436 28 20 28 0
31437 28 21 28 0
31438 28 22 28 0
31439 28 23 28 0
31440 28 24 28 0
31441 28 25 28 0
31442 28 26 28 0
31443 28 27 28 0
31444 28 28 28 0
31445 28 29 28 0
31446 28 30 28 1193
31447 28 31 28 1193
31448 28 32 28 1193
31449 29 0 28 0
31450 29 1 28 0
31451 29 2 28 0
31452 29 3 28 1364
31453 29 4 28 0
31454 29 5 28 0
31455 29 6 28 0
31456 29 7 28 0
31457 29 8 28 1415
31458 29 9 28 0
31459 29 10 28 0
31460 29 11 28 0
31461 29 12 28 0
31462 29 13 28 0
31463 29 14 28 0
31464 29 15 28 1428
31465 29 16 28 0
31466 29 17 28 0
31467 29 18 28 0
31468 29 19 28 0
31469 29 20 28 0
31470 29 21 28 0
31471 29 22 28 0
31472 29 23 28 0
31473 29 24 28 0
31474 29 25 28 0
31475 29 26 28 0
31476 29 27 28 0
31477 29 28 28 0
31478 29 29 28 0
31479 29 30 28 1193
31480 29 31 28 1193
31481 29 32 28 1193
31482 30 0 28 0
31483 30 1 28 0
31484 30 2 28 0
31485 30 3 28 0
31486 30 4 28 0
31487 30 5 28 0
31488 30 6 28 0
31489 30 7 28 1463
31490 30 8 28 0
31491 30 9 28 0
31492 30 10 28 0
31493 30 11 28 0
31494 30 12 28 0
31495 30 13 28 0
31496 30 14 28 0
31497 30 15 28 0
31498 30 16 28 0
31499 30 17 28 0
31500 30 18 28 0
31501 30 19 28 0
31502 30 20 28 0
31503 30 21 28 0
31504 30 22 28 0
31505 30 23 28 0
31506 30 24 28 0
31507 30 25 28 0
31508 30 26 28 0
31509 30 27 28 0
31510 30 28 28 0
31511 30 29 28 0
31512 30 30 28 0
31513 30 31 28 0
31514 30 32 28 0
31515 31 0 28 0
31516 31 1 28 0
31517 31 2 28 0
31518 31 3 28 0
31519 31 4 28 0
31520 31 5 28 0
31521 31 6 28 0
31522 31 7 28 0
31523 31 8 28 0
31524 31 9 28 0
31525 31 10 28 0
31526 31 11 28 0
31527 31 12 28 0
31528 31 13 28 0
31529 31 14 28 0
31530 31 15 28 0
31531 31 16 28 0
31532 31 17 28 1520
31533 31 18 28 1520
31534 31 19 28 0
31535 31 20 28 0
31536 31 21 28 0
31537 31 22 28 0
31538 31 23 28 0
31539 31 24 28 0
31540 31 25 28 0
31541 31 26 28 0
31542 31 27 28 0
31543 31 28 28 0
31544 31 29 28 0
31545 31 30 28 0
31546 31 31 28 0
31547 31 32 28 0
31548 32 0 28 0
31549 32 1 28 0
31550 32 2 28 0
31551 32 3 28 0
31552 32 4 28 0
31553 32 5 28 0
31554 32 6 28 0
31555 32 7 28 0
31556 32 8 28 0
31557 32 9 28 0
31558 32 10 28 0
31559 32 11 28 0
31560 32 12 28 0
31561 32 13 28 0
31562 32 14 28 0
31563 32 15 28 38
31564 32 16 28 0
31565 32 17 28 0
31566 32 18 28 1520
31567 32 19 28 0
31568 32 20 28 0
31569 32 21 28 0
31570 32 22 28 55
31571 32 23 28 0
31572 32 24 28 0
31573 32 25 28 56
31574 32 26 28 0
31575 32 27 28 0
31576 32 28 28 0
31577 32 29 28 0
31578 32 30 28 0
31579 32 31 28 0
31580 32 32 28 0
31581 0 0 29 0
31582 0 1 29 6
31583 0 2 29 6
31584 0 3 29 0
31585 0 4 29 0
31586 0 5 29 0
31587 0 6 29 0
31588 0 7 29 15
31589 0 8 29 0
31590 0 9 29 0
31591 0 10 29 0
31592 0 11 29 0
31593 0 12 29 0
31594 0 13 29 0
31595 0 14 29 0
31596 0 15 29 0
31597 0 16 29 0
31598 0 17 29 0
31599 0 18 29 0
31600 0 19 29 0
31601 0 20 29 0
31602 0 21 29 0
31603 0 22 29 0
31604 0 23 29 56
31605 0 24 29 56
31606 0 25 29 0
31607 0 26 29 0
31608 0 27 29 0
31609 0 28 29 0
31610 0 29 29 0
31611 0 30 29 0
31612 0 31 29 0
31613 0 32 29 0
31614 1 0 29 0
31615 1 1 29 6
31616 1 2 29 6
31617 1 3 29 0
31618 1 4 29 0
31619 1 5 29 0
31620 1 6 29 0
31621 1 7 29 15
31622 1 8 29 15
31623 1 9 29 0
31624 1 10 29 0
31625 1 11 29 0
31626 1 12 29 0
31627 1 13 29 0
31628 1 14 29 0
31629 1 15 29 0
31630 1 16 29 0
31631 1 17 29 0
31632 1 18 29 0
31633 1 19 29 0
31634 1 20 29 0
31635 1 21 29 0
31636 1 22 29 0
31637 1 23 29 0
31638 1 24 29 0
31639 1 25 29 0
31640 1 26 29 64
31641 1 27 29 64
31642 1 28 29 0
31643 1 29 29 0
31644 1 30 29 0
31645 1 31 29 0
31646 1 32 29 129
31647 2 0 29 0
31648 2 1 29 0
31649 2 2 29 6
31650 2 3 29 6
31651 2 4 29 6
31652 2 5 29 0
31653 2 6 29 140
31654 2 7 29 0
31655 2 8 29 0
31656 2 9 29 0
31657 2 10 29 0
31658 2 11 29 0
31659 2 12 29 0
31660 2 13 29 0
31661 2 14 29 0
31662 2 15 29 0
31663 2 16 29 0
31664 2 17 29 105
31665 2 18 29 105
31666 2 19 29 0
31667 2 20 29 0
31668 2 21 29 0
31669 2 22 29 0
31670 2 23 29 0
31671 2 24 29 0
31672 2 25 29 0
31673 2 26 29 0
31674 2 27 29 64
31675 2 28 29 0
31676 2 29 29 0
31677 2 30 29 0
31678 2 31 29 0
31679 2 32 29 0
31680 3 0 29 0
31681 3 1 29 0
31682 3 2 29 6
31683 3 3 29 6
31684 3 4 29 6
31685 3 5 29 0
31686 3 6 29 0
31687 3 7 29 0
31688 3 8 29 0
31689 3 9 29 0
31690 3 10 29 0
31691 3 11 29 0
31692 3 12 29 0
31693 3 13 29 0
31694 3 14 29 0
31695 3 15 29 0
31696 3 16 29 0
31697 3 17 29 105
31698 3 18 29 105
31699 3 19 29 0
31700 3 20 29 199
31701 3 21 29 0
31702 3 22 29 0
31703 3 23 29 0
31704 3 24 29 0
31705 3 25 29 203
31706 3 26 29 0
31707 3 27 29 0
31708 3 28 29 0
31709 3 29 29 0
31710 3 30 29 0
31711 3 31 29 0
31712 3 32 29 217
31713 4 0 29 0
31714 4 1 29 0
31715 4 2 29 0
31716 4 3 29 6
31717 4 4 29 0
31718 4 5 29 0
31719 4 6 29 0
31720 4 7 29 0
31721 4 8 29 0
31722 4 9 29 0
31723 4 10 29 0
31724 4 11 29 0
31725 4 12 29 0
31726 4 13 29 0
31727 4 14 29 189
31728 4 15 29 189
31729 4 16 29 0
31730 4 17 29 0
31731 4 18 29 105
31732 4 19 29 0
31733 4 20 29 0
31734 4 21 29 0
31735 4 22 29 257
31736 4 23 29 0
31737 4 24 29 0
31738 4 25 29 206
31739 4 26 29 0
31740 4 27 29 0
31741 4 28 29 0
31742 4 29 29 0
31743 4 30 29 0
31744 4 31 29 0
31745 4 32 29 0
31746 5 0 29 0
31747 5 1 29 0
31748 5 2 29 0
31749 5 3 29 0
31750 5 4 29 0
31751 5 5 29 0
31752 5 6 29 0
31753 5 7 29 0
31754 5 8 29 0
31755 5 9 29 0
31756 5 10 29 0
31757 5 11 29 0
31758 5 12 29 0
31759 5 13 29 0
31760 5 14 29 189
31761 5 15 29 189
31762 5 16 29 0
31763 5 17 29 0
31764 5 18 29 0
31765 5 19 29 0
31766 5 20 29 0
31767 5 21 29 0
31768 5 22 29 0
31769 5 23 29 206
31770 5 24 29 206
31771 5 25 29 206
31772 5 26 29 206
31773 5 27 29 0
31774 5 28 29 0
31775 5 29 29 0
31776 5 30 29 0
31777 5 31 29 0
31778 5 32 29 0
31779 6 0 29 0
31780 6 1 29 0
31781 6 2 29 270
31782 6 3 29 270
31783 6 4 29 0
31784 6 5 29 0
31785 6 6 29 0
31786 6 7 29 0
31787 6 8 29 0
31788 6 9 29 0
31789 6 10 29 0
31790 6 11 29 0
31791 6 12 29 0
31792 6 13 29 0
31793 6 14 29 189
31794 6 15 29 189
31795 6 16 29 0
31796 6 17 29 0
31797 6 18 29 0
31798 6 19 29 0
31799 6 20 29 0
31800 6 21 29 0
31801 6 22 29 0
31802 6 23 29 0
31803 6 24 29 206
31804 6 25 29 206
31805 6 26 29 206
31806 6 27 29 0
31807 6 28 29 0
31808 6 29 29 0
31809 6 30 29 0
31810 6 31 29 0
31811 6 32 29 0
31812 7 0 29 270
31813 7 1 29 270
31814 7 2 29 270
31815 7 3 29 270
31816 7 4 29 0
31817 7 5 29 0
31818 7 6 29 0
31819 7 7 29 0
31820 7 8 29 0
31821 7 9 29 359
31822 7 10 29 0
31823 7 11 29 0
31824 7 12 29 0
31825 7 13 29 0
31826 7 14 29 189
31827 7 15 29 189
31828 7 16 29 0
31829 7 17 29 0
31830 7 18 29 0
31831 7 19 29 0
31832 7 20 29 0
31833 7 21 29 0
31834 7 22 29 296
31835 7 23 29 0
31836 7 24 29 0
31837 7 25 29 0
31838 7 26 29 0
31839 7 27 29 0
31840 7 28 29 0
31841 7 29 29 384
31842 7 30 29 0
31843 7 31 29 0
31844 7 32 29 0
31845 8 0 29 270
31846 8 1 29 270
31847 8 2 29 270
31848 8 3 29 0
31849 8 4 29 0
31850 8 5 29 0
31851 8 6 29 0
31852 8 7 29 0
31853 8 8 29 0
31854 8 9 29 402
31855 8 10 29 0
31856 8 11 29 0
31857 8 12 29 0
31858 8 13 29 0
31859 8 14 29 0
31860 8 15 29 0
31861 8 16 29 416
31862 8 17 29 0
31863 8 18 29 0
31864 8 19 29 0
31865 8 20 29 0
31866 8 21 29 296
31867 8 22 29 296
31868 8 23 29 296
31869 8 24 29 0
31870 8 25 29 0
31871 8 26 29 0
31872 8 27 29 0
31873 8 28 29 0
31874 8 29 29 0
31875 8 30 29 0
31876 8 31 29 0
31877 8 32 29 0
31878 9 0 29 0
31879 9 1 29 270
31880 9 2 29 0
31881 9 3 29 0
31882 9 4 29 0
31883 9 5 29 0
31884 9 6 29 0
31885 9 7 29 0
31886 9 8 29 0
31887 9 9 29 402
31888 9 10 29 402
31889 9 11 29 402
31890 9 12 29 402
31891 9 13 29 0
31892 9 14 29 0
31893 9 15 29 0
31894 9 16 29 0
31895 9 17 29 0
31896 9 18 29 461
31897 9 19 29 0
31898 9 20 29 0
31899 9 21 29 0
31900 9 22 29 0
31901 9 23 29 0
31902 9 24 29 470
31903 9 25 29 0
31904 9 26 29 0
31905 9 27 29 0
31906 9 28 29 0
31907 9 29 29 0
31908 9 30 29 0
31909 9 31 29 0
31910 9 32 29 0
31911 10 0 29 0
31912 10 1 29 0
31913 10 2 29 0
31914 10 3 29 0
31915 10 4 29 0
31916 10 5 29 0
31917 10 6 29 0
31918 10 7 29 0
31919 10 8 29 402
31920 10 9 29 402
31921 10 10 29 402
31922 10 11 29 402
31923 10 12 29 402
31924 10 13 29 0
31925 10 14 29 0
31926 10 15 29 0
31927 10 16 29 0
31928 10 17 29 0
31929 10 18 29 0
31930 10 19 29 0
31931 10 20 29 0
31932 10 21 29 0
31933 10 22 29 0
31934 10 23 29 0
31935 10 24 29 0
31936 10 25 29 0
31937 10 26 29 0
31938 10 27 29 0
31939 10 28 29 0
31940 10 29 29 0
31941 10 30 29 527
31942 10 31 29 0
31943 10 32 29 534
31944 11 0 29 0
31945 11 1 29 0
31946 11 2 29 0
31947 11 3 29 0
31948 11 4 29 0
31949 11 5 29 0
31950 11 6 29 0
31951 11 7 29 0
31952 11 8 29 402
31953 11 9 29 402
31954 11 10 29 402
31955 11 11 29 402
31956 11 12 29 0
31957 11 13 29 0
31958 11 14 29 0
31959 11 15 29 0
31960 11 16 29 562
31961 11 17 29 0
31962 11 18 29 0
31963 11 19 29 0
31964 11 20 29 0
31965 11 21 29 569
31966 11 22 29 0
31967 11 23 29 0
31968 11 24 29 0
31969 11 25 29 0
31970 11 26 29 0
31971 11 27 29 0
31972 11 28 29 0
31973 11 29 29 527
31974 11 30 29 527
31975 11 31 29 0
31976 11 32 29 0
31977 12 0 29 0
31978 12 1 29 587
31979 12 2 29 0
31980 12 3 29 0
31981 12 4 29 0
31982 12 5 29 0
31983 12 6 29 0
31984 12 7 29 0
31985 12 8 29 0
31986 12 9 29 0
31987 12 10 29 0
31988 12 11 29 0
31989 12 12 29 0
31990 12 13 29 0
31991 12 14 29 0
31992 12 15 29 0
31993 12 16 29 0
31994 12 17 29 611
31995 12 18 29 0
31996 12 19 29 0
31997 12 20 29 0
31998 12 21 29 0
31999 12 22 29 0
32000 12 23 29 0
32001 12 24 29 0
32002 12 25 29 0
32003 12 26 29 0
32004 12 27 29 0
32005 12 28 29 0
32006 12 29 29 622
32007 12 30 29 0
32008 12 31 29 0
32009 12 32 29 0
32010 13 0 29 0
32011 13 1 29 0
32012 13 2 29 0
32013 13 3 29 0
32014 13 4 29 0
32015 13 5 29 0
32016 13 6 29 0
32017 13 7 29 0
32018 13 8 29 0
32019 13 9 29 0
32020 13 10 29 0
32021 13 11 29 0
32022 13 12 29 0
32023 13 13 29 0
32024 13 14 29 0
32025 13 15 29 0
32026 13 16 29 0
32027 13 17 29 0
32028 13 18 29 0
32029 13 19 29 0
32030 13 20 29 0
32031 13 21 29 0
32032 13 22 29 0
32033 13 23 29 0
32034 13 24 29 0
32035 13 25 29 615
32036 13 26 29 615
32037 13 27 29 0
32038 13 28 29 0
32039 13 29 29 623
32040 13 30 29 0
32041 13 31 29 0
32042 13 32 29 623
32043 14 0 29 623
32044 14 1 29 0
32045 14 2 29 0
32046 14 3 29 0
32047 14 4 29 0
32048 14 5 29 0
32049 14 6 29 674
32050 14 7 29 0
32051 14 8 29 678
32052 14 9 29 0
32053 14 10 29 0
32054 14 11 29 0
32055 14 12 29 0
32056 14 13 29 0
32057 14 14 29 0
32058 14 15 29 0
32059 14 16 29 0
32060 14 17 29 0
32061 14 18 29 0
32062 14 19 29 0
32063 14 20 29 0
32064 14 21 29 0
32065 14 22 29 0
32066 14 23 29 0
32067 14 24 29 0
32068 14 25 29 615
32069 14 26 29 0
32070 14 27 29 0
32071 14 28 29 623
32072 14 29 29 623
32073 14 30 29 623
32074 14 31 29 623
32075 14 32 29 623
32076 15 0 29 623
32077 15 1 29 0
32078 15 2 29 0
32079 15 3 29 0
32080 15 4 29 0
32081 15 5 29 0
32082 15 6 29 674
32083 15 7 29 0
32084 15 8 29 0
32085 15 9 29 734
32086 15 10 29 734
32087 15 11 29 734
32088 15 12 29 0
32089 15 13 29 0
32090 15 14 29 0
32091 15 15 29 0
32092 15 16 29 0
32093 15 17 29 0
32094 15 18 29 649
32095 15 19 29 0
32096 15 20 29 750
32097 15 21 29 0
32098 15 22 29 0
32099 15 23 29 0
32100 15 24 29 0
32101 15 25 29 0
32102 15 26 29 0
32103 15 27 29 0
32104 15 28 29 0
32105 15 29 29 623
32106 15 30 29 623
32107 15 31 29 623
32108 15 32 29 623
32109 16 0 29 0
32110 16 1 29 0
32111 16 2 29 0
32112 16 3 29 0
32113 16 4 29 0
32114 16 5 29 782
32115 16 6 29 782
32116 16 7 29 0
32117 16 8 29 0
32118 16 9 29 0
32119 16 10 29 0
32120 16 11 29 0
32121 16 12 29 0
32122 16 13 29 0
32123 16 14 29 0
32124 16 15 29 0
32125 16 16 29 0
32126 16 17 29 649
32127 16 18 29 649
32128 16 19 29 0
32129 16 20 29 0
32130 16 21 29 0
32131 16 22 29 0
32132 16 23 29 0
32133 16 24 29 0
32134 16 25 29 0
32135 16 26 29 0
32136 16 27 29 0
32137 16 28 29 0
32138 16 29 29 0
32139 16 30 29 0
32140 16 31 29 623
32141 16 32 29 623
32142 17 0 29 0
32143 17 1 29 830
32144 17 2 29 0
32145 17 3 29 0
32146 17 4 29 0
32147 17 5 29 782
32148 17 6 29 782
32149 17 7 29 0
32150 17 8 29 782
32151 17 9 29 0
32152 17 10 29 0
32153 17 11 29 842
32154 17 12 29 0
32155 17 13 29 0
32156 17 14 29 0
32157 17 15 29 0
32158 17 16 29 649
32159 17 17 29 649
32160 17 18 29 0
32161 17 19 29 0
32162 17 20 29 0
32163 17 21 29 857
32164 17 22 29 857
32165 17 23 29 0
32166 17 24 29 0
32167 17 25 29 0
32168 17 26 29 0
32169 17 27 29 0
32170 17 28 29 865
32171 17 29 29 0
32172 17 30 29 0
32173 17 31 29 623
32174 17 32 29 623
32175 18 0 29 0
32176 18 1 29 0
32177 18 2 29 0
32178 18 3 29 0
32179 18 4 29 0
32180 18 5 29 782
32181 18 6 29 0
32182 18 7 29 782
32183 18 8 29 782
32184 18 9 29 0
32185 18 10 29 0
32186 18 11 29 0
32187 18 12 29 0
32188 18 13 29 0
32189 18 14 29 798
32190 18 15 29 0
32191 18 16 29 0
32192 18 17 29 0
32193 18 18 29 0
32194 18 19 29 857
32195 18 20 29 857
32196 18 21 29 857
32197 18 22 29 857
32198 18 23 29 0
32199 18 24 29 0
32200 18 25 29 904
32201 18 26 29 0
32202 18 27 29 0
32203 18 28 29 0
32204 18 29 29 0
32205 18 30 29 0
32206 18 31 29 0
32207 18 32 29 0
32208 19 0 29 0
32209 19 1 29 0
32210 19 2 29 919
32211 19 3 29 0
32212 19 4 29 0
32213 19 5 29 0
32214 19 6 29 0
32215 19 7 29 0
32216 19 8 29 782
32217 19 9 29 0
32218 19 10 29 0
32219 19 11 29 0
32220 19 12 29 931
32221 19 13 29 0
32222 19 14 29 0
32223 19 15 29 0
32224 19 16 29 0
32225 19 17 29 0
32226 19 18 29 0
32227 19 19 29 0
32228 19 20 29 0
32229 19 21 29 857
32230 19 22 29 857
32231 19 23 29 0
32232 19 24 29 0
32233 19 25 29 0
32234 19 26 29 0
32235 19 27 29 0
32236 19 28 29 0
32237 19 29 29 0
32238 19 30 29 0
32239 19 31 29 0
32240 19 32 29 0
32241 20 0 29 0
32242 20 1 29 0
32243 20 2 29 0
32244 20 3 29 0
32245 20 4 29 0
32246 20 5 29 0
32247 20 6 29 0
32248 20 7 29 0
32249 20 8 29 782
32250 20 9 29 0
32251 20 10 29 0
32252 20 11 29 0
32253 20 12 29 987
32254 20 13 29 0
32255 20 14 29 0
32256 20 15 29 0
32257 20 16 29 0
32258 20 17 29 994
32259 20 18 29 0
32260 20 19 29 857
32261 20 20 29 857
32262 20 21 29 857
32263 20 22 29 0
32264 20 23 29 0
32265 20 24 29 0
32266 20 25 29 0
32267 20 26 29 0
32268 20 27 29 1005
32269 20 28 29 1005
32270 20 29 29 0
32271 20 30 29 0
32272 20 31 29 0
32273 20 32 29 0
32274 21 0 29 0
32275 21 1 29 967
32276 21 2 29 0
32277 21 3 29 0
32278 21 4 29 0
32279 21 5 29 975
32280 21 6 29 975
32281 21 7 29 0
32282 21 8 29 0
32283 21 9 29 0
32284 21 10 29 0
32285 21 11 29 0
32286 21 12 29 0
32287 21 13 29 0
32288 21 14 29 0
32289 21 15 29 0
32290 21 16 29 0
32291 21 17 29 0
32292 21 18 29 0
32293 21 19 29 857
32294 21 20 29 0
32295 21 21 29 0
32296 21 22 29 0
32297 21 23 29 0
32298 21 24 29 0
32299 21 25 29 0
32300 21 26 29 0
32301 21 27 29 1005
32302 21 28 29 0
32303 21 29 29 0
32304 21 30 29 0
32305 21 31 29 0
32306 21 32 29 0
32307 22 0 29 0
32308 22 1 29 0
32309 22 2 29 0
32310 22 3 29 0
32311 22 4 29 0
32312 22 5 29 975
32313 22 6 29 975
32314 22 7 29 0
32315 22 8 29 0
32316 22 9 29 0
32317 22 10 29 0
32318 22 11 29 0
32319 22 12 29 1030
32320 22 13 29 1030
32321 22 14 29 0
32322 22 15 29 0
32323 22 16 29 0
32324 22 17 29 0
32325 22 18 29 0
32326 22 19 29 0
32327 22 20 29 0
32328 22 21 29 0
32329 22 22 29 0
32330 22 23 29 0
32331 22 24 29 0
32332 22 25 29 0
32333 22 26 29 0
32334 22 27 29 1005
32335 22 28 29 0
32336 22 29 29 0
32337 22 30 29 0
32338 22 31 29 0
32339 22 32 29 0
32340 23 0 29 1097
32341 23 1 29 0
32342 23 2 29 0
32343 23 3 29 0
32344 23 4 29 1108
32345 23 5 29 0
32346 23 6 29 0
32347 23 7 29 0
32348 23 8 29 0
32349 23 9 29 1115
32350 23 10 29 1116
32351 23 11 29 0
32352 23 12 29 1030
32353 23 13 29 0
32354 23 14 29 0
32355 23 15 29 0
32356 23 16 29 0
32357 23 17 29 0
32358 23 18 29 0
32359 23 19 29 0
32360 23 20 29 1126
32361 23 21 29 0
32362 23 22 29 0
32363 23 23 29 0
32364 23 24 29 0
32365 23 25 29 0
32366 23 26 29 1005
32367 23 27 29 1005
32368 23 28 29 1005
32369 23 29 29 0
32370 23 30 29 0
32371 23 31 29 0
32372 23 32 29 1097
32373 24 0 29 0
32374 24 1 29 0
32375 24 2 29 0
32376 24 3 29 1105
32377 24 4 29 0
32378 24 5 29 0
32379 24 6 29 0
32380 24 7 29 0
32381 24 8 29 0
32382 24 9 29 0
32383 24 10 29 0
32384 24 11 29 0
32385 24 12 29 0
32386 24 13 29 0
32387 24 14 29 1171
32388 24 15 29 0
32389 24 16 29 0
32390 24 17 29 0
32391 24 18 29 0
32392 24 19 29 0
32393 24 20 29 0
32394 24 21 29 1176
32395 24 22 29 0
32396 24 23 29 0
32397 24 24 29 0
32398 24 25 29 0
32399 24 26 29 0
32400 24 27 29 0
32401 24 28 29 0
32402 24 29 29 0
32403 24 30 29 0
32404 24 31 29 0
32405 24 32 29 1097
32406 25 0 29 0
32407 25 1 29 0
32408 25 2 29 1105
32409 25 3 29 1105
32410 25 4 29 0
32411 25 5 29 1202
32412 25 6 29 0
32413 25 7 29 0
32414 25 8 29 0
32415 25 9 29 1215
32416 25 10 29 1215
32417 25 11 29 1215
32418 25 12 29 0
32419 25 13 29 0
32420 25 14 29 0
32421 25 15 29 0
32422 25 16 29 0
32423 25 17 29 0
32424 25 18 29 1040
32425 25 19 29 0
32426 25 20 29 0
32427 25 21 29 1176
32428 25 22 29 1176
32429 25 23 29 0
32430 25 24 29 0
32431 25 25 29 0
32432 25 26 29 0
32433 25 27 29 0
32434 25 28 29 0
32435 25 29 29 0
32436 25 30 29 0
32437 25 31 29 0
32438 25 32 29 0
32439 26 0 29 1193
32440 26 1 29 0
32441 26 2 29 0
32442 26 3 29 0
32443 26 4 29 0
32444 26 5 29 0
32445 26 6 29 0
32446 26 7 29 0
32447 26 8 29 0
32448 26 9 29 0
32449 26 10 29 30
32450 26 11 29 30
32451 26 12 29 0
32452 26 13 29 0
32453 26 14 29 0
32454 26 15 29 0
32455 26 16 29 0
32456 26 17 29 0
32457 26 18 29 0
32458 26 19 29 0
32459 26 20 29 0
32460 26 21 29 0
32461 26 22 29 0
32462 26 23 29 0
32463 26 24 29 0
32464 26 25 29 0
32465 26 26 29 0
32466 26 27 29 1297
32467 26 28 29 1297
32468 26 29 29 0
32469 26 30 29 0
32470 26 31 29 0
32471 26 32 29 1193
32472 27 0 29 1193
32473 27 1 29 0
32474 27 2 29 0
32475 27 3 29 0
32476 27 4 29 0
32477 27 5 29 0
32478 27 6 29 0
32479 27 7 29 0
32480 27 8 29 0
32481 27 9 29 30
32482 27 10 29 30
32483 27 11 29 30
32484 27 12 29 0
32485 27 13 29 1325
32486 27 14 29 0
32487 27 15 29 0
32488 27 16 29 0
32489 27 17 29 0
32490 27 18 29 0
32491 27 19 29 0
32492 27 20 29 0
32493 27 21 29 0
32494 27 22 29 0
32495 27 23 29 0
32496 27 24 29 0
32497 27 25 29 0
32498 27 26 29 0
32499 27 27 29 0
32500 27 28 29 1297
32501 27 29 29 0
32502 27 30 29 0
32503 27 31 29 0
32504 27 32 29 1193
32505 28 0 29 0
32506 28 1 29 0
32507 28 2 29 0
32508 28 3 29 0
32509 28 4 29 0
32510 28 5 29 0
32511 28 6 29 0
32512 28 7 29 0
32513 28 8 29 30
32514 28 9 29 30
32515 28 10 29 30
32516 28 11 29 30
32517 28 12 29 0
32518 28 13 29 0
32519 28 14 29 0
32520 28 15 29 0
32521 28 16 29 1334
32522 28 17 29 0
32523 28 18 29 0
32524 28 19 29 1388
32525 28 20 29 0
32526 28 21 29 0
32527 28 22 29 0
32528 28 23 29 0
32529 28 24 29 0
32530 28 25 29 0
32531 28 26 29 0
32532 28 27 29 0
32533 28 28 29 0
32534 28 29 29 0
32535 28 30 29 0
32536 28 31 29 1193
32537 28 32 29 1193
32538 29 0 29 0
32539 29 1 29 0
32540 29 2 29 0
32541 29 3 29 1364
32542 29 4 29 0
32543 29 5 29 0
32544 29 6 29 0
32545 29 7 29 0
32546 29 8 29 0
32547 29 9 29 0
32548 29 10 29 30
32549 29 11 29 30
32550 29 12 29 0
32551 29 13 29 0
32552 29 14 29 0
32553 29 15 29 0
32554 29 16 29 0
32555 29 17 29 0
32556 29 18 29 1388
32557 29 19 29 1388
32558 29 20 29 0
32559 29 21 29 0
32560 29 22 29 0
32561 29 23 29 0
32562 29 24 29 0
32563 29 25 29 0
32564 29 26 29 0
32565 29 27 29 0
32566 29 28 29 1446
32567 29 29 29 0
32568 29 30 29 0
32569 29 31 29 0
32570 29 32 29 0
32571 30 0 29 0
32572 30 1 29 0
32573 30 2 29 0
32574 30 3 29 0
32575 30 4 29 1458
32576 30 5 29 0
32577 30 6 29 0
32578 30 7 29 0
32579 30 8 29 0
32580 30 9 29 0
32581 30 10 29 0
32582 30 11 29 0
32583 30 12 29 0
32584 30 13 29 0
32585 30 14 29 0
32586 30 15 29 0
32587 30 16 29 0
32588 30 17 29 0
32589 30 18 29 0
32590 30 19 29 0
32591 30 20 29 0
32592 30 21 29 0
32593 30 22 29 0
32594 30 23 29 0
32595 30 24 29 0
32596 30 25 29 0
32597 30 26 29 0
32598 30 27 29 0
32599 30 28 29 0
32600 30 29 29 0
32601 30 30 29 0
32602 30 31 29 0
32603 30 32 29 0
32604 31 0 29 0
32605 31 1 29 0
32606 31 2 29 1403
32607 31 3 29 0
32608 31 4 29 0
32609 31 5 29 0
32610 31 6 29 0
32611 31 7 29 15
32612 31 8 29 0
32613 31 9 29 0
32614 31 10 29 0
32615 31 11 29 0
32616 31 12 29 0
32617 31 13 29 0
32618 31 14 29 0
32619 31 15 29 1513
32620 31 16 29 0
32621 31 17 29 0
32622 31 18 29 0
32623 31 19 29 0
32624 31 20 29 0
32625 31 21 29 0
32626 31 22 29 0
32627 31 23 29 0
32628 31 24 29 0
32629 31 25 29 56
32630 31 26 29 0
32631 31 27 29 0
32632 31 28 29 0
32633 31 29 29 0
32634 31 30 29 0
32635 31 31 29 0
32636 31 32 29 0
32637 32 0 29 0
32638 32 1 29 0
32639 32 2 29 0
32640 32 3 29 0
32641 32 4 29 0
32642 32 5 29 0
32643 32 6 29 15
32644 32 7 29 15
32645 32 8 29 0
32646 32 9 29 0
32647 32 10 29 0
32648 32 11 29 0
32649 32 12 29 0
32650 32 13 29 0
32651 32 14 29 0
32652 32 15 29 0
32653 32 16 29 0
32654 32 17 29 0
32655 32 18 29 0
32656 32 19 29 0
32657 32 20 29 0
32658 32 21 29 0
32659 32 22 29 0
32660 32 23 29 0
32661 32 24 29 56
32662 32 25 29 56
32663 32 26 29 0
32664 32 27 29 0
32665 32 28 29 0
32666 32 29 29 0
32667 32 30 29 0
32668 32 31 29 0
32669 32 32 29 0
32670 0 0 30 6
32671 0 1 30 6
32672 0 2 30 0
32673 0 3 30 0
32674 0 4 30 0
32675 0 5 30 0
32676 0 6 30 15
32677 0 7 30 15
32678 0 8 30 15
32679 0 9 30 15
32680 0 10 30 0
32681 0 11 30 0
32682 0 12 30 0
32683 0 13 30 0
32684 0 14 30 30
32685 0 15 30 0
32686 0 16 30 0
32687 0 17 30 0
32688 0 18 30 0
32689 0 19 30 0
32690 0 20 30 0
32691 0 21 30 0
32692 0 22 30 56
32693 0 23 30 56
32694 0 24 30 56
32695 0 25 30 0
32696 0 26 30 0
32697 0 27 30 0
32698 0 28 30 0
32699 0 29 30 0
32700 0 30 30 0
32701 0 31 30 0
32702 0 32 30 0
32703 1 0 30 6
32704 1 1 30 6
32705 1 2 30 6
32706 1 3 30 0
32707 1 4 30 0
32708 1 5 30 0
32709 1 6 30 15
32710 1 7 30 0
32711 1 8 30 15
32712 1 9 30 0
32713 1 10 30 0
32714 1 11 30 0
32715 1 12 30 0
32716 1 13 30 0
32717 1 14 30 0
32718 1 15 30 0
32719 1 16 30 0
32720 1 17 30 0
32721 1 18 30 0
32722 1 19 30 0
32723 1 20 30 0
32724 1 21 30 0
32725 1 22 30 56
32726 1 23 30 56
32727 1 24 30 0
32728 1 25 30 0
32729 1 26 30 0
32730 1 27 30 64
32731 1 28 30 0
32732 1 29 30 0
32733 1 30 30 0
32734 1 31 30 0
32735 1 32 30 0
32736 2 0 30 0
32737 2 1 30 6
32738 2 2 30 6
32739 2 3 30 0
32740 2 4 30 0
32741 2 5 30 0
32742 2 6 30 0
32743 2 7 30 0
32744 2 8 30 0
32745 2 9 30 0
32746 2 10 30 0
32747 2 11 30 0
32748 2 12 30 0
32749 2 13 30 0
32750 2 14 30 0
32751 2 15 30 0
32752 2 16 30 0
32753 2 17 30 0
32754 2 18 30 0
32755 2 19 30 0
32756 2 20 30 0
32757 2 21 30 0
32758 2 22 30 0
32759 2 23 30 0
32760 2 24 30 0
32761 2 25 30 0
32762 2 26 30 0
32763 2 27 30 64
32764 2 28 30 0
32765 2 29 30 0
32766 2 30 30 0
32767 2 31 30 0
32768 2 32 30 0
32769 3 0 30 0
32770 3 1 30 0
32771 3 2 30 0
32772 3 3 30 0
32773 3 4 30 0
32774 3 5 30 0
32775 3 6 30 0
32776 3 7 30 0
32777 3 8 30 0
32778 3 9 30 0
32779 3 10 30 0
32780 3 11 30 0
32781 3 12 30 0
32782 3 13 30 0
32783 3 14 30 0
32784 3 15 30 0
32785 3 16 30 0
32786 3 17 30 0
32787 3 18 30 105
32788 3 19 30 105
32789 3 20 30 0
32790 3 21 30 0
32791 3 22 30 0
32792 3 23 30 0
32793 3 24 30 0
32794 3 25 30 0
32795 3 26 30 0
32796 3 27 30 0
32797 3 28 30 0
32798 3 29 30 0
32799 3 30 30 0
32800 3 31 30 0
32801 3 32 30 0
32802 4 0 30 0
32803 4 1 30 0
32804 4 2 30 0
32805 4 3 30 0
32806 4 4 30 0
32807 4 5 30 0
32808 4 6 30 0
32809 4 7 30 225
32810 4 8 30 0
32811 4 9 30 0
32812 4 10 30 0
32813 4 11 30 0
32814 4 12 30 0
32815 4 13 30 0
32816 4 14 30 189
32817 4 15 30 189
32818 4 16 30 0
32819 4 17 30 0
32820 4 18 30 105
32821 4 19 30 105
32822 4 20 30 0
32823 4 21 30 255
32824 4 22 30 0
32825 4 23 30 0
32826 4 24 30 0
32827 4 25 30 0
32828 4 26 30 0
32829 4 27 30 261
32830 4 28 30 0
32831 4 29 30 0
32832 4 30 30 0
32833 4 31 30 0
32834 4 32 30 0
32835 5 0 30 0
32836 5 1 30 0
32837 5 2 30 0
32838 5 3 30 0
32839 5 4 30 0
32840 5 5 30 0
32841 5 6 30 0
32842 5 7 30 225
32843 5 8 30 0
32844 5 9 30 0
32845 5 10 30 0
32846 5 11 30 0
32847 5 12 30 0
32848 5 13 30 189
32849 5 14 30 189
32850 5 15 30 189
32851 5 16 30 189
32852 5 17 30 0
32853 5 18 30 0
32854 5 19 30 0
32855 5 20 30 0
32856 5 21 30 0
32857 5 22 30 0
32858 5 23 30 206
32859 5 24 30 206
32860 5 25 30 206
32861 5 26 30 0
32862 5 27 30 0
32863 5 28 30 0
32864 5 29 30 0
32865 5 30 30 0
32866 5 31 30 0
32867 5 32 30 0
32868 6 0 30 0
32869 6 1 30 0
32870 6 2 30 0
32871 6 3 30 0
32872 6 4 30 0
32873 6 5 30 0
32874 6 6 30 0
32875 6 7 30 225
32876 6 8 30 0
32877 6 9 30 0
32878 6 10 30 0
32879 6 11 30 0
32880 6 12 30 0
32881 6 13 30 189
32882 6 14 30 189
32883 6 15 30 189
32884 6 16 30 0
32885 6 17 30 0
32886 6 18 30 0
32887 6 19 30 0
32888 6 20 30 0
32889 6 21 30 0
32890 6 22 30 0
32891 6 23 30 0
32892 6 24 30 206
32893 6 25 30 206
32894 6 26 30 206
32895 6 27 30 206
32896 6 28 30 0
32897 6 29 30 345
32898 6 30 30 346
32899 6 31 30 0
32900 6 32 30 0
32901 7 0 30 0
32902 7 1 30 270
32903 7 2 30 270
32904 7 3 30 0
32905 7 4 30 0
32906 7 5 30 0
32907 7 6 30 0
32908 7 7 30 0
32909 7 8 30 0
32910 7 9 30 360
32911 7 10 30 361
32912 7 11 30 0
32913 7 12 30 0
32914 7 13 30 189
32915 7 14 30 189
32916 7 15 30 189
32917 7 16 30 189
32918 7 17 30 0
32919 7 18 30 0
32920 7 19 30 0
32921 7 20 30 0
32922 7 21 30 0
32923 7 22 30 0
32924 7 23 30 0
32925 7 24 30 206
32926 7 25 30 0
32927 7 26 30 0
32928 7 27 30 0
32929 7 28 30 0
32930 7 29 30 0
32931 7 30 30 0
32932 7 31 30 0
32933 7 32 30 0
32934 8 0 30 0
32935 8 1 30 0
32936 8 2 30 0
32937 8 3 30 0
32938 8 4 30 0
32939 8 5 30 0
32940 8 6 30 0
32941 8 7 30 0
32942 8 8 30 0
32943 8 9 30 402
32944 8 10 30 0
32945 8 11 30 0
32946 8 12 30 0
32947 8 13 30 0
32948 8 14 30 0
32949 8 15 30 0
32950 8 16 30 0
32951 8 17 30 0
32952 8 18 30 0
32953 8 19 30 0
32954 8 20 30 0
32955 8 21 30 0
32956 8 22 30 296
32957 8 23 30 0
32958 8 24 30 206
32959 8 25 30 0
32960 8 26 30 0
32961 8 27 30 0
32962 8 28 30 0
32963 8 29 30 0
32964 8 30 30 0
32965 8 31 30 0
32966 8 32 30 0
32967 9 0 30 0
32968 9 1 30 0
32969 9 2 30 440
32970 9 3 30 0
32971 9 4 30 0
32972 9 5 30 0
32973 9 6 30 0
32974 9 7 30 0
32975 9 8 30 0
32976 9 9 30 402
32977 9 10 30 402
32978 9 11 30 0
32979 9 12 30 0
32980 9 13 30 0
32981 9 14 30 0
32982 9 15 30 0
32983 9 16 30 0
32984 9 17 30 0
32985 9 18 30 0
32986 9 19 30 0
32987 9 20 30 0
32988 9 21 30 0
32989 9 22 30 0
32990 9 23 30 0
32991 9 24 30 206
32992 9 25 30 0
32993 9 26 30 0
32994 9 27 30 0
32995 9 28 30 0
32996 9 29 30 0
32997 9 30 30 0
32998 9 31 30 0
32999 9 32 30 0
33000 10 0 30 0
33001 10 1 30 0
33002 10 2 30 0
33003 10 3 30 0
33004 10 4 30 0
33005 10 5 30 0
33006 10 6 30 0
33007 10 7 30 495
33008 10 8 30 0
33009 10 9 30 402
33010 10 10 30 402
33011 10 11 30 0
33012 10 12 30 0
33013 10 13 30 505
33014 10 14 30 0
33015 10 15 30 0
33016 10 16 30 0
33017 10 17 30 0
33018 10 18 30 0
33019 10 19 30 0
33020 10 20 30 513
33021 10 21 30 0
33022 10 22 30 0
33023 10 23 30 0
33024 10 24 30 0
33025 10 25 30 0
33026 10 26 30 0
33027 10 27 30 522
33028 10 28 30 0
33029 10 29 30 0
33030 10 30 30 0
33031 10 31 30 0
33032 10 32 30 0
33033 11 0 30 0
33034 11 1 30 0
33035 11 2 30 0
33036 11 3 30 0
33037 11 4 30 0
33038 11 5 30 0
33039 11 6 30 0
33040 11 7 30 495
33041 11 8 30 402
33042 11 9 30 402
33043 11 10 30 0
33044 11 11 30 0
33045 11 12 30 0
33046 11 13 30 505
33047 11 14 30 0
33048 11 15 30 0
33049 11 16 30 562
33050 11 17 30 564
33051 11 18 30 0
33052 11 19 30 0
33053 11 20 30 567
33054 11 21 30 468
33055 11 22 30 0
33056 11 23 30 0
33057 11 24 30 0
33058 11 25 30 0
33059 11 26 30 0
33060 11 27 30 0
33061 11 28 30 0
33062 11 29 30 0
33063 11 30 30 0
33064 11 31 30 0
33065 11 32 30 584
33066 12 0 30 0
33067 12 1 30 588
33068 12 2 30 0
33069 12 3 30 0
33070 12 4 30 0
33071 12 5 30 0
33072 12 6 30 0
33073 12 7 30 0
33074 12 8 30 0
33075 12 9 30 0
33076 12 10 30 0
33077 12 11 30 0
33078 12 12 30 0
33079 12 13 30 0
33080 12 14 30 0
33081 12 15 30 0
33082 12 16 30 0
33083 12 17 30 0
33084 12 18 30 0
33085 12 19 30 0
33086 12 20 30 0
33087 12 21 30 0
33088 12 22 30 0
33089 12 23 30 0
33090 12 24 30 0
33091 12 25 30 0
33092 12 26 30 615
33093 12 27 30 0
33094 12 28 30 0
33095 12 29 30 623
33096 12 30 30 0
33097 12 31 30 0
33098 12 32 30 630
33099 13 0 30 0
33100 13 1 30 0
33101 13 2 30 0
33102 13 3 30 0
33103 13 4 30 0
33104 13 5 30 0
33105 13 6 30 0
33106 13 7 30 0
33107 13 8 30 0
33108 13 9 30 0
33109 13 10 30 0
33110 13 11 30 0
33111 13 12 30 0
33112 13 13 30 0
33113 13 14 30 0
33114 13 15 30 0
33115 13 16 30 0
33116 13 17 30 0
33117 13 18 30 0
33118 13 19 30 0
33119 13 20 30 0
33120 13 21 30 0
33121 13 22 30 0
33122 13 23 30 0
33123 13 24 30 0
33124 13 25 30 0
33125 13 26 30 615
33126 13 27 30 0
33127 13 28 30 623
33128 13 29 30 623
33129 13 30 30 623
33130 13 31 30 0
33131 13 32 30 0
33132 14 0 30 666
33133 14 1 30 666
33134 14 2 30 666
33135 14 3 30 0
33136 14 4 30 0
33137 14 5 30 0
33138 14 6 30 0
33139 14 7 30 0
33140 14 8 30 0
33141 14 9 30 0
33142 14 10 30 0
33143 14 11 30 0
33144 14 12 30 0
33145 14 13 30 0
33146 14 14 30 0
33147 14 15 30 0
33148 14 16 30 0
33149 14 17 30 0
33150 14 18 30 0
33151 14 19 30 0
33152 14 20 30 0
33153 14 21 30 0
33154 14 22 30 468
33155 14 23 30 468
33156 14 24 30 0
33157 14 25 30 0
33158 14 26 30 0
33159 14 27 30 0
33160 14 28 30 623
33161 14 29 30 623
33162 14 30 30 623
33163 14 31 30 0
33164 14 32 30 0
33165 15 0 30 0
33166 15 1 30 0
33167 15 2 30 0
33168 15 3 30 0
33169 15 4 30 0
33170 15 5 30 0
33171 15 6 30 0
33172 15 7 30 0
33173 15 8 30 0
33174 15 9 30 0
33175 15 10 30 0
33176 15 11 30 0
33177 15 12 30 738
33178 15 13 30 0
33179 15 14 30 0
33180 15 15 30 0
33181 15 16 30 0
33182 15 17 30 0
33183 15 18 30 0
33184 15 19 30 0
33185 15 20 30 0
33186 15 21 30 0
33187 15 22 30 0
33188 15 23 30 0
33189 15 24 30 0
33190 15 25 30 0
33191 15 26 30 0
33192 15 27 30 0
33193 15 28 30 0
33194 15 29 30 623
33195 15 30 30 0
33196 15 31 30 0
33197 15 32 30 0
33198 16 0 30 0
33199 16 1 30 0
33200 16 2 30 0
33201 16 3 30 0
33202 16 4 30 0
33203 16 5 30 782
33204 16 6 30 782
33205 16 7 30 0
33206 16 8 30 0
33207 16 9 30 0
33208 16 10 30 0
33209 16 11 30 0
33210 16 12 30 793
33211 16 13 30 0
33212 16 14 30 0
33213 16 15 30 0
33214 16 16 30 0
33215 16 17 30 0
33216 16 18 30 649
33217 16 19 30 0
33218 16 20 30 0
33219 16 21 30 0
33220 16 22 30 0
33221 16 23 30 0
33222 16 24 30 816
33223 16 25 30 820
33224 16 26 30 0
33225 16 27 30 0
33226 16 28 30 0
33227 16 29 30 0
33228 16 30 30 0
33229 16 31 30 0
33230 16 32 30 623
33231 17 0 30 0
33232 17 1 30 0
33233 17 2 30 0
33234 17 3 30 0
33235 17 4 30 0
33236 17 5 30 782
33237 17 6 30 782
33238 17 7 30 782
33239 17 8 30 0
33240 17 9 30 0
33241 17 10 30 0
33242 17 11 30 0
33243 17 12 30 0
33244 17 13 30 0
33245 17 14 30 798
33246 17 15 30 798
33247 17 16 30 0
33248 17 17 30 0
33249 17 18 30 0
33250 17 19 30 0
33251 17 20 30 857
33252 17 21 30 857
33253 17 22 30 857
33254 17 23 30 857
33255 17 24 30 0
33256 17 25 30 0
33257 17 26 30 821
33258 17 27 30 0
33259 17 28 30 866
33260 17 29 30 867
33261 17 30 30 0
33262 17 31 30 0
33263 17 32 30 0
33264 18 0 30 0
33265 18 1 30 0
33266 18 2 30 0
33267 18 3 30 0
33268 18 4 30 0
33269 18 5 30 0
33270 18 6 30 0
33271 18 7 30 782
33272 18 8 30 782
33273 18 9 30 0
33274 18 10 30 0
33275 18 11 30 0
33276 18 12 30 0
33277 18 13 30 0
33278 18 14 30 798
33279 18 15 30 798
33280 18 16 30 0
33281 18 17 30 0
33282 18 18 30 0
33283 18 19 30 0
33284 18 20 30 857
33285 18 21 30 857
33286 18 22 30 0
33287 18 23 30 0
33288 18 24 30 903
33289 18 25 30 0
33290 18 26 30 0
33291 18 27 30 0
33292 18 28 30 0
33293 18 29 30 0
33294 18 30 30 0
33295 18 31 30 0
33296 18 32 30 0
33297 19 0 30 0
33298 19 1 30 0
33299 19 2 30 0
33300 19 3 30 0
33301 19 4 30 0
33302 19 5 30 0
33303 19 6 30 0
33304 19 7 30 0
33305 19 8 30 782
33306 19 9 30 0
33307 19 10 30 0
33308 19 11 30 0
33309 19 12 30 0
33310 19 13 30 0
33311 19 14 30 0
33312 19 15 30 798
33313 19 16 30 0
33314 19 17 30 0
33315 19 18 30 0
33316 19 19 30 0
33317 19 20 30 0
33318 19 21 30 857
33319 19 22 30 857
33320 19 23 30 0
33321 19 24 30 0
33322 19 25 30 0
33323 19 26 30 0
33324 19 27 30 0
33325 19 28 30 0
33326 19 29 30 0
33327 19 30 30 962
33328 19 31 30 962
33329 19 32 30 0
33330 20 0 30 0
33331 20 1 30 0
33332 20 2 30 0
33333 20 3 30 0
33334 20 4 30 0
33335 20 5 30 0
33336 20 6 30 0
33337 20 7 30 0
33338 20 8 30 0
33339 20 9 30 0
33340 20 10 30 0
33341 20 11 30 0
33342 20 12 30 798
33343 20 13 30 0
33344 20 14 30 0
33345 20 15 30 989
33346 20 16 30 0
33347 20 17 30 0
33348 20 18 30 0
33349 20 19 30 0
33350 20 20 30 0
33351 20 21 30 0
33352 20 22 30 0
33353 20 23 30 0
33354 20 24 30 0
33355 20 25 30 0
33356 20 26 30 0
33357 20 27 30 1005
33358 20 28 30 1005
33359 20 29 30 0
33360 20 30 30 0
33361 20 31 30 0
33362 20 32 30 0
33363 21 0 30 0
33364 21 1 30 0
33365 21 2 30 1014
33366 21 3 30 0
33367 21 4 30 0
33368 21 5 30 0
33369 21 6 30 0
33370 21 7 30 0
33371 21 8 30 982
33372 21 9 30 982
33373 21 10 30 0
33374 21 11 30 0
33375 21 12 30 0
33376 21 13 30 1030
33377 21 14 30 0
33378 21 15 30 0
33379 21 16 30 0
33380 21 17 30 0
33381 21 18 30 0
33382 21 19 30 0
33383 21 20 30 1043
33384 21 21 30 0
33385 21 22 30 0
33386 21 23 30 0
33387 21 24 30 0
33388 21 25 30 0
33389 21 26 30 0
33390 21 27 30 1005
33391 21 28 30 1005
33392 21 29 30 0
33393 21 30 30 0
33394 21 31 30 0
33395 21 32 30 0
33396 22 0 30 0
33397 22 1 30 0
33398 22 2 30 0
33399 22 3 30 0
33400 22 4 30 0
33401 22 5 30 0
33402 22 6 30 0
33403 22 7 30 0
33404 22 8 30 0
33405 22 9 30 982
33406 22 10 30 0
33407 22 11 30 0
33408 22 12 30 1030
33409 22 13 30 1030
33410 22 14 30 0
33411 22 15 30 0
33412 22 16 30 0
33413 22 17 30 0
33414 22 18 30 0
33415 22 19 30 0
33416 22 20 30 0
33417 22 21 30 0
33418 22 22 30 0
33419 22 23 30 0
33420 22 24 30 0
33421 22 25 30 0
33422 22 26 30 0
33423 22 27 30 1005
33424 22 28 30 1005
33425 22 29 30 0
33426 22 30 30 0
33427 22 31 30 1097
33428 22 32 30 0
33429 23 0 30 0
33430 23 1 30 0
33431 23 2 30 1105
33432 23 3 30 1105
33433 23 4 30 0
33434 23 5 30 0
33435 23 6 30 0
33436 23 7 30 0
33437 23 8 30 0
33438 23 9 30 982
33439 23 10 30 0
33440 23 11 30 0
33441 23 12 30 1030
33442 23 13 30 0
33443 23 14 30 1121
33444 23 15 30 0
33445 23 16 30 0
33446 23 17 30 0
33447 23 18 30 0
33448 23 19 30 0
33449 23 20 30 0
33450 23 21 30 0
33451 23 22 30 0
33452 23 23 30 0
33453 23 24 30 0
33454 23 25 30 0
33455 23 26 30 0
33456 23 27 30 0
33457 23 28 30 0
33458 23 29 30 0
33459 23 30 30 0
33460 23 31 30 1097
33461 23 32 30 1097
33462 24 0 30 0
33463 24 1 30 0
33464 24 2 30 1105
33465 24 3 30 1105
33466 24 4 30 0
33467 24 5 30 0
33468 24 6 30 0
33469 24 7 30 0
33470 24 8 30 0
33471 24 9 30 0
33472 24 10 30 30
33473 24 11 30 0
33474 24 12 30 1030
33475 24 13 30 0
33476 24 14 30 0
33477 24 15 30 0
33478 24 16 30 0
33479 24 17 30 0
33480 24 18 30 1040
33481 24 19 30 1040
33482 24 20 30 1040
33483 24 21 30 0
33484 24 22 30 1179
33485 24 23 30 0
33486 24 24 30 0
33487 24 25 30 0
33488 24 26 30 0
33489 24 27 30 0
33490 24 28 30 0
33491 24 29 30 0
33492 24 30 30 1097
33493 24 31 30 1097
33494 24 32 30 1097
33495 25 0 30 0
33496 25 1 30 0
33497 25 2 30 1105
33498 25 3 30 0
33499 25 4 30 0
33500 25 5 30 0
33501 25 6 30 0
33502 25 7 30 0
33503 25 8 30 0
33504 25 9 30 0
33505 25 10 30 30
33506 25 11 30 0
33507 25 12 30 0
33508 25 13 30 0
33509 25 14 30 0
33510 25 15 30 0
33511 25 16 30 0
33512 25 17 30 0
33513 25 18 30 1040
33514 25 19 30 1040
33515 25 20 30 0
33516 25 21 30 1176
33517 25 22 30 1176
33518 25 23 30 0
33519 25 24 30 0
33520 25 25 30 0
33521 25 26 30 0
33522 25 27 30 0
33523 25 28 30 0
33524 25 29 30 0
33525 25 30 30 0
33526 25 31 30 1097
33527 25 32 30 1097
33528 26 0 30 0
33529 26 1 30 0
33530 26 2 30 1267
33531 26 3 30 0
33532 26 4 30 0
33533 26 5 30 0
33534 26 6 30 0
33535 26 7 30 0
33536 26 8 30 0
33537 26 9 30 30
33538 26 10 30 30
33539 26 11 30 30
33540 26 12 30 30
33541 26 13 30 0
33542 26 14 30 0
33543 26 15 30 0
33544 26 16 30 0
33545 26 17 30 0
33546 26 18 30 0
33547 26 19 30 0
33548 26 20 30 0
33549 26 21 30 0
33550 26 22 30 0
33551 26 23 30 1294
33552 26 24 30 0
33553 26 25 30 0
33554 26 26 30 0
33555 26 27 30 0
33556 26 28 30 0
33557 26 29 30 0
33558 26 30 30 0
33559 26 31 30 0
33560 26 32 30 0
33561 27 0 30 0
33562 27 1 30 0
33563 27 2 30 0
33564 27 3 30 0
33565 27 4 30 0
33566 27 5 30 0
33567 27 6 30 0
33568 27 7 30 0
33569 27 8 30 30
33570 27 9 30 30
33571 27 10 30 30
33572 27 11 30 30
33573 27 12 30 0
33574 27 13 30 0
33575 27 14 30 0
33576 27 15 30 0
33577 27 16 30 0
33578 27 17 30 0
33579 27 18 30 0
33580 27 19 30 0
33581 27 20 30 1340
33582 27 21 30 0
33583 27 22 30 0
33584 27 23 30 0
33585 27 24 30 0
33586 27 25 30 0
33587 27 26 30 0
33588 27 27 30 0
33589 27 28 30 0
33590 27 29 30 0
33591 27 30 30 0
33592 27 31 30 0
33593 27 32 30 0
33594 28 0 30 0
33595 28 1 30 0
33596 28 2 30 0
33597 28 3 30 0
33598 28 4 30 1368
33599 28 5 30 1368
33600 28 6 30 0
33601 28 7 30 30
33602 28 8 30 30
33603 28 9 30 30
33604 28 10 30 30
33605 28 11 30 30
33606 28 12 30 30
33607 28 13 30 0
33608 28 14 30 0
33609 28 15 30 0
33610 28 16 30 0
33611 28 17 30 0
33612 28 18 30 0
33613 28 19 30 1388
33614 28 20 30 0
33615 28 21 30 0
33616 28 22 30 0
33617 28 23 30 0
33618 28 24 30 0
33619 28 25 30 0
33620 28 26 30 0
33621 28 27 30 0
33622 28 28 30 1299
33623 28 29 30 0
33624 28 30 30 0
33625 28 31 30 0
33626 28 32 30 0
33627 29 0 30 1403
33628 29 1 30 1403
33629 29 2 30 1403
33630 29 3 30 0
33631 29 4 30 0
33632 29 5 30 0
33633 29 6 30 0
33634 29 7 30 0
33635 29 8 30 30
33636 29 9 30 0
33637 29 10 30 30
33638 29 11 30 30
33639 29 12 30 30
33640 29 13 30 0
33641 29 14 30 0
33642 29 15 30 0
33643 29 16 30 0
33644 29 17 30 0
33645 29 18 30 0
33646 29 19 30 0
33647 29 20 30 0
33648 29 21 30 0
33649 29 22 30 0
33650 29 23 30 0
33651 29 24 30 0
33652 29 25 30 0
33653 29 26 30 0
33654 29 27 30 0
33655 29 28 30 0
33656 29 29 30 0
33657 29 30 30 0
33658 29 31 30 0
33659 29 32 30 0
33660 30 0 30 0
33661 30 1 30 0
33662 30 2 30 1403
33663 30 3 30 1403
33664 30 4 30 1403
33665 30 5 30 0
33666 30 6 30 0
33667 30 7 30 0
33668 30 8 30 0
33669 30 9 30 1465
33670 30 10 30 0
33671 30 11 30 0
33672 30 12 30 30
33673 30 13 30 0
33674 30 14 30 0
33675 30 15 30 0
33676 30 16 30 0
33677 30 17 30 0
33678 30 18 30 0
33679 30 19 30 0
33680 30 20 30 0
33681 30 21 30 1476
33682 30 22 30 0
33683 30 23 30 0
33684 30 24 30 0
33685 30 25 30 0
33686 30 26 30 0
33687 30 27 30 0
33688 30 28 30 0
33689 30 29 30 0
33690 30 30 30 0
33691 30 31 30 0
33692 30 32 30 0
33693 31 0 30 0
33694 31 1 30 0
33695 31 2 30 1403
33696 31 3 30 1403
33697 31 4 30 1403
33698 31 5 30 0
33699 31 6 30 0
33700 31 7 30 0
33701 31 8 30 0
33702 31 9 30 0
33703 31 10 30 0
33704 31 11 30 0
33705 31 12 30 30
33706 31 13 30 30
33707 31 14 30 0
33708 31 15 30 0
33709 31 16 30 0
33710 31 17 30 0
33711 31 18 30 0
33712 31 19 30 0
33713 31 20 30 0
33714 31 21 30 0
33715 31 22 30 0
33716 31 23 30 56
33717 31 24 30 56
33718 31 25 30 56
33719 31 26 30 0
33720 31 27 30 0
33721 31 28 30 0
33722 31 29 30 0
33723 31 30 30 0
33724 31 31 30 0
33725 31 32 30 0
33726 32 0 30 0
33727 32 1 30 0
33728 32 2 30 1403
33729 32 3 30 0
33730 32 4 30 1403
33731 32 5 30 0
33732 32 6 30 15
33733 32 7 30 15
33734 32 8 30 15
33735 32 9 30 0
33736 32 10 30 0
33737 32 11 30 0
33738 32 12 30 0
33739 32 13 30 30
33740 32 14 30 30
33741 32 15 30 0
33742 32 16 30 0
33743 32 17 30 0
33744 32 18 30 0
33745 32 19 30 0
33746 32 20 30 0
33747 32 21 30 0
33748 32 22 30 0
33749 32 23 30 56
33750 32 24 30 56
33751 32 25 30 56
33752 32 26 30 56
33753 32 27 30 0
33754 32 28 30 0
33755 32 29 30 0
33756 32 30 30 0
33757 32 31 30 1560
33758 32 32 30 0
33759 0 0 31 0
33760 0 1 31 0
33761 0 2 31 0
33762 0 3 31 0
33763 0 4 31 0
33764 0 5 31 0
33765 0 6 31 0
33766 0 7 31 15
33767 0 8 31 15
33768 0 9 31 0
33769 0 10 31 0
33770 0 11 31 0
33771 0 12 31 30
33772 0 13 31 30
33773 0 14 31 0
33774 0 15 31 0
33775 0 16 31 0
33776 0 17 31 0
33777 0 18 31 0
33778 0 19 31 0
33779 0 20 31 0
33780 0 21 31 0
33781 0 22 31 0
33782 0 23 31 56
33783 0 24 31 56
33784 0 25 31 56
33785 0 26 31 0
33786 0 27 31 0
33787 0 28 31 0
33788 0 29 31 0
33789 0 30 31 0
33790 0 31 31 0
33791 0 32 31 0
33792 1 0 31 6
33793 1 1 31 6
33794 1 2 31 0
33795 1 3 31 0
33796 1 4 31 0
33797 1 5 31 0
33798 1 6 31 0
33799 1 7 31 0
33800 1 8 31 0
33801 1 9 31 0
33802 1 10 31 0
33803 1 11 31 0
33804 1 12 31 0
33805 1 13 31 30
33806 1 14 31 0
33807 1 15 31 0
33808 1 16 31 0
33809 1 17 31 0
33810 1 18 31 0
33811 1 19 31 0
33812 1 20 31 0
33813 1 21 31 0
33814 1 22 31 0
33815 1 23 31 0
33816 1 24 31 0
33817 1 25 31 0
33818 1 26 31 0
33819 1 27 31 64
33820 1 28 31 0
33821 1 29 31 0
33822 1 30 31 0
33823 1 31 31 0
33824 1 32 31 0
33825 2 0 31 6
33826 2 1 31 6
33827 2 2 31 0
33828 2 3 31 0
33829 2 4 31 0
33830 2 5 31 0
33831 2 6 31 0
33832 2 7 31 0
33833 2 8 31 0
33834 2 9 31 0
33835 2 10 31 0
33836 2 11 31 0
33837 2 12 31 0
33838 2 13 31 0
33839 2 14 31 0
33840 2 15 31 0
33841 2 16 31 0
33842 2 17 31 0
33843 2 18 31 0
33844 2 19 31 0
33845 2 20 31 162
33846 2 21 31 0
33847 2 22 31 0
33848 2 23 31 0
33849 2 24 31 0
33850 2 25 31 0
33851 2 26 31 0
33852 2 27 31 64
33853 2 28 31 64
33854 2 29 31 0
33855 2 30 31 0
33856 2 31 31 0
33857 2 32 31 0
33858 3 0 31 0
33859 3 1 31 0
33860 3 2 31 0
33861 3 3 31 0
33862 3 4 31 182
33863 3 5 31 0
33864 3 6 31 183
33865 3 7 31 0
33866 3 8 31 0
33867 3 9 31 0
33868 3 10 31 0
33869 3 11 31 0
33870 3 12 31 0
33871 3 13 31 0
33872 3 14 31 189
33873 3 15 31 189
33874 3 16 31 0
33875 3 17 31 0
33876 3 18 31 0
33877 3 19 31 0
33878 3 20 31 0
33879 3 21 31 0
33880 3 22 31 0
33881 3 23 31 0
33882 3 24 31 0
33883 3 25 31 0
33884 3 26 31 0
33885 3 27 31 0
33886 3 28 31 0
33887 3 29 31 0
33888 3 30 31 0
33889 3 31 31 0
33890 3 32 31 0
33891 4 0 31 0
33892 4 1 31 0
33893 4 2 31 0
33894 4 3 31 0
33895 4 4 31 224
33896 4 5 31 0
33897 4 6 31 225
33898 4 7 31 225
33899 4 8 31 0
33900 4 9 31 149
33901 4 10 31 0
33902 4 11 31 0
33903 4 12 31 0
33904 4 13 31 189
33905 4 14 31 189
33906 4 15 31 189
33907 4 16 31 0
33908 4 17 31 0
33909 4 18 31 0
33910 4 19 31 251
33911 4 20 31 0
33912 4 21 31 0
33913 4 22 31 0
33914 4 23 31 0
33915 4 24 31 0
33916 4 25 31 0
33917 4 26 31 0
33918 4 27 31 0
33919 4 28 31 0
33920 4 29 31 0
33921 4 30 31 0
33922 4 31 31 0
33923 4 32 31 0
33924 5 0 31 265
33925 5 1 31 0
33926 5 2 31 0
33927 5 3 31 0
33928 5 4 31 0
33929 5 5 31 0
33930 5 6 31 225
33931 5 7 31 225
33932 5 8 31 0
33933 5 9 31 149
33934 5 10 31 0
33935 5 11 31 0
33936 5 12 31 0
33937 5 13 31 0
33938 5 14 31 189
33939 5 15 31 189
33940 5 16 31 0
33941 5 17 31 0
33942 5 18 31 0
33943 5 19 31 0
33944 5 20 31 0
33945 5 21 31 0
33946 5 22 31 0
33947 5 23 31 0
33948 5 24 31 0
33949 5 25 31 0
33950 5 26 31 206
33951 5 27 31 206
33952 5 28 31 206
33953 5 29 31 0
33954 5 30 31 0
33955 5 31 31 0
33956 5 32 31 265
33957 6 0 31 0
33958 6 1 31 0
33959 6 2 31 0
33960 6 3 31 0
33961 6 4 31 0
33962 6 5 31 225
33963 6 6 31 225
33964 6 7 31 225
33965 6 8 31 0
33966 6 9 31 0
33967 6 10 31 0
33968 6 11 31 0
33969 6 12 31 0
33970 6 13 31 189
33971 6 14 31 189
33972 6 15 31 0
33973 6 16 31 0
33974 6 17 31 0
33975 6 18 31 0
33976 6 19 31 0
33977 6 20 31 0
33978 6 21 31 0
33979 6 22 31 0
33980 6 23 31 0
33981 6 24 31 0
33982 6 25 31 0
33983 6 26 31 206
33984 6 27 31 206
33985 6 28 31 0
33986 6 29 31 0
33987 6 30 31 0
33988 6 31 31 0
33989 6 32 31 0
33990 7 0 31 0
33991 7 1 31 0
33992 7 2 31 0
33993 7 3 31 0
33994 7 4 31 0
33995 7 5 31 0
33996 7 6 31 356
33997 7 7 31 0
33998 7 8 31 0
33999 7 9 31 0
34000 7 10 31 0
34001 7 11 31 0
34002 7 12 31 0
34003 7 13 31 189
34004 7 14 31 189
34005 7 15 31 189
34006 7 16 31 0
34007 7 17 31 0
34008 7 18 31 0
34009 7 19 31 0
34010 7 20 31 0
34011 7 21 31 0
34012 7 22 31 0
34013 7 23 31 0
34014 7 24 31 206
34015 7 25 31 206
34016 7 26 31 0
34017 7 27 31 206
34018 7 28 31 0
34019 7 29 31 0
34020 7 30 31 0
34021 7 31 31 0
34022 7 32 31 0
34023 8 0 31 0
34024 8 1 31 0
34025 8 2 31 0
34026 8 3 31 0
34027 8 4 31 0
34028 8 5 31 0
34029 8 6 31 0
34030 8 7 31 0
34031 8 8 31 399
34032 8 9 31 0
34033 8 10 31 0
34034 8 11 31 0
34035 8 12 31 0
34036 8 13 31 0
34037 8 14 31 0
34038 8 15 31 0
34039 8 16 31 0
34040 8 17 31 0
34041 8 18 31 420
34042 8 19 31 420
34043 8 20 31 0
34044 8 21 31 0
34045 8 22 31 0
34046 8 23 31 0
34047 8 24 31 0
34048 8 25 31 0
34049 8 26 31 0
34050 8 27 31 0
34051 8 28 31 0
34052 8 29 31 0
34053 8 30 31 0
34054 8 31 31 0
34055 8 32 31 0
34056 9 0 31 0
34057 9 1 31 0
34058 9 2 31 0
34059 9 3 31 0
34060 9 4 31 444
34061 9 5 31 0
34062 9 6 31 0
34063 9 7 31 0
34064 9 8 31 402
34065 9 9 31 448
34066 9 10 31 0
34067 9 11 31 0
34068 9 12 31 0
34069 9 13 31 0
34070 9 14 31 0
34071 9 15 31 0
34072 9 16 31 0
34073 9 17 31 0
34074 9 18 31 420
34075 9 19 31 0
34076 9 20 31 0
34077 9 21 31 0
34078 9 22 31 0
34079 9 23 31 0
34080 9 24 31 0
34081 9 25 31 0
34082 9 26 31 0
34083 9 27 31 432
34084 9 28 31 432
34085 9 29 31 432
34086 9 30 31 0
34087 9 31 31 0
34088 9 32 31 0
34089 10 0 31 0
34090 10 1 31 0
34091 10 2 31 0
34092 10 3 31 489
34093 10 4 31 0
34094 10 5 31 0
34095 10 6 31 0
34096 10 7 31 0
34097 10 8 31 402
34098 10 9 31 402
34099 10 10 31 402
34100 10 11 31 0
34101 10 12 31 0
34102 10 13 31 0
34103 10 14 31 0
34104 10 15 31 0
34105 10 16 31 0
34106 10 17 31 0
34107 10 18 31 0
34108 10 19 31 0
34109 10 20 31 0
34110 10 21 31 468
34111 10 22 31 468
34112 10 23 31 0
34113 10 24 31 0
34114 10 25 31 517
34115 10 26 31 0
34116 10 27 31 0
34117 10 28 31 432
34118 10 29 31 0
34119 10 30 31 0
34120 10 31 31 533
34121 10 32 31 0
34122 11 0 31 539
34123 11 1 31 0
34124 11 2 31 0
34125 11 3 31 0
34126 11 4 31 0
34127 11 5 31 546
34128 11 6 31 0
34129 11 7 31 0
34130 11 8 31 0
34131 11 9 31 0
34132 11 10 31 0
34133 11 11 31 0
34134 11 12 31 0
34135 11 13 31 0
34136 11 14 31 0
34137 11 15 31 0
34138 11 16 31 0
34139 11 17 31 0
34140 11 18 31 0
34141 11 19 31 0
34142 11 20 31 0
34143 11 21 31 468
34144 11 22 31 468
34145 11 23 31 468
34146 11 24 31 0
34147 11 25 31 573
34148 11 26 31 0
34149 11 27 31 0
34150 11 28 31 0
34151 11 29 31 0
34152 11 30 31 0
34153 11 31 31 533
34154 11 32 31 539
34155 12 0 31 539
34156 12 1 31 0
34157 12 2 31 0
34158 12 3 31 0
34159 12 4 31 0
34160 12 5 31 0
34161 12 6 31 0
34162 12 7 31 0
34163 12 8 31 0
34164 12 9 31 0
34165 12 10 31 0
34166 12 11 31 0
34167 12 12 31 0
34168 12 13 31 0
34169 12 14 31 0
34170 12 15 31 0
34171 12 16 31 558
34172 12 17 31 0
34173 12 18 31 0
34174 12 19 31 0
34175 12 20 31 0
34176 12 21 31 468
34177 12 22 31 468
34178 12 23 31 0
34179 12 24 31 0
34180 12 25 31 0
34181 12 26 31 615
34182 12 27 31 615
34183 12 28 31 0
34184 12 29 31 0
34185 12 30 31 0
34186 12 31 31 0
34187 12 32 31 0
34188 13 0 31 0
34189 13 1 31 0
34190 13 2 31 0
34191 13 3 31 0
34192 13 4 31 0
34193 13 5 31 638
34194 13 6 31 0
34195 13 7 31 0
34196 13 8 31 0
34197 13 9 31 0
34198 13 10 31 0
34199 13 11 31 0
34200 13 12 31 0
34201 13 13 31 0
34202 13 14 31 0
34203 13 15 31 0
34204 13 16 31 558
34205 13 17 31 558
34206 13 18 31 0
34207 13 19 31 0
34208 13 20 31 0
34209 13 21 31 468
34210 13 22 31 468
34211 13 23 31 468
34212 13 24 31 0
34213 13 25 31 0
34214 13 26 31 615
34215 13 27 31 0
34216 13 28 31 0
34217 13 29 31 623
34218 13 30 31 0
34219 13 31 31 0
34220 13 32 31 0
34221 14 0 31 0
34222 14 1 31 0
34223 14 2 31 0
34224 14 3 31 0
34225 14 4 31 671
34226 14 5 31 0
34227 14 6 31 0
34228 14 7 31 0
34229 14 8 31 0
34230 14 9 31 0
34231 14 10 31 0
34232 14 11 31 687
34233 14 12 31 0
34234 14 13 31 0
34235 14 14 31 0
34236 14 15 31 0
34237 14 16 31 558
34238 14 17 31 0
34239 14 18 31 0
34240 14 19 31 0
34241 14 20 31 702
34242 14 21 31 0
34243 14 22 31 468
34244 14 23 31 468
34245 14 24 31 0
34246 14 25 31 0
34247 14 26 31 0
34248 14 27 31 0
34249 14 28 31 0
34250 14 29 31 623
34251 14 30 31 623
34252 14 31 31 0
34253 14 32 31 0
34254 15 0 31 0
34255 15 1 31 0
34256 15 2 31 0
34257 15 3 31 0
34258 15 4 31 0
34259 15 5 31 0
34260 15 6 31 0
34261 15 7 31 0
34262 15 8 31 0
34263 15 9 31 0
34264 15 10 31 0
34265 15 11 31 0
34266 15 12 31 0
34267 15 13 31 0
34268 15 14 31 0
34269 15 15 31 0
34270 15 16 31 0
34271 15 17 31 0
34272 15 18 31 0
34273 15 19 31 0
34274 15 20 31 0
34275 15 21 31 0
34276 15 22 31 0
34277 15 23 31 0
34278 15 24 31 0
34279 15 25 31 0
34280 15 26 31 0
34281 15 27 31 0
34282 15 28 31 0
34283 15 29 31 623
34284 15 30 31 0
34285 15 31 31 0
34286 15 32 31 0
34287 16 0 31 0
34288 16 1 31 0
34289 16 2 31 0
34290 16 3 31 777
34291 16 4 31 0
34292 16 5 31 0
34293 16 6 31 0
34294 16 7 31 0
34295 16 8 31 0
34296 16 9 31 0
34297 16 10 31 640
34298 16 11 31 0
34299 16 12 31 0
34300 16 13 31 0
34301 16 14 31 0
34302 16 15 31 798
34303 16 16 31 0
34304 16 17 31 0
34305 16 18 31 0
34306 16 19 31 0
34307 16 20 31 0
34308 16 21 31 0
34309 16 22 31 809
34310 16 23 31 0
34311 16 24 31 0
34312 16 25 31 0
34313 16 26 31 821
34314 16 27 31 0
34315 16 28 31 0
34316 16 29 31 0
34317 16 30 31 0
34318 16 31 31 0
34319 16 32 31 0
34320 17 0 31 775
34321 17 1 31 0
34322 17 2 31 0
34323 17 3 31 0
34324 17 4 31 0
34325 17 5 31 0
34326 17 6 31 0
34327 17 7 31 0
34328 17 8 31 0
34329 17 9 31 0
34330 17 10 31 0
34331 17 11 31 0
34332 17 12 31 0
34333 17 13 31 798
34334 17 14 31 798
34335 17 15 31 798
34336 17 16 31 0
34337 17 17 31 0
34338 17 18 31 0
34339 17 19 31 0
34340 17 20 31 0
34341 17 21 31 0
34342 17 22 31 0
34343 17 23 31 0
34344 17 24 31 0
34345 17 25 31 0
34346 17 26 31 821
34347 17 27 31 0
34348 17 28 31 0
34349 17 29 31 0
34350 17 30 31 870
34351 17 31 31 0
34352 17 32 31 0
34353 18 0 31 0
34354 18 1 31 0
34355 18 2 31 0
34356 18 3 31 0
34357 18 4 31 0
34358 18 5 31 0
34359 18 6 31 880
34360 18 7 31 782
34361 18 8 31 0
34362 18 9 31 0
34363 18 10 31 0
34364 18 11 31 0
34365 18 12 31 798
34366 18 13 31 798
34367 18 14 31 798
34368 18 15 31 798
34369 18 16 31 0
34370 18 17 31 0
34371 18 18 31 0
34372 18 19 31 0
34373 18 20 31 0
34374 18 21 31 0
34375 18 22 31 0
34376 18 23 31 0
34377 18 24 31 0
34378 18 25 31 0
34379 18 26 31 0
34380 18 27 31 907
34381 18 28 31 0
34382 18 29 31 0
34383 18 30 31 0
34384 18 31 31 0
34385 18 32 31 0
34386 19 0 31 915
34387 19 1 31 0
34388 19 2 31 0
34389 19 3 31 0
34390 19 4 31 0
34391 19 5 31 0
34392 19 6 31 0
34393 19 7 31 0
34394 19 8 31 0
34395 19 9 31 0
34396 19 10 31 0
34397 19 11 31 0
34398 19 12 31 798
34399 19 13 31 798
34400 19 14 31 798
34401 19 15 31 798
34402 19 16 31 0
34403 19 17 31 0
34404 19 18 31 0
34405 19 19 31 0
34406 19 20 31 0
34407 19 21 31 0
34408 19 22 31 0
34409 19 23 31 0
34410 19 24 31 0
34411 19 25 31 0
34412 19 26 31 0
34413 19 27 31 0
34414 19 28 31 0
34415 19 29 31 0
34416 19 30 31 0
34417 19 31 31 0
34418 19 32 31 0
34419 20 0 31 0
34420 20 1 31 0
34421 20 2 31 0
34422 20 3 31 0
34423 20 4 31 0
34424 20 5 31 0
34425 20 6 31 0
34426 20 7 31 0
34427 20 8 31 0
34428 20 9 31 982
34429 20 10 31 0
34430 20 11 31 0
34431 20 12 31 798
34432 20 13 31 0
34433 20 14 31 0
34434 20 15 31 0
34435 20 16 31 0
34436 20 17 31 0
34437 20 18 31 0
34438 20 19 31 0
34439 20 20 31 0
34440 20 21 31 0
34441 20 22 31 0
34442 20 23 31 947
34443 20 24 31 947
34444 20 25 31 0
34445 20 26 31 0
34446 20 27 31 0
34447 20 28 31 0
34448 20 29 31 0
34449 20 30 31 0
34450 20 31 31 1010
34451 20 32 31 1010
34452 21 0 31 0
34453 21 1 31 0
34454 21 2 31 0
34455 21 3 31 0
34456 21 4 31 0
34457 21 5 31 0
34458 21 6 31 1021
34459 21 7 31 0
34460 21 8 31 982
34461 21 9 31 982
34462 21 10 31 0
34463 21 11 31 0
34464 21 12 31 0
34465 21 13 31 0
34466 21 14 31 0
34467 21 15 31 0
34468 21 16 31 0
34469 21 17 31 0
34470 21 18 31 0
34471 21 19 31 1040
34472 21 20 31 0
34473 21 21 31 0
34474 21 22 31 0
34475 21 23 31 947
34476 21 24 31 0
34477 21 25 31 0
34478 21 26 31 0
34479 21 27 31 0
34480 21 28 31 0
34481 21 29 31 0
34482 21 30 31 0
34483 21 31 31 0
34484 21 32 31 0
34485 22 0 31 0
34486 22 1 31 0
34487 22 2 31 0
34488 22 3 31 0
34489 22 4 31 0
34490 22 5 31 0
34491 22 6 31 0
34492 22 7 31 982
34493 22 8 31 982
34494 22 9 31 982
34495 22 10 31 982
34496 22 11 31 0
34497 22 12 31 0
34498 22 13 31 0
34499 22 14 31 1077
34500 22 15 31 0
34501 22 16 31 0
34502 22 17 31 0
34503 22 18 31 0
34504 22 19 31 1040
34505 22 20 31 0
34506 22 21 31 0
34507 22 22 31 0
34508 22 23 31 0
34509 22 24 31 0
34510 22 25 31 0
34511 22 26 31 0
34512 22 27 31 1005
34513 22 28 31 0
34514 22 29 31 0
34515 22 30 31 1095
34516 22 31 31 1097
34517 22 32 31 0
34518 23 0 31 0
34519 23 1 31 0
34520 23 2 31 1105
34521 23 3 31 1105
34522 23 4 31 0
34523 23 5 31 1110
34524 23 6 31 0
34525 23 7 31 0
34526 23 8 31 0
34527 23 9 31 982
34528 23 10 31 0
34529 23 11 31 0
34530 23 12 31 1119
34531 23 13 31 0
34532 23 14 31 0
34533 23 15 31 0
34534 23 16 31 0
34535 23 17 31 0
34536 23 18 31 0
34537 23 19 31 0
34538 23 20 31 0
34539 23 21 31 0
34540 23 22 31 0
34541 23 23 31 0
34542 23 24 31 0
34543 23 25 31 0
34544 23 26 31 0
34545 23 27 31 0
34546 23 28 31 0
34547 23 29 31 0
34548 23 30 31 0
34549 23 31 31 0
34550 23 32 31 0
34551 24 0 31 0
34552 24 1 31 1105
34553 24 2 31 1105
34554 24 3 31 0
34555 24 4 31 0
34556 24 5 31 0
34557 24 6 31 0
34558 24 7 31 0
34559 24 8 31 0
34560 24 9 31 0
34561 24 10 31 0
34562 24 11 31 0
34563 24 12 31 0
34564 24 13 31 0
34565 24 14 31 0
34566 24 15 31 0
34567 24 16 31 0
34568 24 17 31 0
34569 24 18 31 1040
34570 24 19 31 1040
34571 24 20 31 1040
34572 24 21 31 0
34573 24 22 31 0
34574 24 23 31 0
34575 24 24 31 0
34576 24 25 31 0
34577 24 26 31 0
34578 24 27 31 0
34579 24 28 31 0
34580 24 29 31 0
34581 24 30 31 0
34582 24 31 31 0
34583 24 32 31 1097
34584 25 0 31 0
34585 25 1 31 1195
34586 25 2 31 0
34587 25 3 31 0
34588 25 4 31 0
34589 25 5 31 0
34590 25 6 31 1207
34591 25 7 31 0
34592 25 8 31 0
34593 25 9 31 0
34594 25 10 31 0
34595 25 11 31 0
34596 25 12 31 0
34597 25 13 31 0
34598 25 14 31 0
34599 25 15 31 0
34600 25 16 31 0
34601 25 17 31 0
34602 25 18 31 1040
34603 25 19 31 1040
34604 25 20 31 1040
34605 25 21 31 0
34606 25 22 31 0
34607 25 23 31 0
34608 25 24 31 0
34609 25 25 31 0
34610 25 26 31 0
34611 25 27 31 0
34612 25 28 31 0
34613 25 29 31 0
34614 25 30 31 0
34615 25 31 31 1097
34616 25 32 31 1097
34617 26 0 31 0
34618 26 1 31 0
34619 26 2 31 0
34620 26 3 31 0
34621 26 4 31 0
34622 26 5 31 1272
34623 26 6 31 0
34624 26 7 31 0
34625 26 8 31 0
34626 26 9 31 30
34627 26 10 31 30
34628 26 11 31 0
34629 26 12 31 0
34630 26 13 31 0
34631 26 14 31 0
34632 26 15 31 0
34633 26 16 31 0
34634 26 17 31 0
34635 26 18 31 0
34636 26 19 31 1040
34637 26 20 31 0
34638 26 21 31 0
34639 26 22 31 0
34640 26 23 31 0
34641 26 24 31 0
34642 26 25 31 0
34643 26 26 31 0
34644 26 27 31 0
34645 26 28 31 1299
34646 26 29 31 1301
34647 26 30 31 0
34648 26 31 31 0
34649 26 32 31 0
34650 27 0 31 0
34651 27 1 31 0
34652 27 2 31 0
34653 27 3 31 1313
34654 27 4 31 0
34655 27 5 31 0
34656 27 6 31 0
34657 27 7 31 0
34658 27 8 31 0
34659 27 9 31 30
34660 27 10 31 30
34661 27 11 31 0
34662 27 12 31 0
34663 27 13 31 0
34664 27 14 31 0
34665 27 15 31 0
34666 27 16 31 0
34667 27 17 31 0
34668 27 18 31 0
34669 27 19 31 0
34670 27 20 31 0
34671 27 21 31 0
34672 27 22 31 0
34673 27 23 31 1347
34674 27 24 31 1347
34675 27 25 31 1351
34676 27 26 31 0
34677 27 27 31 0
34678 27 28 31 1299
34679 27 29 31 0
34680 27 30 31 0
34681 27 31 31 0
34682 27 32 31 0
34683 28 0 31 0
34684 28 1 31 0
34685 28 2 31 0
34686 28 3 31 0
34687 28 4 31 0
34688 28 5 31 0
34689 28 6 31 0
34690 28 7 31 0
34691 28 8 31 0
34692 28 9 31 30
34693 28 10 31 30
34694 28 11 31 30
34695 28 12 31 30
34696 28 13 31 0
34697 28 14 31 0
34698 28 15 31 0
34699 28 16 31 0
34700 28 17 31 0
34701 28 18 31 0
34702 28 19 31 0
34703 28 20 31 0
34704 28 21 31 0
34705 28 22 31 0
34706 28 23 31 0
34707 28 24 31 0
34708 28 25 31 0
34709 28 26 31 0
34710 28 27 31 1299
34711 28 28 31 1299
34712 28 29 31 0
34713 28 30 31 0
34714 28 31 31 0
34715 28 32 31 0
34716 29 0 31 0
34717 29 1 31 0
34718 29 2 31 1403
34719 29 3 31 1403
34720 29 4 31 0
34721 29 5 31 0
34722 29 6 31 1412
34723 29 7 31 1412
34724 29 8 31 1416
34725 29 9 31 30
34726 29 10 31 30
34727 29 11 31 30
34728 29 12 31 0
34729 29 13 31 1380
34730 29 14 31 1380
34731 29 15 31 0
34732 29 16 31 0
34733 29 17 31 0
34734 29 18 31 0
34735 29 19 31 0
34736 29 20 31 0
34737 29 21 31 0
34738 29 22 31 0
34739 29 23 31 0
34740 29 24 31 0
34741 29 25 31 0
34742 29 26 31 0
34743 29 27 31 0
34744 29 28 31 1299
34745 29 29 31 0
34746 29 30 31 0
34747 29 31 31 0
34748 29 32 31 0
34749 30 0 31 0
34750 30 1 31 1403
34751 30 2 31 1403
34752 30 3 31 1403
34753 30 4 31 1403
34754 30 5 31 0
34755 30 6 31 1459
34756 30 7 31 0
34757 30 8 31 1416
34758 30 9 31 1416
34759 30 10 31 0
34760 30 11 31 0
34761 30 12 31 0
34762 30 13 31 0
34763 30 14 31 1380
34764 30 15 31 0
34765 30 16 31 0
34766 30 17 31 0
34767 30 18 31 0
34768 30 19 31 0
34769 30 20 31 0
34770 30 21 31 0
34771 30 22 31 0
34772 30 23 31 0
34773 30 24 31 0
34774 30 25 31 0
34775 30 26 31 0
34776 30 27 31 0
34777 30 28 31 0
34778 30 29 31 0
34779 30 30 31 0
34780 30 31 31 0
34781 30 32 31 1489
34782 31 0 31 0
34783 31 1 31 1403
34784 31 2 31 1403
34785 31 3 31 1403
34786 31 4 31 1403
34787 31 5 31 0
34788 31 6 31 0
34789 31 7 31 0
34790 31 8 31 0
34791 31 9 31 0
34792 31 10 31 0
34793 31 11 31 1506
34794 31 12 31 0
34795 31 13 31 30
34796 31 14 31 0
34797 31 15 31 0
34798 31 16 31 0
34799 31 17 31 0
34800 31 18 31 0
34801 31 19 31 0
34802 31 20 31 0
34803 31 21 31 0
34804 31 22 31 0
34805 31 23 31 56
34806 31 24 31 56
34807 31 25 31 0
34808 31 26 31 0
34809 31 27 31 0
34810 31 28 31 0
34811 31 29 31 0
34812 31 30 31 0
34813 31 31 31 0
34814 31 32 31 0
34815 32 0 31 0
34816 32 1 31 1403
34817 32 2 31 1403
34818 32 3 31 1403
34819 32 4 31 0
34820 32 5 31 0
34821 32 6 31 15
34822 32 7 31 15
34823 32 8 31 15
34824 32 9 31 0
34825 32 10 31 0
34826 32 11 31 0
34827 32 12 31 30
34828 32 13 31 30
34829 32 14 31 30
34830 32 15 31 0
34831 32 16 31 1552
34832 32 17 31 0
34833 32 18 31 0
34834 32 19 31 0
34835 32 20 31 0
34836 32 21 31 0
34837 32 22 31 0
34838 32 23 31 56
34839 32 24 31 56
34840 32 25 31 0
34841 32 26 31 0
34842 32 27 31 0
34843 32 28 31 0
34844 32 29 31 0
34845 32 30 31 0
34846 32 31 31 0
34847 32 32 31 0
34848 0 0 32 0
34849 0 1 32 0
34850 0 2 32 0
34851 0 3 32 0
34852 0 4 32 0
34853 0 5 32 0
34854 0 6 32 0
34855 0 7 32 0
34856 0 8 32 0
34857 0 9 32 0
34858 0 10 32 0
34859 0 11 32 0
34860 0 12 32 30
34861 0 13 32 30
34862 0 14 32 0
34863 0 15 32 0
34864 0 16 32 0
34865 0 17 32 0
34866 0 18 32 0
34867 0 19 32 47
34868 0 20 32 0
34869 0 21 32 0
34870 0 22 32 0
34871 0 23 32 0
34872 0 24 32 0
34873 0 25 32 0
34874 0 26 32 0
34875 0 27 32 0
34876 0 28 32 64
34877 0 29 32 0
34878 0 30 32 0
34879 0 31 32 0
34880 0 32 32 75
34881 1 0 32 0
34882 1 1 32 0
34883 1 2 32 0
34884 1 3 32 0
34885 1 4 32 0
34886 1 5 32 0
34887 1 6 32 0
34888 1 7 32 0
34889 1 8 32 0
34890 1 9 32 0
34891 1 10 32 0
34892 1 11 32 0
34893 1 12 32 0
34894 1 13 32 0
34895 1 14 32 0
34896 1 15 32 0
34897 1 16 32 0
34898 1 17 32 0
34899 1 18 32 0
34900 1 19 32 0
34901 1 20 32 0
34902 1 21 32 108
34903 1 22 32 0
34904 1 23 32 0
34905 1 24 32 0
34906 1 25 32 0
34907 1 26 32 0
34908 1 27 32 64
34909 1 28 32 64
34910 1 29 32 0
34911 1 30 32 0
34912 1 31 32 0
34913 1 32 32 0
34914 2 0 32 0
34915 2 1 32 0
34916 2 2 32 0
34917 2 3 32 136
34918 2 4 32 0
34919 2 5 32 0
34920 2 6 32 0
34921 2 7 32 0
34922 2 8 32 0
34923 2 9 32 149
34924 2 10 32 149
34925 2 11 32 0
34926 2 12 32 0
34927 2 13 32 0
34928 2 14 32 0
34929 2 15 32 0
34930 2 16 32 0
34931 2 17 32 0
34932 2 18 32 0
34933 2 19 32 0
34934 2 20 32 0
34935 2 21 32 0
34936 2 22 32 0
34937 2 23 32 0
34938 2 24 32 0
34939 2 25 32 0
34940 2 26 32 0
34941 2 27 32 0
34942 2 28 32 0
34943 2 29 32 0
34944 2 30 32 0
34945 2 31 32 0
34946 2 32 32 0
34947 3 0 32 0
34948 3 1 32 0
34949 3 2 32 0
34950 3 3 32 0
34951 3 4 32 0
34952 3 5 32 0
34953 3 6 32 0
34954 3 7 32 0
34955 3 8 32 0
34956 3 9 32 149
34957 3 10 32 149
34958 3 11 32 149
34959 3 12 32 149
34960 3 13 32 0
34961 3 14 32 0
34962 3 15 32 189
34963 3 16 32 0
34964 3 17 32 0
34965 3 18 32 0
34966 3 19 32 0
34967 3 20 32 0
34968 3 21 32 0
34969 3 22 32 0
34970 3 23 32 0
34971 3 24 32 0
34972 3 25 32 0
34973 3 26 32 0
34974 3 27 32 206
34975 3 28 32 206
34976 3 29 32 0
34977 3 30 32 214
34978 3 31 32 0
34979 3 32 32 0
34980 4 0 32 0
34981 4 1 32 0
34982 4 2 32 0
34983 4 3 32 0
34984 4 4 32 0
34985 4 5 32 0
34986 4 6 32 0
34987 4 7 32 0
34988 4 8 32 0
34989 4 9 32 149
34990 4 10 32 0
34991 4 11 32 149
34992 4 12 32 0
34993 4 13 32 0
34994 4 14 32 0
34995 4 15 32 189
34996 4 16 32 0
34997 4 17 32 0
34998 4 18 32 0
34999 4 19 32 0
35000 4 20 32 0
35001 4 21 32 0
35002 4 22 32 0
35003 4 23 32 0
35004 4 24 32 0
35005 4 25 32 0
35006 4 26 32 0
35007 4 27 32 206
35008 4 28 32 206
35009 4 29 32 0
35010 4 30 32 0
35011 4 31 32 0
35012 4 32 32 0
35013 5 0 32 0
35014 5 1 32 0
35015 5 2 32 0
35016 5 3 32 0
35017 5 4 32 0
35018 5 5 32 0
35019 5 6 32 0
35020 5 7 32 225
35021 5 8 32 225
35022 5 9 32 0
35023 5 10 32 0
35024 5 11 32 0
35025 5 12 32 0
35026 5 13 32 0
35027 5 14 32 189
35028 5 15 32 0
35029 5 16 32 245
35030 5 17 32 245
35031 5 18 32 245
35032 5 19 32 0
35033 5 20 32 50
35034 5 21 32 50
35035 5 22 32 0
35036 5 23 32 0
35037 5 24 32 0
35038 5 25 32 0
35039 5 26 32 206
35040 5 27 32 206
35041 5 28 32 0
35042 5 29 32 206
35043 5 30 32 0
35044 5 31 32 0
35045 5 32 32 0
35046 6 0 32 310
35047 6 1 32 0
35048 6 2 32 0
35049 6 3 32 0
35050 6 4 32 0
35051 6 5 32 0
35052 6 6 32 225
35053 6 7 32 225
35054 6 8 32 225
35055 6 9 32 0
35056 6 10 32 0
35057 6 11 32 0
35058 6 12 32 0
35059 6 13 32 0
35060 6 14 32 189
35061 6 15 32 0
35062 6 16 32 245
35063 6 17 32 245
35064 6 18 32 245
35065 6 19 32 0
35066 6 20 32 0
35067 6 21 32 50
35068 6 22 32 0
35069 6 23 32 0
35070 6 24 32 0
35071 6 25 32 206
35072 6 26 32 206
35073 6 27 32 206
35074 6 28 32 0
35075 6 29 32 0
35076 6 30 32 0
35077 6 31 32 0
35078 6 32 32 0
35079 7 0 32 0
35080 7 1 32 0
35081 7 2 32 0
35082 7 3 32 0
35083 7 4 32 0
35084 7 5 32 0
35085 7 6 32 225
35086 7 7 32 225
35087 7 8 32 225
35088 7 9 32 0
35089 7 10 32 0
35090 7 11 32 0
35091 7 12 32 0
35092 7 13 32 0
35093 7 14 32 189
35094 7 15 32 0
35095 7 16 32 0
35096 7 17 32 0
35097 7 18 32 0
35098 7 19 32 0
35099 7 20 32 0
35100 7 21 32 50
35101 7 22 32 0
35102 7 23 32 0
35103 7 24 32 0
35104 7 25 32 206
35105 7 26 32 206
35106 7 27 32 206
35107 7 28 32 206
35108 7 29 32 0
35109 7 30 32 0
35110 7 31 32 0
35111 7 32 32 0
35112 8 0 32 0
35113 8 1 32 0
35114 8 2 32 0
35115 8 3 32 0
35116 8 4 32 0
35117 8 5 32 0
35118 8 6 32 0
35119 8 7 32 0
35120 8 8 32 0
35121 8 9 32 0
35122 8 10 32 0
35123 8 11 32 0
35124 8 12 32 0
35125 8 13 32 413
35126 8 14 32 0
35127 8 15 32 414
35128 8 16 32 418
35129 8 17 32 0
35130 8 18 32 0
35131 8 19 32 0
35132 8 20 32 0
35133 8 21 32 0
35134 8 22 32 0
35135 8 23 32 0
35136 8 24 32 0
35137 8 25 32 0
35138 8 26 32 206
35139 8 27 32 206
35140 8 28 32 0
35141 8 29 32 432
35142 8 30 32 0
35143 8 31 32 0
35144 8 32 32 0
35145 9 0 32 0
35146 9 1 32 0
35147 9 2 32 0
35148 9 3 32 0
35149 9 4 32 0
35150 9 5 32 0
35151 9 6 32 0
35152 9 7 32 0
35153 9 8 32 0
35154 9 9 32 0
35155 9 10 32 0
35156 9 11 32 0
35157 9 12 32 0
35158 9 13 32 0
35159 9 14 32 0
35160 9 15 32 0
35161 9 16 32 0
35162 9 17 32 0
35163 9 18 32 0
35164 9 19 32 0
35165 9 20 32 0
35166 9 21 32 0
35167 9 22 32 0
35168 9 23 32 0
35169 9 24 32 0
35170 9 25 32 0
35171 9 26 32 0
35172 9 27 32 0
35173 9 28 32 432
35174 9 29 32 432
35175 9 30 32 0
35176 9 31 32 0
35177 9 32 32 0
35178 10 0 32 0
35179 10 1 32 0
35180 10 2 32 0
35181 10 3 32 0
35182 10 4 32 0
35183 10 5 32 0
35184 10 6 32 0
35185 10 7 32 0
35186 10 8 32 0
35187 10 9 32 0
35188 10 10 32 0
35189 10 11 32 0
35190 10 12 32 499
35191 10 13 32 499
35192 10 14 32 0
35193 10 15 32 0
35194 10 16 32 0
35195 10 17 32 0
35196 10 18 32 0
35197 10 19 32 0
35198 10 20 32 0
35199 10 21 32 468
35200 10 22 32 468
35201 10 23 32 468
35202 10 24 32 0
35203 10 25 32 0
35204 10 26 32 0
35205 10 27 32 0
35206 10 28 32 432
35207 10 29 32 432
35208 10 30 32 432
35209 10 31 32 533
35210 10 32 32 0
35211 11 0 32 540
35212 11 1 32 0
35213 11 2 32 0
35214 11 3 32 0
35215 11 4 32 0
35216 11 5 32 0
35217 11 6 32 0
35218 11 7 32 0
35219 11 8 32 0
35220 11 9 32 0
35221 11 10 32 0
35222 11 11 32 554
35223 11 12 32 499
35224 11 13 32 499
35225 11 14 32 0
35226 11 15 32 558
35227 11 16 32 558
35228 11 17 32 0
35229 11 18 32 0
35230 11 19 32 0
35231 11 20 32 0
35232 11 21 32 468
35233 11 22 32 468
35234 11 23 32 468
35235 11 24 32 0
35236 11 25 32 0
35237 11 26 32 0
35238 11 27 32 0
35239 11 28 32 0
35240 11 29 32 0
35241 11 30 32 432
35242 11 31 32 0
35243 11 32 32 540
35244 12 0 32 0
35245 12 1 32 0
35246 12 2 32 589
35247 12 3 32 0
35248 12 4 32 0
35249 12 5 32 0
35250 12 6 32 0
35251 12 7 32 0
35252 12 8 32 0
35253 12 9 32 0
35254 12 10 32 0
35255 12 11 32 0
35256 12 12 32 0
35257 12 13 32 0
35258 12 14 32 0
35259 12 15 32 558
35260 12 16 32 558
35261 12 17 32 558
35262 12 18 32 0
35263 12 19 32 0
35264 12 20 32 0
35265 12 21 32 468
35266 12 22 32 468
35267 12 23 32 0
35268 12 24 32 0
35269 12 25 32 0
35270 12 26 32 0
35271 12 27 32 0
35272 12 28 32 0
35273 12 29 32 0
35274 12 30 32 0
35275 12 31 32 0
35276 12 32 32 540
35277 13 0 32 0
35278 13 1 32 0
35279 13 2 32 0
35280 13 3 32 0
35281 13 4 32 0
35282 13 5 32 0
35283 13 6 32 0
35284 13 7 32 0
35285 13 8 32 640
35286 13 9 32 640
35287 13 10 32 0
35288 13 11 32 0
35289 13 12 32 0
35290 13 13 32 0
35291 13 14 32 0
35292 13 15 32 0
35293 13 16 32 558
35294 13 17 32 558
35295 13 18 32 0
35296 13 19 32 0
35297 13 20 32 0
35298 13 21 32 468
35299 13 22 32 468
35300 13 23 32 468
35301 13 24 32 0
35302 13 25 32 656
35303 13 26 32 0
35304 13 27 32 0
35305 13 28 32 0
35306 13 29 32 0
35307 13 30 32 0
35308 13 31 32 0
35309 13 32 32 0
35310 14 0 32 0
35311 14 1 32 0
35312 14 2 32 0
35313 14 3 32 669
35314 14 4 32 0
35315 14 5 32 0
35316 14 6 32 0
35317 14 7 32 0
35318 14 8 32 640
35319 14 9 32 640
35320 14 10 32 640
35321 14 11 32 0
35322 14 12 32 0
35323 14 13 32 693
35324 14 14 32 0
35325 14 15 32 0
35326 14 16 32 0
35327 14 17 32 0
35328 14 18 32 0
35329 14 19 32 0
35330 14 20 32 0
35331 14 21 32 0
35332 14 22 32 0
35333 14 23 32 0
35334 14 24 32 0
35335 14 25 32 0
35336 14 26 32 0
35337 14 27 32 705
35338 14 28 32 0
35339 14 29 32 0
35340 14 30 32 0
35341 14 31 32 0
35342 14 32 32 0
35343 15 0 32 0
35344 15 1 32 631
35345 15 2 32 0
35346 15 3 32 726
35347 15 4 32 0
35348 15 5 32 0
35349 15 6 32 0
35350 15 7 32 0
35351 15 8 32 640
35352 15 9 32 640
35353 15 10 32 640
35354 15 11 32 0
35355 15 12 32 0
35356 15 13 32 0
35357 15 14 32 0
35358 15 15 32 744
35359 15 16 32 0
35360 15 17 32 0
35361 15 18 32 0
35362 15 19 32 0
35363 15 20 32 0
35364 15 21 32 0
35365 15 22 32 0
35366 15 23 32 0
35367 15 24 32 0
35368 15 25 32 705
35369 15 26 32 0
35370 15 27 32 0
35371 15 28 32 0
35372 15 29 32 0
35373 15 30 32 0
35374 15 31 32 0
35375 15 32 32 770
35376 16 0 32 0
35377 16 1 32 775
35378 16 2 32 0
35379 16 3 32 0
35380 16 4 32 0
35381 16 5 32 0
35382 16 6 32 0
35383 16 7 32 0
35384 16 8 32 0
35385 16 9 32 640
35386 16 10 32 640
35387 16 11 32 0
35388 16 12 32 0
35389 16 13 32 0
35390 16 14 32 0
35391 16 15 32 0
35392 16 16 32 0
35393 16 17 32 0
35394 16 18 32 0
35395 16 19 32 0
35396 16 20 32 0
35397 16 21 32 0
35398 16 22 32 0
35399 16 23 32 0
35400 16 24 32 0
35401 16 25 32 0
35402 16 26 32 0
35403 16 27 32 0
35404 16 28 32 0
35405 16 29 32 0
35406 16 30 32 0
35407 16 31 32 0
35408 16 32 32 0
35409 17 0 32 775
35410 17 1 32 775
35411 17 2 32 0
35412 17 3 32 0
35413 17 4 32 0
35414 17 5 32 0
35415 17 6 32 0
35416 17 7 32 0
35417 17 8 32 0
35418 17 9 32 0
35419 17 10 32 0
35420 17 11 32 0
35421 17 12 32 0
35422 17 13 32 0
35423 17 14 32 0
35424 17 15 32 0
35425 17 16 32 0
35426 17 17 32 0
35427 17 18 32 0
35428 17 19 32 0
35429 17 20 32 0
35430 17 21 32 860
35431 17 22 32 0
35432 17 23 32 0
35433 17 24 32 0
35434 17 25 32 0
35435 17 26 32 765
35436 17 27 32 765
35437 17 28 32 0
35438 17 29 32 0
35439 17 30 32 0
35440 17 31 32 0
35441 17 32 32 0
35442 18 0 32 775
35443 18 1 32 775
35444 18 2 32 0
35445 18 3 32 0
35446 18 4 32 0
35447 18 5 32 879
35448 18 6 32 0
35449 18 7 32 0
35450 18 8 32 0
35451 18 9 32 0
35452 18 10 32 0
35453 18 11 32 0
35454 18 12 32 798
35455 18 13 32 798
35456 18 14 32 798
35457 18 15 32 0
35458 18 16 32 0
35459 18 17 32 0
35460 18 18 32 0
35461 18 19 32 0
35462 18 20 32 0
35463 18 21 32 0
35464 18 22 32 0
35465 18 23 32 0
35466 18 24 32 0
35467 18 25 32 0
35468 18 26 32 0
35469 18 27 32 0
35470 18 28 32 0
35471 18 29 32 0
35472 18 30 32 0
35473 18 31 32 0
35474 18 32 32 0
35475 19 0 32 0
35476 19 1 32 775
35477 19 2 32 775
35478 19 3 32 0
35479 19 4 32 0
35480 19 5 32 0
35481 19 6 32 0
35482 19 7 32 0
35483 19 8 32 0
35484 19 9 32 0
35485 19 10 32 0
35486 19 11 32 0
35487 19 12 32 798
35488 19 13 32 798
35489 19 14 32 798
35490 19 15 32 0
35491 19 16 32 0
35492 19 17 32 0
35493 19 18 32 0
35494 19 19 32 0
35495 19 20 32 946
35496 19 21 32 947
35497 19 22 32 947
35498 19 23 32 947
35499 19 24 32 947
35500 19 25 32 0
35501 19 26 32 0
35502 19 27 32 0
35503 19 28 32 0
35504 19 29 32 0
35505 19 30 32 0
35506 19 31 32 0
35507 19 32 32 0
35508 20 0 32 0
35509 20 1 32 0
35510 20 2 32 775
35511 20 3 32 0
35512 20 4 32 0
35513 20 5 32 0
35514 20 6 32 0
35515 20 7 32 0
35516 20 8 32 982
35517 20 9 32 982
35518 20 10 32 0
35519 20 11 32 0
35520 20 12 32 0
35521 20 13 32 0
35522 20 14 32 0
35523 20 15 32 0
35524 20 16 32 0
35525 20 17 32 0
35526 20 18 32 0
35527 20 19 32 0
35528 20 20 32 0
35529 20 21 32 947
35530 20 22 32 947
35531 20 23 32 947
35532 20 24 32 947
35533 20 25 32 0
35534 20 26 32 0
35535 20 27 32 0
35536 20 28 32 0
35537 20 29 32 0
35538 20 30 32 0
35539 20 31 32 1010
35540 20 32 32 1010
35541 21 0 32 0
35542 21 1 32 0
35543 21 2 32 0
35544 21 3 32 0
35545 21 4 32 0
35546 21 5 32 0
35547 21 6 32 0
35548 21 7 32 0
35549 21 8 32 982
35550 21 9 32 982
35551 21 10 32 0
35552 21 11 32 0
35553 21 12 32 0
35554 21 13 32 0
35555 21 14 32 0
35556 21 15 32 0
35557 21 16 32 0
35558 21 17 32 0
35559 21 18 32 1037
35560 21 19 32 1040
35561 21 20 32 0
35562 21 21 32 0
35563 21 22 32 0
35564 21 23 32 0
35565 21 24 32 0
35566 21 25 32 0
35567 21 26 32 0
35568 21 27 32 1056
35569 21 28 32 1056
35570 21 29 32 0
35571 21 30 32 0
35572 21 31 32 0
35573 21 32 32 0
35574 22 0 32 0
35575 22 1 32 1065
35576 22 2 32 0
35577 22 3 32 0
35578 22 4 32 0
35579 22 5 32 0
35580 22 6 32 0
35581 22 7 32 0
35582 22 8 32 0
35583 22 9 32 982
35584 22 10 32 0
35585 22 11 32 0
35586 22 12 32 0
35587 22 13 32 0
35588 22 14 32 0
35589 22 15 32 0
35590 22 16 32 0
35591 22 17 32 0
35592 22 18 32 0
35593 22 19 32 1040
35594 22 20 32 0
35595 22 21 32 0
35596 22 22 32 0
35597 22 23 32 0
35598 22 24 32 0
35599 22 25 32 0
35600 22 26 32 0
35601 22 27 32 0
35602 22 28 32 0
35603 22 29 32 0
35604 22 30 32 0
35605 22 31 32 0
35606 22 32 32 0
35607 23 0 32 0
35608 23 1 32 0
35609 23 2 32 0
35610 23 3 32 0
35611 23 4 32 0
35612 23 5 32 0
35613 23 6 32 0
35614 23 7 32 0
35615 23 8 32 0
35616 23 9 32 0
35617 23 10 32 0
35618 23 11 32 0
35619 23 12 32 0
35620 23 13 32 0
35621 23 14 32 0
35622 23 15 32 0
35623 23 16 32 0
35624 23 17 32 0
35625 23 18 32 0
35626 23 19 32 1040
35627 23 20 32 0
35628 23 21 32 0
35629 23 22 32 0
35630 23 23 32 0
35631 23 24 32 0
35632 23 25 32 0
35633 23 26 32 0
35634 23 27 32 0
35635 23 28 32 0
35636 23 29 32 0
35637 23 30 32 0
35638 23 31 32 0
35639 23 32 32 0
35640 24 0 32 0
35641 24 1 32 0
35642 24 2 32 0
35643 24 3 32 0
35644 24 4 32 0
35645 24 5 32 0
35646 24 6 32 0
35647 24 7 32 0
35648 24 8 32 0
35649 24 9 32 0
35650 24 10 32 0
35651 24 11 32 0
35652 24 12 32 0
35653 24 13 32 0
35654 24 14 32 0
35655 24 15 32 0
35656 24 16 32 0
35657 24 17 32 0
35658 24 18 32 0
35659 24 19 32 1040
35660 24 20 32 0
35661 24 21 32 0
35662 24 22 32 0
35663 24 23 32 0
35664 24 24 32 0
35665 24 25 32 0
35666 24 26 32 0
35667 24 27 32 0
35668 24 28 32 0
35669 24 29 32 0
35670 24 30 32 0
35671 24 31 32 0
35672 24 32 32 0
35673 25 0 32 1194
35674 25 1 32 0
35675 25 2 32 0
35676 25 3 32 0
35677 25 4 32 0
35678 25 5 32 0
35679 25 6 32 0
35680 25 7 32 0
35681 25 8 32 0
35682 25 9 32 0
35683 25 10 32 1219
35684 25 11 32 0
35685 25 12 32 0
35686 25 13 32 0
35687 25 14 32 0
35688 25 15 32 0
35689 25 16 32 0
35690 25 17 32 0
35691 25 18 32 0
35692 25 19 32 1040
35693 25 20 32 0
35694 25 21 32 0
35695 25 22 32 0
35696 25 23 32 1243
35697 25 24 32 0
35698 25 25 32 0
35699 25 26 32 1250
35700 25 27 32 0
35701 25 28 32 0
35702 25 29 32 0
35703 25 30 32 0
35704 25 31 32 0
35705 25 32 32 0
35706 26 0 32 0
35707 26 1 32 0
35708 26 2 32 0
35709 26 3 32 0
35710 26 4 32 0
35711 26 5 32 0
35712 26 6 32 0
35713 26 7 32 0
35714 26 8 32 0
35715 26 9 32 0
35716 26 10 32 0
35717 26 11 32 0
35718 26 12 32 0
35719 26 13 32 0
35720 26 14 32 0
35721 26 15 32 0
35722 26 16 32 0
35723 26 17 32 0
35724 26 18 32 1040
35725 26 19 32 1040
35726 26 20 32 0
35727 26 21 32 0
35728 26 22 32 0
35729 26 23 32 0
35730 26 24 32 0
35731 26 25 32 0
35732 26 26 32 0
35733 26 27 32 0
35734 26 28 32 1300
35735 26 29 32 0
35736 26 30 32 0
35737 26 31 32 0
35738 26 32 32 0
35739 27 0 32 0
35740 27 1 32 0
35741 27 2 32 0
35742 27 3 32 0
35743 27 4 32 0
35744 27 5 32 0
35745 27 6 32 0
35746 27 7 32 0
35747 27 8 32 0
35748 27 9 32 0
35749 27 10 32 0
35750 27 11 32 0
35751 27 12 32 0
35752 27 13 32 0
35753 27 14 32 0
35754 27 15 32 0
35755 27 16 32 0
35756 27 17 32 0
35757 27 18 32 0
35758 27 19 32 0
35759 27 20 32 0
35760 27 21 32 0
35761 27 22 32 0
35762 27 23 32 0
35763 27 24 32 0
35764 27 25 32 0
35765 27 26 32 0
35766 27 27 32 0
35767 27 28 32 0
35768 27 29 32 0
35769 27 30 32 0
35770 27 31 32 1361
35771 27 32 32 0
35772 28 0 32 0
35773 28 1 32 0
35774 28 2 32 0
35775 28 3 32 0
35776 28 4 32 0
35777 28 5 32 0
35778 28 6 32 0
35779 28 7 32 0
35780 28 8 32 0
35781 28 9 32 0
35782 28 10 32 30
35783 28 11 32 0
35784 28 12 32 0
35785 28 13 32 0
35786 28 14 32 1380
35787 28 15 32 0
35788 28 16 32 0
35789 28 17 32 0
35790 28 18 32 0
35791 28 19 32 0
35792 28 20 32 50
35793 28 21 32 0
35794 28 22 32 0
35795 28 23 32 0
35796 28 24 32 0
35797 28 25 32 0
35798 28 26 32 0
35799 28 27 32 0
35800 28 28 32 0
35801 28 29 32 0
35802 28 30 32 0
35803 28 31 32 0
35804 28 32 32 0
35805 29 0 32 0
35806 29 1 32 0
35807 29 2 32 0
35808 29 3 32 0
35809 29 4 32 0
35810 29 5 32 0
35811 29 6 32 0
35812 29 7 32 0
35813 29 8 32 1416
35814 29 9 32 0
35815 29 10 32 0
35816 29 11 32 0
35817 29 12 32 0
35818 29 13 32 1380
35819 29 14 32 1380
35820 29 15 32 0
35821 29 16 32 0
35822 29 17 32 0
35823 29 18 32 0
35824 29 19 32 0
35825 29 20 32 50
35826 29 21 32 0
35827 29 22 32 0
35828 29 23 32 0
35829 29 24 32 0
35830 29 25 32 0
35831 29 26 32 0
35832 29 27 32 0
35833 29 28 32 0
35834 29 29 32 0
35835 29 30 32 0
35836 29 31 32 0
35837 29 32 32 0
35838 30 0 32 1454
35839 30 1 32 0
35840 30 2 32 1403
35841 30 3 32 0
35842 30 4 32 0
35843 30 5 32 0
35844 30 6 32 0
35845 30 7 32 0
35846 30 8 32 0
35847 30 9 32 0
35848 30 10 32 0
35849 30 11 32 0
35850 30 12 32 0
35851 30 13 32 0
35852 30 14 32 1380
35853 30 15 32 0
35854 30 16 32 0
35855 30 17 32 0
35856 30 18 32 1473
35857 30 19 32 0
35858 30 20 32 0
35859 30 21 32 0
35860 30 22 32 0
35861 30 23 32 0
35862 30 24 32 0
35863 30 25 32 0
35864 30 26 32 0
35865 30 27 32 0
35866 30 28 32 0
35867 30 29 32 0
35868 30 30 32 0
35869 30 31 32 0
35870 30 32 32 1454
35871 31 0 32 0
35872 31 1 32 0
35873 31 2 32 0
35874 31 3 32 0
35875 31 4 32 0
35876 31 5 32 0
35877 31 6 32 0
35878 31 7 32 0
35879 31 8 32 0
35880 31 9 32 0
35881 31 10 32 0
35882 31 11 32 0
35883 31 12 32 0
35884 31 13 32 0
35885 31 14 32 0
35886 31 15 32 0
35887 31 16 32 0
35888 31 17 32 0
35889 31 18 32 0
35890 31 19 32 0
35891 31 20 32 0
35892 31 21 32 50
35893 31 22 32 0
35894 31 23 32 0
35895 31 24 32 0
35896 31 25 32 0
35897 31 26 32 0
35898 31 27 32 0
35899 31 28 32 0
35900 31 29 32 0
35901 31 30 32 0
35902 31 31 32 0
35903 31 32 32 0
35904 32 0 32 0
35905 32 1 32 0
35906 32 2 32 0
35907 32 3 32 0
35908 32 4 32 0
35909 32 5 32 0
35910 32 6 32 0
35911 32 7 32 15
35912 32 8 32 15
35913 32 9 32 0
35914 32 10 32 0
35915 32 11 32 0
35916 32 12 32 0
35917 32 13 32 0
35918 32 14 32 0
35919 32 15 32 0
35920 32 16 32 0
35921 32 17 32 0
35922 32 18 32 0
35923 32 19 32 0
35924 32 20 32 0
35925 32 21 32 0
35926 32 22 32 0
35927 32 23 32 0
35928 32 24 32 0
35929 32 25 32 0
35930 32 26 32 0
35931 32 27 32 0
35932 32 28 32 0
35933 32 29 32 0
35934 32 30 32 0
35935 32 31 32 0
35936 32 32 32 75
