23.2189147282985
20.2487509861595
30.0121031513955
28.4992021770786
35.8450738678622
11.8688061109785
13.4916702923390
43.6976032311888
21.6216635028945
27.1746203447923
21.4723711585377
30.1077010860082
11.5027912025734
29.4738671622846
13.4683863936590
31.3111866697974
36.9683701726219
28.9979265688083
20.8355872105876
7.04931446559878
36.8412458835203
46.1564917603375
23.1459657826693
29.8459564031110
20.0180690387460
41.7145097165243
25.6557217153231
28.0470924539497
18.2262007471908
16.9793238853878
38.1327102517261
11.7642891910221
20.2258632945543
3.33435084536706
13.8199538642500
30.6706741264355
16.6299138666471
41.5760597507748
26.5289711994265
12.9581923675372
43.2051777246663
25.2904678875263
24.5133518793514
33.5164391147091
54.8537573466030
18.6326902328381
18.9856024031370
36.0508672468499
14.4341932261557
19.2564620236325
29.6383822623638
23.3098904930933
29.7485162651854
22.9502322073569
14.8613320818500
27.5681308396289
34.0185599848377
15.1122558888473
43.6791059829995
29.0496596486086
29.9503456306868
19.3503866162436
12.6953638742558
20.9396449592251
17.2069806322434
22.8871271552373
33.5117504259327
6.32648492055422
17.8528647785166
32.1298451992054
14.0569514106011
27.0850440948506
11.1330701484361
25.1719256508119
22.5995398519527
25.6090051863324
39.1159275136101
20.5246294714424
23.7947121772885
31.0731207572976
14.3841242991570
37.3431437344260
30.2389695975243
11.7412363758039
24.5276844129241
13.8583231022408
46.1258765824564
21.3108840079430
28.8824566475914
35.0483258789646
22.1123359455757
27.3315946889310
12.4037984338966
52.2672267644841
19.9461212946277
21.1991445346268
28.5998850565872
10.2174395053213
23.1221902710362
18.9640543840287
29.2758565384943
14.7371453182019
32.6402798382673
22.9613173021497
29.4161536193449
40.7005685638420
27.7712685429186
19.0914030382788
25.9050905420170
30.1441457546901
16.8736010234923
3.39451907197470
19.0530224133312
22.7339840835807
15.3446051304685
18.0501874334423
19.6662731927430
29.6448718798041
45.5403546883684
34.0935931485140
13.8106910779294
21.8952983135649
31.5982537868788
22.9784423453811
21.0995432870003
6.34202564308913
25.9293625417209
20.8004758740011
41.4396115069869
9.27635617106739
18.1866291370886
29.1412799190427
27.9970965460706
28.9663241769196
31.9642537784460
16.6101184140872
38.4968106697165
24.8767681253012
18.6548258667831
35.4611995834884
21.4033607102460
29.4531184165616
25.3238041553792
12.3247625494368
8.32255753780053
22.3810848061482
19.8653612371509
21.2229371092487
17.2419662585217
37.0928444386852
13.1153267870076
26.2120329553356
36.1465035584356
48.9882571147413
28.3268566177329
31.5174152271978
14.0376243502952
13.9899479805895
17.1711010053782
34.1210404108902
13.2542866462137
27.6481157645508
19.9585582167150
24.5150980834261
25.0689756515818
27.5463447198081
16.4281608529379
19.4406838164196
41.6860139195390
39.2013984471218
20.2549918556784
21.0696626476766
44.6232861502825
23.3787104332125
36.8121467221079
13.9068891834544
10.5440802257048
15.0347986649107
37.2834116358013
15.2614430159070
26.1528320020987
21.0077582821775
10.2679243399043
27.2435008007415
25.9961785999404
17.1843357480003
32.1341557247114
22.0009600803971
39.5206043239523
7.74898162986595
20.5460100710600
17.0655541808639
10.0712760025728
23.9371056788410
45.4605848712819
24.3259100471082
35.7272950582604
9.87709252539939
41.4025103049429
34.4582613062528
13.1161249345987
36.3744941075474
14.4266194713107
14.3456888661403
36.5258563212418
9.45987761073049
34.3279623288362
35.0992613694591
45.9247995159358
7.97015322876544
23.7515583069827
26.8833227866274
26.3085750518723
38.7885127104662
12.2883864229605
17.3011529569593
11.0427658007403
40.3228942150002
30.5779112800400
28.8236717213474
26.8722620813730
8.20585745793821
51.3168526903356
26.9025611492456
41.9679997357511
18.5725270111528
32.6685620058077
43.6874697560982
22.0960868304775
33.9135100225559
17.6247995724774
33.5357539471964
41.2341559782664
12.6898889986635
29.5373645115810
41.9838118505216
36.1196100122911
19.3504979434071
15.0901852026408
26.6733770121745
8.45933998607456
32.9277187072594
30.9016876524972
30.3472644950085
6.24335841114380
8.39494513680703
22.4287072918280
30.4319785732114
13.8630747283169
28.4074178757943
34.2428773577820
32.7051643857664
34.9134609203399
15.0630574559882
17.9719742056904
15.5804505060027
24.5100681704478
22.4536552427439
23.6141628678505
29.1929886322041
31.9594219863251
20.5395738877417
23.1512390406129
20.7669004150836
21.8127400445244
33.2366376181466
26.4703478477635
35.0698530269233
18.7371508709302
8.38538772925856
14.7742271008977
8.62515628843906
22.0407637247533
34.4728649625150
16.6132602655228
27.6945929988148
24.6571092744060
11.9631192575348
27.0867071586784
12.1458445984625
20.6391565426885
40.9713130505968
14.0724196033980
25.3626882999417
4.94584785855772
5.66461206085641
13.0786608939906
25.1641441994358
23.1077914174527
18.2214120278863
21.4418571399494
11.2845083902667
20.6393502754447
42.6689441159539
16.8308304649533
39.2825402027414
9.00318405065672
33.9660071655471
36.0618661225400
37.1399048885427
7.65986095500435
31.2107485435707
26.2724206629309
11.6500976262004
59.1116373194898
27.0287086728168
19.1478286009145
28.9457860342400
15.1260767200520
31.4893390141743
14.9283699867065
15.4162748015239
50.7201917634388
14.0738141545354
15.3285473705110
11.5242088860798
34.4116808832408
43.5344675262039
13.0538559042913
21.6034933929677
25.1782812574032
41.7494934250979
22.7334383585062
24.5465549715230
19.9204083793481
20.7843153615894
43.9247240015233
22.1211820002910
31.7959763676161
35.0413968176213
25.3086203956280
45.8790403101460
21.5720489627203
17.3955740583632
7.69282173977796
26.4709796836083
13.6419591700782
29.7458548917324
22.3356663217913
15.1952731790265
26.9318712875656
25.7441688888960
17.9112990311814
27.5046937677917
16.5768383140453
23.8134727996569
21.6285749438099
16.6133967593175
28.5346563469757
20.4974050140597
21.3847075112100
19.6504197339395
18.1317882719825
4.13695041363806
16.8747353534804
29.9314694383687
27.3395271185805
36.0901028541289
33.4369719695131
28.8727566145597
35.3353564336968
20.9783265521824
27.4379169625652
13.8744072947279
32.0275783961583
22.0322529882806
14.5515847250394
21.8711178635603
31.1435511041949
19.5727988596419
23.7956082563569
16.3065666432269
23.5343094867897
15.6462143983776
21.9236767454732
22.8349243688259
38.5634222875771
25.5863495360319
17.6171851965630
36.7177209604572
26.0818812895082
30.5358853601791
26.2672380988181
35.7885867748309
3.90856348547647
21.1991783428038
18.9340831986157
25.9338521384098
11.2908628784518
16.7221468256920
39.3133363229325
16.5458310607234
8.39981502653480
44.7292629051542
25.0468866723591
9.19399936830536
34.3312795158075
33.3874183768392
30.7546667674501
20.7426408507909
30.1782957716899
26.3538654517701
25.1827588516429
22.4941297108023
43.2518279495052
14.7447270602070
13.4286370030618
9.52948246076354
19.2756583309105
9.24546478496349
15.1402832651870
19.9078524077812
15.7432003766706
15.5232566827969
29.1067800469255
35.9690333877629
22.1831581914772
37.2943364593191
26.0319933501067
22.4165394247194
34.3568452247132
6.68756194011689
29.7609304053637
18.2879559680682
18.9718097028196
24.2672438280494
24.3679362110315
12.5043447621217
34.1881811727386
15.6998383080846
17.4673448165427
33.9139891245206
20.6960232675000
18.3693434823240
40.6558993495409
41.2446339003027
34.8953331610403
34.9351698173918
21.5630627103387
20.2547972796570
20.9506022434321
26.1969974311943
33.9344980882287
43.9996098919070
28.4174174317442
16.3604780067698
17.9915747573691
14.5403361120024
45.0281887472725
18.5794390886808
35.5921623418991
5.26510879279812
28.2851211773275
18.2004890249026
7.91831086280401
28.8804704491478
28.3228884146038
30.2572487878459
30.7221307935241
14.8639157379339
29.3715429960719
14.8157000706570
29.4439642321223
28.5422107947159
45.8050040586408
16.8544207921839
34.7722065949229
20.5837280746224
20.4356843291337
28.9133408074888
24.4837367060259
21.6152460314473
28.5763691967349
12.1911497837571
23.2323097177186
24.6364808542129
24.3069508951658
20.1465229756899
19.3987603115663
13.6771369379706
36.5775731988879
16.5858839456931
31.9701134226953
43.6301662424062
29.3043613468644
12.3630311141726
33.6937176535923
13.3129005543120
23.9787608756166
13.9807630808050
13.8141566763954
5.68371745185315
19.1565150142191
12.1104327692119
24.8844295348423
41.3629464922604
22.8903064629987
30.9712319343290
12.2750324989386
29.0961506789128
16.1316527815472
24.2290907438476
18.5733790057167
31.8066791883780
31.5451939157358
18.4249273686493
15.0050613647329
41.7944196751480
23.5423899764149
27.6295878776345
27.1619630070601
40.7945018673853
5.34631135546744
23.8817023271479
16.6765210832746
25.3459174000469
38.9065708766527
25.0439862244492
16.4850556598423
15.1723006587663
33.9624508591709
37.4765447958800
31.3064997086627
25.4025178769743
13.2210496120240
38.2959122048294
34.8905304757610
26.0509906308728
20.2080935570884
13.1330949827145
37.2613974339396
8.23237017836298
26.0560119051247
13.1434047194782
14.7357580914590
26.2727419635561
12.7622816189898
44.9821124828526
20.8156311710791
11.7603133623896
45.7737309764498
14.2055475210391
23.7131824737533
27.7285758841380
55.9955765713293
9.71584258584400
16.2564219411899
48.2386099013021
7.19609776649123
22.9285139760823
22.8627389594947
20.7145015514928
33.6480517886266
27.3161355765527
13.3669555083272
18.8487553143437
30.7442540822135
13.8725116287571
42.7580360026042
28.5188597462118
30.4261492244352
19.5828814949588
8.21429716348269
22.4864103478078
23.8013015789053
21.6702834335410
36.6017253964892
8.33592904000511
18.8880201886381
21.5518368170534
19.4887036849555
27.8647141533876
14.3183409205850
30.2637401360046
26.1495179675821
22.5988712479186
36.1219923350028
19.7280929134977
26.9900731590635
25.2047155703075
15.7082706303767
43.6288070331977
17.4756800663093
11.7039334063382
24.7169382832117
12.0267721626461
43.9487445672797
16.8401678792107
34.5585705173116
39.4546631760784
11.5307514973699
21.0096420033017
17.2504979929885
39.0593467225465
27.9688565651190
23.6785570280370
34.2686315775813
9.62230284339980
28.5871817395489
25.0459752374023
29.6589423299281
20.1505172660555
37.1926805992806
26.3485149013450
37.4663641048688
40.3328604713328
25.6529097828843
15.7390729191429
17.9140414640254
24.3800869573921
19.0075192410793
8.59743219586525
19.5309921648261
21.6185564046816
12.1219178519737
20.1379605352677
23.2266331524825
23.5639124001088
47.8531253500427
32.6911803542729
7.30167932053990
16.6759134964175
31.4150019291739
26.9385380853546
27.5896792688860
14.2547394831789
29.0008226526421
19.4614015341188
42.5206539721357
12.6820316187747
10.6780509312327
17.9351255514674
27.1974330062600
34.8215284408669
37.5339788085742
16.7769497004074
37.2826358523643
15.8004698844686
26.7190312795955
41.4651589795578
17.2303563689205
20.1664926183608
27.8897171558354
21.4218818282241
15.6806743719905
18.1090446228425
28.8445682727268
18.0386797542281
20.9914684724747
37.7595242323046
11.9880419522957
25.7443543007006
34.2321340246617
60.2375427806447
24.5411799217906
37.5017463981666
18.3355838124260
7.12934497390187
19.6164626477992
44.9460376003759
16.2681595363459
20.9014453567211
24.2838063849986
34.1013073393089
32.4690765821882
31.7570950460980
20.4877658589218
15.7987741878919
42.2661909056742
36.5672466022108
24.6803548064367
22.8830241998299
47.4137442627178
26.1732008382620
49.3910946431751
21.0134316715410
12.4326726555476
18.1352416835729
46.4703337099660
22.4813184410879
30.3548516664865
18.2717488112113
17.0336943925123
21.2875030404837
35.4190932349432
26.9831315591723
34.2001527142789
20.4999842160998
46.6775839873916
8.37111227018250
22.1601209890650
10.6942490501951
16.2452332139277
10.8559893059085
43.7148426943916
22.7989949346545
34.8120246795572
14.4991177897278
43.4965736411613
28.6539199232845
10.6193903654794
29.8404672011498
14.6909304599675
9.96834616584414
33.7065836229363
10.4696918216345
24.2387670474717
37.6729579624430
31.8785915798126
8.24063773867047
25.8626492890810
20.7415267111078
42.4455487772699
38.4265280483418
19.3939104297432
14.4199675314510
21.0497375195037
40.7063254616822
28.5038137004577
19.8406020367856
17.2647257855432
6.86005812511818
45.7825957225287
20.9001367219356
35.8739914769349
18.1508558828503
31.7090245442297
49.0567404192584
16.9914446954931
27.7796932744046
22.4985486929713
28.7728425786279
29.2885700743481
24.2862999643832
19.0521628021598
41.8542782849364
32.7141419842016
22.9908899265417
7.56537113498076
22.3277889550219
15.1361220291196
39.8026721057770
39.8998313359694
31.3402458423670
4.22400952088178
8.84559494980977
16.6762266475363
27.2064036552059
14.6222292654198
26.9613113568313
47.1742092997565
30.8962641303119
33.4810696954637
24.3518122939546
16.7275573537083
15.5668020295628
19.5417263804916
22.9581023958863
22.9365762474612
28.4028069784942
33.4224427716108
16.9732216122927
28.5671670286432
16.5754808485304
13.6211246690573
33.0302705768830
32.6314325217267
30.8905592207393
19.5926054837023
10.8001619663781
22.1665114783202
11.3071769597898
21.5573010045321
34.4312580969154
16.8285392990598
26.1332965582224
30.1434181079983
8.14656620136413
26.6214692708723
8.04065261397207
14.1679902667951
50.3455643863489
16.2306894966078
32.9694036986051
5.35776472836956
9.34518134120468
20.6412709270142
23.9017758520157
20.1886001040191
23.5311666646599
37.6478592147017
14.5817146246969
24.2410078175393
31.0758613175258
16.3385075037471
33.8450645681169
11.2711512686149
23.6021287603470
34.6019428594696
25.5782137322468
6.74450192842287
27.3732991522560
23.0508717275508
17.0958528669967
55.1140226612066
23.6900405381671
27.6266504947958
27.3821485563131
18.7877091255560
21.9740943244176
25.0425939312495
19.1594126447029
48.0566170406126
12.6194518789447
18.5819943090079
16.9906842181238
23.5053859892600
47.1927478336449
21.0180499963722
31.5190190285500
30.1345137012363
33.2708778299251
33.4385653019085
21.2231539496372
17.7820590983834
17.8699380014621
35.3571561934780
34.9832484617995
32.6867596405640
30.5654633462344
18.8428055336778
58.7819447562770
23.4106200891817
22.6059088090017
8.22943067289592
26.4939126123814
11.1017900936417
29.8120109838300
18.1816608919785
17.7826081046522
18.7030615335057
22.9492328450190
15.7762084180579
14.5504469931339
6.43253351798494
18.2682591349039
26.9568642208251
16.6172357347454
23.9965329502110
8.51431912016457
17.7206387748941
29.1625365127933
26.7100756279349
9.93117800313740
19.8891978189257
23.0092792846039
28.7155138705544
41.6140698438641
41.5314391280871
29.2339228968676
27.9250046256103
25.5479539210658
28.9296537293898
19.0349467026861
41.2722610342933
25.2213127106818
15.8178179307419
20.6129098932586
40.8453741781983
17.9063719792955
10.1545815300287
18.2055382782273
20.0198347057837
20.6390932000415
33.6282666459349
22.9586785569836
41.9760219493956
34.5033337009064
13.3959680095206
43.2830695767121
24.2666241428428
39.4028145985563
20.6099739030912
31.8347640991731
9.44223394349029
26.2748002432464
13.7345641142666
30.3578147149643
8.49843650620513
9.42458803235456
34.4012877721169
16.8316867903963
9.60690024407457
48.6412736031284
19.9385983388122
19.2651320005502
30.7128192438678
34.6107092884172
30.4265017942188
26.4348846409437
27.7289425684793
25.2966782121309
20.9817164943672
18.6929590105473
48.1009678848908
23.4152008620468
18.2749903575898
9.94928147218682
12.0371557018633
14.7652998323129
5.82355075650850
12.9378394061760
6.83478151937573
26.1591122854274
27.0317790158861
29.8716345351238
19.2161964407216
35.5158878847988
22.5583908855308
17.4227210759399
19.8243552375758
12.0769531463693
29.5549576481680
16.5289913476292
13.2635216451326
19.8180256166636
31.8371256498133
18.0405106941821
36.2740767859253
11.6620301663132
14.1394747165515
32.2651336878138
24.9466451263993
9.54097515456360
51.6523496160281
45.5677502370756
38.6578205875510
32.0092547770172
20.4357558012910
23.7651115562288
15.8092942995568
26.7400091864233
38.2534697907275
36.9276468164436
27.3544447724332
14.7501993291616
14.0535765933943
11.9868315754790
51.1813742703339
9.00836643182326
36.8945833550956
20.7911969898438
24.0034373899344
16.9383217769323
11.3611545421053
27.2195251571367
26.7382854674042
29.0085637351955
31.5123618772633
21.6319093868294
25.1486676382666
9.35014634140022
22.7031697751349
27.3042965350309
39.3611972954022
17.0804193487748
35.0918901311813
11.2969358512651
32.4553017550292
39.0537078173123
17.5739381884084
28.4328179567643
37.4344111657977
29.1622348774918
21.3123086776163
29.6566060243329
24.5353579567061
17.9009937300251
21.1215114908948
10.9495676404596
31.4065183568953
23.5701328036140
23.7781776715038
35.5858904197998
39.4439029527771
10.7771386596814
20.1785420913430
8.87744562641756
11.5402397912695
17.3648562738077
11.7678880620483
3.57774518857898
24.4357970318568
23.4834754063362
29.6024274903765
32.7860995748198
21.2970843020823
25.5112170106181
11.6789589338434
40.3571543630123
13.1782040913678
22.1727406438564
24.0729404233073
31.5405646151111
36.7696907032137
16.1325970299267
9.68076139619193
45.8765104083081
16.9897235745612
21.8854540425827
16.2482688767142
32.1529706033517
7.33276708003192
28.6111654248826
17.6837567369041
19.5949306610154
33.8471236204792
24.4842321188556
18.4910578110069
11.6491006854607
32.3918821515144
49.1294479216895
31.6373748533281
23.3135053445422
11.7445824123295
36.2349179683079
37.1593451772230
24.9413826641588
22.7182501029459
24.6850458863256
35.2142291108140
8.19058488021457
21.8971313943174
5.25874107843313
20.2394104693689
22.8113964704049
11.8151764155259
39.0962646080159
17.5056503857355
14.0174075584610
40.9236590702738
16.1077713657104
16.9371762714450
33.2733340383016
59.2052341546725
13.6746983282996
12.5067382336723
25.7079327267818
18.4507640440715
19.0542717061031
27.9083232482713
20.3912965546578
34.2301335390325
27.5189147667563
12.6150773751095
23.3445390680561
33.8321086093137
5.51729366628241
41.6475872444059
29.4786807277734
25.3261419993571
18.3771443899753
10.5318464425760
21.0960023004952
25.4539311910007
20.5984753379953
36.7745847918097
10.5663264311680
20.3393718590663
21.8215327669712
14.5529133513569
34.1464476291459
18.7636329699128
29.8098743918856
23.7700160281814
15.8690731679579
27.0682419946715
3.97816495133120
21.9187754553032
26.9700092614000
17.9054076786875
55.7989033759625
16.8555782211706
6.66733925112560
27.7924334400570
2.37804949485918
32.5142220201022
24.6364883317591
34.9725410174897
36.5746305688793
7.16303914131425
19.0547076940083
13.4038311015918
44.7267800952282
23.3505251446300
23.1699675302837
32.6849363836860
11.2478894464695
25.2536600351315
19.9740498179513
24.6131933494945
17.8601485284977
33.4485378898690
26.2391908154577
26.9566170980336
32.7460930745944
22.9414878116045
17.8891875595288
19.3011678133734
32.0353969466714
13.4339140856267
10.5244028338904
16.9889684884045
21.2348817350133
14.0051605463843
27.0478138518033
30.1552502374041
27.9591361368695
43.3865274801568
22.1061200160408
16.0340115071058
17.5626575739550
37.2858318040513
18.7257493463973
26.8775291174617
7.92878640713697
18.9860521774697
10.5788771143255
34.5154685329636
10.0790383316069
11.3380136194309
15.8560541197992
27.8400469464403
35.4828222221683
36.2887658199691
20.6248329918087
44.6032082010655
18.0209055080481
21.5280962855520
44.2084942007755
14.7754337580492
28.3303893150094
30.9769794976905
16.2582620645289
12.9925676654001
27.7506828681746
13.8186518781681
19.7371205531202
21.6400015695471
40.2833667770831
18.0718276611160
18.0935150924302
41.7731378471860
59.9062530116014
25.1273963882054
31.8239367709276
14.5387037778476
10.5700988476930
18.4859952991447
40.8863437809007
14.4049943894470
26.2295352757078
26.6431952896044
35.2486468723269
26.2302870935489
33.0096499140782
20.4599245912589
10.7322727961042
51.8353928094270
45.1190717130794
24.2764205362652
11.4247002788913
43.7659123534515
22.2967428505174
48.0425702165538
15.9258452576308
15.6173959495941
4.14881551289040
36.9394732053666
17.5601155235380
28.1217358692525
23.6801658889882
14.2808736556977
22.8845738778331
28.1706496495572
27.5163479328853
43.6383016458019
17.2317533713201
34.3390654068176
13.4766878163739
15.3091714523060
18.0881068940340
14.3126023297652
26.2649787510461
41.4056033121122
13.5390091365654
34.4092930252861
8.14373337560236
38.6653168238668
35.0524078135868
19.5051204802841
35.4438453630528
13.7344456229620
8.54986530888062
30.2967414117426
5.63510655533681
27.3467326298774
30.7165241028424
40.6022608896660
6.38566567869003
23.7802400898309
19.7270853751891
34.1506487688009
34.1981575832676
19.8166286664130
10.5682126114116
24.5292233886440
38.0237710162998
27.6622866130043
22.0869292303751
18.1130976473855
13.5506784073713
43.3540211648239
25.2922166733167
42.1001845517333
12.6433395370843
39.6410154708592
49.8437508188379
15.4731702999095
31.1788292912034
12.8603013856597
28.3536980312974
34.9667867967590
17.6808257765326
29.8116042654534
39.4724807117566
29.4799800535618
11.5860860313611
6.41382245779379
24.6439802466018
18.0847985782044
33.0112782510781
31.8964878613618
23.4356689155654
10.5502082083720
9.71952637992200
21.3788529177339
40.7806377244508
9.75530650927999
25.2284207147415
45.5142183957936
26.7180961756260
33.2401815329414
18.4093275787031
21.9833621913119
19.2052634165741
19.5721784836053
18.0033121952601
31.8269876309399
32.3330674978419
33.3778420506779
22.2873151063559
11.5898775804579
25.0763695547502
12.1063958831685
26.0669886837740
34.8035747024986
32.7348821070124
15.0372243079100
11.6366602872130
21.4971619982732
8.38736278278220
22.0273404125419
30.0738525178019
16.3199185128511
20.6029877925508
24.2421154574039
8.56424612642957
24.5172351881080
12.8620794823388
15.7160348004832
49.0696078400877
12.9198407304425
19.2579412806769
10.3007708973649
12.1049613182199
16.7146390332217
34.0054190647608
24.1134462634440
15.6677537601917
30.6501466379853
17.0256122832631
17.0936508951599
27.2769219832444
11.9443588893712
33.1576258893787
20.3486528178157
28.8202082835361
36.1455010207356
16.2776023237454
7.25894024496685
29.7990158939855
28.1212460614746
19.5998930124631
55.6251708071984
26.3672996032965
18.0706174091562
32.6897187172053
19.3496085110268
16.5673585617171
16.3172610817778
20.9897758172902
53.7837991642576
13.1916497126023
8.47157740329392
19.8033737390880
36.7474902802899
47.9238934958158
15.5615147437517
31.6964608139789
28.9024869201873
32.8933264955067
24.4088981256344
37.9589852351192
25.0982389694975
30.3086620491569
39.1839262398499
25.0328040754527
37.1755500128781
34.5586138714055
29.5578375421816
47.7292737328156
27.9755853870049
24.1496040806055
10.6043993757308
13.7687573361905
13.2193240375596
29.7833504705649
20.1366489083959
13.2225001017206
19.1765981989742
26.1474990767760
26.7312699445219
18.2132162642955
6.73682885688066
25.4645370468442
15.3310621581285
19.9966262879517
32.8563428150487
16.9277523682266
19.0641443028530
19.6336636127850
29.9988105747545
11.9231205238605
15.7939913842006
21.2543920593486
27.2287317362010
38.7668017245478
38.5116082033924
25.3735690428052
35.8360555435444
34.0566345778616
29.6918713990883
14.9262955920081
32.8561136161902
27.1015245890633
13.1823611036718
27.8921445654507
48.7539520356043
17.9205465946215
20.6120258426968
13.0907358090981
19.4960570707105
19.8596546722268
24.9474446530622
24.8117925400403
41.7141222204184
29.8044901748042
6.75928799356854
44.0781882051838
27.1977650960902
33.3434688987214
22.8673791830196
37.7034491870983
13.9544178961360
27.7624706339331
18.0652435425045
30.8231606563960
20.4678869331668
15.6455149461435
44.9517006481401
21.8048715898535
14.0128360473532
45.7549214161712
21.9997325914112
22.3090971446628
37.3526370411782
28.5613479475322
30.9365568809782
32.4495983584158
18.3255455132992
25.8380896564065
15.3114983507298
21.1926762428651
53.8893053791752
20.9140292456141
15.0602060161871
6.26013955275757
10.1613442363695
16.7392518186925
16.3043362250660
26.0288623180115
23.1387651281653
15.0949666362533
22.3424401339692
27.8014977336636
23.6122061497862
30.7473717104405
15.1125366173254
22.5520696114592
18.5395413228052
11.6862059767060
33.1441104065262
25.2302547884479
26.5038838710480
17.9610974135769
24.9189267866816
16.6998196532178
37.5043896649446
13.7926396170711
15.9576226816528
32.3379620293240
24.3272791326938
14.2665812180073
48.4391703231282
42.0375745685928
25.5606251249734
39.4632247994256
18.1795794563681
20.5307762563913
33.6398889601690
28.5919571654268
45.7391039008199
31.2217929320210
25.2660357508356
12.8289572476683
18.1936897810752
9.39078829598452
47.8500082978049
22.7394830453553
38.0745708986667
12.9451794774889
28.5955022741497
16.5443460426697
16.7561554113705
29.9843302462403
20.6610931813880
34.8887258370093
23.2566193286987
25.1219099403290
21.7180264813265
20.0451032706245
23.8320207829718
25.9771234784839
47.2524325179138
24.3351156205924
33.6315366828517
14.5055001758953
28.0186736722565
34.4077723835764
25.2509178363500
27.5262043378668
32.8233482029180
22.9652425209511
23.2544189927420
27.8023958525160
33.3628939395251
21.7944973552959
16.9706204584983
9.29940191033810
41.0798829970340
26.6148762899623
24.7581763669883
47.5077119773716
47.7462534352173
18.0491490298019
26.6118907822349
12.6487781229986
17.1860391833022
10.0258106205932
15.0256283822308
11.7621711418428
12.1469234837468
9.74424389528936
36.5785375678143
35.4967286678509
25.2141641164247
27.8165322564136
10.5763144440774
29.9506287256211
10.0334708791374
22.3489527049927
29.0856286587397
31.9725375314582
37.1458821586512
20.1766504357983
10.1520654061920
33.9609406452486
18.7778046333963
29.3639293210497
25.1562387683374
26.6874080704740
9.35426357430666
19.2300605994781
26.7304528925344
29.1559880763928
41.0212887474539
23.8819074761628
19.8877908775233
19.9086782439216
33.5925894862915
45.7197223529802
26.8666758383615
27.6748946603235
18.6455206915763
35.4110162624571
32.8500606559562
26.2689550266013
17.2646803374833
30.7777479150181
33.3615194606001
14.1596180934410
24.4817983559215
11.4783633227913
14.9033388193686
25.8716819136290
18.7055220713029
43.4649161077069
22.0108516380898
16.9992669033109
34.3532814960231
19.8479856441403
21.7865073738358
27.4663635184196
53.3466501831408
14.2079228175550
14.5191062269549
31.4755356259786
7.61362037207007
16.0102212815720
14.8164403618797
19.4256791070582
25.8036724741828
31.1419359502584
14.8878282570024
28.2134329212168
39.9650806494320
9.26641610656460
34.7631281552739
31.6018801418523
30.2908055774355
12.8552382677257
16.1583869445560
20.2625994077759
27.1254781127190
20.3490691136597
36.9425829752726
11.8866571688595
23.4703603357788
29.5232278523199
14.3556434725938
27.3888422634108
8.86066531455173
31.5121010360607
22.2365927047761
18.1162021386934
33.5784770658587
17.3801537502549
23.0830089827995
19.5550872577981
19.1378505366329
40.5250215441325
21.2927007711563
14.2181601626230
28.4216987733724
17.1777112939995
43.4461292684400
16.4817208185313
18.7063648215494
35.7894733613964
24.1863552670199
21.0363183648494
14.9995616179974
40.7637667692670
23.6785999554450
22.6968634456922
28.6723915236770
16.5720768900582
30.2030637195964
17.5067923418312
21.0091746084895
17.2428157749829
37.5603136355928
22.0370395126024
26.7626937328606
45.1620329684393
23.9073251731033
21.8895070415028
22.4557578243888
26.0491796026286
18.3512193995386
4.15329634802284
28.3399154235241
21.8582782453239
15.8969251067620
22.9847290802045
18.9671367372622
24.1208013946469
47.0346740367710
12.6280078987147
20.5378293541455
14.5494279657312
34.2941110571480
16.6309318381893
22.6525409983273
12.6856510116992
25.7087004912812
20.3872675268781
38.0238435761155
8.48520777647783
21.0627979377290
28.1371218583369
23.1963833991422
38.5932125537496
37.8754480456667
25.1962078577313
39.4888687378912
12.8860986481557
21.6117863086326
48.4116469674654
15.9798075654120
24.0846176447624
36.6154560984907
10.1539925171235
12.6281984154916
21.4333215542155
29.6889667204182
22.4554586577518
12.7431111031284
40.5169167815975
12.5348186189869
27.9076878916903
32.2844865616867
50.0131884170215
25.1956382384650
29.8755900075630
16.0980179208498
11.2686224770377
19.7682884372927
34.7705828850999
14.2242993011959
29.9754976268926
28.6315208639779
33.2883418052387
32.3781885387370
21.7451115766280
11.6163057983164
7.61729397686607
43.1509681526174
32.0749810639071
24.9696881528385
16.2084970617266
49.0486151715826
35.3387647213398
47.6040042289260
8.93870409136022
6.50412064463754
21.7596401629255
40.6024934707217
15.4619895139662
21.2633223641218
20.9744473029065
23.6181295609136
25.5755265749722
26.1414280640309
28.5256022150015
38.6455931263838
23.3600637811544
40.3090692329481
15.2708839901297
15.9525522077190
21.7357333461193
19.0702763930573
27.6163988380527
39.0806386903500
25.3030093727011
31.5501333739257
10.3969106882766
32.9429518195380
32.0100863263441
3.01601952928026
39.5490835163901
19.8294368240679
9.31142755596583
31.9047301116935
9.66640350388911
24.7517020595029
40.5266377451868
43.2019331773429
8.13392581537352
27.9905698081068
21.7554642984723
36.6877747580308
31.4569225777093
14.6821522040231
13.7932402117849
19.7498669965142
40.9192238950105
21.6028465379658
29.1568806819454
18.2865286213466
10.1304460044955
49.6240664847209
19.0456487474173
36.1219853243492
21.3551948012656
38.6799198578539
43.9195308950767
20.6343923617367
35.6714556753716
13.3173724138810
29.3381021803894
35.4192772879402
20.2787990078308
26.2301502412777
47.6535689600853
27.5073062883300
13.5993313162817
12.6396467376743
27.0411114934279
13.5984797133283
34.4587125831770
40.2819655692222
23.9631623685189
14.0572965860296
5.08327434730808
19.8743457263378
30.9052242266579
22.6061982272318
31.2304530882919
43.1669110914751
26.8798859666480
44.9564591997235
20.3050147141045
21.2823087953423
20.5545751912030
31.5888616130750
21.8381584273949
26.8740486370327
28.2574833537950
35.6360549899958
19.4234597847551
25.5639882745240
19.7969490793405
11.8259823532762
24.4591388329598
31.1481712061703
29.9945023991064
15.4361915797939
14.5999344426610
23.8193949173714
10.5977233866524
15.9920066064269
41.6170221904451
8.95929281584211
31.5199643819596
34.2070578248759
7.08735133289213
29.8316661393560
9.29286668440368
7.29934366433037
37.3925806335963
10.7442225409752
25.1584312900089
5.37282464229943
14.9719644039284
14.0005990050855
28.6780958949509
24.0560950363936
20.2189283908149
26.6652351026744
12.8606836757771
19.6003154834304
27.7078759160640
17.8582379096175
31.2018273799612
5.10157357782869
21.6498975254896
36.7518340109715
31.3108163651157
8.56753975946421
29.0136561176698
23.2851260619306
16.4352053614337
53.3620261851066
27.2050895983619
32.9877369756509
29.1413903357407
12.8287472844545
22.9399054542516
25.5777351180671
25.3169278272463
39.7077137849688
17.4548750236145
15.9241124399447
24.5842333494457
35.0533831394189
51.6893337485598
20.2149497684263
24.9761012153558
15.4294566349564
31.7489061137244
22.7489711910231
27.9613417061378
24.6482545154033
18.5983281359266
44.2550508683472
33.4540928054491
38.9097229236550
35.7052979158906
31.3331611384807
47.7000390667723
23.8714716968791
21.2017336932620
8.90727131730027
22.3651672194151
14.9614226308864
23.1063229942044
24.5135743007828
23.1733862609676
18.7439980522833
28.9240287949310
17.8969052590106
12.5841680873231
16.2641081221812
21.6195000515738
30.8784965916995
12.8258370179104
25.5305735420132
16.0514075818914
18.0276801643362
24.7905567297308
23.6899134865453
12.3226190337120
21.3959076114499
17.4451023471002
26.6718723539256
43.1503537487322
45.7887625395140
32.9995496055628
28.0427585212297
28.1181779399395
24.7000117823859
13.1147714334791
36.4615678775612
23.9496765792359
13.5944651263152
24.3279334979144
30.2123457243050
17.5528240434410
12.8187968737320
8.28213104704339
29.0981761505511
13.3388028161301
21.3315356457429
17.0992091404135
43.2087427614644
34.5877815601116
8.67886767038190
35.0033809306201
28.6670729943327
26.5823118819658
26.3446409030300
39.9085269191936
6.60350669751307
35.1055189732327
14.2416223970445
29.5423451528480
13.6687765275463
18.0075342126261
34.4073685930790
23.1642227398201
4.66257340103081
43.4034083616713
23.7136408254827
16.1208757484325
34.3031856191229
34.7266096206079
29.6503663936569
23.0212371114151
19.1691351343768
22.5375324224836
19.1653985883414
16.8980013942478
48.8482833930530
19.9424015679782
13.0543657042386
7.07776253233324
5.56710920995807
17.6012388774200
7.36242554715116
23.2648032714657
17.7083847271964
21.9231395203812
17.9383331735170
29.2796883559388
19.2117725681416
29.9246459627445
19.5332716950464
20.8048285073442
32.1130260812789
10.3074453852543
20.6800253457291
23.6295458693899
25.4905994505112
16.6331131181178
27.7861634094094
11.5726042622912
36.9500270873040
14.1715679178417
12.3912140761105
37.0380247264889
21.5431142393573
6.85187585191093
43.7215075260870
41.9809466650349
27.9580531831707
33.4978707800958
21.3312993005583
16.4525496668450
16.6017237632151
17.1726764099252
33.1307501361514
33.6107831247652
31.8404884686856
27.9698340084456
21.5324484295238
18.1839714418727
44.7379062179937
14.8885874803488
47.9693464710163
13.8472342680407
25.6280290326822
14.5935955898469
10.9708523173909
20.4323802786264
24.7363853990433
26.7347629707091
29.1510064520936
22.2625590968334
36.6065826824917
9.56747004019347
28.3119858714096
22.8463297783802
50.1022933016404
26.9444026484166
37.0432767239887
17.0556509287978
26.3579012021234
27.4878200955348
17.5105871251338
24.9310103073441
29.8413918157314
29.6234036034011
20.7949302631675
26.1702480148737
22.3702635315887
19.1191226649351
20.9461210186994
10.0867246984589
32.4291816318133
27.4532562039551
26.2090068505181
44.0232085206201
30.9096377366348
13.4269584560317
35.6959668479858
14.7096102562237
16.3773989693113
6.45021818623216
20.4462305589181
6.96987021399968
22.4159474362004
23.8000300076618
34.1662277159771
34.9314402190920
19.1149866693650
27.7275785150800
13.2778245130744
25.3958643282720
16.2690896847365
21.4146216804920
16.4806741363210
24.2341682696147
38.5049268223808
16.2944466742507
13.5470152656923
42.9213595686448
19.0783283778113
33.8222093356481
22.1680560376863
34.6236434768570
8.51095381317510
26.0632670739875
18.5055728021886
27.9386899286437
42.4126308764264
29.1005347841513
15.9541699445631
21.2695039663388
25.3394096296658
38.3423960141304
31.0666109875216
31.5734271144090
15.4752077964207
41.4372803462052
30.8984857901742
18.0022078489168
21.1621470214650
24.8376594297470
39.2235841974251
7.90399940409913
22.5828147707499
11.5026272481551
28.2391659312027
29.4751835346279
5.58782098829983
47.2154340130470
23.4418389946267
9.69037911448257
51.4657430620602
11.4365044961299
21.5891398071901
38.2518168363282
57.9471361212959
14.9413886611017
20.2460804922830
39.3946820290505
14.6060665964523
20.1960017235020
18.7573051422639
25.3427907432094
34.8897045106433
24.6459291293846
17.6737884439783
29.3130605095561
35.1669855956350
4.60073152226904
31.7884762081859
26.6523621168931
25.2204913141200
18.9589450122126
10.2288760862619
19.0726311680088
28.9447116130477
27.7527327573340
34.2868639343116
8.32033910907484
16.5381413057816
29.0025370606711
16.1132088030287
24.5225933557200
13.3345941959251
23.9867090249997
11.7073062273095
13.7356203998946
37.9590503701027
12.7649913380307
25.0275241422818
11.5801967233895
15.4462723001377
43.6771777321979
29.8401430710377
5.37578502454932
19.9111360060143
19.9845528741476
39.1324578595569
18.8925177427467
28.0436562568079
29.0294535635861
16.1555667037712
22.2691163149776
9.42784886784360
42.2970096921756
17.8503662071679
22.0293687664899
30.9289188854056
11.9114248968123
32.3121457879231
15.3392460700290
36.0403261515889
15.6016347039052
40.0260898818271
24.5527596220873
32.5575155166607
39.2983241277538
21.0487530984830
24.8845730799225
20.6683763214458
25.1404125610540
14.6855606379191
1.53869112235042
23.1051834096508
16.6587894282988
19.0428178894301
23.5468478264162
19.7650222303164
27.0090224691676
49.4389766500086
25.4561715866389
8.96051088552433
10.1541803179774
34.4232222548965
15.3344729368179
27.6753757201235
13.0513130320133
27.5131805178900
25.8958352643895
45.2514419908361
15.6997139637160
14.7879498731231
25.7053890244828
21.7132083212039
39.1985637050645
40.3422605650923
28.2490589120700
48.8886261963864
19.7042764711115
22.4798705494493
34.2536619083274
14.5889893999687
33.3622815114614
24.9991536474738
7.76636823103308
15.1124884956118
25.4288522981278
21.1773884728122
17.3064241703045
15.1908483595914
32.2315974811923
14.7173892215977
22.0930546127057
34.4958978165520
50.3389253100421
26.8659458383732
32.0172732355974
17.0244882287251
15.2649770338380
21.1713313306580
33.0068566715524
10.7653952737463
24.8421134660479
25.4683919590539
32.5910195411251
20.9385092320041
28.4626085145072
12.8927585120485
7.70913087838050
42.8349240321492
39.6783449037381
20.7694512362099
24.9858274758331
44.3830359311314
32.6839413512202
36.7681844213173
18.3148670684256
15.6235241742828
14.5601176087827
39.4341057667611
17.1641696466826
17.0793596557365
25.2576578609340
11.2568826901590
20.9713522892540
26.8221429624853
31.8196701587242
39.3948584722677
22.0549538482854
44.3603980618859
16.6497058295335
23.0307562848031
17.6495208209741
16.6724322655694
27.8179392198631
36.0328937770047
14.4820364686739
32.4439333752860
12.7379662200482
39.3648456912713
27.3048257223169
13.6894648010797
42.5761307529231
17.4645564157811
15.6196690084169
33.1379694774740
10.3460562264082
24.7480942945108
34.2736224343153
43.6796290136375
9.17190573872194
28.8223899692583
24.3182284883172
41.0083524917790
38.0039240363413
20.5262663816389
12.6503851597530
24.5544635015714
42.4376247035352
28.1516868205086
27.7842192307072
25.7663242704504
9.29227496041739
52.7008013059574
17.3494994063229
39.0800853682486
23.5830469212526
35.1935269528077
39.8009756083943
14.0441806168961
25.6438297213969
23.3356671895106
26.8021391177197
31.8925285960521
21.7703143032548
22.9388430488549
42.1499502028176
27.6970950496871
18.2920020217095
9.47345871580174
24.3670159201101
18.2597995391516
31.4770115639970
40.3549881235269
24.0989774208368
8.25238173923142
17.3044464592196
28.8331475300027
36.7388704676791
13.4324025319709
33.5445062025065
41.3165176493567
23.9896210643270
26.7298524023235
18.2494709103278
16.1310362274096
23.1805792207615
24.6142335003550
20.9647489145471
28.1377938734081
26.8488375750236
30.5053229201872
16.2329872481931
22.5260524756025
21.0293659386107
8.24767901169777
30.8833900211952
34.8807669420857
32.7728639007945
21.9483567808822
13.9236301031735
18.2743268642788
11.4551724866979
18.2893488145423
32.6671914370137
9.59755363673472
25.6591806878240
28.4508541504469
7.11492946767571
20.4848731755898
16.5007453904362
8.19877384049891
40.0989228114671
8.29571386440612
11.7995765203672
12.6194191356021
15.2207809917888
19.9175613662918
23.3406999682957
19.7338603466225
17.6624260275875
33.7712619707941
14.0259722194221
31.9281523081810
26.1768015738917
20.2765022659235
32.7700583369942
6.71330249877062
20.2831987144533
46.0572369625014
27.2892851760540
13.6387019430003
25.5827837031079
28.7863450920745
20.8646911942257
48.7274675451167
21.9291050660988
28.6359018368551
33.8380760287875
23.4319097344305
20.4159816157931
19.6142869745500
24.4280889799755
48.0772529524098
9.41503452113161
14.4580476679945
19.9713648920148
34.8778544072023
52.3912686111913
9.13184557742848
36.5950793529677
22.4208948349101
37.9120146268225
27.4184427947686
25.1554532936697
27.0709722464857
23.0340071459571
36.0039582967262
25.0262169586216
37.6050154342808
31.1910605610005
25.7012215235697
55.9539813730891
23.9242665371376
25.2673964295671
5.92306881016930
21.8706822995991
12.6666276725733
30.1557709231583
17.4228240111312
20.3053863931322
13.5363591316129
21.0026704892592
20.2257930485432
21.6469542950042
4.28993298782158
16.3915176173532
33.4419631310723
21.3187883115716
26.0781378123516
11.9028870884336
16.3446485431777
19.6448531776137
24.8253639046843
13.2723829001578
22.7762172781171
25.2678337441103
20.4038443496220
37.4805473240933
38.4951970237847
24.3560213383549
27.0927446904905
25.4312900699119
21.3467514208978
15.1814098963173
37.9050360577843
26.6482598740406
17.4568956051756
26.0199076844804
35.4295532561448
21.1151545637251
13.1197442665625
20.9728131721866
26.2583025757569
27.7098906526171
32.3634895995472
19.0420487001793
35.7758199061880
24.0052026977487
11.3569066497000
36.0474512187755
24.5047695269717
32.1572704863146
25.4240402841484
42.6305537139855
9.52930578006604
30.1902663812097
16.0853740992897
29.1515360964889
11.7053697617803
9.87674399030367
32.3698862260898
19.6189113760066
7.54211164661463
43.5138278993747
33.9977084104561
11.8580480676248
33.1984686702279
27.1872358911843
29.4945088653803
27.8436672052892
25.3550509787005
18.4381860539479
19.6114474815094
15.6748492720026
50.6594529670673
21.1187116351827
3.40620438171291
12.7355988811834
17.7978220490598
17.0578330502441
11.0555938627350
26.1103217745397
14.9822990668989
21.9528987974254
27.0885881646202
24.8149260778669
22.8007528940691
33.0241729638397
24.4364295724641
24.1514073568415
29.2604617091460
6.90376301013441
25.9800072122950
10.0560113514256
19.7942021859938
25.9977537629696
17.3314077822912
23.3112363929930
33.0904208298242
12.1579377548168
19.8258869221531
34.1020798324677
27.7767894100830
3.81187383841595
45.6800179936480
41.2732315029596
35.5680731399664
27.4543078785461
21.8677702084598
20.3851190872166
17.1881995845987
26.4995380035200
27.8808085194817
34.1745855190666
31.7281544647652
21.1266742650139
19.3387635996953
11.5312254205700
52.5633035824424
20.6028905578805
41.3636951981094
13.2034436587581
17.2884855551231
23.0012949407332
16.2461926782862
23.7111487163739
31.8486895886942
31.7333087454555
32.3121342915258
19.6935148159515
24.7757634421222
11.7110176874581
26.7580058185588
25.1094577776980
38.7980573288148
23.5614095089831
43.4188198748066
23.5893756434968
24.3002449781890
21.3364166871666
32.0561241852723
28.9688502298590
31.7150153001697
22.8461627335971
26.8421394262827
24.4857094095719
27.2942403668631
27.8421293248649
24.7235842848483
12.3648460995841
37.8178828032242
20.4042803396738
21.1155170519218
49.5074750891509
38.5887183593806
13.8653624727232
37.7583023217411
18.9180931818458
15.0137641466089
20.0996887058929
22.0740717696124
12.1900011526866
24.6957352249331
17.8497962803501
35.6957288063768
32.5505800055252
34.0790985563366
27.5129121630190
16.5384763173637
28.6038737944706
14.4237981723990
23.4458621774419
10.6766906380207
23.8958200817632
39.7660922367887
8.62984469732799
15.4396782553457
41.9836843985720
24.2200176822809
35.1860117906449
16.9199565546251
32.3126342110157
7.26330653215187
24.3333982377226
17.5734168547980
19.7350510255966
29.0276596965721
24.9885223720591
13.2808516019267
18.2811078196290
39.5845922797254
35.7745318656499
31.4685459716451
23.1348847961255
17.4585446775956
30.1493361991603
32.9608541936112
19.4028312429939
27.0040047318264
26.4073937194207
37.6773904908779
10.3319950024185
25.4047975634525
11.6903190264424
23.3871054767365
26.9632409188881
17.6085045868694
37.3394086426124
23.3442791055967
17.4505176736279
35.7979792483892
11.7875681325242
24.1322840258460
27.6632922886991
61.9994110559197
11.3389681116493
19.9913651009630
34.9503658099597
15.0231277996994
15.8953466237764
21.7223258572833
25.5140165512214
34.6356495804020
25.2433014370961
17.8190798943745
38.5696965786613
24.3954595865706
8.11071448209099
39.4999635763123
26.0071489952282
30.3359532719840
20.8688181730447
4.47522054416316
24.3531350240580
20.8574026966447
24.2234168469272
31.8985308495297
3.53864720762044
10.0685152276788
26.0806141684604
24.6143785580705
27.3454909016093
12.9777202621300
24.4318468374047
28.0536293795224
17.0869306196286
37.6633571585168
13.7388093502348
28.2293714084480
19.3183571509673
11.9868105131474
47.1093381980686
19.5190764258968
14.9971294244232
19.2331293566180
10.8764937283897
38.1266049309403
22.9514577151431
26.9546392409544
31.8497815480735
11.4591423885734
28.9128491724717
14.0077165796321
47.7075647983305
20.9482647627435
16.4187047531162
28.0399338210703
12.3110296053620
34.0283183788150
15.0133067507595
35.8379409486650
17.7612674491546
27.7781087716857
21.0674473446595
32.1501815444361
36.4188438589983
20.5881777090494
15.9579257885259
19.6016546860820
33.3380090620301
12.7897560668685
6.62716151576981
17.6160534800335
25.1566423109782
17.1392264227415
15.7002963835082
31.6166122671294
24.3823223565763
43.2275478986676
25.4744664666897
10.1445255428729
17.1770437453277
29.1508324601545
16.5955289847628
21.8309272109547
13.0343942904993
25.4321825774923
21.8563883129716
47.7929377533795
12.0844421869815
10.3684586188112
20.7842628429516
31.9864646861762
33.8760916301897
43.4788403534455
27.5112160538207
49.4885382965682
23.1378100904126
25.1157013758326
38.9238631945030
12.6961168933655
24.4973903814774
28.4287678733286
22.0363810008349
16.2792698937299
19.5719968220006
24.9430111802886
21.6001151099155
17.3340339302162
33.0717657677966
19.0112209510594
20.7103418898289
33.8792485422876
56.5121783684623
31.5281818964193
32.6473710519377
20.4876406342214
13.6685365473265
14.1858721946731
36.9196569753741
13.1715699269297
26.8620255018121
19.1457004435878
41.3720024064584
31.6795563481940
29.6108321046539
12.0111151060174
15.7406884245893
38.9194802262325
36.0621283724019
17.1494828575791
21.4235661319492
34.7160525903738
28.3764076905023
41.9009195919374
13.4803628278656
10.9681581489328
11.5835710033348
41.5233506853948
18.6117335615574
23.9101269667248
19.7805884165301
9.20671337989841
25.4947016672881
28.0027860955370
26.1910146883029
34.4369682512848
22.7945726335783
34.3055753422093
18.5725482594608
15.4521609883537
16.9654390320469
17.0863267525849
30.1157505053568
35.5981265915610
27.3282304140993
27.5625820201755
18.1137624145179
37.5761359738398
27.7429308972574
10.5220573385674
31.0720013107443
12.1494533230924
13.6449981935836
36.7024904745223
11.1345110014944
25.8168729353963
29.6939202270431
40.5382360943702
8.59334531658073
24.7855913139066
7.52382801920008
39.3726312621801
37.0906454525936
14.9534375203170
9.02727219452809
23.8470284800853
45.8821828574622
17.3404338268943
26.0916899089059
21.2204515715382
7.50843006226997
44.7128893518424
20.8112669749249
32.4893045898200
15.2866420347963
24.3073745728760
40.3264265042168
11.4252271749843
26.7464127127359
17.0444037337772
33.4266142199805
30.6119899950983
22.4247433261476
26.7742337318924
45.0708420700124
29.5036772650461
8.33101756536381
15.8741398165570
31.1033620996187
16.9049209919006
36.4143712042375
42.6313875506064
31.2477565498709
17.8720757963478
7.69591906547880
17.3668166757757
24.8561028522172
19.6318587969886
28.4868787370273
38.3094317170119
22.9640828512701
37.0591717802759
20.3082391574479
19.4628222612472
19.3224235076659
15.8811535210764
20.8144724278565
29.7701930438232
31.0564150465262
40.3131482839036
27.4210775707302
21.8403372784305
19.8931449373899
21.1702950784915
26.5662077766662
31.3304768715703
30.8290419637069
20.1564408834993
12.6974761767841
25.8979024310850
9.82655263508011
25.6591810020039
39.1666076383710
9.11064795335656
22.4637903070697
23.0080473441881
9.24455751856540
21.9242634512542
12.3566380953336
18.8247172969536
29.6424177961245
17.3434349590284
29.9766325241579
10.3680990725446
16.1078261158978
14.8368806283531
28.7248071923904
18.4277421142716
19.1285813099142
22.4681216101836
15.6449647466373
30.8401406358661
27.8350160564635
17.9799544079956
29.5122295176508
5.25161733754467
28.1807248665129
36.1953488764786
24.7136923417089
12.3046398260819
20.9625411126609
24.4960415158225
12.7095756911866
61.0269784813446
28.0787316567184
20.1627256612319
30.0839297097304
18.8362371576544
18.6131439938045
17.8131700621338
16.2459586322260
45.6800541730195
18.5866984657012
21.5198743781185
15.5664085957552
33.2787645459623
52.1412004666176
23.4880485449515
37.5278052603413
27.5444671173722
32.7690544714812
25.4136415533075
24.5235659743847
19.2206556280503
27.6271378622746
34.6334997257121
24.1131189463827
36.9648136704367
30.7392700695706
27.1664735733220
57.9211596327283
28.1713853752349
17.6947708902941
5.85128144341050
18.2613732825903
12.7169748547719
31.1003539550598
19.9553266578349
16.7353258015731
15.5700776804870
22.7082082584888
11.1858061493126
23.4840692734458
15.9686781830432
19.4814202844659
38.8345872240992
18.1202474170443
26.0859812864309
10.2066836141814
21.8137278057305
22.4251603927375
28.6165308327197
11.5678158647171
23.9002687203387
28.0078748677742
23.2120795470806
34.9822906730391
35.6160482167801
22.5729978741881
25.0661206313581
29.1047295243161
25.6735257544129
11.8094467064465
30.3154443791345
19.2895717946252
13.2789180037104
17.9235065504856
34.2295082931803
11.9788105690841
18.0162833486377
18.9789101789328
15.7204200621357
21.0371904466827
28.6054971196097
19.2599786614627
35.3302814469539
26.8447418183599
10.6370798967573
39.3966932436226
24.0809192302038
29.4715673531117
28.7367674386386
40.3074413871980
5.12642469617959
23.9850006420679
13.4017613061455
27.7847988395471
17.4364767433103
15.3377624615489
37.3999753200453
26.4891444219401
4.69487122294105
41.9321405201118
23.9998374875352
18.2459434371832
26.2625793746044
31.6598727105622
24.0281827025953
24.4126474926420
19.1841311283597
25.5174254052500
15.7171755417441
17.4242930441955
44.4621016837599
21.0900521589587
16.9738822539218
3.73915190551282
12.4282590393385
20.0634793982524
19.2350040001827
23.1985785394278
12.1729512207558
25.1499483702771
23.7373309652307
36.5012093965392
24.0520401681625
39.6285788055338
19.3649601259595
17.1295558766128
28.4785809488903
8.88503409670441
30.5744966814582
22.4057410959423
22.7685490627510
24.6681154391676
29.4509979757868
14.8095561778333
36.6369129910750
16.6006411773763
13.9745282138611
28.7161978319293
24.3452549602915
5.66298172167276
45.0399134136308
49.9766002876886
28.5206357011358
23.0530301544070
19.7093128325165
17.0415614096831
15.3450699437963
22.6962581493073
40.2473085490396
26.7366303542986
26.0868801115139
22.2726027185868
29.7295892786564
12.4781261842033
49.5145027954437
12.9597911788732
33.5868783341426
20.2907251378555
20.1360782761416
22.2696256273539
8.44093602925648
28.9131385264554
26.3975442251813
29.8074127062129
32.9999896573453
23.3025806404441
29.2573834723818
19.2097761595522
33.7043612065041
23.7195232849313
46.9654881194428
28.4400268987214
38.1677668556493
11.8052868445286
31.8507985006656
28.2228966842527
24.4272996927618
26.3438497407365
27.8539297315477
26.4638889373803
23.3887629910177
29.2479825848297
30.9018473200328
28.2482616247655
23.1474536364154
23.5724072199107
34.2257293027313
18.9367533798695
23.8191091571471
40.8284643004118
35.5361354651304
12.6576663192707
30.4843981283804
10.8389060039332
14.7495999596599
20.7555312208963
15.9445537620824
10.1807172418057
18.7225239609399
18.4426914828070
36.5161281693911
29.5677029369885
27.9605800957348
26.2412110454624
9.20414484349305
33.1186724258386
13.8374419024074
22.9492348934687
10.9318360786283
33.2975068634034
30.8583156716306
22.2843186462791
22.6834840577897
44.4792158118823
15.9708977884777
33.1585241999701
19.3457310539044
30.0867042888532
12.1721464980504
22.8584486105247
13.6024607571571
26.7968523151507
34.1074482943374
37.3596184110598
12.3869832085944
18.3952185148750
35.6076497285078
39.3418779905078
27.2726568249227
25.7939297498462
11.1668456942863
30.7372970630145
30.4381036460880
21.8120295039228
25.3238242763608
16.5520210104386
38.3535556860586
12.9473084077410
18.8277083443525
16.1348953410954
16.9077581079929
24.8984362370411
12.3280978553060
39.4520214672201
20.5770069020837
10.5662767576853
39.2156049319668
19.6243306413340
31.3222469074299
35.4919876269123
58.4592938694952
20.8714942301695
16.1455385097060
34.4320188912878
7.05215129517226
24.1343085212732
31.7275847547524
18.4286197369743
38.5456363990789
27.1353866825221
14.4308506350111
33.1416591167371
28.5491911710297
6.52793593412191
37.4366073146913
24.8953408767585
31.1531258088831
7.76104174837374
10.0695618425034
36.5580040467529
21.8197801286012
25.8790606351564
37.0095716469402
13.0759183937496
18.9837540676396
22.7769582464384
12.5962152176001
22.9068495854406
12.4222040426045
23.9126860891871
34.9040137956941
16.9858169002848
25.9245092178984
14.9301347569270
24.4086094093867
14.3037646617944
13.5311176112692
45.8214726102294
31.4576565791224
13.9560238354948
24.5936386201798
10.5678632584832
38.6700035691181
13.2110870602120
26.5976338402498
25.6670317169711
18.4789505113278
20.2217369783730
16.5669096276282
44.0484493726669
16.9375101375615
22.4284567871176
40.1112408422490
4.21894398635488
27.5379283812345
25.3047624114513
27.7211790226498
19.3920117380843
37.3637279213196
12.8203446966140
34.6911544619086
42.4950658745224
21.6573587055301
27.0133713366177
22.0912536525205
27.2109732918468
13.6249261212676
9.99177163520064
12.5282872991483
27.4276564738951
7.32824324105034
25.0636448176418
24.3087598449798
22.4271939256431
41.3386499652033
32.2524854274845
18.5152699264688
22.1586500168670
24.3001772637567
19.2842001566697
24.7873912198702
9.56856172891203
25.9452363399700
23.3971681341995
41.8631907533336
7.86198838017458
9.75603578082839
26.4493191912382
23.7975983136955
34.7324768902248
34.5083603598737
20.3233269237593
41.3843676231847
20.8329301640456
22.7940285630886
43.5820527726723
17.5890009926943
35.3024285296352
32.5113301082868
16.7599471363605
19.2375936722866
25.2912792005466
17.7501468023478
16.5468053217411
7.28870374620891
39.2667922046772
17.1237737436699
21.1317254468252
39.3034020007887
55.5107785989496
20.9880581988902
31.3697490020242
12.9298636531868
7.60198240855632
15.0436881408782
29.9153019581953
13.8670087372872
20.3853535330050
31.9443023479932
34.6625718301513
30.0888708317544
26.8265657930716
18.6639374155080
20.6774067561675
50.7839200704318
29.8465577831012
22.1805881899015
19.7257931130817
44.2283616350414
24.3920130106640
37.1785898264041
23.1208132711633
15.5965857267705
21.6455492933305
43.0414560408915
21.0655712825454
26.2042767847159
19.1892266933819
8.79283641267136
17.6147252277746
26.7620363259020
31.2771574784362
29.2124394558209
16.4085124340996
32.8069650999982
11.8430963100872
20.3693596125553
22.6922765030307
8.67906786066338
23.0650883994491
28.9386899553176
20.2142689763939
38.9943782795674
13.8783747117883
46.5015474361875
24.2056420309398
10.5783899271108
33.0763426353338
11.0060919494660
8.30230949194259
31.9294740764705
17.6656322810705
29.3803980657172
29.9814198489832
41.6083749281512
2.87061104470810
26.7733010456313
21.0762838019420
37.6099576733928
36.1681250274326
8.53360739078148
16.5150095491949
22.3491479627300
37.4561580515140
26.7143411606949
27.2226822335052
23.9934153349289
6.69491266933333
48.7397774847198
29.1101207192619
35.8561361095991
24.3495539624446
30.9748882050945
53.3833953902232
13.1224434832084
21.0765461594161
27.3275758346766
28.2192032391065
27.6785250692662
15.6507888456014
29.6243893177564
36.9924914625928
35.0616946825392
11.7778788711762
8.29755137721967
22.3654195443680
13.5590354991559
35.1964725025591
39.9293165664027
26.6113453156149
5.59653285615299
13.5418712610186
21.6568175659791
30.8793681931091
17.0978834643356
23.3055611067401
43.9819396298071
27.3266272395625
34.5363279265471
22.4885170075752
23.5603026589219
17.2587590194081
26.6556566505142
25.2545987281525
23.9143029011928
30.3763039550568
33.0315976690502
15.8828679164060
22.4255911959975
19.7139403778139
14.2539945054009
31.9716399732638
24.5105558778437
34.0170683686881
11.9364040666995
10.4681702431705
26.2910726888425
9.53091540042195
27.8030031983957
32.8424734831666
17.0252402741488
25.9121043130426
36.0075859699369
6.99225460946611
21.3988326525747
16.2225707882567
16.8129139488073
31.3449437519036
11.5783617429237
26.1093311520996
7.21872525591603
23.0550704202438
22.8773861038996
29.5492576346683
21.9569476840475
16.7674854554880
25.8509989899810
7.77591917717771
22.3470289240338
28.8331659414987
22.1594926773516
36.6666806992397
8.16639834933370
19.0200706038017
42.0160469517302
26.1281944138894
16.1244187693696
19.7711430175395
26.7472537926793
17.4683017634800
52.1935618472240
26.5335780250233
29.5536405868786
22.9524863951599
7.29809682383018
22.5171272088603
16.6743116904537
20.8376544930086
51.8120633924591
12.0667603692955
15.5263390807363
18.6549274919524
33.9909587063972
43.8258223169971
16.7414757921755
27.3077039412855
30.3233322401678
28.9575466020518
27.5202716580433
22.7094249239473
21.7550155228628
28.8742394651357
36.1510759824656
30.4727064543011
30.3284901872810
34.5635625443631
26.0270619125556
48.0217088958275
23.4683022290940
13.2523763895386
1.46103893171947
25.6730688804222
23.1071360211516
26.5211527218106
16.9884898334137
19.3984963667290
19.3284598812865
24.4990615934570
14.6485992399990
23.2484301132356
12.5846719248616
22.0447914059081
29.4648579294538
19.2403613253494
13.5024054590284
16.4601042308364
14.0972369448768
22.5122109880394
32.7678843865453
6.25090667923461
20.2630679156070
15.5551079185363
34.2670559144275
35.6114513073098
30.0595402378496
27.4456208100673
27.8303937084979
34.6775550654886
20.9857090702221
9.21687388651924
22.8271107440342
32.4892247467310
13.5558167061229
26.9568670340231
38.1761254143214
20.6686575986444
25.2479232977685
27.3708808439077
18.6509101816212
16.2600694954265
27.5252885636845
8.98882334513255
36.1543059850414
32.7009607823394
7.91366446218187
36.0629691211428
26.5454726882175
26.8855479166782
16.2864703837265
42.9772727392339
7.24137166633504
30.7983409924950
15.7238544616134
32.5006961016222
10.0714224291755
13.3807625111576
33.6792951441981
21.9763937373719
10.8273136599066
42.1010127205986
16.8212656088090
10.6649387218118
34.7648107473635
38.7700020976270
25.7684737685413
28.2566144022953
21.5553105124932
24.7127581764986
15.4342770170812
21.8871706881863
47.6150658164294
19.4463278147829
15.1958323500228
6.78153960174237
10.7798072640469
19.8690761156628
18.4375504159311
13.2947928836820
21.9989933699272
21.7289672112045
20.8292712042452
35.3577416143636
23.8323217815638
32.4935860630987
22.5353019089694
25.3962432921170
23.2083894445522
16.1431584821558
47.9443048322739
26.2341110985297
20.0329489534641
19.9085560109215
24.3193830419277
17.9149042043210
28.2044277880265
14.8964238477730
12.3604798875286
30.1062409598076
20.2665131189359
11.8612510933712
43.4031521222319
42.1127273627581
28.5800505957232
34.6607656131540
23.4074737751343
18.8456942066351
19.4889482220309
27.5771957285363
39.8505017652225
33.9992546788896
24.7134318475298
22.7290643511782
24.0492644164016
9.69280566657557
40.2666129567661
27.0619560468196
33.4754329441756
12.0381519359452
24.8896233714474
15.9731869584626
13.9113198974792
23.8690328038151
29.1639211923312
27.8172149213396
31.9784745535180
22.7143600900400
29.5802231146504
12.8235239248032
26.8713329183723
36.9756509680411
48.0140881039097
27.1915997548214
32.0670521496754
12.4640123287006
25.6918008134891
27.8979450368512
30.4985974495222
22.3810764953900
35.2052584106409
17.9789865932427
21.5536549397081
33.1841052409132
21.3988919986526
25.1605174549332
28.2617303442305
7.93100046715419
29.9514448100588
20.9677498401712
37.3284385027354
43.9116250177558
31.1578847792978
7.25741827993951
16.2918499873403
16.7400578007515
24.0261983118428
5.72909559354703
12.4795278543741
8.67887277300455
23.1286741740637
15.7069931804977
31.8474558520771
32.1440762479074
19.4962744312856
13.5394848839275
12.3803090482427
36.0721914227567
12.5315722690533
25.6560014222793
23.0531997200736
27.5289685803537
26.2846331315105
17.7217334197335
13.8806130042192
32.7164254504431
19.9649026756957
24.5403947983646
13.8814719716210
31.3150156701222
17.0423835730067
26.8956651345082
10.1827932071706
31.0730421316114
35.6713398694582
19.4740133904134
21.2382682958592
14.3891437319946
31.7832634318190
32.6074779278144
24.3746249384991
24.3739865818048
8.64331352723016
37.1721833297427
31.0298701524837
23.5052746265397
20.0291490349524
33.0152026590577
39.2228449198933
18.5055450903911
33.6527457740078
11.0834439543853
23.2489311673914
22.8526896180318
16.3028144272699
40.9415883546303
21.9630928343437
12.0213044221499
43.3575047401208
9.02733979513899
27.0726812851055
40.9897307302805
55.7333470792505
14.1793166957686
23.4618663451482
37.2001307606317
13.2133952805477
16.0623358310334
29.1100521390808
17.9288842249148
30.3663975724192
22.9551743569941
12.1889948560166
25.1245760827919
27.8240652308105
9.64730303660044
31.7960320524433
26.3773735747136
30.6621540733850
12.9115729266422
13.5674901897882
27.4208595352151
28.1335956383894
22.8849303697957
37.4941956680511
12.3097949751408
17.7406887066568
20.7629296824894
16.3887669081600
25.8279800487765
11.6188075401276
22.0750985585206
28.0869864086555
12.1736241526507
27.5946896702681
17.0659575129115
25.2428501673246
22.8947538177221
14.9565331628021
48.0869234866777
28.6485652570945
9.42045312073685
29.1082755693307
15.2620285094250
38.1183534356929
23.6546849490835
29.5195129867500
29.4653749624877
19.1315397283988
11.2199672959417
16.7906897442273
51.2550726268698
23.8889488571599
24.3758448959702
28.1717504748924
6.18380913434430
27.2348447394143
17.8869465088371
27.1415794317501
19.1499393690946
37.6935327126551
21.3642000152124
31.4851855140176
31.8313943241574
20.4013485219875
29.3309900965259
22.2191954683895
29.7038535411552
11.6677259073909
4.51554781832726
21.4728138093393
25.3922301889771
16.3161062000099
26.0455246937665
31.7254001229866
28.6133421475018
47.1951213407469
27.9718764127471
12.4504669426492
24.2627864840376
36.8638702017300
28.1896161250226
21.8912241576390
13.0099906452849
26.1961005544890
24.5373517379627
41.9670633467592
19.3000794193288
23.1087482015015
20.8823741168695
31.5105195142828
38.8959228917377
38.9716117039057
22.0976360728925
47.5799536662511
15.6197577718094
23.2516673079244
42.3089982979555
17.8158211244640
21.2192172677882
24.5103973370099
13.5111496168646
17.1141955663011
28.7939211051569
24.2048903013420
23.2938016553761
12.4711520830307
34.8911718078499
24.2014483821857
19.9466132325766
38.3263226771693
49.0863030133712
23.6302101446017
31.6432526597694
20.1436460046959
10.9083085636592
19.0679865224412
38.5768614387122
14.1225493215637
24.0572900491223
20.9882268481547
35.5917234638897
24.5865526833267
33.6405604061526
14.4569119648700
14.7821986693455
35.3424852560711
37.4037526526751
28.1478540178466
23.7132742868314
45.1032467866782
28.6703159474412
44.7686101627301
12.5594750497344
16.1749001109744
22.7009618776474
35.7998730848309
23.0388454897375
22.3571983271697
15.3318111793878
18.7436214999263
25.3995480170652
25.2184239837088
33.7930713074395
35.9773221627180
18.0758079868757
40.6350835521523
9.99989281992563
20.1087527134330
18.6643448339448
19.0829993048892
21.7227340193264
36.1194170165633
23.1403251506564
35.9135975960582
6.49699925888870
42.3787473468719
38.3386609788344
10.8137481473736
39.3367619757905
18.9155899114064
6.60471531559079
32.8998499473493
4.44118467303488
28.3129611143112
38.1971098917300
34.6713141101185
4.99698076041924
23.2012332939437
21.9939606361042
39.8517873572817
38.4717865340304
12.9320366279136
11.2660516446535
22.8024912959089
40.6393367687023
27.4846800938268
25.5975913788098
24.0379350911928
16.4446003481386
50.5597516632548
18.3408926141587
41.3525031294177
13.8405067139899
35.4482772869148
50.0633871522932
14.1106158072566
29.1220207755231
15.3842461407766
34.8628551732715
36.4316123151309
15.6049104950974
30.2449947080505
44.5754408369676
32.0405834973398
17.4197702180597
14.9517322606400
19.0854534347497
13.0089542294260
29.8283474148334
34.7731691034855
13.7083056422010
14.1435571699485
7.40704735319682
18.9167823442572
33.4497691633291
18.8823800960472
29.8329217638836
39.3096915631079
29.3756966605049
31.1715738555579
23.8009876811867
21.2356607006328
18.2371188271363
25.2277834660836
22.1361594139543
22.9872230782668
30.4959361595426
31.3624252595363
25.4028533979945
23.6060278227829
13.2397655874264
15.2551450576519
39.5838797593162
31.2813461340397
28.1610529719682
16.2420621502407
10.3106526393823
22.9847021639198
13.8681520921138
17.7670804728858
37.3139527631421
6.80407251945480
18.1503274970453
33.2346161732372
13.3727182944119
20.5865527275962
16.0021839487740
16.0730096276335
40.2833694464602
7.24441863022838
19.8461204984148
16.5912374662320
12.3014901062473
17.8646090189626
17.8705864808629
27.6489240430799
22.4293301516117
32.4457167497792
20.5264852877057
30.9351176375653
25.7543161451746
23.0511356206741
43.0979277349851
4.08355546797150
24.2871728704784
42.1245358399354
26.5026618809526
16.7609337430705
23.0022222228723
20.5814578146544
17.7850704136925
59.6609172310483
24.1739411147624
22.5518859694195
29.9154819142196
14.5128559579567
23.4823280960385
18.7613568085306
21.3350242343429
47.9152907400565
17.1047299688244
16.2826972633529
15.6008666259282
30.7850697760392
54.9230114487033
17.8280384226645
19.0279986574443
26.0379291198436
31.3506357411839
27.7753524811045
27.6887581324208
23.2404430396862
29.8321976596445
47.9598057957911
28.2833806648445
39.4347684579230
32.0508045094425
24.9180366122614
49.0583650524556
18.9864600025413
30.0334939933885
5.64916360623411
25.5521987745282
21.3602645648409
26.7710040403792
18.9803899259209
16.4389418550708
23.4809381680141
35.4177822391521
18.1146027513716
13.8060529884540
7.93953089420276
15.3500452820179
34.0477933605469
13.6754658575129
24.0001277957365
8.68247690754199
19.8755844792398
16.8788545879156
15.7079456979581
5.57292148697613
18.6838835608661
17.8441114992622
30.5672710949555
42.8296044418928
37.9305576737596
21.9180692356786
32.0133973387705
35.2379066910465
30.0090023726214
12.9075502599215
36.3200142298981
22.0602882594494
9.56984754110534
23.9273668846135
38.4007092514305
22.6739534965233
21.5477936963393
24.1290235320640
20.7994142351413
25.5008979263966
30.3072242010647
18.0505375569926
42.5262640485160
21.9442750568343
9.41506785843312
40.8037357204092
30.1248211462339
27.9142655314017
26.9676827450932
44.2062759878459
13.6308388053120
27.7181790940531
22.7842833982112
39.9103936988850
10.8900256138771
9.76964335228775
34.8573637449822
25.2109670472991
9.95371867293828
35.4958644937984
23.5595188702995
19.3115036093796
36.2024830909718
19.8030771277698
28.1239556219764
28.9910325093813
17.0241447200733
26.3938063915097
22.1107382971736
20.3629465690234
48.1084898665340
20.4237734948760
9.89359548698047
7.73125046250353
9.87424340190175
19.8203292164888
8.84916180668631
18.4198586720963
16.6568755640336
21.4369600869363
21.2673608015405
38.9739502117196
21.0921626480074
31.5256787710733
31.2944141407632
24.7834947027250
32.3632355230437
7.63233948406384
26.3248920955053
25.5445533740032
11.4376650611084
26.5339490255107
27.7281237518877
25.2028478457574
28.4598393407271
19.4225895699338
23.4329588264052
39.2433784938300
20.8577111999375
11.8580090689795
42.8115532100402
43.2967375975246
28.3822105942525
34.3021947332821
26.8609587685049
25.7893985594856
26.8489444745971
29.9895982450582
38.5107076504439
34.5617689201522
26.5871722568103
19.5929490636708
24.7387360148331
15.3559577249386
45.9810614146737
21.4667216539927
39.5160924365011
15.6792299824194
22.2984097276017
12.0313385946868
10.8090025623274
30.4413440347843
33.7132853293772
22.3625993216352
32.7047402003135
24.5951156852331
22.5227115983311
16.7911678974394
25.6920463347395
31.9711120666720
45.7405486492193
21.3138031541745
39.0846192641044
15.8169403315717
25.9346228370493
24.5337877694742
26.6577947874315
25.0136238862465
23.6150000815160
22.2551946637184
19.8608474887151
25.8374350563286
25.5786184052794
22.1736428783905
21.6634051157707
12.0879742203770
33.9213108194908
22.9636009628281
26.0337127018583
49.3154126176594
35.4731049333153
9.71713921378098
26.6814108271677
13.7613351350805
19.1488463999793
8.90523225862188
17.1952555390986
13.0157545482388
19.9903290043686
19.3457410506912
30.9667241498031
29.6929685691562
27.6801187109087
28.4203419905605
16.7992445693251
27.7596622266915


















































































































































































































































































































































































































































































































































































































































































































































































































































































































































































































































































































































































































































































































































































































































































































































































































































































































































































































































































































































































































































































































































































































































































































































































































































































































































































































































































































































































































































































































































































































































































































































































































































































































































































































































































































































































































































































































































































































































































































































































































































































































































































































































































































































































































































































































































































































































































































































































































































































































































































































































































































































































































































































































































































































































































































































































































































































































































































































































































































































































































































































































































































































































































































































































































































































































































































































































































































































































































































































































































































































































































































































































































































































































































































































































































































































































































































































































































































































































































































































































































































































































































































































































































































































































































































































































































































































































































































































































































































































































































































































































































































































































































































































































































































































































































































































































































































































































































































































































































































































































































































































































































































































































































































































































































































































































































































































































































































































































































































































































































































































































































































































































































































































































































































































































































































































































































































































































































































































































































































































































































































































































































































































































































































































































































































































































































































































































































































































































































































































































































































































































































































































































































































































































































































































































































































































































































































































































































































































































































































































































































































































































































































































































































































































































































































































































































































































































































































































































































































































































































































































































































































































































































































































































































































































































































































































































































































































































































































































































































































































































































































































































































































































































































































































































































































































































































































































































































































































































































































































































































































































































































































































































































































































































































































































































































































































































































































































































































































































































































































































































































































































































































































































































































































































































































































































































































































































































































































































































































































































































































































































































































































































































































































































































































































































































































































































































































































































































































































































































































































































































































































































































































































































































































































































































































































































































































































































































































































































































































































































































































































































































































































































































































































































































































































































































































































































































































































































































































































































































































































































































































































































































































































































































































































































































































































































































































































































































































































































































































































































































































































































































































































































































































































































































































































































































































































































































































































































































































































































































































































































































































































































































































































































































































































































































































































































































































































































































































































































































































































































































































































































































































































































































































































































































































































































































































































































































































































































































































































































































































































































































































































































































































































































































































































































































































































































































































































































































































































































































































































































































































































































































































































































































































































































































































































































































































































































































































































































































































































































































































































































































































































































































































































































































































































































































































































































































































































































































































































































































































































































































































































































































































































































































































































































































































































































































































































































































































































































































































































































































































































































































































































































































































































































































































































































































































































































































































































































































































































































































































































































































































































































































































































































































































































































































































































































































































































































































































































































































































































































































































































































































































































































































































































































































































































































































































































































































































































































































































































































































































































































































































































































































































































































































































































































































































































































































































































































































































































































































































































































































































































































































































































































































































































































































































































































































































































































































































































































































































































































































































































































































































































































































































































































































































































































































































































































































































































































































































































































































































































































































































































































































































































































































































































































































































































































































































































































































































































































































































































































































































































































































































































































































































































































































































































































































































































































































































































































































































































































































































































































































































































































































































































































































































































































































































































































































































































































































































































































































































































































































































































































































































































































































































































































































































































































































































































































































































































































































































































































































































































































































































































































































































































































































































































































































































































































































































































































































































































































































































































































































































































































































































































































































































































































































































































































































































































































































































































































































































































































































































































































































































































































































































































































































































































































































































































































































































































































































































































































































































































































































































































































































































































































































































































































































































































































































































































































































































































































































































































































































































































































































































































































































































































































































































































































































































































































































































































































































































































































































































































































































































































































































































































































































































































































































































































































































































































































































































































































































































































































































































































































































































































































































































































































































































































































































































































































































































































































































































































































































































































































































































































































































































































































































































































































































































































































































































































































































































































































































































































































































































































































































































































































































































































































































































































































































































































































































































































































































































































































































































































































































































































































































































































































































































































































































































































































































































































































































































































































































































































































































































































































































































































































































































































































































































































































































































































































































































































































































































































































































































































































































































































































































































































































































































































































































































































































































































































































































































































































































































































































































































































































































































































































































































































































































































































































































































































































































































































































































































































































































































































































































































































































































































































































































































































































































































































































































































































































































































































































































































































































































































































































































































































































































































































































































































































































































































































































































































































































































































































































































































































































































































































































































































































































































































































































































































































































































































































































































































































































































































































































































































































































































































































































































































































































































































































































































































































































































































































































































































































































































































































































































































































































































































































































































































































































































































































































































































































































































































































































































































































































































































































































































































































































































































































































































































































































































































































































































































































































































































































































































































































































































































































































































































































































































































































































































































































































































































































































































































































































































































































































































































































































































































































































































































































































































































































































































































































































































































































































































































































































































































































































































































































































































































































































































































































































































































































































































































































































































































































































































































































































































































































































































































































































































































































































































































































































































































































































































































































































































































































































































































































































































































































































































































































































































































































































































































































































































































































































































































































































































































































































































































































































































































































































































































































































































































































































































































































































































































































































































































































































































































































































































































































































































































































































































































































































































































































































































































































































































































































































































































































































































































































































































































































































































































































































































































































































































































































































































































































































































































































































































































































































































































































































































































































































































































































































































































































































































































































































































































































































































































































































































































































































































































































































































































































































































































































































































































































































































































































































































































































































































































































































































































































































































































































































































































































































































































































































































































































































































































































































































































































































































































































































































































































































































































































































































































































































































































































































































































































































































































































































































































































































































































































































































































































































































































































































































































































































































































































































































































































































































































































































































































































































































































































































































































































































































































































































































































































































































































































































































































































































































































































































































































































































































































































































































































































































































































































































































































































































































































































































































































































































































































































































































































































































































































































































































































































































































































































































































































































































































































































































































































































































































































































































































































































































































































































































































































































































































































































































































































































































































































































































































































































































































































































































































































































































































































































































































































































































































































































































































































































































































































































































































































































































































































































































































































































































































































































































































































































































































































































































































































































































































































































































































































































































































































































































































































































































































































































































































































































































































































































































































































































































































































































































































































































































































































































































































































































































































































































































































































































































































































































































































































































































































































































































































































































































































































































































































































































































































































































































































































































































































































































































































































































































































































































































































































































































































































































































































































































































































































































































































































































































































































































































































































































































































































































































































































































































































































































































































































































































































































































































































































































































































































































































































































































































































































































































































































































































































































































































































































































































































































































































































































































































































































































































































































































































































































































































































































































































































































































































































































































































































































































































































































































































































































































































































































































































































































































































































































































































































































































































































































































































































































































































































































































































































































































































































































































































































































































































































































































































































































































































































































































































































































































































































































































































































































































































































































































































































































































































































































































































































































































































































































































































































































































































































































































































































































































































































































































































































































































































































































































































































































































































































































































































































































































































































































































































































































































































































































































































































































































































































































































































































































































































































































































































































































































































































































































































































































































































































































































































































































































































































































































































































































































































































































































































































































































































































































































































































































































































































































































































































































































































































































































































































































































































































































































































































































































































































































































































































































































































































































































































































































































































































































































































































































































































































































































































































































































































































































































































































































































































































































































































































































































































































































































































































































































































































































































































































































































































































































































































































































































































































































































































































































































































































































































































































































































































































































































































































































































































































































































































































































































































































































































































































































































































































































































































































































































































































































































































































































































































































































































































































































































































































































































































































































































































































































































































































































































































































































































































































































































































































































































































































































































































































































































































































































































































































































































































































































































































































































































































































































































































































































































































































































































































































































































































































































































































































































































































































































































































































































































































































































































































































































































































































































































































































































































































































































































































































































































































































































































































































































































































































































































































































































































































































































































































































































































































































































































































































































































































































































































































































































































































































































































































































































































































































































































































































































































































































































































































































































































































































































































































































































































































































































































































































































































































































































































































































































































































































































































































































































































































































































































































































































































































































































































































































































































































































































































































































































































































































































































































































































































































































































































































































































































































































































































































































































































































































































































































































































































































































































































































































































































































































































































































































































































































































































































































































































































































































































































































































































































































































































































































































































































































































































































































































































































































































































































































































































































































































































































































































































































































































































































































































































































































































































































































































































































































































































































































































































































































































































































































































































































































































































































































































































































































































































































































































































































































































































































































































































































































































































































































































































































































































































































































































































































































































































































































































































































































































































































































































































































































































































































































































































































































































































































































































































































































































































































































































































































































































































































































































































































































































































































































































































































































































































































































































































































































































































































































































































































































































































































































































































































































































































































































































































































































































































































































































































































































































































































































































































































































































































































































































































































































































































































































































































































































































































































































































































































































































































































































































































































































































































































































































































































































































































































































































































































































































































































































































































































































































































































































































































































































































































































































































































































































































































































































































































































































































































































































