
 for item 1 9 0 0.973936 0.303503 0.184315 -0.934833 
found for -x, -y, -z neighbour respectively
[0, 9, 0, 0.114326, -0.214284, -0.825143, -0.522707]
[1, 8, 0, 0.791365, -0.311579, 0.88859, 0.33664]
[1, 9, 32, 0.275222, -0.379868, -0.0536504, 0.923484]

 for item 1 13 0 0.869874 -0.576772 -0.011070 0.816830 
found for -x, -y, -z neighbour respectively
[0, 13, 0, 0.384012, 0.152683, 0.623659, 0.766641]
[1, 12, 0, 0.349561, -0.804088, -0.456309, 0.381083]
[1, 13, 32, 0.724252, 0.784789, 0.406569, -0.467769]

 for item 1 21 0 0.957094 -0.957232 -0.073551 -0.279817 
found for -x, -y, -z neighbour respectively
[0, 21, 0, 0.608542, 0.49768, -0.832866, -0.242178]
[1, 20, 0, 0.641463, -0.950648, 0.136292, -0.278735]
[1, 21, 32, 0.767573, -0.949447, 0.163814, -0.267799]

 for item 1 27 0 0.820487 0.387136 0.029972 0.921535 
found for -x, -y, -z neighbour respectively
[0, 27, 0, 0.259919, 0.275672, -0.351543, 0.894663]
[1, 26, 0, 0.541575, -0.65688, 0.184215, 0.731145]
[1, 27, 32, 0.964872, 0.451847, -0.110344, 0.885245]

 for item 2 15 0 0.806874 0.585972 0.398867 0.705366 
found for -x, -y, -z neighbour respectively
[1, 15, 0, 0.402707, -0.788665, -0.151103, -0.595965]
[2, 14, 0, 0.423616, -0.829786, -0.0207521, -0.557696]
[2, 15, 32, 0.632847, 0.502006, -0.237134, 0.831719]

 for item 3 3 0 0.986376 0.798132 0.306660 0.518599 
found for -x, -y, -z neighbour respectively
[2, 3, 0, 0.762398, 0.798578, 0.238756, 0.552511]
[3, 2, 0, 0.486909, -0.968946, -0.176982, -0.17269]
[3, 3, 32, 0.727607, 0.730009, 0.190324, 0.656402]

 for item 3 11 0 0.991930 -0.939776 0.115631 0.321637 
found for -x, -y, -z neighbour respectively
[2, 11, 0, 0.341039, -0.531041, -0.243506, 0.811603]
[3, 10, 0, 0.73864, -0.933615, 0.043379, 0.355641]
[3, 11, 32, 0.957218, -0.940778, -0.219123, 0.258691]

 for item 3 12 0 0.908081 -0.994901 0.100857 0.000867 
found for -x, -y, -z neighbour respectively
[2, 12, 0, 0.355771, -0.220885, -0.72336, 0.654186]
[3, 11, 0, 0.99193, -0.939776, 0.115631, 0.321637]
[3, 12, 32, 0.977772, -0.977437, -0.210712, 0.0147402]

 for item 3 16 0 0.874457 0.686985 -0.277663 0.671532 
found for -x, -y, -z neighbour respectively
[2, 16, 0, 0.429925, -0.795027, -0.42079, -0.436884]
[3, 15, 0, 0.512004, 0.508109, -0.425978, 0.748578]
[3, 16, 32, 0.559333, -0.213588, 0.52243, -0.825498]

 for item 3 27 0 0.856917 -0.390805 -0.815956 0.426012 
found for -x, -y, -z neighbour respectively
[2, 27, 0, 0.657261, -0.0219031, -0.0367375, 0.999085]
[3, 26, 0, 0.179872, 0.294525, 0.914441, -0.277585]
[3, 27, 32, 0.777536, 0.644846, 0.63127, -0.430897]

 for item 4 11 0 0.944326 -0.978712 -0.106087 0.175695 
found for -x, -y, -z neighbour respectively
[3, 11, 0, 0.99193, -0.939776, 0.115631, 0.321637]
[4, 10, 0, 0.697646, -0.851614, 0.0512217, 0.521661]
[4, 11, 32, 0.621215, -0.958282, -0.192666, 0.211129]

 for item 4 12 0 0.980000 -0.979688 0.200167 -0.012014 
found for -x, -y, -z neighbour respectively
[3, 12, 0, 0.908081, -0.994901, 0.100857, 0.000867204]
[4, 11, 0, 0.944326, -0.978712, -0.106087, 0.175695]
[4, 12, 32, 0.72069, 0.785758, 0.614456, -0.0709113]

 for item 4 18 0 0.869377 -0.560711 0.380002 -0.735664 
found for -x, -y, -z neighbour respectively
[3, 18, 0, 0.227608, 0.777835, -0.102896, 0.619988]
[4, 17, 0, 0.758871, -0.52147, 0.359723, -0.773736]
[4, 18, 32, 0.594707, -0.507267, 0.31278, -0.803025]

 for item 4 20 0 0.984299 0.603502 0.044287 0.796131 
found for -x, -y, -z neighbour respectively
[3, 20, 0, 0.236061, -0.561188, 0.281594, -0.778314]
[4, 19, 0, 0.771426, 0.372401, 0.207124, 0.904664]
[4, 20, 32, 0.715916, 0.504846, -0.036453, 0.862439]

 for item 4 21 0 0.978801 0.719569 -0.062392 0.691613 
found for -x, -y, -z neighbour respectively
[3, 21, 0, 0.304081, 0.209264, -0.300301, 0.930606]
[4, 20, 0, 0.984299, 0.603502, 0.0442866, 0.796131]
[4, 21, 32, 0.689975, 0.768133, 0.11087, 0.630618]

 for item 4 22 0 0.843510 0.631614 -0.136917 0.763098 
found for -x, -y, -z neighbour respectively
[3, 22, 0, 0.628537, -0.588029, 0.122223, -0.799552]
[4, 21, 0, 0.978801, 0.719569, -0.0623917, 0.691613]
[4, 22, 32, 0.444611, 0.630455, -0.567963, 0.529098]

 for item 4 23 0 0.932405 -0.689699 0.261487 -0.675233 
found for -x, -y, -z neighbour respectively
[3, 23, 0, 0.695192, 0.710806, -0.113957, 0.694095]
[4, 22, 0, 0.84351, 0.631614, -0.136917, 0.763098]
[4, 23, 32, 0.712667, -0.462364, 0.546503, -0.698251]

 for item 4 27 0 0.986583 0.400661 0.846461 -0.350678 
found for -x, -y, -z neighbour respectively
[3, 27, 0, 0.856917, -0.390805, -0.815956, 0.426012]
[4, 26, 0, 0.273531, 0.570078, 0.790014, -0.225584]
[4, 27, 32, 0.948717, -0.601332, -0.70496, 0.376073]

 for item 4 28 0 0.986084 -0.372392 -0.837903 0.399053 
found for -x, -y, -z neighbour respectively
[3, 28, 0, 0.791082, 0.415405, 0.816026, -0.401921]
[4, 27, 0, 0.986583, 0.400661, 0.846461, -0.350678]
[4, 28, 32, 0.755441, -0.53075, -0.741687, 0.410128]

 for item 4 29 0 0.975987 -0.319007 -0.797502 0.512079 
found for -x, -y, -z neighbour respectively
[3, 29, 0, 0.645922, 0.426672, 0.87436, -0.231182]
[4, 28, 0, 0.986084, -0.372392, -0.837903, 0.399053]
[4, 29, 32, 0.222923, 0.702036, 0.646366, 0.298924]

 for item 4 32 0 0.907128 -0.960935 -0.272994 -0.045577 
found for -x, -y, -z neighbour respectively
[3, 32, 0, 0.615609, -0.946349, -0.310506, -0.0894994]
[4, 31, 0, 0.0898206, -0.298047, -0.954319, -0.0210497]
[4, 32, 32, 0.463283, -0.86289, -0.47545, -0.171369]

 for item 5 1 0 0.810972 -0.881301 0.449571 0.145582 
found for -x, -y, -z neighbour respectively
[4, 1, 0, 0.58639, -0.998923, -0.0316398, 0.0339252]
[5, 0, 0, 0.635827, -0.91747, 0.164355, -0.362266]
[5, 1, 32, 0.335679, -0.861283, -0.498242, 0.099733]

 for item 5 11 0 0.806837 -0.992918 0.075958 0.091345 
found for -x, -y, -z neighbour respectively
[4, 11, 0, 0.944326, -0.978712, -0.106087, 0.175695]
[5, 10, 0, 0.742156, -0.961211, -0.273674, 0.0343046]
[5, 11, 32, 0.521543, -0.232489, 0.268901, -0.934688]

 for item 5 16 0 0.880527 0.557090 -0.366878 0.745018 
found for -x, -y, -z neighbour respectively
[4, 16, 0, 0.216386, -0.380209, -0.727896, 0.570622]
[5, 15, 0, 0.583685, -0.656845, 0.174463, 0.733565]
[5, 16, 32, 0.990169, 0.614569, -0.327845, 0.717511]

 for item 5 17 0 0.989733 -0.578651 0.382550 -0.720290 
found for -x, -y, -z neighbour respectively
[4, 17, 0, 0.758871, -0.52147, 0.359723, -0.773736]
[5, 16, 0, 0.880527, 0.55709, -0.366878, 0.745018]
[5, 17, 32, 0.985194, -0.554949, 0.354796, -0.75243]

 for item 5 18 0 0.988767 0.571640 -0.358195 0.738190 
found for -x, -y, -z neighbour respectively
[4, 18, 0, 0.869377, -0.560711, 0.380002, -0.735664]
[5, 17, 0, 0.989733, -0.578651, 0.38255, -0.72029]
[5, 18, 32, 0.919742, -0.54968, 0.338365, -0.76378]

 for item 5 20 0 0.954174 -0.608798 0.262730 -0.748557 
found for -x, -y, -z neighbour respectively
[4, 20, 0, 0.984299, 0.603502, 0.0442866, 0.796131]
[5, 19, 0, 0.586067, 0.687697, 0.107608, 0.717979]
[5, 20, 32, 0.863281, 0.575308, -0.21019, 0.790469]

 for item 5 21 0 0.802639 0.686635 -0.222032 0.692268 
found for -x, -y, -z neighbour respectively
[4, 21, 0, 0.978801, 0.719569, -0.0623917, 0.691613]
[5, 20, 0, 0.954174, -0.608798, 0.26273, -0.748557]
[5, 21, 32, 0.977962, 0.721953, -0.148018, 0.675925]

 for item 5 22 0 0.891367 -0.551752 0.139680 -0.822229 
found for -x, -y, -z neighbour respectively
[4, 22, 0, 0.84351, 0.631614, -0.136917, 0.763098]
[5, 21, 0, 0.802639, 0.686635, -0.222032, 0.692268]
[5, 22, 32, 0.564897, 0.597277, -0.0813172, 0.797902]

 for item 5 26 0 0.811722 -0.633724 -0.710482 0.305957 
found for -x, -y, -z neighbour respectively
[4, 26, 0, 0.273531, 0.570078, 0.790014, -0.225584]
[5, 25, 0, 0.603476, 0.697073, 0.689228, -0.19762]
[5, 26, 32, 0.886854, 0.708788, 0.699453, -0.0915668]

 for item 5 27 0 0.988593 0.447898 0.836141 -0.316631 
found for -x, -y, -z neighbour respectively
[4, 27, 0, 0.986583, 0.400661, 0.846461, -0.350678]
[5, 26, 0, 0.811722, -0.633724, -0.710482, 0.305957]
[5, 27, 32, 0.951116, 0.625494, 0.769013, -0.13182]

 for item 5 28 0 0.991960 -0.365483 -0.830315 0.420712 
found for -x, -y, -z neighbour respectively
[4, 28, 0, 0.986084, -0.372392, -0.837903, 0.399053]
[5, 27, 0, 0.988593, 0.447898, 0.836141, -0.316631]
[5, 28, 32, 0.68121, -0.358984, -0.812473, 0.459367]

 for item 5 29 0 0.929890 -0.396262 -0.806328 0.439103 
found for -x, -y, -z neighbour respectively
[4, 29, 0, 0.975987, -0.319007, -0.797502, 0.512079]
[5, 28, 0, 0.99196, -0.365483, -0.830315, 0.420712]
[5, 29, 32, 0.806169, 0.272367, 0.862151, -0.427215]

 for item 5 32 0 0.800020 -0.967021 -0.250301 -0.047107 
found for -x, -y, -z neighbour respectively
[4, 32, 0, 0.907128, -0.960935, -0.272994, -0.0455772]
[5, 31, 0, 0.506328, -0.879376, -0.0744261, 0.470276]
[5, 32, 32, 0.698502, -0.896806, -0.419346, 0.141028]

 for item 6 6 0 0.982164 -0.821212 0.281906 -0.496124 
found for -x, -y, -z neighbour respectively
[5, 6, 0, 0.673189, -0.911825, -0.030757, -0.409425]
[6, 5, 0, 0.447221, 0.870172, -0.272007, 0.410869]
[6, 6, 32, 0.959411, 0.682543, -0.59429, 0.425387]

 for item 6 7 0 0.954827 -0.976946 0.124660 -0.173313 
found for -x, -y, -z neighbour respectively
[5, 7, 0, 0.789876, -0.877603, -0.128257, -0.461912]
[6, 6, 0, 0.982164, -0.821212, 0.281906, -0.496124]
[6, 7, 32, 0.98467, 0.723286, -0.628207, 0.28673]

 for item 6 8 0 0.935574 -0.941338 0.322694 -0.098750 
found for -x, -y, -z neighbour respectively
[5, 8, 0, 0.737141, -0.885002, 0.431765, -0.174213]
[6, 7, 0, 0.954827, -0.976946, 0.12466, -0.173313]
[6, 8, 32, 0.945742, 0.761215, -0.625351, 0.17172]

 for item 6 16 0 0.984554 -0.519086 0.402907 -0.753801 
found for -x, -y, -z neighbour respectively
[5, 16, 0, 0.880527, 0.55709, -0.366878, 0.745018]
[6, 15, 0, 0.677619, 0.770771, -0.625451, -0.121338]
[6, 16, 32, 0.910515, 0.577954, -0.34309, 0.740445]

 for item 6 17 0 0.988289 -0.550892 0.390452 -0.737608 
found for -x, -y, -z neighbour respectively
[5, 17, 0, 0.989733, -0.578651, 0.38255, -0.72029]
[6, 16, 0, 0.984554, -0.519086, 0.402907, -0.753801]
[6, 17, 32, 0.988194, 0.583807, -0.351905, 0.731664]

 for item 6 18 0 0.984218 -0.560113 0.305765 -0.769923 
found for -x, -y, -z neighbour respectively
[5, 18, 0, 0.988767, 0.57164, -0.358195, 0.73819]
[6, 17, 0, 0.988289, -0.550892, 0.390452, -0.737608]
[6, 18, 32, 0.874687, -0.625568, 0.355725, -0.694351]

 for item 6 20 0 0.913409 -0.616664 0.211664 -0.758237 
found for -x, -y, -z neighbour respectively
[5, 20, 0, 0.954174, -0.608798, 0.26273, -0.748557]
[6, 19, 0, 0.478975, -0.850648, 0.0084187, -0.525668]
[6, 20, 32, 0.642506, 0.769235, -0.0170088, 0.638739]

 for item 6 21 0 0.947197 0.631432 -0.227913 0.741181 
found for -x, -y, -z neighbour respectively
[5, 21, 0, 0.802639, 0.686635, -0.222032, 0.692268]
[6, 20, 0, 0.913409, -0.616664, 0.211664, -0.758237]
[6, 21, 32, 0.931315, -0.65736, 0.234672, -0.716106]

 for item 6 23 0 0.842924 0.763930 -0.406452 0.501207 
found for -x, -y, -z neighbour respectively
[5, 23, 0, 0.799154, 0.659531, -0.334661, 0.673068]
[6, 22, 0, 0.798165, -0.551945, 0.160691, -0.818251]
[6, 23, 32, 0.447381, 0.463302, -0.830496, 0.309237]

 for item 6 25 0 0.847118 0.699472 0.674788 -0.235373 
found for -x, -y, -z neighbour respectively
[5, 25, 0, 0.603476, 0.697073, 0.689228, -0.19762]
[6, 24, 0, 0.371772, -0.910975, 0.377783, -0.165542]
[6, 25, 32, 0.982436, 0.608529, 0.75656, -0.239395]

 for item 6 26 0 0.974570 0.732437 0.671241 -0.113890 
found for -x, -y, -z neighbour respectively
[5, 26, 0, 0.811722, -0.633724, -0.710482, 0.305957]
[6, 25, 0, 0.847118, 0.699472, 0.674788, -0.235373]
[6, 26, 32, 0.991486, -0.665286, -0.734675, 0.132844]

 for item 6 27 0 0.955936 0.420930 0.873681 -0.243925 
found for -x, -y, -z neighbour respectively
[5, 27, 0, 0.988593, 0.447898, 0.836141, -0.316631]
[6, 26, 0, 0.97457, 0.732437, 0.671241, -0.11389]
[6, 27, 32, 0.988272, -0.600938, -0.791719, 0.109796]

 for item 6 29 0 0.889473 0.439628 0.819020 -0.368692 
found for -x, -y, -z neighbour respectively
[5, 29, 0, 0.92989, -0.396262, -0.806328, 0.439103]
[6, 28, 0, 0.785021, -0.407634, -0.878115, 0.250497]
[6, 29, 32, 0.53056, -0.0223412, 0.980051, -0.197484]

 for item 7 6 0 0.975990 -0.823317 0.440481 -0.357947 
found for -x, -y, -z neighbour respectively
[6, 6, 0, 0.982164, -0.821212, 0.281906, -0.496124]
[7, 5, 0, 0.730209, 0.704967, -0.548885, 0.449163]
[7, 6, 32, 0.978496, 0.750406, -0.569047, 0.336268]

 for item 7 7 0 0.888991 -0.902833 0.391309 -0.178240 
found for -x, -y, -z neighbour respectively
[6, 7, 0, 0.954827, -0.976946, 0.12466, -0.173313]
[7, 6, 0, 0.97599, -0.823317, 0.440481, -0.357947]
[7, 7, 32, 0.82215, 0.795509, -0.592779, 0.125614]

 for item 7 8 0 0.947435 -0.928772 0.369811 0.024934 
found for -x, -y, -z neighbour respectively
[6, 8, 0, 0.935574, -0.941338, 0.322694, -0.0987498]
[7, 7, 0, 0.888991, -0.902833, 0.391309, -0.17824]
[7, 8, 32, 0.816246, 0.788485, -0.614573, -0.0243109]

 for item 7 11 0 0.962080 -0.992366 0.120851 0.024609 
found for -x, -y, -z neighbour respectively
[6, 11, 0, 0.766526, -0.982424, 0.16667, -0.0840526]
[7, 10, 0, 0.620543, -0.905486, 0.212193, 0.367518]
[7, 11, 32, 0.517599, -0.952287, -0.0534105, 0.300494]

 for item 7 14 0 0.856337 -0.297474 -0.738712 0.604826 
found for -x, -y, -z neighbour respectively
[6, 14, 0, 0.483588, -0.294686, 0.933284, -0.205282]
[7, 13, 0, 0.379933, -0.152601, -0.545553, 0.824066]
[7, 14, 32, 0.976452, -0.45904, 0.867299, -0.192549]

 for item 7 17 0 0.867199 0.541281 -0.380954 0.749593 
found for -x, -y, -z neighbour respectively
[6, 17, 0, 0.988289, -0.550892, 0.390452, -0.737608]
[7, 16, 0, 0.621549, 0.356822, -0.486339, 0.797592]
[7, 17, 32, 0.810115, -0.619546, 0.429541, -0.657006]

 for item 7 26 0 0.889811 -0.833293 -0.534578 0.140884 
found for -x, -y, -z neighbour respectively
[6, 26, 0, 0.97457, 0.732437, 0.671241, -0.11389]
[7, 25, 0, 0.154022, -0.00116218, -0.317336, 0.948313]
[7, 26, 32, 0.988316, 0.620996, 0.757799, -0.200261]

 for item 8 0 0 0.888455 -0.672305 0.456084 -0.583089 
found for -x, -y, -z neighbour respectively
[7, 0, 0, 0.290503, 0.282397, 0.233676, 0.930402]
[8, 32, 0, 0.462691, 0.491132, 0.401342, -0.77312]
[8, 0, 32, 0.113775, 0.126177, 0.0219852, 0.991764]

 for item 8 9 0 0.811846 -0.435958 0.265945 0.859776 
found for -x, -y, -z neighbour respectively
[7, 9, 0, 0.56706, -0.860575, 0.42065, 0.287167]
[8, 8, 0, 0.453482, -0.948563, 0.225555, 0.222157]
[8, 9, 32, 0.396912, -0.999719, 0.0176318, -0.0158734]

 for item 8 15 0 0.836775 0.321612 0.817539 -0.477699 
found for -x, -y, -z neighbour respectively
[7, 15, 0, 0.65149, -0.0195092, -0.522809, 0.852226]
[8, 14, 0, 0.573185, -0.389269, -0.567361, 0.725652]
[8, 15, 32, 0.841829, -0.301155, -0.704082, 0.643098]

 for item 8 31 0 0.918880 0.100904 0.358160 -0.928192 
found for -x, -y, -z neighbour respectively
[7, 31, 0, 0.555405, -0.0881506, 0.265513, 0.960069]
[8, 30, 0, 0.467765, -0.662707, -0.110184, 0.740729]
[8, 31, 32, 0.617403, 0.0867813, 0.506551, -0.857832]

 for item 9 2 0 0.835831 -0.643418 -0.709452 -0.287561 
found for -x, -y, -z neighbour respectively
[8, 2, 0, 0.467131, -0.18729, -0.945592, 0.266043]
[9, 1, 0, 0.432525, 0.790386, 0.458496, 0.406289]
[9, 2, 32, 0.440352, -0.867327, 0.166308, -0.469133]

 for item 9 15 0 0.965896 -0.059421 -0.985892 0.156482 
found for -x, -y, -z neighbour respectively
[8, 15, 0, 0.836775, 0.321612, 0.817539, -0.477699]
[9, 14, 0, 0.147051, -0.421109, 0.815661, 0.396691]
[9, 15, 32, 0.694754, -0.17467, -0.649976, 0.739609]

 for item 9 29 0 0.985450 -0.333646 0.275919 0.901415 
found for -x, -y, -z neighbour respectively
[8, 29, 0, 0.647351, -0.304113, 0.402391, 0.86348]
[9, 28, 0, 0.792166, -0.346602, 0.299053, 0.889064]
[9, 29, 32, 0.986766, -0.416967, 0.311116, 0.854017]

 for item 10 1 0 0.802036 -0.853292 -0.518214 -0.057856 
found for -x, -y, -z neighbour respectively
[9, 1, 0, 0.432525, 0.790386, 0.458496, 0.406289]
[10, 0, 0, 0.447724, -0.88571, -0.288853, -0.363432]
[10, 1, 32, 0.625437, 0.765766, -0.0819705, 0.637874]

 for item 10 11 0 0.988245 -0.865245 -0.313198 0.391481 
found for -x, -y, -z neighbour respectively
[9, 11, 0, 0.582678, -0.944126, -0.106647, 0.311854]
[10, 10, 0, 0.728067, 0.483775, 0.325144, -0.812553]
[10, 11, 32, 0.77297, -0.876766, -0.255592, 0.407374]

 for item 10 12 0 0.981449 -0.865345 -0.298229 0.402787 
found for -x, -y, -z neighbour respectively
[9, 12, 0, 0.444835, 0.0975618, -0.981602, -0.164132]
[10, 11, 0, 0.988245, -0.865245, -0.313198, 0.391481]
[10, 12, 32, 0.988048, -0.853102, -0.33599, 0.399159]

 for item 10 13 0 0.805758 -0.893429 -0.287578 0.345085 
found for -x, -y, -z neighbour respectively
[9, 13, 0, 0.243426, 0.560808, 0.553447, -0.615784]
[10, 12, 0, 0.981449, -0.865345, -0.298229, 0.402787]
[10, 13, 32, 0.985424, -0.849005, -0.361331, 0.385526]

 for item 10 23 0 0.806567 0.733962 -0.546917 0.402718 
found for -x, -y, -z neighbour respectively
[9, 23, 0, 0.315028, 0.73426, 0.499309, 0.459948]
[10, 22, 0, 0.281262, 0.546026, -0.753589, 0.366004]
[10, 23, 32, 0.983096, 0.601536, -0.763255, 0.23579]

 for item 10 30 0 0.849154 -0.514382 0.240693 0.823090 
found for -x, -y, -z neighbour respectively
[9, 30, 0, 0.349453, -0.859677, 0.222644, 0.459766]
[10, 29, 0, 0.670298, -0.319449, 0.175348, 0.931239]
[10, 30, 32, 0.97485, 0.555905, -0.227511, -0.799505]

 for item 11 8 0 0.800712 -0.522985 0.738261 0.425979 
found for -x, -y, -z neighbour respectively
[10, 8, 0, 0.68641, 0.591484, -0.660334, -0.462716]
[11, 7, 0, 0.568929, -0.447876, 0.731675, 0.513867]
[11, 8, 32, 0.489473, -0.0964587, 0.359238, 0.928248]

 for item 11 12 0 0.988487 -0.857006 -0.312625 0.409642 
found for -x, -y, -z neighbour respectively
[10, 12, 0, 0.981449, -0.865345, -0.298229, 0.402787]
[11, 11, 0, 0.682533, 0.770462, 0.370176, -0.518997]
[11, 12, 32, 0.848935, -0.879731, -0.313838, 0.357181]

 for item 11 13 0 0.945369 -0.850577 -0.329494 0.409819 
found for -x, -y, -z neighbour respectively
[10, 13, 0, 0.805758, -0.893429, -0.287578, 0.345085]
[11, 12, 0, 0.988487, -0.857006, -0.312625, 0.409642]
[11, 13, 32, 0.882769, 0.791199, 0.367217, -0.489036]

 for item 11 16 0 0.881924 -0.813232 -0.326244 0.481890 
found for -x, -y, -z neighbour respectively
[10, 16, 0, 0.509491, -0.173421, 0.95147, -0.254226]
[11, 15, 0, 0.344211, -0.281291, -0.884321, 0.372629]
[11, 16, 32, 0.904237, 0.797425, 0.401655, -0.450319]

 for item 11 18 0 0.808841 -0.634835 -0.653529 -0.412170 
found for -x, -y, -z neighbour respectively
[10, 18, 0, 0.354145, 0.705948, 0.703435, -0.0825668]
[11, 17, 0, 0.676753, -0.923822, -0.319275, 0.211227]
[11, 18, 32, 0.422763, 0.40361, 0.617167, 0.675428]

 for item 11 22 0 0.908143 -0.449122 0.834156 -0.320116 
found for -x, -y, -z neighbour respectively
[10, 22, 0, 0.281262, 0.546026, -0.753589, 0.366004]
[11, 21, 0, 0.555052, -0.424753, 0.833849, -0.352533]
[11, 22, 32, 0.987221, -0.573365, 0.766126, -0.290351]

 for item 11 23 0 0.964784 -0.549850 0.774864 -0.311852 
found for -x, -y, -z neighbour respectively
[10, 23, 0, 0.806567, 0.733962, -0.546917, 0.402718]
[11, 22, 0, 0.908143, -0.449122, 0.834156, -0.320116]
[11, 23, 32, 0.972233, -0.587291, 0.725845, -0.358103]

 for item 11 24 0 0.910998 0.541390 -0.781088 0.311123 
found for -x, -y, -z neighbour respectively
[10, 24, 0, 0.568623, 0.749882, -0.603141, 0.271842]
[11, 23, 0, 0.964784, -0.54985, 0.774864, -0.311852]
[11, 24, 32, 0.327917, 0.684468, -0.71766, 0.128328]

 for item 11 29 0 0.828512 -0.183649 -0.882792 -0.432380 
found for -x, -y, -z neighbour respectively
[10, 29, 0, 0.670298, -0.319449, 0.175348, 0.931239]
[11, 28, 0, 0.408971, 0.6678, 0.14581, 0.72992]
[11, 29, 32, 0.636044, 0.417092, -0.575844, -0.703163]

 for item 12 4 0 0.858150 -0.324480 0.748311 0.578570 
found for -x, -y, -z neighbour respectively
[11, 4, 0, 0.720421, -0.26113, 0.868664, 0.420991]
[12, 3, 0, 0.488577, -0.397119, 0.696572, 0.597565]
[12, 4, 32, 0.311043, 0.173777, 0.063498, -0.982736]

 for item 12 15 0 0.873021 0.761319 0.282333 -0.583679 
found for -x, -y, -z neighbour respectively
[11, 15, 0, 0.344211, -0.281291, -0.884321, 0.372629]
[12, 14, 0, 0.54287, -0.529113, 0.774536, -0.346603]
[12, 15, 32, 0.951073, 0.761373, 0.346454, -0.547978]

 for item 12 16 0 0.984045 -0.846897 -0.183804 0.498981 
found for -x, -y, -z neighbour respectively
[11, 16, 0, 0.881924, -0.813232, -0.326244, 0.48189]
[12, 15, 0, 0.873021, 0.761319, 0.282333, -0.583679]
[12, 16, 32, 0.983754, 0.803124, 0.323181, -0.500546]

 for item 12 17 0 0.881250 -0.923315 -0.187673 0.335064 
found for -x, -y, -z neighbour respectively
[11, 17, 0, 0.676753, -0.923822, -0.319275, 0.211227]
[12, 16, 0, 0.984045, -0.846897, -0.183804, 0.498981]
[12, 17, 32, 0.924224, -0.862602, -0.312849, 0.397548]

 for item 12 21 0 0.928465 0.512068 -0.775481 0.369344 
found for -x, -y, -z neighbour respectively
[11, 21, 0, 0.555052, -0.424753, 0.833849, -0.352533]
[12, 20, 0, 0.5464, -0.0918315, 0.988975, -0.116172]
[12, 21, 32, 0.983588, -0.556379, 0.760009, -0.3359]

 for item 12 22 0 0.991513 -0.474583 0.784021 -0.400102 
found for -x, -y, -z neighbour respectively
[11, 22, 0, 0.908143, -0.449122, 0.834156, -0.320116]
[12, 21, 0, 0.928465, 0.512068, -0.775481, 0.369344]
[12, 22, 32, 0.989635, 0.563433, -0.739891, 0.367566]

 for item 12 27 0 0.816900 -0.503437 -0.136802 -0.853133 
found for -x, -y, -z neighbour respectively
[11, 27, 0, 0.709809, -0.465511, 0.293044, -0.835119]
[12, 26, 0, 0.175126, -0.25508, 0.961148, 0.105498]
[12, 27, 32, 0.669322, -0.278554, -0.598424, -0.751197]

 for item 12 29 0 0.826453 -0.307335 -0.573674 -0.759239 
found for -x, -y, -z neighbour respectively
[11, 29, 0, 0.828512, -0.183649, -0.882792, -0.43238]
[12, 28, 0, 0.381917, 0.0200096, 0.188161, 0.981934]
[12, 29, 32, 0.471751, -0.958446, 0.284273, 0.0238803]

 for item 12 32 0 0.841391 -0.626762 0.267340 -0.731915 
found for -x, -y, -z neighbour respectively
[11, 32, 0, 0.659313, 0.746694, -0.147708, 0.648561]
[12, 31, 0, 0.516618, -0.391943, -0.168029, -0.904515]
[12, 32, 32, 0.879057, 0.612957, -0.452058, 0.648018]

 for item 13 9 0 0.881137 -0.849918 -0.493640 -0.184280 
found for -x, -y, -z neighbour respectively
[12, 9, 0, 0.627419, -0.247968, -0.734951, -0.631157]
[13, 8, 0, 0.709263, 0.710879, 0.597225, 0.371448]
[13, 9, 32, 0.954319, 0.698538, 0.698236, 0.156563]

 for item 13 10 0 0.940257 -0.843157 -0.413337 -0.343860 
found for -x, -y, -z neighbour respectively
[12, 10, 0, 0.605475, -0.949983, -0.27905, -0.14023]
[13, 9, 0, 0.881137, -0.849918, -0.49364, -0.18428]
[13, 10, 32, 0.626187, 0.579916, 0.704058, 0.409878]

 for item 13 15 0 0.851117 -0.802022 -0.173387 0.571575 
found for -x, -y, -z neighbour respectively
[12, 15, 0, 0.873021, 0.761319, 0.282333, -0.583679]
[13, 14, 0, 0.472514, -0.978989, -0.0918875, 0.182038]
[13, 15, 32, 0.719092, -0.621712, -0.281167, 0.73104]

 for item 13 16 0 0.983372 -0.841218 -0.154598 0.518124 
found for -x, -y, -z neighbour respectively
[12, 16, 0, 0.984045, -0.846897, -0.183804, 0.498981]
[13, 15, 0, 0.851117, -0.802022, -0.173387, 0.571575]
[13, 16, 32, 0.981608, -0.827783, -0.283598, 0.484094]

 for item 13 17 0 0.979060 -0.889958 -0.181206 0.418497 
found for -x, -y, -z neighbour respectively
[12, 17, 0, 0.88125, -0.923315, -0.187673, 0.335064]
[13, 16, 0, 0.983372, -0.841218, -0.154598, 0.518124]
[13, 17, 32, 0.911819, -0.858937, -0.328491, 0.392837]

 for item 13 22 0 0.861673 -0.519768 0.744237 -0.419467 
found for -x, -y, -z neighbour respectively
[12, 22, 0, 0.991513, -0.474583, 0.784021, -0.400102]
[13, 21, 0, 0.332514, -0.508754, 0.794718, -0.331048]
[13, 22, 32, 0.846065, -0.542115, 0.690781, -0.47847]

 for item 13 23 0 0.924611 -0.308283 0.699502 -0.644716 
found for -x, -y, -z neighbour respectively
[12, 23, 0, 0.537171, 0.381004, -0.87038, 0.31189]
[13, 22, 0, 0.861673, -0.519768, 0.744237, -0.419467]
[13, 23, 32, 0.96025, -0.494371, 0.649121, -0.578134]

 for item 13 25 0 0.846041 0.700268 -0.561168 -0.441266 
found for -x, -y, -z neighbour respectively
[12, 25, 0, 0.364467, -0.735962, 0.164739, 0.656674]
[13, 24, 0, 0.324781, -0.656856, 0.728885, 0.193045]
[13, 25, 32, 0.878361, -0.595962, 0.661418, 0.455363]

 for item 14 1 0 0.834477 -0.404530 0.138955 0.903906 
found for -x, -y, -z neighbour respectively
[13, 1, 0, 0.655079, -0.292565, 0.149612, 0.944469]
[14, 0, 0, 0.425124, -0.499627, 0.450802, 0.739696]
[14, 1, 32, 0.538265, 0.46426, 0.107869, -0.879106]

 for item 14 3 0 0.849982 -0.019375 0.579409 0.814806 
found for -x, -y, -z neighbour respectively
[13, 3, 0, 0.486093, 0.102364, 0.802966, 0.587169]
[14, 2, 0, 0.147745, -0.767763, -0.180796, -0.614698]
[14, 3, 32, 0.849667, -0.113726, 0.600145, 0.791765]

 for item 14 9 0 0.968822 0.785176 0.608921 0.112757 
found for -x, -y, -z neighbour respectively
[13, 9, 0, 0.881137, -0.849918, -0.49364, -0.18428]
[14, 8, 0, 0.384573, -0.558192, -0.757251, -0.339106]
[14, 9, 32, 0.988149, -0.704306, -0.705953, -0.0747198]

 for item 14 10 0 0.877137 0.808177 0.518009 0.280208 
found for -x, -y, -z neighbour respectively
[13, 10, 0, 0.940257, -0.843157, -0.413337, -0.34386]
[14, 9, 0, 0.968822, 0.785176, 0.608921, 0.112757]
[14, 10, 32, 0.85916, -0.609944, -0.716331, -0.338878]

 for item 14 25 0 0.913856 -0.486996 0.085864 0.869173 
found for -x, -y, -z neighbour respectively
[13, 25, 0, 0.846041, 0.700268, -0.561168, -0.441266]
[14, 24, 0, 0.220413, 0.661986, -0.370999, -0.651256]
[14, 25, 32, 0.640917, -0.615823, 0.283254, 0.735207]

 for item 14 26 0 0.986031 -0.521534 0.030423 0.852688 
found for -x, -y, -z neighbour respectively
[13, 26, 0, 0.464577, 0.601563, -0.510862, -0.614118]
[14, 25, 0, 0.913856, -0.486996, 0.0858641, 0.869173]
[14, 26, 32, 0.540748, -0.598206, 0.140049, 0.78901]

 for item 14 27 0 0.921451 0.561960 -0.042934 -0.826050 
found for -x, -y, -z neighbour respectively
[13, 27, 0, 0.267011, 0.496935, 0.563103, -0.66028]
[14, 26, 0, 0.986031, -0.521534, 0.030423, 0.852688]
[14, 27, 32, 0.838152, 0.551892, -0.115219, -0.825917]

 for item 15 1 0 0.875966 -0.337487 0.252724 0.906771 
found for -x, -y, -z neighbour respectively
[14, 1, 0, 0.834477, -0.40453, 0.138955, 0.903906]
[15, 0, 0, 0.778466, -0.232883, 0.339621, 0.911275]
[15, 1, 32, 0.792438, 0.220194, -0.378326, -0.899102]

 for item 15 4 0 0.926710 0.121615 -0.767097 -0.629898 
found for -x, -y, -z neighbour respectively
[14, 4, 0, 0.783588, -0.21662, 0.525401, 0.822818]
[15, 3, 0, 0.659648, -0.0544504, 0.823213, 0.565115]
[15, 4, 32, 0.570972, -0.569612, 0.789314, 0.229187]

 for item 15 8 0 0.865681 -0.697963 -0.678935 -0.227806 
found for -x, -y, -z neighbour respectively
[14, 8, 0, 0.384573, -0.558192, -0.757251, -0.339106]
[15, 7, 0, 0.592398, 0.613744, 0.756238, 0.226766]
[15, 8, 32, 0.973557, 0.734551, 0.645748, 0.208433]

 for item 15 9 0 0.898389 0.824022 0.561902 0.072482 
found for -x, -y, -z neighbour respectively
[14, 9, 0, 0.968822, 0.785176, 0.608921, 0.112757]
[15, 8, 0, 0.865681, -0.697963, -0.678935, -0.227806]
[15, 9, 32, 0.979675, 0.715002, 0.690406, 0.110053]

 for item 15 10 0 0.971906 0.765472 0.608881 0.208126 
found for -x, -y, -z neighbour respectively
[14, 10, 0, 0.877137, 0.808177, 0.518009, 0.280208]
[15, 9, 0, 0.898389, 0.824022, 0.561902, 0.0724822]
[15, 10, 32, 0.932847, -0.649084, -0.728892, -0.217729]

 for item 15 24 0 0.840229 0.309866 -0.201124 -0.929264 
found for -x, -y, -z neighbour respectively
[14, 24, 0, 0.220413, 0.661986, -0.370999, -0.651256]
[15, 23, 0, 0.504651, -0.0374785, 0.166708, 0.985294]
[15, 24, 32, 0.421611, -0.0961722, 0.444551, 0.890576]

 for item 15 25 0 0.982577 -0.467135 0.146199 0.872015 
found for -x, -y, -z neighbour respectively
[14, 25, 0, 0.913856, -0.486996, 0.0858641, 0.869173]
[15, 24, 0, 0.840229, 0.309866, -0.201124, -0.929264]
[15, 25, 32, 0.945528, 0.505995, -0.136268, -0.851704]

 for item 15 26 0 0.901253 0.592483 -0.042765 -0.804447 
found for -x, -y, -z neighbour respectively
[14, 26, 0, 0.986031, -0.521534, 0.030423, 0.852688]
[15, 25, 0, 0.982577, -0.467135, 0.146199, 0.872015]
[15, 26, 32, 0.293355, -0.968658, 0.0815078, -0.234646]

 for item 15 29 0 0.843760 0.560343 -0.563848 -0.606706 
found for -x, -y, -z neighbour respectively
[14, 29, 0, 0.766466, 0.717531, -0.327804, -0.614568]
[15, 28, 0, 0.748185, 0.58293, -0.690326, -0.428537]
[15, 29, 32, 0.803466, 0.589581, -0.44158, -0.676315]

 for item 15 30 0 0.853873 -0.379881 0.597681 0.706023 
found for -x, -y, -z neighbour respectively
[14, 30, 0, 0.654168, 0.432752, -0.323755, -0.841373]
[15, 29, 0, 0.84376, 0.560343, -0.563848, -0.606706]
[15, 30, 32, 0.332013, 0.111219, 0.0366126, 0.993121]

 for item 16 0 0 0.827204 -0.313487 0.606498 0.730675 
found for -x, -y, -z neighbour respectively
[15, 0, 0, 0.778466, -0.232883, 0.339621, 0.911275]
[16, 32, 0, 0.304568, 0.341137, -0.228746, 0.911757]
[16, 0, 32, 0.746158, 0.275836, -0.586767, -0.761327]

 for item 16 4 0 0.815378 0.069807 0.580799 0.811048 
found for -x, -y, -z neighbour respectively
[15, 4, 0, 0.92671, 0.121615, -0.767097, -0.629898]
[16, 3, 0, 0.58891, 0.0937096, -0.823216, -0.559941]
[16, 4, 32, 0.832622, 0.507211, -0.780715, -0.364994]

 for item 16 8 0 0.910353 -0.664967 -0.677219 -0.314951 
found for -x, -y, -z neighbour respectively
[15, 8, 0, 0.865681, -0.697963, -0.678935, -0.227806]
[16, 7, 0, 0.377175, 0.768319, 0.330445, -0.548171]
[16, 8, 32, 0.720935, 0.707693, 0.704401, 0.0546758]

 for item 16 9 0 0.981587 0.746487 0.619255 0.243474 
found for -x, -y, -z neighbour respectively
[15, 9, 0, 0.898389, 0.824022, 0.561902, 0.0724822]
[16, 8, 0, 0.910353, -0.664967, -0.677219, -0.314951]
[16, 9, 32, 0.989635, 0.688532, 0.679386, 0.25369]

 for item 16 10 0 0.862907 0.759271 0.635043 0.142223 
found for -x, -y, -z neighbour respectively
[15, 10, 0, 0.971906, 0.765472, 0.608881, 0.208126]
[16, 9, 0, 0.981587, 0.746487, 0.619255, 0.243474]
[16, 10, 32, 0.907036, -0.681183, -0.699391, -0.216427]

 for item 16 23 0 0.865984 0.013203 0.490767 0.871191 
found for -x, -y, -z neighbour respectively
[15, 23, 0, 0.504651, -0.0374785, 0.166708, 0.985294]
[16, 22, 0, 0.481888, 0.470875, -0.835469, -0.283318]
[16, 23, 32, 0.367533, -0.412568, 0.425689, 0.805343]

 for item 16 24 0 0.941740 -0.311239 0.426726 0.849138 
found for -x, -y, -z neighbour respectively
[15, 24, 0, 0.840229, 0.309866, -0.201124, -0.929264]
[16, 23, 0, 0.865984, 0.0132033, 0.490767, 0.871191]
[16, 24, 32, 0.71701, -0.457796, 0.477188, 0.750143]

 for item 16 25 0 0.942526 -0.523570 0.337334 0.782355 
found for -x, -y, -z neighbour respectively
[15, 25, 0, 0.982577, -0.467135, 0.146199, 0.872015]
[16, 24, 0, 0.94174, -0.311239, 0.426726, 0.849138]
[16, 25, 32, 0.893138, -0.531423, 0.388187, 0.752928]

 for item 16 26 0 0.879629 -0.590742 0.386163 0.708451 
found for -x, -y, -z neighbour respectively
[15, 26, 0, 0.901253, 0.592483, -0.042765, -0.804447]
[16, 25, 0, 0.942526, -0.52357, 0.337334, 0.782355]
[16, 26, 32, 0.566222, -0.900456, 0.272016, 0.33939]

 for item 16 27 0 0.854191 0.634327 -0.685055 -0.358230 
found for -x, -y, -z neighbour respectively
[15, 27, 0, 0.217704, -0.97881, -0.0556696, 0.19706]
[16, 26, 0, 0.879629, -0.590742, 0.386163, 0.708451]
[16, 27, 32, 0.449109, 0.2341, -0.93735, -0.258016]

 for item 16 28 0 0.983619 -0.549478 0.658789 0.513878 
found for -x, -y, -z neighbour respectively
[15, 28, 0, 0.748185, 0.58293, -0.690326, -0.428537]
[16, 27, 0, 0.854191, 0.634327, -0.685055, -0.35823]
[16, 28, 32, 0.646124, 0.355679, -0.844157, -0.401113]

 for item 16 29 0 0.988518 -0.526898 0.583612 0.617880 
found for -x, -y, -z neighbour respectively
[15, 29, 0, 0.84376, 0.560343, -0.563848, -0.606706]
[16, 28, 0, 0.983619, -0.549478, 0.658789, 0.513878]
[16, 29, 32, 0.333539, 0.339723, -0.829427, -0.44344]

 for item 17 1 0 0.810180 -0.302381 0.762136 0.572463 
found for -x, -y, -z neighbour respectively
[16, 1, 0, 0.270837, -0.38076, 0.658525, 0.649128]
[17, 0, 0, 0.695602, -0.320708, 0.837341, 0.442726]
[17, 1, 32, 0.960579, -0.285791, 0.761588, 0.581642]

 for item 17 2 0 0.842883 -0.278028 0.751512 0.598273 
found for -x, -y, -z neighbour respectively
[16, 2, 0, 0.457372, 0.735606, -0.658982, -0.156931]
[17, 1, 0, 0.81018, -0.302381, 0.762136, 0.572463]
[17, 2, 32, 0.751872, -0.222561, 0.785819, 0.577022]

 for item 17 13 0 0.827778 0.171599 -0.220807 -0.960103 
found for -x, -y, -z neighbour respectively
[16, 13, 0, 0.254027, -0.503545, 0.35508, 0.78763]
[17, 12, 0, 0.79711, -0.0813536, -0.192309, -0.977957]
[17, 13, 32, 0.713292, 0.138046, -0.170738, -0.975598]

 for item 17 15 0 0.873054 -0.956251 0.252660 -0.147471 
found for -x, -y, -z neighbour respectively
[16, 15, 0, 0.697913, -0.959617, 0.198527, -0.199306]
[17, 14, 0, 0.179619, -0.516881, 0.641289, -0.567082]
[17, 15, 32, 0.288588, -0.174661, 0.190585, 0.966008]

 for item 17 19 0 0.829086 0.667715 -0.736456 0.108579 
found for -x, -y, -z neighbour respectively
[16, 19, 0, 0.515319, 0.0768362, -0.989984, 0.118438]
[17, 18, 0, 0.796802, 0.785439, -0.599679, -0.153202]
[17, 19, 32, 0.632978, 0.791036, -0.0982512, 0.603828]

 for item 17 21 0 0.966314 -0.600983 0.785387 -0.148277 
found for -x, -y, -z neighbour respectively
[16, 21, 0, 0.240883, -0.186945, 0.87728, 0.442076]
[17, 20, 0, 0.491581, -0.525776, 0.788577, -0.318913]
[17, 21, 32, 0.942405, -0.978515, 0.170907, -0.115324]

 for item 17 26 0 0.833918 0.795049 -0.506603 -0.333541 
found for -x, -y, -z neighbour respectively
[16, 26, 0, 0.879629, -0.590742, 0.386163, 0.708451]
[17, 25, 0, 0.561068, -0.607062, 0.655648, 0.449]
[17, 26, 32, 0.831328, 0.814725, -0.560638, -0.148012]

 for item 17 27 0 0.974154 0.711304 -0.532619 -0.458653 
found for -x, -y, -z neighbour respectively
[16, 27, 0, 0.854191, 0.634327, -0.685055, -0.35823]
[17, 26, 0, 0.833918, 0.795049, -0.506603, -0.333541]
[17, 27, 32, 0.804399, -0.865415, 0.395033, 0.30823]

 for item 17 28 0 0.889612 0.632583 -0.530093 -0.564660 
found for -x, -y, -z neighbour respectively
[16, 28, 0, 0.983619, -0.549478, 0.658789, 0.513878]
[17, 27, 0, 0.974154, 0.711304, -0.532619, -0.458653]
[17, 28, 32, 0.44747, 0.788643, -0.526489, -0.317573]

 for item 17 29 0 0.882111 -0.521730 0.467688 0.713489 
found for -x, -y, -z neighbour respectively
[16, 29, 0, 0.988518, -0.526898, 0.583612, 0.61788]
[17, 28, 0, 0.889612, 0.632583, -0.530093, -0.56466]
[17, 29, 32, 0.364413, 0.697529, -0.680556, -0.224272]

 for item 18 7 0 0.829619 -0.007249 0.568751 0.822478 
found for -x, -y, -z neighbour respectively
[17, 7, 0, 0.532887, -0.34535, 0.920277, -0.183914]
[18, 6, 0, 0.269227, -0.650385, -0.750993, -0.114055]
[18, 7, 32, 0.257216, -0.475799, -0.506622, 0.718992]

 for item 18 12 0 0.909887 0.073774 -0.212573 -0.974356 
found for -x, -y, -z neighbour respectively
[17, 12, 0, 0.79711, -0.0813536, -0.192309, -0.977957]
[18, 11, 0, 0.646489, -0.338445, -0.130748, 0.931858]
[18, 12, 32, 0.968299, 0.0819324, -0.074008, -0.993886]

 for item 18 13 0 0.982632 -0.099603 0.212905 0.971983 
found for -x, -y, -z neighbour respectively
[17, 13, 0, 0.827778, 0.171599, -0.220807, -0.960103]
[18, 12, 0, 0.909887, 0.0737744, -0.212573, -0.974356]
[18, 13, 32, 0.991493, -0.106696, 0.15321, 0.982417]

 for item 18 18 0 0.973618 0.720926 -0.684562 0.107892 
found for -x, -y, -z neighbour respectively
[17, 18, 0, 0.796802, 0.785439, -0.599679, -0.153202]
[18, 17, 0, 0.405041, -0.634347, 0.760689, 0.137679]
[18, 18, 32, 0.355916, -0.590138, 0.792778, 0.152446]

 for item 18 19 0 0.972500 -0.678421 0.717130 -0.159589 
found for -x, -y, -z neighbour respectively
[17, 19, 0, 0.829086, 0.667715, -0.736456, 0.108579]
[18, 18, 0, 0.973618, 0.720926, -0.684562, 0.107892]
[18, 19, 32, 0.335119, -0.646029, -0.70839, -0.284306]

 for item 18 28 0 0.923827 -0.699782 0.461890 0.544944 
found for -x, -y, -z neighbour respectively
[17, 28, 0, 0.889612, 0.632583, -0.530093, -0.56466]
[18, 27, 0, 0.519859, -0.621728, 0.591442, 0.513469]
[18, 28, 32, 0.673432, -0.857357, 0.37642, 0.351065]

 for item 18 29 0 0.922525 -0.519453 0.340281 0.783822 
found for -x, -y, -z neighbour respectively
[17, 29, 0, 0.882111, -0.52173, 0.467688, 0.713489]
[18, 28, 0, 0.923827, -0.699782, 0.46189, 0.544944]
[18, 29, 32, 0.456873, -0.853103, 0.510259, -0.108861]

 for item 19 7 0 0.852456 -0.028963 0.628850 0.776987 
found for -x, -y, -z neighbour respectively
[18, 7, 0, 0.829619, -0.0072494, 0.568751, 0.822478]
[19, 6, 0, 0.277941, 0.202629, -0.328115, -0.92265]
[19, 7, 32, 0.644308, -0.319431, 0.570897, 0.756334]

 for item 19 12 0 0.859150 -0.087801 0.147757 0.985119 
found for -x, -y, -z neighbour respectively
[18, 12, 0, 0.909887, 0.0737744, -0.212573, -0.974356]
[19, 11, 0, 0.72745, 0.31317, -0.195924, -0.929268]
[19, 12, 32, 0.990361, -0.120451, 0.145334, 0.982023]

 for item 19 13 0 0.986139 -0.076155 0.186165 0.979563 
found for -x, -y, -z neighbour respectively
[18, 13, 0, 0.982632, -0.0996032, 0.212905, 0.971983]
[19, 12, 0, 0.85915, -0.0878012, 0.147757, 0.985119]
[19, 13, 32, 0.992459, -0.0975162, 0.124548, 0.98741]

 for item 19 21 0 0.963190 -0.893392 0.124269 0.431750 
found for -x, -y, -z neighbour respectively
[18, 21, 0, 0.324935, 0.801242, -0.581295, -0.141802]
[19, 20, 0, 0.621808, -0.847448, 0.0215676, 0.53044]
[19, 21, 32, 0.749501, 0.800638, 0.0750108, -0.594435]

 for item 19 22 0 0.886895 -0.923301 0.029462 0.382945 
found for -x, -y, -z neighbour respectively
[18, 22, 0, 0.333512, -0.934172, 0.109536, 0.339595]
[19, 21, 0, 0.96319, -0.893392, 0.124269, 0.43175]
[19, 22, 32, 0.906246, -0.893332, -0.0581067, 0.445625]

 for item 19 23 0 0.859728 -0.881364 0.153330 0.446864 
found for -x, -y, -z neighbour respectively
[18, 23, 0, 0.495781, -0.862524, 0.262492, 0.432608]
[19, 22, 0, 0.886895, -0.923301, 0.0294617, 0.382945]
[19, 23, 32, 0.982783, -0.847313, -0.0384632, 0.529699]

 for item 19 29 0 0.962399 -0.561351 0.465449 0.684282 
found for -x, -y, -z neighbour respectively
[18, 29, 0, 0.922525, -0.519453, 0.340281, 0.783822]
[19, 28, 0, 0.723376, 0.553188, -0.393799, -0.734101]
[19, 29, 32, 0.692996, -0.992251, -0.105171, -0.066163]

 for item 19 31 0 0.827930 -0.499207 -0.850367 0.166339 
found for -x, -y, -z neighbour respectively
[18, 31, 0, 0.499553, -0.127165, 0.365693, 0.922008]
[19, 30, 0, 0.20991, -0.134639, -0.961219, -0.240686]
[19, 31, 32, 0.647754, -0.51257, -0.833623, 0.205777]

 for item 20 2 0 0.949852 0.225764 -0.866858 -0.444508 
found for -x, -y, -z neighbour respectively
[19, 2, 0, 0.373681, -0.642388, 0.674864, 0.363175]
[20, 1, 0, 0.434009, -0.244692, -0.90709, -0.342511]
[20, 2, 32, 0.870564, 0.181718, -0.812218, -0.554328]

 for item 20 3 0 0.825319 0.448693 -0.813648 -0.369663 
found for -x, -y, -z neighbour respectively
[19, 3, 0, 0.176739, -0.447008, 0.777861, 0.441719]
[20, 2, 0, 0.949852, 0.225764, -0.866858, -0.444508]
[20, 3, 32, 0.292228, -0.571902, 0.60599, 0.552905]

 for item 20 8 0 0.809554 0.057570 -0.602847 0.795777 
found for -x, -y, -z neighbour respectively
[19, 8, 0, 0.504452, 0.162976, -0.877821, -0.45041]
[20, 7, 0, 0.432041, 0.0897501, 0.100011, -0.99093]
[20, 8, 32, 0.987116, -0.100567, 0.647715, -0.755216]

 for item 20 9 0 0.978853 0.042959 -0.707469 0.705438 
found for -x, -y, -z neighbour respectively
[19, 9, 0, 0.287194, -0.16082, -0.858268, 0.487354]
[20, 8, 0, 0.809554, 0.0575702, -0.602847, 0.795777]
[20, 9, 32, 0.793783, -0.0465291, 0.61042, -0.79071]

 for item 20 11 0 0.897493 0.138077 -0.253272 -0.957491 
found for -x, -y, -z neighbour respectively
[19, 11, 0, 0.72745, 0.31317, -0.195924, -0.929268]
[20, 10, 0, 0.658767, -0.0206829, -0.837023, 0.546776]
[20, 11, 32, 0.686387, -0.0511633, -0.110449, -0.992564]

 for item 20 12 0 0.988628 -0.088579 0.187953 0.978176 
found for -x, -y, -z neighbour respectively
[19, 12, 0, 0.85915, -0.0878012, 0.147757, 0.985119]
[20, 11, 0, 0.897493, 0.138077, -0.253272, -0.957491]
[20, 12, 32, 0.849855, -0.132341, 0.155844, 0.978876]

 for item 20 13 0 0.990933 0.039718 -0.124652 -0.991405 
found for -x, -y, -z neighbour respectively
[19, 13, 0, 0.986139, -0.0761548, 0.186165, 0.979563]
[20, 12, 0, 0.988628, -0.0885791, 0.187953, 0.978176]
[20, 13, 32, 0.795672, 0.144089, -0.116393, -0.982696]

 for item 20 21 0 0.981242 0.774431 -0.045352 -0.631031 
found for -x, -y, -z neighbour respectively
[19, 21, 0, 0.96319, -0.893392, 0.124269, 0.43175]
[20, 20, 0, 0.441256, 0.691615, -0.0143958, -0.722123]
[20, 21, 32, 0.900741, 0.725937, -0.0846295, -0.682535]

 for item 20 22 0 0.975935 -0.915840 0.090148 0.391293 
found for -x, -y, -z neighbour respectively
[19, 22, 0, 0.886895, -0.923301, 0.0294617, 0.382945]
[20, 21, 0, 0.981242, 0.774431, -0.045352, -0.631031]
[20, 22, 32, 0.912088, -0.936996, -0.144826, 0.317905]

 for item 20 25 0 0.828107 -0.854912 0.325435 0.404002 
found for -x, -y, -z neighbour respectively
[19, 25, 0, 0.735646, -0.836276, -0.0508127, 0.54595]
[20, 24, 0, 0.735781, -0.849611, 0.363471, 0.382165]
[20, 25, 32, 0.76058, -0.84914, -0.23, 0.475459]

 for item 20 31 0 0.852741 0.030638 0.995070 0.094325 
found for -x, -y, -z neighbour respectively
[19, 31, 0, 0.82793, -0.499207, -0.850367, 0.166339]
[20, 30, 0, 0.453039, 0.355179, -0.920702, 0.161728]
[20, 31, 32, 0.906008, -0.443108, -0.884768, 0.144362]

 for item 21 2 0 0.869102 0.138349 -0.990332 0.010060 
found for -x, -y, -z neighbour respectively
[20, 2, 0, 0.949852, 0.225764, -0.866858, -0.444508]
[21, 1, 0, 0.289099, -0.12065, -0.719003, 0.684454]
[21, 2, 32, 0.417574, -0.586566, 0.784588, 0.200904]

 for item 21 8 0 0.988991 -0.132184 0.679890 -0.721303 
found for -x, -y, -z neighbour respectively
[20, 8, 0, 0.809554, 0.0575702, -0.602847, 0.795777]
[21, 7, 0, 0.393886, -0.0832459, 0.703488, -0.705815]
[21, 8, 32, 0.990725, 0.117017, -0.712455, 0.691892]

 for item 21 12 0 0.929314 0.100146 -0.119289 -0.987796 
found for -x, -y, -z neighbour respectively
[20, 12, 0, 0.988628, -0.0885791, 0.187953, 0.978176]
[21, 11, 0, 0.792733, 0.0900247, -0.200372, -0.975575]
[21, 12, 32, 0.451695, 0.251185, -0.356502, -0.899896]

 for item 21 13 0 0.836719 0.049241 -0.110358 -0.992671 
found for -x, -y, -z neighbour respectively
[20, 13, 0, 0.990933, 0.0397176, -0.124652, -0.991405]
[21, 12, 0, 0.929314, 0.100146, -0.119289, -0.987796]
[21, 13, 32, 0.168961, 0.145975, 0.0529723, 0.987869]

 for item 21 18 0 0.955658 0.214357 -0.921128 -0.324921 
found for -x, -y, -z neighbour respectively
[20, 18, 0, 0.410333, -0.389512, 0.908443, -0.151695]
[21, 17, 0, 0.279294, 0.347482, -0.937634, -0.00996311]
[21, 18, 32, 0.699435, 0.0307746, -0.934706, -0.354087]

 for item 21 19 0 0.830992 -0.133242 0.903672 0.406968 
found for -x, -y, -z neighbour respectively
[20, 19, 0, 0.392431, 0.278084, 0.794211, -0.540276]
[21, 18, 0, 0.955658, 0.214357, -0.921128, -0.324921]
[21, 19, 32, 0.929407, -0.628341, -0.766198, -0.134641]

 for item 21 20 0 0.822759 -0.529177 0.535089 0.658522 
found for -x, -y, -z neighbour respectively
[20, 20, 0, 0.441256, 0.691615, -0.0143958, -0.722123]
[21, 19, 0, 0.830992, -0.133242, 0.903672, 0.406968]
[21, 20, 32, 0.37693, 0.775825, 0.63072, -0.0169934]

 for item 21 21 0 0.804514 0.741401 -0.266737 -0.615772 
found for -x, -y, -z neighbour respectively
[20, 21, 0, 0.981242, 0.774431, -0.045352, -0.631031]
[21, 20, 0, 0.822759, -0.529177, 0.535089, 0.658522]
[21, 21, 32, 0.786332, -0.698077, -0.081782, 0.711337]

 for item 22 5 0 0.823574 -0.913206 -0.387211 -0.126977 
found for -x, -y, -z neighbour respectively
[21, 5, 0, 0.683035, 0.771076, 0.544476, 0.330132]
[22, 4, 0, 0.730326, -0.0224501, 0.514075, 0.857451]
[22, 5, 32, 0.527455, -0.96596, -0.160249, -0.20308]

 for item 22 18 0 0.844240 -0.312012 0.641784 0.700544 
found for -x, -y, -z neighbour respectively
[21, 18, 0, 0.955658, 0.214357, -0.921128, -0.324921]
[22, 17, 0, 0.497734, 0.195831, -0.804712, -0.560436]
[22, 18, 32, 0.419362, -0.179937, -0.603452, -0.776832]

 for item 22 19 0 0.891325 0.064499 0.657213 0.750940 
found for -x, -y, -z neighbour respectively
[21, 19, 0, 0.830992, -0.133242, 0.903672, 0.406968]
[22, 18, 0, 0.84424, -0.312012, 0.641784, 0.700544]
[22, 19, 32, 0.943748, 0.719077, 0.557331, 0.415104]

 for item 23 8 0 0.901267 -0.989156 -0.032498 0.143231 
found for -x, -y, -z neighbour respectively
[22, 8, 0, 0.422133, 0.702767, -0.410688, 0.580908]
[23, 7, 0, 0.406449, 0.310431, 0.353338, 0.882488]
[23, 8, 32, 0.494008, -0.361266, -0.581338, 0.729063]

 for item 23 14 0 0.932724 -0.224255 -0.865088 -0.448700 
found for -x, -y, -z neighbour respectively
[22, 14, 0, 0.462852, 0.143661, -0.437185, -0.887824]
[23, 13, 0, 0.661019, 0.026815, 0.788486, 0.614468]
[23, 14, 32, 0.725241, -0.185953, -0.916066, -0.35531]

 for item 23 15 0 0.857862 0.400581 0.902602 0.157619 
found for -x, -y, -z neighbour respectively
[22, 15, 0, 0.229975, -0.228517, 0.879358, 0.417743]
[23, 14, 0, 0.932724, -0.224255, -0.865088, -0.4487]
[23, 15, 32, 0.543561, -0.346388, -0.819403, -0.456721]

 for item 23 18 0 0.866608 0.172821 -0.482422 -0.858721 
found for -x, -y, -z neighbour respectively
[22, 18, 0, 0.84424, -0.312012, 0.641784, 0.700544]
[23, 17, 0, 0.236537, -0.25417, 0.363353, 0.89631]
[23, 18, 32, 0.539863, 0.332322, 0.756551, 0.563199]

 for item 23 27 0 0.971882 0.726734 0.653363 -0.212072 
found for -x, -y, -z neighbour respectively
[22, 27, 0, 0.267994, -0.888279, -0.282918, 0.361827]
[23, 26, 0, 0.772553, 0.792883, 0.54303, -0.276505]
[23, 27, 32, 0.276801, 0.558905, 0.792524, -0.24399]

 for item 23 29 0 0.888336 0.775489 -0.551668 -0.307050 
found for -x, -y, -z neighbour respectively
[22, 29, 0, 0.527998, -0.902979, 0.346743, 0.253768]
[23, 28, 0, 0.221912, 0.763909, -0.0367202, -0.644278]
[23, 29, 32, 0.60341, 0.763196, -0.612894, -0.20468]

 for item 24 5 0 0.973120 0.568570 0.452286 0.687143 
found for -x, -y, -z neighbour respectively
[23, 5, 0, 0.565519, 0.777661, 0.442726, 0.446359]
[24, 4, 0, 0.376387, -0.155032, -0.791055, -0.591774]
[24, 5, 32, 0.678644, 0.627793, -0.168389, 0.759948]

 for item 24 7 0 0.988954 -0.991861 -0.127040 0.008553 
found for -x, -y, -z neighbour respectively
[23, 7, 0, 0.406449, 0.310431, 0.353338, 0.882488]
[24, 6, 0, 0.562579, 0.793056, 0.296903, 0.531894]
[24, 7, 32, 0.525007, -0.947118, 0.112573, 0.300492]

 for item 24 15 0 0.982178 0.387463 0.868641 0.308763 
found for -x, -y, -z neighbour respectively
[23, 15, 0, 0.857862, 0.400581, 0.902602, 0.157619]
[24, 14, 0, 0.528495, 0.418163, 0.859542, 0.293815]
[24, 15, 32, 0.417591, 0.770059, 0.0340289, 0.637065]

 for item 24 19 0 0.957152 0.781399 0.313618 0.539499 
found for -x, -y, -z neighbour respectively
[23, 19, 0, 0.507101, -0.567931, -0.565565, -0.597989]
[24, 18, 0, 0.791015, -0.161313, 0.399079, 0.902615]
[24, 19, 32, 0.97396, -0.644036, -0.514476, -0.566155]

 for item 24 27 0 0.966810 0.730687 0.674808 -0.103592 
found for -x, -y, -z neighbour respectively
[23, 27, 0, 0.971882, 0.726734, 0.653363, -0.212072]
[24, 26, 0, 0.617843, 0.785224, 0.568447, -0.245542]
[24, 27, 32, 0.388642, 0.630775, 0.621598, 0.464477]

 for item 25 2 0 0.923908 -0.502436 0.847616 -0.170604 
found for -x, -y, -z neighbour respectively
[24, 2, 0, 0.39168, -0.246993, 0.840842, 0.481642]
[25, 1, 0, 0.643931, 0.502709, -0.714981, 0.485887]
[25, 2, 32, 0.808504, -0.952323, 0.226632, -0.204251]

 for item 25 3 0 0.837771 -0.369994 0.882969 -0.288911 
found for -x, -y, -z neighbour respectively
[24, 3, 0, 0.444314, 0.147582, -0.933088, -0.327974]
[25, 2, 0, 0.923908, -0.502436, 0.847616, -0.170604]
[25, 3, 32, 0.688885, -0.510136, -0.801084, -0.313091]

 for item 25 7 0 0.990696 -0.985169 -0.129204 0.112908 
found for -x, -y, -z neighbour respectively
[24, 7, 0, 0.988954, -0.991861, -0.12704, 0.00855262]
[25, 6, 0, 0.703746, -0.976925, -0.118106, -0.177956]
[25, 7, 32, 0.119595, 0.211012, -0.637454, 0.741031]

 for item 25 10 0 0.866058 -0.600603 -0.494077 -0.628621 
found for -x, -y, -z neighbour respectively
[24, 10, 0, 0.359477, 0.569684, 0.794543, 0.210147]
[25, 9, 0, 0.427854, 0.390807, -0.825306, -0.407603]
[25, 10, 32, 0.765638, 0.506484, 0.553441, 0.661193]

 for item 25 11 0 0.877743 0.497268 0.530141 0.686786 
found for -x, -y, -z neighbour respectively
[24, 11, 0, 0.613303, -0.476181, -0.823152, -0.30931]
[25, 10, 0, 0.866058, -0.600603, -0.494077, -0.628621]
[25, 11, 32, 0.687508, -0.276284, -0.384705, -0.880721]

 for item 25 13 0 0.900431 -0.444022 -0.433073 -0.784406 
found for -x, -y, -z neighbour respectively
[24, 13, 0, 0.472399, 0.384209, 0.579084, 0.719059]
[25, 12, 0, 0.746561, -0.465166, -0.394006, -0.792704]
[25, 13, 32, 0.325809, 0.310265, 0.76344, 0.566476]

 for item 25 19 0 0.964341 -0.815743 -0.379161 -0.436806 
found for -x, -y, -z neighbour respectively
[24, 19, 0, 0.957152, 0.781399, 0.313618, 0.539499]
[25, 18, 0, 0.347416, -0.231432, -0.804076, -0.547633]
[25, 19, 32, 0.970547, -0.603839, -0.695266, -0.389851]

 for item 25 23 0 0.937645 0.600497 0.788485 -0.133022 
found for -x, -y, -z neighbour respectively
[24, 23, 0, 0.551902, -0.617101, -0.779127, -0.110216]
[25, 22, 0, 0.471025, -0.536941, -0.833749, 0.128671]
[25, 23, 32, 0.875742, -0.329603, -0.942685, 0.0520271]

 for item 25 24 0 0.970440 0.580325 0.801393 0.144888 
found for -x, -y, -z neighbour respectively
[24, 24, 0, 0.605102, -0.419927, -0.784972, 0.4555]
[25, 23, 0, 0.937645, 0.600497, 0.788485, -0.133022]
[25, 24, 32, 0.780701, -0.523457, -0.811318, -0.2603]

 for item 25 30 0 0.978919 -0.857125 0.509081 0.078571 
found for -x, -y, -z neighbour respectively
[24, 30, 0, 0.7303, -0.866085, 0.493557, 0.0793633]
[25, 29, 0, 0.565399, -0.930431, 0.354454, -0.0930613]
[25, 30, 32, 0.484957, -0.997153, 0.0369059, 0.0657596]

 for item 26 0 0 0.825358 0.616643 -0.383373 0.687588 
found for -x, -y, -z neighbour respectively
[25, 0, 0, 0.369109, 0.734113, -0.666193, 0.131396]
[26, 32, 0, 0.945756, 0.68376, -0.41045, 0.603328]
[26, 0, 32, 0.343106, -0.407518, 0.751509, -0.51881]

 for item 26 2 0 0.847502 -0.356609 0.917934 0.173862 
found for -x, -y, -z neighbour respectively
[25, 2, 0, 0.923908, -0.502436, 0.847616, -0.170604]
[26, 1, 0, 0.520384, -0.436114, 0.878231, 0.196253]
[26, 2, 32, 0.738135, 0.152525, 0.941672, 0.299985]

 for item 26 9 0 1.000000 0.692400 -0.416886 0.588887 
found for -x, -y, -z neighbour respectively
[25, 9, 0, 0.427854, 0.390807, -0.825306, -0.407603]
[26, 8, 0, 0.484181, 0.824053, -0.17651, -0.538312]
[26, 9, 32, 0.495764, 0.431742, 0.855048, -0.287212]

 for item 26 10 0 0.982787 -0.502316 -0.434801 -0.747413 
found for -x, -y, -z neighbour respectively
[25, 10, 0, 0.866058, -0.600603, -0.494077, -0.628621]
[26, 9, 0, 1, 0.6924, -0.416886, 0.588887]
[26, 10, 32, 0.41256, 0.371369, 0.241123, 0.89663]

 for item 26 11 0 0.991479 0.550643 0.457048 0.698498 
found for -x, -y, -z neighbour respectively
[25, 11, 0, 0.877743, 0.497268, 0.530141, 0.686786]
[26, 10, 0, 0.982787, -0.502316, -0.434801, -0.747413]
[26, 11, 32, 0.709087, 0.568153, 0.470821, 0.674929]

 for item 26 12 0 0.980777 -0.517445 -0.496405 -0.697017 
found for -x, -y, -z neighbour respectively
[25, 12, 0, 0.746561, -0.465166, -0.394006, -0.792704]
[26, 11, 0, 0.991479, 0.550643, 0.457048, 0.698498]
[26, 12, 32, 0.553567, 0.649157, 0.355511, 0.672463]

 for item 26 18 0 0.980478 0.134321 0.882672 0.450387 
found for -x, -y, -z neighbour respectively
[25, 18, 0, 0.347416, -0.231432, -0.804076, -0.547633]
[26, 17, 0, 0.703324, -0.370463, -0.810161, -0.45431]
[26, 18, 32, 0.750539, -0.409605, -0.848916, -0.334014]

 for item 26 19 0 0.928148 0.735140 0.547931 0.399176 
found for -x, -y, -z neighbour respectively
[25, 19, 0, 0.964341, -0.815743, -0.379161, -0.436806]
[26, 18, 0, 0.980478, 0.134321, 0.882672, 0.450387]
[26, 19, 32, 0.697652, 0.47633, 0.821096, 0.314502]

 for item 26 23 0 0.982227 0.591344 0.792476 -0.149313 
found for -x, -y, -z neighbour respectively
[25, 23, 0, 0.937645, 0.600497, 0.788485, -0.133022]
[26, 22, 0, 0.546911, -0.518948, -0.854762, -0.00865577]
[26, 23, 32, 0.33322, -0.0326766, 0.981983, 0.186121]

 for item 26 24 0 0.883111 0.583077 0.810259 -0.059177 
found for -x, -y, -z neighbour respectively
[25, 24, 0, 0.97044, 0.580325, 0.801393, 0.144888]
[26, 23, 0, 0.982227, 0.591344, 0.792476, -0.149313]
[26, 24, 32, 0.542494, -0.453649, -0.866998, -0.206197]

 for item 26 26 0 0.878531 0.730911 -0.425293 0.533755 
found for -x, -y, -z neighbour respectively
[25, 26, 0, 0.519059, -0.658291, 0.111542, -0.744454]
[26, 25, 0, 0.782898, 0.310409, 0.947649, 0.0748803]
[26, 26, 32, 0.552171, 0.75736, -0.209586, 0.618449]

 for item 26 32 0 0.945756 0.683760 -0.410450 0.603328 
found for -x, -y, -z neighbour respectively
[25, 32, 0, 0.573024, 0.682431, -0.730742, 0.0174531]
[26, 31, 0, 0.787039, -0.871157, 0.441462, -0.214933]
[26, 32, 32, 0.541939, -0.404225, 0.587934, -0.700668]

 for item 27 1 0 0.804926 0.258034 -0.770468 -0.582922 
found for -x, -y, -z neighbour respectively
[26, 1, 0, 0.520384, -0.436114, 0.878231, 0.196253]
[27, 0, 0, 0.641317, 0.514575, -0.805938, -0.292706]
[27, 1, 32, 0.413201, 0.347649, -0.806883, -0.477577]

 for item 27 2 0 0.905371 0.190488 -0.744610 -0.639743 
found for -x, -y, -z neighbour respectively
[26, 2, 0, 0.847502, -0.356609, 0.917934, 0.173862]
[27, 1, 0, 0.804926, 0.258034, -0.770468, -0.582922]
[27, 2, 32, 0.562984, 0.183455, -0.934214, -0.305923]

 for item 27 14 0 0.986188 0.684665 0.653285 0.323190 
found for -x, -y, -z neighbour respectively
[26, 14, 0, 0.715642, 0.624469, 0.670443, 0.40068]
[27, 13, 0, 0.566533, 0.686502, 0.725611, 0.0469368]
[27, 14, 32, 0.824258, -0.456159, -0.816583, -0.353711]

 for item 27 17 0 0.939344 0.328241 0.878089 0.348164 
found for -x, -y, -z neighbour respectively
[26, 17, 0, 0.703324, -0.370463, -0.810161, -0.45431]
[27, 16, 0, 0.608674, 0.413378, 0.903578, 0.112539]
[27, 17, 32, 0.396295, -0.493066, 0.868831, 0.0449324]

 for item 27 26 0 0.977623 -0.635287 0.325967 -0.700111 
found for -x, -y, -z neighbour respectively
[26, 26, 0, 0.878531, 0.730911, -0.425293, 0.533755]
[27, 25, 0, 0.427551, -0.6359, 0.377581, -0.6731]
[27, 26, 32, 0.539473, -0.67031, 0.287743, -0.684024]

 for item 27 27 0 0.818515 0.503825 -0.287273 0.814638 
found for -x, -y, -z neighbour respectively
[26, 27, 0, 0.706988, -0.663294, 0.370188, -0.650386]
[27, 26, 0, 0.977623, -0.635287, 0.325967, -0.700111]
[27, 27, 32, 0.592464, 0.763296, -0.570339, 0.303469]

 for item 28 9 0 0.953932 -0.189193 -0.750620 -0.633068 
found for -x, -y, -z neighbour respectively
[27, 9, 0, 0, 0, 0, 0]
[28, 8, 0, 0.502099, -0.803226, 0.412413, -0.429818]
[28, 9, 32, 0.658343, -0.268573, 0.215858, 0.938762]

 for item 28 21 0 0.984594 -0.351184 0.931331 0.096399 
found for -x, -y, -z neighbour respectively
[27, 21, 0, 0.707401, 0.476158, -0.835624, -0.273874]
[28, 20, 0, 0.610336, 0.406558, -0.886816, -0.219698]
[28, 21, 32, 0.562087, -0.850805, 0.510073, 0.126315]

 for item 28 22 0 0.802639 -0.447616 0.864972 0.226857 
found for -x, -y, -z neighbour respectively
[27, 22, 0, 0.318395, -0.38675, 0.0998476, -0.916763]
[28, 21, 0, 0.984594, -0.351184, 0.931331, 0.0963992]
[28, 22, 32, 0.371824, -0.587432, 0.68023, 0.438419]

 for item 28 26 0 0.800307 0.684533 -0.210687 0.697872 
found for -x, -y, -z neighbour respectively
[27, 26, 0, 0.977623, -0.635287, 0.325967, -0.700111]
[28, 25, 0, 0.164612, -0.133003, 0.885605, 0.444987]
[28, 26, 32, 0.441409, 0.69355, -0.205692, 0.690419]

 for item 28 28 0 0.947972 0.666365 0.739710 -0.093738 
found for -x, -y, -z neighbour respectively
[27, 28, 0, 0.372068, -0.918493, -0.147353, -0.366957]
[28, 27, 0, 0.198884, 0.494251, 0.833233, -0.247869]
[28, 28, 32, 0.687808, 0.518852, 0.846059, -0.12238]

 for item 29 1 0 0.843042 -0.976409 0.134903 -0.168601 
found for -x, -y, -z neighbour respectively
[28, 1, 0, 0.486956, 0.0786326, -0.971402, -0.224044]
[29, 0, 0, 0.461681, 0.655658, 0.0530809, 0.75319]
[29, 1, 32, 0.417395, -0.834885, 0.0189015, 0.5501]

 for item 29 11 0 1.000000 0.148524 0.755977 -0.637526 
found for -x, -y, -z neighbour respectively
[28, 11, 0, 0.764322, 0.478334, -0.871193, 0.110542]
[29, 10, 0, 0.758357, -0.677516, -0.262922, 0.686909]
[29, 11, 32, 0.992423, 0.735128, 0.197592, -0.648494]

 for item 29 13 0 0.943072 -0.634710 -0.742966 -0.212473 
found for -x, -y, -z neighbour respectively
[28, 13, 0, 0.368805, -0.784928, -0.453845, -0.421797]
[29, 12, 0, 0.441956, 0.539777, 0.218281, -0.813015]
[29, 13, 32, 0.979291, 0.652185, 0.75656, 0.0476703]

 for item 29 14 0 0.878848 0.685007 0.724577 0.075846 
found for -x, -y, -z neighbour respectively
[28, 14, 0, 0.717642, -0.680446, -0.708603, -0.186751]
[29, 13, 0, 0.943072, -0.63471, -0.742966, -0.212473]
[29, 14, 32, 0.991884, -0.663003, -0.734857, -0.142873]

 for item 29 15 0 0.945825 -0.645139 -0.763935 0.014105 
found for -x, -y, -z neighbour respectively
[28, 15, 0, 0.437732, -0.638926, -0.723248, -0.262079]
[29, 14, 0, 0.878848, 0.685007, 0.724577, 0.0758461]
[29, 15, 32, 0.464881, -0.12394, -0.93248, 0.339293]

 for item 29 19 0 0.876063 -0.442690 0.894158 0.067131 
found for -x, -y, -z neighbour respectively
[28, 19, 0, 0.335038, 0.0262727, -0.360178, 0.932514]
[29, 18, 0, 0.285547, -0.906271, -0.238683, -0.348861]
[29, 19, 32, 0.599095, -0.43546, 0.897865, 0.0649046]

 for item 29 20 0 0.986926 0.409771 -0.899126 -0.153818 
found for -x, -y, -z neighbour respectively
[28, 20, 0, 0.610336, 0.406558, -0.886816, -0.219698]
[29, 19, 0, 0.876063, -0.44269, 0.894158, 0.0671313]
[29, 20, 32, 0.707411, -0.358521, 0.902146, 0.239989]

 for item 29 21 0 0.989014 0.420690 -0.879471 -0.222600 
found for -x, -y, -z neighbour respectively
[28, 21, 0, 0.984594, -0.351184, 0.931331, 0.0963992]
[29, 20, 0, 0.986926, 0.409771, -0.899126, -0.153818]
[29, 21, 32, 0.767874, -0.589371, 0.749286, 0.302013]

 for item 29 22 0 0.977568 0.419822 -0.875606 -0.238880 
found for -x, -y, -z neighbour respectively
[28, 22, 0, 0.802639, -0.447616, 0.864972, 0.226857]
[29, 21, 0, 0.989014, 0.42069, -0.879471, -0.2226]
[29, 22, 32, 0.340293, -0.618698, 0.61345, 0.490808]

 for item 29 24 0 0.817326 0.204046 -0.380941 0.901804 
found for -x, -y, -z neighbour respectively
[28, 24, 0, 0.635674, 0.239131, 0.941024, -0.239352]
[29, 23, 0, 0.470912, 0.848317, -0.498941, -0.177247]
[29, 24, 32, 0.669876, 0.212671, -0.976976, -0.0169669]

 for item 30 10 0 0.870730 0.464175 0.703280 0.538459 
found for -x, -y, -z neighbour respectively
[29, 10, 0, 0.758357, -0.677516, -0.262922, 0.686909]
[30, 9, 0, 0.760157, 0.0377159, -0.952152, -0.30329]
[30, 10, 32, 0.691253, 0.328164, 0.762896, 0.557044]

 for item 30 12 0 0.898827 0.048435 0.573135 0.818028 
found for -x, -y, -z neighbour respectively
[29, 12, 0, 0.441956, 0.539777, 0.218281, -0.813015]
[30, 11, 0, 0.422395, -0.324035, -0.868054, -0.376144]
[30, 12, 32, 0.523839, -0.151806, -0.971957, -0.179596]

 for item 30 13 0 0.981194 0.455591 0.790068 0.410158 
found for -x, -y, -z neighbour respectively
[29, 13, 0, 0.943072, -0.63471, -0.742966, -0.212473]
[30, 12, 0, 0.898827, 0.0484351, 0.573135, 0.818028]
[30, 13, 32, 0.46398, -0.394614, -0.85749, -0.330137]

 for item 30 14 0 0.926919 -0.666718 -0.724126 -0.176434 
found for -x, -y, -z neighbour respectively
[29, 14, 0, 0.878848, 0.685007, 0.724577, 0.0758461]
[30, 13, 0, 0.981194, 0.455591, 0.790068, 0.410158]
[30, 14, 32, 1, -0.667086, -0.744163, 0.0348919]

 for item 30 18 0 0.894167 -0.195228 0.272692 -0.942085 
found for -x, -y, -z neighbour respectively
[29, 18, 0, 0.285547, -0.906271, -0.238683, -0.348861]
[30, 17, 0, 0, 0, 0, 0]
[30, 18, 32, 0.844906, 0.147242, -0.21427, 0.965613]

 for item 30 20 0 0.983334 -0.465736 0.858259 0.215595 
found for -x, -y, -z neighbour respectively
[29, 20, 0, 0.986926, 0.409771, -0.899126, -0.153818]
[30, 19, 0, 0.723166, 0.491592, -0.832941, -0.25406]
[30, 20, 32, 0.982089, -0.338879, 0.91958, 0.198831]

 for item 30 21 0 0.982787 -0.416514 0.855077 0.308804 
found for -x, -y, -z neighbour respectively
[29, 21, 0, 0.989014, 0.42069, -0.879471, -0.2226]
[30, 20, 0, 0.983334, -0.465736, 0.858259, 0.215595]
[30, 21, 32, 0.268754, 0.537461, 0.161828, -0.827616]

 for item 30 22 0 0.893179 0.419116 -0.842995 -0.337197 
found for -x, -y, -z neighbour respectively
[29, 22, 0, 0.977568, 0.419822, -0.875606, -0.23888]
[30, 21, 0, 0.982787, -0.416514, 0.855077, 0.308804]
[30, 22, 32, 0.778168, -0.33093, 0.915276, 0.229687]

 for item 30 32 0 0.888286 -0.932805 -0.180777 0.311760 
found for -x, -y, -z neighbour respectively
[29, 32, 0, 0.391838, -0.766189, 0.360626, 0.531887]
[30, 31, 0, 0.474656, 0.0460493, -0.997733, 0.0490839]
[30, 32, 32, 0.987904, -0.151563, 0.985207, -0.0799761]

 for item 31 4 0 0.882145 -0.379729 0.728535 0.570126 
found for -x, -y, -z neighbour respectively
[30, 4, 0, 0.540523, -0.281146, 0.798187, -0.53278]
[31, 3, 0, 0.590718, 0.664959, -0.735099, -0.132134]
[31, 4, 32, 0.992526, 0.744671, -0.498658, -0.443629]

 for item 31 7 0 0.960110 0.080810 0.851417 0.518226 
found for -x, -y, -z neighbour respectively
[30, 7, 0, 0.415991, -0.592072, -0.786104, 0.177459]
[31, 6, 0, 0.439907, -0.0383251, 0.910059, 0.412703]
[31, 7, 32, 0.680216, 0.293019, 0.933746, 0.205571]

 for item 31 8 0 0.864808 0.184822 0.787669 0.587723 
found for -x, -y, -z neighbour respectively
[30, 8, 0, 0.565546, 0.442423, -0.580873, 0.683263]
[31, 7, 0, 0.96011, 0.0808102, 0.851417, 0.518226]
[31, 8, 32, 0.807664, 0.199146, 0.979956, -0.00528627]

 for item 31 10 0 0.974611 -0.386174 -0.831136 -0.400104 
found for -x, -y, -z neighbour respectively
[30, 10, 0, 0.87073, 0.464175, 0.70328, 0.538459]
[31, 9, 0, 0.488028, 0.0657337, 0.52803, 0.846678]
[31, 10, 32, 0.714411, -0.536124, -0.545231, 0.644433]

 for item 31 11 0 0.982406 0.298539 0.860965 0.411842 
found for -x, -y, -z neighbour respectively
[30, 11, 0, 0.422395, -0.324035, -0.868054, -0.376144]
[31, 10, 0, 0.974611, -0.386174, -0.831136, -0.400104]
[31, 11, 32, 0.393075, 0.442783, 0.815554, -0.37258]

 for item 31 12 0 0.918859 -0.099131 0.754498 0.648772 
found for -x, -y, -z neighbour respectively
[30, 12, 0, 0.898827, 0.0484351, 0.573135, 0.818028]
[31, 11, 0, 0.982406, 0.298539, 0.860965, 0.411842]
[31, 12, 32, 1, -0.114165, -0.822029, -0.557884]

 for item 31 13 0 0.989158 0.788443 0.353315 -0.503514 
found for -x, -y, -z neighbour respectively
[30, 13, 0, 0.981194, 0.455591, 0.790068, 0.410158]
[31, 12, 0, 0.918859, -0.0991315, 0.754498, 0.648772]
[31, 13, 32, 0.284695, 0.0264506, 0.177913, 0.983691]

 for item 31 20 0 0.885396 0.184139 -0.936050 -0.299837 
found for -x, -y, -z neighbour respectively
[30, 20, 0, 0.983334, -0.465736, 0.858259, 0.215595]
[31, 19, 0, 0.382832, -0.382219, 0.895612, 0.227569]
[31, 20, 32, 0.652991, 0.0744077, -0.766863, -0.637483]

 for item 31 21 0 0.983511 0.403974 -0.858646 -0.315487 
found for -x, -y, -z neighbour respectively
[30, 21, 0, 0.982787, -0.416514, 0.855077, 0.308804]
[31, 20, 0, 0.885396, 0.184139, -0.93605, -0.299837]
[31, 21, 32, 0.928171, 0.242563, -0.903813, -0.352541]

 for item 31 24 0 0.919929 -0.281733 -0.397229 0.873405 
found for -x, -y, -z neighbour respectively
[30, 24, 0, 0.74198, 0.575073, 0.684307, -0.448347]
[31, 23, 0, 0.683716, -0.0492225, 0.460692, -0.886194]
[31, 24, 32, 0.705112, 0.456122, 0.403153, -0.79336]

 for item 31 31 0 0.966831 0.564834 0.725556 -0.393104 
found for -x, -y, -z neighbour respectively
[30, 31, 0, 0.474656, 0.0460493, -0.997733, 0.0490839]
[31, 30, 0, 0.749114, 0.366265, 0.0206298, 0.930282]
[31, 31, 32, 0.516448, -0.796036, 0.06104, -0.602163]

 for item 0 21 1 0.872129 0.529442 -0.777839 -0.338610 
found for -x, -y, -z neighbour respectively
[32, 21, 1, 0.186389, -0.448812, 0.019439, -0.893415]
[0, 20, 1, 0.554956, 0.532011, -0.811765, -0.240835]
[0, 21, 0, 0.608542, 0.49768, -0.832866, -0.242178]

 for item 1 14 1 0.831882 -0.986422 0.004232 0.164175 
found for -x, -y, -z neighbour respectively
[0, 14, 1, 0.278594, 0.319904, 0.742906, 0.588007]
[1, 13, 1, 0.489088, -0.326057, -0.652597, 0.683962]
[1, 14, 0, 0.402955, -0.881844, -0.159945, 0.443585]

 for item 1 16 1 0.988237 -0.491298 -0.009813 -0.870936 
found for -x, -y, -z neighbour respectively
[0, 16, 1, 0.398308, 0.570794, 0.310025, 0.760315]
[1, 15, 1, 0.621061, 0.765828, -0.0932231, 0.636252]
[1, 16, 0, 0.720354, 0.279817, 0.441198, 0.85267]

 for item 1 17 1 0.814172 -0.589033 -0.011685 -0.808025 
found for -x, -y, -z neighbour respectively
[0, 17, 1, 0.0750145, -0.60816, 0.714628, 0.345614]
[1, 16, 1, 0.988237, -0.491298, -0.00981284, -0.870936]
[1, 17, 0, 0.626094, 0.295918, 0.474882, 0.828806]

 for item 1 22 1 0.879061 0.749345 -0.158459 0.642941 
found for -x, -y, -z neighbour respectively
[0, 22, 1, 0.466039, -0.591208, 0.71512, 0.372929]
[1, 21, 1, 0.636951, 0.409993, -0.644867, 0.645021]
[1, 22, 0, 0.604252, 0.82169, -0.110011, 0.559217]

 for item 1 23 1 0.903580 0.710958 -0.190650 0.676898 
found for -x, -y, -z neighbour respectively
[0, 23, 1, 0.252037, 0.388793, 0.880911, -0.269882]
[1, 22, 1, 0.879061, 0.749345, -0.158459, 0.642941]
[1, 23, 0, 0.513673, -0.590614, 0.302296, -0.748193]

 for item 1 24 1 0.963322 -0.676629 0.183197 -0.713170 
found for -x, -y, -z neighbour respectively
[0, 24, 1, 0.241514, 0.424412, 0.773338, -0.470981]
[1, 23, 1, 0.90358, 0.710958, -0.19065, 0.676898]
[1, 24, 0, 0.234705, 0.805586, -0.203637, 0.556385]

 for item 1 32 1 0.801863 -0.327653 -0.944761 -0.008331 
found for -x, -y, -z neighbour respectively
[0, 32, 1, 0.208892, -0.441714, -0.779522, 0.444111]
[1, 31, 1, 0.516367, -0.388967, -0.884946, -0.256078]
[1, 32, 0, 0.315295, -0.925705, -0.251149, 0.282831]

 for item 2 3 1 0.923705 0.804511 0.148260 0.575136 
found for -x, -y, -z neighbour respectively
[1, 3, 1, 0.454922, 0.742603, -0.611229, 0.273751]
[2, 2, 1, 0.491147, -0.845509, -0.0382891, -0.532586]
[2, 3, 0, 0.762398, 0.798578, 0.238756, 0.552511]

 for item 2 4 1 0.910085 0.736396 0.032977 0.675746 
found for -x, -y, -z neighbour respectively
[1, 4, 1, 0.653217, 0.667234, 0.0496136, 0.743194]
[2, 3, 1, 0.923705, 0.804511, 0.14826, 0.575136]
[2, 4, 0, 0.638416, 0.687131, 0.200464, 0.69833]

 for item 2 15 1 0.967714 -0.599144 -0.377547 -0.706034 
found for -x, -y, -z neighbour respectively
[1, 15, 1, 0.621061, 0.765828, -0.0932231, 0.636252]
[2, 14, 1, 0.364979, 0.798604, 0.0894345, 0.595175]
[2, 15, 0, 0.806874, 0.585972, 0.398867, 0.705366]

 for item 2 17 1 0.803566 -0.871233 -0.023039 -0.490329 
found for -x, -y, -z neighbour respectively
[1, 17, 1, 0.814172, -0.589033, -0.0116852, -0.808025]
[2, 16, 1, 0.735358, -0.579037, -0.218015, -0.785612]
[2, 17, 0, 0.766349, 0.395021, -0.239881, 0.886801]

 for item 2 19 1 0.807202 0.781084 -0.335502 0.526637 
found for -x, -y, -z neighbour respectively
[1, 19, 1, 0.419056, -0.854031, 0.240034, -0.461536]
[2, 18, 1, 0.362492, -0.569376, 0.463628, 0.678867]
[2, 19, 0, 0.336786, -0.887714, -0.143516, -0.437455]

 for item 2 20 1 0.985660 -0.845906 0.267497 -0.461399 
found for -x, -y, -z neighbour respectively
[1, 20, 1, 0.38464, -0.138896, -0.520302, 0.842611]
[2, 19, 1, 0.807202, 0.781084, -0.335502, 0.526637]
[2, 20, 0, 0.463892, 0.370259, -0.904939, -0.209746]

 for item 2 22 1 0.976464 0.716227 -0.122202 0.687085 
found for -x, -y, -z neighbour respectively
[1, 22, 1, 0.879061, 0.749345, -0.158459, 0.642941]
[2, 21, 1, 0.432381, 0.141228, 0.522711, 0.84073]
[2, 22, 0, 0.677291, -0.808758, -0.0161885, -0.587919]

 for item 2 23 1 0.988018 0.636114 -0.129474 0.760655 
found for -x, -y, -z neighbour respectively
[1, 23, 1, 0.90358, 0.710958, -0.19065, 0.676898]
[2, 22, 1, 0.976464, 0.716227, -0.122202, 0.687085]
[2, 23, 0, 0.495737, -0.598032, -0.521874, -0.608281]

 for item 2 24 1 0.950231 -0.847874 0.076306 -0.524679 
found for -x, -y, -z neighbour respectively
[1, 24, 1, 0.963322, -0.676629, 0.183197, -0.71317]
[2, 23, 1, 0.988018, 0.636114, -0.129474, 0.760655]
[2, 24, 0, 0.299522, 0.759488, 0.0153337, 0.65034]

 for item 2 31 1 0.941931 -0.166664 -0.955544 -0.243225 
found for -x, -y, -z neighbour respectively
[1, 31, 1, 0.516367, -0.388967, -0.884946, -0.256078]
[2, 30, 1, 0.466819, -0.213915, 0.826433, 0.520815]
[2, 31, 0, 0.444736, -0.75589, 0.65372, -0.0357745]

 for item 2 32 1 0.988085 -0.188044 -0.982150 -0.004484 
found for -x, -y, -z neighbour respectively
[1, 32, 1, 0.801863, -0.327653, -0.944761, -0.0083312]
[2, 31, 1, 0.941931, -0.166664, -0.955544, -0.243225]
[2, 32, 0, 0.671339, -0.963238, -0.268589, 0.0057175]

 for item 3 3 1 0.976301 0.786303 0.174630 0.592648 
found for -x, -y, -z neighbour respectively
[2, 3, 1, 0.923705, 0.804511, 0.14826, 0.575136]
[3, 2, 1, 0.784706, -0.859873, -0.229114, -0.456207]
[3, 3, 0, 0.986376, 0.798132, 0.30666, 0.518599]

 for item 3 4 1 0.864917 0.761050 0.087584 0.642753 
found for -x, -y, -z neighbour respectively
[2, 4, 1, 0.910085, 0.736396, 0.0329774, 0.675746]
[3, 3, 1, 0.976301, 0.786303, 0.17463, 0.592648]
[3, 4, 0, 0.757754, -0.809511, -0.286986, -0.512182]

 for item 3 12 1 0.848181 -0.995077 -0.064826 -0.074958 
found for -x, -y, -z neighbour respectively
[2, 12, 1, 0.412632, -0.844267, -0.504796, 0.179982]
[3, 11, 1, 0.666383, -0.965648, -0.0580877, 0.253278]
[3, 12, 0, 0.908081, -0.994901, 0.100857, 0.000867204]

 for item 3 16 1 0.852493 -0.593557 -0.245709 -0.766366 
found for -x, -y, -z neighbour respectively
[2, 16, 1, 0.735358, -0.579037, -0.218015, -0.785612]
[3, 15, 1, 0.520004, 0.447411, 0.169547, 0.87811]
[3, 16, 0, 0.874457, 0.686985, -0.277663, 0.671532]

 for item 3 17 1 0.837819 0.441240 -0.450883 0.775894 
found for -x, -y, -z neighbour respectively
[2, 17, 1, 0.803566, -0.871233, -0.0230393, -0.490329]
[3, 16, 1, 0.852493, -0.593557, -0.245709, -0.766366]
[3, 17, 0, 0.399855, 0.36363, -0.461602, 0.809133]

 for item 3 18 1 0.825033 -0.580243 0.355740 -0.732644 
found for -x, -y, -z neighbour respectively
[2, 18, 1, 0.362492, -0.569376, 0.463628, 0.678867]
[3, 17, 1, 0.837819, 0.44124, -0.450883, 0.775894]
[3, 18, 0, 0.227608, 0.777835, -0.102896, 0.619988]

 for item 3 23 1 0.980687 0.676379 -0.093010 0.730658 
found for -x, -y, -z neighbour respectively
[2, 23, 1, 0.988018, 0.636114, -0.129474, 0.760655]
[3, 22, 1, 0.704757, 0.569702, -0.0837141, 0.817577]
[3, 23, 0, 0.695192, 0.710806, -0.113957, 0.694095]

 for item 3 24 1 0.890762 0.783627 -0.123045 0.608924 
found for -x, -y, -z neighbour respectively
[2, 24, 1, 0.950231, -0.847874, 0.0763057, -0.524679]
[3, 23, 1, 0.980687, 0.676379, -0.0930096, 0.730658]
[3, 24, 0, 0.271582, -0.38568, 0.922448, 0.0184575]

 for item 3 32 1 0.865204 0.292731 0.870799 -0.394990 
found for -x, -y, -z neighbour respectively
[2, 32, 1, 0.988085, -0.188044, -0.98215, -0.0044841]
[3, 31, 1, 0.674996, 0.338377, 0.633841, -0.695519]
[3, 32, 0, 0.615609, -0.946349, -0.310506, -0.0894994]

 for item 4 0 1 0.940316 -0.947364 -0.031823 -0.318574 
found for -x, -y, -z neighbour respectively
[3, 0, 1, 0.64373, 0.286782, 0.934192, -0.21223]
[4, 32, 1, 0.376573, 0.308566, 0.655284, -0.689485]
[4, 0, 0, 0.612593, -0.914057, -0.382046, -0.136164]

 for item 4 1 1 0.833494 -0.920434 0.362113 0.147228 
found for -x, -y, -z neighbour respectively
[3, 1, 1, 0.550558, -0.837635, 0.349693, -0.419621]
[4, 0, 1, 0.940316, -0.947364, -0.0318233, -0.318574]
[4, 1, 0, 0.58639, -0.998923, -0.0316398, 0.0339252]

 for item 4 3 1 0.986796 -0.834604 -0.327566 -0.442873 
found for -x, -y, -z neighbour respectively
[3, 3, 1, 0.976301, 0.786303, 0.17463, 0.592648]
[4, 2, 1, 0.681068, -0.811571, -0.135047, -0.568432]
[4, 3, 0, 0.555316, 0.533072, -0.049213, 0.844638]

 for item 4 4 1 0.831030 0.762662 0.214329 0.610254 
found for -x, -y, -z neighbour respectively
[3, 4, 1, 0.864917, 0.76105, 0.0875842, 0.642753]
[4, 3, 1, 0.986796, -0.834604, -0.327566, -0.442873]
[4, 4, 0, 0.733662, 0.755192, 0.338906, 0.561095]

 for item 4 5 1 0.879594 0.742110 -0.024408 0.669833 
found for -x, -y, -z neighbour respectively
[3, 5, 1, 0.435923, 0.672849, -0.104575, 0.732351]
[4, 4, 1, 0.83103, 0.762662, 0.214329, 0.610254]
[4, 5, 0, 0.617042, -0.879377, 0.476116, -0.00303432]

 for item 4 7 1 0.948392 -0.955705 0.016392 -0.293870 
found for -x, -y, -z neighbour respectively
[3, 7, 1, 0.53128, 0.877638, 0.0434138, 0.477354]
[4, 6, 1, 0.365225, -0.755059, 0.0997075, -0.648032]
[4, 7, 0, 0.507827, -0.931991, 0.0446739, -0.359719]

 for item 4 16 1 0.940028 -0.548752 0.334597 -0.766105 
found for -x, -y, -z neighbour respectively
[3, 16, 1, 0.852493, -0.593557, -0.245709, -0.766366]
[4, 15, 1, 0.134843, 0.451229, 0.679507, -0.578501]
[4, 16, 0, 0.216386, -0.380209, -0.727896, 0.570622]

 for item 4 17 1 0.988545 -0.556296 0.367911 -0.745102 
found for -x, -y, -z neighbour respectively
[3, 17, 1, 0.837819, 0.44124, -0.450883, 0.775894]
[4, 16, 1, 0.940028, -0.548752, 0.334597, -0.766105]
[4, 17, 0, 0.758871, -0.52147, 0.359723, -0.773736]

 for item 4 18 1 0.910243 -0.474859 0.436235 -0.764335 
found for -x, -y, -z neighbour respectively
[3, 18, 1, 0.825033, -0.580243, 0.35574, -0.732644]
[4, 17, 1, 0.988545, -0.556296, 0.367911, -0.745102]
[4, 18, 0, 0.869377, -0.560711, 0.380002, -0.735664]

 for item 4 20 1 0.978369 0.593615 0.088893 0.799824 
found for -x, -y, -z neighbour respectively
[3, 20, 1, 0.60493, -0.502628, 0.131233, -0.854484]
[4, 19, 1, 0.622487, 0.453756, 0.00567494, 0.891108]
[4, 20, 0, 0.984299, 0.603502, 0.0442866, 0.796131]

 for item 4 21 1 0.926933 0.552421 0.088017 0.828905 
found for -x, -y, -z neighbour respectively
[3, 21, 1, 0.368926, 0.294201, 0.331762, 0.896315]
[4, 20, 1, 0.978369, 0.593615, 0.0888928, 0.799824]
[4, 21, 0, 0.978801, 0.719569, -0.0623917, 0.691613]

 for item 4 22 1 0.943880 -0.572605 -0.032586 -0.819184 
found for -x, -y, -z neighbour respectively
[3, 22, 1, 0.704757, 0.569702, -0.0837141, 0.817577]
[4, 21, 1, 0.926933, 0.552421, 0.0880167, 0.828905]
[4, 22, 0, 0.84351, 0.631614, -0.136917, 0.763098]

 for item 4 23 1 0.956143 0.652267 -0.064665 0.755226 
found for -x, -y, -z neighbour respectively
[3, 23, 1, 0.980687, 0.676379, -0.0930096, 0.730658]
[4, 22, 1, 0.94388, -0.572605, -0.0325861, -0.819184]
[4, 23, 0, 0.932405, -0.689699, 0.261487, -0.675233]

 for item 4 24 1 0.974868 -0.850061 0.129847 -0.510428 
found for -x, -y, -z neighbour respectively
[3, 24, 1, 0.890762, 0.783627, -0.123045, 0.608924]
[4, 23, 1, 0.956143, 0.652267, -0.0646646, 0.755226]
[4, 24, 0, 0.797825, -0.601629, 0.384101, -0.700364]

 for item 4 28 1 0.994580 0.392800 0.834049 -0.387390 
found for -x, -y, -z neighbour respectively
[3, 28, 1, 0.62199, -0.327629, -0.84195, 0.428695]
[4, 27, 1, 0.736402, 0.449782, 0.826694, -0.338043]
[4, 28, 0, 0.986084, -0.372392, -0.837903, 0.399053]

 for item 4 29 1 0.991378 0.371904 0.832132 -0.411392 
found for -x, -y, -z neighbour respectively
[3, 29, 1, 0.465635, -0.306341, -0.865421, 0.396486]
[4, 28, 1, 0.99458, 0.3928, 0.834049, -0.38739]
[4, 29, 0, 0.975987, -0.319007, -0.797502, 0.512079]

 for item 4 30 1 0.984040 -0.388779 -0.762942 0.516498 
found for -x, -y, -z neighbour respectively
[3, 30, 1, 0.663223, -0.506533, -0.64514, 0.57203]
[4, 29, 1, 0.991378, 0.371904, 0.832132, -0.411392]
[4, 30, 0, 0.770503, 0.26701, 0.76041, -0.592016]

 for item 4 31 1 0.902047 -0.381898 -0.745934 0.545652 
found for -x, -y, -z neighbour respectively
[3, 31, 1, 0.674996, 0.338377, 0.633841, -0.695519]
[4, 30, 1, 0.98404, -0.388779, -0.762942, 0.516498]
[4, 31, 0, 0.0898206, -0.298047, -0.954319, -0.0210497]

 for item 5 1 1 0.843998 -0.857249 0.508970 0.077936 
found for -x, -y, -z neighbour respectively
[4, 1, 1, 0.833494, -0.920434, 0.362113, 0.147228]
[5, 0, 1, 0.603509, -0.884535, 0.137098, -0.445872]
[5, 1, 0, 0.810972, -0.881301, 0.449571, 0.145582]

 for item 5 2 1 0.918593 -0.621695 0.379781 -0.685027 
found for -x, -y, -z neighbour respectively
[4, 2, 1, 0.681068, -0.811571, -0.135047, -0.568432]
[5, 1, 1, 0.843998, -0.857249, 0.50897, 0.0779357]
[5, 2, 0, 0.318048, -0.544563, 0.270531, -0.793892]

 for item 5 6 1 0.821584 -0.910246 0.082160 -0.405834 
found for -x, -y, -z neighbour respectively
[4, 6, 1, 0.365225, -0.755059, 0.0997075, -0.648032]
[5, 5, 1, 0.637453, -0.777973, 0.0194058, -0.627998]
[5, 6, 0, 0.673189, -0.911825, -0.030757, -0.409425]

 for item 5 7 1 0.979701 -0.962821 0.061739 -0.262992 
found for -x, -y, -z neighbour respectively
[4, 7, 1, 0.948392, -0.955705, 0.0163921, -0.29387]
[5, 6, 1, 0.821584, -0.910246, 0.0821601, -0.405834]
[5, 7, 0, 0.789876, -0.877603, -0.128257, -0.461912]

 for item 5 8 1 0.887836 -0.959375 0.281849 -0.012694 
found for -x, -y, -z neighbour respectively
[4, 8, 1, 0.693234, -0.966864, 0.250491, -0.0492855]
[5, 7, 1, 0.979701, -0.962821, 0.0617389, -0.262992]
[5, 8, 0, 0.737141, -0.885002, 0.431765, -0.174213]

 for item 5 16 1 0.887102 -0.529742 0.377863 -0.759337 
found for -x, -y, -z neighbour respectively
[4, 16, 1, 0.940028, -0.548752, 0.334597, -0.766105]
[5, 15, 1, 0.232835, 0.245358, 0.24402, -0.938218]
[5, 16, 0, 0.880527, 0.55709, -0.366878, 0.745018]

 for item 5 17 1 0.990387 0.543319 -0.387936 0.744520 
found for -x, -y, -z neighbour respectively
[4, 17, 1, 0.988545, -0.556296, 0.367911, -0.745102]
[5, 16, 1, 0.887102, -0.529742, 0.377863, -0.759337]
[5, 17, 0, 0.989733, -0.578651, 0.38255, -0.72029]

 for item 5 18 1 0.856536 0.535688 -0.404289 0.741342 
found for -x, -y, -z neighbour respectively
[4, 18, 1, 0.910243, -0.474859, 0.436235, -0.764335]
[5, 17, 1, 0.990387, 0.543319, -0.387936, 0.74452]
[5, 18, 0, 0.988767, 0.57164, -0.358195, 0.73819]

 for item 5 23 1 0.962453 0.754549 -0.184450 0.629788 
found for -x, -y, -z neighbour respectively
[4, 23, 1, 0.956143, 0.652267, -0.0646646, 0.755226]
[5, 22, 1, 0.527603, 0.660667, 0.214955, 0.719246]
[5, 23, 0, 0.799154, 0.659531, -0.334661, 0.673068]

 for item 5 24 1 0.981252 -0.896732 0.200497 -0.394554 
found for -x, -y, -z neighbour respectively
[4, 24, 1, 0.974868, -0.850061, 0.129847, -0.510428]
[5, 23, 1, 0.962453, 0.754549, -0.18445, 0.629788]
[5, 24, 0, 0.506452, 0.824412, -0.342221, 0.45081]

 for item 5 28 1 0.861163 -0.332545 -0.867869 0.369076 
found for -x, -y, -z neighbour respectively
[4, 28, 1, 0.99458, 0.3928, 0.834049, -0.38739]
[5, 27, 1, 0.424501, -0.498919, -0.674862, 0.543729]
[5, 28, 0, 0.99196, -0.365483, -0.830315, 0.420712]

 for item 5 29 1 0.989233 -0.332323 -0.848260 0.412331 
found for -x, -y, -z neighbour respectively
[4, 29, 1, 0.991378, 0.371904, 0.832132, -0.411392]
[5, 28, 1, 0.861163, -0.332545, -0.867869, 0.369076]
[5, 29, 0, 0.92989, -0.396262, -0.806328, 0.439103]

 for item 5 30 1 0.926534 0.303616 0.832615 -0.463216 
found for -x, -y, -z neighbour respectively
[4, 30, 1, 0.98404, -0.388779, -0.762942, 0.516498]
[5, 29, 1, 0.989233, -0.332323, -0.84826, 0.412331]
[5, 30, 0, 0.684092, 0.254153, 0.87714, -0.407469]

 for item 5 31 1 0.968725 -0.312273 -0.873302 0.373938 
found for -x, -y, -z neighbour respectively
[4, 31, 1, 0.902047, -0.381898, -0.745934, 0.545652]
[5, 30, 1, 0.926534, 0.303616, 0.832615, -0.463216]
[5, 31, 0, 0.506328, -0.879376, -0.0744261, 0.470276]

 for item 6 4 1 0.818348 0.448057 0.695251 -0.562024 
found for -x, -y, -z neighbour respectively
[5, 4, 1, 0.502601, 0.809615, -0.271379, 0.520459]
[6, 3, 1, 0.605184, -0.389208, -0.826173, 0.407377]
[6, 4, 0, 0.308867, 0.580448, 0.714919, -0.389833]

 for item 6 6 1 0.920438 -0.908362 0.116631 -0.401592 
found for -x, -y, -z neighbour respectively
[5, 6, 1, 0.821584, -0.910246, 0.0821601, -0.405834]
[6, 5, 1, 0.684958, -0.695307, -0.00961431, -0.718649]
[6, 6, 0, 0.982164, -0.821212, 0.281906, -0.496124]

 for item 6 7 1 0.980291 -0.970560 0.116731 -0.210685 
found for -x, -y, -z neighbour respectively
[5, 7, 1, 0.979701, -0.962821, 0.0617389, -0.262992]
[6, 6, 1, 0.920438, -0.908362, 0.116631, -0.401592]
[6, 7, 0, 0.954827, -0.976946, 0.12466, -0.173313]

 for item 6 8 1 0.989796 -0.976710 0.195887 -0.087557 
found for -x, -y, -z neighbour respectively
[5, 8, 1, 0.887836, -0.959375, 0.281849, -0.0126935]
[6, 7, 1, 0.980291, -0.97056, 0.116731, -0.210685]
[6, 8, 0, 0.935574, -0.941338, 0.322694, -0.0987498]

 for item 6 10 1 0.909880 -0.958733 -0.034001 -0.282269 
found for -x, -y, -z neighbour respectively
[5, 10, 1, 0.63572, -0.952718, 0.119326, -0.279447]
[6, 9, 1, 0.712474, -0.985744, 0.0629038, 0.156053]
[6, 10, 0, 0.724572, -0.989083, 0.0174372, -0.146326]

 for item 6 11 1 0.950378 -0.993605 -0.067376 -0.090610 
found for -x, -y, -z neighbour respectively
[5, 11, 1, 0.503988, 0.789048, -0.580614, -0.200726]
[6, 10, 1, 0.90988, -0.958733, -0.0340011, -0.282269]
[6, 11, 0, 0.766526, -0.982424, 0.16667, -0.0840526]

 for item 6 17 1 0.991549 -0.561963 0.442616 -0.698776 
found for -x, -y, -z neighbour respectively
[5, 17, 1, 0.990387, 0.543319, -0.387936, 0.74452]
[6, 16, 1, 0.733309, -0.572277, 0.472536, -0.670231]
[6, 17, 0, 0.988289, -0.550892, 0.390452, -0.737608]

 for item 6 23 1 0.808589 -0.876472 0.153588 -0.456298 
found for -x, -y, -z neighbour respectively
[5, 23, 1, 0.962453, 0.754549, -0.18445, 0.629788]
[6, 22, 1, 0.451515, 0.692371, -0.244014, 0.679028]
[6, 23, 0, 0.842924, 0.76393, -0.406452, 0.501207]

 for item 6 24 1 0.968533 -0.946770 0.175566 -0.269822 
found for -x, -y, -z neighbour respectively
[5, 24, 1, 0.981252, -0.896732, 0.200497, -0.394554]
[6, 23, 1, 0.808589, -0.876472, 0.153588, -0.456298]
[6, 24, 0, 0.371772, -0.910975, 0.377783, -0.165542]

 for item 6 25 1 0.808088 -0.970292 0.238371 -0.041383 
found for -x, -y, -z neighbour respectively
[5, 25, 1, 0.727888, -0.942501, 0.333933, -0.013434]
[6, 24, 1, 0.968533, -0.94677, 0.175566, -0.269822]
[6, 25, 0, 0.847118, 0.699472, 0.674788, -0.235373]

 for item 6 28 1 0.913378 -0.324249 -0.916315 0.235008 
found for -x, -y, -z neighbour respectively
[5, 28, 1, 0.861163, -0.332545, -0.867869, 0.369076]
[6, 27, 1, 0.401841, -0.0194502, -0.695196, 0.718557]
[6, 28, 0, 0.785021, -0.407634, -0.878115, 0.250497]

 for item 6 31 1 0.935815 -0.297752 -0.847506 0.439407 
found for -x, -y, -z neighbour respectively
[5, 31, 1, 0.968725, -0.312273, -0.873302, 0.373938]
[6, 30, 1, 0.734344, 0.218045, 0.771541, -0.597647]
[6, 31, 0, 0.283879, 0.570737, 0.808079, -0.145837]

 for item 7 3 1 0.989874 0.380003 0.823172 -0.421883 
found for -x, -y, -z neighbour respectively
[6, 3, 1, 0.605184, -0.389208, -0.826173, 0.407377]
[7, 2, 1, 0.336987, 0.0847178, -0.990338, -0.109792]
[7, 3, 0, 0.500974, -0.784656, -0.515969, -0.343643]

 for item 7 4 1 0.844408 -0.438589 -0.749221 0.496295 
found for -x, -y, -z neighbour respectively
[6, 4, 1, 0.818348, 0.448057, 0.695251, -0.562024]
[7, 3, 1, 0.989874, 0.380003, 0.823172, -0.421883]
[7, 4, 0, 0.285989, -0.986487, -0.033346, 0.160413]

 for item 7 6 1 0.974579 -0.940118 0.207071 -0.270738 
found for -x, -y, -z neighbour respectively
[6, 6, 1, 0.920438, -0.908362, 0.116631, -0.401592]
[7, 5, 1, 0.183432, 0.137094, 0.862174, -0.487711]
[7, 6, 0, 0.97599, -0.823317, 0.440481, -0.357947]

 for item 7 7 1 0.913311 -0.981753 0.124916 -0.143375 
found for -x, -y, -z neighbour respectively
[6, 7, 1, 0.980291, -0.97056, 0.116731, -0.210685]
[7, 6, 1, 0.974579, -0.940118, 0.207071, -0.270738]
[7, 7, 0, 0.888991, -0.902833, 0.391309, -0.17824]

 for item 7 12 1 0.860032 -0.982139 0.186528 0.024702 
found for -x, -y, -z neighbour respectively
[6, 12, 1, 0.260227, -0.891527, 0.414473, -0.182733]
[7, 11, 1, 0.660992, -0.988826, 0.0822459, -0.124335]
[7, 12, 0, 0.551798, -0.955009, 0.191305, 0.226627]

 for item 7 31 1 0.865556 0.056019 -0.111429 -0.992192 
found for -x, -y, -z neighbour respectively
[6, 31, 1, 0.935815, -0.297752, -0.847506, 0.439407]
[7, 30, 1, 0.555723, 0.419699, -0.337717, 0.842496]
[7, 31, 0, 0.555405, -0.0881506, 0.265513, 0.960069]

 for item 7 32 1 0.815441 -0.367482 -0.472748 0.800916 
found for -x, -y, -z neighbour respectively
[6, 32, 1, 0.720031, 0.432788, 0.788003, -0.437887]
[7, 31, 1, 0.865556, 0.0560187, -0.111429, -0.992192]
[7, 32, 0, 0.593, -0.00181939, -0.308202, 0.951319]

 for item 8 9 1 0.813485 -0.027889 0.424109 0.905182 
found for -x, -y, -z neighbour respectively
[7, 9, 1, 0.722232, -0.998554, 0.0459091, 0.0279862]
[8, 8, 1, 0.328802, -0.0556014, 0.542032, 0.838517]
[8, 9, 0, 0.811846, -0.435958, 0.265945, 0.859776]

 for item 8 16 1 0.981497 -0.363474 -0.929883 0.056603 
found for -x, -y, -z neighbour respectively
[7, 16, 1, 0.301574, -0.670874, 0.458598, -0.582767]
[8, 15, 1, 0.316147, -0.089185, 0.238791, 0.966967]
[8, 16, 0, 0.775581, 0.329656, 0.876966, -0.349654]

 for item 8 21 1 0.839220 0.619628 0.657617 -0.428488 
found for -x, -y, -z neighbour respectively
[7, 21, 1, 0.374565, 0.528241, 0.787643, -0.317142]
[8, 20, 1, 0.248546, -0.443104, 0.636263, -0.631528]
[8, 21, 0, 0.504696, -0.503754, -0.725871, 0.468341]

 for item 8 31 1 0.911260 0.060115 0.446876 -0.892574 
found for -x, -y, -z neighbour respectively
[7, 31, 1, 0.865556, 0.0560187, -0.111429, -0.992192]
[8, 30, 1, 0.6796, -0.347431, -0.307641, 0.885804]
[8, 31, 0, 0.91888, 0.100904, 0.35816, -0.928192]

 for item 8 32 1 0.805765 0.351097 0.050515 -0.934975 
found for -x, -y, -z neighbour respectively
[7, 32, 1, 0.815441, -0.367482, -0.472748, 0.800916]
[8, 31, 1, 0.91126, 0.0601153, 0.446876, -0.892574]
[8, 32, 0, 0.462691, 0.491132, 0.401342, -0.77312]

 for item 9 16 1 0.909322 0.198742 0.979329 -0.037642 
found for -x, -y, -z neighbour respectively
[8, 16, 1, 0.981497, -0.363474, -0.929883, 0.0566029]
[9, 15, 1, 0.688901, -0.0544581, -0.980046, 0.191168]
[9, 16, 0, 0.678439, -0.0633926, -0.977012, 0.203539]

 for item 9 17 1 0.988430 0.338335 0.941003 -0.006591 
found for -x, -y, -z neighbour respectively
[8, 17, 1, 0.768705, 0.345687, 0.935989, -0.066517]
[9, 16, 1, 0.909322, 0.198742, 0.979329, -0.037642]
[9, 17, 0, 0.395365, 0.476559, 0.879136, 0.00339527]

 for item 9 18 1 0.881192 0.398282 0.916022 -0.047693 
found for -x, -y, -z neighbour respectively
[8, 18, 1, 0.441447, 0.437966, 0.895124, -0.0833046]
[9, 17, 1, 0.98843, 0.338335, 0.941003, -0.0065909]
[9, 18, 0, 0.425656, 0.527044, 0.834905, -0.158614]

 for item 9 21 1 0.956052 0.648540 0.474283 -0.595358 
found for -x, -y, -z neighbour respectively
[8, 21, 1, 0.83922, 0.619628, 0.657617, -0.428488]
[9, 20, 1, 0.34712, -0.908016, 0.101072, -0.40656]
[9, 21, 0, 0.369632, 0.378113, -0.751127, 0.541145]

 for item 9 23 1 0.973810 -0.679099 0.660153 -0.320971 
found for -x, -y, -z neighbour respectively
[8, 23, 1, 0.335846, 0.652481, -0.451575, 0.608563]
[9, 22, 1, 0.281117, 0.597581, -0.613505, 0.516245]
[9, 23, 0, 0.315028, 0.73426, 0.499309, 0.459948]

 for item 10 12 1 0.985759 -0.886048 -0.256697 0.386039 
found for -x, -y, -z neighbour respectively
[9, 12, 1, 0.274572, 0.414246, 0.304747, -0.85763]
[10, 11, 1, 0.761046, -0.830522, -0.189176, 0.523875]
[10, 12, 0, 0.981449, -0.865345, -0.298229, 0.402787]

 for item 10 23 1 0.858884 0.667378 -0.656359 0.351850 
found for -x, -y, -z neighbour respectively
[9, 23, 1, 0.97381, -0.679099, 0.660153, -0.320971]
[10, 22, 1, 0.438449, 0.703197, -0.654471, 0.277815]
[10, 23, 0, 0.806567, 0.733962, -0.546917, 0.402718]

 for item 10 24 1 0.830504 -0.640560 0.628368 -0.441403 
found for -x, -y, -z neighbour respectively
[9, 24, 1, 0.571952, -0.324545, 0.760745, -0.562084]
[10, 23, 1, 0.858884, 0.667378, -0.656359, 0.35185]
[10, 24, 0, 0.568623, 0.749882, -0.603141, 0.271842]

 for item 11 12 1 0.920396 -0.855796 -0.315640 0.409858 
found for -x, -y, -z neighbour respectively
[10, 12, 1, 0.985759, -0.886048, -0.256697, 0.386039]
[11, 11, 1, 0.291464, 0.614101, 0.671345, -0.414941]
[11, 12, 0, 0.988487, -0.857006, -0.312625, 0.409642]

 for item 11 23 1 0.893106 0.590784 -0.728721 0.346324 
found for -x, -y, -z neighbour respectively
[10, 23, 1, 0.858884, 0.667378, -0.656359, 0.35185]
[11, 22, 1, 0.327505, 0.722338, -0.522163, 0.453402]
[11, 23, 0, 0.964784, -0.54985, 0.774864, -0.311852]

 for item 11 24 1 0.979993 -0.603563 0.678850 -0.418180 
found for -x, -y, -z neighbour respectively
[10, 24, 1, 0.830504, -0.64056, 0.628368, -0.441403]
[11, 23, 1, 0.893106, 0.590784, -0.728721, 0.346324]
[11, 24, 0, 0.910998, 0.54139, -0.781088, 0.311123]

 for item 12 4 1 0.810673 0.256409 -0.789024 -0.558297 
found for -x, -y, -z neighbour respectively
[11, 4, 1, 0.590293, 0.079926, -0.684786, -0.724348]
[12, 3, 1, 0.77583, 0.220275, -0.876018, -0.429036]
[12, 4, 0, 0.85815, -0.32448, 0.748311, 0.57857]

 for item 12 7 1 0.975655 -0.424040 0.624549 -0.655842 
found for -x, -y, -z neighbour respectively
[11, 7, 1, 0.444597, 0.680081, -0.650672, 0.33781]
[12, 6, 1, 0.558216, 0.509976, -0.840525, 0.182874]
[12, 7, 0, 0.747677, -0.486832, 0.745053, -0.45595]

 for item 12 8 1 0.803095 0.456474 -0.721436 0.520732 
found for -x, -y, -z neighbour respectively
[11, 8, 1, 0.509195, 0.533438, -0.635056, 0.558702]
[12, 7, 1, 0.975655, -0.42404, 0.624549, -0.655842]
[12, 8, 0, 0.232179, 0.140547, -0.842682, 0.519743]

 for item 12 17 1 0.886451 -0.935175 -0.001131 0.354184 
found for -x, -y, -z neighbour respectively
[11, 17, 1, 0.26444, 0.186695, -0.959741, 0.209864]
[12, 16, 1, 0.736999, -0.829865, -0.091578, 0.550398]
[12, 17, 0, 0.88125, -0.923315, -0.187673, 0.335064]

 for item 13 1 1 0.988099 0.481293 -0.083231 -0.872599 
found for -x, -y, -z neighbour respectively
[12, 1, 1, 0.375801, 0.383968, -0.217092, -0.897463]
[13, 0, 1, 0.795067, -0.680368, 0.212003, 0.701537]
[13, 1, 0, 0.655079, -0.292565, 0.149612, 0.944469]

 for item 13 3 1 0.922319 0.099336 -0.741619 -0.663426 
found for -x, -y, -z neighbour respectively
[12, 3, 1, 0.77583, 0.220275, -0.876018, -0.429036]
[13, 2, 1, 0.713021, 0.468821, -0.296724, -0.831962]
[13, 3, 0, 0.486093, 0.102364, 0.802966, 0.587169]

 for item 13 7 1 0.853213 0.361031 -0.793625 0.489709 
found for -x, -y, -z neighbour respectively
[12, 7, 1, 0.975655, -0.42404, 0.624549, -0.655842]
[13, 6, 1, 0.348119, 0.0537723, -0.753347, 0.655421]
[13, 7, 0, 0.100782, 0.532443, -0.380268, 0.756241]

 for item 13 17 1 0.825121 -0.920642 -0.062780 0.385327 
found for -x, -y, -z neighbour respectively
[12, 17, 1, 0.886451, -0.935175, -0.00113079, 0.354184]
[13, 16, 1, 0.720555, -0.90441, 0.0394264, 0.424839]
[13, 17, 0, 0.97906, -0.889958, -0.181206, 0.418497]

 for item 14 0 1 0.843526 -0.490985 0.270007 0.828269 
found for -x, -y, -z neighbour respectively
[13, 0, 1, 0.795067, -0.680368, 0.212003, 0.701537]
[14, 32, 1, 0.57829, -0.694492, 0.570121, 0.438911]
[14, 0, 0, 0.425124, -0.499627, 0.450802, 0.739696]

 for item 14 1 1 0.983006 -0.463054 0.205027 0.862291 
found for -x, -y, -z neighbour respectively
[13, 1, 1, 0.988099, 0.481293, -0.0832311, -0.872599]
[14, 0, 1, 0.843526, -0.490985, 0.270007, 0.828269]
[14, 1, 0, 0.834477, -0.40453, 0.138955, 0.903906]

 for item 14 2 1 0.976123 -0.613708 0.173199 0.770302 
found for -x, -y, -z neighbour respectively
[13, 2, 1, 0.713021, 0.468821, -0.296724, -0.831962]
[14, 1, 1, 0.983006, -0.463054, 0.205027, 0.862291]
[14, 2, 0, 0.147745, -0.767763, -0.180796, -0.614698]

 for item 14 4 1 0.896297 -0.134352 0.521315 0.842722 
found for -x, -y, -z neighbour respectively
[13, 4, 1, 0.787103, 0.223002, -0.774897, -0.591443]
[14, 3, 1, 0.681953, -0.217041, 0.458278, 0.861902]
[14, 4, 0, 0.783588, -0.21662, 0.525401, 0.822818]

 for item 14 10 1 0.929324 -0.831520 -0.451724 -0.323294 
found for -x, -y, -z neighbour respectively
[13, 10, 1, 0.628513, 0.843442, 0.46449, 0.269916]
[14, 9, 1, 0.39581, -0.866375, -0.334669, -0.370664]
[14, 10, 0, 0.877137, 0.808177, 0.518009, 0.280208]

 for item 14 23 1 0.855245 -0.017759 -0.275106 0.961250 
found for -x, -y, -z neighbour respectively
[13, 23, 1, 0.586808, -0.0682889, -0.768721, 0.635928]
[14, 22, 1, 0.216821, -0.660754, 0.664013, 0.349987]
[14, 23, 0, 0.739524, -0.172882, 0.35694, -0.91799]

 for item 14 26 1 0.800032 -0.659202 0.124843 0.741530 
found for -x, -y, -z neighbour respectively
[13, 26, 1, 0.451118, -0.181962, -0.342818, 0.92161]
[14, 25, 1, 0.757712, -0.344059, -0.00135982, 0.938947]
[14, 26, 0, 0.986031, -0.521534, 0.030423, 0.852688]

 for item 14 27 1 0.824827 -0.690830 0.323094 0.646811 
found for -x, -y, -z neighbour respectively
[13, 27, 1, 0.390865, 0.0775492, -0.443142, 0.893091]
[14, 26, 1, 0.800032, -0.659202, 0.124843, 0.74153]
[14, 27, 0, 0.921451, 0.56196, -0.0429344, -0.82605]

 for item 15 1 1 0.835365 0.464361 -0.318929 -0.826228 
found for -x, -y, -z neighbour respectively
[14, 1, 1, 0.983006, -0.463054, 0.205027, 0.862291]
[15, 0, 1, 0.675658, -0.35105, 0.313726, 0.882236]
[15, 1, 0, 0.875966, -0.337487, 0.252724, 0.906771]

 for item 15 15 1 0.801921 -0.859735 0.413222 -0.300172 
found for -x, -y, -z neighbour respectively
[14, 15, 1, 0.504799, -0.970755, 0.195627, -0.139155]
[15, 14, 1, 0.579319, 0.742417, -0.231225, 0.628771]
[15, 15, 0, 0.664652, -0.0679064, -0.836205, 0.544197]

 for item 15 18 1 0.833331 0.803595 0.533092 0.264666 
found for -x, -y, -z neighbour respectively
[14, 18, 1, 0.652861, 0.101621, 0.994672, -0.0173572]
[15, 17, 1, 0.312283, 0.919732, -0.180034, -0.348829]
[15, 18, 0, 0.452184, -0.563571, -0.784766, -0.257936]

 for item 15 23 1 0.956695 0.012511 0.192144 0.981287 
found for -x, -y, -z neighbour respectively
[14, 23, 1, 0.855245, -0.017759, -0.275106, 0.96125]
[15, 22, 1, 0.335883, 0.169079, 0.215447, 0.961767]
[15, 23, 0, 0.504651, -0.0374785, 0.166708, 0.985294]

 for item 15 24 1 0.925939 -0.269052 0.182545 0.945668 
found for -x, -y, -z neighbour respectively
[14, 24, 1, 0.426039, -0.212474, 0.194935, -0.957525]
[15, 23, 1, 0.956695, 0.0125108, 0.192144, 0.981287]
[15, 24, 0, 0.840229, 0.309866, -0.201124, -0.929264]

 for item 15 25 1 0.835000 0.319552 -0.196801 -0.926907 
found for -x, -y, -z neighbour respectively
[14, 25, 1, 0.757712, -0.344059, -0.00135982, 0.938947]
[15, 24, 1, 0.925939, -0.269052, 0.182545, 0.945668]
[15, 25, 0, 0.982577, -0.467135, 0.146199, 0.872015]

 for item 15 26 1 0.971863 0.538620 -0.263971 -0.800130 
found for -x, -y, -z neighbour respectively
[14, 26, 1, 0.800032, -0.659202, 0.124843, 0.74153]
[15, 25, 1, 0.835, 0.319552, -0.196801, -0.926907]
[15, 26, 0, 0.901253, 0.592483, -0.042765, -0.804447]

 for item 15 29 1 0.985512 -0.595180 0.562729 0.573670 
found for -x, -y, -z neighbour respectively
[14, 29, 1, 0.722631, -0.63413, 0.619293, 0.462985]
[15, 28, 1, 0.784836, 0.597735, -0.575485, -0.558148]
[15, 29, 0, 0.84376, 0.560343, -0.563848, -0.606706]

 for item 15 30 1 0.970563 -0.491713 0.570091 0.658191 
found for -x, -y, -z neighbour respectively
[14, 30, 1, 0.712856, -0.462124, 0.465244, 0.754976]
[15, 29, 1, 0.985512, -0.59518, 0.562729, 0.57367]
[15, 30, 0, 0.853873, -0.379881, 0.597681, 0.706023]

 for item 15 31 1 0.840424 0.285338 -0.516611 -0.807276 
found for -x, -y, -z neighbour respectively
[14, 31, 1, 0.704434, -0.378369, 0.556994, 0.73932]
[15, 30, 1, 0.970563, -0.491713, 0.570091, 0.658191]
[15, 31, 0, 0.654631, 0.460708, 0.518233, 0.720543]

 for item 16 0 1 0.871935 -0.056333 0.596728 0.800464 
found for -x, -y, -z neighbour respectively
[15, 0, 1, 0.675658, -0.35105, 0.313726, 0.882236]
[16, 32, 1, 0.580889, -0.986804, 0.109086, -0.119657]
[16, 0, 0, 0.827204, -0.313487, 0.606498, 0.730675]

 for item 16 15 1 0.813096 -0.828469 0.494745 -0.262424 
found for -x, -y, -z neighbour respectively
[15, 15, 1, 0.801921, -0.859735, 0.413222, -0.300172]
[16, 14, 1, 0.447224, -0.74066, 0.526322, -0.417622]
[16, 15, 0, 0.697913, -0.959617, 0.198527, -0.199306]

 for item 16 16 1 0.984136 -0.944492 -0.040561 -0.326022 
found for -x, -y, -z neighbour respectively
[15, 16, 1, 0.697898, -0.978989, 0.188702, -0.0772731]
[16, 15, 1, 0.813096, -0.828469, 0.494745, -0.262424]
[16, 16, 0, 0.672644, 0.81887, -0.361046, 0.446203]

 for item 16 17 1 0.871973 -0.973070 -0.152869 -0.172528 
found for -x, -y, -z neighbour respectively
[15, 17, 1, 0.312283, 0.919732, -0.180034, -0.348829]
[16, 16, 1, 0.984136, -0.944492, -0.0405605, -0.326022]
[16, 17, 0, 0.761512, -0.901282, 0.047633, -0.430606]

 for item 16 18 1 0.969647 0.752242 0.635211 0.175041 
found for -x, -y, -z neighbour respectively
[15, 18, 1, 0.833331, 0.803595, 0.533092, 0.264666]
[16, 17, 1, 0.871973, -0.97307, -0.152869, -0.172528]
[16, 18, 0, 0.543046, -0.90696, -0.0114426, -0.421061]

 for item 16 26 1 0.950727 0.556814 -0.472436 -0.683200 
found for -x, -y, -z neighbour respectively
[15, 26, 1, 0.971863, 0.53862, -0.263971, -0.80013]
[16, 25, 1, 0.725664, 0.456367, -0.478884, -0.749933]
[16, 26, 0, 0.879629, -0.590742, 0.386163, 0.708451]

 for item 16 28 1 0.978387 0.648175 -0.516400 -0.559643 
found for -x, -y, -z neighbour respectively
[15, 28, 1, 0.784836, 0.597735, -0.575485, -0.558148]
[16, 27, 1, 0.683118, 0.802096, -0.406252, -0.437722]
[16, 28, 0, 0.983619, -0.549478, 0.658789, 0.513878]

 for item 16 29 1 0.982056 -0.554664 0.477845 0.681184 
found for -x, -y, -z neighbour respectively
[15, 29, 1, 0.985512, -0.59518, 0.562729, 0.57367]
[16, 28, 1, 0.978387, 0.648175, -0.5164, -0.559643]
[16, 29, 0, 0.988518, -0.526898, 0.583612, 0.61788]

 for item 16 30 1 0.986580 0.450168 -0.498727 -0.740689 
found for -x, -y, -z neighbour respectively
[15, 30, 1, 0.970563, -0.491713, 0.570091, 0.658191]
[16, 29, 1, 0.982056, -0.554664, 0.477845, 0.681184]
[16, 30, 0, 0.794758, 0.541206, -0.517477, -0.662807]

 for item 17 1 1 0.903364 -0.334656 0.931344 0.143537 
found for -x, -y, -z neighbour respectively
[16, 1, 1, 0.780405, -0.445162, 0.637768, 0.628556]
[17, 0, 1, 0.566409, -0.135164, 0.939027, 0.316164]
[17, 1, 0, 0.81018, -0.302381, 0.762136, 0.572463]

 for item 17 8 1 0.961883 -0.406379 -0.810078 -0.422646 
found for -x, -y, -z neighbour respectively
[16, 8, 1, 0.786151, 0.610591, 0.78411, 0.111129]
[17, 7, 1, 0.561466, -0.867028, -0.328259, -0.374845]
[17, 8, 0, 0.508323, 0.599113, 0.70404, 0.381302]

 for item 17 13 1 0.868629 0.293794 -0.125194 -0.947635 
found for -x, -y, -z neighbour respectively
[16, 13, 1, 0.286259, 0.772887, -0.467424, 0.42914]
[17, 12, 1, 0.679095, -0.11055, 0.0513723, -0.992542]
[17, 13, 0, 0.827778, 0.171599, -0.220807, -0.960103]

 for item 17 15 1 0.809569 -0.947345 0.209428 -0.242234 
found for -x, -y, -z neighbour respectively
[16, 15, 1, 0.813096, -0.828469, 0.494745, -0.262424]
[17, 14, 1, 0.250911, 0.0382793, -0.403573, -0.914146]
[17, 15, 0, 0.873054, -0.956251, 0.25266, -0.147471]

 for item 17 16 1 0.880972 -0.911330 0.150688 -0.383106 
found for -x, -y, -z neighbour respectively
[16, 16, 1, 0.984136, -0.944492, -0.0405605, -0.326022]
[17, 15, 1, 0.809569, -0.947345, 0.209428, -0.242234]
[17, 16, 0, 0.507582, -0.822255, 0.377642, -0.425774]

 for item 17 17 1 0.891320 -0.932649 -0.015001 -0.360472 
found for -x, -y, -z neighbour respectively
[16, 17, 1, 0.871973, -0.97307, -0.152869, -0.172528]
[17, 16, 1, 0.880972, -0.91133, 0.150688, -0.383106]
[17, 17, 0, 0.779301, -0.887903, 0.370374, -0.272859]

 for item 17 21 1 0.992773 0.559334 -0.821985 0.107172 
found for -x, -y, -z neighbour respectively
[16, 21, 1, 0.716305, -0.56533, 0.824374, -0.0284417]
[17, 20, 1, 0.700195, 0.509015, -0.851716, 0.12443]
[17, 21, 0, 0.966314, -0.600983, 0.785387, -0.148277]

 for item 17 22 1 0.929376 0.534579 -0.830611 0.155921 
found for -x, -y, -z neighbour respectively
[16, 22, 1, 0.622002, -0.59208, 0.800409, -0.0937412]
[17, 21, 1, 0.992773, 0.559334, -0.821985, 0.107172]
[17, 22, 0, 0.30759, -0.0259661, -0.933672, 0.357187]

 for item 17 27 1 0.984480 0.773601 -0.425727 -0.469359 
found for -x, -y, -z neighbour respectively
[16, 27, 1, 0.683118, 0.802096, -0.406252, -0.437722]
[17, 26, 1, 0.686944, -0.663277, 0.523389, 0.534908]
[17, 27, 0, 0.974154, 0.711304, -0.532619, -0.458653]

 for item 17 28 1 0.982337 -0.638123 0.432780 0.636789 
found for -x, -y, -z neighbour respectively
[16, 28, 1, 0.978387, 0.648175, -0.5164, -0.559643]
[17, 27, 1, 0.98448, 0.773601, -0.425727, -0.469359]
[17, 28, 0, 0.889612, 0.632583, -0.530093, -0.56466]

 for item 17 29 1 0.987664 -0.557855 0.427999 0.711066 
found for -x, -y, -z neighbour respectively
[16, 29, 1, 0.982056, -0.554664, 0.477845, 0.681184]
[17, 28, 1, 0.982337, -0.638123, 0.43278, 0.636789]
[17, 29, 0, 0.882111, -0.52173, 0.467688, 0.713489]

 for item 17 30 1 0.922054 -0.482994 0.407882 0.774822 
found for -x, -y, -z neighbour respectively
[16, 30, 1, 0.98658, 0.450168, -0.498727, -0.740689]
[17, 29, 1, 0.987664, -0.557855, 0.427999, 0.711066]
[17, 30, 0, 0.636394, 0.457114, -0.337907, -0.822719]

 for item 17 31 1 0.817193 -0.313427 0.286700 0.905299 
found for -x, -y, -z neighbour respectively
[16, 31, 1, 0.431178, 0.374685, -0.441976, -0.815026]
[17, 30, 1, 0.922054, -0.482994, 0.407882, 0.774822]
[17, 31, 0, 0.288589, 0.821241, -0.272565, -0.50127]

 for item 18 4 1 0.972305 0.045680 -0.995838 0.078873 
found for -x, -y, -z neighbour respectively
[17, 4, 1, 0.578194, -0.237739, -0.95956, -0.150749]
[18, 3, 1, 0.303559, -0.270728, 0.874307, -0.402858]
[18, 4, 0, 0.57825, -0.660308, -0.741124, 0.12136]

 for item 18 13 1 0.948229 -0.204323 0.354501 0.912459 
found for -x, -y, -z neighbour respectively
[17, 13, 1, 0.868629, 0.293794, -0.125194, -0.947635]
[18, 12, 1, 0.525385, -0.24742, -0.224174, -0.942618]
[18, 13, 0, 0.982632, -0.0996032, 0.212905, 0.971983]

 for item 18 18 1 0.982727 0.682407 -0.722939 0.108074 
found for -x, -y, -z neighbour respectively
[17, 18, 1, 0.387343, 0.834518, -0.509506, 0.20972]
[18, 17, 1, 0.635383, 0.78659, -0.609599, 0.0983068]
[18, 18, 0, 0.973618, 0.720926, -0.684562, 0.107892]

 for item 18 19 1 0.985124 -0.661972 0.733810 -0.152698 
found for -x, -y, -z neighbour respectively
[17, 19, 1, 0.438826, 0.713724, -0.698345, 0.0539718]
[18, 18, 1, 0.982727, 0.682407, -0.722939, 0.108074]
[18, 19, 0, 0.9725, -0.678421, 0.71713, -0.159589]

 for item 18 20 1 0.846900 -0.604685 0.758181 -0.243965 
found for -x, -y, -z neighbour respectively
[17, 20, 1, 0.700195, 0.509015, -0.851716, 0.12443]
[18, 19, 1, 0.985124, -0.661972, 0.73381, -0.152698]
[18, 20, 0, 0.404334, -0.945928, 0.289621, 0.146082]

 for item 18 29 1 0.987214 -0.516438 0.460780 0.721785 
found for -x, -y, -z neighbour respectively
[17, 29, 1, 0.987664, -0.557855, 0.427999, 0.711066]
[18, 28, 1, 0.604693, -0.641574, 0.473217, 0.603696]
[18, 29, 0, 0.922525, -0.519453, 0.340281, 0.783822]

 for item 18 30 1 0.875745 0.506011 -0.440251 -0.741709 
found for -x, -y, -z neighbour respectively
[17, 30, 1, 0.922054, -0.482994, 0.407882, 0.774822]
[18, 29, 1, 0.987214, -0.516438, 0.46078, 0.721785]
[18, 30, 0, 0.709483, -0.485959, 0.402055, 0.776012]

 for item 19 4 1 0.864863 0.069961 -0.997090 -0.030279 
found for -x, -y, -z neighbour respectively
[18, 4, 1, 0.972305, 0.0456796, -0.995838, 0.0788731]
[19, 3, 1, 0.70275, -0.590883, 0.73693, -0.328317]
[19, 4, 0, 0.424158, -0.806016, 0.169517, -0.567099]

 for item 19 13 1 0.982863 0.108326 -0.433851 -0.894449 
found for -x, -y, -z neighbour respectively
[18, 13, 1, 0.948229, -0.204323, 0.354501, 0.912459]
[19, 12, 1, 0.431764, -0.13829, 0.207976, 0.968309]
[19, 13, 0, 0.986139, -0.0761548, 0.186165, 0.979563]

 for item 19 18 1 0.851492 -0.634007 0.767150 -0.097546 
found for -x, -y, -z neighbour respectively
[18, 18, 1, 0.982727, 0.682407, -0.722939, 0.108074]
[19, 17, 1, 0.793249, -0.653532, 0.751707, 0.0885003]
[19, 18, 0, 0.605352, 0.752851, -0.617055, 0.229037]

 for item 19 19 1 0.981796 0.664496 -0.721620 0.194189 
found for -x, -y, -z neighbour respectively
[18, 19, 1, 0.985124, -0.661972, 0.73381, -0.152698]
[19, 18, 1, 0.851492, -0.634007, 0.76715, -0.0975456]
[19, 19, 0, 0.648933, 0.703722, -0.54821, 0.451932]

 for item 19 23 1 0.819715 -0.942776 0.136356 0.304271 
found for -x, -y, -z neighbour respectively
[18, 23, 1, 0.315964, 0.760944, -0.543634, -0.354155]
[19, 22, 1, 0.390678, -0.502533, 0.766335, 0.400238]
[19, 23, 0, 0.859728, -0.881364, 0.15333, 0.446864]

 for item 20 12 1 0.965673 -0.112581 0.216777 0.969708 
found for -x, -y, -z neighbour respectively
[19, 12, 1, 0.431764, -0.13829, 0.207976, 0.968309]
[20, 11, 1, 0.791495, 0.120841, -0.178546, -0.976483]
[20, 12, 0, 0.988628, -0.0885791, 0.187953, 0.978176]

 for item 20 13 1 0.968894 0.039954 -0.183142 -0.982274 
found for -x, -y, -z neighbour respectively
[19, 13, 1, 0.982863, 0.108326, -0.433851, -0.894449]
[20, 12, 1, 0.965673, -0.112581, 0.216777, 0.969708]
[20, 13, 0, 0.990933, 0.0397176, -0.124652, -0.991405]

 for item 20 14 1 0.984590 -0.013762 -0.080238 -0.996681 
found for -x, -y, -z neighbour respectively
[19, 14, 1, 0.275308, 0.332184, 0.191085, 0.923656]
[20, 13, 1, 0.968894, 0.0399538, -0.183142, -0.982274]
[20, 14, 0, 0.434129, 0.00257967, -0.0227482, 0.999738]

 for item 20 16 1 0.954511 -0.107041 -0.005185 0.994241 
found for -x, -y, -z neighbour respectively
[19, 16, 1, 0.327727, -0.65567, -0.509599, -0.557141]
[20, 15, 1, 0.773098, 0.195903, 0.0820476, 0.977185]
[20, 16, 0, 0.607965, -0.239835, 0.169172, 0.95596]

 for item 20 22 1 0.968452 0.797114 -0.188580 -0.573627 
found for -x, -y, -z neighbour respectively
[19, 22, 1, 0.390678, -0.502533, 0.766335, 0.400238]
[20, 21, 1, 0.519122, -0.787047, 0.255364, 0.561557]
[20, 22, 0, 0.975935, -0.91584, 0.0901476, 0.391293]

 for item 20 30 1 0.877613 0.813392 -0.538769 0.219364 
found for -x, -y, -z neighbour respectively
[19, 30, 1, 0.569774, 0.407629, -0.691225, -0.596697]
[20, 29, 1, 0.254046, -0.555963, 0.791186, 0.254814]
[20, 30, 0, 0.453039, 0.355179, -0.920702, 0.161728]

 for item 21 8 1 0.986092 0.184789 -0.674529 0.714747 
found for -x, -y, -z neighbour respectively
[20, 8, 1, 0.547304, 0.573515, -0.784518, -0.235822]
[21, 7, 1, 0.54084, 0.145831, -0.658857, 0.737997]
[21, 8, 0, 0.988991, -0.132184, 0.67989, -0.721303]

 for item 21 9 1 0.986423 -0.150355 0.659470 -0.736541 
found for -x, -y, -z neighbour respectively
[20, 9, 1, 0.728879, 0.0450517, -0.783403, 0.619879]
[21, 8, 1, 0.986092, 0.184789, -0.674529, 0.714747]
[21, 9, 0, 0.779121, 0.15997, -0.653446, 0.739877]

 for item 21 11 1 0.935818 -0.023492 0.076847 0.996766 
found for -x, -y, -z neighbour respectively
[20, 11, 1, 0.791495, 0.120841, -0.178546, -0.976483]
[21, 10, 1, 0.601999, -0.0841849, -0.542916, 0.835557]
[21, 11, 0, 0.792733, 0.0900247, -0.200372, -0.975575]

 for item 21 12 1 0.987309 0.107164 -0.115277 -0.987536 
found for -x, -y, -z neighbour respectively
[20, 12, 1, 0.965673, -0.112581, 0.216777, 0.969708]
[21, 11, 1, 0.935818, -0.0234923, 0.076847, 0.996766]
[21, 12, 0, 0.929314, 0.100146, -0.119289, -0.987796]

 for item 21 13 1 0.984325 -0.023772 0.119268 0.992577 
found for -x, -y, -z neighbour respectively
[20, 13, 1, 0.968894, 0.0399538, -0.183142, -0.982274]
[21, 12, 1, 0.987309, 0.107164, -0.115277, -0.987536]
[21, 13, 0, 0.836719, 0.0492405, -0.110358, -0.992671]

 for item 21 22 1 0.851350 -0.701018 0.372158 0.608335 
found for -x, -y, -z neighbour respectively
[20, 22, 1, 0.968452, 0.797114, -0.18858, -0.573627]
[21, 21, 1, 0.572393, -0.398803, 0.565381, 0.722012]
[21, 22, 0, 0.745464, -0.883199, 0.24111, 0.402277]

 for item 22 12 1 0.948814 0.061234 -0.105883 -0.992491 
found for -x, -y, -z neighbour respectively
[21, 12, 1, 0.987309, 0.107164, -0.115277, -0.987536]
[22, 11, 1, 0.539062, -0.102502, -0.394762, -0.913048]
[22, 12, 0, 0.550586, -0.0739946, 0.237228, 0.968632]

 for item 22 28 1 0.904377 -0.819578 0.554071 -0.145934 
found for -x, -y, -z neighbour respectively
[21, 28, 1, 0.233483, 0.716894, -0.0662482, 0.694028]
[22, 27, 1, 0.584519, 0.67528, 0.304861, 0.671607]
[22, 28, 0, 0.451092, -0.96176, 0.271094, -0.039052]

 for item 22 29 1 0.810153 -0.834273 0.543386 0.093379 
found for -x, -y, -z neighbour respectively
[21, 29, 1, 0.493971, 0.798485, -0.572049, 0.187567]
[22, 28, 1, 0.904377, -0.819578, 0.554071, -0.145934]
[22, 29, 0, 0.527998, -0.902979, 0.346743, 0.253768]

 for item 22 30 1 0.972312 -0.826841 0.492995 0.270721 
found for -x, -y, -z neighbour respectively
[21, 30, 1, 0.64067, 0.797417, -0.599914, -0.0650285]
[22, 29, 1, 0.810153, -0.834273, 0.543386, 0.0933788]
[22, 30, 0, 0.559644, 0.477371, -0.797386, -0.369179]

 for item 23 13 1 0.932847 -0.253955 -0.844288 -0.471894 
found for -x, -y, -z neighbour respectively
[22, 13, 1, 0.737745, 0.0876129, 0.0389384, 0.995393]
[23, 12, 1, 0.50823, -0.0596194, -0.440854, -0.895596]
[23, 13, 0, 0.661019, 0.026815, 0.788486, 0.614468]

 for item 23 14 1 0.987707 -0.279498 -0.879498 -0.385181 
found for -x, -y, -z neighbour respectively
[22, 14, 1, 0.349578, 0.562081, 0.525992, 0.638277]
[23, 13, 1, 0.932847, -0.253955, -0.844288, -0.471894]
[23, 14, 0, 0.932724, -0.224255, -0.865088, -0.4487]

 for item 23 15 1 0.980600 0.301702 0.925863 0.227493 
found for -x, -y, -z neighbour respectively
[22, 15, 1, 0.341708, 0.362489, -0.00185278, -0.931986]
[23, 14, 1, 0.987707, -0.279498, -0.879498, -0.385181]
[23, 15, 0, 0.857862, 0.400581, 0.902602, 0.157619]

 for item 23 16 1 0.916013 0.272846 0.960012 -0.062705 
found for -x, -y, -z neighbour respectively
[22, 16, 1, 0.368142, -0.291889, -0.918107, 0.268107]
[23, 15, 1, 0.9806, 0.301702, 0.925863, 0.227493]
[23, 16, 0, 0.65007, 0.501803, 0.833935, -0.229663]

 for item 23 30 1 0.972772 0.776727 -0.508274 -0.371958 
found for -x, -y, -z neighbour respectively
[22, 30, 1, 0.972312, -0.826841, 0.492995, 0.270721]
[23, 29, 1, 0.688175, 0.762445, -0.572153, -0.302189]
[23, 30, 0, 0.157426, 0.586278, -0.728722, -0.353896]

 for item 24 5 1 0.829103 -0.456253 -0.547426 -0.701540 
found for -x, -y, -z neighbour respectively
[23, 5, 1, 0.180934, 0.0890833, 0.757116, 0.647178]
[24, 4, 1, 0.68929, 0.630876, 0.336106, 0.699306]
[24, 5, 0, 0.97312, 0.56857, 0.452286, 0.687143]

 for item 24 7 1 0.866437 -0.649897 0.714460 0.259193 
found for -x, -y, -z neighbour respectively
[23, 7, 1, 0.791767, -0.141392, 0.553392, 0.820832]
[24, 6, 1, 0.328511, -0.919775, -0.385911, -0.0713186]
[24, 7, 0, 0.988954, -0.991861, -0.12704, 0.00855262]

 for item 24 12 1 0.919853 0.023505 0.753463 0.657070 
found for -x, -y, -z neighbour respectively
[23, 12, 1, 0.50823, -0.0596194, -0.440854, -0.895596]
[24, 11, 1, 0.679501, -0.000301057, 0.826652, 0.562714]
[24, 12, 0, 0.674641, 0.269434, 0.706418, 0.654506]

 for item 24 14 1 0.949886 -0.265574 -0.878772 -0.396522 
found for -x, -y, -z neighbour respectively
[23, 14, 1, 0.987707, -0.279498, -0.879498, -0.385181]
[24, 13, 1, 0.794603, 0.210433, 0.806131, 0.553056]
[24, 14, 0, 0.528495, 0.418163, 0.859542, 0.293815]

 for item 24 16 1 0.969513 0.357074 0.918923 0.167568 
found for -x, -y, -z neighbour respectively
[23, 16, 1, 0.916013, 0.272846, 0.960012, -0.0627051]
[24, 15, 1, 0.768071, 0.263509, 0.930273, 0.255254]
[24, 16, 0, 0.646149, 0.277801, 0.947347, 0.159251]

 for item 24 25 1 0.866111 0.397325 0.813457 -0.424760 
found for -x, -y, -z neighbour respectively
[23, 25, 1, 0.367016, 0.278229, 0.848555, -0.450049]
[24, 24, 1, 0.756805, -0.585943, -0.809245, -0.0423459]
[24, 25, 0, 0.537607, 0.47549, 0.80094, -0.363873]

 for item 24 30 1 0.897082 -0.833421 0.543703 0.098981 
found for -x, -y, -z neighbour respectively
[23, 30, 1, 0.972772, 0.776727, -0.508274, -0.371958]
[24, 29, 1, 0.244866, -0.679939, 0.415816, 0.60397]
[24, 30, 0, 0.7303, -0.866085, 0.493557, 0.0793633]

 for item 25 2 1 0.811803 -0.543235 0.319923 -0.776238 
found for -x, -y, -z neighbour respectively
[24, 2, 1, 0.540513, 0.375449, -0.0168507, 0.92669]
[25, 1, 1, 0.650473, -0.873971, 0.25957, -0.410852]
[25, 2, 0, 0.923908, -0.502436, 0.847616, -0.170604]

 for item 25 4 1 0.815396 0.558596 -0.074073 0.826126 
found for -x, -y, -z neighbour respectively
[24, 4, 1, 0.68929, 0.630876, 0.336106, 0.699306]
[25, 3, 1, 0.525088, -0.791878, 0.212168, -0.572638]
[25, 4, 0, 0.378943, 0.260092, -0.35489, 0.898]

 for item 25 6 1 0.837663 0.681100 -0.681648 -0.267317 
found for -x, -y, -z neighbour respectively
[24, 6, 1, 0.328511, -0.919775, -0.385911, -0.0713186]
[25, 5, 1, 0.42294, 0.21004, 0.00191986, 0.977691]
[25, 6, 0, 0.703746, -0.976925, -0.118106, -0.177956]

 for item 25 7 1 0.947052 0.762345 -0.625618 -0.165624 
found for -x, -y, -z neighbour respectively
[24, 7, 1, 0.866437, -0.649897, 0.71446, 0.259193]
[25, 6, 1, 0.837663, 0.6811, -0.681648, -0.267317]
[25, 7, 0, 0.990696, -0.985169, -0.129204, 0.112908]

 for item 25 10 1 0.832515 0.709311 0.235032 0.664558 
found for -x, -y, -z neighbour respectively
[24, 10, 1, 0.418905, 0.538639, -0.651298, 0.53449]
[25, 9, 1, 0.568034, -0.652382, -0.19793, 0.731589]
[25, 10, 0, 0.866058, -0.600603, -0.494077, -0.628621]

 for item 25 13 1 0.977440 0.373663 0.383439 0.844601 
found for -x, -y, -z neighbour respectively
[24, 13, 1, 0.794603, 0.210433, 0.806131, 0.553056]
[25, 12, 1, 0.577047, 0.25183, 0.330311, 0.909657]
[25, 13, 0, 0.900431, -0.444022, -0.433073, -0.784406]

 for item 25 14 1 0.896032 -0.413122 -0.296962 -0.860897 
found for -x, -y, -z neighbour respectively
[24, 14, 1, 0.949886, -0.265574, -0.878772, -0.396522]
[25, 13, 1, 0.97744, 0.373663, 0.383439, 0.844601]
[25, 14, 0, 0.384428, -0.165204, 0.732024, -0.660946]

 for item 25 23 1 0.974944 -0.548115 -0.833300 0.071977 
found for -x, -y, -z neighbour respectively
[24, 23, 1, 0.744879, -0.595464, -0.799496, -0.0789222]
[25, 22, 1, 0.651047, 0.458397, 0.874127, -0.160541]
[25, 23, 0, 0.937645, 0.600497, 0.788485, -0.133022]

 for item 25 24 1 0.959072 0.615881 0.778024 0.123974 
found for -x, -y, -z neighbour respectively
[24, 24, 1, 0.756805, -0.585943, -0.809245, -0.0423459]
[25, 23, 1, 0.974944, -0.548115, -0.8333, 0.0719766]
[25, 24, 0, 0.97044, 0.580325, 0.801393, 0.144888]

 for item 25 29 1 0.800663 0.776297 -0.626766 0.067287 
found for -x, -y, -z neighbour respectively
[24, 29, 1, 0.244866, -0.679939, 0.415816, 0.60397]
[25, 28, 1, 0.260491, -0.215837, -0.504963, 0.83572]
[25, 29, 0, 0.565399, -0.930431, 0.354454, -0.0930613]

 for item 25 30 1 0.903383 -0.850387 0.525034 0.034366 
found for -x, -y, -z neighbour respectively
[24, 30, 1, 0.897082, -0.833421, 0.543703, 0.0989809]
[25, 29, 1, 0.800663, 0.776297, -0.626766, 0.0672866]
[25, 30, 0, 0.978919, -0.857125, 0.509081, 0.0785714]

 for item 26 6 1 0.950878 0.724225 -0.678647 -0.122212 
found for -x, -y, -z neighbour respectively
[25, 6, 1, 0.837663, 0.6811, -0.681648, -0.267317]
[26, 5, 1, 0.24774, -0.184961, 0.872858, 0.451562]
[26, 6, 0, 0.682309, -0.999043, 0.0041177, 0.0435342]

 for item 26 7 1 0.983536 0.789489 -0.599532 -0.131409 
found for -x, -y, -z neighbour respectively
[25, 7, 1, 0.947052, 0.762345, -0.625618, -0.165624]
[26, 6, 1, 0.950878, 0.724225, -0.678647, -0.122212]
[26, 7, 0, 0.791746, -0.96361, -0.00931651, 0.267151]

 for item 26 8 1 0.922393 0.772884 -0.569766 -0.279315 
found for -x, -y, -z neighbour respectively
[25, 8, 1, 0.516218, 0.756258, -0.653842, -0.0237628]
[26, 7, 1, 0.983536, 0.789489, -0.599532, -0.131409]
[26, 8, 0, 0.484181, 0.824053, -0.17651, -0.538312]

 for item 26 15 1 0.817767 0.542644 0.788440 0.289654 
found for -x, -y, -z neighbour respectively
[25, 15, 1, 0.294051, 0.717636, 0.687188, 0.113008]
[26, 14, 1, 0.569781, 0.465052, 0.88427, 0.0423462]
[26, 15, 0, 0.61044, 0.656407, 0.701605, 0.277274]

 for item 26 23 1 0.989252 0.540624 0.838090 -0.073012 
found for -x, -y, -z neighbour respectively
[25, 23, 1, 0.974944, -0.548115, -0.8333, 0.0719766]
[26, 22, 1, 0.599974, -0.510077, -0.837693, 0.19517]
[26, 23, 0, 0.982227, 0.591344, 0.792476, -0.149313]

 for item 26 31 1 0.893194 0.798632 -0.592430 0.105898 
found for -x, -y, -z neighbour respectively
[25, 31, 1, 0.748826, 0.695379, -0.517413, 0.49873]
[26, 30, 1, 0.591218, 0.796817, -0.504456, 0.332577]
[26, 31, 0, 0.787039, -0.871157, 0.441462, -0.214933]

 for item 27 7 1 0.938275 -0.853443 0.493427 0.167824 
found for -x, -y, -z neighbour respectively
[26, 7, 1, 0.983536, 0.789489, -0.599532, -0.131409]
[27, 6, 1, 0.437051, -0.242156, 0.96119, 0.132188]
[27, 7, 0, 0.560185, 0.710111, -0.26593, -0.651938]

 for item 27 8 1 0.843903 0.758035 -0.642130 -0.114241 
found for -x, -y, -z neighbour respectively
[26, 8, 1, 0.922393, 0.772884, -0.569766, -0.279315]
[27, 7, 1, 0.938275, -0.853443, 0.493427, 0.167824]
[27, 8, 0, 0.678688, 0.59149, -0.434681, -0.679111]

 for item 27 15 1 0.947212 -0.598240 -0.797020 0.082866 
found for -x, -y, -z neighbour respectively
[26, 15, 1, 0.817767, 0.542644, 0.78844, 0.289654]
[27, 14, 1, 0.635455, -0.614435, -0.770549, -0.16948]
[27, 15, 0, 0.591076, -0.452213, -0.889472, -0.0658989]

 for item 27 16 1 0.894794 -0.517048 -0.855403 -0.030768 
found for -x, -y, -z neighbour respectively
[26, 16, 1, 0.333029, -0.925475, -0.374012, 0.0600877]
[27, 15, 1, 0.947212, -0.59824, -0.79702, 0.0828658]
[27, 16, 0, 0.608674, 0.413378, 0.903578, 0.112539]

 for item 27 23 1 0.863072 -0.508938 -0.851686 0.124952 
found for -x, -y, -z neighbour respectively
[26, 23, 1, 0.989252, 0.540624, 0.83809, -0.0730122]
[27, 22, 1, 0.105409, 0.500164, 0.82041, 0.27706]
[27, 23, 0, 0.495645, 0.859953, 0.50515, -0.072834]

 for item 28 0 1 0.841539 -0.843939 0.180135 0.505290 
found for -x, -y, -z neighbour respectively
[27, 0, 1, 0.665097, -0.870144, 0.294046, 0.395457]
[28, 32, 1, 0.798283, 0.759803, -0.262806, -0.59467]
[28, 0, 0, 0.275097, 0.513192, 0.811142, 0.280506]

 for item 28 12 1 0.829525 -0.348678 0.796377 -0.494174 
found for -x, -y, -z neighbour respectively
[27, 12, 1, 0.217458, -0.658508, 0.308621, -0.686382]
[28, 11, 1, 0.608143, 0.233702, -0.958699, 0.162111]
[28, 12, 0, 0.62661, 0.523679, -0.615898, 0.588583]

 for item 28 20 1 0.947526 0.535485 -0.834419 -0.130384 
found for -x, -y, -z neighbour respectively
[27, 20, 1, 0.206341, 0.153273, 0.915384, 0.372263]
[28, 19, 1, 0.49189, -0.512132, 0.826492, 0.233734]
[28, 20, 0, 0.610336, 0.406558, -0.886816, -0.219698]

 for item 28 31 1 0.818047 0.535258 -0.487247 -0.689992 
found for -x, -y, -z neighbour respectively
[27, 31, 1, 0.668639, 0.763507, -0.639197, -0.0921151]
[28, 30, 1, 0.356308, -0.871701, 0.483335, -0.0807771]
[28, 31, 0, 0.423889, -0.699145, -0.0466761, 0.713455]

 for item 29 8 1 0.898235 0.579821 0.437515 0.687305 
found for -x, -y, -z neighbour respectively
[28, 8, 1, 0.524303, -0.138301, 0.673219, 0.726395]
[29, 7, 1, 0.778071, -0.57999, -0.424124, -0.695507]
[29, 8, 0, 0, 0, 0, 0]

 for item 29 9 1 0.887209 0.035405 -0.798791 -0.600566 
found for -x, -y, -z neighbour respectively
[28, 9, 1, 0, 0, 0, 0]
[29, 8, 1, 0.898235, 0.579821, 0.437515, 0.687305]
[29, 9, 0, 0.230843, 0.702426, 0.201476, -0.682646]

 for item 29 20 1 0.875019 -0.474360 0.851750 0.222495 
found for -x, -y, -z neighbour respectively
[28, 20, 1, 0.947526, 0.535485, -0.834419, -0.130384]
[29, 19, 1, 0.43492, -0.154742, 0.867341, 0.473048]
[29, 20, 0, 0.986926, 0.409771, -0.899126, -0.153818]

 for item 29 21 1 0.987230 0.488977 -0.841411 -0.230063 
found for -x, -y, -z neighbour respectively
[28, 21, 1, 0.617891, -0.616395, 0.784514, 0.067792]
[29, 20, 1, 0.875019, -0.47436, 0.85175, 0.222495]
[29, 21, 0, 0.989014, 0.42069, -0.879471, -0.2226]

 for item 29 22 1 0.893874 -0.460283 0.838234 0.292409 
found for -x, -y, -z neighbour respectively
[28, 22, 1, 0.279797, -0.941333, -0.337398, 0.00737242]
[29, 21, 1, 0.98723, 0.488977, -0.841411, -0.230063]
[29, 22, 0, 0.977568, 0.419822, -0.875606, -0.23888]

 for item 29 24 1 1.000000 -0.040554 -0.593694 -0.803669 
found for -x, -y, -z neighbour respectively
[28, 24, 1, 0.796225, 0.667071, 0.73575, 0.117]
[29, 23, 1, 0.669251, -0.0242396, 0.636295, 0.771065]
[29, 24, 0, 0.817326, 0.204046, -0.380941, 0.901804]

 for item 29 25 1 0.885916 -0.845906 -0.388686 -0.365192 
found for -x, -y, -z neighbour respectively
[28, 25, 1, 0.704214, -0.866076, -0.499169, -0.0272605]
[29, 24, 1, 1, -0.040554, -0.593694, -0.803669]
[29, 25, 0, 0.533142, -0.811788, 0.114473, -0.572622]

 for item 30 20 1 0.998981 -0.516955 0.831973 0.201441 
found for -x, -y, -z neighbour respectively
[29, 20, 1, 0.875019, -0.47436, 0.85175, 0.222495]
[30, 19, 1, 0.710528, 0.353257, -0.771503, 0.529143]
[30, 20, 0, 0.983334, -0.465736, 0.858259, 0.215595]

 for item 30 21 1 0.991422 -0.533633 0.797767 0.280721 
found for -x, -y, -z neighbour respectively
[29, 21, 1, 0.98723, 0.488977, -0.841411, -0.230063]
[30, 20, 1, 0.998981, -0.516955, 0.831973, 0.201441]
[30, 21, 0, 0.982787, -0.416514, 0.855077, 0.308804]

 for item 30 28 1 0.928289 0.178971 0.012594 0.983774 
found for -x, -y, -z neighbour respectively
[29, 28, 1, 0.490843, 0.311451, -0.377694, 0.871978]
[30, 27, 1, 0.608435, -0.36822, 0.140933, -0.918995]
[30, 28, 0, 0.536653, -0.182026, 0.0510717, -0.981967]

 for item 31 1 1 0.988453 -0.232831 0.664660 0.709941 
found for -x, -y, -z neighbour respectively
[30, 1, 1, 0.602982, 0.489698, -0.685492, -0.538792]
[31, 0, 1, 0.388571, -0.428756, -0.522163, -0.737234]
[31, 1, 0, 0.402029, -0.688716, 0.00702034, 0.724997]

 for item 31 3 1 0.973362 0.432862 -0.517242 -0.738303 
found for -x, -y, -z neighbour respectively
[30, 3, 1, 0.471834, -0.262728, -0.948183, 0.178671]
[31, 2, 1, 0.762544, -0.352622, 0.932962, 0.072382]
[31, 3, 0, 0.590718, 0.664959, -0.735099, -0.132134]

 for item 31 4 1 1.000000 0.947356 -0.174318 -0.268569 
found for -x, -y, -z neighbour respectively
[30, 4, 1, 0.642838, -0.421847, -0.774713, -0.471025]
[31, 3, 1, 0.973362, 0.432862, -0.517242, -0.738303]
[31, 4, 0, 0.882145, -0.379729, 0.728535, 0.570126]

 for item 31 6 1 0.810585 0.153413 0.697786 0.699686 
found for -x, -y, -z neighbour respectively
[30, 6, 1, 0.504415, 0.301127, -0.000588064, 0.953584]
[31, 5, 1, 0.329211, 0.280487, 0.709199, 0.646811]
[31, 6, 0, 0.439907, -0.0383251, 0.910059, 0.412703]

 for item 31 7 1 0.962543 -0.132334 -0.726477 -0.674328 
found for -x, -y, -z neighbour respectively
[30, 7, 1, 0.479123, -0.649234, -0.196947, -0.734648]
[31, 6, 1, 0.810585, 0.153413, 0.697786, 0.699686]
[31, 7, 0, 0.96011, 0.0808102, 0.851417, 0.518226]

 for item 31 8 1 0.865829 0.127773 0.643706 0.754531 
found for -x, -y, -z neighbour respectively
[30, 8, 1, 0.385636, 0.743136, 0.351595, 0.569324]
[31, 7, 1, 0.962543, -0.132334, -0.726477, -0.674328]
[31, 8, 0, 0.864808, 0.184822, 0.787669, 0.587723]

 for item 31 10 1 1.000000 -0.315700 0.490191 0.812432 
found for -x, -y, -z neighbour respectively
[30, 10, 1, 0.643361, -0.107129, 0.640586, 0.760377]
[31, 9, 1, 0.660398, 0.380363, -0.39664, -0.835464]
[31, 10, 0, 0.974611, -0.386174, -0.831136, -0.400104]

 for item 31 13 1 1.000000 -0.697689 -0.032584 -0.715659 
found for -x, -y, -z neighbour respectively
[30, 13, 1, 0.521718, -0.19454, -0.672386, -0.714179]
[31, 12, 1, 0.62334, -0.281017, 0.672769, 0.684406]
[31, 13, 0, 0.989158, 0.788443, 0.353315, -0.503514]

 for item 31 16 1 0.976946 -0.502448 -0.401530 -0.765715 
found for -x, -y, -z neighbour respectively
[30, 16, 1, 0.735462, 0.466164, 0.195047, 0.86293]
[31, 15, 1, 0.40614, -0.60121, -0.223146, -0.767302]
[31, 16, 0, 0.341618, -0.258223, 0.399881, 0.879441]

 for item 31 17 1 1.000000 0.958763 -0.228383 0.169158 
found for -x, -y, -z neighbour respectively
[30, 17, 1, 0.39726, 0.437146, -0.491196, -0.753412]
[31, 16, 1, 0.976946, -0.502448, -0.40153, -0.765715]
[31, 17, 0, 0.467014, 0.510931, 0.691062, 0.511257]

 for item 31 20 1 0.994821 0.618297 -0.712861 -0.330966 
found for -x, -y, -z neighbour respectively
[30, 20, 1, 0.998981, -0.516955, 0.831973, 0.201441]
[31, 19, 1, 0, 0, 0, 0]
[31, 20, 0, 0.885396, 0.184139, -0.93605, -0.299837]

 for item 31 21 1 0.997053 -0.538671 0.732439 0.416374 
found for -x, -y, -z neighbour respectively
[30, 21, 1, 0.991422, -0.533633, 0.797767, 0.280721]
[31, 20, 1, 0.994821, 0.618297, -0.712861, -0.330966]
[31, 21, 0, 0.983511, 0.403974, -0.858646, -0.315487]

 for item 31 24 1 0.922383 0.336065 0.610424 -0.717246 
found for -x, -y, -z neighbour respectively
[30, 24, 1, 0.379286, 0.312345, 0.472474, -0.824142]
[31, 23, 1, 0.391543, -0.927418, 0.319028, -0.195236]
[31, 24, 0, 0.919929, -0.281733, -0.397229, 0.873405]

 for item 31 27 1 0.973341 -0.004747 -0.095298 -0.995437 
found for -x, -y, -z neighbour respectively
[30, 27, 1, 0.608435, -0.36822, 0.140933, -0.918995]
[31, 26, 1, 0.279677, 0.928549, -0.368675, 0.0433071]
[31, 27, 0, 0.663084, 0.120555, -0.0983863, -0.987819]

 for item 31 28 1 0.950194 -0.065348 -0.202705 -0.977057 
found for -x, -y, -z neighbour respectively
[30, 28, 1, 0.928289, 0.178971, 0.0125937, 0.983774]
[31, 27, 1, 0.973341, -0.00474668, -0.0952983, -0.995437]
[31, 28, 0, 0.538461, -0.0732026, 0.0525007, 0.995934]

 for item 31 29 1 0.895700 -0.120884 0.294900 0.947851 
found for -x, -y, -z neighbour respectively
[30, 29, 1, 0.347516, 0.064271, 0.265079, 0.962082]
[31, 28, 1, 0.950194, -0.0653483, -0.202705, -0.977057]
[31, 29, 0, 0.560579, -0.237208, 0.178006, 0.955011]

 for item 0 20 2 0.810124 0.679071 -0.704452 -0.206420 
found for -x, -y, -z neighbour respectively
[32, 20, 2, 0.295181, -0.244223, 0.969649, -0.0116994]
[0, 19, 2, 0.430888, -0.682306, 0.71471, -0.153781]
[0, 20, 1, 0.554956, 0.532011, -0.811765, -0.240835]

 for item 0 21 2 0.921906 -0.656785 0.688001 0.308689 
found for -x, -y, -z neighbour respectively
[32, 21, 2, 0.354689, 0.706018, -0.594808, 0.384372]
[0, 20, 2, 0.810124, 0.679071, -0.704452, -0.20642]
[0, 21, 1, 0.872129, 0.529442, -0.777839, -0.33861]

 for item 1 5 2 0.878970 -0.650953 -0.086156 -0.754213 
found for -x, -y, -z neighbour respectively
[0, 5, 2, 0.302081, -0.00684342, 0.449806, 0.8931]
[1, 4, 2, 0.711497, 0.747261, 0.0669126, 0.661153]
[1, 5, 1, 0.641168, 0.381679, 0.12848, 0.915322]

 for item 1 6 2 0.951137 0.709775 0.248173 0.659265 
found for -x, -y, -z neighbour respectively
[0, 6, 2, 0.0582419, 0.326433, 0.729668, 0.600855]
[1, 5, 2, 0.87897, -0.650953, -0.0861559, -0.754213]
[1, 6, 1, 0.698614, -0.60417, -0.0474309, -0.795442]

 for item 1 16 2 0.975562 0.503851 -0.167188 0.847456 
found for -x, -y, -z neighbour respectively
[0, 16, 2, 0.113088, 0.562105, -0.434289, 0.703868]
[1, 15, 2, 0.516196, 0.689112, 0.710942, 0.140306]
[1, 16, 1, 0.988237, -0.491298, -0.00981284, -0.870936]

 for item 1 21 2 0.859223 -0.813178 0.449849 -0.369294 
found for -x, -y, -z neighbour respectively
[0, 21, 2, 0.921906, -0.656785, 0.688001, 0.308689]
[1, 20, 2, 0.610786, -0.228458, 0.0942517, -0.968981]
[1, 21, 1, 0.636951, 0.409993, -0.644867, 0.645021]

 for item 1 22 2 0.991716 -0.665787 0.347383 -0.660343 
found for -x, -y, -z neighbour respectively
[0, 22, 2, 0.557397, -0.616508, 0.749032, 0.242628]
[1, 21, 2, 0.859223, -0.813178, 0.449849, -0.369294]
[1, 22, 1, 0.879061, 0.749345, -0.158459, 0.642941]

 for item 1 24 2 0.884151 -0.609721 0.305249 -0.731480 
found for -x, -y, -z neighbour respectively
[0, 24, 2, 0.186329, -0.199029, -0.865985, 0.458757]
[1, 23, 2, 0.615951, 0.393065, -0.352631, 0.849206]
[1, 24, 1, 0.963322, -0.676629, 0.183197, -0.71317]

 for item 1 30 2 0.848704 -0.561026 0.826917 0.038181 
found for -x, -y, -z neighbour respectively
[0, 30, 2, 0.219713, -0.825289, 0.518697, 0.223272]
[1, 29, 2, 0.735307, -0.60512, 0.779122, 0.163707]
[1, 30, 1, 0.524053, 0.697261, -0.701438, -0.147687]

 for item 1 32 2 1.000000 -0.855625 0.508235 0.097992 
found for -x, -y, -z neighbour respectively
[0, 32, 2, 0.363915, 0.598766, 0.196109, -0.776544]
[1, 31, 2, 0.661583, 0.400436, -0.902932, -0.156092]
[1, 32, 1, 0.801863, -0.327653, -0.944761, -0.0083312]

 for item 2 1 2 0.815752 0.333456 0.270122 -0.903239 
found for -x, -y, -z neighbour respectively
[1, 1, 2, 0.474728, 0.251184, -0.366199, -0.895994]
[2, 0, 2, 0.697455, 0.272867, 0.955684, 0.110505]
[2, 1, 1, 0.660409, 0.209332, 0.948061, 0.239501]

 for item 2 2 2 0.901179 -0.824759 -0.197562 -0.529851 
found for -x, -y, -z neighbour respectively
[1, 2, 2, 0.490616, -0.665069, 0.132718, 0.734894]
[2, 1, 2, 0.815752, 0.333456, 0.270122, -0.903239]
[2, 2, 1, 0.491147, -0.845509, -0.0382891, -0.532586]

 for item 2 3 2 0.933862 0.751191 -0.007824 0.660038 
found for -x, -y, -z neighbour respectively
[1, 3, 2, 0.288618, -0.993092, -0.115831, 0.018727]
[2, 2, 2, 0.901179, -0.824759, -0.197562, -0.529851]
[2, 3, 1, 0.923705, 0.804511, 0.14826, 0.575136]

 for item 2 4 2 0.846542 0.771643 0.031601 0.635270 
found for -x, -y, -z neighbour respectively
[1, 4, 2, 0.711497, 0.747261, 0.0669126, 0.661153]
[2, 3, 2, 0.933862, 0.751191, -0.00782415, 0.660038]
[2, 4, 1, 0.910085, 0.736396, 0.0329774, 0.675746]

 for item 2 5 2 0.926239 0.714923 0.025824 0.698726 
found for -x, -y, -z neighbour respectively
[1, 5, 2, 0.87897, -0.650953, -0.0861559, -0.754213]
[2, 4, 2, 0.846542, 0.771643, 0.031601, 0.63527]
[2, 5, 1, 0.707214, -0.645518, -0.123035, -0.75377]

 for item 2 11 2 0.913886 -0.999759 -0.021846 -0.002058 
found for -x, -y, -z neighbour respectively
[1, 11, 2, 0.513092, -0.991469, 0.0994072, -0.084302]
[2, 10, 2, 0.300104, -0.992113, 0.0240571, -0.123016]
[2, 11, 1, 0.43363, -0.953408, -0.0465241, 0.298075]

 for item 2 15 2 0.995868 -0.579009 -0.444660 -0.683393 
found for -x, -y, -z neighbour respectively
[1, 15, 2, 0.516196, 0.689112, 0.710942, 0.140306]
[2, 14, 2, 0.410281, 0.545165, -0.42444, -0.722942]
[2, 15, 1, 0.967714, -0.599144, -0.377547, -0.706034]

 for item 2 16 2 0.872459 0.600336 0.162990 0.782963 
found for -x, -y, -z neighbour respectively
[1, 16, 2, 0.975562, 0.503851, -0.167188, 0.847456]
[2, 15, 2, 0.995868, -0.579009, -0.44466, -0.683393]
[2, 16, 1, 0.735358, -0.579037, -0.218015, -0.785612]

 for item 2 19 2 0.873613 0.824182 -0.328894 0.461035 
found for -x, -y, -z neighbour respectively
[1, 19, 2, 0.566959, 0.754214, 0.413451, 0.510118]
[2, 18, 2, 0.470687, 0.0048412, 0.998923, 0.0461495]
[2, 19, 1, 0.807202, 0.781084, -0.335502, 0.526637]

 for item 2 20 2 0.885459 0.802525 -0.358962 0.476551 
found for -x, -y, -z neighbour respectively
[1, 20, 2, 0.610786, -0.228458, 0.0942517, -0.968981]
[2, 19, 2, 0.873613, 0.824182, -0.328894, 0.461035]
[2, 20, 1, 0.98566, -0.845906, 0.267497, -0.461399]

 for item 2 21 2 0.947787 0.754083 -0.252189 0.606431 
found for -x, -y, -z neighbour respectively
[1, 21, 2, 0.859223, -0.813178, 0.449849, -0.369294]
[2, 20, 2, 0.885459, 0.802525, -0.358962, 0.476551]
[2, 21, 1, 0.432381, 0.141228, 0.522711, 0.84073]

 for item 2 22 2 0.952237 0.678597 -0.244328 0.692684 
found for -x, -y, -z neighbour respectively
[1, 22, 2, 0.991716, -0.665787, 0.347383, -0.660343]
[2, 21, 2, 0.947787, 0.754083, -0.252189, 0.606431]
[2, 22, 1, 0.976464, 0.716227, -0.122202, 0.687085]

 for item 2 26 2 0.853768 0.743531 -0.634845 -0.210078 
found for -x, -y, -z neighbour respectively
[1, 26, 2, 0.508523, -0.448708, 0.83106, 0.328635]
[2, 25, 2, 0.395539, 0.747504, -0.594934, -0.295452]
[2, 26, 1, 0.387596, -0.0584484, 0.645298, 0.761692]

 for item 2 27 2 0.883600 0.536325 -0.821753 -0.192556 
found for -x, -y, -z neighbour respectively
[1, 27, 2, 0.51917, -0.0872641, 0.889582, 0.448362]
[2, 26, 2, 0.853768, 0.743531, -0.634845, -0.210078]
[2, 27, 1, 0.253409, -0.329687, -0.255422, 0.908882]

 for item 2 28 2 0.975252 -0.528850 0.839565 0.124296 
found for -x, -y, -z neighbour respectively
[1, 28, 2, 0.747612, -0.424209, 0.890527, 0.16434]
[2, 27, 2, 0.8836, 0.536325, -0.821753, -0.192556]
[2, 28, 1, 0.702798, 0.784597, -0.619994, 0.00395924]

 for item 3 2 2 0.811944 -0.874561 0.113068 -0.471549 
found for -x, -y, -z neighbour respectively
[2, 2, 2, 0.901179, -0.824759, -0.197562, -0.529851]
[3, 1, 2, 0.192495, -0.69095, 0.717499, -0.0882156]
[3, 2, 1, 0.784706, -0.859873, -0.229114, -0.456207]

 for item 3 3 2 0.974949 0.809401 -0.002207 0.587252 
found for -x, -y, -z neighbour respectively
[2, 3, 2, 0.933862, 0.751191, -0.00782415, 0.660038]
[3, 2, 2, 0.811944, -0.874561, 0.113068, -0.471549]
[3, 3, 1, 0.976301, 0.786303, 0.17463, 0.592648]

 for item 3 4 2 0.983046 0.727973 0.007395 0.685565 
found for -x, -y, -z neighbour respectively
[2, 4, 2, 0.846542, 0.771643, 0.031601, 0.63527]
[3, 3, 2, 0.974949, 0.809401, -0.00220655, 0.587252]
[3, 4, 1, 0.864917, 0.76105, 0.0875842, 0.642753]

 for item 3 5 2 0.961630 0.749388 0.124846 0.650255 
found for -x, -y, -z neighbour respectively
[2, 5, 2, 0.926239, 0.714923, 0.0258242, 0.698726]
[3, 4, 2, 0.983046, 0.727973, 0.00739454, 0.685565]
[3, 5, 1, 0.435923, 0.672849, -0.104575, 0.732351]

 for item 3 6 2 0.917031 0.762016 0.151995 0.629468 
found for -x, -y, -z neighbour respectively
[2, 6, 2, 0.783978, -0.621949, 0.14765, -0.769012]
[3, 5, 2, 0.96163, 0.749388, 0.124846, 0.650255]
[3, 6, 1, 0.619836, 0.673949, 0.692714, -0.256787]

 for item 3 7 2 0.843169 -0.829655 0.328760 -0.451209 
found for -x, -y, -z neighbour respectively
[2, 7, 2, 0.632521, 0.789667, -0.203527, 0.578795]
[3, 6, 2, 0.917031, 0.762016, 0.151995, 0.629468]
[3, 7, 1, 0.53128, 0.877638, 0.0434138, 0.477354]

 for item 3 8 2 0.806447 0.779244 -0.398771 0.483488 
found for -x, -y, -z neighbour respectively
[2, 8, 2, 0.20843, -0.456882, -0.799996, -0.388929]
[3, 7, 2, 0.843169, -0.829655, 0.32876, -0.451209]
[3, 8, 1, 0.640333, 0.868314, -0.0701821, 0.491025]

 for item 3 15 2 0.889097 -0.656226 -0.289336 -0.696888 
found for -x, -y, -z neighbour respectively
[2, 15, 2, 0.995868, -0.579009, -0.44466, -0.683393]
[3, 14, 2, 0.64026, 0.743174, 0.345695, 0.572877]
[3, 15, 1, 0.520004, 0.447411, 0.169547, 0.87811]

 for item 3 16 2 0.825032 0.556762 0.259693 0.789035 
found for -x, -y, -z neighbour respectively
[2, 16, 2, 0.872459, 0.600336, 0.16299, 0.782963]
[3, 15, 2, 0.889097, -0.656226, -0.289336, -0.696888]
[3, 16, 1, 0.852493, -0.593557, -0.245709, -0.766366]

 for item 3 17 2 0.829087 -0.526310 0.414360 -0.742498 
found for -x, -y, -z neighbour respectively
[2, 17, 2, 0.495137, -0.574706, -0.236677, -0.783388]
[3, 16, 2, 0.825032, 0.556762, 0.259693, 0.789035]
[3, 17, 1, 0.837819, 0.44124, -0.450883, 0.775894]

 for item 3 19 2 0.954382 -0.845752 0.336158 -0.414369 
found for -x, -y, -z neighbour respectively
[2, 19, 2, 0.873613, 0.824182, -0.328894, 0.461035]
[3, 18, 2, 0.447544, -0.595417, 0.275114, -0.754845]
[3, 19, 1, 0.539223, -0.0871513, -0.595717, 0.798452]

 for item 3 21 2 0.934825 -0.550197 0.262423 -0.792728 
found for -x, -y, -z neighbour respectively
[2, 21, 2, 0.947787, 0.754083, -0.252189, 0.606431]
[3, 20, 2, 0.3632, 0.74694, -0.244491, 0.618308]
[3, 21, 1, 0.368926, 0.294201, 0.331762, 0.896315]

 for item 3 22 2 0.946758 -0.685762 0.123155 -0.717331 
found for -x, -y, -z neighbour respectively
[2, 22, 2, 0.952237, 0.678597, -0.244328, 0.692684]
[3, 21, 2, 0.934825, -0.550197, 0.262423, -0.792728]
[3, 22, 1, 0.704757, 0.569702, -0.0837141, 0.817577]

 for item 3 24 2 0.890994 -0.900453 -0.127331 -0.415899 
found for -x, -y, -z neighbour respectively
[2, 24, 2, 0.306622, 0.620543, 0.0225302, 0.783849]
[3, 23, 2, 0.523037, 0.658138, 0.239968, 0.713632]
[3, 24, 1, 0.890762, 0.783627, -0.123045, 0.608924]

 for item 3 26 2 0.977715 0.702481 -0.669587 -0.241193 
found for -x, -y, -z neighbour respectively
[2, 26, 2, 0.853768, 0.743531, -0.634845, -0.210078]
[3, 25, 2, 0.183575, 0.327826, -0.323075, 0.887779]
[3, 26, 1, 0.447166, 0.661869, 0.646712, 0.379067]

 for item 4 0 2 0.823172 0.158098 -0.972406 -0.171557 
found for -x, -y, -z neighbour respectively
[3, 0, 2, 0.426705, 0.133691, -0.950005, -0.282165]
[4, 32, 2, 0.780805, 0.182053, -0.853223, 0.48874]
[4, 0, 1, 0.940316, -0.947364, -0.0318233, -0.318574]

 for item 4 3 2 0.958359 0.801892 0.112239 0.586832 
found for -x, -y, -z neighbour respectively
[3, 3, 2, 0.974949, 0.809401, -0.00220655, 0.587252]
[4, 2, 2, 0.4799, -0.843845, 0.38676, -0.371945]
[4, 3, 1, 0.986796, -0.834604, -0.327566, -0.442873]

 for item 4 4 2 0.989735 -0.706640 -0.027270 -0.707047 
found for -x, -y, -z neighbour respectively
[3, 4, 2, 0.983046, 0.727973, 0.00739454, 0.685565]
[4, 3, 2, 0.958359, 0.801892, 0.112239, 0.586832]
[4, 4, 1, 0.83103, 0.762662, 0.214329, 0.610254]

 for item 4 5 2 0.986823 0.746944 0.070664 0.661121 
found for -x, -y, -z neighbour respectively
[3, 5, 2, 0.96163, 0.749388, 0.124846, 0.650255]
[4, 4, 2, 0.989735, -0.70664, -0.0272695, -0.707047]
[4, 5, 1, 0.879594, 0.74211, -0.024408, 0.669833]

 for item 4 6 2 0.897631 0.724416 0.096704 0.682546 
found for -x, -y, -z neighbour respectively
[3, 6, 2, 0.917031, 0.762016, 0.151995, 0.629468]
[4, 5, 2, 0.986823, 0.746944, 0.0706638, 0.661121]
[4, 6, 1, 0.365225, -0.755059, 0.0997075, -0.648032]

 for item 4 7 2 0.961612 -0.948909 0.237992 -0.207200 
found for -x, -y, -z neighbour respectively
[3, 7, 2, 0.843169, -0.829655, 0.32876, -0.451209]
[4, 6, 2, 0.897631, 0.724416, 0.0967038, 0.682546]
[4, 7, 1, 0.948392, -0.955705, 0.0163921, -0.29387]

 for item 4 8 2 0.960480 -0.882851 0.388764 -0.263510 
found for -x, -y, -z neighbour respectively
[3, 8, 2, 0.806447, 0.779244, -0.398771, 0.483488]
[4, 7, 2, 0.961612, -0.948909, 0.237992, -0.2072]
[4, 8, 1, 0.693234, -0.966864, 0.250491, -0.0492855]

 for item 4 9 2 0.939662 -0.843638 0.459656 -0.277475 
found for -x, -y, -z neighbour respectively
[3, 9, 2, 0.736696, 0.645887, -0.642233, 0.412756]
[4, 8, 2, 0.96048, -0.882851, 0.388764, -0.26351]
[4, 9, 1, 0.148211, 0.910757, -0.370179, -0.182998]

 for item 4 10 2 0.947285 0.749892 -0.654461 -0.096660 
found for -x, -y, -z neighbour respectively
[3, 10, 2, 0.310021, 0.838594, -0.538598, 0.0816794]
[4, 9, 2, 0.939662, -0.843638, 0.459656, -0.277475]
[4, 10, 1, 0.555547, 0.605923, -0.787277, -0.114241]

 for item 4 17 2 0.950507 -0.472405 0.513026 -0.716685 
found for -x, -y, -z neighbour respectively
[3, 17, 2, 0.829087, -0.52631, 0.41436, -0.742498]
[4, 16, 2, 0.732008, -0.385254, 0.433858, -0.814461]
[4, 17, 1, 0.988545, -0.556296, 0.367911, -0.745102]

 for item 4 18 2 0.845488 -0.342124 0.392880 -0.853578 
found for -x, -y, -z neighbour respectively
[3, 18, 2, 0.447544, -0.595417, 0.275114, -0.754845]
[4, 17, 2, 0.950507, -0.472405, 0.513026, -0.716685]
[4, 18, 1, 0.910243, -0.474859, 0.436235, -0.764335]

 for item 4 21 2 0.947480 -0.466035 -0.035783 -0.884042 
found for -x, -y, -z neighbour respectively
[3, 21, 2, 0.934825, -0.550197, 0.262423, -0.792728]
[4, 20, 2, 0.614104, 0.358404, 0.247304, 0.900215]
[4, 21, 1, 0.926933, 0.552421, 0.0880167, 0.828905]

 for item 4 22 2 0.958057 -0.430640 -0.094245 -0.897589 
found for -x, -y, -z neighbour respectively
[3, 22, 2, 0.946758, -0.685762, 0.123155, -0.717331]
[4, 21, 2, 0.94748, -0.466035, -0.035783, -0.884042]
[4, 22, 1, 0.94388, -0.572605, -0.0325861, -0.819184]

 for item 4 26 2 0.992227 -0.277216 0.844702 0.457854 
found for -x, -y, -z neighbour respectively
[3, 26, 2, 0.977715, 0.702481, -0.669587, -0.241193]
[4, 25, 2, 0.354036, -0.429072, 0.893875, 0.129938]
[4, 26, 1, 0.462913, -0.989232, 0.144455, -0.023532]

 for item 4 27 2 0.815111 0.080051 -0.915860 -0.393437 
found for -x, -y, -z neighbour respectively
[3, 27, 2, 0.568364, 0.412525, -0.905775, -0.0969249]
[4, 26, 2, 0.992227, -0.277216, 0.844702, 0.457854]
[4, 27, 1, 0.736402, 0.449782, 0.826694, -0.338043]

 for item 4 28 2 0.979851 -0.318385 -0.816445 0.481714 
found for -x, -y, -z neighbour respectively
[3, 28, 2, 0.509983, 0.0144063, -0.995416, -0.0945519]
[4, 27, 2, 0.815111, 0.0800507, -0.91586, -0.393437]
[4, 28, 1, 0.99458, 0.3928, 0.834049, -0.38739]

 for item 4 29 2 0.929712 0.343784 0.827505 -0.443901 
found for -x, -y, -z neighbour respectively
[3, 29, 2, 0.575891, -0.0350666, 0.818863, -0.572916]
[4, 28, 2, 0.979851, -0.318385, -0.816445, 0.481714]
[4, 29, 1, 0.991378, 0.371904, 0.832132, -0.411392]

 for item 4 30 2 0.952554 0.336454 0.786784 -0.517464 
found for -x, -y, -z neighbour respectively
[3, 30, 2, 0.651161, -0.259297, -0.617043, 0.742983]
[4, 29, 2, 0.929712, 0.343784, 0.827505, -0.443901]
[4, 30, 1, 0.98404, -0.388779, -0.762942, 0.516498]

 for item 4 31 2 0.966864 -0.217418 -0.808390 0.547023 
found for -x, -y, -z neighbour respectively
[3, 31, 2, 0.480456, 0.221335, 0.694049, -0.68506]
[4, 30, 2, 0.952554, 0.336454, 0.786784, -0.517464]
[4, 31, 1, 0.902047, -0.381898, -0.745934, 0.545652]

 for item 5 3 2 0.971899 -0.891982 -0.236955 -0.384995 
found for -x, -y, -z neighbour respectively
[4, 3, 2, 0.958359, 0.801892, 0.112239, 0.586832]
[5, 2, 2, 0.163238, 0.840407, 0.153038, 0.5199]
[5, 3, 1, 0.606636, 0.759936, -0.138638, 0.635041]

 for item 5 4 2 0.975110 0.731970 -0.005289 0.681317 
found for -x, -y, -z neighbour respectively
[4, 4, 2, 0.989735, -0.70664, -0.0272695, -0.707047]
[5, 3, 2, 0.971899, -0.891982, -0.236955, -0.384995]
[5, 4, 1, 0.502601, 0.809615, -0.271379, 0.520459]

 for item 5 5 2 0.985661 0.756549 -0.066875 0.650509 
found for -x, -y, -z neighbour respectively
[4, 5, 2, 0.986823, 0.746944, 0.0706638, 0.661121]
[5, 4, 2, 0.97511, 0.73197, -0.00528913, 0.681317]
[5, 5, 1, 0.637453, -0.777973, 0.0194058, -0.627998]

 for item 5 7 2 0.982217 -0.954334 0.187518 -0.232558 
found for -x, -y, -z neighbour respectively
[4, 7, 2, 0.961612, -0.948909, 0.237992, -0.2072]
[5, 6, 2, 0.63136, 0.660395, -0.146739, 0.736442]
[5, 7, 1, 0.979701, -0.962821, 0.0617389, -0.262992]

 for item 5 8 2 0.927304 -0.931097 0.329941 -0.155553 
found for -x, -y, -z neighbour respectively
[4, 8, 2, 0.96048, -0.882851, 0.388764, -0.26351]
[5, 7, 2, 0.982217, -0.954334, 0.187518, -0.232558]
[5, 8, 1, 0.887836, -0.959375, 0.281849, -0.0126935]

 for item 5 29 2 0.827379 -0.332308 -0.873523 0.355710 
found for -x, -y, -z neighbour respectively
[4, 29, 2, 0.929712, 0.343784, 0.827505, -0.443901]
[5, 28, 2, 0.447195, -0.284374, -0.881718, 0.376437]
[5, 29, 1, 0.989233, -0.332323, -0.84826, 0.412331]

 for item 5 30 2 0.884643 -0.349173 -0.828683 0.437451 
found for -x, -y, -z neighbour respectively
[4, 30, 2, 0.952554, 0.336454, 0.786784, -0.517464]
[5, 29, 2, 0.827379, -0.332308, -0.873523, 0.35571]
[5, 30, 1, 0.926534, 0.303616, 0.832615, -0.463216]

 for item 5 32 2 0.863050 -0.351354 0.880612 -0.317919 
found for -x, -y, -z neighbour respectively
[4, 32, 2, 0.780805, 0.182053, -0.853223, 0.48874]
[5, 31, 2, 0.737269, -0.0117743, -0.895409, 0.445088]
[5, 32, 1, 0.408551, 0.650186, 0.757251, -0.0618749]

 for item 6 5 2 0.988461 0.747149 -0.019206 0.664379 
found for -x, -y, -z neighbour respectively
[5, 5, 2, 0.985661, 0.756549, -0.0668754, 0.650509]
[6, 4, 2, 0.550433, 0.753112, 0.00996664, 0.657817]
[6, 5, 1, 0.684958, -0.695307, -0.00961431, -0.718649]

 for item 6 6 2 0.834548 -0.927186 0.097802 -0.361608 
found for -x, -y, -z neighbour respectively
[5, 6, 2, 0.63136, 0.660395, -0.146739, 0.736442]
[6, 5, 2, 0.988461, 0.747149, -0.0192064, 0.664379]
[6, 6, 1, 0.920438, -0.908362, 0.116631, -0.401592]

 for item 6 7 2 0.988305 -0.956330 0.107900 -0.271645 
found for -x, -y, -z neighbour respectively
[5, 7, 2, 0.982217, -0.954334, 0.187518, -0.232558]
[6, 6, 2, 0.834548, -0.927186, 0.0978025, -0.361608]
[6, 7, 1, 0.980291, -0.97056, 0.116731, -0.210685]

 for item 6 8 2 0.868660 -0.905453 0.363007 -0.219955 
found for -x, -y, -z neighbour respectively
[5, 8, 2, 0.927304, -0.931097, 0.329941, -0.155553]
[6, 7, 2, 0.988305, -0.95633, 0.1079, -0.271645]
[6, 8, 1, 0.989796, -0.97671, 0.195887, -0.0875568]

 for item 6 13 2 0.821276 -0.867811 -0.219326 -0.445869 
found for -x, -y, -z neighbour respectively
[5, 13, 2, 0.170938, -0.138674, -0.092176, -0.986039]
[6, 12, 2, 0.393789, -0.984158, -0.1135, 0.136198]
[6, 13, 1, 0.282835, -0.778402, -0.627673, 0.0108281]

 for item 6 19 2 0.952733 -0.107731 -0.966869 -0.231426 
found for -x, -y, -z neighbour respectively
[5, 19, 2, 0.597137, 0.181932, 0.96988, 0.161965]
[6, 18, 2, 0.386581, 0.515874, -0.841805, -0.158865]
[6, 19, 1, 0.276152, -0.605688, 0.669711, 0.429684]

 for item 6 20 2 0.991782 0.124418 0.985964 0.111333 
found for -x, -y, -z neighbour respectively
[5, 20, 2, 0.400278, 0.508344, 0.340957, 0.790781]
[6, 19, 2, 0.952733, -0.107731, -0.966869, -0.231426]
[6, 20, 1, 0.675268, 0.52802, -0.142688, 0.837159]

 for item 7 3 2 0.872362 0.380410 0.807438 -0.450923 
found for -x, -y, -z neighbour respectively
[6, 3, 2, 0.389295, 0.858929, 0.510152, 0.0445677]
[7, 2, 2, 0.358521, 0.3786, 0.914144, -0.144926]
[7, 3, 1, 0.989874, 0.380003, 0.823172, -0.421883]

 for item 7 4 2 0.826672 0.425304 0.782976 -0.453944 
found for -x, -y, -z neighbour respectively
[6, 4, 2, 0.550433, 0.753112, 0.00996664, 0.657817]
[7, 3, 2, 0.872362, 0.38041, 0.807438, -0.450923]
[7, 4, 1, 0.844408, -0.438589, -0.749221, 0.496295]

 for item 7 5 2 0.834765 0.729295 -0.138179 0.670101 
found for -x, -y, -z neighbour respectively
[6, 5, 2, 0.988461, 0.747149, -0.0192064, 0.664379]
[7, 4, 2, 0.826672, 0.425304, 0.782976, -0.453944]
[7, 5, 1, 0.183432, 0.137094, 0.862174, -0.487711]

 for item 7 7 2 0.804665 -0.929364 0.205349 -0.306779 
found for -x, -y, -z neighbour respectively
[6, 7, 2, 0.988305, -0.95633, 0.1079, -0.271645]
[7, 6, 2, 0.61554, -0.975762, 0.0908412, -0.199087]
[7, 7, 1, 0.913311, -0.981753, 0.124916, -0.143375]

 for item 7 20 2 0.917490 0.145451 0.987105 0.066846 
found for -x, -y, -z neighbour respectively
[6, 20, 2, 0.991782, 0.124418, 0.985964, 0.111333]
[7, 19, 2, 0.436769, 0.049232, 0.951212, 0.304584]
[7, 20, 1, 0.514309, -0.0791898, -0.979589, -0.184755]

 for item 7 21 2 0.898906 -0.202694 -0.977420 -0.059704 
found for -x, -y, -z neighbour respectively
[6, 21, 2, 0.469457, -0.121932, -0.992123, 0.0287304]
[7, 20, 2, 0.91749, 0.145451, 0.987105, 0.0668462]
[7, 21, 1, 0.374565, 0.528241, 0.787643, -0.317142]

 for item 8 13 2 0.940295 0.452431 0.344407 -0.822612 
found for -x, -y, -z neighbour respectively
[7, 13, 2, 0.698306, -0.807744, -0.550007, -0.212233]
[8, 12, 2, 0.775986, -0.524447, 0.00293778, -0.851438]
[8, 13, 1, 0.747237, 0.250365, 0.408101, -0.877935]

 for item 8 16 2 0.970713 0.345050 0.933887 -0.093783 
found for -x, -y, -z neighbour respectively
[7, 16, 2, 0.684155, -0.186925, -0.975881, 0.112762]
[8, 15, 2, 0.653661, -0.473442, -0.878579, 0.0628567]
[8, 16, 1, 0.981497, -0.363474, -0.929883, 0.0566029]

 for item 8 17 2 0.988762 -0.282691 -0.957990 0.048381 
found for -x, -y, -z neighbour respectively
[7, 17, 2, 0.256217, 0.097382, -0.695268, 0.712123]
[8, 16, 2, 0.970713, 0.34505, 0.933887, -0.0937833]
[8, 17, 1, 0.768705, 0.345687, 0.935989, -0.066517]

 for item 8 18 2 0.825252 0.286041 0.956882 -0.050572 
found for -x, -y, -z neighbour respectively
[7, 18, 2, 0.431892, -0.439909, 0.055837, 0.896305]
[8, 17, 2, 0.988762, -0.282691, -0.95799, 0.0483812]
[8, 18, 1, 0.441447, 0.437966, 0.895124, -0.0833046]

 for item 8 26 2 0.980274 0.191519 0.039435 0.980696 
found for -x, -y, -z neighbour respectively
[7, 26, 2, 0.72205, 0.258132, 0.20423, 0.944277]
[8, 25, 2, 0.194059, 0.506097, 0.190039, 0.84128]
[8, 26, 1, 0.385419, 0.436985, 0.331083, 0.836318]

 for item 8 27 2 0.951902 -0.245169 -0.117401 -0.962346 
found for -x, -y, -z neighbour respectively
[7, 27, 2, 0.274288, -0.399414, 0.144549, -0.905303]
[8, 26, 2, 0.980274, 0.191519, 0.0394352, 0.980696]
[8, 27, 1, 0.249308, -0.0276098, -0.245494, -0.969005]

 for item 8 28 2 0.873120 0.793374 0.341126 0.504173 
found for -x, -y, -z neighbour respectively
[7, 28, 2, 0.428005, 0.743939, 0.409519, 0.528061]
[8, 27, 2, 0.951902, -0.245169, -0.117401, -0.962346]
[8, 28, 1, 0.54524, -0.0880303, -0.365679, -0.926569]

 for item 9 2 2 0.822171 0.771485 0.563519 0.295392 
found for -x, -y, -z neighbour respectively
[8, 2, 2, 0.224558, 0.591845, 0.730578, -0.340552]
[9, 1, 2, 0.676064, -0.597506, -0.776794, -0.198943]
[9, 2, 1, 0.43659, -0.0312235, 0.939059, 0.342335]

 for item 9 15 2 0.910697 -0.377239 -0.925949 0.017566 
found for -x, -y, -z neighbour respectively
[8, 15, 2, 0.653661, -0.473442, -0.878579, 0.0628567]
[9, 14, 2, 0.330655, 0.466924, 0.308791, -0.828632]
[9, 15, 1, 0.688901, -0.0544581, -0.980046, 0.191168]

 for item 9 16 2 0.990673 -0.334070 -0.941423 0.046034 
found for -x, -y, -z neighbour respectively
[8, 16, 2, 0.970713, 0.34505, 0.933887, -0.0937833]
[9, 15, 2, 0.910697, -0.377239, -0.925949, 0.0175656]
[9, 16, 1, 0.909322, 0.198742, 0.979329, -0.037642]

 for item 9 17 2 0.990512 -0.284667 -0.958495 0.015897 
found for -x, -y, -z neighbour respectively
[8, 17, 2, 0.988762, -0.282691, -0.95799, 0.0483812]
[9, 16, 2, 0.990673, -0.33407, -0.941423, 0.0460336]
[9, 17, 1, 0.98843, 0.338335, 0.941003, -0.0065909]

 for item 9 18 2 0.989976 -0.308422 -0.950865 0.027042 
found for -x, -y, -z neighbour respectively
[8, 18, 2, 0.825252, 0.286041, 0.956882, -0.050572]
[9, 17, 2, 0.990512, -0.284667, -0.958495, 0.0158974]
[9, 18, 1, 0.881192, 0.398282, 0.916022, -0.0476931]

 for item 9 19 2 0.853790 0.241589 0.965412 0.098054 
found for -x, -y, -z neighbour respectively
[8, 19, 2, 0.54975, -0.246738, -0.963668, -0.102299]
[9, 18, 2, 0.989976, -0.308422, -0.950865, 0.0270417]
[9, 19, 1, 0.189511, -0.999615, -0.00571569, 0.0271475]

 for item 9 26 2 0.849990 0.184119 0.054195 0.981409 
found for -x, -y, -z neighbour respectively
[8, 26, 2, 0.980274, 0.191519, 0.0394352, 0.980696]
[9, 25, 2, 0.445758, 0.172063, 0.106413, 0.979322]
[9, 26, 1, 0.193816, -0.874941, 0.028528, 0.483389]

 for item 10 12 2 0.820576 -0.874502 -0.166724 0.455466 
found for -x, -y, -z neighbour respectively
[9, 12, 2, 0.69026, -0.949356, -0.203325, 0.239545]
[10, 11, 2, 0.64179, -0.441143, 0.261864, 0.858382]
[10, 12, 1, 0.985759, -0.886048, -0.256697, 0.386039]

 for item 10 15 2 0.854530 -0.364773 -0.931063 -0.007868 
found for -x, -y, -z neighbour respectively
[9, 15, 2, 0.910697, -0.377239, -0.925949, 0.0175656]
[10, 14, 2, 0.58014, 0.527333, 0.849639, -0.0057954]
[10, 15, 1, 0.598876, -0.240568, 0.869277, -0.431838]

 for item 10 16 2 0.935425 0.303100 0.952880 0.012253 
found for -x, -y, -z neighbour respectively
[9, 16, 2, 0.990673, -0.33407, -0.941423, 0.0460336]
[10, 15, 2, 0.85453, -0.364773, -0.931063, -0.0078679]
[10, 16, 1, 0.705871, -0.00743841, -0.966426, 0.256837]

 for item 10 17 2 0.934057 0.292428 0.956268 0.006056 
found for -x, -y, -z neighbour respectively
[9, 17, 2, 0.990512, -0.284667, -0.958495, 0.0158974]
[10, 16, 2, 0.935425, 0.3031, 0.95288, 0.0122534]
[10, 17, 1, 0.797181, 0.333428, 0.941044, 0.0571197]

 for item 10 23 2 0.940309 -0.601330 0.695904 -0.392581 
found for -x, -y, -z neighbour respectively
[9, 23, 2, 0.595255, 0.284327, -0.791707, 0.540701]
[10, 22, 2, 0.412414, 0.718842, -0.482703, 0.500264]
[10, 23, 1, 0.858884, 0.667378, -0.656359, 0.35185]

 for item 10 26 2 0.836357 0.077833 0.173894 0.981684 
found for -x, -y, -z neighbour respectively
[9, 26, 2, 0.84999, 0.184119, 0.0541946, 0.981409]
[10, 25, 2, 0.388939, 0.212785, -0.267857, 0.939668]
[10, 26, 1, 0.282828, 0.0225419, 0.213574, 0.976667]

 for item 11 13 2 0.829673 0.759441 0.434630 -0.484094 
found for -x, -y, -z neighbour respectively
[10, 13, 2, 0.631344, -0.868567, -0.444867, 0.218369]
[11, 12, 2, 0.715894, -0.85634, -0.436876, 0.275357]
[11, 13, 1, 0.796908, -0.837417, -0.349246, 0.420427]

 for item 11 16 2 0.947730 -0.294566 -0.952131 -0.081712 
found for -x, -y, -z neighbour respectively
[10, 16, 2, 0.935425, 0.3031, 0.95288, 0.0122534]
[11, 15, 2, 0.215749, 0.172981, 0.899309, 0.401647]
[11, 16, 1, 0.37547, 0.141305, -0.827087, 0.544022]

 for item 11 17 2 0.900902 0.380407 0.918091 0.111355 
found for -x, -y, -z neighbour respectively
[10, 17, 2, 0.934057, 0.292428, 0.956268, 0.006056]
[11, 16, 2, 0.94773, -0.294566, -0.952131, -0.0817121]
[11, 17, 1, 0.26444, 0.186695, -0.959741, 0.209864]

 for item 11 19 2 0.802172 -0.820950 -0.454515 -0.345625 
found for -x, -y, -z neighbour respectively
[10, 19, 2, 0.528159, -0.290891, -0.937304, -0.191949]
[11, 18, 2, 0.682504, 0.738684, 0.662724, 0.123061]
[11, 19, 1, 0.495935, -0.836768, -0.379091, -0.395108]

 for item 12 7 2 0.945990 -0.514817 0.417447 -0.748801 
found for -x, -y, -z neighbour respectively
[11, 7, 2, 0.708958, -0.343357, -0.687099, -0.640314]
[12, 6, 2, 0.583041, 0.421871, -0.605373, 0.674943]
[12, 7, 1, 0.975655, -0.42404, 0.624549, -0.655842]

 for item 12 8 2 0.838391 0.738530 -0.408909 0.536066 
found for -x, -y, -z neighbour respectively
[11, 8, 2, 0.586128, 0.721132, -0.303638, 0.622714]
[12, 7, 2, 0.94599, -0.514817, 0.417447, -0.748801]
[12, 8, 1, 0.803095, 0.456474, -0.721436, 0.520732]

 for item 12 10 2 0.843233 -0.562522 0.126828 -0.816996 
found for -x, -y, -z neighbour respectively
[11, 10, 2, 0.508422, -0.186119, -0.850276, 0.492332]
[12, 9, 2, 0.596015, 0.759939, -0.18179, 0.624055]
[12, 10, 1, 0.19897, 0.778141, 0.531343, 0.33492]

 for item 12 16 2 0.880059 0.158320 -0.981714 0.105704 
found for -x, -y, -z neighbour respectively
[11, 16, 2, 0.94773, -0.294566, -0.952131, -0.0817121]
[12, 15, 2, 0.436043, -0.0300702, -0.987975, -0.151665]
[12, 16, 1, 0.736999, -0.829865, -0.091578, 0.550398]

 for item 12 32 2 0.884749 -0.978673 -0.173913 -0.109328 
found for -x, -y, -z neighbour respectively
[11, 32, 2, 0.177229, -0.377839, -0.34196, 0.860408]
[12, 31, 2, 0.575949, -0.944472, -0.174093, -0.278684]
[12, 32, 1, 0.413403, -0.940309, 0.253994, 0.22651]

 for item 13 1 2 0.970645 0.423395 -0.134799 -0.895861 
found for -x, -y, -z neighbour respectively
[12, 1, 2, 0.600351, 0.631951, -0.206703, -0.746935]
[13, 0, 2, 0.543838, 0.870097, -0.0970451, -0.483232]
[13, 1, 1, 0.988099, 0.481293, -0.0832311, -0.872599]

 for item 13 2 2 0.988707 -0.620233 0.209067 0.756043 
found for -x, -y, -z neighbour respectively
[12, 2, 2, 0.38648, -0.392884, 0.402488, 0.826828]
[13, 1, 2, 0.970645, 0.423395, -0.134799, -0.895861]
[13, 2, 1, 0.713021, 0.468821, -0.296724, -0.831962]

 for item 13 7 2 0.882709 0.647010 -0.517558 0.559922 
found for -x, -y, -z neighbour respectively
[12, 7, 2, 0.94599, -0.514817, 0.417447, -0.748801]
[13, 6, 2, 0.298694, 0.765021, 0.0913609, 0.637492]
[13, 7, 1, 0.853213, 0.361031, -0.793625, 0.489709]

 for item 13 9 2 0.867193 0.754303 0.028337 0.655915 
found for -x, -y, -z neighbour respectively
[12, 9, 2, 0.596015, 0.759939, -0.18179, 0.624055]
[13, 8, 2, 0.31716, -0.114247, 0.465378, -0.877708]
[13, 9, 1, 0.791501, 0.761644, 0.55199, 0.33942]

 for item 13 32 2 0.988288 -0.981466 -0.186806 -0.042763 
found for -x, -y, -z neighbour respectively
[12, 32, 2, 0.884749, -0.978673, -0.173913, -0.109328]
[13, 31, 2, 0.447327, -0.811511, -0.102395, -0.575295]
[13, 32, 1, 0.582578, -0.866715, 0.440392, 0.234223]

 for item 14 1 2 0.900551 0.503340 -0.230483 -0.832782 
found for -x, -y, -z neighbour respectively
[13, 1, 2, 0.970645, 0.423395, -0.134799, -0.895861]
[14, 0, 2, 0.545699, -0.866095, 0.0715545, 0.494732]
[14, 1, 1, 0.983006, -0.463054, 0.205027, 0.862291]

 for item 14 2 2 0.983149 -0.603799 0.280090 0.746308 
found for -x, -y, -z neighbour respectively
[13, 2, 2, 0.988707, -0.620233, 0.209067, 0.756043]
[14, 1, 2, 0.900551, 0.50334, -0.230483, -0.832782]
[14, 2, 1, 0.976123, -0.613708, 0.173199, 0.770302]

 for item 14 11 2 0.977460 0.747585 0.664137 -0.006263 
found for -x, -y, -z neighbour respectively
[13, 11, 2, 0.308319, -0.820758, -0.497995, -0.279925]
[14, 10, 2, 0.194826, 0.379191, 0.813114, 0.441655]
[14, 11, 1, 0.63375, 0.795811, 0.605536, -0.00337882]

 for item 14 12 2 0.978388 0.768517 0.634476 0.082598 
found for -x, -y, -z neighbour respectively
[13, 12, 2, 0.309649, -0.910907, -0.408658, 0.0569834]
[14, 11, 2, 0.97746, 0.747585, 0.664137, -0.00626313]
[14, 12, 1, 0.442685, 0.641608, 0.760858, 0.0971273]

 for item 14 29 2 0.829400 0.596136 -0.699900 -0.393397 
found for -x, -y, -z neighbour respectively
[13, 29, 2, 0.328884, -0.143035, 0.989603, 0.0150865]
[14, 28, 2, 0.492582, 0.647317, -0.467113, -0.602317]
[14, 29, 1, 0.722631, -0.63413, 0.619293, 0.462985]

 for item 15 2 2 0.820353 -0.575538 0.279473 0.768538 
found for -x, -y, -z neighbour respectively
[14, 2, 2, 0.983149, -0.603799, 0.28009, 0.746308]
[15, 1, 2, 0.780136, -0.518501, 0.264864, 0.813022]
[15, 2, 1, 0.319108, -0.940857, 0.176049, 0.289475]

 for item 15 7 2 0.919204 -0.518031 0.115211 -0.847567 
found for -x, -y, -z neighbour respectively
[14, 7, 2, 0.723006, 0.557168, 0.0155358, 0.830255]
[15, 6, 2, 0.349259, -0.30517, -0.806584, 0.506254]
[15, 7, 1, 0.397473, -0.19442, -0.720206, 0.665961]

 for item 15 15 2 0.809054 -0.955595 0.015821 -0.294259 
found for -x, -y, -z neighbour respectively
[14, 15, 2, 0.391288, 0.698998, 0.354814, 0.620894]
[15, 14, 2, 0.420146, -0.859376, 0.111027, -0.499145]
[15, 15, 1, 0.801921, -0.859735, 0.413222, -0.300172]

 for item 15 17 2 0.833129 -0.931825 0.189439 0.309539 
found for -x, -y, -z neighbour respectively
[14, 17, 2, 0.732678, -0.857631, 0.357939, 0.369255]
[15, 16, 2, 0.565339, -0.977426, 0.196134, 0.0785506]
[15, 17, 1, 0.312283, 0.919732, -0.180034, -0.348829]

 for item 15 21 2 0.807409 -0.452998 0.884139 0.114413 
found for -x, -y, -z neighbour respectively
[14, 21, 2, 0.688867, -0.223806, 0.727086, 0.649043]
[15, 20, 2, 0.548864, -0.339394, 0.936377, 0.0894944]
[15, 21, 1, 0.495657, 0.37752, -0.828044, 0.414514]

 for item 15 29 2 0.911357 -0.671334 0.487492 0.558266 
found for -x, -y, -z neighbour respectively
[14, 29, 2, 0.8294, 0.596136, -0.6999, -0.393397]
[15, 28, 2, 0.567236, -0.583119, -0.0175725, 0.812197]
[15, 29, 1, 0.985512, -0.59518, 0.562729, 0.57367]

 for item 15 30 2 0.989152 0.581223 -0.507878 -0.635799 
found for -x, -y, -z neighbour respectively
[14, 30, 2, 0.339427, 0.701375, -0.207731, -0.681851]
[15, 29, 2, 0.911357, -0.671334, 0.487492, 0.558266]
[15, 30, 1, 0.970563, -0.491713, 0.570091, 0.658191]

 for item 15 32 2 0.941934 -0.224280 0.494221 0.839907 
found for -x, -y, -z neighbour respectively
[14, 32, 2, 0.569044, 0.85476, 0.147048, -0.497758]
[15, 31, 2, 0.716671, -0.535993, 0.471539, 0.700259]
[15, 32, 1, 0.637334, 0.199658, -0.539999, -0.817641]

 for item 16 14 2 0.868727 -0.823571 0.144271 -0.548559 
found for -x, -y, -z neighbour respectively
[15, 14, 2, 0.420146, -0.859376, 0.111027, -0.499145]
[16, 13, 2, 0.430853, 0.124347, 0.894772, -0.42886]
[16, 14, 1, 0.447224, -0.74066, 0.526322, -0.417622]

 for item 16 15 2 0.947180 -0.975563 0.129187 -0.177729 
found for -x, -y, -z neighbour respectively
[15, 15, 2, 0.809054, -0.955595, 0.015821, -0.294259]
[16, 14, 2, 0.868727, -0.823571, 0.144271, -0.548559]
[16, 15, 1, 0.813096, -0.828469, 0.494745, -0.262424]

 for item 16 21 2 0.987316 0.427169 -0.904138 0.007843 
found for -x, -y, -z neighbour respectively
[15, 21, 2, 0.807409, -0.452998, 0.884139, 0.114413]
[16, 20, 2, 0.480095, 0.286479, -0.896218, 0.338708]
[16, 21, 1, 0.716305, -0.56533, 0.824374, -0.0284417]

 for item 16 22 2 0.873986 0.464170 -0.884009 0.055444 
found for -x, -y, -z neighbour respectively
[15, 22, 2, 0.298937, -0.715696, 0.697958, 0.0251734]
[16, 21, 2, 0.987316, 0.427169, -0.904138, 0.00784307]
[16, 22, 1, 0.622002, -0.59208, 0.800409, -0.0937412]

 for item 16 28 2 0.912300 0.807785 -0.310643 -0.500984 
found for -x, -y, -z neighbour respectively
[15, 28, 2, 0.567236, -0.583119, -0.0175725, 0.812197]
[16, 27, 2, 0.755999, -0.882062, 0.13752, 0.450616]
[16, 28, 1, 0.978387, 0.648175, -0.5164, -0.559643]

 for item 16 29 2 0.922881 -0.635275 0.387233 0.668189 
found for -x, -y, -z neighbour respectively
[15, 29, 2, 0.911357, -0.671334, 0.487492, 0.558266]
[16, 28, 2, 0.9123, 0.807785, -0.310643, -0.500984]
[16, 29, 1, 0.982056, -0.554664, 0.477845, 0.681184]

 for item 16 30 2 0.971934 -0.532700 0.337669 0.776023 
found for -x, -y, -z neighbour respectively
[15, 30, 2, 0.989152, 0.581223, -0.507878, -0.635799]
[16, 29, 2, 0.922881, -0.635275, 0.387233, 0.668189]
[16, 30, 1, 0.98658, 0.450168, -0.498727, -0.740689]

 for item 16 31 2 0.979185 0.336919 -0.286291 -0.896952 
found for -x, -y, -z neighbour respectively
[15, 31, 2, 0.716671, -0.535993, 0.471539, 0.700259]
[16, 30, 2, 0.971934, -0.5327, 0.337669, 0.776023]
[16, 31, 1, 0.431178, 0.374685, -0.441976, -0.815026]

 for item 16 32 2 0.863586 -0.282832 0.246033 0.927078 
found for -x, -y, -z neighbour respectively
[15, 32, 2, 0.941934, -0.22428, 0.494221, 0.839907]
[16, 31, 2, 0.979185, 0.336919, -0.286291, -0.896952]
[16, 32, 1, 0.580889, -0.986804, 0.109086, -0.119657]

 for item 17 8 2 0.973456 0.280262 0.847835 0.450143 
found for -x, -y, -z neighbour respectively
[16, 8, 2, 0.396615, -0.248094, 0.950674, -0.186195]
[17, 7, 2, 0.468452, -0.0738228, -0.976603, -0.201982]
[17, 8, 1, 0.961883, -0.406379, -0.810078, -0.422646]

 for item 17 19 2 0.916953 0.554406 -0.832157 -0.012185 
found for -x, -y, -z neighbour respectively
[16, 19, 2, 0.475928, -0.329238, 0.789726, -0.517625]
[17, 18, 2, 0.240772, -0.78913, -0.458188, -0.40907]
[17, 19, 1, 0.438826, 0.713724, -0.698345, 0.0539718]

 for item 17 20 2 0.985069 0.447367 -0.883701 0.137606 
found for -x, -y, -z neighbour respectively
[16, 20, 2, 0.480095, 0.286479, -0.896218, 0.338708]
[17, 19, 2, 0.916953, 0.554406, -0.832157, -0.0121846]
[17, 20, 1, 0.700195, 0.509015, -0.851716, 0.12443]

 for item 17 21 2 0.986575 -0.467973 0.878167 -0.099118 
found for -x, -y, -z neighbour respectively
[16, 21, 2, 0.987316, 0.427169, -0.904138, 0.00784307]
[17, 20, 2, 0.985069, 0.447367, -0.883701, 0.137606]
[17, 21, 1, 0.992773, 0.559334, -0.821985, 0.107172]

 for item 17 22 2 0.965009 -0.479824 0.863581 -0.154906 
found for -x, -y, -z neighbour respectively
[16, 22, 2, 0.873986, 0.46417, -0.884009, 0.0554439]
[17, 21, 2, 0.986575, -0.467973, 0.878167, -0.0991182]
[17, 22, 1, 0.929376, 0.534579, -0.830611, 0.155921]

 for item 17 25 2 0.847380 -0.946204 0.184253 0.265986 
found for -x, -y, -z neighbour respectively
[16, 25, 2, 0.323121, -0.949821, 0.248227, 0.190322]
[17, 24, 2, 0.393856, -0.948655, 0.116017, -0.294269]
[17, 25, 1, 0.789874, -0.191086, 0.830234, 0.523638]

 for item 17 26 2 0.892639 -0.956475 0.194171 0.217837 
found for -x, -y, -z neighbour respectively
[16, 26, 2, 0.475969, 0.00243729, -0.136504, 0.990637]
[17, 25, 2, 0.84738, -0.946204, 0.184253, 0.265986]
[17, 26, 1, 0.686944, -0.663277, 0.523389, 0.534908]

 for item 17 27 2 0.970223 -0.852608 0.255548 0.455802 
found for -x, -y, -z neighbour respectively
[16, 27, 2, 0.755999, -0.882062, 0.13752, 0.450616]
[17, 26, 2, 0.892639, -0.956475, 0.194171, 0.217837]
[17, 27, 1, 0.98448, 0.773601, -0.425727, -0.469359]

 for item 17 29 2 0.941065 0.531178 -0.465174 -0.708141 
found for -x, -y, -z neighbour respectively
[16, 29, 2, 0.922881, -0.635275, 0.387233, 0.668189]
[17, 28, 2, 0.748327, 0.712926, -0.388892, -0.583523]
[17, 29, 1, 0.987664, -0.557855, 0.427999, 0.711066]

 for item 18 10 2 0.908655 0.781567 -0.484366 -0.393119 
found for -x, -y, -z neighbour respectively
[17, 10, 2, 0.426119, 0.740676, -0.533588, -0.408268]
[18, 9, 2, 0.379347, 0.774627, -0.565359, -0.283414]
[18, 10, 1, 0.349134, 0.41248, -0.851915, -0.322646]

 for item 18 19 2 0.889221 0.559301 -0.806622 0.191161 
found for -x, -y, -z neighbour respectively
[17, 19, 2, 0.916953, 0.554406, -0.832157, -0.0121846]
[18, 18, 2, 0.396342, 0.784984, -0.546414, 0.291946]
[18, 19, 1, 0.985124, -0.661972, 0.73381, -0.152698]

 for item 18 20 2 0.988053 0.520144 -0.829191 0.204675 
found for -x, -y, -z neighbour respectively
[17, 20, 2, 0.985069, 0.447367, -0.883701, 0.137606]
[18, 19, 2, 0.889221, 0.559301, -0.806622, 0.191161]
[18, 20, 1, 0.8469, -0.604685, 0.758181, -0.243965]

 for item 18 22 2 0.890631 -0.445017 0.880649 -0.162532 
found for -x, -y, -z neighbour respectively
[17, 22, 2, 0.965009, -0.479824, 0.863581, -0.154906]
[18, 21, 2, 0.725418, -0.445652, 0.870735, -0.207882]
[18, 22, 1, 0.245317, -0.762596, 0.638594, -0.10317]

 for item 18 26 2 0.929773 -0.933026 0.182892 0.309861 
found for -x, -y, -z neighbour respectively
[17, 26, 2, 0.892639, -0.956475, 0.194171, 0.217837]
[18, 25, 2, 0.726963, -0.860401, 0.415499, 0.295077]
[18, 26, 1, 0.339624, -0.988884, -0.0773136, 0.127006]

 for item 18 27 2 0.916142 -0.855388 0.226028 0.466072 
found for -x, -y, -z neighbour respectively
[17, 27, 2, 0.970223, -0.852608, 0.255548, 0.455802]
[18, 26, 2, 0.929773, -0.933026, 0.182892, 0.309861]
[18, 27, 1, 0.687385, -0.801564, 0.211105, 0.559402]

 for item 18 31 2 0.881834 -0.305972 -0.800638 0.515130 
found for -x, -y, -z neighbour respectively
[17, 31, 2, 0.693675, 0.411077, 0.0287528, -0.911147]
[18, 30, 2, 0.325691, -0.320979, 0.781629, 0.534817]
[18, 31, 1, 0.577484, 0.487913, 0.43381, -0.757463]

 for item 19 7 2 0.819544 -0.957194 0.285302 0.048803 
found for -x, -y, -z neighbour respectively
[18, 7, 2, 0.586278, -0.956848, -0.0211277, -0.28982]
[19, 6, 2, 0.301299, -0.106393, 0.0670713, -0.992059]
[19, 7, 1, 0.379028, -0.0118269, -0.651558, -0.758507]

 for item 19 8 2 0.964898 -0.932694 0.312960 -0.179272 
found for -x, -y, -z neighbour respectively
[18, 8, 2, 0.373088, -0.707771, -0.352139, -0.61242]
[19, 7, 2, 0.819544, -0.957194, 0.285302, 0.0488031]
[19, 8, 1, 0.481572, 0.612349, -0.765979, -0.195718]

 for item 19 30 2 0.938330 0.345357 0.818755 0.458660 
found for -x, -y, -z neighbour respectively
[18, 30, 2, 0.325691, -0.320979, 0.781629, 0.534817]
[19, 29, 2, 0.583765, -0.392447, -0.794523, -0.463377]
[19, 30, 1, 0.569774, 0.407629, -0.691225, -0.596697]

 for item 20 9 2 0.882989 0.101104 0.859702 -0.500690 
found for -x, -y, -z neighbour respectively
[19, 9, 2, 0.372639, -0.888025, 0.431236, 0.159523]
[20, 8, 2, 0.345862, -0.951726, 0.300946, 0.0604008]
[20, 9, 1, 0.728879, 0.0450517, -0.783403, 0.619879]

 for item 20 11 2 0.946580 0.315529 -0.108746 -0.942664 
found for -x, -y, -z neighbour respectively
[19, 11, 2, 0.59568, 0.434146, -0.195077, -0.879467]
[20, 10, 2, 0.237295, -0.0514523, 0.952567, -0.299947]
[20, 11, 1, 0.791495, 0.120841, -0.178546, -0.976483]

 for item 20 12 2 0.982795 -0.251956 0.090865 0.963463 
found for -x, -y, -z neighbour respectively
[19, 12, 2, 0.600632, 0.169883, -0.19943, -0.965074]
[20, 11, 2, 0.94658, 0.315529, -0.108746, -0.942664]
[20, 12, 1, 0.965673, -0.112581, 0.216777, 0.969708]

 for item 20 13 2 0.984653 -0.143254 0.128772 0.981273 
found for -x, -y, -z neighbour respectively
[19, 13, 2, 0.654483, -0.0124645, 0.545345, 0.838119]
[20, 12, 2, 0.982795, -0.251956, 0.0908652, 0.963463]
[20, 13, 1, 0.968894, 0.0399538, -0.183142, -0.982274]

 for item 20 14 2 0.850510 -0.040233 0.170408 0.984552 
found for -x, -y, -z neighbour respectively
[19, 14, 2, 0.219949, -0.0122802, 0.338065, 0.941043]
[20, 13, 2, 0.984653, -0.143254, 0.128772, 0.981273]
[20, 14, 1, 0.98459, -0.013762, -0.0802382, -0.996681]

 for item 20 22 2 0.825489 0.783218 -0.195846 -0.590096 
found for -x, -y, -z neighbour respectively
[19, 22, 2, 0.315044, -0.551025, 0.833983, 0.0290596]
[20, 21, 2, 0.499853, -0.751923, 0.440199, 0.490751]
[20, 22, 1, 0.968452, 0.797114, -0.18858, -0.573627]

 for item 20 23 2 0.833602 0.024666 -0.303986 0.952357 
found for -x, -y, -z neighbour respectively
[19, 23, 2, 0.282242, -0.363853, 0.443597, -0.819044]
[20, 22, 2, 0.825489, 0.783218, -0.195846, -0.590096]
[20, 23, 1, 0.641262, -0.935319, 0.0689955, 0.347014]

 for item 21 4 2 0.868577 -0.692387 -0.172589 -0.700580 
found for -x, -y, -z neighbour respectively
[20, 4, 2, 0.363499, 0.770944, -0.614304, 0.168153]
[21, 3, 2, 0.378088, 0.345717, 0.10531, -0.932411]
[21, 4, 1, 0.262493, 0.386443, 0.738629, 0.552349]

 for item 21 5 2 0.876001 0.323831 0.114507 0.939160 
found for -x, -y, -z neighbour respectively
[20, 5, 2, 0.682881, 0.34367, -0.0608882, 0.937115]
[21, 4, 2, 0.868577, -0.692387, -0.172589, -0.70058]
[21, 5, 1, 0.405204, 0.218873, 0.164081, 0.961859]

 for item 21 9 2 0.968393 0.090619 -0.634272 0.767781 
found for -x, -y, -z neighbour respectively
[20, 9, 2, 0.882989, 0.101104, 0.859702, -0.50069]
[21, 8, 2, 0.428707, 0.32345, -0.878882, 0.350636]
[21, 9, 1, 0.986423, -0.150355, 0.65947, -0.736541]

 for item 21 11 2 0.827597 0.129900 -0.141877 -0.981324 
found for -x, -y, -z neighbour respectively
[20, 11, 2, 0.94658, 0.315529, -0.108746, -0.942664]
[21, 10, 2, 0.428489, 0.470988, 0.41268, -0.779657]
[21, 11, 1, 0.935818, -0.0234923, 0.076847, 0.996766]

 for item 21 12 2 0.991000 0.168495 -0.065865 -0.983499 
found for -x, -y, -z neighbour respectively
[20, 12, 2, 0.982795, -0.251956, 0.0908652, 0.963463]
[21, 11, 2, 0.827597, 0.1299, -0.141877, -0.981324]
[21, 12, 1, 0.987309, 0.107164, -0.115277, -0.987536]

 for item 21 13 2 0.905938 -0.043404 0.060177 0.997244 
found for -x, -y, -z neighbour respectively
[20, 13, 2, 0.984653, -0.143254, 0.128772, 0.981273]
[21, 12, 2, 0.991, 0.168495, -0.065865, -0.983499]
[21, 13, 1, 0.984325, -0.0237721, 0.119268, 0.992577]

 for item 21 23 2 0.913497 -0.263114 0.410632 0.873013 
found for -x, -y, -z neighbour respectively
[20, 23, 2, 0.833602, 0.0246662, -0.303986, 0.952357]
[21, 22, 2, 0.562798, -0.814265, 0.523281, 0.251295]
[21, 23, 1, 0.545088, -0.808735, 0.0126105, 0.588038]

 for item 22 11 2 0.914401 0.102945 -0.147043 -0.983758 
found for -x, -y, -z neighbour respectively
[21, 11, 2, 0.827597, 0.1299, -0.141877, -0.981324]
[22, 10, 2, 0.495886, 0.3574, -0.0854455, 0.930035]
[22, 11, 1, 0.539062, -0.102502, -0.394762, -0.913048]

 for item 22 12 2 0.864645 0.119162 -0.114631 -0.986235 
found for -x, -y, -z neighbour respectively
[21, 12, 2, 0.991, 0.168495, -0.065865, -0.983499]
[22, 11, 2, 0.914401, 0.102945, -0.147043, -0.983758]
[22, 12, 1, 0.948814, 0.0612337, -0.105883, -0.992491]

 for item 22 30 2 0.905143 -0.870763 0.431099 0.236485 
found for -x, -y, -z neighbour respectively
[21, 30, 2, 0.329673, 0.994048, -0.03101, 0.104432]
[22, 29, 2, 0.552502, -0.86877, 0.476136, 0.136137]
[22, 30, 1, 0.972312, -0.826841, 0.492995, 0.270721]

 for item 23 2 2 0.911181 0.618252 0.184006 0.764138 
found for -x, -y, -z neighbour respectively
[22, 2, 2, 0.558085, 0.0772905, -0.350184, 0.933487]
[23, 1, 2, 0.604033, -0.528449, -0.731385, 0.431066]
[23, 2, 1, 0.472467, -0.282475, 0.358719, -0.889679]

 for item 23 3 2 0.889884 0.573462 0.050912 0.817649 
found for -x, -y, -z neighbour respectively
[22, 3, 2, 0.553587, 0.384756, -0.307452, 0.870308]
[23, 2, 2, 0.911181, 0.618252, 0.184006, 0.764138]
[23, 3, 1, 0.300653, -0.558954, 0.260121, -0.787342]

 for item 23 14 2 0.972978 -0.205514 -0.919833 -0.334172 
found for -x, -y, -z neighbour respectively
[22, 14, 2, 0.785688, 0.0989659, 0.995035, 0.0105071]
[23, 13, 2, 0.457123, 0.189232, -0.878787, -0.438092]
[23, 14, 1, 0.987707, -0.279498, -0.879498, -0.385181]

 for item 23 15 2 0.976172 -0.192550 -0.950482 -0.243943 
found for -x, -y, -z neighbour respectively
[22, 15, 2, 0.412338, -0.35625, -0.174168, 0.918015]
[23, 14, 2, 0.972978, -0.205514, -0.919833, -0.334172]
[23, 15, 1, 0.9806, 0.301702, 0.925863, 0.227493]

 for item 23 30 2 0.927332 0.796443 -0.566241 -0.212249 
found for -x, -y, -z neighbour respectively
[22, 30, 2, 0.905143, -0.870763, 0.431099, 0.236485]
[23, 29, 2, 0.524201, -0.498868, 0.812725, 0.301012]
[23, 30, 1, 0.972772, 0.776727, -0.508274, -0.371958]

 for item 23 32 2 0.812287 0.244697 0.787849 0.565171 
found for -x, -y, -z neighbour respectively
[22, 32, 2, 0.610934, 0.211546, 0.721943, 0.658822]
[23, 31, 2, 0.398094, -0.620883, 0.713087, 0.325593]
[23, 32, 1, 0.553798, -0.181835, 0.967023, 0.178334]

 for item 24 2 2 0.873508 0.570659 0.046093 0.819892 
found for -x, -y, -z neighbour respectively
[23, 2, 2, 0.911181, 0.618252, 0.184006, 0.764138]
[24, 1, 2, 0.663924, -0.632331, -0.0972664, -0.768568]
[24, 2, 1, 0.540513, 0.375449, -0.0168507, 0.92669]

 for item 24 3 2 0.962294 -0.617254 -0.027778 -0.786273 
found for -x, -y, -z neighbour respectively
[23, 3, 2, 0.889884, 0.573462, 0.0509115, 0.817649]
[24, 2, 2, 0.873508, 0.570659, 0.0460929, 0.819892]
[24, 3, 1, 0.792499, -0.580969, -0.00998223, -0.813864]

 for item 24 11 2 0.866517 0.650038 0.756028 0.076625 
found for -x, -y, -z neighbour respectively
[23, 11, 2, 0.628219, -0.0717746, 0.268091, 0.960716]
[24, 10, 2, 0.494581, 0.305699, 0.858823, -0.411061]
[24, 11, 1, 0.679501, -0.000301057, 0.826652, 0.562714]

 for item 25 2 2 0.916099 0.601818 -0.126357 0.788574 
found for -x, -y, -z neighbour respectively
[24, 2, 2, 0.873508, 0.570659, 0.0460929, 0.819892]
[25, 1, 2, 0.751879, -0.651091, -0.0829427, -0.754454]
[25, 2, 1, 0.811803, -0.543235, 0.319923, -0.776238]

 for item 25 3 2 0.967322 0.725454 -0.209340 0.655662 
found for -x, -y, -z neighbour respectively
[24, 3, 2, 0.962294, -0.617254, -0.0277779, -0.786273]
[25, 2, 2, 0.916099, 0.601818, -0.126357, 0.788574]
[25, 3, 1, 0.525088, -0.791878, 0.212168, -0.572638]

 for item 25 9 2 0.945812 0.607346 -0.410708 0.680037 
found for -x, -y, -z neighbour respectively
[24, 9, 2, 0.782313, -0.58023, 0.258508, -0.772338]
[25, 8, 2, 0.181489, -0.541174, 0.834787, -0.101296]
[25, 9, 1, 0.568034, -0.652382, -0.19793, 0.731589]

 for item 25 19 2 0.826797 -0.203126 0.971362 -0.123274 
found for -x, -y, -z neighbour respectively
[24, 19, 2, 0.557913, 0.230443, 0.850957, 0.471983]
[25, 18, 2, 0.774649, -0.0371217, 0.786113, 0.616967]
[25, 19, 1, 0.404434, 0.74875, 0.395522, 0.531917]

 for item 25 22 2 0.821972 0.446795 0.894636 0.000827 
found for -x, -y, -z neighbour respectively
[24, 22, 2, 0.52556, -0.674962, -0.40422, -0.617279]
[25, 21, 2, 0.255789, 0.912489, -0.328982, -0.243175]
[25, 22, 1, 0.651047, 0.458397, 0.874127, -0.160541]

 for item 25 23 2 0.891254 -0.573454 -0.818369 0.037713 
found for -x, -y, -z neighbour respectively
[24, 23, 2, 0.484364, 0.445363, 0.892805, 0.0674646]
[25, 22, 2, 0.821972, 0.446795, 0.894636, 0.00082713]
[25, 23, 1, 0.974944, -0.548115, -0.8333, 0.0719766]

 for item 26 2 2 0.888238 -0.665605 0.361509 -0.652902 
found for -x, -y, -z neighbour respectively
[25, 2, 2, 0.916099, 0.601818, -0.126357, 0.788574]
[26, 1, 2, 0.564396, 0.666352, -0.233247, -0.708217]
[26, 2, 1, 0.394062, 0.563957, -0.596013, -0.571595]

 for item 26 4 2 0.854838 0.541535 0.084406 0.836430 
found for -x, -y, -z neighbour respectively
[25, 4, 2, 0.782196, -0.345621, 0.409896, -0.844116]
[26, 3, 2, 0.521759, 0.648469, -0.469408, 0.599286]
[26, 4, 1, 0.786663, 0.609554, 0.14671, 0.779051]

 for item 26 5 2 0.858338 0.630447 -0.067347 0.773306 
found for -x, -y, -z neighbour respectively
[25, 5, 2, 0.554131, -0.384939, -0.339478, -0.85824]
[26, 4, 2, 0.854838, 0.541535, 0.0844057, 0.83643]
[26, 5, 1, 0.24774, -0.184961, 0.872858, 0.451562]

 for item 26 13 2 0.973128 0.215914 -0.747040 0.628738 
found for -x, -y, -z neighbour respectively
[25, 13, 2, 0.201419, -0.383572, 0.858435, -0.340532]
[26, 12, 2, 0.318184, -0.166732, -0.966737, 0.193959]
[26, 13, 1, 0.601463, 0.167761, -0.610901, 0.773729]

 for item 26 23 2 0.985696 -0.580076 -0.809335 0.092130 
found for -x, -y, -z neighbour respectively
[25, 23, 2, 0.891254, -0.573454, -0.818369, 0.0377126]
[26, 22, 2, 0.302393, 0.278915, 0.952204, -0.124556]
[26, 23, 1, 0.989252, 0.540624, 0.83809, -0.0730122]

 for item 26 24 2 0.983904 -0.566523 -0.820820 0.072835 
found for -x, -y, -z neighbour respectively
[25, 24, 2, 0.702378, -0.551837, -0.822691, -0.136583]
[26, 23, 2, 0.985696, -0.580076, -0.809335, 0.09213]
[26, 24, 1, 0.713506, 0.721767, 0.643153, -0.255748]

 for item 27 0 2 0.870600 -0.913886 0.055033 0.402224 
found for -x, -y, -z neighbour respectively
[26, 0, 2, 0.489971, -0.946726, 0.157618, 0.280832]
[27, 32, 2, 0.605814, -0.880822, -0.289235, 0.374828]
[27, 0, 1, 0.665097, -0.870144, 0.294046, 0.395457]

 for item 28 0 2 0.993860 0.815130 0.453736 -0.360120 
found for -x, -y, -z neighbour respectively
[27, 0, 2, 0.8706, -0.913886, 0.055033, 0.402224]
[28, 32, 2, 0.519693, 0.706159, 0.111994, -0.69914]
[28, 0, 1, 0.841539, -0.843939, 0.180135, 0.50529]

 for item 28 4 2 0.997364 -0.921885 -0.236371 0.307014 
found for -x, -y, -z neighbour respectively
[27, 4, 2, 0.439483, 0.475895, 0.66829, 0.571763]
[28, 3, 2, 0.425241, -0.901378, -0.377765, 0.211685]
[28, 4, 1, 0.288964, 0.0845138, -0.663143, 0.743706]

 for item 28 5 2 0.853946 -0.440061 0.529749 0.725060 
found for -x, -y, -z neighbour respectively
[27, 5, 2, 0.346825, -0.214039, -0.812031, -0.542949]
[28, 4, 2, 0.997364, -0.921885, -0.236371, 0.307014]
[28, 5, 1, 0.41674, -0.0668941, 0.521207, 0.850805]

 for item 28 20 2 0.910885 -0.589827 0.805566 0.056279 
found for -x, -y, -z neighbour respectively
[27, 20, 2, 0.201242, 0.573888, -0.756171, -0.314418]
[28, 19, 2, 0.720931, -0.664424, 0.742258, -0.0871454]
[28, 20, 1, 0.947526, 0.535485, -0.834419, -0.130384]

 for item 28 22 2 0.891617 0.722270 -0.600501 -0.343110 
found for -x, -y, -z neighbour respectively
[27, 22, 2, 0.439042, -0.968268, 0.0558077, 0.243603]
[28, 21, 2, 0.779817, 0.707657, -0.666185, -0.235412]
[28, 22, 1, 0.279797, -0.941333, -0.337398, 0.00737242]

 for item 28 26 2 0.941179 -0.322704 0.714625 -0.620624 
found for -x, -y, -z neighbour respectively
[27, 26, 2, 0.515956, -0.0510098, -0.612191, 0.789063]
[28, 25, 2, 0.723587, -0.631868, 0.727942, -0.266164]
[28, 26, 1, 0.737205, 0.691763, -0.0864035, 0.716937]

 for item 29 16 2 0.816323 -0.982134 0.177315 -0.063019 
found for -x, -y, -z neighbour respectively
[28, 16, 2, 0.294098, -0.239674, -0.970842, -0.00472523]
[29, 15, 2, 0.423001, 0.711112, 0.176712, -0.680509]
[29, 16, 1, 0.429845, 0.111198, -0.413769, 0.903565]

 for item 29 20 2 0.992673 0.640035 -0.749181 -0.170540 
found for -x, -y, -z neighbour respectively
[28, 20, 2, 0.910885, -0.589827, 0.805566, 0.0562786]
[29, 19, 2, 0.583478, 0.600862, -0.770637, -0.212327]
[29, 20, 1, 0.875019, -0.47436, 0.85175, 0.222495]

 for item 29 23 2 0.987409 0.642466 -0.668434 -0.374745 
found for -x, -y, -z neighbour respectively
[28, 23, 2, 0.703614, -0.845876, 0.435963, 0.307294]
[29, 22, 2, 0, 0, 0, 0]
[29, 23, 1, 0.669251, -0.0242396, 0.636295, 0.771065]

 for item 29 27 2 0.802426 0.275186 0.274968 -0.921230 
found for -x, -y, -z neighbour respectively
[28, 27, 2, 0.432086, -0.139213, 0.798299, 0.585952]
[29, 26, 2, 0.348189, -0.768926, -0.413119, 0.48794]
[29, 27, 1, 0.349268, 0.315875, -0.271845, -0.909023]

 for item 30 1 2 0.881734 -0.258433 0.809127 0.527756 
found for -x, -y, -z neighbour respectively
[29, 1, 2, 0.436022, -0.572165, -0.539827, 0.617426]
[30, 0, 2, 0.222648, 0.656536, -0.195634, -0.728483]
[30, 1, 1, 0.602982, 0.489698, -0.685492, -0.538792]

 for item 30 14 2 0.860135 -0.607536 -0.493299 -0.622541 
found for -x, -y, -z neighbour respectively
[29, 14, 2, 0.623384, -0.0771771, -0.942135, 0.326228]
[30, 13, 2, 0.559107, 0.55852, 0.534288, 0.634501]
[30, 14, 1, 0.49273, 0.227343, 0.576431, 0.784884]

 for item 30 15 2 0.981447 -0.993186 -0.115933 -0.011906 
found for -x, -y, -z neighbour respectively
[29, 15, 2, 0.423001, 0.711112, 0.176712, -0.680509]
[30, 14, 2, 0.860135, -0.607536, -0.493299, -0.622541]
[30, 15, 1, 0.457227, -0.968451, 0.127348, -0.214207]

 for item 30 20 2 0.995763 0.641153 -0.732006 -0.230413 
found for -x, -y, -z neighbour respectively
[29, 20, 2, 0.992673, 0.640035, -0.749181, -0.17054]
[30, 19, 2, 0.419401, 0.436665, -0.122052, 0.891307]
[30, 20, 1, 0.998981, -0.516955, 0.831973, 0.201441]

 for item 30 21 2 0.991143 0.657936 -0.684890 -0.313122 
found for -x, -y, -z neighbour respectively
[29, 21, 2, 0.792877, 0.483025, -0.752487, -0.447717]
[30, 20, 2, 0.995763, 0.641153, -0.732006, -0.230413]
[30, 21, 1, 0.991422, -0.533633, 0.797767, 0.280721]

 for item 30 22 2 0.992933 0.619212 -0.707889 -0.339807 
found for -x, -y, -z neighbour respectively
[29, 22, 2, 0, 0, 0, 0]
[30, 21, 2, 0.991143, 0.657936, -0.68489, -0.313122]
[30, 22, 1, 0.60129, 0.269014, -0.944434, 0.188879]

 for item 30 23 2 0.931348 0.667496 -0.720903 -0.186405 
found for -x, -y, -z neighbour respectively
[29, 23, 2, 0.987409, 0.642466, -0.668434, -0.374745]
[30, 22, 2, 0.992933, 0.619212, -0.707889, -0.339807]
[30, 23, 1, 0.550961, 0.514269, -0.8412, -0.167064]

 for item 31 1 2 0.938296 0.221169 -0.765883 -0.603745 
found for -x, -y, -z neighbour respectively
[30, 1, 2, 0.881734, -0.258433, 0.809127, 0.527756]
[31, 0, 2, 0.151245, 0.560066, -0.643209, -0.52212]
[31, 1, 1, 0.988453, -0.232831, 0.66466, 0.709941]

 for item 31 2 2 0.915136 0.618199 -0.419859 -0.664491 
found for -x, -y, -z neighbour respectively
[30, 2, 2, 0.549439, -0.106063, 0.877538, 0.46763]
[31, 1, 2, 0.938296, 0.221169, -0.765883, -0.603745]
[31, 2, 1, 0.762544, -0.352622, 0.932962, 0.072382]

 for item 31 8 2 0.874954 -0.575004 0.193461 0.794949 
found for -x, -y, -z neighbour respectively
[30, 8, 2, 0.212013, -0.948685, 0.180885, 0.259379]
[31, 7, 2, 0.391708, -0.482841, -0.122179, -0.867143]
[31, 8, 1, 0.865829, 0.127773, 0.643706, 0.754531]

 for item 31 15 2 1.000000 -0.040519 0.610105 -0.791284 
found for -x, -y, -z neighbour respectively
[30, 15, 2, 0.981447, -0.993186, -0.115933, -0.0119061]
[31, 14, 2, 0.279088, 0.608758, -0.122678, -0.783814]
[31, 15, 1, 0.40614, -0.60121, -0.223146, -0.767302]

 for item 31 20 2 0.966560 0.688522 -0.677130 -0.259677 
found for -x, -y, -z neighbour respectively
[30, 20, 2, 0.995763, 0.641153, -0.732006, -0.230413]
[31, 19, 2, 0.714011, -0.528723, 0.79459, 0.29846]
[31, 20, 1, 0.994821, 0.618297, -0.712861, -0.330966]

 for item 31 21 2 0.993014 0.586469 -0.721455 -0.368180 
found for -x, -y, -z neighbour respectively
[30, 21, 2, 0.991143, 0.657936, -0.68489, -0.313122]
[31, 20, 2, 0.96656, 0.688522, -0.67713, -0.259677]
[31, 21, 1, 0.997053, -0.538671, 0.732439, 0.416374]

 for item 31 31 2 0.806870 0.525914 0.536425 0.660047 
found for -x, -y, -z neighbour respectively
[30, 31, 2, 0.216639, 0.531492, 0.0911542, 0.842144]
[31, 30, 2, 0.513423, -0.14895, -0.585853, -0.796612]
[31, 31, 1, 0.584668, -0.361853, 0.739236, -0.567972]
