25.1510043026045
12.1645211116899
24.1507720308711
18.5887700971585
5.54044788889453
11.8248508087427
14.4039583026896
25.9368426956120
13.1969454858676
27.8963154842767
11.7687172885773
21.5611354112076
21.4831085300646
18.0312187557508
23.4302424364494
16.5595286709669
17.4226875258087
24.4357138690566
21.2566264474748
17.2846633095987
12.1155174318860
9.99954578352676
26.1749869543696
20.6213001598044
19.1783570664671
16.3555249505878
15.9327663567591
23.5629989299288
14.1543728399528
20.2210889998457
24.8641930114365
22.1295473464849
24.7991995368773
29.3941574133150
17.5115772317726
22.8402441679721
29.7179184636502
14.6094858696171
17.5580339566342
22.6330138742726
18.4382549410487
7.41009950516125
13.4046298857305
20.5085551539303
17.8969862024578
18.9206269097804
19.3953231826416
16.4431034456537
20.3446690884801
11.9281081000011
19.7091508594141
20.2139843305181
14.1242198571964
20.2851696222124
18.6459328534087
15.2170988322669
19.9146786914931
18.8762738712386
16.0208356302478
22.8583894244488
21.6606842820961
21.9747372424519
25.4003837683083
22.6105910236080
18.6558965636952
29.5509273688168
28.2837507910756
23.8760231229766
23.1779325692891
16.7152231510211
16.4884656789583
19.8982822606133
26.8558954842154
15.9203404604558
20.0561522072589
11.3173042568953
19.9342631096388
13.9696052711875
22.9458763277955
28.5047758218447
23.6081515728758
9.50974058882592
12.7477525171329
22.7150298876982
26.7368190653982
12.0783180665338
15.7406423710721
17.6834467296224
17.5868616274522
24.8549757930676
7.70090214448473
25.1928653222069
12.8579868579826
9.51531260634671
17.0027360599234
26.9577226688163
25.7327372616541
18.0532343480764
20.4605761912618
24.8652307516279
13.4968147444270
15.9359466632342
13.1182801653346
19.3456895339941
24.6496748785692
13.2256875543733
18.1484700459780
16.4934251392002
13.9623214760853
22.5546198187244
18.3797979055464
24.2861015989843
22.5758603330931
15.4539022308326
21.1797806727488
26.2404618890894
22.5569047624683
22.2324471572991
20.1975371101568
14.4278186270401
19.6482997278110
9.02108013129171
25.8130111197827
18.1240843166024
21.6866996195714
18.3269360452247
12.3409034753138
19.0356561814804
20.1255997038956
17.2589557860631
22.2238644882043
22.4677913869722
18.6296714356145
18.0247506141835
20.5686807565882
21.3016693499432
2.99761925682699
15.6188280548138
23.2489849854793
18.4997822042813
18.1393933994813
13.6530320274407
18.1300265424144
16.4376177373336
17.6037667612513
14.1872759716165
24.3967668935105
19.2315048825497
18.8367355812604
18.9330729394823
14.0810898905440
21.3799779497561
21.0947560919018
19.8087076208375
18.2034147964393
25.3369432962940
21.5406082946318
21.2043991722332
15.3626256850280
15.1636874151355
18.0658590462602
21.2669301550067
12.0658187956771
12.2174111477204
20.9943835794745
16.6856774130844
23.3869225230116
25.3909724693826
18.9658482026611
16.3270518973768
10.7271610922353
11.5186577646070
18.3963097939763
14.7961424975070
23.6378755860898
14.2375036490778
23.5732477585945
18.8912979824364
12.8886990363203
23.8287141804444
12.2660425360831
24.7601163848313
8.74526352706556
16.4323671021562
21.1942465404795
16.8402846340978
22.4520420654853
17.0499890410091
22.0805405649680
14.1711841564391
13.8643390757739
19.2278161651435
24.4360433900250
9.87029139618708
26.9916775658670
25.1908935116759
20.1238155529738
23.7697003676507
10.9301818847040
14.2884632135167
24.0164119599318
25.6439045136440
18.8046414139655
23.2181342989019
16.2574535929689
16.4653670387884
23.7672224874055
19.7232591541422
17.9184501856784
23.9096361472042
12.4853262755175
9.83177462127769
16.9038129148564
9.36216216750313
14.9648854161764
18.7723526359431
12.8304756742767
17.5861430535249
19.4558120337529
18.9936354914486
13.1376824980368
19.4149748839390
14.4211996594801
20.0961908005462
13.8367910511746
14.6695787360853
16.7080362948198
14.2332190467795
12.3695906575449
12.4634517847078
16.5742720363673
19.7066712374899
13.9693148490500
12.4376770300025
23.1815912711312
20.7214682101483
21.2812339081577
14.2862103222383
19.3288025352312
17.4530129061044
16.4867741933237
24.6156075446472
23.0846216060350
15.3866083060190
22.0995927704108
13.3058189546874
22.5288740047703
19.3997889520007
14.3647936559813
25.1662664572164
20.1463854022340
22.8637701032402
11.3758144510120
17.5388869939692
24.2230749403573
19.4182371638093
14.0327787028676
17.8606198661199
20.4907157594783
23.5260479437026
15.7026787443704
23.0574067249784
18.0496895391138
22.0609413757362
24.6703117538511
18.2845863765855
15.3463552355937
20.2679426817611
15.2494800946736
24.0906437567525
21.1099685492289
9.00665106560013
16.5637875701944
10.9260191766817
15.0555366736802
25.3732225606296
21.1343898680169
16.4727494083601
10.6493357764680
19.6352448434261
15.2729353139379
14.0901727432249
21.9991117644309
20.2042158371175
20.3163657129441
24.2322792697476
18.8475083697359
15.6226349739802
25.6341189566069
20.3847475125439
20.7044849123051
15.9984140281838
25.1088649956984
9.86483575483332
18.6322720790851
23.6302053096489
17.2581997791658
22.0879125586107
19.2912606011901
20.2404651145520
11.7050943891437
18.2497664426890
14.7725622562747
20.7588092520727
14.3886642828923
21.5753321576464
19.3798575697143
19.9310148029948
20.2271086099498
18.4429971891945
14.9474930491752
20.0381376613317
12.8661061191391
23.4105776696231
15.2487554292289
13.6131519713879
18.3971874833195
13.0075877324394
19.8776153122438
22.5594907648993
20.2438395368341
11.1439580650096
17.3573729484192
19.1774784101608
16.6573306880072
15.8829161029113
20.9609806772759
21.4682343970392
19.6126577621881
14.8273233071643
18.7893122948850
15.1182399964886
23.7460785956041
20.3684591121698
21.7626233677554
21.5390792819470
16.0406150664800
22.6012734814623
23.8044959209087
23.4507146214456
16.6357447153170
11.7804215112332
19.9805958203742
11.5835468254997
13.5645455482898
20.4209146635371
12.4377178673139
22.3314716541149
29.5744780944521
13.1354951890145
20.2201749017323
17.6322742164665
14.7665606273118
14.9859366196010
13.4885065654511
14.6656116314973
20.2078585346836
14.9278180497778
14.9857914600401
11.8507166680558
23.5268247095556
14.1012022435534
11.7367826519821
20.4804407346525
14.4546235850879
20.6120628505326
18.3448047464580
15.1000570764245
19.9459580803132
7.66814036867690
18.6914686051388
19.4667772649495
13.4922635009474
16.8068800196152
15.9071720381767
20.3558353804760
19.0821941827498
17.7190684948595
18.4759882515483
23.9055503522537
11.6271698543402
24.6503248918106
19.1897868230844
22.9241988221071
20.6092127296147
10.3388749670478
16.0041183780396
13.7533116953031
25.5502012127626
22.6450549311130
20.1572669974908
29.5786721983007
23.0981041259838
13.2617735026319
13.5524215572729
21.9084941653547
12.3174857006004
22.8055506320363
21.8467838795379
23.1306357358206
9.00874025049094
13.6546833012089
17.7955488710491
21.0042629638045
25.2417405408732
12.0356015012153
15.8213492533841
23.2819040637225
29.0665708099869
18.1406909141648
15.1003323997837
23.7022713380048
17.1732228902282
20.6184487531469
25.2457821781892
22.0719628169109
14.8080826944073
22.1548892667498
20.5118569318689
18.2208978614122
16.4133158235482
16.2007531185850
22.7866922937648
21.9992300543657
11.1125075755443
17.7695771589060
19.4587827956967
20.1359324881761
9.84886850179332
19.0047050977327
27.0053666337805
12.1142173455327
18.8605185187782
21.3446122622350
21.0079489113089
18.6934848759002
20.2391919710146
12.7127546168651
11.2797400236625
17.0211226166674
17.1500652567587
24.1680537546125
27.5552854568040
18.7728748131715
20.8222792145882
18.1807820388913
18.4537144576936
24.5542081394673
21.9132531667701
26.3472432888040
16.6489973708883
25.9998500006491
16.5498422807974
24.8761896223995
15.8324795403899
26.1408147911451
22.9914355517542
15.6413577343212
21.7406211097797
13.0475083824375
22.4521470589500
18.2223584027976
17.9028736534766
7.83053933104683
7.53452243977025
23.3028166274212
22.8142011311094
10.4839466047128
17.9860427417697
23.4468867225875
3.06595070512030
22.7015283494713
19.0727038898230
23.9383630255056
14.1472182265685
22.2899543286252
15.3231262529603
21.9918489105422
24.7561507507062
28.9173960821631
21.7884880738231
18.3409235084651
24.6056264100929
29.3548713005968
13.5747972071654
12.5686611940404
21.6521668499891
24.2372463318423
26.0883337588324
13.7333280621596
23.8478555925873
17.5755885107719
15.0262205274941
14.5187365349855
15.7222868152231
20.1153307589658
21.9680913658528
19.0093157643846
20.9069949538846
19.3698737102348
19.7518917948339
17.2588169947361
26.1710494946880
12.3187701140058
26.7693296045769
14.9199407214196
23.8997887630174
14.4775767195382
14.2749415984124
30.2058306905490
18.0236966522887
18.6888244643878
21.8706731965073
19.1184037601504
22.2285369476385
17.5834443112563
26.8876232698255
11.3781975595841
20.1351732576797
23.6579147845677
22.4627462189426
25.0915280950005
17.6318926146009
20.6187089906603
10.6494146909227
13.0110278175797
20.3122444906030
11.3542702093559
22.3031776073785
20.4544453722049
16.7394090945927
17.3144264055926
16.6124512450575
27.9904657916830
17.8012664141325
23.2319963306138
18.3020757515171
14.2813174672713
14.2000744872435
19.7018943638421
13.9280425878900
19.2291268133668
21.4039924545056
17.5114409209214
16.3657227882865
7.29295028604675
25.1958654202395
16.8114886107754
19.7037592865625
22.3725387485111
12.6710760427783
19.2986105665995
11.6602959033833
15.3150360434527
21.9528978549603
18.0101014919801
12.7742414812101
16.4491951388567
19.4323587636197
29.3144514040979
22.4080552800123
22.8480978413449
14.9904319477718
9.61548650857974
10.6881013002618
17.7951645320168
23.4275993261659
19.5022226476621
15.8860261743310
12.3762751014143
15.8598782971357
12.0547911116272
24.9927677576071
19.8986261358912
16.6857266181933
23.2291300299025
21.2362551882200
14.1891683858559
18.9349225594610
23.1893083778298
19.3600397441112
16.3374019563663
21.6457710894684
25.5904595026377
20.1833261203343
17.8884741056118
13.4213481349326
20.2754490131229
20.9909453123806
19.0462694746013
24.3513159624653
22.2214798139362
26.3682963585425
17.3507799331091
20.5686519487926
21.7502258792500
26.4396083330867
17.0291935846607
16.8635148376894
22.8622073550226
24.5829790186429
9.77760841038127
18.0097003700581
12.9166719407830
16.8147599287848
22.3432315300981
19.2945031308396
21.4336063771379
15.2446274238584
21.6881524975948
13.8956239100863
22.4774977482392
10.1332859903908
26.8284331066409
16.0354641227523
21.2692017286578
21.2432675857893
25.1587873989862
17.6660074552071
22.6988582563609
17.4189507616109
25.2345596608442
24.0158567316610
16.3121892626717
19.9496691122758
13.7036744577467
25.2878360981444
23.8585388736191
17.0239866234144
19.7634515962638
28.4324764882304
22.7066428374989
19.7770283568112
20.8996295534814
12.7393546730896
21.3597020281014
18.2614054823626
17.4001418315278
18.4677698243065
21.9086204764485
26.9016456601890
21.8372304327342
16.9389930943597
19.6265488204000
15.5716959641155
18.5446456385390
21.0216657169658
22.2961117989786
23.7735341327837
15.2382360000797
19.7725426251697
18.1003427899337
6.78485879851720
18.0220693771342
24.1011088780999
24.5489547255270
18.6434480705337
16.5921454572723
12.8925779144105
18.1679846185215
13.5741007783128
13.2034035889902
19.5916937883105
23.3631283763248
20.0730569749871
14.9807155801736
22.5638084991993
29.0731053166796
13.0901793890431
17.6645428726136
15.6124630928959
23.7674345978942
21.2852768580496
19.2619715447047
11.4420354027457
23.5593544460649
16.6363435584612
26.2858700849903
14.5148492139535
8.68076380296180
19.3250863851037
22.6173983448271
8.28477178925034
23.6159743857650
15.7574098586373
12.3473736801939
26.7526556060054
14.7603378055932
20.8793509390712
7.65440208240555
6.96442910477931
20.0111790251578
17.5335397191379
12.9634097444696
12.4122670697681
21.5224745734481
13.1161360686116
12.0831104084259
16.8107985635685
23.8936817826757
19.6926313005261
23.0621529246181
15.3186441760210
11.3765863272153
28.1786961352071
13.8981017711930
14.6789583797670
22.5270869654430
14.8620605974480
23.6289317155810
16.2050045815653
8.60633135999458
18.4066077180620
17.5957911232143
29.8829720350626
17.4066394791707
23.2143838797202
17.7846910710105
24.1152538549767
10.3065264821041
24.9616836458928
17.5639869086982
7.16501428554462
16.0670524798108
16.9602144163038
12.9018647915292
11.0857595872613
13.9808509841964
13.9805728767162
15.4966035613364
20.7743609636316
21.1614622576556
19.7355307640766
20.4086996912678
20.2523979512676
21.3669444504715
27.3572446940381
22.8833633958626
12.9773124240829
23.5673469702487
22.1626138804465
23.3792274219609
18.2784633747319
11.2794796805927
7.00136727684637
16.6666252717043
21.0106126996301
16.7674345483228
19.4160053243691
10.9555566856288
21.6393784234790
18.9725583845375
20.9433127616024
21.3741916007342
14.5748281614788
25.3111947118827
17.8439165242305
18.4785960423409
15.7515394944595
24.8747717403221
17.5313397657957
18.3189390923750
15.9725124366657
8.73167626080332
16.8115552292895
28.5058560077968
14.8062088204798
16.5462479512094
14.3317647168631
14.5638292982299
26.0528673005992
17.8406451038164
21.0994457596385
14.5930254449140
9.68361076850717
17.0719365658325
18.3939724495340
15.6877244154894
17.1538804974663
23.9760194547101
20.0589207716559
21.5539104551367
16.5729418651139
12.4431189403228
21.1809315499351
5.94126267928833
22.0673258238771
16.0944882868246
21.6966710934838
20.2692082707717
18.1360960062796
25.2309592650561
21.3631075878369
21.3231262460493
17.8676774335201
22.2106403990196
20.7077313532144
10.9438462731388
16.8794421713079
17.3442731909784
19.2531642108179
14.4805663590300
17.4829393122781
15.1847366940113
17.9991959685639
15.1660321613945
23.9558619345423
19.1657458536567
13.6755023283093
20.9510641842249
18.0372156803000
26.4716778740884
9.81540940088580
14.1501302143429
23.3684227761590
20.6387002327995
14.2898714787041
23.7926382017575
16.9215606270315
20.3910640134031
25.1249275170161
18.6572857465115
19.1726489480100
23.6895280510704
14.1046482639041
22.9443905981761
16.7682007552600
25.2696909388240
24.4022651885274
20.9162258426512
21.5822547981177
13.7921091073000
8.26363718049618
23.5487168233887
23.1007810274145
19.5457713260001
21.1872955798538
13.6974805095255
18.7890064496278
9.36508879446380
25.6917821698291
17.2235376168611
20.6942738660235
25.0572055478487
18.0842716718002
19.0070835417975
26.7301347687316
22.1205270768696
20.7264721138208
18.0116376288842
26.1524568401923
20.5456992796944
25.8248486070652
16.6305164506640
16.0846704792790
22.6018545072545
19.9869789064274
19.3655146839834
23.4553321943066
20.4870002875011
18.9822613507281
16.8895925990247
26.1940799215282
19.4935389573425
21.2470142620825
22.4073240671902
23.4239802034583
21.8996515614917
16.2170364605618
19.7252055957347
14.3987783819815
15.8381260185015
14.6221771679472
10.7708435337195
23.6420549748027
18.7831291357628
16.9096677556264
18.4492994048643
12.3209157029205
15.5202553541316
18.3551094353824
27.3931566946889
23.3629382884421
18.6129622311526
19.6343484261084
13.7735478827658
16.2383910436478
29.0225470986548
20.5977152348051
16.4943034000746
12.9630247672222
14.5994103009447
24.3646879029298
25.2503621941298
20.8850538793040
19.7114810896363
18.9472541912102
19.2877591955077
23.5799504232624
22.5822970032565
8.62002402300945
19.1645804042645
18.3947868233612
17.6716786487437
23.7677880958061
23.0736629674297
5.48196078606916
21.0235971905624
8.91978277096870
20.6826742962748
26.3351648548970
7.47204968652049
18.1111357988711
21.9009345586692
23.5009610982674
21.0727165351205
22.5519096863058
21.1558164480758
17.0034996941993
18.1255624638310
18.8394720167285
17.4189085828674
21.9870564791524
13.4707443919108
14.5477246774719
23.4494270944879
22.0360494809299
21.1009652315349
7.34839388447571
18.4114308014599
17.4032377210882
25.3570155684228
23.3054031333666
19.9422065378464
19.8274566236150
11.1539210894556
11.9919039172736
19.4826199169701
23.8929212498140
19.4516799216700
22.7158519444635
13.6586326794679
13.2239481553735
20.3607988319353
11.7357464537208
28.8216549152441
11.0539516135254
11.3719074301968
27.4424240566680
13.5103976621086
21.7843986920411
21.5821054136491
16.9415240243497
22.5828793609068
19.8127484542979
18.0770994231328
12.5100115840579
18.6857985027073
22.6432780834523
18.1318730763942
23.7118197306035
21.0052421973426
22.3808922755995
17.2808566888167
5.36388221782643
23.4127359326982
15.7082992137280
25.6242524911972
25.0099242010661
18.5706974361986
19.8760051751743
22.0834736901912
16.3576332630981
19.9720344006436
21.4037685736976
23.8371766763975
13.3697665798453
14.7282869104119
22.6547625482246
26.1052501240140
11.5014697574250
23.8821589741890
19.7167199150715
16.0759444809016
23.5979131682951
12.8202696722292
25.2409438259430
20.8239225060530
14.1833779994099
8.46156691156391
19.6531712179553
20.3093964300317
0.737081820424300
16.6518055891687
20.1499311001882
23.1767635241828
19.2442270207202
14.1781612932571
23.6020389344758
19.4632435042090
22.7711127839826
6.94161750153653
25.8380863395878
21.1647421686711
15.0436651441083
22.0010005403598
19.2505760328245
18.9221209581896
20.4033451934692
21.4592846929647
29.1565323982631
29.2489124814096
16.2681819073561
14.7757599168708
23.2214445792591
17.6200334893091
26.0239613601941
16.2578390277825
19.8942363759988
20.4941352068947
11.5749331128971
14.1947517976882
12.8566499995592
15.9304923781364
22.8937460807794
22.1389935600365
20.7631586967482
21.2896703910665
11.7235395825939
14.5090822505197
11.1048982008405
13.0456733047146
25.2534835893414
16.6532793647617
23.0039265708196
10.0220184846562
19.5880561912850
18.7711673997990
26.3106546442771
16.8124048453168
26.1211538037544
9.29455736418791
25.6726687798770
15.9546214391768
24.0283875274782
15.2784696717633
16.5593983443182
21.0137010143014
21.4168753065456
16.5482009121479
10.9893197542747
17.5668585665195
14.4331488946028
25.6155024768753
15.9416992981757
23.0074560775720
21.6734218387049
20.9848326748938
22.5362287087966
25.8595967321693
15.7481716212239
19.6815475010766
16.5729429143949
17.5975271160080
15.0311892626549
20.5273485325267
22.3690114532824
13.9836153096684
15.3577483360729
13.7291274605911
18.8096746733992
19.3204813183261
17.2522677160630
14.8731889455267
13.3412350961658
22.2080129391399
11.9916526946687
20.1100735010470
18.0774330037947
22.0242980048737
27.1882289770515
16.3360920228267
20.4288896948866
17.8948540096863
15.7894518081319
11.5558189625902
16.0567321951133
19.7764088760928
25.3094993181143
22.7029608068696
25.3839274828983
22.0135033565033
27.2850622213889
18.1832629773670
24.1991178702946
22.2634684020687
9.67435885432237
19.5804401629716
25.0106411011772
22.5687098003280
29.0646210063989
14.6394603909084
22.5716115887293
16.0700571946670
11.3536420432335
15.3897265387310
19.3075791543178
18.1830742793380
18.8908455959385
19.3383296760641
21.4501031703059
29.4158293189028
18.9460277594805
21.4551458711784
21.7498628508647
13.1161342888371
15.5261724807531
23.0954898316725
13.3806913952730
19.4418824611796
20.1078695610880
18.7617476262821
15.7777053337477
21.6316115597770
20.5720717395558
21.5894238991535
17.5138434424012
14.4089269268093
18.7521883934052
15.1144581254939
16.9766462187384
25.2517477015138
17.1575465282317
10.4236638962270
10.8438147091682
20.5114070558143
19.0900824528655
27.5785463336640
20.0503130109887
16.1905660471310
16.0367821676782
15.6919313847213
15.5997561079088
18.9710546566332
18.9733129018766
23.8836415706744
23.3126782402747
24.8958663904842
13.2707816243552
18.9420554028704
15.4497434366854
12.4330163619595
24.4100226945017
23.4907134781116
28.9388305351098
18.6923875320302
12.5069090924114
21.0446478500779
16.8689345093587
25.5388582855762
21.5798686139071
15.3855213361686
16.6825979646255
20.9399985167438
18.2796038977488
21.6912543725197
26.2429247329992
15.2784507689552
22.5786316072999
21.7126482357118
10.0949993135013
17.1147367656160
16.8039085781599
15.0963578927444
14.2472524993058
10.6700186256669
17.6214941302865
12.8183380952389
21.4725162884530
12.3093769060334
22.2639909999648
12.9031977911018
19.2985517128663
18.3239158327622
19.9064701604266
13.0563284634653
14.6032638285211
17.4097450401276
21.7190567506956
9.15163171024506
16.7205178615198
15.9565745073796
16.5921133665057
20.5793425125047
23.2605867131904
15.7902217908944
22.4180277511385
21.9739798996790
14.4316129805634
18.7212859478728
14.6843471268903
11.2512389935564
15.4392778510018
19.5838778039915
21.8375094882896
18.2320912667339
27.2046227093355
20.8146262459081
23.8803759527433
15.2651087745011
21.3251571071173
12.6280603177595
22.8018259124271
5.39503191154591
13.7039296201624
15.9802482392636
23.4139767127298
21.0005798165627
27.8053039882253
11.2898408884779
14.8723438167177
12.3212105007775
9.33672103485932
18.8041013104804
15.5750688461125
19.6328021429900
13.2618701499166
14.0112341339859
23.2775051140416
15.3436018730090
19.6707413991391
17.6884544629933
7.77043535583663
17.1267749712396
24.6647925871230
20.3517227320006
16.2684915655375
20.8156464528514
17.5709022682509
21.7544568988230
23.7554915296248
19.4163194299228
18.0872917763168
14.7757623749289
18.2828753789152
20.7909292915071
17.0089839040680
19.1337421346595
27.6285604721546
20.2282600087910
15.1227412896174
22.1759518577994
19.8969421699423
17.5809954929274
22.0713858722712
21.2121056039020
14.6145586858062
22.3087125746328
15.9472881779071
12.8405343495213
20.9794444198429
23.1928175718327
23.6956460223622
20.6121778171261
16.5244442671042
8.95004995672834
18.6387095107261
19.3451804327757
20.0935328808406
15.8116065132649
15.4968126373531
19.3178438155485
19.0945153976533
20.2122436962407
7.36881689545222
21.4853074838812
18.4159166442846
19.6522099522297
17.9469100042540
27.8081639166929
18.9192254076884
13.0966302632941
15.6863856941832
18.1791769113319
14.8206567530925
18.1193956162474
24.6194517144675
23.3623381949340
23.6827190169866
7.49264572977706
21.4709507704516
20.9805702431249
14.7844070981610
19.6235045727218
21.6184827081810
17.5568816490026
16.0472271506615
15.5142338158248
14.1045325382113
17.6029493370566
13.5476994546033
17.3162352549343
14.1089537771363
29.0640260846705
18.5645878379600
23.7482901863341
13.9141483569163
12.4503741784818
23.9575298355041
23.7895220512446
16.8838866000575
19.9308834791008
23.0120451521572
28.5180970050728
17.7666982953064
20.1942204761448
11.9328739420111
6.73211402815228
24.5550169103931
9.75704893283279
17.9009748711812
13.9108378343401
14.8208720622060
22.0479764375756
13.5823303156185
16.7726063126462
25.5545216064385
16.3537936946633
25.7933297551763
14.2716320216613
13.9549565406659
21.1730842374781
21.4573941258366
21.6341899844883
15.4907651987523
19.0666416432090
13.0659975612985
26.0926212123189
24.0697948378952
24.5936901378404
17.4457857450295
10.8027886799038
17.8288415364515
24.4588990685200
15.1926631038073
18.7059571752616
26.3753585130493
22.0339481288364
22.2925563260997
18.5578345962872
23.3069242321832
24.1395790342350
23.5215588287658
18.4996518140510
26.3530995163554
25.6825556927439
18.3010280394391
19.4369138405036
19.2739608763084
27.3387183381921
27.2692992571470
21.0901546088911
27.3481614015479
19.5622424476751
17.4402752659353
10.7585233657952
23.4141980060995
17.8584871467016
25.7976245723169
12.1511342641713
23.0887595797731
27.1272316813856
20.4148023182589
26.5591250846601
27.0558216852375
17.3070442567412
28.8638896075831
18.1902576827770
20.0270074653717
20.8473580267139
21.3830909871754
19.3632643657938
19.2276190297051
23.8034092002650
29.5657476159912
9.31722256645702
12.9879457734989
10.1494694803961
16.8114343816451
12.6563159795260
14.4289600488407
14.3030738223992
14.9172758868115
15.6285241246824
26.5438176231146
16.4271536211361
11.5834855422879
16.7677727927215
18.0432167740382
20.8363759662476
16.2194092403939
14.6637062023614
16.6359422692350
23.0016377923281
18.8709471695901
19.5456556784019
24.7782226018175
14.6338583862623
28.0568650848265
14.5354563588511
17.2326737081339
28.2539373231047
20.8667018690409
19.6838040931419
27.5289103154487
17.8830559502118
22.1862481713277
17.6667541102475
25.9736408046913
15.7973913429258
13.6596200828341
13.8468591147229
23.1463844386587
14.8955276009760
5.40362553889433
17.4360888209296
22.3992286935754
18.7319422119119
17.7712015812314
17.1987564361246
21.7924492288050
24.3142909107570
21.9815025333817
15.0664179828445
19.1310497019810
22.8134999973476
5.61849867723831
24.1246856112251
14.4198795413642
26.8831759188043
19.5811027440655
11.1109171976768
31.4641429182530
23.1692857499303
22.2184398680338
12.7465034388383
17.4586034094338
21.9870032253549
20.1685930790134
19.8208902479526
18.0198640358838
18.9862217941969
22.4821240025721
20.3515295365940
14.0753417331887
22.7612806648243
11.9787751242065
28.9110627281893
15.7238782381082
18.1846055976794
14.7556533700733
27.1433219538931
21.1104916310975
22.9937700894509
12.6988490218970
21.9600549148156
17.6407104347676
19.8487717314758
19.9824268530263
16.2912296415613
11.7984154865146
18.0213741937961
20.0995665441848
26.7915144429717
21.2719753711408
22.7617972138727
15.6314600542706
17.2888145278035
16.0055149369912
17.0775631736367
11.7847620141443
16.1984079058707
19.3761832551627
26.0086015153358
19.2020201983925
12.2661614375176
11.1639349629258
19.6637374077326
23.5975134384511
20.6400119680745
13.6551696488882
19.2515556869855
18.3022524954905
16.7149096516824
18.4253581559394
17.4857227039053
17.1496037533072
11.8521474351594
17.0322819082353
15.6420669064004
16.3625518201888
24.3333035917869
27.0594790375935
21.9400873090424
16.9353848178585
7.38724663766886
18.5757290012384
26.4026181804647
24.0706359106576
24.3336963337178
21.3452485376687
20.0931672711537
16.1434943522138
17.0366602554506
21.1471875799566
9.13191105761150
19.0852851906704
11.4417776853273
15.0932821462838
14.4526103430097
16.5730304679448
13.1039798155625
21.1298120150008
19.6438997119530
11.6573765496791
17.6185473021395
15.9773076214673
16.8393868810440
22.6393965984471
20.4118790546883
22.0218986800620
25.0746428719788
23.2493855464411
12.5987714753897
18.7190122206830
24.8555518220780
11.7237284782785
15.9747100139502
10.9757933262479
18.1215627006569
21.7241908392569
21.1760160758394
25.2946358336597
15.9722692256374
12.7520697972686
20.6224302935968
24.7908038602196
20.8204284926909
18.0975548127857
13.4044463869480
17.5862950328228
18.5089128004805
26.1846922395141
22.7005583000849
20.7152070573071
27.4895410515507
10.6015429948905
20.9375272220697
14.8735551772079
18.9592161001387
22.9273352352112
10.4423396030763
24.6306762297686
11.1686430877324
22.9171370033234
23.1076121682282
16.0994496792748
20.3352037769202
22.2465077746625
14.3710085085064
15.5710524088667
9.34942450949748
15.4244539889133
14.7996095679769
14.7646978873922
12.4001781355406
22.3699895479354
13.1637359236650
21.4001516430234
16.5671418853935
21.0356255542189
14.2479715336844
14.4390781828523
14.0766889376109
20.4308803356092
14.1075237749512
18.9043686317398
11.7055204517189
18.3987222327521
13.8843085454061
18.6669283525728
17.9978375028004
18.4074769190775
20.2904473771829
19.4036783932152
20.4748385894298
13.4330616487582
25.0692719284066
15.8195344976331
19.9344140383269
12.8068676897579
17.7052477986467
24.6723115251082
9.87942579842563
17.8989284690789
20.1453857427277
8.61293582218203
20.8365849942657
17.8217556958470
14.8208425893618
20.2688153068675
16.4568000750954
23.0525916835275
20.3972941162635
16.4358329146204
18.8055457363529
21.6486351040147
13.4354835312452
19.5679253561759
9.83943112103113
25.0630576822407
20.2556070616591
15.8277387549840
17.8218329207934
18.9548808511023
16.2175880476364
16.6232530398540
21.1229466806837
15.2437084676618
22.4775268426265
12.4785259390079
26.2909101828000
21.3862870166624
21.8665729317216
13.5359157755955
18.0768111935418
17.0753545601142
20.7263204813347
24.4081139312440
21.1258536447616
14.5968781111187
24.3477335921064
21.8702372518714
16.2554440208781
19.7951359714367
17.0412279495583
20.6644103435775
11.9688412116369
17.5700196826523
25.0370338881215
16.4682849774434
23.2921077187016
19.8118216451528
19.3262788226633
22.7139066427357
22.0691264652573
21.0143241227901
18.3694936324396
15.4758073040755
6.60452393559791
21.1079626286600
19.8837042821992
17.4762254476763
19.2801376656527
19.7019575996040
22.2601128375538
20.4400620786258
23.6286643160276
22.5094970020563
17.3794254744230
12.5860114610157
16.9090269303614
17.9107803975912
22.2116583447959
16.9104365992838
20.1725953135506
14.9381280114314
20.1466942651860
19.7713102360787
21.6245408995943
26.8321868488878
15.6413166827010
21.1075673476789
19.4884567573300
22.7698260977236
21.7960530313586
21.0873698275265
20.0562337980611
11.4583312970329
10.2359918384318
23.4346157964517
10.8267381606265
20.6281455306300
15.1225424487545
16.8403795360813
13.8146180866111
18.3444908022245
17.3204730083623
16.7044095935421
14.0462734042693
20.4161208289114
15.8114830372235
10.0660416064435
17.6727087514163
15.9031844605164
13.5724574494104
20.0637089424612
21.3156915396991
10.7496932402554
16.4928540916073
13.3806012415661
22.4818595354543
14.7964700713022
19.0751432187278
20.8008787041946
15.9474558867422
22.5081712704364
16.4395882279105
22.9149159777637
20.5469622021184
19.5371667551850
8.69499563214279
13.8501648759292
19.7539704000616
17.7815013621484
25.0239763495002
21.6982343529378
22.7899978157267
22.4884255917320
18.8807238424099
17.1325902475196
24.3373785781392
24.3845781066039
27.3610602093609
25.2523144729171
24.7242842076538
14.1883878232754
22.8177227086597
21.2723189570841
22.1360789011473
13.2445262205451
20.5047143694119
18.7237973345282
12.5857455347308
15.6325650082938
19.6302797338722
11.8849344248662
12.5707351533041
11.4249561112004
25.4915606864278
20.4909981336774
23.2403795417923
14.9245522367046
17.8039456216980
18.9947218347449
22.3983634061085
20.3633621083566
19.6991082986077
16.1616497299666
22.3045515344925
20.4790629591609
20.6998322347585
18.5512540048854
21.1457143551388
16.7584240295288
24.7884777242652
22.9234760164336
19.1275024738907
21.7568515464781
15.5454601759444
13.3830224344953
17.4593550299372
15.3694434515005
15.6232061106378
15.7525859074498
25.2611297125227
18.2053004570213
13.9460147482051
22.9372533445227
19.7258970529782
11.4093022047624
25.1459619748740
18.1201827876383
19.0200370374737
18.5410590906341
20.2866524685605
20.9767739731190
11.6095522644982
23.3950324659778
20.8624705520628
11.4319839810292
11.8133698635047
18.7325831977974
20.4393375548035
17.3868076870247
18.8929771944834
19.2741896131880
24.9560397435830
11.6187725480147
17.3525222632119
22.2634562780152
9.74120671384252
25.3126700553531
23.1010101048807
19.9514191791169
19.9651092293494
20.2677744886711
26.1046373480156
11.6562779061249
18.7087781899892
9.22543707820399
21.7716650157830
11.7289323493582
22.4037047578923
15.7356614794175
13.0185557032408
19.2944035082667
25.3498361869049
16.9915248080758
24.4290952295430
5.04777309671056
15.6712997827562
16.6757307277843
9.47215853923537
22.2125254645758
15.6673738564331
16.4025760681858
22.9959552148329
19.0833835993711
21.5493117192452
22.0309410553436
19.2672624133447
19.5674649380668
29.8621601127848
19.2768225819323
16.7641533538165
19.6540353575841
20.6575607173104
19.1226420378502
21.3566523445267
19.5814149269856
10.1027476460992
14.6663288352484
28.2528975041533
15.9035614814912
9.95814407510146
23.3590709539332
16.4896463231542
13.4772952359520
14.3514850825593
20.9905180900025
18.8310824028390
16.6248967522413
25.3322439503123
24.1568136906764
20.4135189244336
26.1262212916371
18.8631496818723
12.4912210528452
23.5500895254299
20.4929989290323
14.6400037003571
17.8905777854032
14.5082795094139
15.0000030104997
16.6574536784671
27.2457295549206
31.0573122630600
25.6900577129086
15.1906450712216
9.63172974376165
21.6838532295277
14.7549807182111
14.0866868584875
10.8033154105862
9.94246891369971
24.0225873786812
12.2602599955642
19.5182976827926
14.5085618349512
13.0844789857676
18.7618505141367
19.1068163004643
15.4188051307331
22.3327140492497
16.6048277491920
26.9824786281934
19.5473012271200
22.0453179099001
14.2826756613025
27.6753697608447
19.9711891935350
9.97517915130484
18.0888190662610
22.4646522119014
17.7882923692886
19.7260939593879
17.7574332700080
26.3500026195965
24.8894209891446
16.5118430058960
13.2168045572509
18.9077248308312
15.6989596333196
18.4564401716999
18.9440345037245
24.6492161240294
26.6130088881199
19.9140910019297
29.0706436190216
24.3822892940990
23.9635512028599
20.1772260017547
23.0565281123489
20.1987890665351
21.5365084434123
19.7486027183891
11.9919010373836
19.0810545486605
23.9652983286133
11.2779639528317
19.3562358951394
18.9906848225196
21.0577506746362
16.0682971887303
22.0077199187575
13.1367304642801
9.12091367840082
9.18711199339711
26.0616735486450
14.9692381477691
19.9655568642342
17.9678489334588
23.7083417427719
15.3582800883132
15.2516725850087
9.58378037232489
16.5228384658518
20.1253446607589
21.0459727636677
23.2568855901663
20.1712710311792
18.3367609813277
22.7250773021744
21.7893598834153
5.13236118742752
11.8877694170089
23.1938514137112
18.1037794775145
14.8379065331569
16.9236374500129
9.04445950685120
11.5984895566153
21.7674761117781
21.9823087323160
14.3802312612135
19.3119532727565
14.7105440713079
17.5184609844561
19.3779986971465
18.5999956686864
19.4245045676653
17.6024771606732
18.9151682646994
27.4258727372251
15.6780381867833
22.9582574768066
16.0724911755219
19.3353741994156
18.2690307412792
21.0380195337655
16.1084186366880
22.3281915107538
13.5162862445622
13.4133348652997
19.8111880815658
13.6000400049149
20.8236673310851
22.0164766377005
11.3184519762542
15.3305857689114
22.0750353175780
28.2691967693836
24.5811407533992
18.9481375700063
17.3916483409714
22.6687025423094
21.1290684267403
21.6940857941584
22.8515895176081
15.9474192498959
17.5907518661752
21.5963139601256
19.3152396572771
18.7633871607915
23.8098778594785
16.2519660304995
16.7954927210672
21.1280996874610
14.6379471721424
18.3020907120661
20.9350843764554
17.9834767062608
11.7807729934604
11.8878722931795
9.68207883710104
15.2116203274176
10.9535270067997
15.7033635025321
24.9062370859065
21.6425060673502
4.71248723371837
8.55509543504838
19.5626804840331
21.2036656086914
16.0103749077138
17.8750852557155
14.9767584748763
16.7969320015585
5.38041573476437
26.5078322443343
20.0794272079960
22.9844427815572
14.2527658638430
23.6621442848266
22.7864036396330
21.5920996210148
20.8469850170629
8.77399684699353
17.1774049968250
19.7549485880676
24.4198338014616
20.1818894412548
7.55408655657793
15.7933498178524
22.5577102855401
19.3228805344990
20.5299872181831
22.1923481554238
19.9992654096145
17.9772630493120
12.2519083320779
23.6547465411184
22.7517318053219
25.6626035606800
10.2827873570110
12.4385072046134
21.1491893934541
12.2088451168942
17.1651308712374
18.9742620309282
9.06725104288814
24.3759927327044
20.8945289296923
14.3789816410960
23.8525534404674
22.6296281375754
14.4279447803954
25.8601777849067
22.2980683326918
14.4123636729953
15.9100298076572
13.6414121410212
16.1402509362699
14.1739800167718
18.1605804206742
16.2626203862779
19.0778340775078
17.4260698950602
8.80518701844579
24.3534400533704
19.8724092991227
15.7972192264780
13.9787945860625
20.5259507056690
22.6649513381676
21.9038846138845
31.0878540989426
14.9795429542194
12.8827106736861
17.5859662357349
14.8190251737119
18.0229660472150
14.9815821839105
9.34191688975386
15.3469711331516
21.2095936652696
17.6794399937737
19.6764946722060
18.1405414673526
4.37019542926858
19.6796277347632
27.4986567588484
17.3133665270326
16.2615078340226
19.2012312029624
17.6642579516852
16.8599618883675
16.2247127303478
27.0413271451707
12.3746884021392
19.1654504195647
18.7095697018320
15.6536954801970
24.3269296876801
18.9431359645692
22.9542297145732
12.6143636628318
20.9969981794707
13.3870376025955
9.89282781660411
19.2817227595436
13.0391992729927
24.4200550507865
15.5561640691954
15.0944641547316
12.6668113875224
22.1706551461460
25.8219035525043
22.7983357169853
17.0958722860394
16.3776580712806
18.6067899397284
19.5525987619619
16.5679285332321
18.6010637765423
20.9269027294002
18.3683484284734
14.8113308587557
17.6733704746883
24.6888573070096
23.6964893496315
13.3821504463819
16.9468170222672
20.4778180994159
22.9887430842783
12.5304640839996
24.3821743999576
22.9080481834183
30.9589265331533
24.2322051088836
23.8324224196196
12.0545329674423
10.4304521656669
10.7097506991404
26.7322123750668
23.6282245344318
25.3401753678599
8.80582359982268
21.6067657516128
15.8565608132309
26.0226650301409
18.4248797587058
20.2283134570602
24.2050792262676
27.9350211395878
22.1121583674033
18.6025712599479
16.3758709142017
19.8145719427447
19.8620192530558
14.9924862690514
14.2668873320131
2.79717964223790
20.9899737819407
19.5913386788067
21.9921350990838
17.6762446612920
10.5149664391068
13.6105852259752
19.4301776595888
18.5793595092164
13.4788290755799
14.3767175640866
22.1351115644679
21.3477155745322
23.8467035323096
16.9033296976229
16.9853462331951
26.2692859854327
16.8760480944786
18.2665976188768
27.8176619176144
23.8112357916697
22.5594727752351
14.6342675012327
20.0174429502912
21.3047591005379
21.5910287102634
16.8530717691621
18.0421355828417
11.4711857812235
9.43372344198636
16.3168635996342
23.8764481819835
17.4016786808673
19.3063708913655
23.9064069057326
20.3399109473983
22.4384809120005
20.5820321671381
15.8490875614015
11.3989450053788
13.4797179184529
22.2364182976228
17.7992884226921
27.9324614455323
16.9448802401161
18.2885888838100
10.3297809770428
16.2580486959892
13.8113288663793
27.3521774384686
23.5933856265602
15.4900112743114
17.8753920259546
19.2282799306918
24.6284500479523
16.8452019786106
14.0804838332096
18.0909862341401
18.5512584841296
21.8172981369293
22.5762226257862
9.27063367999124
15.5410282880478
21.3898188649030
15.4689649406942
17.7834982698297
11.0767791200594
8.24234167217666
8.90986005864609
18.7917710150385
14.9455275363402
20.8960365488018
14.5988771911686
14.0527473956077
10.5656340975373
19.8457968364621
23.5572083706322
28.4263879986742
12.3048977369741
16.6133584748486
20.3409426431167
10.8158043361492
17.7521640406727
23.7400675145041
17.5045243138475
10.5035528169844
19.6737613402534
18.8513551850277
16.6117374758467
17.3439126925810
13.0052042373279
22.8084318324145
17.4873772132131
10.7213031956276
19.9096469449140
19.0095185697579
19.9491613661191
23.6159215465319
19.4282053897909
18.7060017887203
14.6592999077488
12.2519830881293
16.2257591137307
23.0283393324483
18.2976011655549
19.7284128120109
11.7823913716973
22.7951090486750
22.9770668793219
24.8568924128544
22.3709613204864
15.1603831741108
23.9496151737135
18.8039454166564
22.7469929310779
13.9836793097454
28.6028994754979
12.8210316038526
18.4187644850490
19.0022812816283
19.2493296141744
27.4505449339610
12.8512615984986
24.5978671202269
15.7870265452206
22.2347261139448
20.1057726361175
16.2427539664997
10.5773102429343
17.2038277367561
14.7753472022320
22.3633411252113
15.8858811552040
23.2573303000531
24.8643379237390
21.0733083805761
23.2028526841333
15.9491382107622
18.4260325703986
20.1706211126239
23.3303408582374
21.3490427468091
18.5486785996895
21.6451571882085
12.1762046639897
23.0567141209725
19.2400394227181
19.4182462992175
23.4181052742584
18.0494219657538
16.3175695291370
21.0278876124205
16.4586246600010
16.7105291548279
16.3612195133334
21.4908169063537
10.9751016387808
20.6999150657689
19.2056746145707
19.0564178327428
21.9877561927132
12.5419043953235
18.3461979994764
17.2737617153562
19.5129809719725
16.8060790005233
23.2823242172200
23.3619769037330
21.3661044411922
14.2617140466134
15.4094052193021
17.7777545440973
16.3945479745797
16.7934296974356
11.6328903570898
22.2620158063354
9.76511456308665
15.9461227831431
18.3554462454889
7.97546457799503
25.0176514190548
28.4000294349014
24.5528725938265
22.4041727175994
16.5580440923943
20.1800463143592
14.0782895952585
13.9946741488599
19.5861014731709
14.9860142009495
11.8331224764988
13.6008382477393
20.1076040733170
15.6100299460371
17.8858745666406
12.8517972939098
21.1606743164901
19.6002571092388
22.2843978342529
23.1563372664170
11.7648036662063
15.1480608863202
21.1000258390074
23.2815245955807
20.3315247033265
14.2085204513280
10.9101489047291
16.8326518036897
22.1047467836863
19.8559342451494
23.3547232384820
12.5379232185870
17.5808915147402
26.3831694814124
22.1577412522024
15.2009702981148
23.3028601350246
13.6530423682530
12.4984512170931
26.4328114745251
14.4905745669169
19.4973482655573
18.2953413624007
12.4697727489749
24.4774408984641
18.1068165533161
20.6187429865860
13.4288692967156
24.0238323367044
23.3552337371578
10.2916180089296
23.6003146214195
23.8372938497258
25.5195053561058
16.3138776342359
9.68504963730545
16.7993072893247
17.2298153212335
22.7020428349134
14.5687428540762
16.9138060001947
9.27036995303607
15.0444658714008
4.49363655408983
16.1715104792577
15.8575408763937
16.7998476046626
17.5219875728451
17.9112380192877
19.8141017491417
24.6215549042573
22.9509491991592
15.9271958601185
21.7522541494384
14.1192140392411
23.9647749278628
15.8581183724054
18.4107235375817
16.9978766843250
11.7496777059982
13.3978601044404
10.8663024392787
18.8017635533348
28.8298155547129
17.9109546739973
23.3712341050906
25.6143315661240
24.5765642803473
23.4492794807839
21.5562074348179
20.1625066277713
18.8659918338010
15.6023363437281
23.4265388466419
16.9788397253569
15.6308710783391
13.4404426628554
19.5832368529381
7.31186020605564
15.6638146895725
18.1515660242998
19.0474605721636
18.2343002918144
16.4187751089642
18.4604970561873
21.9995182051430
18.3835176891223
19.0635333085937
24.5589044028214
20.9135956647085
21.3144058772199
22.1383907926584
23.6968780928963
18.9658796145644
15.6794662321350
16.5225808441051
18.2310137541884
27.9992112673013
17.9134398811134
21.9108054303346
14.9880441563859
19.0893796362042
16.5736074832213
21.0215555120750
27.0516019720254
20.0115412274405
20.0974507507833
16.8903843012750
17.2157817020279
12.3331014822627
7.60849577923756
14.3767189065466
19.5585064568803
17.4413184186257
19.6157824381328
20.5200811043689
17.9351786525999
11.8698054910003
17.6555404143220
22.2136232664679
16.2275353430094
19.3264957991635
13.2084124694651
23.5508378259825
9.80076822248431
17.1285288425451
15.1712801927985
21.0799803809636
14.8463538190242
20.3021232040904
17.8469718218991
18.7405251638208
24.7744696129920
18.3661155528182
21.3592800399204
23.8843736102776
17.5610526306495
16.0677178511228
19.0398010533286
14.3606107879887
20.6312283726034
17.0401016696477
18.9619420132286
25.5659033331850
20.5293564141061
30.5719958069563
24.3094225256578
13.0299865886038
13.7955398358712
21.5117731656236
16.1461432835792
20.2207639058202
14.7477901767933
15.5644911163389
16.8175909178165
18.7605068784334
21.0329925508691
24.7069672151779
13.9132707563937
15.3990515331746
22.4190137193025
22.0791194004721
11.4485639897120
16.3523812167849
19.2065756152027
25.5518065436136
13.0107624890284
27.6842061400281
24.6185538622102
26.4633580841611
25.2190323013858
11.9347977722254
11.6277030383649
20.8663057582350
17.6408251179199
15.1402084822613
21.7653236077197
19.0179166429735
26.3188863710007
7.95996049113404
15.9082903181572
18.3667086516528
24.8163089301662
21.3627889618218
6.99580785431362
14.6683823663913
16.6348327723208
15.8968599467258
17.5961135556057
16.7980454163356
24.0872307155138
21.7594364524958
18.5984927389455
12.8074173963837
17.3096517617196
16.3861876135172
26.1124075214902
19.6047570371255
19.2268007956727
21.4965811710759
14.8555733861224
10.9646147344495
16.6192776513206
24.8312352311413
14.9582988907411
23.6383160970874
22.3698083540052
21.3454053688991
3.77309063136575
19.9795057418776
16.7837713798422
21.1145501160589
17.2222395970378
17.1807599194005
9.32091693381392
13.5436630006819
22.6381773572202
9.44463321848212
11.3543742185709
21.4712865249211
16.8585924254780
17.1586981635674
14.2137963789954
16.9794558184680
12.5965246246770
22.9021754302876
17.9518002269792
23.2227851108811
24.5014854425205
20.4180176525049
18.2778001693516
15.9562568997953
21.0055841322873
8.28519051557914
15.7739477127200
20.6158054978741
16.4380168623784
19.7700317401744
23.5599630371843
16.0397159670850
7.78332155607425
26.2869070047867
22.8987445152288
26.3911216920894
21.7742350907309
13.7247320360875
11.3025413503280
12.2224736192774
28.5459979803273
25.7153156317235
19.3183520775484
22.8371890515748
14.0506757231579
16.9458739214132
19.5972593845010
21.1898074456260
22.9308473455691
19.1069114251194
18.2801178074828
8.97406377532381
16.1219071164086
19.2132639927373
18.3464968239412
13.3750534571681
11.3812739813805
16.2102606747166
18.5214850104513
19.1981318051928
17.8219210777441
16.2575619774230
20.1180961593879
8.99156526126480
18.2844548768091
21.0295630341611
19.4379731404784
16.3219016908181
8.82215701149054
29.3116295438582
14.7248250742557
17.1583931895849
25.5478740501550
9.94717450636611
14.5785465770653
15.5002374634540
23.9636073980349
15.2274056465374
31.1488961964529
29.1518442834265
21.1861170959298
24.5479252892353
16.2689586007698
17.3046704083393
16.6187146450044
29.2853825158535
24.0019187010829
19.6241500559115
21.2430030591244
19.6214148422081
21.5538922420062
22.2789419473906
16.1714729308919
21.1826423652861
24.0413084805689
16.0523580846870
19.4527422710385
18.4087755637452
24.3517914879527
17.6995024740971
11.4556732053370
22.5198265051124
19.5244340809633
20.7568496178881
22.0915971571870
25.8351022032228
15.3966123044912
14.6939035268936
24.1761143607864
10.8915659553111
25.7169524000794
16.5199981313720
18.6057467898835
20.2750751525926
18.3709075854299
24.6402377844511
20.2953081472738
15.9127586945797
19.9896008992765
21.0856739357135
6.17653401851874
24.8460439594478
16.3589359353326
24.0183737131365
19.5617440351650
18.4263686340924
19.4722196790796
7.23110736675825
20.9384194224688
17.7376424161744
10.6271025912061
19.9687318553293
21.1739479159073
19.9720482068179
16.5311434588902
17.0752294140957
21.7754135856221
14.2803579192994
17.2266538056448
25.7532591541969
24.4551053143653
21.7288429872981
11.6914068583874
24.5723915474976
24.4475935060776
21.4271068660609
18.3197372502462
21.6996722045941
21.0081176340474
17.6338203096932
18.6171750902497
25.6684400058919
13.5466969906142
22.7227423323442
11.7058085227136
21.9049548318955
21.4472878861244
20.4752327786784
17.2912262140111
27.2727068210662
21.6081344884878
16.3375808303826
18.6731843106132
23.8280213246794
18.4964792651550
16.5360331758253
15.7335869582422
24.7403301509251
18.9989878683317
19.7348313513996
20.7373562433681
12.4272689676751
24.0753665186576
22.9410656460139
15.1271461681278
16.3120834340870
24.2218961899507
21.3337390615855
22.9553472687718
22.8668817013046
12.3727979516840
21.6211530045802
5.46025043463673
19.7561864578732
14.9620593993068
19.0604523141406
24.8395436073948
17.4974193812119
27.5809937329443
17.3931283345880
22.3150687692719
21.8167380592336
10.7990518919246
22.3228054966412
16.7761952206624
24.8426350492881
27.7868412135572
18.6106728448230
26.8954628755476
16.4612235056202
26.7183378011624
13.6672459331652
24.4842250284440
17.2134269005407
18.8195699932715
21.5152749645003
10.6023478553425
21.9581522670799
24.2458203952673
19.8948033287863
29.1161175625711
15.6445042538776
19.5444729696118
27.2954763719488
21.5457070266119
20.0432979350090
17.6017078064064
9.82016140947260
20.7978161291010
13.3247243616087
27.1260296748974
13.7627200502019
8.92817152512567
26.1713018183454
25.9247893109247
17.2272611383941
9.97024188215905
22.0973889230620
16.6654603191223
12.3778039682117
7.13799809267190
10.5618413494635
23.9994906005240
22.1207612899618
23.8334546934322
26.9102123901965
23.0036363364555
7.16872687985675
22.4840370124844
15.9832678163115
24.7131924719085
19.4159408204521
10.3461044916127
21.3312812612889
20.7590640552855
16.2297214328751
25.7428057350405
20.0596036611628
26.2952979711629
21.2180245911353
19.5812076540351
24.0815294910998
12.2697249626212
18.2099026407409
25.5236076801193
20.4525797404151
13.0552934564715
12.5792458040842
14.7075506234921
22.3360155710240
19.3416691956212
22.3974284528750
23.6954423145408
25.9542973568765
25.6787792151640
20.9735623208605
17.3516148170530
13.0214903188906
8.93084475904342
22.6106793312007
18.6100932543544
18.2072047982046
14.8587590238485
21.2500412768553
9.47901604971980
15.1504518409079
13.1940826733583
19.2089198684080
14.4234878743050
20.0109526938411
17.1862185472587
16.1881792713078
11.7040563624496
26.7166999421047
30.4320934065493
18.3902989781791
14.7138086631702
29.1333283628048
22.8791311765051
15.1502417040321
22.0379700442700
24.6002294270600
18.4697366414705
16.3350245132109
15.6299871852947
18.6759799383125
17.6289392598724
25.0074576331295
26.5799118305810
20.7133112622918
20.7904883177548
21.2547332759900
28.5574053067334
21.8890705247329
15.6064220833750
12.2366253449530
14.1780281802745
11.4897510910749
26.6626559220934
28.4616640998074
16.8583227848293
15.1329715349917
21.5475970833498
25.3297811768806
17.8651362916955
18.8442271477723
12.6003024614159
24.2418533819712
16.4087254861799
21.8355674474248
26.8507656228046
16.4709474836991
22.4504303134065
19.5644305253147
21.3281351642132
19.7175832015804
23.4815627164899
25.7464308889540
18.3907072580754
19.1116215795657
19.8855400642939
8.02580906540745
21.9807549061955
10.8201650313499
11.0059208855411
15.2938530259885
16.1992387822863
17.7595541566721
20.1375191325481
8.36266003349251
20.7034696270938
15.8114268236390
13.3519496092135
22.0060758775200
12.4213225239000
15.8316729880721
14.8975415688474
21.2067940511252
14.6770242098947
17.0099978874370
22.9091184191409
23.2817546142519
18.8378898664767
15.4708411105579
22.7781734531330
18.7590165133083
12.5559524530181
19.5220029363839
17.7064344541904
12.3052875619986
15.0018695506416
14.5607901890221
13.8182889896348
14.4832411583821
18.9556922877793
20.4984543255851
20.2584486261732
9.17534274057754
16.9211368017551
22.1629231789926
16.4099120599892
18.4448871584019
15.2820300953335
20.9114435033175
26.0613527114913
13.3203398792621
17.8361371072123
7.89406749167906
26.1979682854557
17.3626544646082
27.0894977914207
14.9918242810092
22.2572466077966
23.8625213400303
18.8765001457162
10.3395815315361
18.7957367331228
22.7720505143810
16.5856942149481
22.4266620101840
17.3486633024929
17.2152229265339
22.6032771559743
16.1062004715263
21.6509743433782
13.8423692931781
21.9366217723726
22.1734054171278
22.2016354293481
25.3473166735522
27.5153264698115
21.0716598312911
16.6188962223838
14.4837250771985
28.6861408550792
23.4123878557668
26.8251959930105
21.8507555457571
15.8263089420636
16.7783771115837
24.4641665870508
14.9980681978057
30.8523385934403
19.0732829551764
27.6076953190261
26.0983838779232
5.52034738829028
14.0007365361978
15.8802893449266
4.57488861550477
9.94107167826991
22.0226432254851
16.1123427644310
28.7313135269420
25.6393856473399
16.5915707074016
22.1763669020176
15.6418812153510
19.9488464289939
15.8373473383505
16.3669334254588
12.6491401354125
23.4941783888369
19.4976162850453
25.2390051972718
26.1676991302971
14.9211112501521
25.5228180072795
9.04915979201897
17.0910294400184
12.7491588519318
19.9907479730625
15.9914460128814
15.4285674786907
27.2802273405823
17.6176168358181
13.7972653860312
25.7792439385957
19.5454621542228
12.4978726286578
22.5935272929137
21.6388012508082
18.0256711730064
18.6172142302028
20.5463571075060
27.1377092525954
21.5858948395399
7.64205313202015
29.5411665619641
18.1642259157125
19.0713222241092
19.7980374728860
15.9536308817329
17.2819768237174
17.7656904207060
17.3443904731295
10.7214529425121
14.0107509419322
22.2648045262770
27.7030180547870
15.9032468962429
27.3724167389172
12.5087955796047
7.62747934202461
19.5169928117477
17.8947395705041
10.0091318198234
19.4646675639620
12.5649051552043
24.8294260014615
21.1867651294022
16.2142235069855
12.9308927655007
16.6370886370996
25.0591780268342
14.7607645151419
13.6150499411056
13.5801531353926
18.9705490379502
19.8142992208340
16.1942127710774
15.9731095661568
26.9055968582268
18.8819464800255
21.1528150336630
20.0391168928701
10.6677814615383
22.1827986679244
20.5654125669302
16.1359923039001
20.0630855583901
20.0061617477319
18.2793969022671
10.6774758712746
16.0103068946822
21.0462314079913
18.5362743287588
14.1232390238174
25.5601763923977
21.9469694188180
13.9029361885252
20.8402103272344
16.8452693088489
16.4413683350070
23.6471344966543
18.9713093152743
19.6989257801210
21.9546778018792
30.4801942695196
14.9003409044084
18.6300337495814
22.9747145608265
21.4975574362796
24.4698569382661
5.29945098006371
17.4608465570422
21.8720544241653
24.4467005341101
15.4905686888207
15.4541442864001
18.8379546447298
15.1047520792363
18.3098485677936
18.5038431397038
17.6209523310191
15.9936390923317
20.0101952505291
23.0969976593185
16.6329569368321
17.5236101170643
23.2604356398834
19.9839365459091
21.2779664124649
20.0240312833863
23.3074912329121
22.6591560558612
15.2701501295064
16.4387959226950
12.5896482422411
17.6829487271409
21.4535475908743
15.7897782565806
26.0421550111744
23.0978922906142
9.64485467057176
14.3810538796541
21.4138309057964
18.5236354384777
20.2349516347328
14.6247823235132
16.2064921736843
18.7478867105954
17.4837135993411
20.1822365177761
15.2111315816746
11.8239115075827
15.4992986704225
18.7910271133731
22.4692859700022
18.8352567990238
22.7140868285108
17.9556890795087
14.9154602648961
14.8700054652633
18.3638629905153
14.9610667744748
18.3135961340980
13.2770984463106
21.4289985430034
18.3608597566379
21.3359530875607
24.0005722088648
18.3590982209553
17.1335033760448
23.5062588143392
25.5844745062132
18.6134182554907
17.4053754621221
14.6636761191532
18.0617092767852
22.7141062536906
23.0355997497170
21.4811160517719
14.8610547423063
19.5525133890887
24.5372987343889
19.4286627271887
13.3194514452733
10.5040509663448
25.4509195051188
17.1308627196760
21.8650067044431
14.4289879544885
12.3037721915374
15.6488450771707
17.4100500961851
26.1336449581611
14.6656017134235
27.3638014131742
19.1464476756140
20.6674273526176
18.7136843878752
18.2315436810854
26.0348800033441
13.8394765201926
27.5565920275723
15.0077574763301
21.4150252721987
21.2633606019754
24.8564808393138
16.7324327663472
18.9374714817823
18.2209539819536
19.3742379680667
15.5836571994721
12.7123140085353
21.6967012480475
24.7307843670428
15.3554560551651
13.6860976639641
23.4142703761325
17.2636202161085
15.9394080992539
19.1259657966944
18.3348386298872
19.5316530503434
18.0468808528763
21.4106638716441
22.1099582072545
14.2418435925263
26.7126192536999
15.4550527955056
23.5424676042857
21.5661195934866
13.5260574549319
23.3125334368363
18.3878090309756
22.0804530055785
19.8492946664710
18.5109296939223
21.5015059455388
22.1912597126915
12.4079193901967
17.5891086023248
17.7953002637589
15.3984097794889
16.2810593633573
20.2383074369965
20.3593979434767
23.0210465706617
22.7679590736150
14.2332481335473
16.6825812698312
20.3941101246583
19.4696897780975
20.3733779067719
21.1470762184576
10.9871488652689
24.8862001109050
18.9201562571830
21.7404099885849
22.4907585338952
30.2132559289101
15.2969258670268
17.9519578477950
27.9384233985145
17.8423880106949
16.0837816938210
27.9441011469985
17.9466121226779
11.4512475817450
21.4210667446487
24.5708362134058
15.2315501180452
28.6429450409283
20.8673910921635
23.4716851040239
15.4284478098512
12.6423073299794
19.3369190911363
11.0936539776154
10.1470690106557
16.0177524762500
7.69150578539036
21.0406240638955
15.9269772587272
16.4538376718409
14.9076542487192
18.7440190486609
18.1736755734161
14.8066868893693
16.5264386716468
11.4582085959848
21.5320813903921
21.6287278178641
20.5335035199675
15.1026905544399
14.9529147449648
23.8604150251511
9.16298335965428
24.0246594059557
29.5672407624242
17.7623227143001
16.9739165754281
11.4477405287690
17.1410162741666
20.1022694088900
16.2491629467440
25.1855260971838
14.5533034916874
17.7509731561960
23.0699151713978
11.5075861855528
21.8394234625615
13.1454709366850
24.3537936207872
12.5601967661389
17.2487922610976
16.6550007523688
20.5999112744130
20.9339859707259
16.9791017689613
17.5813738587373
17.3561553828123
9.41910472368278
18.4727535093865
20.5518145874746
22.5755689366030
24.3679468944834
16.3344809488105
10.7921967500913
19.2060928614257
20.0917484658248
24.7813687978611
25.2896009211102
21.1877293502483
23.2540252211245
13.9848039769980
20.3239086302025
13.8744044784085
17.1107914136018
27.2812482219380
22.8873549420307
19.5334379626468
17.6546569967482
22.1223516596144
20.4471888024054
9.85907470647806
11.9383993092246
17.3797082582012
19.3720328335371
21.1754611730342
16.1425026386259
22.7221382871008
19.6029498023367
19.0203519531427
18.8195285883999
17.9579520422151
4.69588376985632
16.4296041668455
15.9288958247173
13.5072308265944
16.8563617006793
25.0385949103578
16.4363749944323
25.0502946300669
21.6442141309691
18.9053081511120
14.5995528533070
18.8055853528162
25.5058187261920
10.9710528462647
25.9124041163153
12.7539463949428
12.8226982719954
22.3875598238624
21.8817208705459
14.1103733861862
18.4773608617983
24.4622070334901
20.1853973704920
16.3579262333664
20.8920492756722
16.5357224380261
21.2912663040231
17.5708163250426
19.3329292861402
7.09103436092416
26.5488769506166
27.1529723672046
16.5808066161875
22.8126599376078
16.1745184526891
12.2334981579658
21.1490026439271
14.6240210062394
16.0484043856165
18.0777903973457
12.9882231375009
10.1025824870055
14.7373082510946
6.07615386112794
18.6877067157288
12.4646540957596
29.5317892191247
20.4961960916543
16.5288858640034
18.6322088827384
11.6178365103437
17.5982677253314
19.2646714273246
15.9553000880748
23.6611709356149
18.2804238140491
16.9419045269517
15.1598514216419
24.0270954519811
13.0544526348454
17.8995590674349
22.4689643761746
13.8350438532151
10.3923586654837
19.0738260498773
18.3043568638943
19.0784749394459
14.0352198592398
6.82470029072343
21.4539176100544
18.4737156433829
12.9241486035359
17.7906909931352
23.5236060763791
18.0167641631596
19.6759242533062
19.9394089770766
15.9948531265003
22.5689406106957
12.5962972701413
20.0457965536669
22.5045910812162
18.0610800166829
14.3189556938501
17.8593842680013
21.6102197423526
11.6957587375622
16.8633987184231
18.1166198318321
9.76601578365176
21.3219601203204
18.8700790429764
27.5411841155948
28.6228383999431
17.7945882998895
19.5328484973101
11.1458114355435
20.3529012454352
19.0327572814218
8.40409153520109
23.8192506132965
18.8539017752121
29.0524468979148
18.7631170554601
19.6083040478199
15.6213052698109
14.1242665699557
18.7774439056139
22.8375881218049
18.5091669310026
17.8276450839964
10.5083460858766
20.6640389016706
13.0314157804434
18.7384268882719
22.1531545081763
12.2500120336108
26.0481123983904
19.1090536420140
13.5391995579758
13.6872866308055
18.2383848735230
14.3070035514990
19.1115493997961
21.9418981943942
25.2710612512384
19.2783538840759
19.8800287711133
20.9323783532359
20.9466905278085
23.3268347982305
27.3082052784330
20.3495286633022
14.4925035129933
23.6929171051926
20.5240544811332
19.8289598323637
18.0982191433770
17.0340252625331
15.2257705780854
19.7027473382244
7.13936959801944
26.5291313579211
19.3827889186163
27.4935920689115
23.0780754602685
16.8460775422800
19.9913178400024
17.3359387483697
20.8652581814095
15.5575514363905
24.1056530726635
21.2655582252623
19.9196762551543
14.9635612974376
20.0201113046859
23.2010125610702
14.6240793940257
25.8358154605457
21.1110128257040
24.3965230140112
26.1775736080152
21.1175238019988
19.4371261354103
23.1024412640047
16.8187118349629
22.0610475379418
24.7709507069556
16.9760114885977
15.1294152945679
22.2390852609066
13.9978512433195
18.1725503493412
18.1288163489433
20.3134764644672
25.0182033929479
18.8961738533735
20.1184552112583
18.1870525774360
19.8804131493995
20.7315542966743
18.4582029385043
20.8896575713380
20.7769753489305
20.6608408696473
22.0732248651822
20.1776840486910
23.1914659495089
21.5551260913927
23.9126370944910
16.7914719953984
24.9818404385927
21.2886367013246
16.1932789001631
18.4650719018223
27.9356622589654
16.4089668969073
24.1174721444240
21.1363975388653
12.4269268286404
13.8526016760738
14.4504586542531
17.1353203919340
13.0967481754285
21.9425632608293
26.2470123375855
25.3330878037326
21.2382647286750
21.3795761767605
15.3944237144569
14.4789318229734
22.2430609206281
18.6116921263034
19.2872047624951
17.7516588165550
26.8170524594059
22.8893339726216
13.2880053044392
8.65738082930062
22.2779267976389
23.0391620669476
13.4637676538954
16.6287653686991
17.7050601851339
11.6899624667735
12.9896763869602
18.6176398662792
24.2315555794938
22.3580498444861
15.9476961277676
19.0903914715956
17.5020188962288
24.1601603727072
25.1394263327792
15.7692354248712
19.4823449676965
25.8397957073859
18.3375025491151
11.7288019552095
16.7390140559038
21.7725729192214
19.5376031851690
25.5000337394195
19.7024546031293
23.8770110682315
18.8036382587410
14.1507835235939
15.3031656194415
10.4493420113048
20.2077831967793
22.1569986094476
14.5266169647206
22.9233393613368
18.2267915301776
22.1551622146747
13.3118646831626
13.5245038413649
15.7420767579501
18.2035042604920
18.3136218478117
22.3015448065759
24.4149639593089
23.7979932242835
10.7729029700081
22.0045086492912
17.0691680077248
12.2008493591928
22.6710066720368
15.0624564312463
16.8064971114737
20.0446808931805
21.3440086487950
19.1643259548268
22.7618009311791
17.4714521450362
22.0357525016648
17.8892573050513
16.7457648456820
22.7675684843348
18.1139416817772
20.1835291010501
16.3788799044856
14.4964488930032
29.7112884234519
18.7699528736484
25.2812922739844
19.7753437173344
19.1930375680542
20.8966617437291
21.1358987927776
21.6167860216728
20.3891678705271
13.9834128740608
20.3989522638710
20.9776226526693
20.7071212427267
27.0347885973328
16.1181922669087
21.9708229812330
24.2454013877609
13.3169781946111
13.7905937863930
14.2408373990494
23.5650159399935
19.6765945726930
21.3048219594657
19.3408465906646
20.8479137693955
20.1039657977312
13.8039626384042
13.2242372484097
14.6532187769072
22.9016157149136
25.5019919977486
15.5402030550931
15.1555751069302
17.5305523635223
13.0179512312256
19.7770878857675
26.4192674672701
21.1961795301389
19.8237609939452
20.4279670145967
23.4753417852336
18.1975840356547
17.6869502784716
19.5837920219942
14.1926540988054
19.0675531180601
14.7505094991830
13.8970175072756
18.9825893388506
19.8157108566480
21.8692040632200
20.4340925930943
12.8953469719080
20.7326350900568
18.5622083209604
21.1243391446896
18.1229069842039
20.3266688350950
24.5342865879389
19.6749602080228
15.4815614110653
18.6598533339834
25.7769118672645
16.9070905608596
14.9217608955836
9.71887994817807
15.9274730160861
19.6553744836004
21.8638528281683
23.4268561409524
18.6894347814918
22.8624893765620
15.9613639028173
17.6858182007968
14.7081782722384
18.0676256104225
17.9984336163196
19.9907118099973
23.2882287789268
17.2275815715751
23.9550745286584
23.9568755529286
22.1890874591591
19.0792081974919
21.8287973798258
15.2007314249145
20.1773403454620
15.2605609406969
22.3478190448785
28.5478877525507
17.1970377225153
15.9634660400011
21.6286438825166
14.6409272754343
16.9014786036400
16.9227361404761
22.9106343548325
14.5129264181394
21.2836646129380
8.75226671921235
22.6672420736181
12.0504291988116
13.2085313015996
25.4504869782802
10.8376367556838
14.7353429309101
21.6947732460382
25.6377333667402
11.7823543580722
27.3515882049993
17.9074322192655
22.8013520184559
18.7813513493274
17.8691782434246
14.7148499455242
17.6412368481887
20.5492935451322
13.7639425490027
16.8113065076940
18.6027170111331
11.4551110462438
13.9919448628318
8.20829039016536
23.8273192769817
18.6156405213908
25.3164760949338
21.0876911926316
21.5706399874066
17.3980006689210
18.5601041228130
19.3921037543378
22.1889193094367
17.9913347931476
19.3329828686739
19.5673739141045
20.1674975718394
14.2923910214087
21.0191580179428
19.5202647076735
23.9476048102377
24.5465593141593
19.8484007263589
21.2140681671804
14.8308029077069
19.1072526906036
20.6340588796657
21.7828748644449
26.2500727712969
21.9299717801530
18.1350759399396
20.0680847332513
20.0443214085147
17.2726025291648
17.3856901868381
25.8796151208472
13.8410698829620
15.9683221694041
16.0837705815787
21.1308606688744
18.7615738447587
16.5150739730185
21.8037907157305
21.3523835359309
14.1201103946512
24.2987846594306
17.1918516463978
20.7595869181645
12.7510456699795
11.0007031889150
17.2468839861965
20.2623963545429
15.5473552378724
20.2094972249170
16.2933272575356
19.3162004070964
22.9263157824666
18.4110791582454
19.3892613123852
15.5056212242442
17.7079812241678
21.5936500965465
9.14472062225558
16.7614888769472
22.3221057845006
15.7805023120476
19.8971285119373
19.7803727522124
24.1831919543644
14.2097468114100
12.4609346194728
11.9290129508472
20.4995025203105
25.7832045665929
20.4345136239072
17.8249428121502
10.2118771501852
23.9881132542282
9.28385297456338
18.3806373254789
21.6354822009864
15.7389378198021
18.6010905912508
12.5658200203018
19.7092203696392
15.1311318818353
18.9864461939813
7.74726409262092
21.5812836222146
21.5369879945242
22.4956528115652
19.2486481876711
24.8602389728405
19.0798862297424
8.37065302011901
25.7762990005507
19.5514950439241
20.9360640419569
11.4299975609438
18.1779429861701
13.2406337375867
22.9806487879444
16.3878309433707
24.5239270324830
28.1997001979894
19.3859010825274
19.6470678860482
24.3830222753439
17.2866593356260
11.8201745715107
22.9360354810725
20.5258910890224
23.5685309756312
23.2548877319216
15.9897599570714
9.56666765515667
17.4307509814220
18.8225068933273
16.0730595530492
13.8874915564663
16.8647255413506
17.0280665604704
15.5148282770990
20.5718082974566
23.0155692806756
14.3494685427629
20.6212824321268
21.8442382073544
24.1833708180628
13.1432284455575
14.7928694785155
13.8939414158214
27.5704190798548
22.9995050370857
17.8856890234715
18.5652157996235
20.7162470989065
12.5631880989607
21.7343179878261
20.2688142848491
7.56917867833626
16.9736561621093
19.1293098360563
15.9579085932309
24.2906384858977
10.7473473348626
8.49481509489262
22.1821847754838
11.5263770574306
19.7900626107548
14.6165244727312
19.8945571668039
21.0652846760201
15.8269989196741
19.2273074459344
21.1841219516997
24.8257379423427
25.7943368475405
23.2990067807119
13.5322668906754
17.9004128626350
14.2442985851155
21.1050460360389
22.6603949144858
24.1744476888916
17.6301770200992
25.4959723999640
20.0442793870423
11.0883002827276
20.2103294416026
15.1974749871500
25.2098482222705
18.4321373018577
15.9316957212715
21.3369478190022
13.4739023856378
16.7374622724139
19.7431240647736
15.9402159136149
16.2456354023907
17.9990197954437
16.5312765598962
20.6905007914141
18.6924622007782
16.7680271975712
18.4597081475882
21.2051421459961
6.12301423272354
21.7209108494988
17.5348880597088
26.8008828078112
21.2094573635586
25.6216138255031
18.5811957694665
18.4279841342645
20.6711837592249
18.4708347736855
17.7010466058000
23.0919795074788
21.1439197851387
20.7769934090311
19.3986877339426
15.4928460465937
19.9845947730398
20.0705992428156
21.9155336264056
13.1500175332096
25.3666664663694
18.4706809452047
16.8497410405648
21.2233204988389
24.8717369949687
17.3696430465410
21.9347038608137
15.6394250171712
18.9499967754485
31.0302487110016
18.1928465413173
13.6753060703957
25.4032121006333
20.5986458426995
17.9902039085912
8.15393976455291
26.7765123004635
27.8192240284591
17.4024630819618
18.7901471602720
12.0974880201519
14.8032540845893
16.2136547774632
24.9057466259440
18.8884733447608
25.0722126023288
15.2604594291618
18.1153100162644
12.0966911379254
20.2501478486112
19.8895747715049
7.25856245276331
24.0070972998790
14.4625871378728
16.4469665771479
20.0764532338654
23.6911430474607
22.1669342794600
19.1884867081234
15.6882574523740
27.4724538621042
20.4532639242529
13.9610776848850
22.4886610038707
15.6286638054096
12.6528532926544
21.1024011537639
18.6496466844704
20.2024178392441
12.9268480216929
20.9961262977411
23.6818192379122
20.9773207506176
17.3721393821757
5.11026746730849
21.9735574242327
14.4926294143145
19.5248892836825
20.6817885904821
22.2672835257771
25.2388870948263
16.3074801193209
18.4123493381917
23.0475342925194
24.4072852775003
26.2683661664376
18.9906364138920
10.5925574332570
17.2081137499526
20.2168910525157
15.4841017833582
8.71919362203687
15.3713813166156
8.92163907397041
26.0227852014220
25.7171075077937
23.9917914552361
17.9800902918099
12.6498336999998
12.2366510833133
21.4839431232942
11.7303614227624
12.2185132341764
15.9854180888401
18.8917313125475
25.5970871440355
28.4263787571509
20.0768549376016
18.1447359921126
19.0214553828088
24.4616415471915
16.3982116807903
7.12539059014095
23.2288650590236
19.3882302440131
16.2854740177011
26.9183268338587
21.1485280456281
17.5083858207219
24.4083714900704
15.8222858185019
18.7943626247927
16.4744902263181
12.1411610324732
24.8866150037096
14.1985665226870
16.6732701862000
13.0004338805963
19.9734299789701
21.4295348922842
8.93928480869273
25.3617796533843
19.4907971863241
18.5245495009716
17.9585749562267
22.0913978689657
15.7219902693878
14.0086176732457
19.0033735878690
24.4496100362981
11.4933732677967
19.8913989740589
16.3140683260243
13.2025450437892
25.0458421014720
21.6641182646825
23.8003622416849
23.7323559112775
10.0744113783751
25.2612604855828
25.0217074457281
12.9006680057025
14.6533846787361
13.9919416855087
12.5604435010970
19.2243039959094
19.2609390493702
13.1890601266844
23.9718358775514
21.5879975863823
16.6903499987920
16.4407140042532
16.3671044932690
7.07540369202820
19.4010042114082
17.3194863339534
18.0829923324179
19.5120944773298
24.5520015396374
15.0577775777455
23.1033848340263
13.1486442038677
26.6111112739089
21.1815916328320
16.6733666200098
12.4166042736324
20.0309440252127
14.7897967071638
12.2297936780698
13.5094817331814
20.9227269116939
12.0195262824156
18.8570599085926
27.5908260641969
12.2822612944996
29.5920736975707
22.5296515007137
18.3801775778282
20.9085083955606
13.3556802928553
11.7603160048260
14.8623323555863
16.5002348002160
20.7759862026688
27.0101462116462
21.2135639983966
8.25391824923270
12.2108324290013
16.9543298707586
20.9139745424749
18.1676595029876
22.6018585225655
20.7967254171911
21.6392346170026
16.6851566423097
16.0045283526437
11.5344986754034
14.1051854790964
17.7139770954220
17.7332175799365
11.9991058674992
17.7863452870247
17.1434749624787
24.0567168175566
25.6675903260477
28.7163060760206
17.3176477488584
13.9612905707462
20.7878744716914
12.8747845495422
18.4479438417401
27.2605977302470
15.4110449120437
23.3483689867732
11.8416689143475
20.7121071015965
18.7336303697392
25.2254099131788
14.5018618264365
29.2608790253954
23.6743216022491
12.7894857383542
19.7250045731361
9.80559658219485
17.4111806193457
14.9243090918391
6.36347907160436
23.3931793214756
15.3218550873735
14.4626735426380
12.3372198961486
15.2033701144055
26.1386530067552
13.7809239908481
21.1640423536700
18.9254811009854
18.9536352035835
18.7392629524084
25.2519160223024
15.5293836017602
18.9273875396360
22.9834197437042
11.5304401290044
10.6381174972190
23.4985552881433
23.6621313009546
16.8662442811725
22.1505816010107
21.6301630667604
22.9818046422735
10.1633349483667
18.2749713341866
12.4440069209438
22.9208582409982
10.5347728106819
16.9798201054796
11.2807896359724
25.8420345455564
23.0434622652690
14.2183879168251
17.8668219500834
16.5839055726180
23.8858634973071
20.2395360781463
15.5263088652296
13.0601780012072
25.7895866889109
24.5577095576917
21.4468012378991
15.8470911956412
19.2839052673719
15.2498285909006
17.0677394052596
23.0681852590959
27.9858501032560
23.2768211249802
20.6941255995970
21.3054194463959
23.4659715184688
14.7771384286642
16.3875030526988
21.3346826058580
19.2850027574600
24.3381429057638
23.6639374182754
14.9750102270588
18.4338289225874
17.9156166883397
18.1792321390908
25.0627650260253
20.8674660492563
12.8765697610439
8.90161364850452
23.4422111779994
11.9312712585659
22.9392417287464
21.0970435921919
20.9123853212462
21.3136082606682
15.4807398804592
16.5684429366367
24.9746428050924
18.3597055707688
15.4494669449682
13.9088457299472
16.2379162264039
22.4848431521086
11.6597786869421
19.3817327469632
11.3956362646484
18.1660170766712
27.0298776481517
14.5502414008448
12.5261251765736
10.2042891952401
23.3712088300395
20.9705828169333
14.8080055099814
17.9485708492917
15.0968691067517
19.0262264439127
20.5143448762473
17.2065108369894
16.5855549441441
22.0694220343270
17.3582739077278
16.3441016266669
25.1630769912772
22.2295671591526
14.8493926202821
12.8803803912787
18.4888721109646
25.6238130935520
25.8702443380545
16.0116791663786
14.8632848570010
12.9048652646531
22.9322000551466
20.0212598769333
10.9212354833634
11.3234900369452
20.8977811383340
14.9156470377636
18.0789551638401
25.0218396255805
15.8544064145854
12.7931439709362
18.9780872420646
27.4969573149907
20.1490147138381
18.8805406378610
15.1501521134111
23.8093166550533
12.3282615472769
18.1080516668844
20.1475418994936
22.1388606090826
16.7507198557303
7.77912016347266
9.86847358950582
24.7048406237034
21.6624702948876
21.9791101237846
24.6315220944802
18.2120022015492
20.3157552836231
16.3706134500380
18.8158169311060
16.9312285052837
14.9450763789283
12.5561579990965
16.4334320607948
17.4736606323497
18.1069780908668
22.8321318665983
21.3715985190783
22.6633612608966
22.0167696095501
13.4510357693040
5.83887668194918
15.7967629660455
24.2429675607581
19.3513518967043
15.7022441793848
14.8484273387740
20.0087374141543
12.6548338728951
17.1259128458524
17.2496405487051
24.3226321364456
14.3793556902879
22.4105988327059
29.4950357636804
19.3921243478232
18.5431405950053
23.7020878342163
24.0562762729765
22.0806575011066
19.3971577425616
17.7132145019291
19.5474133024275
23.0686215719641
23.1068695353912
27.0416834879075
18.6644071769358
19.0035312622738
25.3146243212934
11.1317370354190
12.7606273407913
16.9947856592858
25.1586782969346
19.9833266656624
14.5647464990543
16.1893598769960
10.0246961695473
11.6829200890821
17.7745892218683
13.9785715881156
13.6865405460159
22.6880487952993
11.3485638829486
22.2372757977762
14.9630150447898
16.5667938456585
21.7583690854023
19.2557826674912
17.1193972993705
16.9470882153150
24.5124615755167
23.2601907631833
24.4249758011104
22.2030379954222
17.9809438448767
17.1631925010817
21.2016852616888
17.8374137364093
18.6239742801822
17.7254181270677
21.9182716623594
20.9550008659319
16.6619359522430
15.5123974974672
19.5637146481821
17.4206079362169
31.7856825011156
19.6416645017612
21.5779419306825
23.3550801058238
14.9067617229804
23.5516919935118
12.1053681333771
8.14792434864547
18.5427141528237
18.7007588818529
19.2325226582926
19.9528250460511
13.8829030640814
20.6221694827064
15.9336098443074
19.0129694570387
15.5600053169708
5.12343871657726
26.8301013541077
12.3761236409397
16.1779164952001
27.8870421896060
22.4129885882617
17.2682296023034
21.3584976221488
18.5803337329040
25.3313013688293
14.9327508018941
13.8428655705587
22.9803146055442
19.5075261857965
19.3931426332409
16.7307165556202
20.6010071882049
10.0751672639437
7.84047908436478
16.4248498902450
10.4577425041115
22.1665150698822
11.7846533165486
15.3569438486538
26.7063332936698
25.1692344070666
24.1409883041713
18.8652886266301
19.6872927286873
19.8899075242270
11.8521588835460
19.8608943810809
20.6394481282223
15.1364459134675
19.4513830319904
21.2249234254757
14.4829091215209
17.1028864295883
18.7112925791437
15.8567689107613
23.8095533130912
22.0075060947230
19.1860978112350
17.3802240629031
20.7741362366456
15.2292048050807
16.3211127909788
11.4455351240354
15.5802726105311
23.4656559633722
27.0067933931538
19.5942790152519
23.4164990044513
23.4424177156613
15.5465847767696
16.2111189285236
18.6232369547206
22.8513817612620
20.2354694461417
23.7468299726572
24.9229582145262
11.6372984433866
24.0625682655574
22.2964881012057
10.7552096376213
14.7086134823472
23.0902087667073
14.0515941815786
18.6532682550847
14.5871878429601
24.5407526487682
17.6477461205217
16.7621876657690
15.9443907021379
24.4253075256188
15.8248900092173
21.5396683885304
15.0090891574680
10.4466658953593
16.3541499156801
12.0580988842489
19.2783347227939
15.2116779931496
6.67413168214117
12.6616770134021
15.2378516217052
17.5715945929845
16.4280178615554
16.7560107634579
16.1507676669176
24.2568740789940
19.7061068840811
11.7805762709934
23.6876086168635
19.9122972977605
23.0785956256531
13.7810287247099
17.5326011366602
17.7070140304750
24.0075439789450
26.9206649404917
21.5043637601166
11.4552743156490
14.2248334558558
24.5912406319037
13.0328261544395
14.6060414388534
17.2800024068544
18.2544632683210
11.8208575134697
16.7655725447847
11.5462198885893
17.2459293205431
22.4895537390205
23.8965117534240
25.5988065957353
17.6373675073484
17.0169084392857
20.5039832173346
21.0294380987235
19.8971308412588
13.2029003458068
20.9137303134354
16.8195994776156
13.5545398227841
17.2354709760504
19.4780024224640
18.8892038202321
18.3229261604698
13.7203838277636
14.3476270694092
18.5425322375677
15.8572120881117
20.1722320103812
16.1670981589340
22.5792809577511
22.2258968294928
21.3250780221525
13.8966069894995
13.9201454084384
22.8611943403758
19.4719026754164
12.8050927513663
14.4861987040209
21.8850053717964
17.0352278535181
15.2457266992711
21.8445854508148
13.6885961810370
16.8441079756517
17.4428553081424
19.6898780845608
12.3384197699035
17.0010911772966
21.5096597685534
22.6001532951099
14.5970171745010
24.8509951260960
17.1407193351917
15.1263830556034
15.2786632254570
20.8638509825011
9.78434811574956
13.1850006089636
17.5826922908317
30.0929085879055
21.3706078078747
25.7369693514480
17.5106691889426
24.2960306692901
21.1153772630417
23.1083427481548
3.66859347910068
20.5173019259536
16.1835320110331
17.2748603032847
21.0201616470398
26.6340410088703
23.2680577037573
10.6339132162265
20.5676986002151
17.3879470304631
19.7223404276468
18.1968220715524
23.3067586755317
20.9284639292594
23.6367869101769
17.5215466586449
22.9753837691045
24.6176235587629
26.3157661170736
17.7656981311331
17.7232565166628
19.8562975539819
9.59158541186194
24.3837260740878
18.6534231245133
6.77841696931725
28.1404679626885
26.1593957268961
17.5176512236285
10.7065480251024
10.0964901708503
13.0584906540258
24.0384983550662
17.2273352751246
18.3649537652021
17.4505993592342
22.7549122912140
16.3893356276613
18.6254425796456
18.4559780972118
21.3356956730146
22.9765491703970
18.0708300614012
18.5591310897831
12.2780058277812
27.8429774729433
12.6794950436948
29.0026186743110
20.8389372168872
16.5167081940475
27.7523364855198
12.0849039302487
20.6940961446967
13.8778071925819
6.60272916459434
8.90695663569276
11.8343821690602
16.8849253694901
9.08807896813953
26.5283367514417
17.6411841488161
17.3450430090566
24.8196753821646
21.4825131793584
23.7931547133668
14.1637137467269
17.6844490333842
24.6828138104082
26.0394599854292
15.9296304535453
9.30786891106970
11.0255905467459
26.2347389467320
22.9566671883801
23.8989446734008
15.0258767757996
26.3651368260063
21.3094612189890
24.7630285321744
19.6748028062943
14.1587108642707
24.5259370203813
14.2430533283236
20.5273878516803
24.4536601640373
12.1494808787289
17.6868391648404
20.9626947379386
22.2235261969778
21.2873049764179
9.56603879443758
17.2597512876796
9.79408494900338
19.7617307340731
11.4120077863492
24.4550512645143
16.0180809693176
26.4117873642419
25.3715043042763
5.92997218626294
14.5524949648236
15.9167579447153
19.3850624879837
20.8701293864250
19.8140182679315
11.7662031562099
20.8499264607367
8.40856917459568
19.4491058964757
6.72272409582894
19.5080846963038
29.6004698285803
12.7446315050733
16.1843926644754
16.2858576830521
16.9772360929528
8.67935958139520
16.9528768790960
17.9988852619452
16.5114396030362
10.8065065958942
19.1888110026270
17.0396677891806
24.8144012215735
16.4090601639537
18.2538390938096
21.3872517080884
11.9272286275586
15.5765744249808
18.1405060911023
17.0589328981761
22.8597228025292
25.3593438413033
22.3390301858169
13.1260823395146
19.5823418037607
15.7018151508621
18.5163564138815
21.2693741077313
18.9971019867247
22.9877003280270
8.72356632297250
10.4784942866494
18.9552184316674
19.4299779127175
14.7851166629917
12.5192454114715
20.6941967856993
17.4757148489257
16.1620939398334
19.7912800432034
16.5847596445924
24.0353848247418
18.0619841421180
16.4253916477133
20.2068560562364
10.7596223921638
13.7521392268310
18.6469725499751
18.3638621106119
20.1304076453462
22.9618800288894
23.3690815657796
18.6632568710982
27.8043034289214
15.6535571554973
17.4104183968748
18.3999492428326
20.6304421705490
20.0618407520356
9.82917803600800
17.2778278386363
18.9981130371967
20.7009304026360
17.2444532640715
21.6322747614391
20.8181111562326
5.70010177092792
22.4381327280689
24.0160517812303
11.5152049574421
20.2648180607759
17.1556452791049
15.9471780975740
21.8980990503679
16.7317977524897
25.0741752697187
17.0062772403652
20.6717029127503
20.2546309192178
19.1346248288146
12.2974807987258
17.4841497446146
21.0825265675202
16.7596664877148
15.6406788890147
19.7519074515804
22.6467815590091
15.6109698333604
18.7979098733795
14.0484538711116
21.6344359160318
16.8191975356882
19.8261007624360
16.2061383072228
18.5460333129636
9.41530336414654
15.7874545506767
20.4844380981646
14.2845807588329
19.6436664713653
22.5329646706494
26.4161925971292
16.7686053882994
15.1928789762550
9.92699001673128
18.2201476261040
8.69566017251397
17.7568653099867
17.0691431167925
14.8204004204579
24.1283568801915
28.0776679369829
21.5895485173426
17.9635970536183
25.0450499856561
26.3102775215202
20.6397820275130
20.1298443482421
14.4009813741962
22.3315896534037
17.1014659833658
15.5546404496073
16.1293165745662
15.4135940686376
19.9864563142237
14.2062549324637
22.3603252940069
9.87859042166163
27.5171746958068
13.6460672837131
14.6670264178928
14.3044668964007
20.1904685677870
14.0109388589778
21.5110155460910
12.3560177423210
24.6542167587706
7.66708062597184
23.0513250965599
24.1211284113244
18.6771510338771
26.7940887647363
21.9969511422907
11.6744237194829
12.3503362716184
15.3425371282106
11.1289891182768
15.9341729338332
12.0498800106547
25.1497820133097
25.3713753642939
17.7936178391427
19.4851070071261
17.7463525247569
15.7510296621721
18.2564124509596
24.2433913934851
23.7902770385005
20.2191529107681
20.0339947458681
23.9272616697019
14.4741389456996
14.7694775229308
15.4148632235606
21.0316909302771
26.4344155774718
15.0870606115437
17.7995833527900
24.8094459681288
6.07377782855998
18.3718901096062
17.3401611234335
21.7817034836928
5.05037191771934
15.6454516741361
18.2123552140157
11.2455564783500
13.5546198491047
21.7737281134103
22.3988036299430
9.45016981028753
20.2976751117008
12.6055059944602
18.4199176038845
21.9449788008377
27.0118199280153
8.37460881031662
26.9110424269339
22.7927759720557
19.8322985726267
20.2569074765244
18.7734812914788
17.7861902565364
21.2651890033484
19.5026616088992
16.9447326450160
21.5105674803152
22.8015087283061
20.3106589155562
9.57154715468792
13.6250631576868
18.6694417878396
20.7334008585663
15.8772799747081
25.2822136057500
22.2292921788711
16.4426029897742
26.6939919692905
17.6433444128516
22.3307878491628
24.1563598371814
15.2208527126823
12.8011897320708
18.3091118361443
12.4260101446555
21.1495177876123
18.1981149827342
21.8663414689579
14.2036815145746
17.7358532365718
26.7128412385779
20.9585725128402
18.9335518770701
22.8887319908453
16.0821858291171
20.9024765223818
24.5063094028072
21.9512207359928
15.2865285795526
26.0555454014835
19.4475766375445
19.1344745874417
16.2046514168549
19.1179200681710
29.6646426217254
26.1386755035526
19.0662066672638
19.0746046632010
16.0450498242176
18.0637299256754
26.0971208722608
21.6923126816326
6.42128512265924
16.1147188785357
20.1079300587810
25.3207517678111
20.7727427913496
18.2632289585111
13.8885623862970
16.2199855981349
27.7942418027478
9.79497305316989
17.8900893820983
13.2872227763020
22.7855979405517
19.2510053623465
17.9077286295609
19.0435532631189
27.7576414998532
13.4863428068021
20.4798681509555
16.6945245104779
26.0453767229512
11.5357766594773
21.4722648091796
16.1743606920462
21.6504656953833
15.6618822559749
20.4500740766772
17.8959862518010
19.3221928360283
7.91806444893252
16.0994086949374
18.3789570620787
17.8951588011259
18.0734912363363
22.3545071497049
21.3040268580710
24.0324026668172
11.5501573117240
21.7805596785875
15.7743121766869
16.5873667672296
19.6873887616580
22.3007009749344
12.7835076193866
16.4900608077033
13.9014929988958
22.6005254781758
16.1027628205875
21.9522667427691
17.1403048943612
22.5548712082455
23.2750031422859
20.3734845103894
13.7517601447079
16.6722096875384
26.5185544359372
16.5497512034082
20.2160912221972
22.4147462009643
26.9177676019892
23.4918690544424
5.83215063209719
17.2576093725905
20.8362259103083
26.6679956020447
25.3603311005450
17.7384095228910
21.4543589700480
20.9469569193487
17.8252581774404
26.3706159127296
17.5956505437672
12.8140031913977
18.9661128985489
20.6067894226349
22.2637320544308
22.7039676949543
31.1500706240934
22.8879395625753
20.8147324775032
18.8382989224139
15.4902520729980
19.8125823077885
11.4326165531757
17.8553611928125
17.8856842754029
24.3495375227887
16.9018822735757
19.7870674590748
26.7681013412348
22.6187798682495
18.6427421589364
22.2158438738172
16.8401855256391
19.1916232068672
16.5752095554541
15.2142876556520
25.3363178479930
12.7330979244618
25.6573119128537
11.3993304095233
11.2854492439707
21.3546990798190
21.7280924194115
20.9435606447142
29.9461491273352
15.2828453902150
21.9874653679227
21.6728586747566
23.7846146897201
12.2798278169464
18.8740370371145
13.9353479819527
18.0896308376669
15.0238055637585
21.4817034590637
9.20782367530467
15.2856369739895
16.9910827662131
27.1374011610706
15.4343607064573
15.7586108480623
15.4503210058418
18.0336832558219
17.6529846410752
16.1095651936993
15.2293914503444
16.3447066752442
13.7648308383956
12.1652359252730
18.5738371850548
18.5141983295661
14.1448203620450
17.7882672628036
13.9354570597003
16.9532132189449
20.3110048354823
20.2585552144922
19.8824422689077
7.37849693132091
16.1602648856005
19.4476247343695
24.8243215304891
21.1577575969591
12.6232712722571
23.8964937885147
11.7700435455884
22.7546614735676
14.3856739383143
18.5986899248484
17.7183317414488
22.6899897749152
16.8126000746891
22.5524850816505
17.4148833715063
23.1598061093170
17.6539871696598
19.1007368289939
14.8271606741378
19.2608358043168
12.3507905832345
16.2407867236728
24.3997766310092
20.7407864895190
18.7233327569179
25.4736175737473
18.7912912041059
17.1972963302265
24.1256799209240
21.2943879451590
21.1505509754950
24.7582197311338
17.2456000092810
18.0268196648582
6.31112059384069
13.5506241468988
27.2481312065069
25.2499055616855
17.3223419090981
16.0255115732083
15.0625205782403
24.1845113757655
13.1019347488240
20.4868378060490
20.9649826617795
19.9172008949425
24.6985293920700
22.0731346742514
12.4302836330133
19.2001418814324
13.6798245351428
26.2093001607114
19.7557844095937
25.4135212919827
20.7485536344272
20.9609668786462
18.8839410404490
7.64550316847325
17.2206034163304
15.4794540568532
18.3584239612430
19.9582205641777
22.5584602386247
23.2034764838321
17.4429019451266
12.5923046108239
16.5961825827432
27.4200581909072
18.7048936314957
21.6566029280523
23.8990384071033
10.2947769355359
11.2948615048054
18.6126156549909
12.8456124396154
16.1273772105675
20.8095318632059
18.8090546221035
18.1770372921504
18.7585752009814
22.3546138063254
12.7936804315720
21.4793352917282
9.29271251043819
15.4656158426752
24.4888972271478
12.8770276763401
20.5913664658514
21.4322832754660
21.4978869730166
22.5346534380142
21.2586399092712
18.0003664746043
26.0471749916705
21.1783986993968
21.4578701888005
27.1709649210903
18.5592693984355
15.6996638500802
12.3769887498628
22.0520792276969
21.5946115477503
18.9566027594448
16.2842992042196
20.2267392072996
15.9275239775852
18.5502200262036
20.0539247154424
16.6416078007688
15.0727473246626
11.9753708849110
20.5461868776349
14.9477486036634
8.65570555697952
14.6217656162238
21.5365151088942
15.0738578819012
19.3712287335572
4.24837782596407
20.2838328459154
10.7933940381295
16.8673038523437
23.1860319349961
16.8017825555978
20.1583567971072
18.8162900305497
19.3527614479938
22.0543189587614
22.6318623127336
17.2997822388061
18.2518959555205
21.1108950989020
15.3718283295394
23.4972679062262
12.1761222329159
15.5784107965544
22.3284025996788
18.9705788860075
21.4501770995739
22.6861026244149
15.0368848444069
12.0920855782746
19.6523803714311
15.6666840748492
16.1022459026687
21.8403519725630
14.6201610743461
16.3062600437442
16.8151652270494
19.3492538347336
17.4594129500709
14.8814582900642
17.8629338460916
14.3434358449150
26.8927533599095
15.0106006776050
30.9078368630959
11.9898263286902
25.7993206182013
11.3913487266811
18.6048843325300
26.7119248792155
16.7015217548046
21.1977135248222
22.6201827536971
21.1657679291442
26.5251218473917
16.7189221219351
27.1175595965820
17.9366585917941
20.7966845175315
18.2914311223680
18.1425537398601
19.9468458017408
13.6684026932237
20.3242562573992
23.2036270086555
13.2732030054703
18.5805645397434
23.3824144709311
10.8560281378123
20.4572078879316
22.8392386940760
18.0132972979098
21.2183192481205
27.8012698108370
25.8737810710310
23.9166484141823
15.7466618525825
16.0929464658665
16.6913677607191
6.74931418233390
25.0274233769773
18.4788852202239
19.3420587262448
14.0486938480145
16.6247381762510
18.4981994838693
24.6089824092932
19.2993573702045
18.5775114305280
18.3767630314291
20.5771513168353
24.2341138830611
23.3796736974290
18.0969772332576
28.3838670757590
10.3785263626835
17.7083445165815
24.0853960100344
13.2567536713706
24.0645275731513
21.1345346224579
23.0227173281966
13.6959495553483
21.1932607910550
16.5119954981067
16.6320429464553
13.5219632298597
17.8010883420329
20.4463036970590
16.3412812551360
21.4030746009899
14.2085748734748
24.4091791044139
25.7180142145858
21.7258095420512
17.6260162816120
27.3149538254526
28.6015113741477
12.6801186737158
23.3519205066367
19.6942337147394
28.2341996540381
20.3512634294870
14.7294804221829
22.3361045146402
14.4887171833689
4.55803616939772
21.6619563481497
21.1226600985341
20.0421946176937
16.3989013967952
19.1986719959754
20.4541598008385
15.1563955502971
7.42203382188435
21.3958821332164
19.9572482423617
28.0063715199947
22.2992761728963
15.5362321971841
15.6861474219873
17.4805172031864
19.1265009283878
11.5348874602617
25.9495843368693
9.28123620570828
21.5367379515701
10.9296663054635
15.4169866659953
22.4747145467829
27.5316430351040
29.0457211070043
18.0671794454507
13.0384415529132
26.8034219262095
15.2939187016350
27.8926963723563
17.0694224558896
18.8729264888730
31.2720736851653
19.0512885774587
15.2284018895704
15.2620108439891
11.2936444965496
24.5962910077074
21.0116827168119
20.0143923299022
9.94880293196322
25.3763789354287
24.5280156917701
16.2309184427905
17.3153903681713
22.0804585771870
21.7787864155461
11.4830660968037
11.5906388440448
24.6133359468482
22.1223619825652
18.5695952998531
11.5128286690875
26.1512357722349
22.0072316794000
21.9395558611064
23.2019359946627
17.8838346758574
11.4234904977317
30.2196349714990
11.6751885013493
17.8547919319237
19.2042264412370
24.5173486064507
21.7256310037957
11.0447149306897
14.9616124294038
25.3217900355697
19.8199923438753
25.7418618488470
19.0496592068452
14.3077341694902
18.0693078760468
13.2355870358432
16.2388894308139
19.2650526005166
15.8991528782941
8.62173613940284
19.5239098118738
27.5264809445506
22.8100952567275
19.1143239216135
22.4111689630614
12.3317086285130
22.5535918808946
19.2224248055448
12.9301442061982
22.4435198427541
16.4727143686554
16.1829142069213
15.1462868227427
14.3549461281986
19.5584783154184
21.1155729517588
19.8351122349409
22.8221653284689
24.8965988709130
11.0022424683316
20.1322886873460
18.1269897580737
20.0419282868414
11.3139058689313
20.5312011838505
14.7951350742959
23.4612971408828
10.9178062329871
17.1079048133542
21.9308128729787
22.9312847616810
14.8690714796669
21.7796033171732
18.3470403865801
20.0013597069714
23.1043733850849
21.8368794677899
25.7316552728869
19.1956148638254
15.8078894472617
12.9950184723273
10.1814313659566
11.1072413169982
18.3826201753417
23.0120850454380
22.2316781298403
19.9043246216093
14.2610583701715
19.2919199114594
21.1821160919172
25.9207215773246
23.0291583764992
27.0576097043287
24.3892912349513
25.7799009866967
14.0221750121806
11.6084002391083
16.6043095282433
20.9104538158722
18.7149388520557
12.4240598020631
17.5939334976699
23.8369698990944
13.4789837385598
9.12683760550399
16.7046384438472
16.5601227437999
15.5712865147190
11.7046389357044
7.75297759490941
13.8555545988340
17.4634322969441
13.2768000686272
21.8978452826809
20.5106446133292
22.0272750803594
12.5613830072679
25.4671573427314
26.8342664931751
19.9674146376627
17.5627297569733
25.0453710126048
25.5118245966485
19.8437565721987
17.8561759710691
13.1401164192332
23.5668008006463
7.88515408982921
20.4696107412732
20.7238798168440
18.5447192494233
24.0570769018477
15.8813186048541
20.0871434831888
16.6510001497050
24.0124714241194
17.4047805308459
10.2638598404893
17.0205337773593
10.7514403895444
7.27647058266395
21.6779449738705
26.5166526176062
9.19276568358298
21.8977927646534
18.1585658850880
25.7628597862730
12.5342610983559
22.9390996864948
20.4227121687752
25.7605490271840
12.3076056552112
26.9301400328169
20.8666058440655
18.1029648583842
18.1333067730789
19.1300160230549
14.9375398301951
26.4402486487813
17.5561196723496
11.8870031955682
19.9347924559989
27.4866127093330
18.4836259135813
23.5891150854895
20.5123607566314
25.1023453961195
19.6844695765426
19.4404149229262
19.1088426470030
22.1019037925418
17.9869136024225
20.2712251665128
14.7181691688814
16.5696143761587
20.1237666013596
17.0568017829340
24.2652807508954
19.8812823930253
21.1801246957079
16.1199310425123
23.2115958124058
17.3502155810822
29.1467944465333
19.6551528708288
16.8622339925386
13.6373421016111
18.6104590631156
13.2139430303124
12.8925601073643
24.4619908111457
22.0427266936192
18.4193570086757
26.0654996669754
14.7194926753667
16.0755362766896
18.5457295877363
21.5800122331005
13.7429105358653
18.5453209115540
14.0088414409012
20.3792972533069
17.8115950852749
18.5189009821177
18.4391922668668
20.0011335017013
22.1473967137762
22.1273296378547
14.9382555852027
14.8894579799746
21.7642996723251
23.4159960532851
22.3591891745418
23.4243611221929
28.6926974718798
15.5106238448622
20.1835816439507
7.83329374196881
18.2473292001811
17.8737146545449
14.8570153935311
17.8473988345330
22.9999851809782
16.4104857921341
11.1083960884357
13.5415445254918
12.7260882048448
21.2523935626704
24.6406107646340
13.4089518471939
22.9334566812699
16.3154275787088
21.1921064626504
15.7978041792813
14.9507468715485
7.29665031658807
16.3385884375264
11.7246650030780
24.5102057558216
16.0008281768420
6.69987307341334
24.2609143344577
25.6108485681475
13.4165977459709
16.2568319096066
19.3367700692647
17.2986717092466
23.9838285571634
16.7816724448435
27.5528525382595
19.8039200735309
23.9259809941837
18.4358482614846
21.6017655865006
18.3280141510470
17.0018924081504
22.5689455521682
21.2240537572184
19.4761414220028
23.9183822429097
26.9567797735178
18.1614072180678
20.8239127674149
23.2359725748985
12.5765699852172
21.0456842586544
25.5019814986340
19.1823263133527
14.5294468643117
17.4933663736370
13.9139513947843
21.5414511461119
18.2163080851111
22.2052131389099
12.2090569594178
6.81046219962370
20.5199721347089
14.8150864807927
13.2574138509027
21.8831085764182
21.5114136359636
14.6124986863467
10.9039040923428
24.4655735564369
19.8766647917867
17.6561401843217
21.8706397987320
20.3802775490487
17.4911968870622
24.6628031493081
16.5232116672546
12.5829760975768
10.9192198292741
13.3178160255414
10.1073370678566
18.7550589969068
24.2274461539859
18.1438348229750
14.3812849251742
26.3875610159320
22.6637099608577
6.53911577494540
23.6354858537944
11.8082773178314
19.0000891307347
28.9383876248397
20.8664625474267
19.9525236657083
17.1866594981881
17.2488046601023
24.1646874955595
20.2405495187981
21.7126064448365
17.1883290677398
18.3905964144465
11.2508833993437
20.4476396628397
20.1246682806804
22.1318445712914
9.64005793042571
12.7863798348978
14.1232448909344
29.1828319560536
20.1962464352963
23.2662732253864
16.4915250240235
15.4914007301563
13.9650698334336
25.6006756102458
16.5507805807527
18.0454876836746
17.3432367249167
16.3974841854262
9.17742513173042
20.8856984187972
27.8495790017858
23.8292221577076
22.9132355932175
23.1830380789552
22.6681367360443
17.1709477357128
31.9098658929298
27.1284922552233
11.9482320349159
15.3638324982734
18.5677430798611
20.3092242263588
20.1936278919248
19.7797553838909
7.31861087409206
8.39897807015287
19.8519658430949
17.0360105484181
19.2239498866893
24.1755731234383
24.3126698397593
24.7039833054793
22.2203836069560
21.6988590162039
17.3884589334066
16.3148300529106
17.9970688879743
14.3805542181763
20.5063395494806
12.2186840452799
24.8208522061579
21.2020931432912
22.1537480360572
20.2422807757023
21.7875790186438
17.2501494452086
13.0700170638116
14.6300306837302
19.2825476132961
16.3237443339348
24.6096488256379
18.5541989548110
24.4203318122660
14.8051288424669
11.6579364345738
26.9393178739271
17.7179507483755
27.8312698779497
24.1335932916392
13.5815867689914
17.7658687853453
30.1687932757974
11.3719439337725
12.9416227922685
14.6710852472168
24.4582175867096
19.6010871815242
24.6012153557474
20.1540747590252
27.4039780494950
15.0983017066384
20.2462260180037
24.6746083944653
26.4972524869221
12.4680968726676
17.0675192176658
23.1508658311684
11.3722236007265
21.0047485759086
26.1251796809744
19.8845811235487
22.6253798216126
17.2542293581855
13.2349730007564
23.8220210956662
14.8803916128533
18.9986407303016
12.4720153565157
20.0718384307433
15.8559558181094
16.2886425346867
15.7348384059482
15.2951600246337
10.6079393291656
24.7288990681185
10.8374561520772
13.2677056155996
28.3287168799349
22.5325171626376
20.8648776118640
22.9565401553906
15.3605054011225
17.7063467643243
22.8955430866512
18.1281491448997
21.1010637898511
24.3570463392657
20.1952583893613
12.2068940531222
17.9931852494191
18.3282406422763
12.4381711289565
18.7413109456024
23.1696078436680
16.5529030521797
16.1844829670939
10.9618928788859
19.3261893572961
21.8480884408647
23.9006359901953
15.6700052044187
17.3598927816587
23.2407576074155
17.0382843216141
16.5680989572234
21.1680612358004
8.97745931311971
23.7447602683724
24.4053183607837
15.8748312676513
14.4279130206373
20.3659677472452
19.9630290025300
18.2100140645190
19.0779852503085
19.3216207629696
15.5896294619152
14.9538251445530
22.0172981825833
22.2649916760473
24.9466121527095
19.6065054684258
22.6399475438188
20.1041841852732
16.6286338975182
25.1698752963274
23.0962277385737
7.15637781633326
15.4144121904806
16.0659794981153
18.2702635957353
21.9172517368811
24.7955839849864
9.67891151447261
11.3822723763354
18.7698222015436
21.2758632569094
25.7487247581523
20.4713257457276
12.7811015053656
16.9580273076312
18.8971849005569
15.1583940681885
11.8256321472962
9.33168723693335
17.8620374136134
27.2604214054050
16.2101561133349
23.8230613107832
22.9568120068585
22.9547846955811
18.1267551959852
21.0819522215252
21.2114094485826
25.1455163364211
21.6251684506948
10.4931728838197
22.6722425227573
19.3805247054754
16.3695989961791
13.8280689168868
11.1797087328683
13.7838130270056
20.1239248301851
22.6424434694622
27.0849322049177
22.6875843479398
23.0693426954621
15.9807825563786
28.4383198405581
22.3098210521580
19.1211695277927
19.7671969313720
18.1521967672246
17.1770813134654
17.4560884765297
15.3280846906996
14.4375259899370
22.2834372969123
16.5549260930919
27.0521964910385
16.8468190933996
25.7692260781180
14.0099377187046
11.7651105809080
18.0166257585412
20.8418188333237
22.6005404475567
19.6139887367431
26.4138419316509
21.3577665703011
24.5942493894472
20.7925444341472
21.0204084056198
12.3162164279026
27.1069225052244
16.9437937780311
23.3251362723064
19.4125794364414
16.3587845883153
15.7540304255509
23.4652338742457
22.1242451837797
27.6527915622694
24.6088374556492
13.8108659757939
26.0587427180634
21.1351881758351
19.5015498276135
20.4150832097339
19.2369946183105
18.4623036653937
20.5096858314985
21.1002024400331
28.9126868341040
17.1112278618782
18.7318149744232
9.37771163677568
17.4228759063566
20.2483037842052
23.1008235459159
19.1396141266161
15.1682605842926
23.0101074928450
17.1893996791425
20.9597989131460
21.9251384050705
23.9172738680596
15.2333976002068
18.2381164824034
17.6744620026982
16.8800237194646
18.3042200251636
20.0853640547790
18.3942367104998
22.1724734163426
25.2227397558573
21.3983234066204
14.1965103286590
22.3003699299166
25.3390629849401
20.0899224926503
15.6199363416765
22.1691136364425
18.8104764886147
29.6794337997925
17.8573703039954
19.0667145629023
14.2137410043228
21.2335648586075
14.5789795569292
17.8959036638874
18.5029581513729
23.5431448310218
12.8839613881320
7.56939585904380
22.7470043698762
12.5721137940623
23.1502086681212
16.6547266475065
18.4870811132931
18.7910115630159
24.9367937784790
20.7885829458019
20.4171675381659
20.8173296209332
20.3587221664688
13.4550912690084
13.8189426274836
19.9262914226410
20.3299462826090
25.2616109581513
12.7364815120234
26.6594843829178
17.6998684154940
12.1838479658695
18.7185920174545
15.0351320989537
6.77827727906885
22.9294655677299
23.2937284247569
17.7124552204890
18.3458416562638
15.8399603369689
17.6259281781801
25.0767370604053
15.4211675174681
21.1797065020725
20.7162162301413
13.2344338060592
23.9904899722123
20.1468258172539
13.8170419593590
25.8657276385200
19.7915258126890
17.9830967859968
18.0592323170014
16.3150327701264
19.0455700104138
10.0354727239797
10.4084254981609
20.3930447007223
18.2678183829372
27.0893986388521
14.0515231443220
23.2365515022974
19.5009759583667
17.6158371359096
18.1361370393854
16.7881263457321
24.5224804948806
13.7738525803888
16.1595681603666
10.0908369858045
11.5554460822751
23.5664350159061
19.5698793494496
24.1417198838205
12.8210489149773
14.9340291878116
13.5859524230820
15.7137495289211
20.2689544586931
24.0929163519010
20.0421694545471
25.8538223488263
20.2791579592376
14.4138933754328
21.3341268829168
27.1304683136248
8.77649456955487
20.1357715905504
22.6465803560578
16.8590479315328
15.0740121489321
15.5726365482963
28.8271591331620
24.8304610488028
19.5851175814257
16.8722306031077
15.7496418126016
19.8942841301978
22.7776369456830
6.55529034924693
29.0743555202460
22.3578826934837
20.9412948003029
26.3917416372587
21.7137185221299
21.9997726894463
12.2614917552540
18.8156994545339
18.6720323117543
12.5248749659349
16.5264007837674
15.6923328237915
7.95570069417394
22.3636690404069
15.6820317162138
8.01778007536188
18.4366834754448
20.5051721830074
10.6535440278699
10.6408965696245
17.2962185970965
23.9559889810305
11.1341565543029
26.7219942366292
24.7991001262959
29.3333332131373
13.6345700900620
19.6970732756214
8.26131085123177
21.4132305984202
18.4246706528677
24.9247617546015
17.7857475892982
14.2669286348530
16.0949898957623
22.2650916532788
23.9948351705189
14.8106204395396
19.3471447935051
16.3466730829999
20.8385751903893
23.3944714280683
8.41731291139758
24.7775260055879
21.7242650315574
13.1199429752568
14.6258303098564
19.0917610862824
15.1022562633078
16.6640156421497
20.6964054561079
17.2396077458750
13.8916884113099
7.10936550301991
17.1617098540821
16.0386174139010
23.1715712381480
24.8936527455899
18.8393428654706
5.70609940607208
18.7364278900553
25.6741450549903
22.3642383582857
27.8546439916510
13.9215263741907
7.89967863680091
25.4295207354506
20.0339657453066
20.0760825826232
20.5391505071431
19.1890868014512
16.8752064299074
25.1130906096118
15.1670771454197
22.4192154080332
19.6086016726546
17.9826610917837
21.1528240769269
22.4796482352317
24.8127961610452
13.7039003005680
21.0627328585025
15.5288112796057
12.8150283418878
7.48919934577318
19.5480268812942
23.9859430976652
13.1062422003203
23.3908263105762
11.4154997881778
18.5575959023956
18.8103298421827
27.6287314963171
20.8506796319975
16.2025431033906
13.0502895690016
12.5954770074173
25.1507651444562
19.4347003053483
17.8554625897713
18.0132717346378
10.6149655906051
11.9561796416283
12.1601141401926
24.8071383910407
22.9995628894699
14.6130377193552
20.1725470501523
19.1290892462995
24.3536046965759
13.7933213786526
20.6238364012981
27.0582869825790
20.3130941725209
19.2510333172783
19.0358606443843
22.0141527805153
20.6940717328680
13.4512864783541
14.6430428796640
21.5946869172987
22.6228030560961
15.5577789358591
15.9937512065961
34.2415401939114
18.8604735955805
21.6626471405207
11.4949108941574
21.3954173883483
20.2011981661506
17.9569958538253
13.8220247195021
16.1302588492512
22.8055272969832
24.1560420035442
19.2800950487574
21.3925165445648
21.2912408488562
21.4552692574785
15.9787871424569
22.1551588199745
23.7569575003293
17.0939977137164
21.7198161586058
22.4414131151113
26.9613252911157
24.5600893112745
16.1975681752975
22.5769773561555
17.3993643475691
17.8210478219663
16.6317395240849
16.9008369973768
9.37521800405677
8.75313902785781
11.4350300030257
18.4736194721848
18.1408378139099
19.8043918374556
18.0325460220049
10.3168614399226
21.7424877137781
14.5163347992644
29.8028190922268
22.7354621366133
18.6404479496290
2.13630441287848
16.6297404595100
14.3828470129476
11.5566082761290
22.8835331973325
18.6881683914088
25.1597696762729
14.3879547386722
13.1401074948552
19.5695763617054
18.9537468446265
14.9262007826573
15.9236631457291
21.2320359496502
18.7212148543439
21.3968307614333
20.6087160646158
14.7490122838342
20.9437756857260
13.4233660667082
13.3945001342486
19.7067454558397
19.2486912900560
24.9828756230716
20.8259645908071
10.9514180265906
14.5426028097743
27.3832708538684
17.8491524212383
21.2154084362004
23.0557403410544
16.9981470769818
12.2135423407314
16.5065677383243
23.1306236683644
9.07519373136179
19.2365122538189
18.1640992012900
25.2995014013032
20.1496456705754
17.0391266281035
21.2224440968020
22.5023856685010
7.49710377053230
14.7201005862214
16.0470797255995
18.7396976642134
19.0854870827419
15.4972218878714
10.8472548146077
22.4568390891031
16.3196624834880
6.68250986272285
18.6132977321918
17.0514918344293
15.4883916983613
21.2163829089323
12.9444315360508
17.2525900405068
23.6609048388709
29.0704712714527
25.1194619906222
16.0722582750416
20.4027632793938
12.6388360923832
9.64421447908446
23.7644952292092
22.0181924882537
28.8837954231755
21.2114458171323
19.6088807780283
11.7548785634224
16.0211618003677
20.7663667601677
15.7033243756238
11.3450005513652
14.8391493594062
12.8952125363686
23.8337376735100
18.6575647456555
19.4234174199041
14.7699572450453
18.2291702747733
19.2610800525881
22.5791780444885
24.5432040252634
21.1907395237822
11.2157038007440
22.6647947507966
20.8610618120312
19.7101108841099
11.5947363512781
17.7595823351043
23.6016665248681
12.0456725757477
23.4064712187737
11.0187994667261
18.0251264792899
14.5271831022959
21.3500651583777
17.6169778665002
21.7328478600788
22.9354392948423
23.8394002450644
22.5375635318925
20.5548812365090
22.0950092774365
18.5586844794187
16.4532437569443
15.8833529989685
15.9976754853066
25.3725730446959
16.6881425693270
19.6180640741489
19.6546199441024
13.9102160640024
14.0193703468941
20.6600492613930
19.3260983727441
21.6290147904227
13.9464369343522
30.9859986788254
19.4559442146944
24.5102976866082
18.8414354048789
10.3442903661413
20.1460573160035
20.4434378436649
22.5510357296586
26.5350334576346
18.6461100586107
18.0731680939649
9.73155631692890
27.7941358082093
15.2003662282741
20.4599321601789
11.8807159309861
22.2219361148168
28.3598329317087
16.8796232389536
27.1237014045056
20.3764407737481
20.0073461925699
9.63043284060133
21.1167002644905
24.0476219852351
22.6345018848893
17.8742193829859
20.0790630504613
11.2697376949261
21.4970373019540
22.6816090987926
13.9745629075852
16.9997338389575
16.7034081352630
16.9846189089382
13.5244963153319
12.7418083839017
7.92509322844110
15.9535335160902
20.8666890245371
16.1588139823828
17.6804701085800
15.8907588855940
15.9410577048662
16.4356516433282
26.5570814999698
15.0170685239896
19.3734065445367
22.7408486190311
18.1186938213546
23.1302498160438
17.4527616685737
21.2663994691634
28.0508189976948
16.6919436724295
25.1241489629627
16.7348122537214
22.4777256385253
11.4073542516582
15.1660156068234
16.6836172622049
19.6325745235851
17.6782770876225
20.1811350252352
20.7408232777767
14.1024679590866
17.1489320945707
22.2548850980194
23.2040564518668
20.8020970949175
25.6739289840955
12.8709724832858
9.56281720411672
25.4610917170316
10.8599256425062
21.4330768660639
14.6700693188921
20.4168211191586
20.7660649903514
26.4699811544815
17.9153535846907
16.0301482840547
24.2873198684906
19.4791021783047
17.9618842903852
20.8367354793206
26.2348420388769
8.12548524529976
17.8435251883589
17.4376107718966
16.9236829833175
22.2186788150744
22.8487153684264
22.5700311082932
15.9551798172282
15.0550646848657
18.5989944723552
28.6588543951525
18.3100908717085
21.2987045852586
23.1703926645570
18.7644619983145
18.0436886092337
25.9475883693172
21.8933485089207
22.6597471007669
9.56365396227776
9.72849372892188
26.3520511730298
18.0949191664976
12.3584473127021
19.5810386382670
26.5848794844268
14.0404020901628
18.9481641882208
10.0240998890635
18.6633968647385
7.71025137899070
19.8436339965757
13.1257985492859
21.1069562757854
25.2136265505132
17.1522185013412
25.6770294295753
17.5130057941045
20.3115908417445
16.0495880035704
21.7252132399622
18.1403200567764
19.5240750342879
21.9084354659180
19.3080450456020
19.3453163258427
19.3430871181366
12.6001207902500
20.5007232819012
21.0721567073780
20.3891724598009
23.5990708464712
18.2498400062410
16.9127433087731
25.3388180092693
15.8955375116923
12.7463266056916
23.3955484984985
18.9705653805134
10.6277975339017
16.1485760498609
20.0258140855621
22.3259815740612
14.4058821523415
15.3531114691664
15.0862106633339
18.5773594858692
13.8349019550513
17.1304341368348
15.8816357391250
14.0928118388324
20.6849531417843
22.4969776152577
15.2739164816717
30.1799392924304
21.0081993224894
16.0923650655431
21.9270751485046
15.9328883220759
24.2814007222138
25.6842710929311
15.2767022017535
26.7866415242064
25.4345285678221
19.2431316306602
24.4794711380226
19.0457803839120
23.9576528796508
21.6220363298170
24.8910563771695
19.0793638100464
20.2233320503631
20.9712236902018
18.8090263293197
9.53407784025814
17.3752455484586
21.9792279991823
23.2168000905306
22.3885564426830
13.6787322415789
16.0652997702320
21.6037835383256
22.1078603987536
17.4189897170118
24.7038696618059
21.0921381545218
25.9724721689132
17.4329741406617
16.5620764400703
15.1367681476614
20.8864061747541
13.3224079014968
21.0068218923450
21.3892865246008
13.1792774336650
22.5621078656183
20.7328557684130
12.0070008481196
20.0606348998870
11.1858257078484
19.0995907829365
17.6333423678340
12.5503148050926
27.1145585304719
12.6112304633780
14.6996779685280
26.9310250178086
18.9730432900918
26.3904175017561
19.2072273124615
20.7745082436567
23.9556513309643
13.8195633759120
21.6603390040490
18.1684174425453
25.4267931864202
15.8904655055850
12.3268340275808
21.7447299281308
21.6075387304964
18.3730786945091
14.9131364789475
19.9944806119589
20.1316476292057
26.0510536417848
22.4655217679505
8.92662528024368
8.85299855465934
23.8415434955820
9.37924918694625
19.3612934695004
23.5761575246860
20.4815923871745
19.1502791182276
19.0549086816225
16.5120611291112
5.11020522764895
19.4652113035083
11.8018231467515
26.3815686088525
23.2758200684896
17.4592980348059
22.3665487908412
21.1056900592787
18.2550257384430
17.1300086235272
16.0932477447934
19.4595320547550
8.66944518403651
16.2655383817472
19.5889128081043
18.8537809284353
15.0356654760320
26.2741177047022
18.5080822182139
27.8967199154256
28.7478714836337
24.8564664388378
19.2682293598663
16.4080538468269
13.7956436131543
17.4130481273661
18.8629459947821
15.1420742807532
19.0071255507461
10.9703770219556
16.7146842255739
11.3723512430194
18.0456460912746
22.4391378213496
25.0754985688380
19.8313895287469
13.8122336311905
25.5637837167935
21.6896221331513
26.4771741316387
23.2445505109601
24.5288523839539
23.0493537589308
20.9511644987382
19.7378755663169
21.8452239425472
28.6217546937221
15.9373915144889
29.9756928998430
14.6541900066438
22.1907245133506
14.7283113468260
19.9356313998212
26.5552025824748
25.0496160939880
15.8165906016245
23.6447524412184
14.0762797149281
19.7721024985262
15.3746079813824
18.4643038446503
12.9488943278674
18.6256133717829
20.5999790021335
16.3986286743685
16.4097754190425
11.8545327101447
22.2212163054549
15.6064441841572
17.9013684446825
19.6341206171630
16.9548144514874
27.9954383667851
18.5642615971063
13.4519010824378
26.1265329552695
19.6893373945905
17.8095693417250
13.6340541265807
19.9842206855422
18.5092479383322
23.0116437146166
22.5051428552569
9.61624716556778
14.5126614637679
26.5926872995395
9.18267128049365
19.7528695472633
16.4968438917111
15.5777906471690
22.5047060539544
17.2751865573769
16.6470577316449
26.6292235896906
20.6339588115448
16.8660890799925
21.5389112594673
13.6348766887560
16.3052004435148
17.9955549267726
23.3060488245697
21.3694713078878
16.4872507116516
10.6322023763966
19.1920581381434
14.8631346740883
15.8566429597338
18.9059530676945
15.5742151534091
18.6575377429555
15.9436431558595
27.5944009749280
30.0549699280239
22.0004949324390
23.7063688278712
22.7487727236272
15.4543186996447
15.7966551527260
21.5632682950308
15.0494952211697
27.6282828577390
12.8628965597597
19.9104239900408
28.0060201689190
27.6095064959317
18.1585870050724
19.8616620978929
16.2218405656373
17.5407263254697
27.2091726858668
15.3005050271591
24.1599803431908
21.7211026044860
18.1262605997738
19.6910545472756
16.0661014891191
16.9634982243197
22.5718837724799
26.4384969866611
17.9480757020170
18.7765402290947
23.9940043324380
16.2481036068543
17.0287699837954
23.2798404112751
13.2966306392029
19.9870202206279
18.9596620448949
31.6422244480020
24.2836105644684
13.7540733256891
19.1982989336414
20.6458707500204
14.6734520614870
26.8175613597313
15.4372881892290
14.1455431731574
19.2116927245282
11.2128787772865
18.0472890587980
17.3638908955400
16.9932337599311
21.7254357743262
18.1177359326868
12.1940668551505
13.9733013234362
16.7459185911653
27.8921163830220
22.0593511182877
23.9250957565986
11.2562210609210
17.0850120791465
16.9468102726449
20.9159787467564
20.6061354846159
15.4240518223723
16.8057901058734
16.2069358866891
20.7686059134652
16.9375829733022
22.9784842248394
27.2987814485877
24.1245038675312
21.5064079070552
13.6836612962297
15.1855544239615
22.8451776743882
18.0162242425634
18.7265468793086
20.8076052649838
24.3941363506242
18.5875436903934
18.4688891104080
18.3827649428469
7.33386661955644
20.3777512432783
13.1765993421568
19.4859996220545
19.6957662056159
26.7748822983992
18.8378466424941
22.4374332237368
19.1431483177868
28.7741296795408
13.2124620484051
18.5105498441309
20.6546905478912
15.5811984410333
25.8701288409092
25.1077239229782
22.6324879388805
13.6563084688594
24.4871138507588
19.8937182376005
23.1232257971613
29.0723362218836
22.2842926654127
17.7562673242030
19.0854208023120
11.4049358490361
16.7995671419347
16.3730480350246
15.3624616542007
21.1465633324982
19.2524975660998
18.9375752211376
14.5470472396515
22.5982277034069
22.6326534654296
23.5511611285089
13.5573943545939
20.8876054451984
9.74694296827287
17.5458410120003
19.6156909307486
19.0721607830883
16.4273598859296
17.2013220634965
20.0274048063430
26.1620768253523
16.3502335928733
22.5344396144751
22.8869081860559
25.0198275578484
22.7878759984445
16.7996674311326
23.0507811874391
16.5825003262083
21.0349790491906
23.2945085347603
27.4352883546964
18.4827821723241
18.3146110344284
24.9210029294797
20.9679347645127
18.1197435406905
17.4228969816734
17.9293272335587
17.0348426407095
21.6775731369972
26.7197317755991
26.3566197651106
13.1767148257212
19.3976551155167
15.7472910718227
22.0468255892692
22.4296880279382
23.3524370057512
20.4142931118040
21.2386367511899
18.7036344738252
14.4543743854016
11.9277992769423
18.5570852702558
19.0417739215845
9.71610870246040
14.3231425160793
15.9293338352826
24.9252679296340
25.1397617921869
16.3230362786048
16.4275305907601
24.7326097724799
25.6186665743879
13.8490826811619
18.4738572433441
25.7710824587377
15.5623073367632
18.7161230715280
31.5699925697712
14.9632037121049
19.9398543622870
22.4501400016199
17.0957506712218
23.9006714739322
21.2042546145013
16.0744285604553
24.4403982049391
17.1217689210694
24.9915580222744
22.4612034174163
20.9721178278434
17.2943633487892
18.5895877163000
8.60924099862516
23.4084771731132
23.9272425111994
24.2919550627489
20.0916508334871
16.3087812958164
11.0210011098026
17.9445098467557
19.4988505179935
14.7218781778160
13.9504645537510
24.6909692160214
14.7499566093825
11.9095370547898
14.0063154691659
21.1888993276465
11.1510360786079
12.1900189177929
18.6977810880951
13.8378074311084
21.5466531547939
13.2487385267850
15.0037804829329
17.3001622025898
17.2211980869423
14.1364808881695
19.9003517148709
24.4636515554381
25.9870004604319
20.4629515723614
19.6984735106345
16.5148779860928
22.8030887517413
17.9286141711005
20.1075456662074
15.6973842156640
18.5085413088057
17.4207271010291
18.8877715012566
19.5398191300590
15.3362105480826
22.1461100574451
17.4359747636412
23.6166916477796
23.0360475808366
24.5184420671725
27.9354336125930
23.2545604880494
18.6004023505879
23.4435278298960
20.2766304479013
17.2279376542166
20.1118886766584
20.1943461240369
12.6635846150498
13.8252922995029
9.88292022202186
21.4229700801645
26.3258393908559
22.5903664235695
17.2247438758355
17.4596499075376
20.5088400353180
7.92821949454781
11.6340532382742
25.5280210415207
20.6183940105090
17.4423706022502
15.5031427481168
14.8700408395202
20.9002415873161
25.2752091958906
19.7232581026763
12.2049170789253
19.3405941613710
27.8297240628451
14.0062470978647
18.2154980092742
21.9153422136259
16.8390105589758
16.1807188683747
19.7261583433139
20.2136634225393
17.0465913958787
14.6812293846856
26.4259942073447
11.3025187795425
18.7205217782940
12.2710470889091
28.4233864953353
25.3875527832651
28.2816567767198
14.8257795915699
18.3714486682039
15.6032861095900
26.1590739500454
22.1685568591379
25.2378815556758
23.9309549289009
15.0747977876849
23.8403633529007
21.5228427659312
18.7267775063789
19.5929779124539
3.69012187918232
16.1741847684491
21.1299108531787
16.0405085685398
16.5639054812198
24.4783987033810
16.2749844327026
23.6953244473413
25.6882818830432
11.2432594347218
17.1835277119903
18.7344609850340
14.9645170510402
18.8168404064161
20.7941693639777
12.5066362260637
16.7361673008542
3.73538709239083
28.1350036380434
24.9682055702507
25.3913960981737
19.6172810188877
19.0113382170738
13.2951154309008
20.0529639767744
25.6082228433367
22.8193154511019
27.0337384170636
10.9684221188957
24.2537980979610
10.2055598818614
23.7996145842956
16.9847176149402
20.9777391875822
11.1984723218589
24.4809228364040
18.2706152003919
22.0875311083149
18.4006284089693
18.5299335769623
18.8905243971925
24.8444045237277
11.8751499342839
25.1765348168059
16.9634700074062
23.8067803427689
14.4501072048023
17.6742702461521
22.9303229681276
28.4800975024289
22.1689950434388
11.2522737898922
10.9672918149285
17.5182801121509
15.2809673034362
16.6165405801995
23.5047318976975
16.9312876967601
25.3012487918860
19.7782207156077
22.7527115772146
17.4481274585972
25.2991774448575
12.3613672726476
26.8254007297550
20.5411248797023
25.9852924501513
17.5727587147245
26.0256109690213
24.5530306396137
15.3263824526394
20.5736104126051
25.0921020566230
13.3955542523805
24.3052218431575
20.9710286858106
17.4340633894378
7.25122805483290
21.0419411278364
20.7719930308619
20.2458033520043
21.4931444860067
24.8540951172200
15.6846060676831
23.6407351934208
22.2041429951358
31.1105146206301
15.8123859050885
25.4457544689609
19.2058345771304
12.2982749760520
22.0166073115719
21.5301804626364
11.3234197250949
16.6631089289815
26.7098197847713
14.0809488508144
21.4759660182318
16.4591479320095
26.0663543143029
16.1130573606325
15.7715666997011
18.8296898974466
19.3149490944484
17.3752715549504
24.7717646385203
26.0829605494773
31.9928631591502
19.3002403806194
18.4075323248346
22.8037563821971
11.1210198270806
16.3283838438778
24.2842351078905
15.3447143782208
18.9847993800110
18.8636927271229
11.1287009022008
13.0340422686783
10.2453276255946
12.0507353189077
25.5398979158153
22.0257801739933
26.4109856318484
18.0649861763974
28.2932337046441
18.1706401627319
15.9689970011546
10.9586000044216
9.56833886433303
11.7689763449132
12.3245911449208
25.2439375314420
18.2656578298592
25.3704976518757
14.9185984450298
22.4595298902963
12.9174914237212
13.7216435983145
21.5639062140642
20.7145663791497
14.0082131751843
15.2555787329127
22.5579356995316
23.0224448924882
20.6384065741928
23.2249229946739
18.6848041150168
14.0191794033629
17.8413713082993
8.80314143326646
13.4007751584086
20.4299873039450
10.0598620133476
18.8252156361609
26.9360360011493
9.46168060217251
23.0857859270872
23.1435082630040
24.5553139709753
19.8442765443421
19.5668859601301
23.3259257137728
21.7822529770123
16.9480509302306
19.9408401880403
20.7992877972325
19.2203329222702
15.8901578479469
13.6410825483193
22.6720221376853
20.2218231318587
15.7640619523781
22.0912808067541
14.5960582330475
18.3204444813140
6.65749516673956
25.3682465361882
22.6171627751519
10.9739811978723
14.8359367554110
14.0874721887168
19.4071008546511
22.4930137227726
23.9364807815902
18.4978167684122
16.6807384943269
9.34920651676422
21.9585619709754
10.7019958783712
23.6408748155058
27.1657018620457
17.3066360207297
18.0366437673111
23.2808074390011
15.7884866285412
15.9556242880186
24.2129038807521
18.1002607834835
16.5318110563086
11.3734571413475
11.3545586591359
20.4131820937708
15.7714161926777
26.5564605056009
18.5104416954851
26.9239193129803
24.1045423959554
15.8045144176957
14.6806209447201
20.4221484492873
19.8269726627776
17.4166348064051
27.0444214669106
15.7768270874109
19.4463364538072
24.0655095738314
15.4133897709776
18.5243118409902
16.3084624771607
24.2935759550409
24.2791757609386
11.6015392675481
10.6276582150749
16.9989936288077
14.6873410853876
21.7965248441062
22.7581575145188
20.1811728787851
13.0974675711795
20.4976364328588
25.1772864802985







































































































































































































































































































































































































































































































































































































































































































































































































































































































































































































































































































































































































































































































































































































































































































































































































































































































































































































































































































































































































































































































































































































































































































































































































































































































































































































































































































































































































































































































































































































































































































































































































































































































































































































































































































































































































































































































































































































































































































































































































































































































































































































































































































































































































































































































































































































































































































































































































































































































































































































































































































































































































































































































































































































































































































































































































































































































































































































































































































































































































































































































































































































































































































































































































































































































































































































































































































































































































































































































































































































































































































































































































































































































































































































































































































































































































































































































































































































































































































































































































































































































































































































































































































































































































































































































































































































































































































































































































































































































































































































































































































































































































































































































































































































































































































































































































































































































































































































































































































































































































































































































































































































































































































































































































































































































































































































































































































































































































































































































































































































































































































































































































































































































































































































































































































































































































































































































































































































































































































































































































































































































































































































































































































































































































































































































































































































































































































































































































































































































































































































































































































































































































































































































































































































































































































































































































































































































































































































































































































































































































































































































































































































































































































































































































































































































































































































































































































































































































































































































































































































































































































































































































































































































































































































































































































































































































































































































































































































































































































































































































































































































































































































































































































































































































































































































































































































































































































































































































































































































































































































































































































































































































































































































































































































































































































































































































































































































































































































































































































































































































































































































































































































































































































































































































































































































































































































































































































































































































































































































































































































































































































































































































































































































































































































































































































































































































































































































































































































































































































































































































































































































































































































































































































































































































































































































































































































































































































































































































































































































































































































































































































































































































































































































































































































































































































































































































































































































































































































































































































































































































































































































































































































































































































































































































































































































































































































































































































































































































































































































































































































































































































































































































































































































































































































































































































































































































































































































































































































































































































































































































































































































































































































































































































































































































































































































































































































































































































































































































































































































































































































































































































































































































































































































































































































































































































































































































































































































































































































































































































































































































































































































































































































































































































































































































































































































































































































































































































































































































































































































































































































































































































































































































































































































































































































































































































































































































































































































































































































































































































































































































































































































































































































































































































































































































































































































































































































































































































































































































































































































































































































































































































































































































































































































































































































































































































































































































































































































































































































































































































































































































































































































































































































































































































































































































































































































































































































































































































































































































































































































































































































































































































































































































































































































































































































































































































































































































































































































































































































































































































































































































































































































































































































































































































































































































































































































































































































































































































































































































































































































































































































































































































































































































































































































































































































































































































































































































































































































































































































































































































































































































































































































































































































































































































































































































































































































































































































































































































































































































































































































































































































































































































































































































































































































































































































































































































































































































































































































































































































































































































































































































































































































































































































































































































































































































































































































































































































































































































































































































































































































































































































































































































































































































































































































































































































































































































































































































































































































































































































































































































































































































































































































































































































































































































































































































































































































































































































































































































































































































































































































































































































































































































































































































































































































































































































































































































































































































































































































































































































































































































































































































































































































































































































































































































































































































































































































































































































































































































































































































































































































































































































































































































































































































































































































































































































































































































































































































































































































































































































































































































































































































































































































































































































































































































































































































































































































































































































































































































































































































































































































































































































































































































































































































































































































































































































































































































































































































































































































































































































































































































































































































































































































































































































































































































































































































































































































































































































































































































































































































































































































































































































































































































































































































































































































































































































































































































































































































































































































































































































































































































































































































































































































































































































































































































































































































































































































































































































































































































































































































































































































































































































































































































































































































































































































































































































































































































































































































































































































































































































































































































































































































































































































































































































































































































































































































































































































































































































































































































































































































































































































































































































































































































































































































































































































































































































































































































































































































































































































































































































































































































































































































































































































































































































































































































































































































































































































































































































































































































































































































































































































































































































































































































































































































































































































































































































































































































































































































































































































































































































































































































































































































































































































































































































































































































































































































































































































































































































































































































































































































































































































































































































































































