69.3376523224907
77.6957648278591
94.1992211165667
107.516696522573
93.4559505162412
84.4484423276020
71.2038455682258
102.223745017196
72.9220891438149
104.069004060659
96.3077161045692
83.8018411900926
94.7780879978188
93.6695703506125
58.3224414953715
103.842023012255
94.4904611396945
90.2719199304468
101.377856423002
71.8825399286093
89.2316195321507
103.057994056648
83.0906865632196
100.422548923034
79.5189061649737
94.0704079608102
92.4945496617720
90.7907834444658
86.7377400382525
103.827215945804
101.254477283352
95.9989704536333
95.5163517463019
97.3982088418779
72.7708424911786
100.581409940083
74.2257163245021
83.8421193094173
79.8893912617806
86.4288874733494
88.9726517962581
71.1849628171539
78.7865269389893
87.1471236416534
109.357119735367
95.7136155846602
68.4607389840533
97.2433031622952
94.3853069729379
74.5497548322272
102.276513804038
90.8717941108281
89.4288688950811
88.0897394284108
86.7553698160505
68.0851690573076
76.0905019615847
82.9911119082954
84.3433140382790
76.6825065006797
73.8094962752843
94.1895853269804
79.5948443300656
100.845285871577
80.5501682453177
78.9553675784691
83.1349523770309
87.3564235210500
103.266033663327
97.6032405126575
85.7876325246278
88.4618653521385
89.6265037075845
63.1665792033709
93.2644317212863
108.253764903106
93.4472810438983
87.4633951079250
92.1568289512844
84.3857970642135
76.6151497704571
83.3125418312137
72.0982607956194
81.9725982125595
97.5299549862628
106.564505662343
89.7017594461578
77.6872257638634
102.538020407986
86.6146112881901
76.3562114254999
95.7270857786129
89.0830563922462
92.6365654348026
83.1927621474005
89.9245217580285
93.0897837241995
76.1563410478782
100.413474194581
76.9758835818137
87.0970411274844
93.9540680322058
74.0636162243298
75.6767601401873
82.5506426505953
106.886862037339
95.1068442546254
97.7750370860413
76.1505835834404
84.5058469614767
91.3576633539730
81.7330303488928
75.5954922084166
87.5124006737152
105.618098305856
73.9630762540394
90.7818833013304
93.3690861981709
105.526765024350
89.8728222310348
99.6994189292799
70.0675527222107
84.5085856661508
65.3938458830417
82.1020509634427
76.6598562956005
85.6615497269966
71.6151723528688
95.9037142268540
81.1357644641450
82.8527523272479
86.8158415948755
95.7849830484791
114.910974761013
97.7866759890471
63.8689228523150
87.8924958376781
84.1754657825614
83.6986735103865
93.8695846763551
88.2034915844771
75.6630674219870
71.7587325388467
75.7714197158181
89.3837058809385
77.3711607683154
76.1325522690783
95.3197476496412
90.0887797731656
82.3254678052056
78.6149209083966
112.172439966393
83.5234026597185
86.1297453878493
88.4023632080074
111.144493915801
84.0780033295350
91.3942875091411
56.7116861068340
107.036958431339
63.3313535278560
104.888530637037
98.4250616749485
89.4189784538451
93.3383137730146
60.5915011498805
77.2715232661842
84.3861511800005
72.5614807214601
81.9171298669860
85.3899861801191
97.2346380956482
87.0387867629898
90.3514132656475
90.7339241814946
99.5484552126858
85.1445738351285
92.8372348645863
93.9552244597932
70.8045262925593
62.1067587972918
89.0786662505389
89.6789899747841
85.1923728576303
78.3024495112365
92.3114461394676
91.8760842250595
83.0727339859079
89.2566331986474
91.5062375949016
96.0799006620688
87.8106849058583
98.0386099533015
85.8473625906018
96.2038408519931
80.3464654508227
93.9218324761532
85.6281223930239
95.4651686058363
92.5295829793261
94.3711929590144
99.2093084451668
99.2708297445002
61.4762274594511
72.9059206221304
80.5085978890538
87.6562368326519
94.1645808522863
76.6284713374426
85.3293804860369
88.6943317422848
79.1844396004128
78.0946803041434
73.1359809353639
75.5368865653013
84.4475166671751
88.7396728478686
100.601881437496
99.6727600555401
89.6839184847240
94.0139097564366
95.0462663865980
96.4955201584320
89.6250175371371
89.5790794671137
91.9987809633877
102.122530984696
105.247052566243
87.4315981323757
65.6489652255346
75.9042895892376
75.2623190296645
97.0725124159331
68.2349502181716
90.3454881279012
82.2255229096975
88.3786295180483
89.8950027948233
69.0618057891515
93.9362928956382
77.5053666902627
74.3183809680122
91.9908986830205
77.5527839423577
69.9863378561709
89.6737390131791
70.0846319204032
71.0446199299444
88.3522081793174
113.110441917411
103.007008955632
81.9552585359167
83.4454228155914
104.637430565564
91.7682076386079
72.6732453425640
98.1819525197544
81.9018659995372
73.1550894369273
102.806246040161
83.6874197433777
82.7646743132397
90.0639667518702
91.3538454596099
91.6106751171564
97.6261943432633
87.6424242615366
111.561476464558
91.4976289503230
85.5722667736852
98.5793155533846
103.508963564030
103.504554717736
73.4987665508844
68.8765914022738
85.7667772231324
89.0944194801190
75.8767179499446
83.4572938246924
71.4196759428725
108.824118232264
102.529609084070
92.3194344520607
87.3950587783717
77.8020933558403
73.4097877918711
99.6182624211298
62.1388273507490
83.8925039660402
70.5712889668137
75.7898102291982
67.7182192270487
83.4007662970728
77.2573566420741
100.369850384909
87.0530422008405
71.9060713361729
101.581064989935
71.5478283153842
96.3787130525039
85.7855386816742
77.2816814732501
94.0159313910195
81.2684840359741
93.0842770219853
91.6271983019033
74.1473846863324
88.3065271837057
88.0629729327937
87.7106855513978
71.6826341915667
91.2660532238892
95.3809053747618
64.7399159488917
79.2323919898782
71.4152965653235
93.0518657057219
86.3597715935023
91.9922873731284
99.8503525775998
84.3676153190438
89.2320844706094
76.5337690625829
91.8813186096013
76.0986287276992
96.0603028952437
99.1745361724328
76.3478737869898
97.3059155498303
104.580061469405
77.5011716880542
96.4430956120798
90.2878982407554
81.0169927686767
86.7507354654392
76.3606548002656
81.9204199505905
102.525130835141
73.9513961606232
77.9089299851645
100.450369300241
70.5973351493219
76.6186275602114
62.8191838980685
85.0145557039311
80.4391152686280
60.7716444974646
87.6267724304852
71.6843235582472
72.6963294633838
73.0572500853652
92.6450670182844
104.635162630581
73.6863629763819
66.5792133962784
72.6089168949154
93.4974777975111
103.116203242319
79.6625226014790
78.8578272216130
84.0705064573151
91.6562925627930
80.7811422854638
82.5925086776775
108.800924482902
83.2983930110476
84.6560431236343
70.7388898174275
87.5638488215166
91.3169189094695
86.4931516445527
87.1896546166764
98.0783080516843
89.5484094892263
85.0306744227986
91.6262554499735
100.026118383936
58.8566629978354
66.4777530000389
85.5561925153402
94.2222699091147
95.6351152632142
74.6389365127943
97.9392054188689
72.1808557180130
94.5779964772287
100.479757673188
82.2830988667394
72.2163684244065
71.6280084019147
72.5002000635885
90.8442798685789
75.4030075616722
92.5328093438004
75.3834775047491
88.5514743006515
87.4758958426459
91.8045177570914
95.3528659496341
86.4539371041078
100.689291259488
83.4583758623631
80.2828205140428
95.6076255121848
97.7910956483677
82.7423802446768
97.3924926116051
98.3806401400406
78.4609540666464
85.1126019335737
77.0333516911267
76.9012562851860
87.8356613708660
43.4682458984746
94.4775952198300
96.9353778364010
84.6056291536646
82.5657688265564
83.8083478215702
76.5614821332993
94.2074271462858
90.4005058067367
92.5641288363408
101.146476969211
81.8756134460717
95.4511255659125
95.9311883677513
95.0916165159574
103.441917510097
80.9404736599200
84.1332443118697
96.4477201831148
75.5678322399353
56.8816573084235
92.3466485749833
103.253052581918
71.6987682408079
92.9035229916027
90.3687640125518
105.044850728478
85.1129354166295
97.0308745886792
77.6090427044678
85.4041172876060
95.7795489783128
95.3779286334464
66.2872196994259
92.8600074327359
96.6178302683325
80.1301721545647
86.7151890099530
74.3432818320524
80.2550683623146
90.0090435720003
77.3168530426058
81.5235290276274
89.9585106183410
85.6620088687658
89.4457702159424
76.7926114699298
97.6178559035871
97.2170817202757
100.708092868719
67.4873107371518
106.942000677758
95.2537763818583
92.4713431180475
88.9139360776802
77.0458540047627
96.2123230180803
82.1095661877383
106.940876079527
99.3999593971877
80.6402671090041
99.6531583819224
74.4405905827925
73.2067860601842
97.5493255629362
65.9174427508548
104.501189924195
108.623090556133
91.9316093234860
100.193542193022
89.8084456201663
75.1775241757735
78.4556259247108
71.9894406182130
94.0494090635120
83.3347617476292
94.8375264780543
69.5247675330760
95.2604924887212
71.4009238092497
79.3205272246232
110.447771191849
93.2906193571920
103.510120098332
84.2119215563661
73.7034575323494
78.8519758400598
64.7823826273333
81.1280784274865
93.9861823503263
106.649944365384
88.7218346702555
80.0775937632802
66.4578308926820
97.3261519161890
79.9869169344803
102.858258680935
97.3817629737243
72.8636203406083
83.6608056677262
96.2367368782754
58.5017142679500
92.9728093557731
76.9282305239342
97.4671443368869
94.6868670075805
67.8140649367756
87.8504370750529
86.7769526466881
85.1655645933839
103.220083370277
87.8993003671413
108.963419575378
90.3772411808480
93.3428087634815
71.9550285340121
95.5543715459960
92.9974835983477
77.6737044223623
91.3290205637641
104.489962038962
70.3301314801190
109.627680905075
71.8713878678321
91.6055488181236
80.4301855048408
71.3921794226564
94.3284005162555
68.4506470796438
84.2741075913416
84.4652836340534
103.212389871891
83.9239762007980
78.3571464887303
103.610086507228
73.7615114563877
82.6857413866178
98.3006564743103
81.6394798881415
100.477793348085
71.3779577900213
88.8595649244270
70.5944912698926
76.6814213484442
76.6688351287584
89.4176509591636
73.4423816592642
68.7896138399674
102.259299441782
72.4804418870179
94.7300803789763
75.4995550849144
92.7697707041447
92.4429122679204
84.3115274170399
97.6582901182474
88.6868467846914
77.6792645469543
95.0213864790593
94.0917319801863
89.2782287803933
86.1132877058099
102.942501254401
93.8561320735558
79.6502570747319
99.1796577110430
83.2928750031828
86.7436479240161
102.404991479778
78.4325414656613
82.8188280361735
102.671915722594
97.1420643865407
84.6077995195647
85.3188455449541
100.140463730507
97.5335233265709
84.3907168292515
94.8896153761864
87.3660138775250
98.8229083593762
76.3122334532632
112.513444643601
96.9130410131503
77.9771066518916
97.9855749765039
71.7519219788182
90.2575340741225
92.9604121862880
77.9490254379143
82.6223387840868
82.2272518638962
114.644065687924
98.2599691880957
102.008286223389
78.5431645105439
88.0718484262471
87.0100856548988
90.3614059114351
76.0232869622473
91.8431098016512
96.6330529524166
73.8881006774813
86.8203523101038
98.8096943464672
103.763505575359
93.7308080507633
102.401681254148
70.0253303127062
81.2952593137813
72.0395909868593
72.8310128020920
66.3710294505540
85.0555949293525
86.5844736533392
89.7592442711683
74.3289182487866
87.7417476663727
89.9608800463192
93.3679082613844
115.743400899509
97.1966131593215
71.7939473613752
88.5529254613826
65.9884195582788
102.814030834746
88.7559888311731
92.5351639789484
81.0153335621624
75.4434280440779
88.8250867271174
90.5143617744838
72.2287016545202
75.9223607518205
91.0154264617177
91.5402168054256
83.2531726797277
70.1613519806884
107.810636146684
92.7078796492208
101.954667162928
87.6366075849986
103.818354463987
74.1394389407754
79.7269894971608
62.4309368857217
111.735273355374
69.6738938339590
108.879556608236
93.5582328147446
86.5297169175929
85.8162627828782
79.7566998996799
81.1416309274461
75.2023681461244
73.3919765246612
76.3199956108701
79.3830242036711
78.1246821654003
81.4769738169686
88.9970526170471
88.8826783412392
91.4263184197586
87.3048316906122
84.6198441172749
96.0346242731250
91.8540511655061
65.9993025077209
87.7564197132004
82.5009048831536
89.3450791165135
88.2876866432494
81.8420131732975
106.477738241964
87.8953992045170
104.302739506662
94.2610920387226
93.3414608811113
92.5008837651909
91.4086183204467
91.4403636182568
79.6102812190253
96.3971345994049
87.4738983595753
89.8608753937222
96.6662837996695
101.872919115039
94.7129756754735
96.1256268397466
94.8354871760744
51.9532887323448
95.9414340967763
71.5098305652770
76.2725248586405
101.233282435779
75.2358662614751
89.0434942262274
84.4112200266186
76.9079272721415
85.5825932635780
91.6961272027068
81.2965977140770
77.5264895287113
78.4580639368034
104.311037295864
100.494606377606
95.3703676913389
90.0822740280937
92.7441406064386
79.1658633743072
80.2331692059709
79.8361033102185
96.2148433632360
90.6412501169870
98.6399295527850
87.7411347789056
56.4020728624637
65.5242931222716
80.1123043707219
86.6765062515710
75.8070050892918
93.0526500517986
73.9625666927385
85.3633082221303
78.5254630197247
84.9047205979187
92.3433678135494
90.5430862460234
81.1862279075746
89.9471141829077
89.1059799503294
76.0546478679550
91.2819537895460
60.6057982269185
77.9996029356910
83.0353167600781
113.578063830825
105.412715771117
92.5428803410300
91.2664448511090
94.9036575202319
93.2545511397721
63.5689672453106
100.568117600783
90.3231408715962
67.9908329328587
103.805447961610
83.8216465873790
82.4281530677517
81.4817814743419
93.6610682316548
90.4630984220000
84.6573364503491
86.5417207153962
98.7740233487185
72.9382490305164
89.9146737157735
100.414233040338
98.8740571676547
106.858818333410
85.9811915727125
74.0095892953517
85.3381841155313
87.5611154800181
73.7508147500370
73.3810207554143
76.6529095204740
113.897423965727
103.147464183655
97.8993290723309
96.2389387096182
68.4003497631265
52.2227405468218
72.9688031251115
36.2369405519744
89.5282845134030
75.8250176582960
87.8198738805440
76.6372641977884
67.9734356660463
75.6680637492496
84.1001275142861
72.8000575389676
69.2736011400426
117.465190486710
78.6283246431897
94.4688889702743
76.2393894739738
83.2952300291695
104.081972437610
82.6342794925121
86.4575308231106
83.3456609820763
77.2908814058083
103.167799696325
93.9474988721025
75.6695546036436
77.8088347877851
97.9603836931530
103.309894220567
69.4231983090377
93.8203562552480
84.5284352176445
98.2115996485981
100.825578489840
100.200605197116
102.656393805123
80.4827905898131
83.6156510574103
91.4404013068095
84.2091317905115
94.2458119774892
93.1892171086097
91.0409901191083
100.427499438500
88.1684343589909
102.866684921076
68.6620383764420
104.623637102557
92.1212737410926
86.0632613137732
80.3727513096749
86.4791715761750
82.7403860493422
95.8671346672907
72.9648256332052
77.1358960187402
90.5779409914054
66.3334970914395
74.4123400855413
51.5335168259211
80.7800252119693
90.1126440109720
61.8110273930774
82.7485980248142
73.0469335187978
69.7436060254288
75.5981166261876
82.1936840291838
113.686576158383
89.0278179951772
71.8343582780831
76.2111384773123
89.3998583693813
104.994413867139
84.1561514805355
78.4554138192758
81.8952610881915
83.0576605523760
81.4735965517744
68.9179629808418
109.004648586903
79.7422188731995
78.3404092507943
83.3891464317363
93.7638955367497
92.0994682923030
81.5765326499373
89.6547179929265
102.996417803334
80.7617924389089
93.4404463723024
92.9020182720539
92.9332763102120
68.4015707349424
59.3798675673087
101.931636779406
93.4121494750532
112.287380603489
74.4737459697032
89.2815459840639
85.4194478528211
97.0764270123425
99.6115776506183
86.3998466749637
72.7389531900631
83.2962929562596
77.3626511433927
78.8478980451437
70.9856719202270
89.3297845390613
85.5244848527330
84.3430202254658
80.7614990614365
88.8533843483496
104.789804098040
83.2771750277531
94.1769625450482
99.4689108364093
88.8689317833166
101.478749192335
96.7750612259153
79.1677410886546
82.7981482351631
89.3890598696307
83.9077801555736
80.5662551793277
103.111835226716
67.1323464665705
82.7344561029883
53.4931504564075
105.532029889485
92.0910544547888
80.2428435373875
91.5790316015279
90.6640272857628
91.0792832791631
88.5672045993512
102.706895377548
79.3055432830297
98.1961027018565
74.9911839891342
94.3376859547256
89.4594896981700
96.6346868054332
96.8666830332208
85.3563927123676
88.6841749951659
91.9853063935614
66.3958309064530
35.5670259011526
88.9969788053930
103.199062545449
71.6887080578419
91.2669211441123
101.145972395664
89.4714388744361
81.1860529775994
106.580180643178
88.3985365592146
81.7972195269393
87.5598371197570
94.3048637899318
65.2676764691337
95.5098105411850
97.9500407027471
89.5466439940787
87.6623946967868
63.1681849472356
82.9369799830270
96.2383601202811
78.0740967497201
66.6089985124198
99.5086734034332
87.1749736753437
91.8278951934637
76.5508449836690
89.5234413587617
106.296139133057
93.8456151547042
76.9367753922553
102.123755703497
95.4759483229599
94.8654215460121
77.6878818078861
85.3625191353312
100.458180032569
78.3176582393454
120.636643807008
100.369069572837
66.4459746541384
104.682596433230
66.0699025835694
86.8657452463759
88.0574023806819
97.1359757398670
99.8847315710462
106.393343947440
77.6774801740229
80.8051292454733
83.7168126626256
82.7151734144748
72.3424665018507
62.3088181138406
70.9191000984003
73.7790096944160
86.4708410319226
87.5994001768779
77.1207849222500
64.2947078625045
99.9721516225111
115.581899213254
79.7359889244985
95.4523678244014
84.4999106875410
89.7225621112990
82.3038656621291
67.6500737636174
77.8192706321148
92.6724042560617
110.951594432180
103.881298539208
82.4606410070691
66.5249542212227
99.1044263434204
86.3538280390945
105.165816441861
95.5627682683498
79.8549673691097
85.9220494365936
86.6022948360913
54.2831722564763
98.0853562693884
93.0043986237896
90.4995907065309
91.7495545391810
75.2552155962942
92.2982199233670
109.654089722091
78.2010708805664
87.1140423982962
71.7239163815396
92.0085159822416
96.7296162380424
89.3226332353841
82.4788527369524
87.7586758845363
90.9766418544543
89.8958978304024
98.2599570745824
110.925026011642
82.2770790840958
110.972884560866
66.6489636920893
95.2227472227235
78.7807281069822
77.0724164394649
98.2882627816126
66.9089191158534
95.5624164286177
96.5608654761695
98.9475558832934
99.0952191049630
83.4324403377814
85.2964265890965
90.3609615547992
80.4564129424190
100.065705499768
91.2833082439547
96.0028833438541
86.4426456570805
94.9878007434005
64.7458749964881
81.2963005957094
72.6901709837534
89.4771283740887
86.2023632280931
72.1417951165846
101.830227817888
80.9897312010960
94.9066163844993
76.1932052126130
98.1464990875199
82.6839968249011
84.4438069631497
105.505736003185
96.6713040651096
86.8337720686727
98.7916331832504
96.0386385445891
78.2496540213819
93.5580121154189
102.459291258447
106.096955378589
78.2802873631285
80.3887532162517
84.2163115699258
92.5771151370934
101.507925102548
80.2501617440748
94.5064719143783
101.986728711724
87.9406375349308
82.2669722717331
90.9508212509268
101.750643428610
86.2386962485845
71.3536532745305
78.7693939982051
80.4286736489629
82.6572696790231
83.3781765888595
100.334413104967
92.5876670157584
79.0191515891744
86.9830763870567
71.6229131890715
101.388653638121
94.4327112177066
81.8896015162741
77.5744929878769
82.7788532998536
100.574567353085
94.5337351867649
97.2247917268744
82.5005735024177
84.0068056982483
86.3156375831872
82.4242769853973
75.2103984660457
90.8354011756845
106.857280868647
71.2195426277313
92.7665131480021
99.6930262778017
93.9466576688835
95.2458486136616
95.8446211775648
85.0861699697012
91.2377054276039
73.1007793088588
93.5818854353700
79.2173463706771
85.4542915302432
87.4363779467339
96.9063304454830
71.4552440684143
72.6873189472080
94.6654333995740
93.0825640606427
103.904771472788
89.9901409200659
72.4959578713566
85.4462369209757
73.2670347444626
95.6872572825386
77.2875625581742
75.8633364518483
66.3491668469138
77.7199677343257
84.1689551661449
90.4644794068207
95.6167222969679
79.9101585543118
99.8155035774512
94.9717455166907
88.5068613208153
78.0334012172427
94.3705091734353
86.9069161466968
100.498767550036
90.9648163391485
89.0408983149194
64.6063568276437
77.2569821840176
56.5894646183733
111.820125966720
71.6727104488065
105.345656968695
97.6270098643173
103.744446983187
85.7809032787127
70.4745289040923
77.0401971039173
70.3932706653396
86.5110747326911
86.8143205064394
95.4271283099656
76.9830376026613
83.6675953419148
80.6746158223738
76.9890184974454
93.0685282506953
88.6741942354078
94.4859791052800
88.7580890719173
74.1674862758838
57.3840865970716
88.5929683805255
81.0819726403811
87.8621205693713
92.9989129314507
74.6428678937481
79.7844806023947
90.1109911429860
92.9223290123244
95.2824389678104
97.0438786486107
99.3889558887357
71.5445315185252
87.9335955197486
75.9053504928395
81.6102584498442
84.0767054954943
96.4893567256576
103.866443194616
93.1720900400387
96.0566263178189
98.6739036606469
94.5888759989146
56.7981447920492
91.5615408893972
80.1465729661158
74.4409555208601
100.961706909966
70.3480924313468
81.7640365778864
93.6752941729300
80.7751270926147
75.7449722392688
77.5463909373894
67.2865441002141
72.4574819593663
80.7096021390467
94.7061154014183
90.8325563510475
87.9718914261874
93.1583135765028
97.7279798043353
90.4082798640068
77.1603731570482
80.7566435901994
99.4398328032758
101.224575825375
102.926434317902
98.9005337612831
66.1196474933760
70.3346098381112
77.9643296900729
90.3163866362106
71.6424992373976
82.6610628764166
88.2271008571142
79.7544521335320
81.5509263356203
74.3055898297071
91.4542786297409
80.9682993909857
81.7159409817716
87.0325368074881
72.9875514707985
71.8883936358293
79.5569786563430
58.9026234095675
88.7304512621763
78.3054780454214
111.172330398774
102.408006492151
86.3780253715332
94.9997254780783
114.251945857114
83.2594782304737
63.7930762042821
90.8648426183864
78.8141267893986
83.1720553102113
96.5732300752517
97.9228512621726
89.3402169761927
86.9310860420707
98.4975410221477
86.7360755493661
103.085089079640
83.5700486701479
102.289811495921
86.9212861059803
88.6844907991411
99.5055154163215
112.222002516805
89.5512967285337
78.3052087310252
71.0143398712363
92.1600782985502
89.6828945399929
67.1693990462184
79.5279024055696
65.6130703472157
119.049358070744
117.365185761862
95.8517153381649
79.6262854375322
79.9895659372980
74.2043255091392
86.8750785845193
48.7208905074314
84.1326231900117
101.753788875614
84.9576471438047
79.8973672236920
83.0882591979616
78.3142594487382
94.5500746572892
80.8142801674283
86.9069102091255
107.414567953863
73.4299713445771
82.1514799309507
79.1409367835144
79.5448869932040
94.7313358645420
90.6480438117094
89.8934176508688
98.2482995247508
65.7703362231987
89.6988963468004
103.006601961163
84.5787690000280
86.4302531712237
106.764841160863
92.7184283214233
81.6423943908369
102.702022315255
72.2024913828936
113.414699060204
102.207509944712
92.2209339045349
98.1358734943708
98.8935692891049
83.2367326919779
90.6407157131039
88.1408752072504
84.0682891685017
97.3437418838460
89.1580296878195
87.9777433158470
92.2259072078356
100.099801713372
74.0934063065627
97.9118116342292
87.2433866343166
76.7079105523542
93.1279060742859
71.2381164917598
91.8379679387270
102.839197335161
76.6618932893024
82.0475248507413
90.7324717704772
59.8636566222268
87.4342219048470
61.9459432130552
83.0234821849346
82.9493862760388
78.3421238207180
95.4620601108060
76.2737547433280
92.0463383472870
81.4094340842890
90.4041522434735
101.425240250290
78.4297701347425
62.7547361842741
69.5741757699698
88.7838680168145
103.709863760597
72.3711634844730
85.9792633807164
76.5699111004491
89.7190524297107
89.2659720023672
80.6977028269469
98.5448781657473
97.5250557382413
83.7509262071910
78.9807974577238
96.1186660150022
94.4604870584105
88.7807427834733
92.1949781068102
85.4606027080915
72.6031387244548
89.0244099930204
86.3285044626332
104.225889513975
67.2480144313552
51.4988736205292
102.567978501059
88.6547621871699
100.712354373420
75.3197096732878
103.669066864497
76.9852407707361
113.785616730491
98.2493382698301
74.5782013743694
78.0234166911837
65.0520609210820
90.7286796433494
85.9982589535914
78.6627762945633
82.1808926377114
78.4892797963698
76.4287872444912
80.2001902252636
88.3258342993779
88.6679043995095
72.8755901268596
93.7328321107382
94.3309713127435
75.7092176015323
90.8828917420458
99.3094400538470
84.2934333902093
94.3111172077850
89.4797740525767
85.3020806230587
80.5958242912348
86.1759421874645
81.0943492696470
97.9834908342203
61.2893087733051
94.8616211439754
91.3564796542412
84.7649225034187
78.7391112387884
90.0276252068083
82.5199178265358
87.7364307013168
96.7437364312783
82.4732349505276
93.3843678601463
84.1963341599089
92.4795037468808
102.427454326340
88.8436563076069
114.434185091133
82.5285793828459
81.8214549699877
106.296543801169
66.7197836614044
65.4810418450310
92.1653994094136
99.4347881486798
91.0770793316220
84.7471212057997
89.9315782281570
92.6055465203711
102.279054191204
99.0699079867620
92.8655871283791
72.2025393158846
96.0196177229850
87.6601859709221
57.5904914096163
85.0277859772404
92.5845500254690
81.4971539410987
88.2034111007815
67.2058611075709
88.2755901413218
82.5361392771728
93.0998739834997
73.2250062433460
101.636629115700
84.1495225519373
94.1774102817864
85.6294074162267
82.3853852390962
113.102988234602
93.1217865096414
60.2088597394331
102.392272979092
95.9620355061233
101.212454381168
85.1652559076358
83.3523041203004
96.8171238566672
78.5270137573593
120.754109498469
100.260192270602
61.7229825440919
100.085354583060
79.1918498388929
72.0342821843484
97.5822749246241
83.7651667224306
83.0067508700886
116.001144347406
84.8844399955914
93.5662642066869
95.4393398876552
85.7160981031405
73.3815142455653
72.1225194756292
90.3912649340068
84.7061235975907
96.6325612854420
69.4112748402908
83.0111544668934
76.5379012190009
87.5692488749020
108.221638145350
93.5442852635669
99.1883172730196
92.9261851436465
75.5610063679431
75.4357852233608
64.4408426510930
81.1146276265703
84.6401858624940
97.5902985775482
96.7181706860544
72.0230539730316
60.7802424239299
93.3364169396660
73.6060920728672
101.980410589142
93.3795239299670
81.5035984553714
84.3369922165184
81.7186571226242
53.4963623794179
100.807823654717
93.2420888967769
87.6897702383559
96.1226005554738
70.8107627921678
101.656146936484
103.118462520828
86.5305490006088
97.4160831257313
88.5007280638643
81.8386163090373
92.4290726872431
88.7831026809016
75.7930270561167
84.2103073397660
86.4281691942726
88.6463200593658
98.2829953805538
94.2227598140332
61.1685175147236
100.715645518335
81.6582593745325
90.8914752339087
91.4897226832888
101.858064037871
91.5983613108016
73.9576763307572
77.8706352126147
79.5950372439533
102.146991102853
102.935126935969
79.8547879246954
91.5197899478467
79.8899502811380
74.3916072415964
107.120110306321
95.9379319731447
98.7517490052422
85.2223565381077
98.4068362572445
71.0740493295113
91.9542079191958
81.7663632782309
100.489996638460
76.2195610474785
72.4970118732826
96.6495612850110
76.4342158149086
100.549574206581
94.1397539367898
83.9995484528895
91.0356415747698
74.9941184657735
100.419552694731
90.6289848923862
76.6278301787923
88.1116474950840
85.7943002557404
76.4317312545131
79.3448659511170
96.0194998866462
95.8690916283285
80.3987003187690
94.0380995249330
79.3895880796050
84.5163399806436
84.2721136486735
76.5170236774695
81.3462016535384
104.381786669687
105.021450352186
87.5571983653642
81.2219567491962
101.482853881557
82.3806450315808
71.8241813223128
95.6937841962568
96.3346317204971
85.3658312477576
71.3976321622615
90.6010794291896
92.0702496366372
96.2257917255711
88.6355235058125
69.3413108384606
92.0160274166457
102.172273199201
83.2265422335089
85.9875490533836
81.7615278334309
108.173239240278
88.5137739987088
105.211010514981
94.0571699599014
100.313915540719
95.0836624528246
92.6566538677958
81.5081282615808
99.2508365652603
113.121423047117
70.6499714774827
78.0743799987881
95.9208495781984
111.199646797387
89.5029053470505
96.3065541613875
70.4811481074274
82.3797901339266
65.6669410303838
76.8047086595549
73.0449294551725
72.9037069730191
78.0765846991117
94.3938147746410
64.7673372838172
77.8955691070576
99.7595563818825
99.4309179291500
114.714598925510
80.9439538172690
70.8069207936851
92.1298766692041
59.4020935750718
100.587584842581
86.3595209612875
96.2003275230628
72.3876183885161
85.9989434884000
87.2017411826647
80.5246276030650
83.8878260650750
81.4230106275784
87.7284718060982
88.5052812623338
94.7032792132626
72.9776610658103
103.731023875398
94.2100982478155
88.8720738583063
93.3344833515069
89.2919572242957
69.7983106413999
78.4929112800529
74.3140250980083
117.200042260229
61.3566468141030
110.723138782953
101.682765233004
87.4129474607766
87.5128232385133
74.5552365922800
83.9959020414741
78.0094421363738
80.1071811761357
80.0650586312006
97.3843163478890
87.6897929924683
97.6593590441152
100.593725033941
99.5402666815049
94.7011997772042
96.0645835180484
94.3905090965771
93.9543140719607
79.9545889152529
55.0473017445633
90.0193921629688
87.7929226353392
90.4917566258874
90.1650807410800
67.7474315514637
76.1539276537721
85.8716179763638
97.4677442830433
94.3412339170943
95.1166826654841
82.9405299206484
84.2031408263690
92.0504025956013
82.3855983828717
88.9156756377329
82.2793529896784
87.3414957010328
105.138491503486
90.8960604781270
90.7339137951420
93.1232841086078
99.6273141624387
69.2680830177240
87.0846881253694
81.2110296349517
79.5011954952261
91.9476955514123
81.1463698113790
86.4963272707066
94.8907651052370
79.5056237960486
87.7766863869916
69.3420186185578
80.6874254490994
81.9462361464112
79.9087626676250
108.329936589343
99.4463306076344
106.672080643345
101.474484290174
89.2230699256855
83.6912586673037
74.3707567029007
87.0831239524189
93.9374158326057
95.0658733021174
104.456633655021
87.2864244809283
69.8818701753555
56.5249483093228
73.2168106982520
86.6451892934837
71.5166464377618
99.0659701601587
80.6597748621406
89.9376413212916
82.5363889799118
68.8899172501957
95.0089829711819
73.3920395561078
84.9963959377622
90.0556578808647
74.4111770526847
74.4625613944292
88.5576953838605
60.0233889942864
79.7475579155429
85.3558958055464
115.249562565477
102.387763317282
75.6263999274194
93.9148040604761
110.040162479633
87.6959234998962
80.6189938341680
104.980561763068
76.1460989627337
76.8159236528782
92.4445320374837
82.8823669096288
94.9137954573622
92.2623919344125
96.1082429826222
91.8420798502579
94.7883152024550
69.8442992027006
100.356267058826
84.4570459946820
82.5737652023507
92.6914379741635
113.663677486891
101.578941038864
87.7363912606727
66.4641595984468
90.3746781057066
90.1016181090179
63.7039873769846
80.3463778245608
76.2549135131047
119.962914080256
121.067893010346
91.9880547696281
84.2767809130217
67.4974386971105
72.4149985963466
81.8364245468633
43.9245151409130
93.0593576880325
82.7726548809739
91.4205832467409
63.4713311759991
72.0095251974505
75.7651931205886
97.5480150210291
89.0832353305470
65.7496875870414
100.979055318611
74.0115212787573
90.8251840521750
74.5484073133905
86.5455215806822
94.6249572073768
92.5882272277881
92.4122587370832
90.4760134904412
67.2490100468928
79.3020476192267
95.0504817280920
75.6666282071461
74.6834171556847
104.276068914756
89.7451825620079
72.7803836734644
85.2916522144921
78.9178090863236
101.649528851732
95.8344099075605
89.2002943734835
96.0763262397923
94.4194622380983
75.5372168844338
88.1843588325275
80.3212535623904
94.8949283512292
95.8101690115720
100.044318992224
93.4845245773474
83.1494109559324
101.224320362201
82.1680703971895
110.472832025200
98.4973362905769
83.7008667783004
74.5837329944063
68.1510708403330
92.1788444380076
95.7587120548968
76.5893445777166
87.5396751689157
87.4163748787898
65.4492018329353
97.6441446854891
79.7463556745733
74.8700727684526
84.8003964949936
73.1231031339796
96.5589534764662
74.3225049747024
79.2329917446458
88.0006385925523
94.1781298933144
93.4197657799143
89.4095725242194
67.9585928181496
83.6472898061048
90.1095889685672
96.1185870602101
79.9712979239236
89.3940049408213
78.8162793938639
88.7752510959062
78.9652628836327
85.0365724879094
106.197544412985
82.2627784989950
78.9765116587455
89.3078022040115
86.3236415451962
93.1235917193403
80.9179790775505
92.2673104031870
90.1943428215445
78.8243321186476
89.3923267213585
85.8500319764938
98.4249260631064
71.1375841441644
59.5670310368156
91.6374302919350
91.8863616564988
108.688392515566
68.7720035426658
103.935480350449
75.2169725717298
102.623010207172
101.776208969111
77.4737818578893
71.3115019441338
77.5813280466913
89.0774354690335
68.2017330738334
79.8443751920944
92.2503604702199
73.3290770533737
77.0524670215241
86.7425648920203
90.0254486618369
94.3460175278380
74.1307581275268
98.9909588502057
94.0154871847661
79.9886983158798
98.9620215910680
97.7807322592892
79.8054720043287
94.7812182003625
100.188253202828
74.0924284750189
83.0678162589059
82.0887631417583
77.3179105007433
100.824187137830
54.2455075934810
101.383621044993
91.7964275826032
85.9372320366540
79.3303825650434
90.6420528596788
83.6952545707848
99.2668877402844
90.7645193325055
77.6688640866490
101.067030252332
92.8780033235003
102.660069897871
91.0711026102323
95.8856910794835
100.465425081733
88.2490266520236
68.1143780595236
111.762584016515
77.4215430579050
54.1595946679132
99.1739949199964
97.0600499792590
71.2549963321224
87.0001301468521
89.6764785708801
91.6474051508087
88.4165859262423
104.016504380280
80.1042497883513
87.9432392193189
102.774159625327
95.6897626193608
70.4005680845207
100.258389784795
97.9849417196049
83.9510155249358
89.4329376622445
62.4317348390270
93.8852340655651
88.7027885087243
81.4097435344902
66.8460273982980
97.9833992238113
90.7615181842779
96.7679626863555
74.2608398203794
92.1712795363462
97.6496611691826
105.971228430146
62.9519509683633
92.3556306884396
93.7323666568306
88.7638938652242
77.3168760759975
87.0687131252437
104.232631915340
93.7870669771230
118.708977720509
110.331853478082
75.7283621303765
103.629154334480
75.0448769143324
83.3963430096793
88.7675021331449
79.2956039525814
95.9132187088540
107.897571007852
83.6334307956219
90.7298539253497
99.0533620271159
73.7299111798439
64.2976332454232
67.8562161235242
80.3728261598688
84.8767281099375
104.069732438669
79.9284843336677
75.3213654174935
64.3073395948848
89.3653145228010
99.5302064194539
101.889151526347
90.7021429603363
85.8490334531889
77.0746061380214
82.0570990470627
64.5978914307206
75.4297443178059
88.0012573095986
102.143556441412
91.6956713364643
73.5261206671885
57.5484215659255
91.0302624347917
84.5149799315135
105.399937824590
101.441598338312
74.7618411626048
80.0763127209694
95.5077354832658
49.7768339981468
93.2793080549921
106.338711625107
80.2503173341978
104.760868904765
81.7906226457936
95.3910040688373
107.130902039027
70.9596270229116
101.631832881809
80.2517071136525
101.182531750245
91.0196536265392
89.0867831881841
72.5779414597104
98.5667601320025
86.5251595005703
85.9158638596071
97.4943551237001
85.1658729614659
77.7926295957060
107.058948646395
60.9739270590825
90.8860004480203
76.4410765066814
79.9891058288703
96.8430346559994
71.8723062043061
76.9771758859612
91.4250126081983
95.7265252085117
103.843219114884
82.5808022415764
91.1787839926891
73.7860314258793
73.8337356735322
103.361847722577
94.2295821383478
106.879433827687
86.9386879524239
81.9447257481882
71.1260845554542
90.9672085575065
75.4797383412833
88.8425306002320
77.9251005131138
80.3609748123523
94.1127170555272
77.4182701931665
77.7352727039695
85.7412633236851
90.0091307044580
76.0746763833674
67.9276709999397
94.3860584092194
96.2628941099652
91.6920042169463
85.0276163345586
91.3018690161738
79.8023208640302
95.1120512644952
95.9247427502693
100.612110328766
89.3415146867273
90.2222597851416
91.4031290523638
79.7578552526974
101.728870830528
81.7931025027864
78.0230122170690
95.3632101603906
101.855300531940
83.4978463178131
75.3381036327772
100.290914742867
85.2556426699464
70.5586152039124
91.6163110457820
82.7982899700285
87.6905437062936
64.8770070377787
89.2772821895693
93.0165096805773
77.0830572809467
103.331687223179
74.0195571731507
89.4805713732910
84.4043900490015
74.3232265650410
81.9659291370393
86.0505974978663
114.386474457919
105.277146186062
113.194973331751
96.7314738931111
74.8340559321179
99.6297610247083
77.2682612676160
78.0775841967537
98.6224413434651
117.988362634660
79.4508890569658
85.6680163948521
90.6237377289208
96.7575651861495
96.8840539368421
94.8341677014270
66.4815077581820
90.0736313877687
70.0724484790907
72.3972941277705
71.0298341280648
81.9983937238852
90.6619761762031
98.9594305109864
72.8352105404405
76.9802623047643
87.1214844037364
78.6813812731537
112.498449501296
88.7262945995846
77.1014079030332
81.0938915741990
68.5621103812401
91.2426009926088
88.2402181823734
88.1064014503946
76.7397819355369
65.0786260034430
76.7264924467111
93.2614850911240
82.6780168121300
85.7826747270297
92.9166646947652
93.7995788821997
90.7098097556965
68.2709663722090
100.528350098671
84.4147799751520
95.3696580863121
86.5118591935102
96.8205963641316
84.7602889895154
89.8094521760025
72.2307302093282
108.998225019601
73.2478776347883
110.452447945368
107.081179772057
89.7756996739018
84.4442594755510
57.2459941078312
65.2141454215821
86.5985813579431
73.0365419828875
81.7012649524543
86.4368873445011
85.3806967765045
96.4902807493239
90.8989975118586
76.0850446262418
95.2616751973532
94.7049895289314
83.1583588806816
79.5339348910451
73.6636481077164
58.0525164094971
81.4506245952282
73.5101470946185
97.7488956500910
90.9704457246370
77.8836215694236
77.5455822967116
79.6290080952471
92.5378713586679
90.9200238538554
91.8576304773996
77.6420438462156
84.1481062396404
95.3108888635455
77.8476530606487
95.5674129875665
95.9244640362490
99.6611060443608
96.2503627640218
100.851798336215
90.8238691579230
97.8082615589562
91.3132873360883
68.0182335374834
74.2550088786098
79.0127126087702
75.8932534730562
84.5318505019448
82.2340460684911
81.8089134470896
102.451694746908
86.1681013205987
86.0220223065042
85.0397637268430
63.6907912495911
81.4046115544798
85.5249058247927
102.858278486831
92.9816387765825
95.6560777607964
88.5000575140657
85.9245122936297
96.5542733875370
78.8832889245759
95.7658196910130
99.9795571119931
100.337279714601
94.7854636178430
95.1755763155458
60.7609456290193
71.8876011005435
83.7070585013291
94.7645583884297
68.5521185786047
90.3675973725682
85.6891044067216
90.0960995796506
86.8286984710197
80.9172752998376
98.7961120931392
86.5143715042709
96.9699064803751
92.8203357028154
80.9868218031938
72.6721901750129
91.4992496239252
66.5921654352009
72.1370295825392
96.2139978811096
105.531741284624
105.532700441232
90.0402582738921
97.2810891550474
119.914641687423
85.9539114532186
84.9021429853988
106.248710104631
91.7961952764206
69.9122565586445
95.6325492531670
81.5949664180790
89.9973272904687
93.7025481928127
88.2637449420900
83.4821745658942
100.138713011382
87.4396515952065
99.2320162214613
89.3672971517519
90.6208645603340
90.5941072259701
96.5610762882564
102.598929435895
92.7976555050268
66.8850392574233
96.3053663237865
104.924668521367
67.1194450720531
81.1618986065541
83.0759792600305
112.207926800684
109.909851235468
86.3333553833524
80.7400431625463
78.8101822019552
80.4943230973557
89.9212099108548
53.1281729726327
89.0230417262876
76.0463795756943
89.2739024389623
63.2915089292224
74.4954914971910
73.5901830397239
96.3959220180118
79.0640031068585
64.2533447854291
90.3259851105617
85.4579171587855
70.5329080184659
82.4774491561314
90.5117878950377
97.1189581842767
82.4556196831885
102.890837619328
86.0714268179740
71.5623278060536
95.2796661899356
99.6305732618650
82.5927149066929
68.2617664001898
113.773872890814
95.9868941784858
83.9222706206271
96.5932016188541
66.4728973090519
94.9683724370452
98.5584281566490
99.5505385513328
106.344162245667
84.3100580860806
81.4522870758310
82.6653792926070
80.6339258541388
79.8606593184129
92.9553014329565
93.4377736579160
94.1433725210023
91.2319190953901
109.332436497105
89.2075314392067
95.6789452153950
91.8942823562653
81.4449748857651
87.8008901963907
89.5671916120634
85.3254447315964
95.9173673867472
71.0749862646499
84.6467917530083
82.8886151452524
67.5890130740588
90.0984124967038
71.5997167328367
87.6238700668817
85.6661366084889
85.2385750684313
99.2462549347174
76.7694899391218
68.5148383867477
79.6478375779949
91.3271451231318
103.518448875797
87.1451026712195
87.6990144082443
84.3523193018098
79.9384048279589
100.838306620711
87.5660199365722
83.4795092777054
93.8439929902861
88.0303578561309
79.8026621241612
71.8349641402453
111.838802335866
84.7124861381138
85.1197917377696
81.5346962280469
88.4001918742444
95.8888004742582
92.5310466269102
87.8100392098247
96.0542383468847
81.2614622585114
97.4868998457445
83.6146199571734
92.9330298076810
66.5933309087159
65.6977084926553
98.0709543257819
90.7619558890296
94.6097842541150
73.6032698008379
107.420971402618
78.9687875780674
111.857388521149
89.5141098687637
81.5772562478843
73.2280343201693
72.5243090709635
71.0546397182769
71.8586084806615
85.4362989853642
91.6641903012617
88.9907319955587
76.3712652832065
87.0660358157474
75.8054886895420
98.0107148643182
73.3976626481097
105.336318211319
95.8124202852053
62.0343966684646
95.0258905986574
93.4953883890779
85.5509274717475
96.5770923533471
92.9808821516515
87.6412907551810
73.6407426106267
80.1910046007242
70.9366769311152
93.5035291029455
45.2289199927810
102.757896248963
100.170914562627
80.7382267960670
88.5302602708239
85.3220147903419
83.2241562064901
90.4859496104044
96.7421816190183
81.1748664549930
100.484367675939
80.0454356916077
102.542289124535
99.8477152203968
98.7376000434353
100.766145477978
79.5063713179827
74.6785297405973
102.057821958219
77.5257391570800
62.2605457144745
84.2979314433815
97.1945589625399
70.6186038349711
85.7966960014473
92.4500900972073
89.7688720924378
89.4972141264233
93.9567102256400
79.7716738772589
69.1472017991790
94.7082459566253
77.6953538292713
86.7242142308040
97.5455525155669
107.914369808065
81.4183846401362
87.9709632733038
71.8910225446480
75.4855938285350
85.5423056398340
78.8436729269494
65.6704569032404
104.950413140878
98.7640097995396
100.766503708348
88.4790609669262
107.284319456909
102.566928039499
99.5368199206060
75.1142699220473
108.487301601357
100.771128280064
91.1011522390897
96.0535517263579
86.4181909645918
101.872107203633
92.0805046555751
109.775151026066
97.3762263621098
76.9466731712161
105.322570817932
60.1205188025717
73.4463541547035
103.165667124262
78.7872310238585
93.7026187918141
110.835069664808
88.1450381594570
91.8737910729497
98.4116823234497
72.4079632814533
74.0976662957376
84.1296001317944
85.4597940188042
96.5341277865444
103.405183088555
76.9925408722215
78.7685388433286
69.1081453198436
90.8299941405665
112.472653151776
84.3538417522089
105.262407332620
90.6043308383568
82.8204821854618
87.7370482876261
56.0607651094824
86.1402093790504
84.6043065751571
106.874997232249
103.032978848851
83.6534651461116
66.9585836808015
98.7371486057389
72.1912355602051
104.167008737977
85.3125475495412
79.9175003124255
87.7890087626451
89.6506834411693
52.2548791622487
103.688851199056
99.6135479427525
96.3626045416059
87.5873533496984
79.1587347283789
92.4801956225037
101.472496538625
78.0831486690888
94.2718237164394
82.0133263460529
93.1017430527048
98.4508277215727
90.8805709325850
69.9471780909141
79.1060939475770
95.0159272867727
93.7372033601429
102.006959904248
100.544556742602
60.7652333306890
97.7641932478758
86.7300858980890
89.1593991057131
82.7657517237951
69.3367847720609
89.0111919092963
75.5985231495546
79.3973712588871
86.1600178560791
105.750021390934
109.812354496769
84.3329542605951
91.2820235337570
94.5771845027975
80.9921502158194
103.819425974970
93.5435347244601
99.8010733009767
78.5499240694140
90.6221931712968
75.0115765753369
69.3009476768129
75.4983276931793
93.9474665730381
71.5633193893001
67.8687158495216
96.9986368774636
72.6719876338590
70.6088973477053
77.1726814749651
91.5199654584992
84.2775017929098
83.0600091419305
97.2125982050419
87.0397455879451
84.2739333864262
87.2677119522679
72.7663888516397
74.4010789088505
90.3195598087930
102.083345864602
97.9631493840208
83.2539897485421
83.1908608017301
74.5930138660329
80.4461739393846
109.434778514415
76.3592166426123
87.8890420342721
110.349443800614
97.0018383246254
80.2806493822075
85.8061143754849
94.8489306668699
76.0260058843641
79.2305130102300
98.8968110179901
93.4878546797013
83.5753664349795
71.4741410564995
103.271079407415
98.4839539538037
65.6683549839246
98.3560864988728
84.3799923016288
92.6676027501447
81.8265759602519
75.0828044385374
56.0588041128416
84.4429889827084
98.6435197953051
100.648468931730
90.5637333034278
75.7233173504033
85.7221078223836
94.1571962505023
95.5630915709533
85.2465548244791
99.8303255016489
101.013106828407
75.9469982827599
93.7013565140786
91.8145967179174
102.190298192494
97.6384854418894
89.6384564045527
67.2365454322494
83.1936202311628
60.4568249889237
90.9295790175017
77.8439771504133
97.0416899393365
91.2087256710543
105.155537373370
71.5061049680545
82.0910815564946
88.9699337198534
94.2284350635553
113.511874316599
99.2874314242050
65.1546954473918
78.6061757906404
74.5382568590754
95.1038594752739
78.3822113937993
80.0276194099360
78.4088536559351
72.7566701535897
90.1460292084188
94.4198587308046
80.0041894785092
79.2455268132136
89.6140128582514
91.8695659777293
83.8029163848489
64.4759961721246
98.7181149273868
75.9961057209939
96.5619726730591
96.0508656633503
93.6625068439502
73.4038653087549
78.4325862695354
62.7675188988808
107.422985003838
65.3634769850724
106.538776210170
96.8528483563336
98.3881678593470
98.8022813453888
75.5368124515877
89.0181969820116
83.5855998032391
73.1771126092104
81.6145199966225
85.2049347266959
88.7142101391251
98.9488334001064
89.6393330525923
73.7867232194621
92.0107804091114
96.2241443449624
73.9504809703605
88.9041804409722
81.9739691993273
52.3654769204572
95.6692632609879
81.1739986247232
90.6348454216200
87.2486834238557
72.2827908782658
86.7296364595500
96.1811885421686
100.720053695223
98.4388842741345
88.9541068442629
93.7887085288855
87.6032503462333
92.0004608297009
86.6493157524463
97.6468964476968
88.9541916882791
90.9265026069780
100.523692814140
93.7331546274058
92.6746092907706
94.8017177174838
105.497801918421
76.6977024541439
81.0427445439420
87.4948988663440
80.9182730268224
98.0626664382906
74.4197628245265
82.3036923931248
90.6397664339358
84.5161282044173
85.0511523136959
84.0450600511108
72.2369081607068
85.8585152903905
80.1327534080185
111.949753943977
91.0107966593957
96.2447798261650
85.5092948595017
95.0812854812024
88.7529964784297
77.1242124382700
92.5116577046624
97.1852159836135
91.3283866668264
106.516182720205
92.7586931830900
64.2656574855327
75.0562025375054
91.7030382335866
95.2233874019997
74.5929455790956
93.2717645260691
84.6413030221416
86.5678856422345
92.6702712572074
84.0409269698715
96.2478796348573
73.9138555112561
88.7220182235284
90.5499950291699
79.1660926570748
77.0084815519276
87.8428775208580
82.0825041374281
83.6415440492236
82.7624007115622
102.756614458652
96.9268809526846
86.8808401675446
96.6758904884837
111.911502097881
85.2054141744466
75.9737847537694
88.3593250571656
70.8643299172597
80.3773689985376
100.918900508811
87.6872135600813
80.4112789975308
88.0988930673426
86.4606808573075
93.2902285923461
101.264873098464
88.4721294981395
94.9418227977113
81.8051275366090
79.3552701127012
100.924865073403
103.691456306682
97.4518445601541
83.8025516100722
65.3018051739732
81.5313072846026
76.8423867406131
78.8698341664988
78.0680563595170
83.8592255996641
109.880934746074
109.709020884323
85.4062822258824
89.6067552844745
76.8783760481294
66.5820264820114
80.4982273974185
48.8483574863034
75.7588724571920
88.7759186611152
94.7142002021216
58.7322162834968
72.6191278672082
75.9160857617811
93.3438574458875
75.8558784335894
70.3649835964484
107.153125289155
75.9156917075398
83.0819835605101
78.4670979053399
85.7344943067444
110.306114082510
87.8189304940828
106.184191007334
87.8917545259886
78.9715225621399
86.3545710991786
92.9549425300509
77.3862656329133
65.4580554111926
102.169132819555
101.834206991750
65.6185638496153
86.3138651157121
73.2399781167802
96.3190351004137
94.0483878888819
91.4405818666413
103.981765837435
94.3846257763016
87.1855062881105
75.9120443996454
90.3221669089456
80.5498229003975
98.3461183022811
93.6597931636206
79.9815205906692
103.294991255115
112.837515222440
82.2874719401604
107.140917131421
86.9080800218140
85.7679430845961
70.7803694121022
72.1586398205483
97.4626120448559
100.672686365416
73.0711871453765
83.5208478853896
87.7644344572578
68.0964921730044
92.0313841371172
64.7618869104123
82.8646681440315
91.6683849703419
79.2996834791862
89.5516935766931
77.4767941109568
83.0605221726728
83.6586595125042
106.740332929461
98.4485665673417
73.6963163269279
77.4851474326697
84.3303952120262
89.3876937893427
103.539207406328
82.3476687502964
91.2132230039243
91.9912863255255
80.8230538141044
82.6924409338166
83.7854051242181
101.346807100133
102.440775945639
91.1716776251681
86.3949348310143
95.6275406902685
97.4198149026555
88.9468062271824
91.8375560775613
91.4595655341848
78.1014506238218
94.3670286493928
88.0566737218234
104.742259108108
74.6237401386980
67.5506426692524
90.2784580650649
95.0535002884784
97.4108603586738
80.1825463938343
107.845893005297
74.8738809193691
102.226343622367
107.389027724373
70.2512749047357
71.9462462222271
81.6793574770631
79.3163003278270
71.7018037546345
78.6980341085361
87.1413388330552
74.1917991129699
77.1373618387244
89.3520034742243
89.2202445145590
89.4144034930424
67.1151575142518
93.5549534518821
81.5513132448008
69.3765013451983
99.8081918381197
82.6961426765350
75.7693812430192
90.9120997133091
95.9308643761093
80.8083520242286
86.4882033793168
87.7473143788091
73.7027692604672
97.8119861761547
43.1880030308775
90.2727011245104
93.2552026386613
85.3790884675002
87.7057685567978
85.2287995668559
85.7901314640576
91.5487735388485
94.2503032339086
82.7400976367322
95.2712996865807
81.3409980218359
96.2553492658550
95.3918182988554
87.6857550093601
86.6995948780965
92.9720803503138
72.6822442400318
100.404089430998
75.3272008314656
59.8759883620952
102.431722137453
110.144539858993
79.0754813408427
76.3985112669502
87.2113236013446
97.6381849803713
87.4252883784012
98.8308569487725
78.0690968545985
86.1593184061905
106.634277186130
90.6093374863784
69.3681614099155
101.174553842462
93.1655425334728
94.2957338495473
88.1439609404342
57.8883486855161
74.7613125381014
92.9620125189522
95.0985491512169
77.8107239173891
95.4393688077745
87.4220655975304
96.0393347355410
82.6354272824368
104.030230399816
101.891560407937
96.6314853920801
75.3774033706322
103.230624515147
96.0564711153816
81.1017064169300
80.1994651463857
90.2801346747017
99.5836290809729
79.7366432972086
103.700140737655
117.572450683081
65.1216300976778
105.811441296873
62.8984460698458
62.8616604214193
104.246871566655
91.0332713386551
94.7529429878653
112.436564568166
85.6823670928845
88.4055340107527
89.3675843281119
69.8584894799354
72.8540294758603
66.0501213391039
75.4597038183484
89.2394206026968
103.898372871885
79.1591375994141
82.9607530671566
62.8794661156123
100.738615294760
115.913846110645
83.0712817455210
90.0399442549044
90.3570070614076
66.6043218144259
85.3474137578842
45.4418747668863
97.0084022747005
83.0908293610567
114.366249404819
87.9167938176056
87.4354514963242
74.4718976912187
106.687535327515
82.3895700054523
103.082807182366
96.2230746189345
86.6021246672233
88.2798473992303
96.6727469193331
67.1019344852860
90.4715752308311
103.806115442300
99.4254392603288
88.6130913796313
85.4448860084719
102.549493259267
106.129070870779
108.473746104546
86.2032078846043
80.4787767555721
103.085355406725
84.3141246191401
92.4393147428687
73.6445712329789
90.1914697927151
94.8868543646056
86.6567294378199
99.7759098271529
91.1066630789495
70.4446548282874
99.5373758051394
68.3503326188760
98.2274222947946
78.3687612334415
63.3998412648955
101.681743401408
64.8633222228523
76.9888205687885
87.2141507239735
104.735406104124
107.362541074774
94.5155420382634
89.0408530314678
100.461514336054
75.9517178155863
101.470502134212
87.3189978714234
98.6057028087259
80.9011492777381
88.4336942333154
66.2095088452240
70.3888102354374
75.6315552714953
92.6946533620739
74.8564991993057
72.5843673487809
100.766203316472
71.6905877459777
97.8373220041650
92.4707739246691
102.768971827071
85.5707542073386
82.1811431101375
99.5026734855508
95.6624977329265
89.5434711633057
85.1268704886470
87.6487536056799
69.3162788725176
104.623580208519
110.869807377547
100.774297662710
79.8179292397100
93.1294899021634
78.5944139455323
77.8964995732401
104.697767627508
81.5337366530639
81.5935699900471
103.483911037400
94.8916260966703
82.4894926233084
75.9434717181800
94.5471086292923
72.7116521307021
82.0390904366788
103.635832036327
97.2029074501716
85.5846350998767
75.3202442630235
94.3245964051053
95.2748301061944
78.1411249283589
103.598970479504
84.2453991104432
96.5768934808262
104.799797976366
80.4074950366483
72.6947484298894
92.3021217844531
116.377704220448
104.487224644278
114.110749186776
86.3226527621778
96.3854039865707
91.0359792846524
90.0663156853105
76.9653201569028
92.8763335330540
101.877725472044
67.6106079420907
84.6577946686805
102.887805465082
95.9822626633441
92.8891422662826
107.330495235694
74.5156383221180
82.7398244676180
74.7510704505091
87.4813106861533
74.0162458259951
86.8784761915613
90.6401268912828
93.0673649028436
79.4661645822603
79.6818606573669
88.6186539681199
92.8969265572287
113.785902339999
92.5326250962900
70.6987862208011
75.7184814699450
75.0086375213707
100.403136016511
86.0858231655204
89.5811037455628
83.9109004390347
67.9385670126925
81.8765296902665
93.6028267095812
84.7508294435326
79.9545735671044
99.2978077163106
93.6192352673683
89.5178073553018
78.7822549354860
104.449401344451
83.3428036272537
93.1491449871784
96.1661956203826
101.034255974422
71.5188078759151
84.3338676011000
76.2899147268448
109.330528804525
57.1358274400786
104.521999292205
112.826238915048
95.0416169900303
92.9596006544795
70.8015029487341
82.0277113095257
95.4020100245007
76.1139041751744
88.2781991412622
88.6957033292687
82.7837549740971
80.6448605133114
87.0705859961934
72.4535954748746
91.2896638763750
89.5506775008398
84.9708947183621
94.5930567099633
83.4504102204370
54.9194475278489
88.9849362846988
89.6597062208931
96.7688720963506
85.7219427791630
82.0303096709220
90.1562914963574
79.0015993648674
95.0702128142679
78.6353462855922
98.7940682129763
94.4779954842788
80.5460214297856
98.1714400686421
78.2116178606102
80.9195222618109
87.2527631325873
88.4798340085766
100.883248674464
90.0915796520208
93.7021820470823
96.9284489113647
100.072944567139
55.7641887089978
85.0099158642578
80.0687342864294
85.6899301112691
102.053611059159
84.1948660686110
92.0582054199014
91.3874320596046
74.8391219869838
76.1363385269596
78.7411629551989
71.6547363914651
92.8611245792805
85.3505008316299
101.914249801183
102.706675963383
90.5692971529067
100.983776294156
95.3192944632926
92.6488214224343
81.7434185872253
85.1994739158148
85.0975989242356
99.9279964584008
92.1684491846984
91.3557364220037
57.6281163119381
80.5214996054793
84.9429509141794
94.7886388274066
70.4632867219705
87.5088643308783
82.3792672315476
83.7514757622890
77.8918481243492
84.5368152019845
100.994354427924
77.4835695503978
77.8575091011285
77.6101417145768
81.4615548490974
71.6466827019411
84.9975342524981
69.7932430566184
73.0540719346731
89.9800950097571
104.459206304362
104.438180988573
90.6807594668811
76.3457396980373
109.569588823356
90.1391786569409
75.0705811428942
91.4310001551503
71.4130340159372
83.2146913149168
92.4201781495636
79.7877256082297
96.5982485465782
82.2093800772275
106.074903355173
85.1205564340714
93.6548163842457
89.6394995752034
110.846287915821
96.9983159402583
85.7586154373164
83.9570223258497
109.784019002856
102.193169180189
84.1040968116353
79.6547353196489
86.7693903181797
85.7059970835654
85.3436775408048
75.4055667675275
70.5149620976688
112.468246408692
108.037921223883
92.9948251435167
84.8521710000688
82.7572958090109
68.8867039602972
91.7681113784134
64.1084186522603
91.7189693565917
90.2041188590165
82.7059068856311
68.2822158853916
89.2716203190773
76.1505749766880
90.7028316638149
91.0127737639450
62.2839375645069
99.4562665556501
81.8376654314666
93.9002923362361
92.6004246948144
77.6496030912898
92.0866795631784
84.2834437963982
100.073236398922
94.0573576100450
82.2612651132309
87.1701862985086
92.7216195151721
95.7163322340446
63.0440362452580
105.155516104029
98.7718333642984
67.2377451945774
97.4891001806185
71.4592222409923
108.527646663506
84.3926977526313
105.809187947120
95.8440570989126
90.8928667942017
96.0703538578793
78.1778304061888
93.2754215135061
84.5348091605344
97.1914118251532
103.057638262847
86.2309389906257
87.5659360111818
112.652031698084
71.8909372697624
95.4814250713980
92.3944790356445
98.2155240820813
87.3745961153495
74.5905391238260
94.3567696736028
96.7470975570918
71.1702045333968
70.5400700434929
88.7906874330964
64.5751310535521
80.2835573507415
59.1227744330913
76.9884832389933
91.4903799365031
67.2088030137520
97.3419424329655
68.0547243232009
76.9330793857795
78.5443872244342
88.1763188651051
102.372036236142
85.9019436965324
72.6988669014871
66.5443333495024
103.141299009036
104.462792358250
82.9860739806279
88.9810539251951
90.4343219591271
92.1859037060371
79.0504763835656
71.4511811110427
98.3161255399135
84.9851621906782
80.8410100801516
88.9997753299859
96.2959216524275
109.154293786576
84.2631842720423
89.4147005156160
104.316323620588
74.4757132033734
82.4153203918807
90.4582086810806
93.8033094891357
71.4067760601238
68.9266839545867
91.7488342937990
99.6437646923695
110.564381727299
71.9466721586678
100.914421335776
69.3884078540567
106.462153148952
93.5357530479190
84.0461092172817
63.7847617697904
76.0173477105265
69.6250524065237
78.3989642393587
67.6985476706179
83.3506158217772
73.2105366598919
84.7794097949853
77.1452022226930
82.2386489196630
100.991244526766
76.7359784800883
93.6808933382729
92.6388301781153
71.1717932226553
109.052834599270
96.5408795044052
76.6285463094097
98.7309846751619
113.027137276106
88.0142955351814
92.0314715940831
75.4513703305861
53.9416988620833
105.275809932070
47.9969132639425
92.3147492783567
89.6956979825109
87.9037597077563
73.9076994128120
82.7686452147082
91.5024149664332
93.3293854917838
87.7931752014040
97.7331858256396
110.862668327286
73.3388354191208
88.0128903109013
94.2188970824386
101.299544344306
104.280531527797
89.2163853729513
74.7751100709010
94.4460700264136
88.7563464176385
60.9666377025298
86.3239572265926
102.299208185735
80.5406789352189
91.2909631180870
87.6171879735192
88.0766389569866
80.4600988359278
102.668658338677
80.5295574747813
84.1452490483519
89.4760110114433
83.5723065691293
80.7532506131512
88.7133611185398
97.7712983975714
93.5542510740763
100.900917766514
77.8229351807095
69.7176771871347
87.1797999733273
80.5550542013314
78.6589528248566
109.208696725930
100.774795341602
100.291167947595
78.3546592661162
97.0376514042941
109.621330836292
101.701654165266
88.0951269363983
94.9740219088779
93.8011483337717
101.162805156500
81.4955444578275
101.811217500579
111.303595551994
98.8892602477814
104.881612397327
93.7840475697230
72.4706800053974
96.9175486155608
76.7472362864756
78.8258396255385
94.2895257250641
87.7585004035367
85.4852000801033
109.249062655064
79.9445727059250
94.1707912068478
94.9254464645018
77.7247818851073
82.1645479538065
75.8654646101839
90.9191996378211
80.8531173547370
102.294052994154
84.3572878849526
90.6079394195814
79.0824176000546
90.2651821801345
108.393214774349
85.3846095035862
86.7044877382145
93.7705628041139
70.6322819665704
92.0611054289126
55.9184006660188
94.3703379862279
84.2990205849902
108.082204164703
91.1308146981454
93.0171161095168
64.8516005651141
94.5695318028225
73.5703116929104
105.943086496857
85.4362794463289
82.6196178764085
101.883604061664
95.6346027332779
57.4769388652263
94.8417606929247
95.5224095167237
85.5760013039131
103.245812163270
74.4421041282981
82.3037631970472
84.9672507685546
90.0671244570752
82.7297845311001
79.1354877134180
101.770325495025
78.7925347445729
92.4964406413239
69.6453236877462
83.0935199148211
79.6122926962345
84.7196489440141
93.2694416873828
101.031652138703
64.9902232358725
96.4102560565012
75.5422988003787
84.1751008475718
76.8514975835011
84.0718645936520
88.6051408616383
76.8141102400438
86.1389538640192
71.8158281394110
101.554111694741
86.7935055998234
92.0267695617283
93.2695914943472
88.4985891982296
83.2603082644159
100.602188807802
95.0276911813330
102.438903674791
83.6317516292804
100.091392611276
67.7268303721211
82.7373764523102
81.0441828036591
95.6840464774215
74.3564803101775
70.1047433185354
93.9896973271697
79.7219105465297
75.0044603879674
77.9362580188973
84.9697559693162
84.9957324568248
78.9403753910033
94.1038911186520
92.0941603010907
95.7074967766054
104.444211617451
79.9885626596476
77.4724698184356
89.8806375245154
107.775720326927
101.323296652934
87.3559032999831
95.6066153450615
79.9720670746632
78.0870839051129
99.8395590290205
80.4851223661726
78.6418573465005
107.972620991839
100.174617688523
78.0335062094947
86.3053859402658
84.1260642372945
86.8518174339561
77.2633841997151
87.0676761312938
103.118378347081
87.0942524748174
74.5366263121045
102.201027956439
92.3446903148312
85.2748646866296
78.9921396943256
78.8736169369790
81.4424558463397
78.4832102477989
88.9152729734413
78.4451312131123
79.0865314161479
112.856053487229
109.062905986945
109.476425379613
85.2767537659942
83.9484222795760
84.4322756047339
82.0720873573209
72.7763656970774
111.564043033557
106.682500140182
78.2380831960727
93.6451789391450
106.152526235625
97.3988217419007
98.8107100820221
100.625463168488
85.2768104243228
86.1396139522158
71.6877697488201
74.2511497555637
70.8817976964388
89.6342824642886
90.2196834134888
97.2786170428212
82.0771474773896
81.0179418115022
87.2612767107875
94.3794021873363
113.893012816247
87.9931959830147
66.2415711099722
100.674656029525
63.6306792854978
100.505215012063
91.4208613500946
76.7890873270280
66.5200337475016
70.9060043617571
76.0462738218206
90.1482173202754
75.2239827793342
86.7472995348747
84.1973318933521
89.1474015181613
94.0624627333811
81.3976298626024
101.897586313855
75.9311443645612
97.1506115900232
92.0892553515830
93.3263413107081
82.9965586328696
88.3779383115410
60.8155170372391
122.008217922430
63.7839289500706
109.278977830677
87.8189131243157
95.6598691591801
90.4399212237135
83.2338224442312
87.9429763132475
86.9474157358032
76.6617628473407
85.2013567408133
93.9609176396702
88.7709840912337
86.7359455319198
97.6395823716038
76.5510391670855
86.3999262506484
95.9816907102966
88.4639816987741
90.0675411974223
79.6765359069614
63.8896434294630
80.8230531680618
89.6665866397442
96.7373791275125
82.9918294830601
83.6557298459130
86.5080197458279
76.9457756437906
102.709825567469
95.5854082936254
86.1480659395502
96.1179283929493
72.1018821207836
92.7954937531966
77.2230800799112
82.0128770640312
91.4616359776303
79.3328057928336
100.211608790401
98.7705098698300
99.8657932215695
92.6184415016886
105.212836092261
56.9478822165203
91.2661889282408
79.2128076336039
88.1190658341949
102.856637163002
78.9205365001387
90.0653490669008
87.6601228327675
71.8182960344912
78.0431637920021
82.1403495159818
63.7969249648771
91.8577045658854
89.3990537004840
96.7973192966265
94.8258162997743
85.7621942193619
90.3652881073320
101.545595085748
84.3840382128234
92.2972951161368
91.4763247065124
96.4626700222702
101.275007061525
101.103159293471
88.8367643419351
58.1884565409778
85.2358177120637
74.1833875541292
99.1593602520207
76.1688549964063
76.3366904026277
95.8052280146368
80.1428561517557
81.3835943370212
80.6043914795040
87.2728495088138
76.1165446548404
91.1499775740846
77.0003867305718
76.1567724512439
77.2949942948315
95.9631556984880
59.9359122536468
86.0339714635491
77.8889977146764
107.312596067117
107.179669350273
83.5955404429586
90.9783381600686
111.512295008324
91.6012523033477
77.1727670170157
91.6350713981380
89.5422708203161
79.1215153225418
94.8052860105676
87.4151703611787
92.3624756967322
79.2939655709512
90.1340017621861
82.9098857272488
97.2002224614804
89.3080962418245
106.258341802534
78.3464063183489
97.3148049274890
86.5956924404209
102.444694273197
96.9951552093394
85.2382657785219
62.8009954956843
88.6628375497497
94.0592643138169
68.7391652887823
72.4052534573749
80.9546657754867
111.209658411775
115.581224450567
83.7081109362722
90.5997467213787
70.1067945540050
74.3952670609010
89.3702004364425
36.4893194600646
87.6424548501077
84.2359375790555
86.5770135768200
65.0663700137032
89.4666062193034
78.5654369356892
99.0390669498065
81.1393887419160
75.0886291211554
99.0509250734028
77.4045800744767
85.9127786572219
79.2131859185185
83.3464078485475
100.886024899159
79.3627884392136
98.5401275315520
90.8343360257608
74.8055252517764
88.0478342586049
99.1019346638085
88.6728595093755
75.3809654155117
112.203282373345
88.1067919201367
59.3124190550604
91.0505141912141
71.9680373733921
101.994835719152
100.405069679173
88.0771222428386
89.6788416094730
91.5400800082761
78.4037811876445
79.2001101835335
86.3208749589473
73.5080677280088
102.120153116599
102.690895590925
93.0264589366529
90.7420329688616
98.0565329234564
76.6544154118999
97.7203071202187
93.3312735540816
88.4987037325830
88.3649532954458
93.9415885752843
93.6252183128815
95.2225707851200
75.1434330403228
63.8251034014610
87.4869970299981
68.1261729567171
75.0976861454971
54.1937023467930
83.4532589538115
77.5678340626309
84.9509481790159
88.5346326509975
80.2565186772592
83.7517205528170
89.6448881840802
89.3644276746236
93.6835472085563
83.4986320103005
77.3326712633561
65.2877942943091
83.4765582820134
106.490477870831
76.7036112869989
70.9515137646544
77.4234035440817
96.5039368653059
89.1501396948631
73.2996291722407
112.838313769478
97.2003231800014
87.4080104682019
77.7306420860221
88.4390073965818
106.835698512010
84.1581513146617
92.5672880214890
90.7908092605709
87.4995568087075
90.3610901770007
96.8112012233103
102.584450812642
58.9551045526825
62.9482487637995
85.3929235430713
104.689490528972
105.583362322174
75.9891768677820
103.595785793066
81.5790765512550
113.597078903051
102.257108890434
86.7387321801404
63.6299776477474
72.1553630553818
76.5207066843254
86.0234032844363
79.5200484708584
98.7908008510684
86.0831185966777
76.3059191236244
73.9313604647108
91.1706530393710
98.2662846490444
74.7436009344420
101.748776410466
86.9915297356017
74.7383003521789
95.9529359853719
86.5627877410723
96.3269547710399
88.4772454787108
104.349072732176
88.5344221756560
78.7468662537220
70.8563128852301
78.0637994506098
81.4827219511967
54.6895232192100
95.3644549669020
104.219382476618
91.5243623208038
82.0223205424573
85.4652811237660
92.3445857637393
97.9452756052593
93.0858843882308
76.2302458356707
89.2118063815797
69.8335330636545
99.4776145111447
100.746436144691
96.7799881052397
105.007056697381
90.0701776935725
74.2356744042811
100.922782694358
81.2761279014034
51.9427244383806
99.1325276893507
97.4262738462511
87.8287543364398
87.3335713935455
90.2701189702960
99.4112361000632
82.6438060050647
98.6616889140591
84.8963982261794
89.2504820143267
99.1721517795147
102.808053340627
63.9906029594615
93.5050514236652
98.0548333686727
90.7555178194368
87.1565992643901
80.0294427379333
79.1413493418010
87.9662959471864
82.7634744740865
75.2294541233295
104.530074940261
83.9281314237319
102.059735340431
82.9171158690717
99.0382033366641
103.139818388586
100.925213058562
86.9845232444937
105.717270117396
91.9734491922623
99.6872671161978
86.3152433426825
103.366108706307
98.0500341923581
87.7972322471749
109.648325361998
104.240550377941
70.3738852363778
96.9301580050931
70.8424951668806
84.4805373786920
94.1476944625075
83.5765795987523
81.3339469415360
113.444357158180
77.6520727548359
90.2928444575210
103.270418087321
72.1413574778251
84.3694062614348
72.7919064883541
86.3834846622795
84.6320350893241
101.824255461783
82.7648672608693
87.2144070463188
74.7590977406983
89.4696713179520
115.690490668429
81.0386398335636
85.4611561963579
86.2481269384720
71.3436797118939
82.1754811754374














































































































































































































































































































































































































































































































































































































































































































































































































































































































































































































































































































































































































































































































































































































































































































































































































































































































































































































































































































































































































































































































































































































































































































































































































































































































































































































































































































































































































































































































































































































































































































































































































































































































































































































































































































































































































































































































































































































































































































































































































































































































































































































































































































































































































































































































































































































































































































































































































































































































































































































































































































































































































































































































































































































































































































































































































































































































































































































































































































































































































































































































































































































































































































































































































































































































































































































































































































































































































































































































































































































































































































































































































































































































































































































































































































































































































































































































































































































































































































































































































































































































































































































































































































































































































































































































































































































































































































































































































































































































































































































































































































































































































































































































































































































































































































































































































































































































































































































































































































































































































































































































































































































































































































































































































































































































































































































































































































































































































































































































































































































































































































































































































































































































































































































































































































































































































































































































































































































































































































































































































































































































































































































































































































































































































































































































































































































































































































































































































































































































































































































































































































































































































































































































































































































































































































































































































































































































































































































































































































































































































































































































































































































































































































































































































































































































































































































































































































































































































































































































































































































































































































































































































































































































































































































































































































































































































































































































































































































































































































































































































































































































































































































































































































































































































































































































































































































































































































































































































































































































































































































































































































































































































































































































































































































































































































































































































































































































































































































































































































































































































































































































































































































































































































































































































































































































































































































































































































































































































































































































































































































































































































































































































































































































































































































































































































































































































































































































































































































































































































































































































































































































































































































































































































































































































































































































































































































































































































































































































































































































































































































































































































































































































































































































































































































































































































































































































































































































































































































































































































































































































































































































































































































































































































































































































































































































































































































































































































































































































































































































































































































































































































































































































































































































































































































































































































































































































































































































































































































































































































































































































































































































































































































































































































































































































































































































































































































































































































































































































































































































































































































































































































































































































































































































































































































































































































































































































































































































































































































































































































































































































































































































































































































































































































































































































































































































































































































































































































































































































































































































































































































































































































































































































































































































































































































































































































































































































































































































































































































































































































































































































































































































































































































































































































































































































































































































































































































































































































































































































































































































































































































































































































































































































































































































































































































































































































































































































































































































































































































































































































































































































































































































































































































































































































































































































































































































































































































































































































































































































































































































































































































































































































































































































































































































































































































































































































































































































































































































































































































































































































































































































































































































































































































































































































































































































































































































































































































































































































































































































































































































































































































































































































































































































































































































































































































































































































































































































































































































































































































































































































































































































































































































































































































































































































































































































































































































































































































































































































































































































































































































































































































































































































































































































































































































































































































































































































































































































































































































































































































































































































































































































































































































































































































































































































































































































































































































































































































































































































































































































































































































































































































































































































































































































































































































































































































































































































































































































































































































































































































































































































































































































































































































































































































































































































































































































































































































































































































































































































































































































































































































































































































































































































































































































































































































































































































































































































































































































































































































































































































































































































































































































































































































































































































































































































































































































































































































































































































































































































































































































































































































































































































































































































































































































































































































































































































































































































































































































































































































































































































































































































































































































































































































































































































































































































































































































































































































































































































































































































































































































































































































































































































































































































































































































































































































































































































































































































































































































































































































































































































































































































































































































































































































































































































































































































































































































































































































































































































































































































































































































































































































































































































































































































































































































































































































































































































































































































































































































































































































































































































































































































































































































































































































































































































































































































































































































































































































































































































































































































































































































































































































































































































































































































































































































































































































































































































































































































































































































































































































































































































































































































































































































































































































































































































































































































































































































































































































































































































































































































































































































































































































































































































































































































































































































































































































































































































































































































































































































































































































































































































































































































































































































































































































































































































































































































































































































































































































































































































































































































































































































































































































































































































































































































































































































































































































































































































































































































































































































































































































































































































































































































































































































































































































































































































































































































































































































































































































































































































































































































































































































































































































































































































































































































































































































































































































































































































































































































































































































































































































































































































































































































































































































































































































































































































































































































































































































































































































































































































































































































































































































































































































































































































































































































































































































































































































































































































































































































































































































































































































































































































































































































































































































































































































































































































































































































































































































































































































































































































































































































































































































































































































































































































































































































































































































































































































































































































































































































































































































































































































































































































































































































































































































































































































































































































































































































































































































































































































































































































































































































































































































































































































































































































































































































































































































































































































































































































































































































































































































































































































































































































































































































































































































































































































































































































































































































































































































































































































































































































































































































































































































































































































































































































































































































































































































































































































































































































































































































































































































































































































































































































































































































































































































































































































































































































































































































































































































































































































































































































































































































































































































































































































































































































































































































































































































































































































































































































































































































































































































































































































































































































































































































































































































































































































































































































































































































































































































































































































































































































































































































































































































































































































































































































































































































































































































































































































































































































































































































































































































































































































































































































































































































































































































































































































































































































































































































































































































































































































































































































































































































































































































































































































































































































































































































































































































































































































































































































































































































































































































































































































































































































































































































































































































































































































































































































































































































































































































































































































































































































































































































































































































































































































































































































































































































































































































































































































































































































































































































































































































































































































































































































































































































































































































































































































































































































































































































































































































































































































































































































































































































































































































































































































































































































































































































































































































































































































































































































































































































































































































































































































































































































































































































































































































































































































































































































































































































































































































































































































































































































































































































































































































































































































































































































































































































































































































































































































































































































































































































































































































































































































































































































































































































































































































































































































































































































































































































































































































































































































































































































































































































































































































































































































































































































































































































































































































































































































































































































































































































































































































































































































































































































































































































































































































































































































































































































































































































































































































































































































































































































































































































































































































































































































































































































































































































































































































































































































































































































































































































































































































































































































































































































































































































































































































































































































































































































































































































































































































































































































































































































































































































































































































































































































































































































































































































































































































































































































































































































































































































































































































































































































































































































































































































































































































































































































































































































































































































































































































































































































































































































































































































































































































































































































































































































































































































































































































































































































































































































































































































































































































































































































































































































































































































































































































































































































































































































































































































































































































































































































































































































































































































































































































































































































































































































































































































































































































































































































































































































































































































































































































































































































































































































































































































































































































































































































































































































































































































































































































































































































































































































































































































































































































































































































































































































































































































































































































































































































































































































































































































































































































































































































































































































































































































































































































































































































































































































































































































































































































































































































































































































































































































































































































































































































































































































































































































































































































































































































































































































































































































































































































































































































































































































































































































































































































































































































































































































































































































































































































































































































































































































































































































































































































































































































































































































































































































































































































































































































































































































































































































































































































































































































































































































































































































































































































































































































































































































































































































































































































































































































































































































































































































































































































































































































































































































































































































































































































































































































































































































































































































































































































































































































































































































































































































































































































































































































































































































































































































































































































































































































































































































































































































































































































































































































































































































































































































































































































































































































































































































































































































































































































































































































































































































































































































































































































































































































































































































































































































































































































































































































































































































































































































































































































































































































































































































































































































































































































































































































































































































































































































































































































































































































































































































































































































































































































































































































































































































































































































































































































































































































































































































































































































































































































































































































































































































































































































































































































































































































































































































































































































































































































































































































































































































































































































































































































































































































































































































































































































































































































































































































































































































































































































































































































































































































































































































































































































































































































































































































































































































































































































































































































































































































































































































































































































































































































































































































































































































































































































































































































































































































































































































































































































































































































































































































































































































































































































































































































































































































































































































































































































































































































































































































































































































































































































































































































































































































































































































































































































































































































































































































































































































































































































































































































































































































































































































































































































































































































































































































































































































































































































































































































































































































































































































































































































































































































































































































































































































































































































































































































































































































































































































































































































































































































































































































































































































































































































































































































































































































































































































































































































































































































































































































































































































































































































































































































































































































































































































































































































































































































































































































































































































































































































































































































































































































































































































































































































































































































































































































































































































































































































































































































































































































































































































































































































































































































































































































































































































































































































































































































































































































































































































































































































































































































































































































































































































































































































































































































































































































































































































































































































































































































































































































































































































































































































































































































































































































































































































































































































































































































































































































































































































































































































































































































































































































































































































































































































































































































































































































































































































































































































































































































































































































































































































































































































































































































































































































































































































































































































































































































































































































































































































































































































































































































































































































































































































































































































































































































































































































































































































































































































































































































































































































































































































































































































































































































































































































































































































































































































































































































































































































































































































































































































































































































































































































































































































































































































































































































































































































































































































































































































































































































































































































