23.4356601724808
19.1618424197501
30.9840381502170
28.9221199757210
36.4036733927787
12.5064579917737
14.1529885724394
45.4829165908476
20.7267513945649
28.1220399367205
22.3657698110304
29.6278802792691
11.0841240808645
30.5548106433341
14.0873558526787
33.2168822407707
35.9035366597777
30.4774082579211
20.4473961564792
4.69672967743513
35.0134106593459
46.4812613940457
23.3118463431278
28.6195534011277
20.3215898792417
42.2563435356160
25.9279091748429
27.2725132881973
17.1797292929312
14.9102755370382
39.0703428233296
11.7652656089865
21.6818130971559
5.20531818816103
12.9386567792024
30.3081658983186
16.4824409904654
42.1253325741175
26.5202019637860
15.9385525453725
43.8350026250712
23.8541233536259
25.1809129385513
31.6794721283357
56.9425450116168
20.2720057075860
19.2842958546585
35.5150908878184
12.4079273464830
19.9195709519457
29.2119805021844
23.1918549566437
29.2405931651532
22.7824072679447
14.9069378573334
27.5505595540799
31.6161508444861
15.6845223341357
42.9754467459781
28.5897129493879
30.7885964463078
20.3673150718891
14.3270029808697
21.0899206304837
16.6353291158937
23.1060948041853
34.2584966053678
5.53046454649153
17.6261204424002
32.3994439614710
12.5430556309059
27.8783353378569
11.4733047675899
22.9192270044170
23.0490161703271
24.0168982036836
42.2451148083421
20.9421432226981
22.1389453456934
30.9840196820877
14.7034944273938
37.6090022037278
29.3683847068578
12.6674562840414
24.0141076140672
14.1680870735643
46.8499081326741
22.0389406789437
29.2555800511629
35.0364951536608
22.4260386749421
28.9546211424014
10.0778558030019
51.2411346423945
18.9166072605529
20.0592589915480
26.9063244810584
11.5031020832687
23.6110507432431
18.5406469226508
29.1587139027838
14.8697216077779
32.1567927000268
23.7968388367027
28.8716541703259
40.5041798861550
30.5178530033094
20.9397640001028
24.2768277234176
30.7224201178879
16.5448616195483
5.13100015299162
18.4612840895453
24.1357009993564
14.0681424107805
15.8902929226273
20.1673524000059
27.9298356683314
46.1319366345052
34.2270088159278
13.3014756400972
19.9621763608080
32.0925204851535
24.4064553071518
22.6207574497407
6.84602871478058
25.9507533734572
21.4973570792342
40.7191666443457
9.20630530656026
14.6040461027073
29.3746647773213
27.3535445339356
29.1379634570589
32.1675128828077
14.3317584196776
38.5442215862508
23.9608957699832
19.9423882641974
35.9385799605383
23.1569428031184
28.2445567290407
26.1848240278601
10.4475282555253
9.24039412038251
23.3974622865387
19.4518187638714
21.3426055913400
17.5568610908243
39.3120697071841
13.7147159868515
29.6728210027712
36.6208534205581
49.5504410334560
28.2082544215501
31.6434265668069
11.7807846606285
13.7107849781696
15.2174331434345
34.7034239940038
11.4274412538416
25.8379925878540
21.1316541702750
24.6083100090193
26.9751772557679
24.7632443863158
14.1203798015492
21.1137755631247
41.3861714556928
39.2405511675104
19.5689871415487
19.7656757981001
41.2691331488426
22.6318488579700
36.0527165418918
14.2983086210296
8.04726032091046
15.5777295990944
39.6624566748875
14.8247033276327
26.9583332238846
21.7688995210621
9.24880280090347
24.4920820064363
29.1946319786703
16.1831142565329
35.1026499512501
23.4526515834543
39.9533313751945
7.39193295491782
20.5286172649329
17.0372579498580
10.0759497110694
24.4479240920369
46.2036165107679
24.7275853817149
38.4484252603406
10.7140329641141
43.0641495922722
34.9668763868036
13.2048447764447
35.7134216388405
14.3647140834755
12.6760556976530
35.9965881923551
10.7830332309420
34.0541289546510
33.5729421879421
45.8310643733494
8.60101401986998
25.2115737957788
27.6495959522015
26.7720270439128
39.6577238909396
12.3624471513532
17.5268971444007
13.8072526137534
40.8342233593208
29.8095351523636
29.3579680393586
26.4935109845788
7.56114649110838
49.9231668140844
30.0655101050755
40.7630128519716
16.9746574837314
32.6698976437839
43.2901209271815
21.0353367144432
36.3934166679909
18.4582235800198
34.7149158260264
38.5965532503875
12.5966639196971
30.0733647040034
39.9472115909233
35.2088143811802
18.0596252770926
14.2197717457067
27.9012948239755
9.38091265069664
32.6801921249998
33.7786764345334
29.3552636956305
5.15994749585690
9.16464761843031
23.5147869388519
33.0342843226867
16.4977957512822
27.7532170567666
35.3281499092437
32.6420047729915
36.2886536926365
14.4403249496298
19.2053274601086
16.0439537599060
24.8374409287672
21.6727888037050
25.5824838854038
28.9778001062883
32.1942882873484
21.5288632707350
26.2922973161818
20.4168341336261
20.9400890869643
32.8435411742644
26.6272251950687
34.4749191914934
19.0678284736359
5.64035733442482
13.5972896477533
8.20259817984518
21.1418069310643
33.4119176038566
14.5107858215880
26.8447577431796
24.2955172377540
12.2361256817671
26.4050607022593
13.6946163717718
21.1294422975643
41.2637943748512
14.2078041138524
25.8270831492834
4.41142236132521
4.63564374925425
11.9116531568880
22.9363152620468
23.2470341488457
17.7084486426677
20.9088140007988
10.0118708811091
20.1069606659338
45.0298843422263
17.1284433983360
40.7823005173813
9.61927241167438
33.0376976440550
36.0535651399414
36.4635306838216
6.66255609882577
30.6678499181146
25.2416459061211
11.1420655984427
59.7450819712753
28.2043193332174
20.4516338589366
29.1994648752336
16.2353795314431
32.6488727765232
14.1272550745005
14.4371847876274
51.2011718850418
13.3123715636997
16.5253063541951
13.9471146048206
33.2385058829124
42.3038081505673
15.1313469991934
19.8135018038205
26.2372878344847
41.5862951530237
21.6700477982860
25.3803026810162
20.4144664642503
19.8279746444260
44.0311828403462
20.9283194197934
32.3524125115902
34.5235066194035
26.3509395515606
48.0457785455705
21.7096462154500
18.2203171621682
7.57044635738210
27.1591175434696
14.7828547248128
31.5613920157207
21.6598548467528
15.8281667527986
27.0018747349142
25.5856109092591
16.9409960462348
25.3379326678401
17.9389619655096
23.4957661207291
23.5883225635059
17.4130562271533
28.4234413574430
23.3161899446050
21.6317311863845
20.9358095962396
20.2871941196904
5.90328488518044
15.5390413143797
30.4730010707840
27.6636156297982
34.8517558507115
33.4146470543982
28.6292963151385
34.7232396669723
21.0480327741098
31.0142344205447
14.2622572102035
31.7122363535355
21.1124191225354
13.1212991216571
22.3162377137120
30.6370995882052
17.2141599010814
21.8613339725644
17.6067796964720
24.1549882094776
17.1735421858742
22.6740893587813
19.9922421774047
38.9241784560458
24.8770746013272
17.5731500022050
38.0303793866167
26.8301650246509
32.2990391792078
25.4057501259066
36.2412760564926
4.76483806650341
19.6615948452815
19.2135331238921
27.6714283400767
10.5470268274998
18.2077322775243
38.7644735149337
17.4325461226982
7.84661511544947
42.9958796740351
24.7691642185844
9.70531153841029
36.1707972600218
35.0387533084797
31.1650832249747
21.9938455457340
27.9088591057911
26.1248020901594
24.8842932666371
23.0894484044119
43.6387176663396
16.1203896953517
13.7659524160154
7.41008027216978
18.5618660979978
10.1244812928861
15.8247077535385
18.6533554954598
16.7178881815258
16.7921487383241
30.7111976213302
37.7783977672426
23.0749157014473
37.9953194650341
26.4486289241995
24.0616333531537
31.7094911269623
5.91130820289384
30.1447557233443
20.8484250920783
20.1162105616341
26.7641587151548
26.6318102132563
12.3427200972881
34.2638861648179
17.7271994000744
16.4818416737936
34.6104182524988
21.2458712649517
17.5930063528096
38.8904182118167
41.0625249862938
32.0851801833806
36.9855783285878
20.2807093478014
21.5271044597270
20.4732627919831
24.4445112867899
32.9536226193722
45.2112309406634
27.6750242422658
15.7305404668753
16.4225402267737
13.5448483465117
44.8739028511004
18.4175929860555
32.9375934170197
5.44609499917142
28.2872094255708
19.6772143246040
8.79814142418727
29.7112196074749
27.8136539000704
30.1136650471194
32.5378760274069
16.1471400739698
27.5561521776554
15.7612212092693
28.8286701630946
29.3145864739723
45.6868456526121
17.4347360891985
33.8469448934597
24.3320312473086
19.8141234264855
30.1617548159917
23.7346535496097
22.0561955398024
27.3777155365527
13.3618814341394
23.4087176207925
24.9363948535068
26.0801449908182
19.6609337603787
18.9321427615682
12.5074683305616
37.1372098899473
17.6409922637589
32.3677558822047
44.1497771437184
27.9506785740329
13.1401823328293
33.5902555585694
13.8355353761971
23.5997964408594
13.5560300046179
15.6738941137804
5.71160650805884
18.8232034935608
14.6276747765460
24.3980252124818
41.6634558686158
23.9183495776778
31.6898246610801
11.8756912325136
27.4362535343293
16.9880462498311
22.3499312904559
17.5324152597410
32.8279696754155
31.8771969570792
18.8364141229163
16.9461968319561
40.3037621571002
23.3485921605222
29.5853140615766
27.1196896153422
42.0594880167424
6.14063648847577
22.5267327754137
16.0461663545915
25.6776899746414
38.3826588604802
28.7341763175909
16.0548177919153
16.6665844257184
34.5324127131250
39.1085377757645
29.9450093917133
25.9721762848245
16.6788331882179
37.2136989697342
35.3168320917944
25.3756699455210
20.0185664829884
11.8510904522487
36.4943713166305
8.31577869708544
24.6184698310029
12.0464069452264
13.0463772906505
25.5496248939119
12.2771810518855
44.7896047436233
22.1908742488889
12.1556140032332
47.6972298287270
14.1015668168019
21.9487008186751
28.8545149353598
55.7549894265980
8.62393755497454
18.4502878039883
47.9938477340586
9.75139864573795
22.2445726920169
24.1761832275072
21.6743014174321
32.8227142267912
26.7400186348271
14.2159150614408
18.8764788043216
30.8489979408100
12.6404957679673
42.3260274253325
29.2681573847484
29.4984339978599
18.3657064516697
8.60732400947589
21.6373600769595
25.7190308590740
20.5263749244722
34.3838214664979
8.90688524794159
17.7058008622711
21.6581907435155
20.1142559616308
28.1059669239469
15.1414887903436
30.3426787922576
25.4093693051382
21.0490698868145
35.7130849787582
18.1681344273236
29.2096916345859
22.8379121018451
15.2959335202007
42.5272864464687
17.4121552488484
12.1430799947954
23.9695384688483
9.45067783568988
42.7539623722760
18.7295534831987
34.0009854841003
39.2466641343929
9.25822923133793
22.6987106374437
17.7965155765757
39.3030608610831
27.3391777490472
24.0020373145698
34.0159210954224
10.6349656170060
28.1377290160382
24.6299077869650
30.4927773410360
20.5863666720381
37.3817665554385
26.0092258183303
38.3665305917137
40.3679791960162
27.6100308957094
15.9423068816153
19.2608969484254
24.0910261690946
20.5922924119681
9.71235221109698
21.5965100472113
22.1368280153774
12.7682001460660
21.0804711878079
24.5082337621461
24.6897987517112
47.9298852103195
33.7756573476002
9.44914016035322
16.3712953390989
32.6692478428874
28.7199351316050
25.6370700738208
13.0373070219658
30.3989004072516
19.2938801958625
43.8195929414274
13.3634645441367
10.9807227107327
20.8379796969380
29.2233286921596
37.0770042708415
37.3951967653655
16.9668462493771
37.4412803846516
16.5799521036702
27.1099167104954
41.9577474626272
18.2884634633421
22.3906281292888
28.6414217181759
19.0143721244852
16.6279193732229
17.5139630723061
28.3722319862220
18.8442882404722
21.6034199707477
39.1769023997559
8.88829506992200
25.6096562772717
35.3603183604220
58.7798483169394
23.5763791622569
36.1939989558338
16.7718034288803
6.82269392376825
20.4761953278459
43.7973543994109
17.5481572790422
21.8957631392468
24.0359616677282
32.5125217793084
33.4036245505724
34.4395456139828
19.7829652269320
15.1586052260754
43.5911864596228
36.4560194176888
26.0494863929579
20.9510919011397
45.9260047136783
26.5139613609509
47.0338186358380
21.2803274473144
10.6293302667666
17.6032065351060
44.8497743626978
22.8958100511775
30.8108785598545
18.4450746763167
15.1862900083727
21.3588164841969
35.7805926016940
27.8665637621075
33.5353323444095
22.2219776848291
44.6757516052052
9.40706701847075
24.1786341934361
12.3889221298546
18.7963747172400
12.1230451801517
41.8528800670014
22.8363329521532
34.8242198937521
16.4575920348300
43.0178728071144
29.9046589060969
11.6421370659255
29.1729629894274
13.6114258444918
11.4883994383073
33.3146705048992
11.0693880250897
24.3031205475264
38.0548183913680
34.3734080072329
9.26907326543487
24.1394165217389
20.7630212124850
44.0213551805132
39.8020360440267
19.9633438358808
17.2988607070668
22.3343709078630
42.8200378089558
29.0462476437508
18.6321713587451
16.0391134284286
6.66779983952728
47.0079137574526
19.0488465024237
36.6229570030389
19.0236780818011
31.4534730225710
51.6972727337758
19.6367510321845
27.6038878580536
23.6713231442604
28.3553821546457
28.0740981361824
23.9905576093262
21.4633298500023
42.2846017765758
30.6321015789466
22.2123053547825
7.48356228343160
20.1322765342124
16.4086955371992
40.4114001456272
40.4449066374148
31.8544945765900
4.55952851290567
10.0546966372387
18.8759116752013
26.4098762537805
14.6875823764839
24.3020555760207
45.5312058526896
32.7402558042847
32.3440068612409
24.1291731761969
18.2990747249390
16.6829609364195
19.3268033626878
22.0540354538574
22.7133203078744
28.9870339529659
33.7430882139380
15.2862060907865
28.0823999744914
17.7311145380091
14.2162414442074
31.1274372301994
32.6118785475477
30.7600268128947
20.8692825753546
10.5803188066334
21.3583296191673
11.0671232761725
22.3532789784497
33.7318834510927
17.4917179788036
24.8969248030756
29.1502205271744
7.15130331883809
27.0194719476529
9.34089412658257
14.6312195110319
49.7880039327748
17.3295097806862
34.2464147769150
3.48619002266111
7.66304888148314
21.2356210948138
21.2613748276070
19.4883137210894
22.5550368753855
37.4912041681779
15.2505394336758
23.2308887296634
31.0407034738326
14.1671650887148
33.5689197142237
11.1040982866688
24.3481861991012
33.4457314061152
26.1015653233977
5.59591221286574
28.3301196691719
21.1126186194418
18.9890833586274
54.4034984718483
25.0767928560332
27.9220340800308
28.3431610645319
19.2249303761054
21.8535317187154
25.6471281819641
20.2994151435453
47.2861276409900
14.3632842351497
18.4827230596577
18.7720655829347
26.0936222786508
47.6934750032958
21.4622763508441
31.7023040093003
26.5441223995068
33.3555887506502
34.2966575585727
20.2740823917163
17.3072288784196
19.2688600574191
37.5264920678712
35.8027516016577
33.4327750689350
31.8912185505666
20.4494659492614
57.9867367115102
22.4182445318540
21.9089303461488
8.10897138791354
26.6329700675479
12.4346859058683
28.1896252692369
17.2024488568488
18.6079607346964
18.4685809475683
25.1818940072744
15.9069877717310
14.3298460738418
6.54315706979437
16.9020478818397
27.9011640690850
14.1934115505082
23.6167946409525
8.31747444660938
18.3393642348731
30.2671460367508
27.5158996452960
10.0487892544326
19.4059913121283
23.1002224228708
28.0803426969829
40.1812344346176
40.2032875523880
27.5869824796207
28.4378792356112
24.9661608286817
28.1801605282228
19.0876239698633
40.4578564346745
25.6140858460731
17.2619831840637
22.8778779112421
42.2979667144131
16.4428420693504
10.2896196610953
18.7930058918205
20.4112950557185
19.3703182426103
30.8980922901091
23.4394888587614
42.2689582664106
33.7754566630875
14.7286663048085
42.7496112022039
25.3437989719379
38.4209105648083
16.6176748905164
31.3995937910095
9.53058949591262
26.6167726729012
14.8683029177543
31.0695509528799
8.93448465777405
8.76982154336111
36.0998410874619
18.9165180646439
11.2198892565346
47.4520928234583
21.0281925172172
20.2005416094094
30.5682286339821
35.6225875772885
31.2494580479166
26.8632547045215
27.2999950094885
25.2122936769763
22.5240126562742
20.2202561581202
45.3455146406566
24.1787965911375
18.3606646421092
9.64297328363508
11.6506677535839
13.5753132993828
5.83838879570898
11.1960516116174
6.88648927550171
25.6998547492957
27.7473487174631
30.5770630736505
19.7608352563954
36.5886687025423
24.5433513751158
19.4876077046414
20.8375633097634
10.7966717501017
28.0628268697221
19.6748789298234
14.2194483181873
20.6876432472841
31.6885600908546
16.9800049399286
34.3096319309083
12.4113366343033
15.7352573731732
32.9448894905173
24.4509010349087
9.92788694234578
52.4762375947285
47.6205513693426
39.1729758205628
31.9498234782291
19.4800520266246
22.4979141522053
17.0052014422059
27.0291164143410
37.7805692065379
37.4295138021535
27.8149991937372
15.8907069562685
14.1230357405906
12.9824570682941
50.9624530050311
10.1501447639923
37.0982189393575
20.3376795018838
24.4562994886880
18.1477054081225
12.6445698277324
28.9314432654163
24.6966972172576
28.5250374017809
34.3687222580721
21.7149638233661
25.7397395940596
10.9369144983583
21.9966259154740
27.2658850703970
39.6249744892468
16.7698713569902
34.9105305912485
11.6207734216961
31.2817552622931
37.1461306781743
17.0256197108945
29.7853721923850
38.4309384025423
30.2576676335107
21.1395709949374
29.8295709709761
25.4276767930950
17.4060481541446
18.9199089471911
11.1656487496697
29.0897715452739
23.4144140742407
23.3946055295318
37.4251179259331
38.7105485625365
11.5319005775284
20.6502908240756
9.44474978916857
11.6983331945196
17.5444228731668
13.3107877127389
5.65346471470370
25.4616580892997
22.4925397681098
30.7938331825854
33.1223183417164
22.7358105575082
26.5178223220611
13.0358422079626
37.7739245968697
14.2672003946137
23.2148320372983
22.7497320017731
32.7322195157447
36.4373097273934
15.1260801336632
8.92239660629362
45.9528601065222
18.1704380238892
22.0953464903812
16.9406079480637
32.7246983212985
7.46128286690702
28.4267055891111
16.4334172362294
20.7938351950764
33.3332693813553
24.3226055481316
18.3019717268386
9.51770877890261
33.7926977788292
50.4929648319447
32.5659439018739
23.2107699710716
10.5381449506068
35.6924537353486
38.2500221830001
25.0489665060258
21.2052819486089
24.6997392044936
35.1736462200040
8.98584872619166
21.6050023804673
4.84520627011897
20.9768908325328
24.6070413201181
11.7389042440085
38.3844519592243
18.4624708683345
15.8791218743355
38.3591915354065
16.0147720758055
17.2409083142391
33.5262858365254
59.1019744688145
14.5176726840083
15.3731371922227
27.0434465655301
17.4981968959662
19.6728166681846
25.7847096404051
18.6622512023603
34.3531887057083
26.2624521303705
13.1158762833445
19.5712630752335
32.7273604291944
6.77663753789445
43.8270030101489
30.5716053288015
23.9813318481272
18.3575511702950
12.9980213955817
25.1558450103255
24.7433291515612
22.6579831360958
36.2148744849406
7.86757740667354
21.5447491390603
20.8523505653439
13.1426895957411
33.4267209181517
18.3935319926264
29.0676536713922
23.2864298379979
14.3039506745514
27.2691295847961
6.16645105713164
24.1015137844078
27.4396335800972
16.3984323973360
54.2494948283392
18.2230806533912
7.08181988139348
27.6246142751351
3.02862899675743
33.2773461253581
23.6757312503838
31.6836598880243
36.9779241404923
9.66014980266871
21.3937790676659
15.5060370823754
43.5437052434677
23.7580624195240
22.6896388818862
33.4388140838099
11.4200448742551
23.2559249063545
18.7078133198404
23.9509056889296
17.0691768580093
31.4980991453453
27.0870610544961
28.1094843362521
32.4302574366902
25.1654129205145
19.5241074187784
19.1576965483849
32.6611412962909
12.8406680780246
9.62654022097763
17.0566670689206
21.5470362539724
10.5711506894945
26.5544198071696
31.0248059695023
29.8842034372676
41.5212080727139
21.5669967401490
15.4759368340013
18.0304942020456
37.6898258910810
18.0823076301228
27.9989847667732
8.29328542677750
20.1874059825526
9.57412928939234
35.3442948812110
9.70564504296338
11.6563736344929
15.2056946049827
25.8637307506090
34.2630341443953
34.8196483266563
21.5008941660574
44.3059879743630
16.8817568665113
21.1059267388949
44.0867058684361
16.9962091724596
28.8359111404512
31.8083450082978
15.8120112558650
12.1371819534025
28.0962426765573
13.5047628746306
20.8036857746410
22.7135405025284
40.6679027787886
16.7410147991863
16.8114936828944
40.2936030636378
60.8543292754098
25.4612111239823
33.9019738820618
13.3067029056788
11.8518928319488
19.7327131467013
41.2284681792812
11.2785305115516
24.8567458966455
26.2514208026918
36.8358739996759
25.1103328799122
32.9616864213590
19.2648937845502
10.2381685300644
50.7346611328281
44.2168468035657
23.6133524170563
10.6715454954800
42.6119011636421
22.5398793251539
48.4980375740091
14.7962550606564
16.7973833385322
4.14608328425755
37.0873071447632
16.3974544481758
28.1873412080671
22.4174128143727
13.1119334501056
21.5835897517072
27.9636843697035
28.2901111266835
45.0573982759768
17.7707791964787
36.9565614845240
16.0643723967044
16.7228072883263
18.8239521806660
12.9860436361503
26.7614729269523
40.1750988294988
15.2524260617779
34.7919903842824
7.03275467580805
38.2579864046711
35.1543995317798
19.7568105451165
34.7296261497298
13.0282055484438
8.48373649107514
29.4746500751069
4.73991181458052
25.2799007771490
28.2294180948191
40.3886731345609
6.37748892433379
24.3161260742743
19.2643271662937
34.3764274976327
34.8343575003186
19.2735773474983
10.5955310697482
23.8114274939576
37.4825185099667
26.7940527477648
22.0232876484166
18.4057335390470
13.3447185627873
45.5555896338748
26.5645953799413
40.6307485944131
11.8130550413515
39.7990685091109
48.9739808151063
14.3797415400973
32.4578873622422
14.3155977259072
28.3620636953660
34.8265490130734
18.7529199443207
30.9856608010867
38.8464543998548
29.2010877449796
11.0707302227134
6.59468974193631
24.4127607828447
18.6767524138970
33.1654096210435
32.8290852484500
25.1490306638248
9.00548265003048
10.1924432419317
23.8993030246825
41.0028962317249
9.00370023934604
24.0497187746551
44.9711954767715
28.3021498282374
33.4134965072499
18.6828055773216
20.7458545148339
18.9875146688554
19.3810688294015
18.7117394028455
31.4607616357265
32.1149956422230
33.6062634496904
21.6157123014718
11.8759390555021
22.2823442755133
11.1966637338986
25.4310552044149
33.6825919502478
33.1870609036112
18.3446106398691
10.8341187592716
23.5815677606473
10.6381136485751
23.0908143920911
30.0977850140588
16.0568779570750
21.0328243364984
25.9413694814383
10.9252582476344
24.6549493293375
14.9910814436451
16.1733012415524
48.5617374303062
12.7553937724400
21.9065524658719
10.5029031362762
11.2189333821714
16.8136183001786
32.1647671630000
23.6878929624397
15.1552525884592
30.4492298047093
20.1983055903212
18.0305875077769
26.9826950711007
13.4407667130599
35.2013948686696
20.2062573595409
27.0934449932747
37.9802017678948
16.3466322831340
8.56299300770469
28.7540186327059
29.9908847785456
19.7358149933059
54.9488828905557
26.3807864251618
20.1897650096305
32.8796712878945
19.2118802049669
16.0429393473422
15.9205216410424
19.0225533811841
53.7396808324398
13.6598683632017
9.76098112691547
20.6230548949471
34.5241286653262
47.7091654694452
16.8867834583736
30.6781632423978
29.2600327790333
34.6238570306660
23.5385227353481
39.2399369868250
26.5143698837064
31.0109141783985
38.9419120719566
25.7249383830166
37.1606273322989
34.7899679044922
28.8876974252016
49.1642541286936
30.0309800269655
22.6632910260183
10.1829736344547
14.4440781678860
13.8362856767992
32.4523324180497
22.2336401477581
15.6853053642573
22.1359837739912
26.3819839909739
29.7111150457350
19.5200928125355
6.76105878007284
24.8239350133213
16.3009726898397
17.5957113962465
32.0710984043266
15.6252988016230
18.1870015145433
20.0171749757552
30.6078777186528
10.2899996227454
15.0772724306245
21.5595160869835
28.0574182547878
39.1404072702482
37.9294544242084
25.7609616377184
35.3572178441687
34.5754428707154
28.7548411028473
13.9561684057624
34.7722102255523
28.5224386542316
13.6842711349966
28.0465429714609
49.4730174337487
18.5259226439603
20.4140910735698
13.7401528775374
19.8429190042216
20.0820437478584
26.3133555074700
23.8017139433277
39.3235315755083
30.6267342524468
6.48665706277122
43.5433091207409
25.9248164926273
31.4892644825185
21.7230316829857
37.7351077635787
13.4206501262047
28.8422948298155
19.3415560196200
31.7633175693283
20.1722211599541
15.0749978669982
42.2263560322223
21.9106770230863
14.9959835839467
46.8463782717512
23.8912914210094
20.0721093191523
38.1121320678862
29.5540580617958
31.7024631826929
33.0040323303744
18.2676197234342
28.0351957798140
14.9333667376114
19.8921519918611
54.7561912734076
20.5931187487010
13.5238252118252
7.09936061416799
9.91509891276934
15.0560401196198
15.8917918942453
25.8387819569731
21.2127326941651
15.9476469252238
23.8085585561159
29.0061517990650
22.3139151293537
28.1146103485359
17.0600604550512
21.7892346831205
19.7893626274319
11.8849945721485
33.6534458748284
24.6541530028918
26.3303830934911
17.4026726878374
24.9262193226329
17.3926112441462
37.1056983906785
13.0538370918631
15.0306156563861
33.7637750993576
24.1269366484848
14.8305410730694
46.9312726923054
41.2712119450108
27.4747398171775
36.3735368097467
18.2696324620940
20.4786488943973
35.2659798949200
29.2966622511849
46.0374683744664
32.3950504281132
24.4734405661342
13.2473784987219
18.3627004563599
8.01431685485420
48.7792428482649
24.2023555320552
37.7023089166552
14.6428426430424
29.5098781981966
17.7571175992164
17.1907027081501
31.2811499242931
20.3828359974759
35.4570914753311
25.7511006989993
24.2313596450963
23.5108444544236
20.0742939701500
24.8576941935490
26.4656625504086
47.0374505420947
23.7821217449159
32.9506806189189
14.6068371170353
28.1521820151547
34.9657409999903
27.5971552881760
27.4788881938480
31.5693393503887
22.3876532476810
22.8470590120479
28.6594481686232
32.0920130032381
21.6062121217487
18.7694532670933
9.01811808305922
42.3991517603832
26.7702150998082
24.6858265201411
44.0041524081262
47.2048531774012
16.8552742760241
26.2761827632494
10.9412956894920
17.2506218885001
9.76788381636473
16.5257501559959
10.2771354515740
12.0488768837597
10.3082964050613
36.3843746057288
35.8815746711345
24.3420987344970
29.7949908179211
10.1112839036395
28.1133134192681
10.7508654757157
21.9996738248548
27.3130213101810
32.1519853690561
37.4631686139454
19.9249872253008
8.91843744273625
35.8127282616460
18.9226143183229
28.2573134677397
23.3825701580494
26.0468112693282
8.81576955284675
20.6805801033457
26.7796816609981
30.4646254769561
41.6853224301284
22.5453495714748
18.5545964313428
20.6224458319085
32.4141846304776
45.9685586613677
25.7276741573369
29.6952099103542
16.8009558311425
34.5251450639965
32.7945755040373
26.1713862833515
17.6386893900376
31.2273241867183
33.6205137309054
13.1974239069449
26.7386813063023
9.54643359218512
16.5826157606211
24.0845404409135
18.1215822303131
43.2837586451316
20.3734472548217
17.9872916229320
34.5214332232310
19.8835601946163
22.2224596534292
27.6362748841624
54.7533323036178
15.8444500832973
15.2976730341055
31.9923295259666
6.82074980995491
17.5925766536599
14.2901087647966
18.7095504011213
26.8970554650895
28.0438804369153
13.9834973611754
29.2824221713300
39.7334423704025
9.35709813457142
34.4138330386198
31.4398073410128
29.4734041815668
13.7063250950063
15.5107246423241
17.9609710984679
26.1877381910409
21.3461029677573
36.4948288507235
11.3981555569311
23.8635652160883
29.4889583866572
13.1935760109314
25.2290039409010
8.40567177029112
31.3073397838596
22.1329681735099
19.3271242361609
31.4813245588254
16.4620939574041
23.4971334587860
19.8338840024943
18.8214722771626
38.4286510273260
21.5809658970585
14.8650520624719
27.8472638725867
17.9316870034278
42.7539591082791
17.7091087014113
20.9249262010646
35.3209707762697
25.2273856653063
21.2531256077783
13.5379175490767
43.7722524140179
23.2512639348918
19.9706421591796
28.8625853065414
16.5955505449503
29.2703505667425
16.9116785086519
21.2928146455583
17.3347552590165
37.4843568184116
23.6563836900318
27.4737954938174
48.2455751618001
23.5255856802758
21.1077062232754
23.8955171705908
25.4913326589647
17.6266854788414
5.08093696620022
28.5655862401754
23.3743593238403
15.6623777932982
25.7165283979487
17.9059687177209
24.6141147915175
47.5796153326033
10.6143598021736
19.2431325668250
16.7479556379279
33.3062284350840
15.7635975285466
21.8841739878388
12.4381388599752
25.5510031213962
20.5842600590257
35.9826942723985
8.05141487814408
20.6611588954371
28.1371553968129
21.9934757610070
39.4980551193802
37.8233903242425
26.3903449748199
38.1943961205947
14.1395926002131
21.7862143567463
46.9909489761475
18.8516155952852
25.1771377662931
35.2122415760386
11.8359232215531
11.4417560079038
23.2872556599098
29.6030581988905
22.0689215651785
13.1201639915094
39.9156944843754
13.1961089268163
27.4824659839688
35.2398804189195
50.6288805536099
23.0450618948963
30.6503730773379
19.0453062054670
10.9657952771333
18.2494540885474
34.9001959342867
16.4019585638423
32.5443675832255
29.2480586858342
32.1582358204255
30.6355639804460
21.7775341234953
12.0450602945772
7.77662592131060
45.8077338683164
32.9168188698862
25.8885835665067
18.6067327680063
51.0191601004956
34.7632819523186
47.3458930640462
8.63893232544393
5.54397058163189
20.2026267136232
40.7420309946620
17.7389392941066
21.3684916822903
21.3524174602807
23.2318312272193
25.2512004548910
27.5899478984829
29.0251679464461
39.0773368163697
23.0121943002487
41.0741149054061
16.2902700729607
14.4570113723411
21.4043575096287
17.1647956669574
27.8135814749988
38.0273547852806
27.0718105419258
31.0232819967537
9.12684418460183
32.4529629518184
34.4564425920611
4.08583397192055
38.2764025484906
17.7860777516854
9.81656809480788
32.7762323795765
8.82253097925986
25.8598460254291
41.1235866244969
44.4543070015370
7.72047022920236
26.2614359066750
23.8079562796642
39.3299508920238
31.1232651034560
15.4125180413974
12.2510822791295
19.9435678615938
42.2713959398078
22.3718214591235
30.5604434085011
19.0609177433081
12.0769355177545
49.7747930737035
17.0109421555656
36.0448638737836
22.0124835282164
41.0094445977997
44.4529224394628
20.9821887556184
37.8526724631168
14.3573344670938
30.0783641413558
36.2391835378503
19.2871235815505
25.7405684950819
48.2015485817624
25.4170388277234
13.5539149772307
11.3427987438066
27.1593445723567
14.3887686470799
32.9975835691040
42.4501659370137
23.4898320177050
14.8447758120121
3.37556180895863
21.0185054589997
30.9875608457652
22.9212718929906
31.1401127528466
42.3414407573662
27.0642409716216
45.1586898367180
22.2255108782678
24.3482701783125
21.4481780949641
31.3757115216277
22.5875007694521
27.9019172242859
29.6154251007815
36.3287841211346
17.6622381846130
27.4174779711774
19.2429457665296
11.3837833385918
24.2582424727782
30.8621810380618
27.5014895671126
14.4781849979927
14.5827118259945
23.4572472419397
11.1219930273310
13.4320921144102
41.8952795103458
10.3066944094603
30.8527969255625
34.6784668696873
6.30393273361137
29.6569168228746
8.88711455985576
10.4619396996924
36.6908504856456
11.2073573575576
25.4348206273919
7.61376411786578
14.9070881017219
13.3868023224219
28.4782492351619
22.5362781046472
20.3639236804306
27.4188440854479
14.2829887774373
17.7568465905408
28.6289051583902
15.8983448189804
29.9401652667867
6.64104521141064
21.0511264521213
37.9304251003070
31.6310288587899
9.18784768933401
30.2603924448048
24.1283399719086
16.7264039877943
54.6170863416385
28.7567633512205
34.5142641217002
31.5802033870905
14.9332217943383
21.5680929358625
26.9148986385348
25.5976460741999
39.1289562844087
17.9008082032628
17.2108681201734
25.0828003384790
35.7776050101862
49.7425046337124
20.0106665955935
25.2665763954936
15.2339694318323
32.1925566967581
23.7069085595318
27.7307204992730
23.6097194350353
20.3474215798980
43.5557978909812
33.5850739554419
40.2140166749107
37.7783541706094
31.6526859171540
48.7519468036467
24.6914644547949
20.8599954161069
6.76773614290627
21.9615522038175
13.3194544310193
25.6368860459866
25.2328171825898
24.7025221360087
18.3774288526333
27.9303400691792
18.8795529115496
13.4249598129752
15.4986055230785
19.6343231566561
31.3399171587578
12.9855204012007
26.8139672896216
16.4123778283343
18.7246573613004
25.6220845188287
24.8946470256158
11.1771553165374
21.1210729386672
17.8776085022858
26.0310838341856
41.7437622220379
45.2044146347334
32.4420077507543
29.8455378272867
29.1650928460189
25.4745085660156
14.3945027644202
35.6309085515652
25.2935576671215
12.6156116993471
23.5584285785794
31.3730325556938
18.4766487821791
13.9612682464739
7.18636777672839
26.7091305675831
11.7875313750632
23.6576997440178
18.8347670718833
45.8909441484221
33.9589523014183
7.57579488645251
34.4714415256644
28.1866514773944
26.5067148356110
24.9062751121901
41.9492624180688
6.36027258778268
35.3460714248415
12.7647929372161
28.4847297759695
12.8758654252831
16.7548219738946
34.0475357401971
21.9925485592280
4.23186014064737
44.1818849893257
23.1226871286622
15.1914038124230
34.3124141704559
34.0976088623293
29.8032781379834
25.0823721583506
21.2838078970846
23.4353786503440
19.5560154208366
16.3934650348851
50.7741582671983
18.9976790257126
13.3840309660431
6.59767610293686
5.03148248740120
19.2662327034348
8.10123858937237
22.1100374237584
16.5040002430471
21.5029345839957
19.1364832292901
31.5751905000176
21.0204236762726
30.5508008188345
19.2979551350007
21.4461351690695
31.9278488114514
11.3301123251272
19.9578511899453
23.9613838195877
24.6071814953460
17.0466015445902
28.0390440895263
11.5856995845913
35.7108423873493
14.6082428408211
13.2887701436213
39.3236452744097
22.7522884145749
6.93396845248086
43.1565269332964
42.5397272100339
29.4486139049582
33.0676344400382
21.0525729578620
16.2130339989158
17.5685969244018
17.9971740476109
33.0188183277900
36.1416764283286
32.5388429241806
25.8246642280205
18.6816505312031
18.9082360354317
45.9497543219765
17.8497929287709
48.1006222138810
15.1086806906394
25.6268091835484
15.6779602085221
11.5781379331912
20.9711678973680
23.8233319697308
26.9425721053132
29.1611276608090
21.7141231176854
35.5491790627350
10.0435194055669
27.8790769459626
23.2595978095431
49.4818483757681
28.3594598968316
38.0422058988224
16.1197353611187
28.0788705074403
27.2468108001096
17.5562980773169
24.4809529621725
29.1754456591498
29.2049064268318
21.8331422165935
27.2878840716700
22.1918965303861
18.0271270616043
22.7741050542058
9.65517477988358
31.9554148907611
27.9056054136082
28.1486489148239
43.2559812877942
29.8859631922747
11.5408972203204
34.5738621843872
14.2502227003651
18.0924066627411
8.88634364460435
20.7167229490106
7.50312152907041
24.5665474861162
23.6223350050350
32.4181627425568
35.4668767953199
20.8329278818413
28.7173490727309
12.1525783177892
25.4506508121109
18.4214308795490
20.8440674844831
16.1336298765157
25.2193437519694
38.4795696531497
15.7027813564986
12.6488848089160
41.8273926347268
19.6306568395049
30.2730127227618
21.8994999543369
32.9898929834140
8.97591043014578
28.7142724715428
17.6664870101585
28.6492585428056
40.7952531886983
27.9630759566629
14.0987399128433
21.5606393627114
26.2146300488868
38.4680783938852
30.6210299837962
31.6663270359052
15.5450632828850
40.5205116538526
32.1531026820119
18.4609800862359
22.0230848532375
24.0379764758101
37.9431301441750
9.30412450905509
22.9191370886864
11.1324710069238
27.3610218654202
29.3154000791392
5.66636475431119
47.2801887975598
22.2155688617240
9.86502802471438
49.8019478013662
12.3822647161172
21.2507464859473
38.2287528654807
57.1044550845868
14.5518529092209
19.5510653226365
38.6516070963421
12.7257496883641
19.8129410031449
19.8357256892709
24.5597623980771
33.4605506484875
22.5736415369236
17.1623745538431
29.3839603261711
37.4147482506885
6.17391943986962
32.4106287839051
28.8908540560850
24.5037429654655
17.0746638626504
11.2086804298454
20.8027939295086
26.2609485238138
27.8035675014916
34.3843811417335
9.04400240877895
14.2286349324171
31.2110176184885
16.0006398425188
25.9300235566804
13.5296688152371
24.3726552704050
13.9548556825214
16.5206543001662
36.6832725171842
13.4269351439560
23.6826868257404
13.0696157243623
14.3197628428127
44.4782575314378
29.6585026130788
3.94629107699875
20.7289394000272
21.2163349519280
40.3459908408506
18.8250004541833
26.4086465177601
30.3529575871940
17.2494314688920
23.4191708580812
10.0362747943099
38.4204048355818
16.8169575681810
22.5586893502260
31.4183061271609
13.0968684391499
34.3965062647357
17.0256887568433
36.8543756866128
16.0946378467519
37.6853557921111
25.1553073883028
38.1207292319927
37.7513600635792
20.2399355375851
27.2630041765394
19.3589372283217
22.1592884691725
14.0260706065526
2.05177064995092
20.8892586660250
15.7525655841358
18.2498714713282
25.9204687424746
20.7296007046084
25.3270463269999
50.6918268850719
24.9728993471002
9.68709368267386
8.23318368615689
34.8410085194157
16.8606862446343
27.5202846760349
12.9345497708309
25.7461162379882
28.3977261073647
45.8745716933695
14.2598416216871
12.7883030774219
24.2260097205462
23.0277491824538
37.1934492777962
39.2867810568300
26.1543010484413
48.1333772815704
18.6554072110474
22.1930717125863
36.0719234704777
16.0324484284497
33.9804176660617
24.2251389849470
7.78579294934049
14.2161471760108
24.9473113974232
21.0246623979578
19.2425851683291
13.0328753865024
32.6988242908962
15.2293550690763
20.6366368488884
34.2909008334573
52.3335131177910
27.6471624327869
31.7369531983601
19.2043447538337
14.6640968047677
21.9315207825837
33.2441044775235
12.8578957936359
26.5372229739662
25.0227966214810
32.8599671226251
21.9563918202149
27.8479258474469
14.5050099569080
7.44549878785832
41.6337599557138
38.5971705672838
21.0828732520960
23.7590088322072
44.6041712009549
31.1875554700910
39.1370430653620
18.9859632847533
14.2298357504540
15.3174558050575
39.7264267194370
18.3699456457656
16.3384639118860
23.8084206846674
8.20401595866313
18.9600872118248
22.2249873640009
31.8791013381808
40.2032469097957
22.1069547167854
44.5554392699073
16.6545134498129
23.9751628040791
19.9797256249929
16.6928071246271
27.4580600270667
34.8603594172880
15.1518922847940
33.1214911115125
9.95754460983352
39.1029959561016
26.9688571883367
14.5706524562217
42.2510052012967
17.6698983160628
16.9914784870211
35.3087839396941
9.09843493409717
26.3337082394409
33.5584137944570
45.0777884093732
12.1254353464113
27.4750622210397
21.1947970615432
42.9807978602073
36.1838308364385
21.6187794965396
12.6128661055329
27.0503955357477
44.4157310000736
28.9481570219937
30.2432482317954
24.4614300236106
8.10219609982380
52.6208862373107
17.0899426099095
39.9497953350252
23.5914076419784
34.5162159477107
41.3003699249777
15.1328170559879
26.0726352638163
25.9970974012485
27.5668707267274
32.7042884197164
22.0077635277304
23.8642737580677
41.1784454904504
28.6598378908971
16.8073602513693
11.6396293931551
24.6084103034735
19.6598403058112
29.7958265978643
38.2272277444441
23.5834403785792
7.64852855391153
19.5468755459792
27.2727958144173
36.0657050549077
12.7205422270004
32.3051320908923
40.9884384784295
26.7425265001271
26.5116541402078
20.2041424060142
17.9107006384452
23.8551391815265
25.9674164925970
21.0829244245195
24.4307040736222
27.6111616014249
32.9099025305393
17.5526329195935
21.3210484277486
20.8990611255625
8.29972560630772
31.3730507106580
35.8356212908623
32.6347210885891
23.0546664160989
13.9276406634433
17.5939520001193
11.4755994309666
16.8516824480525
34.4294121823551
9.40746729996974
25.6245201443247
27.9423216927298
4.86366446827904
21.1986400557111
16.3309203515907
9.25006176322131
41.2357780278243
7.48854624824472
13.7801091541395
12.7439475457960
16.5300739045535
20.1479338268220
23.5737065123412
19.6280965811868
17.4925236658408
33.0639934262333
14.8275889172852
32.4736811860066
28.9502080458846
19.1642752811057
33.9550891003101
5.68384133223298
18.5297729468011
44.7599285643979
26.1980510964079
15.6532044466940
23.3098920806168
28.1354854020683
20.8690586862465
49.1812260012863
22.3253733686584
28.4042894987711
33.8696501354826
24.1787336676779
21.3616760295745
17.9830903723470
26.2758597176191
46.2924777634553
8.91101737008744
13.1394479716615
18.6824730670219
33.8399984577423
54.6200919891207
7.15581638948345
37.6574423832793
21.7879849402119
37.5957685581516
28.9900301500361
25.6220002062681
27.6652717532289
25.4849242690654
34.4144241776265
22.8282102579243
36.9602520123456
31.6971236904865
25.9814297356862
53.6429652936897
25.4638388922409
25.1801317438968
7.33666904051149
22.9214507701847
13.6685425838163
31.6672047186044
17.4404686785383
22.5669729574903
13.6605728609748
22.1155931357063
19.8692158258070
22.8340256207704
4.25744879006195
14.7925927886223
32.6938883733642
21.5276572821777
26.3908040137090
12.7969318826819
17.7674336585226
21.2925999166377
22.5833489086539
13.4980240090504
22.6523164998637
26.1053151783310
21.7928521406653
36.7228899235899
37.4192031200559
23.8804439733624
27.5113141580496
25.4101149452339
22.2774439599879
13.5570844465173
36.1867659496536
26.5520348440736
17.7939721759926
24.7914181256337
36.2216252022186
20.5433770770533
12.2014194588171
18.3534892573633
28.0114893900699
26.9097856849511
32.3841202829411
20.8445399558254
34.4281400498197
26.1657139210838
9.04289697663310
35.7725196118473
25.1786142954691
33.2828874751816
27.5293175442110
42.1592083956340
9.39542374776145
31.6188739915640
16.6482064113706
27.4241714507914
10.2272735824363
12.5524453048001
29.7138292961375
21.4565040889796
8.87807492928507
43.6275705835209
33.8463134138417
11.4865872499189
34.0360252910707
28.0042718985872
29.7627523588058
28.5437215289825
27.6329510624110
20.9611178215762
17.3337068586036
14.7779514838830
52.4071177505537
22.5698687468492
3.89365472531917
14.2045583909145
19.1094236977466
18.5535833878526
12.5191561105516
25.3754677107635
16.7357956237521
23.8939129888765
26.1941330606378
24.8059343819176
22.2723826721884
32.3521115971369
24.9628694298151
23.3402906757735
26.6996722098905
7.95870221201925
24.3635961327059
13.1429662542365
20.2461131454904
24.6258615420862
16.2903595894417
20.4550599669128
34.0242781015983
12.5343849553937
17.8342306730624
35.6875054137453
27.7440328098224
2.92071703867388
45.2829007827458
39.2279081993930
31.9840730103281
29.8571547401958
23.3147022554439
22.5119974602433
19.1741545380755
25.8624817210182
29.1715587413494
35.0357884506686
28.6253677225289
21.0280992364978
20.2161126570887
12.8730578729376
53.2579794033720
20.9301593887863
40.3646183243147
12.4050261172639
16.5835395656778
23.5549994594120
15.4034257985034
22.2796453652207
30.7753234699637
32.4490495911606
33.8088341816159
19.8842401637578
25.1247610305053
11.7042957651584
25.2128580158724
26.2621125260326
39.2359273412570
23.4716739462698
42.1563578680002
24.5307081728188
25.1227329954366
21.6795095393692
31.3181709457449
30.5991858285478
30.9318913790993
21.0191436409764
26.7084934973877
26.2973489456637
28.6022158793965
29.0798385683896
24.9359492805066
11.2119420217061
39.2358563530363
19.1042903801738
21.3783637879516
49.4541222963021
37.7396873974454
11.0555908557616
37.1984427395825
18.9821972206381
16.0499588479223
22.4446906600870
22.5586571411066
11.4641720607682
25.6536250079789
17.8478937578752
36.4579264396990
31.1757428835321
32.6491677135283
26.9773737843401
16.3888949612230
28.1465674106098
13.1938178190431
22.6393598842127
9.54316403977213
23.8488435597955
40.1865577322592
5.99785481068023
15.4868617264990
41.7823749336547
26.2894505237367
33.7587347767448
16.2560745509517
29.8853839810115
9.04368012811156
24.3112144129906
17.0839890476580
20.4033501955365
30.7870932804642
27.7221835098266
10.8344598603207
18.7621187424901
39.6176705082467
37.1534198423564
30.1340759311718
23.2014445149435
16.7706613727694
30.4520566290686
33.9050801988744
19.7855605334446
27.1555723438303
26.9750619500679
38.8019853324749
8.29342954361464
27.3011501574567
10.6442455857613
22.4020007628783
27.5658456140928
17.7712911468188
37.1255883993776
24.9647605566326
16.6206818360018
35.5917624387217
10.3582171207983
25.7293971893183
29.5538513613776
61.7172064339638
9.52106428923238
18.4469268782093
35.6636255383549
12.8919146930198
12.5716246312917
21.5864493676010
26.4930983717798
35.3057022920391
25.2530368889684
19.2958000577224
39.2184514494135
25.2006186821375
6.91589625211370
40.2055849836811
28.8146610284157
30.1846190091907
21.4685436557769
3.36035307943972
24.4519745053442
22.4208175241225
24.6088908431485
32.6777305848815
3.15554018988825
11.0997086628614
26.2088700532396
23.9317867241457
29.3057497813995
13.4302532121364
24.8999032863102
28.8601290870017
13.7124083668770
37.5490687335918
13.9799160378344
27.2093094479610
21.0074699849873
13.0164867959100
47.0115434561226
20.4827787616817
13.6559625710384
20.4177257336095
10.6302025917571
37.3285023058788
23.2458223627386
28.6376133663404
31.5367725724051
11.1348815841256
26.8256165341284
10.3822779039718
46.6307091273562
21.9148298549658
16.0433250369118
27.4644201877629
12.9498984540421
33.9116571753726
16.9645955711181
34.4681437373700
17.7824446388257
28.3084879260073
20.4580415951308
32.6789307923806
36.8204978810567
23.6498632696618
15.4093131698204
18.3297121307346
33.4304357921042
13.2888068783469
3.50389320094092
15.6664576636360
24.1836455899622
15.5241613300043
16.0226841824334
32.1008890989019
24.3938133230538
45.3495895959831
25.0674741412233
9.52539761742259
16.5740919272701
31.0736298673007
16.4603504750537
21.2946789297233
14.5420704469181
26.1536604825424
21.2828911071123
47.3197684863831
12.1454631722899
11.5198320517271
22.1013494108301
31.4924832272719
34.4289591852836
42.1862016649994
27.3007722450868
48.0157262456385
22.2977587584492
24.5801606449185
40.9289842281494
13.9547950325327
25.2464416750163
29.2081419080981
21.8224963399696
17.8751979634045
20.1924539056946
24.1887390680043
20.4387744094919
15.2809258418634
34.7934655757370
21.2077100465845
24.3482249560928
33.3211017613104
57.5030621853906
30.6848219188094
29.5063108453090
21.0856985571287
15.3395340497193
15.8011784720033
38.9432648121356
11.3378619942210
27.2545799116406
19.8355663672001
42.2812175426631
34.9902617509501
28.8030691107736
13.8401536497974
14.9563600030221
38.9710443937752
37.1169927971004
15.4197409052152
21.1793144709644
34.8632948130738
28.5039666675096
42.0786592591019
14.9627994771935
11.2795047098709
12.8562471147882
41.6238547275493
20.5881830868972
24.7053374942036
22.1850561102918
9.74286934868778
24.1253896664987
28.1728925273143
26.8176689989939
36.2798974485871
23.3857925427662
34.2142597174044
17.4300826349160
14.7957017832882
17.7752558572331
15.7011387771748
29.2135188995797
36.7756968875044
26.8978725032371
27.7547856638022
18.8780653211842
37.0364530816897
28.8484789014950
10.0161713617979
31.8079309885129
13.7012931559361
12.8294069934506
35.4675619617546
10.3431010557763
25.9127344388835
30.4108272672744
41.7910955141032
7.53140265156500
25.8858166801899
7.42937322322683
38.6386246542563
38.0052478614467
14.8760086617251
8.94071132261858
23.2786530385673
46.9312062416640
17.8251795510199
24.0390102898102
21.4309875547069
6.94168074172241
44.2224589202421
19.7702470832714
34.4245814688632
15.0137890570635
22.0787287187374
40.8592989396539
12.2336286885780
27.3325091852175
18.5126590904710
32.7018180936855
31.6750092700855
21.4188404975363
27.0896554066308
42.7569366790945
29.5213687685107
8.20222597113735
16.1914459772560
30.7604565756102
17.3677791986224
36.9924130233485
41.7837996304716
31.8658298063929
15.7795190985815
8.57618273840409
17.7756205869162
24.8400191505563
22.1327515043679
30.8376437273359
37.9261035316851
24.0573329330165
34.9431416569833
21.3474178025915
20.9223056594368
20.0723037085316
16.4566610869277
22.4285705906551
29.9724775456167
30.4326968693213
42.0373085641421
27.0100403080040
19.5304766190920
20.6963175980656
20.6063818869204
28.6294057566587
31.5334297214876
28.9885905831932
19.4336159283341
12.1153948470531
23.6264494764342
10.0321060620390
24.6133565549195
39.0984204053361
11.1912503255892
23.5184423714667
24.5118381163796
7.95547971812642
23.5299892894153
12.8140745152836
19.0189783759381
30.8606025872795
17.2838574732907
30.2125222266546
10.3820236316866
15.5976350252210
14.0455521084399
29.3010013248694
19.7533143090191
20.4790378333553
21.4591965227032
13.6046666092714
32.2086162734446
29.1073055175501
18.9450679107149
30.2780070349486
6.03841878143608
26.9717671916840
36.9152177115346
22.8212297867423
11.3975546601409
20.3883929016512
22.6915027594031
13.0447232431355
63.8090223231017
28.9771479347520
19.6541456679475
29.0898097437917
18.9760462693602
20.0849424258572
18.5433286276557
17.9721873849568
48.4924458543803
17.9998679456712
20.7956048714626
17.6301311172096
31.8950792995032
54.0390741769324
24.0518109916904
35.5199370812069
26.5161803706718
32.4883516737384
26.0064764297280
25.1264170605779
21.2610132571357
27.9110656947545
35.5386601046311
25.4417756801702
38.9300679329179
33.2617998444161
29.6906079467902
56.4271902873074
28.6942936503061
17.8485210507762
6.82011201447599
17.3941520941137
12.3802311922839
30.3384828031990
20.8684258105457
15.9828969427823
14.9147156333736
24.1125265206697
10.9498152157925
23.6055850435866
16.6109262076983
19.6710382351822
36.1494139310901
17.6738609207524
24.0194366139175
11.1923793958211
22.1288841318875
23.5862856603154
28.3641760016046
10.0212937912228
22.5860344797399
28.8835147305102
23.7759696576186
35.4092271073021
36.4682041774749
21.8833255685602
25.7309707128753
30.8421757215683
25.1523670240874
11.2327171971166
29.5026549784066
18.2355939113592
14.7507265818498
16.9003615779220
33.3347322503856
10.5585369692018
17.5916117112674
19.1889940478911
18.3576239523229
23.0254816976757
28.4379376959723
18.0461840796912
33.6825972398475
28.0030793925757
10.0226934129504
37.7617138393651
24.2798751103481
29.0581795041775
28.6897851536982
40.0119995108330
3.53164174791272
22.2960314928464
14.6979778781334
28.4481994227684
18.6756774915932
15.3861403692576
36.7887560444764
24.5321746672080
5.27254496898794
39.3089705361257
23.4748129970315
17.9825792550596
28.4677575475291
32.3736351858113
25.7972692772704
23.5805481764101
20.0420658072825
26.2005711189661
15.0404348836727
17.9053258065862
43.4169520011309
19.9214177185159
16.1773087394041
3.80102512246363
11.8411821031052
19.4561440619898
19.0659153534210
24.8910002591298
12.8201775528110
25.1525697853738
25.5627993261836
37.4246662456728
24.0506950205186
41.4126131999431
21.3994932316375
18.3120490554717
27.0454029790647
11.4324711510679
31.1328502220484
21.7081304908115
23.9564117382299
24.0605068450355
29.3156489301960
16.2076328450517
37.1474480127614
18.0483023960704
13.6687978567978
29.1755157244289
25.7314205216599
6.01317739385759
45.7349214202889
48.3701423791102
28.4188307624381
24.0095984556177
18.2540238668081
17.8111520643668
15.2905681964406
23.8026356038570
39.8685349775284
30.0734771222085
26.3327423264289
23.1232657133459
29.5420262533920
12.3844378786443
46.7134925020598
12.5250767778086
31.7021412311866
19.4108316102222
18.9365988308355
23.3673032378578
9.69839321588894
29.7537015151056
26.0631210003254
30.9677006398634
33.6354627972858
22.3133560236375
29.9982402270533
17.1658977107986
34.5313773521561
27.3342223922215
46.9673968721564
29.6093374096754
36.8283007159711
12.1627015070707
32.0224742899421
27.4268317907847
25.0155271437561
26.1719698457892
27.7190523626422
26.6108597456001
23.5948512521270
32.5098884572695
31.7327324170684
28.6111449148684
22.1029664943419
22.7530243368063
37.0208655581538
17.4505091504517
25.6914461001903
42.2754289496866
35.4366884551534
12.9284267182824
32.0390094980229
11.8229759034052
14.1320115854043
19.4399169784776
14.4177227351002
12.1779992412588
19.9366137283419
20.2099249127749
36.0594618680049
30.1861379556908
25.4823836632290
25.9180945798490
11.1324092886490
33.8658635782406
13.3017764077622
22.5028664176922
12.7806733913711
33.6278633244576
33.4035572803257
21.0623606657112
24.3785453604189
44.6263231634649
17.9520460761441
33.3599645248612
19.3957652207898
29.1149231256069
12.6129880698429
21.9625145648216
12.9865857795650
25.8978353313554
37.1861844820089
38.4620240117443
12.1545080303565
19.0133724110164
35.8439585451844
40.6470391818396
25.9349715781606
27.6218100572790
10.6703839579464
31.3012605696640
30.7435069658619
22.6484621994519
22.3632558676057
15.1456283943586
37.8761418146688
12.4846332053705
19.5398632809956
15.4635701149508
16.1725127760933
25.8511025646876
10.7572211546477
39.1826116956234
20.4226801880679
11.5842239381842
41.5170161838685
17.0438292956718
30.9416224107593
35.5518673747090
60.5026420803257
21.3601266702705
17.9561214352126
32.3521624641398
10.0487574306478
24.4607698435679
32.6632037456524
17.8651321948650
39.7516081210559
26.8987332712899
13.9965479118960
32.8524359583882
27.0852988087634
7.29833633165806
38.0035856764280
26.4601648757145
30.5507694713243
7.21984524557140
10.6371815595110
34.3432656670038
22.5979769484970
26.1219675788961
38.6788965532886
12.9775979595609
19.4987878109698
23.8901959975216
13.0399167534766
22.2322681931017
12.7529346746700
23.1953210932722
35.5284550574607
16.5184965005899
25.3816209739567
16.3869625644901
26.0439452251382
15.4632056346671
13.5110710012197
45.0382302131201
32.0864575534602
11.5037048465962
25.0776445353227
10.9839160284481
39.8602108018560
12.8083650138650
25.0220256589290
25.4011674387222
17.7806741037679
17.1428401736585
14.0707766637098
43.7711042941528
19.0935277138616
23.7383429803451
40.8067714063683
5.04122801805275
28.3022764017314
25.8391728431852
27.1817990726184
18.4935895382697
38.5619128857530
11.0855134229317
36.5292026226962
43.8707849285832
21.5510988390383
27.4956325262759
20.4113254890514
25.5012101578258
13.1858905478546
8.75911963031102
14.6922351740639
28.7158071277824
6.93189649374542
24.4777153827762
24.7216103754610
23.7080289619867
40.2233307747680
30.6572307438490
19.5300984616053
21.4602011539967
24.4651507144346
19.6366813129434
24.5869607995457
8.90538398386055
25.9535887618957
23.6746727337465
43.2638344806606
8.49682435972402
10.8544365642794
25.6788992112201
22.6099217225536
33.7118774659615
37.0462644073812
21.5576079009245
41.1245434046434
19.1914974238594
25.4696076982136
43.3457509420473
18.6456779645311
38.8411547677203
31.5760084951550
17.5748362003434
21.3596706933885
23.3627147585635
16.1811880533044
19.3327598428393
8.32843832179840
39.8335832212833
17.1602201462831
20.2404844084819
39.5111386477585
55.5537113868380
21.3836208330114
31.5570268064024
14.5830934996660
6.49575557190999
16.7778063002885
29.8499349580531
13.9606886492035
20.3219600003936
32.1848843516642
37.1784301579505
29.4313820399247
25.7475759513396
18.0589846671954
20.8737025639919
50.4544060952064
28.6911054832330
23.8996349739907
19.4049796713009
44.5520398227736
24.5372177951291
37.8904145179226
22.8794350148774
15.7374846710521
23.2148567839649
44.4551420554473
20.7113148269249
27.8509882000621
20.3286942104012
7.46920111189946
20.0218987206508
26.3032394188416
32.0219903781901
30.3747280741738
16.3839462245821
35.7571576755270
12.7041291397718
22.3546145093155
20.8621278073451
8.39921386202305
23.6485628840845
31.0467868930104
19.2613147936479
38.1515747564894
14.2223073281305
47.2084933893256
26.1857235968380
10.6358338786435
32.2463340316384
11.0250685165626
7.37543912252011
32.7608212047562
17.9469001337278
27.8506657954527
32.3746566037773
42.1201353285207
2.50422719616254
27.8986246385014
21.3360315283794
39.0755758910397
35.5665669670268
9.12077184562795
18.1114656803363
22.2220157947023
38.9826636147403
27.8483286056812
27.7532354371179
24.4795866611346
7.43071204730744
49.8252349192655
26.6031308663097
35.9593273302227
25.3911670703101
29.2498311157682
53.5508515642664
12.1589721580403
23.1748811054124
27.1432133794066
29.0085612357800
26.9427230103047
16.3410232948521
27.5779457177288
36.3256168571161
34.1451061100475
12.9020968728188
7.07899390778096
22.4963953338663
14.1532944689389
33.6583680438610
40.8857769504262
26.7467273468157
4.97156286996353
12.6159731471655
24.3470914866643
32.4466878964556
17.5366844486066
24.6226918467498
45.6796506725916
28.2874722492131
33.7098047912251
23.7027206929922
22.4294919976824
16.7785019250826
26.4384600272330
26.6167318108366
23.7593179517005
31.2286265367211
31.4417425833875
16.7023092921308
23.1347380778344
18.3188829763171
13.3824667755986
30.6880092819655
23.5929732881000
36.6379787927773
14.0150927800076
10.3239330146025
26.0830325163697
8.22968225389052
27.8197155416801
32.9443382299432
15.6466976820957
26.4059451436603
34.5714566767962
7.84535695361275
20.5956534080009
15.8334183769646
17.6242486109337
30.4123035230809
11.4348480488374
23.5113458153718
7.57798305900059
22.4836301489684
23.1808256163774
29.8169032493316
22.8887296370943
16.8906523088956
26.7901403430907
7.56099945311467
22.5635714050857
27.1519070825605
21.8866724817387
36.6298023146454
8.60696267216257
21.3677714114037
40.6930288778066
26.1217850961606
15.8399552347852
21.4690378463964
26.2778598133486
17.2457279927523
51.4540110569623
28.1127998345949
30.9484675844556
20.7063632934420
8.86368727336432
24.8361384423988
18.9641238506924
20.2225990270786
52.3964352543663
11.0601252601406
15.1709828323679
16.4829460500846
36.3954399381296
44.3284332443061
16.5868740424470
27.6461205717981
29.0387202708745
29.8197612475352
27.3248204031719
23.1515186661718
22.1918822277426
28.9715053647545
37.3521250876038
29.1913979797132
29.8754965690949
32.3667211832169
24.1175193345004
48.0614611245892
23.2803330114949
14.4249455905387
1.27532008531192
25.6604933288918
22.2530032654022
24.4134630401834
17.2185966036724
20.1703580518542
21.8432309608721
24.6577623729324
15.7043282815351
24.5917948724773
11.1882928105051
22.6776218605479
30.7039627180988
18.0523472205140
17.5806471863239
17.7538083289192
14.3934180266537
21.7351560247448
33.7950375291995
3.33221316132386
20.9163004552454
15.8394163880015
34.2779840916061
39.6358356269727
31.6499824311420
28.6466347384819
28.1676013412573
35.2030392986174
21.4230996683486
10.3567091612152
24.5363161699653
29.9078012215475
14.0064748738753
26.8476362983783
38.4695757414870
20.9022383110039
24.7774735132540
25.4284078097411
20.6808669011819
14.9516848215711
30.1069925184516
8.66241182639109
36.1446085917388
31.5504466012765
8.12426794055931
34.5315292769507
27.6239696543147
28.1537874489384
17.4091263666504
42.4493386339528
9.85712075456113
31.4557102404317
15.9846890060458
33.3530770462037
11.7469503813373
13.4766394880178
32.8343415406796
22.3729080635486
10.1831666351877
39.8086275417779
16.0664555720918
9.95018874645102
35.2448526295685
39.5743230295857
25.2332798545889
27.5049172733604
21.3167596214809
23.6477172613697
15.1871229944977
21.3877977874535
48.2318700472001
19.9540146833388
15.1483601409525
7.67286985292987
10.8489642989550
18.1227283964088
15.9758464658371
12.9259078095118
22.2596376163697
22.5020902838492
21.2205810111316
35.4375441869340
25.1428467021934
32.7128277690878
21.9028623174324
24.6442242198857
22.0347283273473
14.0982001837114
46.0907726003806
24.7326180644104
21.2116949830536
20.4584922015284
24.6043360060783
17.0022993130341
25.7599957105975
14.7985535117085
12.0595943032923
31.4560157235464
19.5739134278253
8.68331334514653
42.8918350170624
43.1713343718954
30.0419673253417
34.5151352680241
23.0594619915752
20.1953644228075
19.0550505091852
26.3134780411104
41.7402498460419
34.6861161808641
25.8287495131871
23.4821910033966
21.9565081285709
9.03494956543755
40.2408386156402
24.0317116107031
32.6655396779236
11.8387620789718
22.8115267731031
15.5394636015662
12.3241295984747
24.7267520492361
29.9413791988880
27.4608031703372
31.0590708879065
22.6718197313317
29.4755642550249
15.2422388253826
28.3448383428095
35.4388564885550
47.4046823531178
27.2474920512990
32.7957221469508
12.9096492504638
25.3212685742638
27.9743198029025
28.7781267566393
23.2675076025259
34.5948838351858
18.0536142046406
20.8232348471605
32.6242612357736
21.3140517886675
26.2174948410408
28.5208103026544
9.66224724895817
31.0917091041969
22.3768872064458
35.1066948707807
44.2076147271893
31.8314148911103
4.88910968582213
16.2301040209883
18.2197864004604
24.2027698162834
4.16666233333108
15.0572599442296
11.6777479909441
24.1631940117609
15.8986259733758
32.2607832876079
34.2700837987381
18.5736795151096
14.7430508812254
11.5586755923851
35.3867698692605
14.0444712423996
28.0910390041023
24.7006323265215
27.7680382692080
28.0483134447403
18.6447509562987
13.7260337546613
33.4431726904386
20.2616565820764
24.1620614781127
15.0580467855429
33.5231313902804
18.7947482370229
26.1226078410656
9.78840977891711
29.7720023260109
35.4528647781304
20.2099701073505
18.6154499975934
14.4698723339220
30.7825482770514
31.3485260923444
25.9693776234549
22.7764639968543
9.75456287129259
39.4043845976561
29.7055213756635
21.4552613950891
20.3180666054784
31.9697207304888
38.0946315631219
17.8933475896044
32.1688216228074
11.4261980159631
23.7406338159695
22.6448860556286
16.4761257812630
41.1557927652961
22.5714184781130
12.0307790462630
41.6996787663838
9.92779900929203
26.5477591878505
40.5175885949658
54.9067114563748
12.3337169641151
23.1593739199509
37.7378745454749
12.5279423789384
16.0758956574747
28.9054068194862
17.9593683736261
28.2314988490561
24.1786147163149
13.3997896405130
25.4229956309244
25.8549733893520
10.2420653132071
32.9422570114739
25.3552400195699
29.3859429225948
13.4857150440753
13.4995928505270
27.8129870391514
27.0148496658487
19.4931939418455
35.8602288939098
9.24194654658857
16.1227451132398
20.2833730937436
15.5706953683032
25.5547036549047
11.3095329728498
23.3077435782703
28.1001803605884
14.0703563725302
28.2895111894868
17.8314368284331
24.7612628637959
24.4393326815607
15.4229323557487
49.2648567513892
27.3122301317560
9.90612216611524
29.2633329032891
15.9772730801880
36.7390057508420
22.9248540714134
28.7652652389023
30.4088243113738
18.4903067225830
12.9468422676149
14.7923858630344
52.5412076515044
23.3751449811546
25.8448659063188
28.6458324102896
8.68356800744946
29.3199610248718
17.8638051570767
26.0045440909853
20.7386385647660
38.4512129808670
21.9376018374844
31.2007515951282
30.9583804875191
21.6481048608325
27.7243465176440
22.3989436269325
29.5696508499864
12.2913949387366
6.34284260131056
19.4704746320791
25.9605354230224
16.2342327462680
24.5307544639377
31.8679103368953
28.7675933143528
46.1138164818496
29.4008806060295
11.0426593540687
21.2714921822612
37.0489792450480
27.6211490826378
22.2270082694455
12.1512950393592
26.6606742634090
23.2908066347411
41.1339957020516
18.2517727386794
23.1320516043129
21.2479072852387
31.4970056132325
35.5528275834050
40.2120318250645
18.4515202620272
46.2927017619289
16.5995926953043
24.7251378278949
41.1061428516545
16.6408970612314
21.4046606370225
25.9705795735790
14.0002963738808
18.4289213997564
28.7625550554884
25.4321972542602
22.9633009029625
11.8044023609002
35.9168868373026
24.4014611493840
18.9791505410543
36.8451425592262
51.3764084094032
24.0072979581857
31.1479903372593
18.9938305817968
12.0533179436203
19.1167273464890
40.8781986760131
14.4134564806642
23.0012273392639
21.5266882737429
32.9008814942700
23.4489843826977
34.5950338785786
16.2443065152071
15.3978821118360
35.2500680986349
38.6528191794596
27.5601887992445
25.0743796117790
46.9824597845834
28.4717497550010
45.6540471034672
13.9968502059771
17.3029158447355
21.3659988778901
35.4349869458139
22.3757449583248
22.8965186917597
17.1579045652696
18.2945627000046
24.1555749796874
23.4989165098329
34.4533041762282
35.0263212852849
15.6026314306946
39.4454553611896
9.49222232461926
20.1294950504378
18.6091206210826
17.9617534218015
20.3789530482898
37.6019880414174
23.0008417200349
37.0570221908075
7.89131963172191
42.5098296274273
36.5346899986848
10.8517781414338
39.0855103007956
19.1623122331153
8.72174527717931
34.4311135614650
3.05973477608762
25.9657654778441
38.6415172055925
35.0676492332691
5.72383586854130
24.0543318053111
22.5128488494926
38.6907708571437
36.5859815455319
13.8417496796323
11.4275373274385
22.8453639684291
40.1972712330078
27.5990718735322
25.4795907777940
24.3768567075413
16.2630174595614
52.0980272424974
17.6524417914038
40.5075858535275
15.8969912486609
36.1252635619451
49.4059453411480
13.0100405322197
28.2031361421030
14.5379657424964
35.1728896184206
35.0467209510391
17.6907260167580
30.8600868002668
44.9008712816633
33.1123265787833
16.6832674557474
15.4331184807006
18.5190146835624
13.8882936391228
30.5193152570630
34.2095509735585
15.1094753267610
13.5318482759045
8.76313619629917
19.8366477674530
34.6793931183924
18.9582611713311
31.7389195216220
41.8574870398686
29.9989023047511
31.2158338750641
26.0738810029424
21.4481864542157
17.8423359596419
25.3503607475811
20.9303735107618
24.1324991316689
31.1585448709275
30.2369164598509
25.8458522732372
24.7732992984382
12.0139730480803
16.5477607056061
38.8580360071118
31.6905970671491
28.0010753552431
17.2927051584216
9.28486291659708
24.1778609322020
12.3749157900165
19.5132769703092
36.8282361505408
4.29518258051970
17.5744697572928
33.7073218421221
11.7840940399718
20.5377083708577
16.5692813730137
17.4036422455186
39.2813790079982
8.15212360615318
19.6037203871204
15.8268064459669
12.9486980916075
19.1212267674043
18.2488309009098
26.8211898486999
21.9748248914161
31.1704683531127
19.6102913847322
30.7914903999466
26.8816587049609
24.8831867961160
45.0670617908467
3.88829071186814
24.7339546459518
44.4387311993716
27.5830987979886
16.5211450762228
23.1422491166287
21.4900687244503
16.9986143411750
58.7101120949364
23.6083433239183
21.8476365051898
31.4329492235457
16.0482217821197
23.7172967820955
19.7458324774380
20.9115134442728
46.5357085566532
16.6895456257023
17.0095431937486
14.0577163511717
30.4586849973599
53.6846326181189
18.7279014574511
16.6096888832543
26.3786736302264
30.4325001726069
28.9953380135997
26.8921396220699
20.5769703594664
31.6350699756837
47.4041251184958
30.5327930626466
39.1521585903000
32.6170344123987
24.6814277767718
48.4605365355523
19.3273958188189
29.4363319790170
6.90121896551617
26.6640976086497
20.3196015839386
26.0415999665919
17.8324876932524
16.6376654651426
24.4774751007534
34.8292321965328
16.2866012970786
11.0034766505864
7.60951375844742
16.9293550030709
33.1999648655296
12.4727406070197
24.9801603049300
9.10342589852853
20.4199179382019
17.3158874078113
15.5245466745409
5.81896204232334
21.1472949257582
19.6740887455684
30.3940117110855
42.5021692389106
37.3261500618588
22.0674733363383
32.3224305096322
34.6865371961875
28.5980958680818
12.0102630231357
36.1467572306286
19.7227876604703
11.1242688504953
22.0024278714509
38.6618131593445
21.2230731354463
20.2305579853844
23.8924067582673
21.6122743691496
26.7586523479435
30.3756283766591
17.6093854062088
42.1222877522530
22.0161585752374
7.96286805539309
41.6434467166696
30.3479130218280
28.5169144074618
29.0355949023625
44.4167653297536
12.1130928007838
29.7465189714696
25.3730344310648
41.1307733018722
10.5673737551437
8.03387175053846
38.0094501329604
25.5279619345141
9.23233871833135
36.3440101604102
25.2077109992161
20.2152661421183
37.6602106391667
20.5066245955520
31.1368472747724
27.5022721461337
16.8562421746367
26.5621795483823
23.3437353396773
19.0470920550120
49.0092756599412
21.2251653717491
8.88859176360353
8.50660491707097
10.3607747031774
19.7839419696404
8.93250541177385
18.7681888513516
15.2569390393027
22.3942555637043
21.6843245497756
37.2007214574610
23.5288717073302
29.9435569785889
30.4762488901046
24.1337002063504
32.2348905088880
8.65623942887441
26.3980261061315
25.8655959142738
10.8009309256008
27.8254074728853
28.1639072054003
24.2472494136964
28.5927577211433
18.5185401827358
23.4184595437018
39.9311476003382
21.3632817179384
14.5208295110851
42.5060984969310
41.8736147114911
27.9665594550867
33.4473071778581
26.3690403823977
24.4213546471116
26.1183294896515
28.9843051200128
37.0442758063861
34.3387916498237
29.1511212082486
22.0862012480644
25.5747708613391
13.0771512805198
45.1294268482329
21.6056135251929
39.5934119632307
17.3264013369568
21.8479825798631
12.7444435343408
10.5086422188406
29.5524557636349
35.0613672187780
23.3781820654558
31.0986879465999
24.4983768943985
22.4131198129488
15.0995417920545
24.5469589028539
31.6005456042328
43.8871265165948
22.9535640261398
40.6730930461405
14.0108455403840
26.9857602246074
22.0592010427823
26.1956536799343
23.9392554321161
24.3023868574673
19.0262177389517
19.3877946352854
25.7971152931873
24.8143026730170
22.3911429966427
23.7135394646181
10.7928532762611
33.7674308625871
23.3989193776123
25.5917588752708
50.2819925684136
35.0701004625022
7.48231371969927
25.7753703805823
13.6057883994276
17.4716073776857
10.3676089924341
21.2592115954120
13.6813293305146
21.9106707722516
17.7724136922929
30.4653325088436
28.5164862155648
27.0204132590529
28.3249831963372
14.8032857439286
27.9604584472430














































































































































































































































































































































































































































































































































































































































































































































































































































































































































































































































































































































































































































































































































































































































































































































































































































































































































































































































































































































































































































































































































































































































































































































































































































































































































































































































































































































































































































































































































































































































































































































































































































































































































































































































































































































































































































































































































































































































































































































































































































































































































































































































































































































































































































































































































































































































































































































































































































































































































































































































































































































































































































































































































































































































































































































































































































































































































































































































































































































































































































































































































































































































































































































































































































































































































































































































































































































































































































































































































































































































































































































































































































































































































































































































































































































































































































































































































































































































































































































































































































































































































































































































































































































































































































































































































































































































































































































































































































































































































































































































































































































































































































































































































































































































































































































































































































































































































































































































































































































































































































































































































































































































































































































































































































































































































































































































































































































































































































































































































































































































































































































































































































































































































































































































































































































































































































































































































































































































































































































































































































































































































































































































































































































































































































































































































































































































































































































































































































































































































































































































































































































































































































































































































































































































































































































































































































































































































































































































































































































































































































































































































































































































































































































































































































































































































































































































































































































































































































































































































































































































































































































































































































































































































































































































































































































































































































































































































































































































































































































































































































































































































































































































































































































































































































































































































































































































































































































































































































































































































































































































































































































































































































































































































































































































































































































































































































































































































































































































































































































































































































































































































































































































































































































































































































































































































































































































































































































































































































































































































































































































































































































































































































































































































































































































































































































































































































































































































































































































































































































































































































































































































































































































































































































































































































































































































































































































































































































































































































































































































































































































































































































































































































































































































































































































































































































































































































































































































































































































































































































































































































































































































































































































































































































































































































































































































































































































































































































































































































































































































































































































































































































































































































































































































































































































































































































































































































































































































































































































































































































































































































































































































































































































































































































































































































































































































































































































































































































































































































































































































































































































































































































































































































































































































































































































































































































































































































































































































































































































































































































































































































































































































































































































































































































































































































































































































































































































































































































































































































































































































































































































































































































































































































































































































































































































































































































































































































































































































































































































































































































































































































































































































































































































































































































































































































































































































































































































































































































































































































































































































































































































































































































































































































































































































































































































































































































































































































































































































































































































































































































































































































































































































































































































































































































































































































































































































































































































































































































































































































































































































































































































































































































































































































































































































































































































































































































































































































































































































































































































































































































































































































































































































































































































































































































































































































































































































































































































































































































































































































































































































































































































































































































































































































































































































































































































































































































































































































































































































































































































































































































































































































































































































































































































































































































































































































































































































































































































































































































































































































































































































































































































































































































































































































































































































































































































































































































































































































































































































































































































































































































































































































































































































































































































































































































































































































































































































































































































































































































































































































































































































































































































































































































































































































































































































































































































































































































































































































































































































































































































































































































































































































































































































































































































































































































































































































































































































































































































































































































































































































































































































































































































































































































































































































































































































































































































































































































































































































































































































































































































































































































































































































































































































































































































































































































































































































































































































































































































































































































































































































































































































































































































































































































































































































































































































































































































































































































































































































































































































































































































































































































































































































































































































































































































































































































































































































































































































































































































































































































































































































































































































































































































































































































































































































































































































































































































































































































































































































































































































































































































































































































































































































































































































































































































































































































































































































































































































































































































































































































































































































































































































































































































































































































































































































































































































































































































































































































































































































































































































































































































































































































































































































































































































































































































































































































































































































































































































































































































































































































































































































































































































































































































































































































































































































































































































































































































































































































































































































































































































































































































































































































































































































































































































































































































































































































































































































































































































































































































































































































































































































































































































































































































































































































































































































































































































































































































































































































































































































































































































































































































































































































































































































































































































































































































































































































































































































































































































































































































































































































































































































































































































































































































































































































































































































































































































































































































































































































































































































































































































































































































































































































































































































































































































































































































































































































































































































































































































































































































































































































































































































































































































































































































































































































































































































































































































































































































































































































































































































































































































































































































































































































































































































































































































































































































































































































































































































































































































































































































































































































































































































































































































































































































































































































































































































































































































































































































































































































































































































































































































































































































































































































































































































































































































































































































































































































































































































































































































































































































































































































































































































































































































































































































































































































































































































































































































































































































































































































































































































































































































































































































































































































































































































































































































































































































































































































































































































































































































































































































































































































































































































































































































































































































































































































































































































































































































































































































































































































































































































































































































































































































































































































































































































































































































































































































































































































































































































































































































































































































































































































































































































































































































































































































































































































































































































































































































































































































































































































































































































































































































































































































































































































































































































































































































































































































































































































































































































































































































































































































































































































































































































































































































































































































































































































































































































































































































































































































































































































































































































































































































































































































































































































































































































































































































































































































































































































































































































































































































































































































































































































































































































































































































































































































































































































































































































































































































































































































































































































































































































































































































































































































































































































































































































































































































































































































































































































































































































































































































































































































































































































































































































































































































































































































































































































































































































































































































































































































































































































































































































































































































































































































































































































































































































































































































































































































































































































































































































































































































































































































































































































































































































































































































































































































































































































































































































































































































































































































































































































































































































































































































































































































































































































































































































































































































































































































































































































































































































































































































































































































































































































































































































































































































































































































































































































































































































































































































































































































































































































































































































































































































































































































































































































































































































































































































































































































































































































































































































































































































































































































































































































































































































































































































































































































































































































































































































































































































































































































































































































































































































































































































































































































































































































































































































































































































































































































































































































































































































































































































































































































































































































































































































































































































































































































































































































































































































































































































































































































































































































































































































































































































































































































































































































































































































































































































































































































































































































































































































































































































































































































































































































































































































































































































































































































































































































































































































































































































































































































































































































































































































































































































































































































































































































































































































































































































































































































































































































































































































































































































































































































































































































































































































































































































































































































































































































































































































































































































































































































































































































































































































































































































































































































































































































































































































































































































































































































































































































































































































































































































































































































































































































































































































































































































































































































































































































































































































































































































































































































































































































































































































































































































































































































































































































































































































































































































































































































































































































































































































































































































































































































































































































































































































































































































































































































































































































































































































































































































































































































































































































































































































































































































































































































































































































































































































































































































































































































































































































































































































































































































































































































































































































































































































































































































































































































































































































































































































































































































































































































































































































































































































































































































































































































































































































































































































































































































































































































































































































































































































































































































































































































































































































































































































































































































































































































































































































































































































































































































































































































































































































































































































































































































































































































































































































































































































































































































































































































































































































































































































































































































































































































































































































































































































































































































































































































































































































































































































































































































































































































































































































































































































































































































































































































































































































































































































































































































































































































































































































































































































































































































































































































































































































































































































































































































































































































































































































































































































































































































































































































































































































































































































































































































































































































































































































































































































































































































































































































































































































































































































































































































































































































































































































































































































































































































































































































































































































































































































































































































































































































































































































































































































































































































































































































































































































































































































































































































































































































































































































































































































































































































































































































































































































































































































































































































































































































































































































































































































































































































































































































































































































































































































































































































































































































































































































































































































































































































































































































































































































































































































































































































































































































































































































































































































































































































































































































































































































































































































































































































































































































































































































































































































































































































































































































































































































































































































































































































































































































































































































































































































































































































































































































































































































































































































































































































































































































































































































































































































































































































































































































































































































































































































































































































































































































































































































































































































































































































































































































































































































































































































































































































































































































































































































































































































































































































































































































































































































































































































































































































































































































































































































































































































































































































































































































































































































































































































































































































































































































































































































































































































































































































































































































































































































































































































































































































































































































































































































































































































































































































































































































































































































































































































































































































































































































































































































































































































































































































































































































































































































































































































































































































































































































































































































































































































































































































































































































































































































































































































































































































































































































































































































































































































































































































































































































































































































































































































































































































































































































































































































































































































































































































































































































































































































































































































































































































































































































































































































































































































































































































































































































































































































































































































































































































































































































































































































































































































































































































































































































































































































































































































































































































































































































































































































































































































































































































































































































































































































































































































































































































































































































































































































































































































































































































































































































































































































































































































































































































































































































































































































































































































































































































































































































































































































































































































































































































































































































































































































































































































































































































































































































































































































































































































































































































































































































































































































































































































































































































































































































































































































































































































































































































































































































































































































































































































































































































































































































































































































































































































































































































































































































































































































































































































































































































































































































































































































































































































































































































































































































































































































































































































































































































































































































































































































































































































































































































































































































































































































































































































































































































































































































































































































































































































































































