39.4020222091536
26.0952144977197
39.1585309400002
32.1522627345578
34.2394738993363
43.2906706577679
36.6891296796155
24.4424425686866
33.0533252926626
26.5756689156296
36.8135419625404
35.8149318511451
33.1108584350306
26.0912856394280
49.1226949321655
35.0609816783887
34.8886290402767
37.1272028651117
36.3741791416315
42.2372998599768
35.5620054134985
27.4697140180823
32.0072036583510
43.3032124368786
42.8505909501270
30.9946713070449
39.1842403587726
34.7078987080737
47.7100434452575
31.6158240040526
34.8200259481228
36.0671026792780
39.0767901263937
41.6724684895848
25.7733614894222
45.6354076567282
24.8040375738491
38.5162674870899
33.8519704739697
31.8660770056405
34.3128541184118
26.9026341900055
45.9584682347704
22.6331341954064
35.2647334177247
44.5627850204050
40.0831149507507
41.6896965872749
33.7921003865655
42.1365214780612
26.0023735037714
49.0213619618179
36.3241815739242
34.6114875124531
30.7875083114968
40.8613461406188
41.4092786200576
33.5023571585103
42.2804235721686
38.7422437882145
40.1974188647421
44.8576442085080
30.8852331629756
35.7241623850270
32.1920979291638
40.5560375823905
33.6653321916298
26.0991412175887
41.0908721849104
22.5526611247000
45.5161461992394
31.2376494032265
35.1111136054743
30.6635091279073
40.9275476490156
28.6800808472070
38.8130520875904
38.0468151259170
31.0692114728944
37.1984331780567
27.6381312776064
48.7311712548248
33.8228298278121
41.9116341805636
26.9086674226215
33.9596532111216
42.4014966169438
39.7300771887664
45.5584248879391
43.9242228009193
33.9649921169442
26.6593513909864
26.4810457941021
30.3453736078585
32.5941191194080
31.2867230951742
32.6456749739437
33.8116410452206
28.2616696298790
34.5307208178480
38.4084431636504
26.0507108367505
36.9467194578850
32.4351872514399
47.8684902386034
24.7757839981965
25.9445665204705
50.6200890037683
41.1193698280048
30.5771664416992
34.7355630073935
39.1603020436404
36.2441579501023
25.2590447546287
37.8169998810175
36.0655596448486
38.0551441197479
32.6145349792420
17.1608372589952
38.3724901432416
44.0587026732112
36.1125029127540
32.3244836157674
34.4902262218302
40.9124913377069
34.3324070627386
41.6759107063776
37.8289190733231
31.4971710086539
35.3441246614919
44.2828615638832
42.7027463204569
33.8306013966041
35.2616630435913
30.2603160835980
37.9954385066076
48.0692589031914
40.9054750987148
33.2908548403375
31.9643755951969
20.5514810453805
42.2179316845796
35.3045065356568
36.3986195293700
20.6290366108156
33.9495434095813
33.7406990741740
36.2481411642250
33.4852072966345
43.5479460226472
32.5505783609019
35.5934439584763
34.2464639215602
30.2014760087942
30.9062710610062
22.8191458778111
41.6872301328781
35.0202445689414
39.0233498217817
39.9613469868140
39.3177388991604
29.7985151312704
43.3408055324862
30.6701295912943
33.6679928461206
26.1910160128393
41.3857584256704
43.7095496283234
40.5454750760145
38.0299389325708
21.6939466389499
25.1840730402801
31.9270892403014
41.2873944631382
36.2961671409585
44.4739283721627
40.7036466545906
49.3857201980630
31.9184764291797
31.4051312261679
27.9541259608042
36.7988725963427
31.5525535750261
34.9730107114300
37.5439716775687
39.4693675644130
47.5024229078879
45.2380779289920
43.1035111014793
25.8423163571617
27.1130206370531
45.4060329356814
34.6151180469038
48.5048853000403
34.7010669900316
41.7817833997871
41.8836639942788
33.8929421115335
30.9447050042696
29.0489012942820
42.9968656347932
37.3560177067517
33.4092264138403
35.1790905743270
51.3524477813090
29.2830572808761
22.4391305316703
41.9172896144274
25.0496257863903
34.2620491429528
35.6031598359582
38.1995624012810
35.9190420777738
48.7435829128833
33.1567604325248
32.5679149396017
40.6548991724678
38.6903673622749
40.1021157838858
43.8851870522534
41.5539274115906
36.8239839516199
51.1897850898212
37.2201739749925
31.0021613244320
23.5249624987285
38.4674001675801
36.7425926428284
51.9737944466223
31.3979450126300
36.8885883300147
44.8444038789251
29.7469015967845
35.8792336239673
35.5475397889036
39.8903084256380
42.7153264837450
22.5397718466959
30.0611528678908
32.0081057846721
41.2632709704747
37.5731390857857
42.1198322749653
47.6672975025050
37.7415916743219
47.2525833285894
35.0108792002842
36.5654382956654
42.9150454192162
27.8100293236790
35.7960110517806
27.9074720921266
35.6537050224344
28.0877055350746
46.4594246880602
41.8252217700392
39.5759332136376
38.3855713807238
36.3490555380401
29.2708434981481
40.5894714713526
41.0419410714610
44.3905943052337
33.6714236729264
45.5900749003755
35.6123628238712
34.7696824471104
33.7420744889883
43.7843418686490
32.5506231738767
40.4807518178877
27.7432267687191
30.0479541890653
30.8384463356657
35.6546086694117
43.9091826896664
44.5103963134349
27.9369215468677
41.3522693439433
21.8516514459034
43.1328534530580
27.2774558256412
38.2377764599072
25.4217034532542
26.1982652951588
34.1483759761612
34.8066215686144
41.9407649638474
34.8951417275348
26.0060795632959
24.8509956457064
37.8298378976086
32.8829445302280
31.1126021468703
31.9614668651905
37.8085021147655
30.7721179821061
34.4946825793163
22.2619190244068
34.6284005473441
34.5228693452097
40.5642702412523
30.2451447519933
36.7433888267905
36.9371201209213
34.5424531544260
32.9443336724431
44.4714937410258
37.2530160802002
29.5997778011611
26.3517710191306
39.3491504584113
37.1807872384194
35.4472436644725
43.0481218707425
35.6101094390092
35.2996770247678
40.3615545310433
35.5502355151009
27.7667628371367
23.1185893307729
22.2722966152029
26.2721507844962
48.9630120539526
19.6156932043148
43.1547153359119
37.3078538186298
44.1241135512166
52.4787826293531
39.7620051236186
42.7925902800604
29.4886135360504
40.3091422067639
31.4709135927584
28.8315569798924
44.1635969551769
38.0205408989897
51.3779312604007
38.1057978933934
50.7579969521061
32.5163484344676
38.5238420624694
25.1715955615170
38.4713556808132
20.0360169845560
35.3286790563887
37.8092215187755
33.1875234933929
32.1593133671789
47.8860689839466
46.9486526325227
35.0488694051809
21.5823750992903
39.1678320868639
26.8133586502867
39.8110338992998
45.2872436515441
44.3739312630492
41.0926896863646
32.3294757342567
30.8516917787225
38.2051792698497
42.4562909805220
24.0354432333505
34.4977336116847
34.6782258842994
15.3844743240929
27.6109968241879
43.8627765228595
31.2693397472299
33.4571658770874
37.4133724022006
48.6036780060175
51.6598022443425
43.4059350587729
49.7568518233245
19.4527997762747
30.3976280688925
29.5326591409164
44.5432795207385
37.7302315165038
32.8481059439155
45.0698989864266
32.7358123980757
45.4807876670411
33.7539216606976
32.2640171848989
35.9788494937185
33.0179122001447
40.1250403461983
50.2424009031604
36.7477454293375
45.8546224026677
34.4284691607029
49.2674279933123
31.0243870767698
43.3622398817936
35.5775654587233
30.1641603632586
28.8085583545850
27.7803604372340
29.5865803040540
51.3273345910687
43.3722788409741
39.2277582065055
30.3859633084112
43.3990037782765
42.3678416494749
21.1058487019914
31.1283853449975
43.0545354127505
46.3905437205632
38.0241687603300
42.0358839147541
35.4743504656337
29.5263143206543
35.5998561624201
36.8426882543477
41.2136100008736
37.3058590501675
37.0286863802015
44.3534446266702
46.2758225496110
32.7700903346581
40.4971296222591
45.7982506824377
52.2066746507750
31.1209746133656
37.9655067178944
48.9607813626959
36.2008815578220
40.1123214313041
34.4753045323401
19.1549542338777
41.4647391912532
39.2127099460086
29.5321477774848
36.7813635692141
29.3998125230451
35.3297528679587
41.9262183083863
35.9269920587304
31.7660106034559
41.7228935792977
44.7808437147195
39.6415446007028
42.3046917964408
41.1279016799448
41.7893729689867
42.3525109730989
34.5124556682566
37.6489384834842
48.9385052317718
34.2507977038811
35.2086141461253
30.3575414890417
47.5694195403153
35.1395580216056
41.4834528870875
26.5199312085351
24.4384554087226
43.0685526402527
31.4932476232957
40.3056845413037
42.7915083088535
44.6035826520152
39.9358268437326
25.0271696446277
31.1164036253918
31.0686526747628
31.9600024158072
34.9287084377276
36.9966834387992
41.3310815822295
20.4665300245245
31.1321827942999
52.7580820942692
35.2960466524533
39.1692892012309
45.8090863590121
24.4877651277562
41.6261413808718
44.4945477708143
33.5973083485769
39.1751498232625
45.4066528165599
35.2881338881311
38.9717805791393
40.7983681149384
37.0821734564638
33.6725954736930
36.3944010236724
34.3090526960839
33.9550538387550
38.1726348617636
36.9072861840199
35.5971574073614
33.3558823672449
33.7451831729250
24.5493883326113
25.8011443192043
23.8999465196060
38.6000188739270
38.2690325395482
43.0921922729100
32.5901888151588
33.8762462227810
12.1826630215516
35.3731782281938
30.7244654485544
43.6929571681453
36.7519157441781
37.1053529648588
33.2391702643783
38.5108046447560
30.1857933004097
37.3283387632245
32.4946928570807
40.7437187828693
40.7270890413189
33.8502499015606
45.1142380788923
34.8535629417478
34.1966029085245
34.0927739863293
33.8970366534225
41.4071150290151
46.5051730510932
42.3591789028711
34.1527745553240
42.1625922454412
46.1950088683430
24.6490872087129
36.3549966058831
33.7789895315313
38.3291978730203
25.7317969948074
38.9343001572498
20.9877059529910
34.3247215462608
45.1597679479816
27.6511487603785
31.3197552702676
37.1136856704613
47.5388117245769
36.4221397143537
51.4781831041980
30.8857511622106
35.8670226801077
36.4496009696549
33.5280096989261
41.0464024012695
32.2447211851201
22.8264145922537
41.1088392524308
43.1907323892475
29.7806418416211
39.7690394862294
36.6969613691013
33.6817734151360
40.4288135003142
35.1555617859125
36.3115443466756
38.9799120872757
32.8335836619908
20.6919259016884
35.3814522933936
20.7283118694929
43.1447177922325
26.2232394559773
48.2725633091832
32.7680281885478
43.6846886130142
40.2207357585976
32.8071186715813
41.5713800002741
31.6941648030286
40.2999790067324
32.1289856366691
36.7573808724548
27.3907686993812
41.3012265112064
41.1415868949321
38.5545944535706
49.2971011254806
43.2309103546736
29.1628865637234
25.5368738249532
44.6278471998856
32.8615722263152
37.2385058347896
34.7997556997439
39.1445919791729
34.2900243286462
29.7203996769565
28.4315225749459
25.5466881512492
40.4663422716766
37.0160083906800
37.4373841123779
35.3499467239435
29.4048338823056
39.8399627477895
35.1283217112438
37.4015255700311
28.3547109622725
24.9566198684259
42.6434757740127
39.9298030778721
25.8532989868197
32.6507780113353
47.7142271372773
38.6915167118648
36.1853331934528
46.8065993596897
37.0601965189558
31.7246502597681
35.9850272621877
26.5850759513341
25.3710487594998
46.2921079247669
32.4671484975104
31.1608209177194
43.6929639183588
25.4658773543685
31.4438922289289
24.7167275167129
37.7891024863042
31.6477203674233
35.5869887307645
45.9361602779877
40.7915887694928
40.0037159654202
34.1627852972787
33.2893604257433
31.5669021942937
37.0520822676033
48.1833749799653
48.3632514937428
33.3792996050310
30.1781482088495
43.7053754664270
32.2683708249389
31.2062912333313
21.3400477267180
48.2542012455925
33.6386160801560
33.5455672817279
31.1414163589568
46.8561767029208
40.9652681546689
34.2759282691649
36.1259650769971
34.1967115085022
29.0576228924094
37.5175423659834
31.8113452658564
25.4143444210524
41.1036263691428
27.8260779477121
22.7012051833033
35.3672861442870
35.8531632541963
34.2580457253345
33.9191695800313
43.9850006972002
28.3872494514102
33.9854021165384
41.5447027869035
43.9828878505823
17.9292577040852
37.6900782673976
19.8269369303601
39.7934445105945
28.3906133871389
44.6126751309537
48.4971661191661
45.1209388584506
27.5681547940588
34.5000388539654
30.9673705949488
43.5427359128330
37.4638328756445
22.9826088587722
41.4700167087037
32.8355518845137
41.3395459217596
39.2606674880105
34.0539865760704
29.1808404177202
19.9174261441325
42.7783371735712
40.9874385179654
33.7738252985415
48.5442808849429
44.1102978181325
34.1229731860250
23.5105220292928
46.6603871371010
38.3813347998490
35.3287111619328
37.7431106604432
41.9331983675032
25.0020666415973
36.7862395360276
27.0619811625494
36.4701938853486
43.1203118697790
25.2794114274064
36.5576260592505
40.1534447218009
35.8365539430621
12.4739812214867
26.9189008812124
45.5178689642134
37.9717134293709
32.4871331400706
35.6069863177836
47.2261701013891
36.4950911481389
38.1016127648397
31.7295474033619
39.5924974182235
40.1897947650438
42.3593884946447
38.9769010554646
33.9711396427174
32.1291443387830
37.1995378440099
32.3860830096792
37.0861763366307
42.1923166039940
23.7400160520287
38.2837931961392
34.6948701688830
35.5370613670717
29.5819553628767
19.3521710993492
27.7388999311764
24.9948707105978
43.4068365184252
31.4472946753392
43.6321096757246
42.7046646159399
34.0003449262329
40.7775865841958
37.6014642194835
36.8635696947292
23.0958053633203
32.7405161693401
26.5147933928407
34.3185945629109
40.4732500007999
46.6094802058994
37.0833909871272
34.9804746377171
29.9281206196215
36.8961713124647
40.6778374711055
29.3300697878775
38.2194994157159
34.6218250311924
48.3255505197180
33.4078024148220
39.6251731993109
35.3070353626733
38.4935189006035
42.0153264026157
39.9978851031034
28.5824869842072
33.9331713859305
34.9036567062119
27.4265229699437
36.9050298509479
46.7893894707230
39.4502217502604
44.6345091979211
39.2594489829768
43.9565499059694
48.0627759121383
49.2306045048022
36.9761651348426
48.3703868103090
39.1545238532877
31.3954347173705
39.8269742855794
33.2326961096755
35.7787485082329
47.4837892173805
38.3371100166020
32.6823474390448
46.7504035917517
40.6439223889552
18.5655830582722
29.3799965856530
44.1257137722241
31.5537781583867
39.8404860989581
17.5789474227736
38.0228205052021
38.4773462729574
48.3227154644141
27.4557616684643
31.4561937252212
34.5174717237498
36.2494937125098
36.4042434331040
29.0732109001166
39.2571673630015
32.6253273829204
28.9707446226835
40.8032648806397
35.8910851964116
35.4666470184913
29.6499220048305
32.0137991434540
38.4250660858961
48.8542451094332
37.2921186600593
37.1015776541024
22.2035901692441
31.6008588856949
29.0958657919782
42.3752475948933
38.0462455786318
33.7716364990716
37.4616116585830
44.7578782697236
41.3539487746430
33.5402640312997
41.4073288824601
24.8740966791956
48.4956860070636
39.6621687561420
33.1813365720192
37.9712602865989
45.4670655406713
38.0322675928009
41.1008915455024
50.7166151851306
39.3895784095337
39.7087631647669
34.8406003817782
28.2448948604499
34.3579758824868
28.7222194746093
33.4119942539364
40.6137930315884
24.7344087326383
43.0154032053893
37.3806661075142
30.8784658734795
38.7073134760706
45.1637784494519
23.1609007886195
45.8920380447385
40.2207253415338
44.2238627332927
31.3959032013332
40.0511591275425
27.8465881846054
29.0434307761063
34.7301482593247
30.1546778545421
23.4425371228337
32.8348690677454
27.6327735234327
36.3570746895839
39.7928328357005
38.8384747149043
39.9853260752688
38.8700974968080
54.0966709070241
52.9682875480316
46.8771212677274
44.0489585885201
35.5791643667753
32.0842950686913
32.4787152136147
47.6712774592961
33.5711227619587
29.2448884572740
35.5364822463421
37.8737872418470
35.5422346387665
31.3374759773557
29.5599252554156
35.3962282705042
33.8904623692515
32.1318635792877
36.9841149450893
50.2895910555394
38.8075069356239
36.7060567523970
39.7584552088648
30.1502399920962
43.9248009666442
36.8874956154285
28.2672783709382
41.2862227881268
35.5355804925773
38.7056066361212
48.1440068301430
47.6814824111839
37.3569559261175
40.6958601722593
34.3202741468102
49.2986767250857
20.0242145202538
36.6376637496427
48.8895149471438
43.5481135460590
40.1939456356076
40.6673569995934
28.7971773743665
34.1651877412519
36.8316135679998
26.1936174177304
36.8182654465563
37.9151814310990
25.3406077951847
44.5784043357725
42.2501095942361
30.6427810045422
28.4894113745883
45.1104587473448
35.2291084062002
34.3464281316675
50.4981923230093
40.8743100934637
40.6512645361552
32.3917668227254
32.8888749688501
16.7530172293672
40.8131796571396
33.2784614477598
37.5367710764989
20.6629728747035
34.7802446633968
35.2760905326708
29.4129936718951
50.0180655295503
40.1718437321904
41.1357058315064
38.0597110450613
40.4520846318150
42.1831799930850
41.7432617437170
39.9386204116579
46.7293719535634
36.1060520117099
32.8908352968973
39.5575894147592
29.2692371695664
35.4440968491081
39.6767174785610
44.5000002756878
33.9087080883018
45.3155580154444
41.9893904832661
31.0802453123985
47.3473051128614
40.3127588921187
40.3689902993897
28.1530231633327
50.9561814424034
44.2663409739559
41.7481034534890
38.4763200936465
31.9303129977547
32.3379116549124
35.3928481003987
44.2359258247155
33.2902830080336
34.5686211892964
37.4293007094468
31.3437516536774
41.1668948649910
43.1205531501932
40.0663408618255
30.4246514538342
31.1642342499123
43.0476037361911
31.7169496763656
46.7572708796838
28.5769113536918
32.2019704746388
43.2290958702461
42.5080149319942
38.1205653380403
36.4433266109449
35.8523723720294
29.1917013066608
40.7306127920886
35.2213249917140
39.2338930271317
45.5235458253710
26.3683054867006
39.4098437179506
36.5787972057590
31.9605927303629
17.9224101327629
33.6477933411464
32.1033593266146
42.2595823402877
33.2986154681756
33.3212150185855
31.6269129491752
38.4321458081987
17.8531484473010
44.4110165104028
26.3132323404221
41.2389695412656
23.0334292282446
34.7741600284910
35.9075625123461
45.5946296121882
31.1293988785652
37.0353347790334
41.7828146880774
41.1479965959708
25.7647943983017
27.3324228473263
39.3538939807602
30.0734787941329
36.5657195594380
46.6144799084379
33.4069396304454
45.4893195530967
46.1578022745040
29.2550937680488
47.6701523159036
44.3265027835364
46.1640470962203
36.3562161978829
38.7697036087747
24.9208827553333
36.0302907820391
32.3603767441112
42.9741256462406
35.3338971387371
30.3326705716276
32.4455841962191
46.6720999674548
43.8254343999496
35.5644997899096
51.3697496669760
39.0095979667239
27.0534641159198
41.9507912021905
33.2896322715386
33.7348617968225
32.2639771455671
33.8310132274473
41.3677921736357
39.8085767648501
33.2945257122310
36.8367286339151
33.3479459110923
36.3179029868586
54.6271123836224
41.3842568186035
33.5540132483882
37.5900654701840
32.0349364358584
33.5817652539273
35.7203831801997
27.0890276321374
36.8504991101874
25.6455301204099
41.6668921784764
33.1481191163270
28.3834076460325
34.1204561093906
26.8226678399228
37.0021990770380
38.3855339080773
27.4626560355490
37.2755173643265
34.7924488187640
35.5236450698627
38.6559943414425
33.4956283491582
46.5606494687877
35.5650112916567
39.5174056532122
41.3004589679966
44.1622149564389
41.9210122775524
43.9110998374876
40.4760845175851
27.5983540881554
33.8010456962428
41.0853251445184
33.5355461228409
23.1126847046906
36.8594197501010
32.4718966667069
41.5499725819939
36.8679878106959
34.7431713030199
24.6562602949533
41.4314140906893
21.1787428080016
38.7470877392858
29.8545662664777
29.6738723189305
47.3049259281703
40.4602649805150
28.8916126643133
46.0597460599552
36.3818990277359
39.4918131416850
46.4043232300489
35.1398600991665
37.8753923735654
38.6591653827023
38.4512691298829
36.5228242389067
41.7221095685966
42.7035278035968
35.1781884168882
30.1422354190450
35.3201175734365
33.8482768326206
36.1192692991359
24.7889427750124
30.9140211532653
29.8169843560478
32.3357502554475
35.9825226827917
49.4273519026019
35.7727324896164
31.5449758463495
31.8752055802171
37.4620910566676
37.5024123416589
47.0209384332612
36.6388510232534
32.9377682864981
27.6831801070743
45.9428350114050
40.8209029697790
34.0160283702402
28.9879230548561
40.2616482014089
43.3187123711236
21.0387407747407
27.9574150734965
31.3106196380438
27.6615941479705
46.6537605855844
39.0757522278401
37.7247097557360
36.8494426563919
37.3690953814733
23.7702297277294
30.7830509834834
38.7696568532552
28.2210837235234
32.1168763289998
36.3200932943552
36.8238211637052
34.2601929887171
32.3471869804180
35.5889207553420
29.0676037039850
35.9149136684646
39.3651616933115
32.8273165179202
42.5461115314008
26.7014225337263
24.1960555337950
36.7099015962725
32.7774808985977
33.6365360601723
41.9338190162561
46.7599124901996
36.7997666081443
33.9600028722650
31.9980575526299
35.8621615679170
31.0637989792474
28.0716388304829
43.5497335961614
45.0121718443157
36.5723082534208
44.1550819085383
39.5899150146561
32.4203566163235
34.2918806758178
35.4847333160057
40.6353951867697
36.6735543095245
43.8411445101735
46.3237286104101
42.4193456044652
39.7995304896339
34.4553969903342
37.0351256609472
44.0231991082330
36.1590019249192
25.2374805531373
24.8222096814870
24.9583957237789
39.1994875089473
34.8608098889359
34.1194862752399
26.8676248929500
33.5732954585552
36.3360260024815
40.2985219414045
39.9119278790694
35.5961822706353
35.4893433999612
39.5048474322917
36.8590363034808
41.8348211013581
42.5753475917544
46.2703984979897
41.9785220262224
38.2827301089956
43.6325773161826
43.6694924660102
41.5835800273171
35.1646932942794
35.1487167850975
36.9046534402679
39.8546370712456
34.4197277352932
30.9998274940569
34.8042479269051
28.9060777041782
35.6907583369960
34.2490076960571
41.4414760502402
37.6309224391027
20.3039723590826
37.0172654363929
23.8309155093712
43.2045924298921
32.1221630226199
38.4204249265242
35.4564405547050
34.5186299239794
32.1463616059881
43.8344213640930
30.7504912904873
42.8183029526360
34.6944111640383
39.8623583802164
36.5939510222987
44.7058687125611
39.9462830871463
49.8480876400414
37.5428087412752
38.3160066395843
34.8662558747593
48.1078139003269
37.2633328578276
44.2635731938750
44.2709919110682
33.3779133410726
32.7610030147875
42.2590170950267
35.7787481146894
36.5110064497432
29.9900903793806
59.2891476443485
23.5687096159076
42.4030303010136
35.6711142078864
36.6957644629876
35.3555631495145
35.0682243708376
52.6011255623313
34.8824275341493
35.8260045461643
43.8467642348096
30.5106265057726
38.7352109279618
34.2369533014514
36.2799649069364
28.6223831739646
32.8859681484582
41.4975233526270
38.9815325761783
41.7416467873045
43.2137835863994
35.7973684800282
33.8556567469492
52.7708282877316
44.6389497892179
39.0891313229882
29.4855699358970
29.7164844788811
39.4742821173227
35.0246092306898
23.6566634334083
49.0161486428950
43.6919800316285
34.1108119598924
43.8158327563535
38.5211226536757
42.8409747052893
34.5170644586543
44.4752201002442
44.8412599970689
47.9685783481755
19.4423376617108
27.6430589078317
32.4260469441409
38.7382971188289
29.7350429355974
36.3915653334338
33.7678954148883
38.7248860912554
42.6830655628165
35.4745675654165
38.7534754847510
23.1081732027495
31.0662234981653
37.2209705451794
41.9084447788266
26.2970607401770
35.3882759037092
52.9813059837619
47.7240235256060
45.8126108468808
36.3593730706288
35.7666541601356
25.6629266958791
36.9233010821560
42.9609560631403
40.6702009654298
32.0454572058235
32.9299742713252
45.8134850574093
36.5155340192509
48.8471092642622
35.8536460831373
44.8935605755931
42.3589966568699
29.5508497598811
34.1762175100695
28.5727756841753
39.9616922151255
34.9224638134308
27.8783272622400
38.0203008385246
45.5844426121917
31.7402867718643
35.0184778183486
31.6870322468737
25.2436593762950
29.2707027395424
41.3745183533023
38.8499741799493
30.0852239852927
39.7041740065853
34.5401768408717
34.8073590980403
33.0527634580749
36.1447765387806
24.3436892351164
39.9692365199912
35.7645778145187
25.5458413295513
45.5849792112288
39.8095437020024
21.2618460004827
44.6091097695495
45.7174410175182
39.7971750433882
36.4666200307358
46.0869469330060
35.3499757913232
33.6879463258587
33.9684759932977
33.6537855868421
44.9143475550653
35.6105631140200
31.1522494929577
32.6326684502930
36.4936561009834
38.0678646290286
42.4786488309555
30.5877804007598
35.9805324329680
29.5689060952353
43.3358974836034
41.4612830324563
36.2965052453644
43.6800197907504
36.7441083005716
36.4799525267944
43.0681218465101
14.6046425185799
33.9574839526181
35.1892804184191
20.2933983756920
36.8773122004752
42.4266116222224
27.2385077874713
40.4166412318028
37.9824909198259
25.6802897568849
38.0539313398206
30.0011871379929
36.0663691919768
38.3403630825364
38.4235800555447
45.8381256924556
40.5856768631549
31.9099388356484
30.5441227748104
35.5770016670454
33.5778845518662
34.4673583320472
38.4056529203866
30.9569123610283
39.7846391645145
38.8230957968851
40.3029388849270
34.0276627169134
33.6041990992808
40.2715046319797
30.9467714477349
37.3612696336809
33.7410033369925
46.3930111161783
24.4464349264118
41.6658792048067
13.6122458195070
38.1651774016735
40.6947776191490
28.2079853597003
33.4091552455370
22.7021535447265
29.0634341143218
37.6903793119996
46.7949173794084
40.4205149991242
36.0984623395681
43.1195027958986
50.0985782791048
33.8529922596369
42.3956803366580
38.4876132268920
38.0629375547649
27.4373423663670
35.5543051285239
42.5988524858255
34.0214126806964
21.3065390973142
42.5539428061111
46.1674578000678
36.4245067820302
46.6185645601970
28.2943511565473
33.0119871099768
37.9762641433408
36.3552128549738
35.6940427109908
35.8015267424686
40.3569948088177
38.8151408865606
25.7805682945086
44.6024188056882
46.1250196741285
35.6963589662431
30.9780664510556
28.7848686312960
42.5561700516022
31.7748923532739
39.8224209330952
44.7950353555402
43.7644106522835
43.8559624943649
42.2518843966478
31.7612853449291
37.7169524144688
42.2792773849457
37.6320489485410
47.3743171467079
41.5463033410760
37.5500256986096
30.8904139849525
40.4672381041427
32.8502700675199
31.7927006827917
31.3942238637317
40.9831399970458
29.3823065111643
29.5867470294531
31.0093842210096
40.8845287575709
28.9659387476950
42.0426879810735
29.0062179013707
27.1850394252800
32.1143879874568
36.7410646053630
30.2604672651791
35.9953338007883
27.5058547714373
31.7073808218927
28.6165126114964
42.9926461689844
31.2124584136358
36.4213398394210
33.5038629767273
43.9504189890414
31.0932327228275
33.3982069171262
33.2912283587568
33.1813404440833
36.1954162401020
36.3437071207306
41.0733205031607
46.8273855259563
46.7160165174053
26.8534341559995
37.2724673346825
34.7598353412342
38.6793619647487
35.0419487993581
34.9506120955197
55.6779289131385
39.0636582035181
39.6025432944338
45.5937750080017
37.3246737261009
48.4885665235061
30.8733882049992
41.6263914819345
33.3633420875138
45.6589941112626
41.3327049118755
32.4640668317815
38.5198572201664
36.0815545672924
36.8295324802119
30.6109495556447
36.3534535835932
34.6493118412033
42.5963645731060
34.4176356767478
36.5520961515657
41.3024873552996
30.0155681583959
31.5297830625370
28.6788461605449
29.4029651673784
35.8233396887580
37.9809571578067
31.7746829793951
44.8985129653366
39.6119391716396
32.7328909694567
31.3845598115845
44.2817003739501
26.9462133835336
48.3772836400072
43.3065118992996
33.2671531469518
35.5385315878281
24.5337511403653
32.1426903294630
23.4184752042788
43.5769625977670
34.4958069554641
27.6175869640383
41.4134737205179
28.1058761687635
33.1694903535395
36.1951466947517
23.7465288693009
37.4409303973220
35.3305079975457
38.1391099335952
38.1143248009310
39.0391318725286
36.5701086142157
34.9801829156534
41.5504795559585
26.7296873601766
29.0656896173565
39.4789892430944
40.2157497527671
34.4987796235671
32.7851993032996
16.6049485836000
39.8975053779348
29.4496060691196
28.2986007601971
37.6193444285436
40.4219330225535
31.7807607337124
44.3870956661566
43.5621399894197
23.1707596700254
35.6600161715486
43.5106856516425
36.8982823335746
21.8953214403136
21.6504436529323
51.7817079655316
39.4099920163151
31.3884307863037
31.6769374920484
25.1686158078904
26.7062963242370
34.5400597509090
42.4061877249580
45.7059970665035
37.7298470305752
25.5152641417871
39.9657288607383
35.8086984778060
50.1020223577783
35.7714588884546
36.2168763802367
44.4707947652859
20.3146479472314
23.4137585725059
43.9235393192162
33.4148855077107
34.5542075553109
26.1393604858016
24.7245969745358
31.2521083105584
38.7986237741433
30.0280090131354
31.8160879223220
34.9609121186917
47.3525889148597
39.5024760139794
35.0609761344742
28.1922546762757
40.2318602153587
43.1796852997472
40.8278890005626
41.3532659500091
30.2591030853098
39.9307004161273
29.3267726523756
31.3859754941566
41.1663919675948
31.4883137870657
36.5904249814884
36.8364257256718
34.3875129637385
39.9708275340019
28.3214409711309
44.2381350917272
28.3070963488339
39.4344026510852
42.4060999353843
24.8525867831429
38.8815433315352
39.2289560065877
39.6869138903196
33.3364964323574
29.7395397910885
29.9052302425719
50.8279230170208
44.7352564947993
43.7650443588401
41.3760766591722
39.1637354733341
40.8210346451814
22.8493014944899
42.5266917866191
42.5453777813423
42.3974507892045
40.5140725675551
44.2872583007888
32.8398100591419
37.6378459271404
33.1692121686577
33.3173213168532
34.5019411835925
33.2324602109788
44.5642996322190
25.2830935959287
36.1169104532126
34.2498805334573
45.2984493227927
38.6029071489584
26.2240169215808
43.9332292196929
30.8135351771213
44.7958254574191
44.2027845386579
51.3830965934272
52.5517726820828
33.5416685057159
39.4874115697922
31.3640893565552
37.7644558963764
34.2079667811060
35.5532938056037
21.2903786393051
36.6031307727363
33.1513684454368
36.8119892182796
33.0615735452689
33.0442724512906
31.5444996879059
28.2481573646583
38.0999149483919
25.0294945136855
37.1130802770904
37.2935824367181
32.8073941159407
46.4401422529066
35.4898000545724
29.3131411869010
48.9946608546459
37.8441941001625
29.8150968414655
39.9790808981680
38.2565746093767
37.2800929664668
37.8244168188756
30.3993709760489
40.3235093756367
45.9269551862789
29.5178692170882
37.1696458341157
44.3473985178785
29.9679324623741
31.8100075753924
42.1123768933602
38.8817095490431
37.3169561183544
28.0356170160371
37.7151824071327
32.4756484866648
41.6078259904495
40.1352534995988
44.6297841620014
39.7649516959422
41.9953809725740
35.3255651880306
35.4408942354961
30.0289814215655
40.7190225274065
29.2485930447545
47.5237999523854
30.7124706694766
36.1065288909010
30.3004944693016
55.3491880376590
41.9061455554178
35.6328983291476
30.6971785379638
39.2745012381387
41.7605560865278
35.1468482437188
43.2303371298253
50.2768882684929
33.1501427631797
45.8913392772567
42.3365783203149
36.0992623318722
30.8849882366491
49.9162122396326
29.9567174685224
46.1129610663629
26.3740685390134
42.5307509991097
31.7869738282886
30.4287408986149
42.4002913356881
42.2800033063129
31.5299265216409
47.5371192247650
27.7827383705630
42.4185661680537
37.3622614322154
32.6176337439839
28.6240906373013
32.5762097446265
40.1795704037262
42.1543612775596
45.2139148332011
41.0554988868217
29.1986089811899
31.9768248729914
45.9401041539396
39.9304072113526
22.6314498313349
40.5988343408839
34.5989306773970
15.7657339103905
45.4088440388236
13.3761408383903
40.4645080056553
50.6211940229887
44.9425879542354
40.0828312579639
34.9324436799324
29.2096543540497
30.2233893951448
40.5715127267505
38.4131591481884
41.6738458741867
24.0953132622449
36.6556773494177
37.5135291569302
45.4882188508539
39.0633840351876
34.7549560114259
35.3479273065480
30.7682263469689
46.3705739976546
35.1035114709373
24.7318511363596
29.4924226636814
29.9345009934007
38.9286910969242
41.0920569280178
42.4016575996615
28.7003157381933
36.3854002546910
42.4782946960170
42.0736818231382
42.5148086904793
40.0622619560387
28.1353479774109
39.9815049594779
41.5701353114674
37.0341950282514
26.2536406728254
40.7626326095558
33.2797850419841
36.5319902061136
43.7433894847400
40.3126115719917
46.1851723078154
35.5035421356419
36.4095123065522
30.2295720710241
38.0543765621872
40.4164026788359
30.7175217043899
22.1709870749810
34.5905830257247
39.8455869276798
32.9933402379301
46.3735069500594
38.9691645752732
18.5631837398899
39.6480855029390
48.9610765948548
32.0365315503605
38.5008408141606
39.9762276440874
36.2255629290072
32.4185630294225
44.1668905028536
37.5479176083458
33.3006160060935
24.4671482451906
25.2169416236861
49.7095209513010
34.2209839575845
34.9180723847986
38.2808082631295
47.2680299686774
38.0196401486169
46.1454214457669
39.5471529647959
31.1186923587738
28.4784353694085
23.6080718955036
36.1836563906292
44.5254830443703
26.0905559216183
34.9154103916783
34.7040778818141
30.7525606246115
39.9278115079125
31.0790799626586
49.5551625073041
43.4675115645001
36.2135155451212
30.4653473345370
38.0103231340004
34.6557813443472
48.4871899013326
27.7650401616295
41.4637308085068
31.7187554346095
36.2121723856642
28.4848757062843
30.4659407330757
34.7607275134780
28.4869359951164
39.0294947285226
35.2809368921751
37.3168320074176
33.3965130955639
31.9056995655690
36.1266211155024
46.6752012127915
16.8693243769685
38.7545050435097
39.3200843499193
38.7034318859588
40.0088467777216
36.7331481757571
41.3768302275251
32.6433191546487
32.4178733917600
33.6463381569177
32.4220214036864
40.9291016739655
37.9325278396627
51.7651162606538
48.8749878326536
43.3771446744534
37.1717879797346
49.2772995270598
42.3827017944363
21.1487783310168
39.4613889883918
42.8091469971328
45.3073313772700
42.1602642723337
36.0860681760494
25.8911925387899
38.8802925530296
47.7874416084252
36.7998496180380
30.2436502184151
35.3720765212252
27.0534301177739
26.6568143622808
28.7410568482139
33.0548022981241
51.4256179852017
35.9449585155040
43.0135686199115
42.3099628546633
39.1223499352510
31.3229684946671
33.7130119783321
35.4400386075716
40.6843022215033
37.7818212378783
42.9748394348618
37.2473322824485
37.9799602344495
50.3207824441639
32.9957413634337
35.3279859144121
30.1935030052142
33.4776640148999
39.2968391516781
51.3567964475735
39.3709688636438
41.1938401054530
46.2550002181034
31.6645958600214
22.3895710680637
36.5381137880252
28.4803878879178
34.0421562673844
35.1972394200343
35.9480245431756
38.2829111459434
33.2968693043443
28.6438602668144
36.2243920286962
32.6587121802762
37.2054866687593
31.8318024396282
25.2075697264218
42.9737994093495
41.6741526178496
41.2206321591954
44.2032580293401
30.9334160461335
33.9419479708192
32.3961461832854
44.5930797398034
31.2704254138399
31.7398479846085
44.0025478312970
40.0504646433087
37.5112084070596
26.5365402359474
26.9090613162769
36.7647231193440
33.5111292466146
41.2257296253907
24.8808898541684
27.1143023668147
30.2016450010100
32.3098225215734
32.1441184099126
29.5953512110721
31.6704771422685
35.3157339003350
27.6147742431242
33.4909699933578
35.3672385533019
36.1626017976941
32.5461753532843
41.8049550627458
31.9616571794477
39.1774411985416
27.0320693473407
29.9012216841179
17.6637154136796
39.9608716498155
41.4042119340612
25.5466560196768
42.5305923265150
29.6726491972782
23.4524200534711
28.2735999943103
31.9486247805848
36.1839168987642
44.0127176435724
46.7676736297698
40.1934029022639
33.5148681248745
28.8843737639599
40.7780623518743
34.9445752050089
35.4898314102499
48.7206018850645
29.9874819007292
32.3703485313655
35.6874446494060
42.6415204086279
33.9379816553921
26.7432870707718
41.1449404459026
41.6164332284890
49.4834892581844
32.3370150292561
47.7580343621914
36.6711479026012
26.9597058562459
36.7674081512370
36.7950563178680
35.8444955234554
41.8756545027967
24.6587801193700
50.3934999848985
48.2596705916838
46.9023734479793
44.0502516243129
25.8098916075361
45.9192476757813
42.1818971149885
46.6723857809705
25.9973577267715
44.5182849042052
33.9273586571929
36.1378797903744
39.0073893791348
28.5313611963344
25.0388006911181
23.3270869756186
47.5434438910730
26.3704214828387
45.0930872017464
31.5215345484086
32.9377674156099
37.4280671338433
40.4929842596353
33.1963841121743
29.8621358745431
38.3070938947602
20.0858360740520
30.7986578686050
32.2766924620714
46.6586529597281
39.4729644411214
45.0875554785405
48.0150915190538
46.0893046918941
41.4542004026929
42.6268638356294
28.0392970705570
35.3109965253005
27.6581177584726
39.3153243919101
40.1366488172414
24.6698594951413
27.8728414391107
41.5186069423891
35.0796773589871
42.6691877767969
46.1001357076689
16.2406618032153
44.0054364744093
37.7382801342369
50.9428116561094
43.4897261464271
27.9622154037035
40.5440407123963
32.8086450926751
32.5676615588849
37.1394272245507
33.9509071093771
47.8249596011300
35.0542324450152
24.8750944341611
48.3976807127561
38.9570362388053
34.7556272101503
31.5582909405588
30.1123997792403
42.9710836972938
30.3693881787957
36.4293643011715
40.8312838295551
19.8071987054358
25.6309426421356
40.0670637007690
28.9961820956371
32.7420138049841
31.5803765868180
48.5024309126930
37.0856875983874
35.5351201498639
34.8072663435774
40.4470355324084
45.7131294369302
37.5019845425514
54.4723739131173
34.1751619380251
34.4045823596582
42.5097388869881
34.8458190439447
37.5540370436260
33.6284435058294
21.5597628028786
35.5705303497267
39.7113305356989
26.9200816014109
36.6384921278681
31.0472083104260
33.6559550114345
35.6675423218456
32.5418684389598
34.0723993665086
27.5193803075874
28.5325075232059
32.3588225905791
41.5721694701580
20.5444682603600
35.3501605469042
33.8897105715897
28.8260239224357
41.7691031698632
42.3746120274082
34.5285875920255
39.2975150641308
34.8870822232266
41.2450105118300
35.0137675210741
39.6719495389935
31.0927348926408
23.1843443813187
32.1482422110758
42.2620786390111
37.8260266405798
40.8446064315995
41.8722090625993
49.0139686609132
31.6996203891162
28.8559915860898
32.0048213545530
36.2743996036825
38.1986184011204
17.5336856637768
42.3039949481771
29.3362029892178
52.1362143916519
42.3537037088429
34.2515070396606
24.8733046251774
37.6123652656284
37.8575395329630
40.1236861653711
40.7762962030166
36.9479068328011
34.1043796862056
40.9616627594072
41.3601898239998
26.0280533708528
37.2753863769457
46.0547830149079
30.9574635390713
27.9891040549391
23.0930715590726
34.5175161221600
31.0468343300029
34.1342597617327
41.9866882752172
28.7442987270097
43.5619171791579
40.8536204322629
39.4347703518503
38.1415055057299
29.3307025629533
34.9757977573834
47.5802475840475
49.3805152882509
36.7265751771397
41.0901709443637
38.5921289926878
38.9043275915312
23.4326683490267
47.8491600024918
50.2080529822653
46.1976771567576
32.3073041410133
27.7058203692954
42.4736206244956
36.9372165706459
31.0154554347305
33.5984981546114
39.0779937833475
31.2823164736980
37.9984967944580
41.0595269003478
46.6582948123767
33.9332537947790
20.4339445465412
28.3179173733765
26.9893554324704
47.3293138040560
27.0657575843861
46.2561951464278
42.2454644910249
41.9621165684581
33.8841297236885
35.1645732427828
39.2988194024950
33.0377656824713
40.9693857130946
32.9818961240926
32.3363022409106
30.9507609106242
44.4032656642465
35.1907412408516
49.3899713967135
29.7705879386491
32.1860755637344
41.5865695228664
35.2202476299254
47.2116810242137
40.9900588422590
40.0394850057214
38.3356683572252
49.4346291129506
37.8077590226312
40.5208007419765
37.6121318167726
55.4083784521642
24.2673263172794
41.7946129293754
41.9100915081224
27.9503947714758
31.0550942119499
29.6063359780924
42.0467208882240
33.5892950985083
34.0503453641995
49.8070064291386
41.3109312903154
41.8132393714035
39.2259202225488
38.9372127255157
30.7407389982883
32.4362248817532
32.4648455578439
35.5791232390022
39.6058226298212
38.6689584088854
42.3549327905909
33.5110112966752
44.9877441752105
46.6242551064647
40.2917345072261
31.4696959721716
28.4723504663005
37.0372922142559
35.2071946067454
15.2815315707953
44.4002786085994
37.9732037590727
45.0238480235342
23.1047821396608
40.3905279560239
34.1313586699409
39.4555890651597
36.0732349233615
42.7450733055336
40.5388459145299
38.7083896879611
33.4984328652278
40.4143010326896
32.2241511182491
29.7832013498309
27.5337104477915
38.2252103363055
45.9589579880572
48.3386122552298
44.9696882435365
35.7864532475984
23.8318853369013
25.7070664711828
32.3242563945942
46.3982461147417
35.2153856714683
35.9117407829772
40.1970947925103
34.1358195261701
45.9901329138385
42.7751957533154
40.3334052732766
25.9177955898504
37.3264412553467
38.2541959340345
41.5088054542051
27.8710436399012
31.1729550245435
44.1510201408884
41.1746164195624
39.8904953000423
38.0514591819736
46.2144656272141
31.5196611075117
36.9733633616272
17.4856850296960
41.1040778703463
45.5990564542703
34.6697146082774
26.1965667973467
42.0699856795760
41.7878834965211
41.3052354877946
34.3759124511733
27.9744550755506
36.0128478772071
31.7005112316199
38.3297001443599
49.7167700867777
41.4867292783702
39.4850943630118
29.8960106103368
24.8468102611104
40.0227182248736
29.2735589513422
37.5893796316578
32.9279538721380
27.9744317765073
35.0083989591826
53.4851930126723
38.4913774729863
35.9803603955943
50.5808878040708
41.4185913786092
40.8431388905201
28.9815240714177
39.6387031908159
39.1898431964695
32.7763625102811
35.1007065240019
31.8887453088697
36.6222568249103
32.2090107849788
35.2555478497347
30.5212082285518
33.2966078844798
36.3620023921256
47.1015878839722
31.9418724178383
35.6278741464795
33.1111831831768
34.5506572429925
41.3789469710278
41.9608682787938
33.8393265853647
41.6016144388422
20.5370913703484
49.5581554580486
31.4968554181135
37.8999178179456
39.4076408327798
34.0770205592215
37.6795083793695
34.3953508881967
42.3046970847893
29.5015194099165
32.4105526411027
42.1482819163056
36.2409514525360
25.0886052317333
41.6973545835854
42.4552484096852
45.5257481908506
41.4478591631067
45.7662416388841
25.9539031151865
30.7892448384856
25.3085403918623
33.4839724256658
31.3979760414643
39.8184668177182
34.7607641718136
42.0485583216792
40.7126329454044
43.7747091944200
41.7548201805713
39.1623908575478
43.7062754077508
34.6456619227759
40.5746390367247
33.8094814948901
46.8227312973162
32.8883636380117
46.3604483649911
27.2859354105046
40.8480919370706
43.3554190378056
40.2774669213017
36.7268909187665
27.5037500488545
33.1694357647437
40.2292941458525
47.5112877129868
29.6331958217763
45.7734252202946
39.7975199273691
34.9020710460119
44.1404904123823
44.0338426435363
27.2892803050978
26.1448694463670
31.5193383020204
33.8274147354190
41.4736091564390
44.3765142448150
32.8706045720921
37.0192775585496
49.0782014723706
38.3140796122373
38.6124791386570
29.3525173864226
28.4640760625318
40.6766774820013
54.5531924523035
32.0525258239072
39.1296539519427
52.1357318489145
33.6218196981139
24.0702176371560
46.4945124660661
36.4573101285654
40.6006419585808
21.5618425522348
43.9657314613309
37.7591047575362
21.2698613270213
26.6434097292904
41.6500141646414
29.3160462242766
39.3793186571653
48.1195717472735
28.7530269708029
31.9432410367222
46.7429888179275
39.7327441122037
37.1897483392052
35.4878257369378
43.7796211165172
38.1556135189648
33.0024623692808
32.3270060246464
43.3146643323326
43.0809876839404
40.4665846452060
28.9320509051439
31.9757030663654
35.1381891674359
44.4359498623704
32.6344851210548
39.7346378476496
32.6616801930446
27.4940894072519
33.2412941670348
35.5341103924956
36.3582636495237
35.9134746058631
35.3465749505199
33.6408090689745
29.3198832198287
40.7893618272555
38.5465409127986
50.9759429846375
23.6165382350373
34.7709159240818
17.1557324278018
53.7448524361591
39.7159065024562
40.0720668866583
36.8833916176662
33.6986632627164
35.0405483793869
32.1902659281239
46.3168475718449
18.8060036107185
32.8930255958828
30.2874526113542
34.7383837479489
37.2405076208265
47.7893427375106
37.7454831194737
36.3724388820536
37.3159784114426
45.3113560744537
31.2517361633948
42.4219904073857
34.5407758896876
40.1724935683273
24.0959484018641
42.6727997735195
43.1009720277369
41.0681600194070
42.4644934632451
19.2585581550293
38.5558714153382
30.0672026010137
37.6488571042345
30.3079673569753
48.7289869116260
35.2260354301252
28.6435055096010
31.8774868086651
28.9262740086567
35.9586949956757
32.0824075891949
30.8887611154141
34.1495103940229
46.7627394334956
44.7665316072191
35.8201209824892
36.5829979379038
41.5396058315216
44.1208895749721
47.7426155515964
33.2879198930410
49.0905732022450
34.8226040455505
24.9292216600120
40.3174941761079
33.0649409851019
42.2512136739936
30.6712679956405
39.5843387951531
22.1072202406663
34.5639075181672
32.4498726749790
38.8316584875098
39.5166533102637
36.5635806084758
41.6433801641972
28.1100123323119
33.7865816092238
33.3439324617694
40.5050299816766
35.2668183290933
41.2295321465727
37.3118282916743
42.2834049872816
35.5696393876059
29.5222699903373
44.4661360063246
38.9491774798722
31.4386377136993
20.8553384432501
25.3234076161610
43.3721148952481
36.2033193808025
34.8863062613170
33.5508230958441
39.7611956523782
28.7293023831510
48.7474605813811
33.0178869288426
30.9149978627155
41.8462360175224
43.1133528064314
44.7355481588663
35.9445688067022
22.6991325704355
44.2312800469461
38.4641364748456
42.0602130230089
36.9914911798602
38.4049861322230
46.8243502017696
45.6784085233401
45.3713083248439
38.4813798879134
34.6541929293797
28.4481477701836
35.3395078018113
32.0168426675533
41.2203133205949
33.0482630771425
39.4212838000802
40.8077467447689
33.4769913991954
29.0206808156556
35.1734770426167
38.2918974664915
41.0143777545449
31.8396965672459
40.9091852912169
39.3410713120179
47.0738172999072
41.6748081020697
28.3808303895668
39.6139856099778
43.2093434331952
48.7055391781010
40.3319423358960
28.9183340751463
31.3724350721521
30.3197620619371
40.4399105245225
33.1417333412435
32.0278140509033
47.3699122437754
37.2259258287492
28.0372253973972
32.3094841357690
29.9169172599679
38.4319416633717
44.0597687690924
32.2074698622244
39.7136556672009
30.9499742231056
35.8665519360659
24.2673185362363
40.9682254742716
36.8693444860587
29.6044160737140
32.8970832055131
33.5927974957784
32.5160610788705
37.6815317331339
27.8692296221368
34.1892535568023
34.4749146680475
42.9517510696595
42.2570086611144
34.7310399040482
37.4111674568424
27.9215376087175
26.4878470105054
34.3624377628062
41.0531844858858
34.7312086169463
39.8987268463822
40.4368654586748
32.9551479942172
35.1548462762889
27.5419395352307
37.0395492774360
32.6270556262337
29.9301708822963
37.1053042150849
35.5047967066503
42.8979883409448
50.3688632317354
31.1190112738640
38.4620665618156
32.8590572612182
41.6925933733262
40.2636563199400
40.9926263161324
43.0394565988392
46.6972100524484
33.8271683624549
35.9503312937540
37.4734273280369
37.1294694943309
41.6448991839094
38.2735989076465
27.3575453325349
33.2576865497694
41.2270574882153
25.9931300463785
25.4740438796550
28.8619269241933
36.3790738328688
36.5517395299977
43.7410886148418
35.5867216962367
23.8422111790832
41.5698399819383
46.0520440352820
34.7856927483413
37.3327110276079
35.2627097695533
30.8914527057001
43.4760865891057
38.1615203910111
33.7473110642910
41.4085896286625
38.5275463970233
31.9350873206660
33.3081228559340
45.1914621870706
40.5846319599304
49.4700831994032
42.9002329268891
29.9670046978406
31.9014058490629
16.4283474895294
39.8860088779952
46.7408294715177
39.5195786102581
34.7166923996115
17.3435420165721
35.7660019394595
28.1524817165643
42.9525237663356
46.4436969884941
49.5127493173989
48.9645430330959
30.1438565737076
44.7338832295280
32.9052795737334
34.3593717441186
31.2076374119527
25.2772444834710
34.8127000895466
32.0460337347799
49.0739762200700
36.1296605207799
44.0806312511398
40.3488231770452
40.2910500337032
39.2122987373567
37.5102518415488
37.3685354904984
30.1062642679022
50.8111766428805
31.8288799297538
35.8156512237855
53.4273362496460
41.9646661690701
41.5954112873504
45.0939119509509
44.7800893796835
33.9976709398264
32.9458705138284
42.0876157098414
25.9447905196675
36.8761815142641
35.6574742210052
35.6208600059534
41.2293882421640
33.3676879334779
47.8213987588434
41.8965392717316
45.4520982689592
29.8103975262338
33.1627713930669
25.0719932913608
20.9948638756471
33.5726183412195
41.5885415974601
43.9285353377103
39.8871239089683
28.6251802132746
33.8686370073717
44.1102633604903
40.3057610144097
40.9078903506057
28.6843108372001
37.1391451803164
39.1685346568717
44.6821181703889
28.5619079375582
43.0032496129171
47.1637675207349
41.2611683902151
31.2936666138641
44.4953066333267
38.2605195475636
38.5209122920058
34.3631918125070
47.9667786309727
47.5288837958888
25.0320531173743
29.0453406408213
23.7311160835544
42.3420521219793
32.0057953196221
30.3347125699079
33.3201187286157
37.8421830139926
40.5882784198499
50.8595004169447
32.8284564097495
27.2430857006063
29.4701235854884
43.0600570273756
41.2984551644896
34.1330381447857
41.4290844730552
38.0788079808751
35.6178314768972
42.6295305381501
30.6677035158070
41.6049119020432
28.1766737205631
39.1151307971429
36.5763046832184
31.1172655425951
25.1361770198591
33.1617229526368
38.8194513272603
38.6800741382338
38.4890847015608
40.9411711059765
41.8474465804468
38.5334052957555
37.9080307448079
38.1946939247568
31.0620093204583
35.3701050053460
31.8579566157625
30.2003807234718
46.4510652552152
28.6554157758761
32.4926192392000
37.2719992776980
34.1282127790145
28.4371119456301
40.1157772718615
32.6060572710484
34.0272355639915
38.5837597832308
43.8909717744348
39.1321143495248
33.9573110024550
41.8959128283533
39.2849829572443
32.3449520636029
41.9391380170437
27.6799190272671
38.3454638153622
37.3198474402836
31.7187945740660
31.8755407981473
39.9922812711481
39.5529685000558
42.9693776126995
39.6895945609315
41.4240520792480
30.6865949059099
28.8882705630805
35.3211680969395
45.4157093050308
34.4757317670257
38.6117216860010
28.1622819745988
39.5179761745097
35.8199924723821
32.3645560265395
27.1052676993810
34.7023940787886
42.1755958693096
36.2665864001725
41.7146809739179
45.0994983741317
29.6303863306716
36.8774870082329
24.4899224953475
33.7708390156876
45.2674334937779
44.4039267921773
25.2107726611858
48.1005359377263
29.9516287932578
42.4089255293148
37.0004051043000
26.7432539952929
43.3451078664300
41.0956282397433
26.8077510814095
42.6881515086908
29.2216646572335
33.9069234189180
44.5365274575692
40.8994488226792
46.5272695002314
36.4853555878168
28.6431331674174
30.7685260343050
30.2080083370253
33.7959827577517
36.6721082008230
41.6058404173274
26.3716965937602
48.4473471432650
32.9156755356852
30.3170851570631
33.7943369211236
52.1460314426168
35.2428853564676
34.5980079541059
38.6588902582211
50.9286307531254
36.7586281271999
31.4957287586610
38.9867728248333
32.6576286684749
32.9991528368341
27.0991177862939
36.3551065009228
26.0528242682946
26.6096223815820
26.5282805183402
25.0518983183407
34.6750205225308
34.5274174039480
40.8979808233815
31.5485417603254
43.0489670116516
42.6732522278665
40.9986253860422
42.9874941491149
40.5279305288401
36.7238776092430
43.9463358705624
44.1550066211156
42.0821269259281
34.3384899240879
40.6584686603225
53.6113388733566
26.0624676093615
38.9402589220227
27.3923005521847
25.5196481836670
38.4927333350145
36.1738384986459
45.4905642620115
26.7934359461459
42.0101036105376
37.2243942891133
34.5423406037520
40.4924145162745
41.9575081741710
35.1117028598156
40.3588577389548
47.0467023355810
32.8276164649764
28.0390413669374
36.0736855133030
41.2517778910210
28.9895516773751
42.2167923850424
34.1538281832032
29.8379205975153
27.3745601888961
47.0190347093583
45.3003900184615
40.5348514724307
47.2667287074543
33.4766241614352
32.1686143923441
36.9075434608210
26.5085127203696
26.6943072178751
41.3642389100294
30.0686891863899
35.6243469508980
20.4737203438604
32.6672974684805
39.1692299298775
34.3629441125361
40.6462608976081
25.0877560075386
32.8180254235510
24.2204590832688
36.1108944037002
39.0719723816616
34.1476745472739
34.6532397812867
35.9184862989263
39.5474461629355
33.2235167012256
30.9330996483599
40.5722117377112
44.7777989421958
38.8821426259603
31.9396081564404
44.2170755863702
43.5122410055330
37.0670927683709
24.5611117961544
35.8673421197947
48.3469849742755
39.3571263489087
42.7826674944422
30.6561055985395
30.8945693317041
34.6695363921075
33.2443818441286
38.0309240549928
46.1116347184399
49.4119485783034
46.7238437732370
48.5693557774797
47.5224332250016
34.8743109829403
40.9736790585495
47.2179354877552
48.1047992673110
39.4163684132992
34.5861767651401
29.4430419078096
44.3776419511316
35.8493202936941
25.2258449143797
35.7441196214255
38.3308907768278
43.0045324165645
39.2148022641527
43.1025610239072
35.2730105060960
38.2511755881469
32.4057591572408
27.6510434075041
42.2463406435898
33.9094391925965
29.6354462585957
38.5720431718341
38.9740463531184
39.4408061840664
32.2854494040697
35.3255982398004
39.5143412356879
40.9628102621468
43.7308951581394
38.3828602777737
36.4887867208542
36.3228148932761
20.9735237936628
43.4792379390533
31.4571220073467
47.5710802650985
25.5740179143607
46.3573976194704
43.4040043074537
29.7853288380264
45.5359995122776
40.7851122411819
33.9244912562805
39.4657941789967
23.1816603775492
45.7375140512032
41.1590531549015
33.8232325088698
43.1814998607080
29.0871782686693
37.9653119955421
33.9243336365260
36.6005687938969
36.8609290665796
34.3846170660359
41.3838317573355
37.1702721304729
37.0795589719002
27.8039942831605
36.5284037128076
28.3963533503411
26.7986025744307
25.2439906635909
29.4860844010827
37.9130645657995
28.5050344902165
46.8145969687398
40.7856463600790
26.6546853440718
33.6448540820931
39.4413429940890
39.7163051347589
23.6056061205905
28.1159435839561
50.6794519503197
46.7360094663721
35.8542275649322
26.3420587826729
34.6171868549431
32.5098651762362
37.9282879326451
43.6319737654367
41.3117201036004
35.4783265587072
26.7110668867556
29.1512596007849
47.2611644162606
39.1855688371020
39.9222651516405
30.0141164433896
41.1557466829126
29.2372680081265
29.3331371455405
38.1881531277844
34.8973151251752
32.9888427689729
32.3696654701348
41.9923927330103
45.9504329964435
37.5375958488384
38.0995793636667
33.1633189716805
33.4864064885998
39.6701118125393
47.2477572966210
49.8739336588796
36.8479020549602
25.3162276174221
48.9520987174378
29.6914050056326
42.1562423754420
32.2276765370334
30.6708828104899
37.5543329548952
30.4096212413533
24.5266434273980
32.3265544406700
36.0820359625553
27.5245757661577
35.8129779345731
27.3141079548579
40.9976982185529
43.9140535985024
33.4185440589358
26.7823854216242
40.4553060493079
30.4558552730788
36.4482180266304
39.4383841459171
45.9115884360500
33.1819893888991
34.3222124148802
32.7346584046274
51.8726229808836
43.2593545489258
49.3660508285141
38.6556643034978
26.7044071818697
42.3091112908764
23.3166195237640
34.0038895535686
42.0385509980650
34.5576086501098
37.9392845064165
48.8628008872531
37.5583491844134
35.8672295939437
32.7033086301087
40.3085381331146
36.8628209736917
29.6573403455358
33.9744620091895
40.0651782355629
49.9509736075997
35.4303808371761
45.3760405703967
38.4011492395261
37.7136105466214
42.6710100948869
34.5696211329639
42.0662800686477
50.0494287990639
32.1754079629696
39.2487605294983
29.4779130005749
20.8530671249422
35.9944449537595
45.7095055697853
32.1515586585467
35.5188609199004
19.4573605905870
37.5707221953113
30.6753616757533
21.1725166921321
34.6744004394002
29.8868523771881
30.4728994257618
43.0414347295445
34.9131909900909
40.0767934733502
40.9079554851400
42.5320307699355
38.7818299959388
41.3679995734658
28.3030482021963
37.3102630177379
46.2079899261967
45.4810413084731
33.1495632353688
40.0420591324915
44.3671499549421
41.2400558406605
30.0939408860469
34.6246056144862
34.6492814548213
48.7498748677164
24.3831287568296
29.4640918858926
31.4855061302745
30.5773716005938
45.4996802424067
42.6086071149165
45.4633541728801
36.7376815437780
21.3118033422940
34.7140459713117
26.2843300261240
41.6018848375021
39.5937183418335
39.2718329944681
38.8753795644080
42.0609760262413
40.7260413901674
36.7551197100132
32.0885523436330
34.2530534430153
18.0586359157577
36.4960489725537
40.6308273795926
42.3616075005084
25.1092422828297
45.2533244508716
51.4940495446087
40.3478746808978
38.2115236192389
29.9871693175106
36.4934962074136
39.2196540607430
33.9571096821377
40.6337552262011
30.5232382312098
42.7680138904605
43.7067461019791
36.0326796931155
37.9059084059309
41.3881236104323
33.8256437368946
33.1157041986859
31.2175206400566
38.3636239248870
37.8083241763839
40.1059229400671
30.8722732292856
44.1128208946524
26.1034463515929
41.6626231030261
23.3487244504628
35.2642808249242
38.7501352331336
42.3033800458010
46.8073509913124
21.7486624507791
36.9727359111587
31.7170767370309
38.9565296356663
37.4203597007896
38.9362818545658
26.1646829737209
43.3551197617253
46.8203988353325
44.8722896612115
24.7891156097793
45.3311954069664
31.6587697360161
46.8678594672129
14.8146175369609
33.8956121854326
33.3106672396571
42.9395379070244
33.2290931783817
39.4927305711345
40.6482428257572
32.9498921056171
49.8968829430567
47.9668796021311
46.1778614590081
29.3298609374757
22.7916043123383
34.6330565821279
38.6742722772533
26.2932803607526
23.0965765620353
38.6989872001780
40.1267093155030
38.7122714826431
44.5212327161675
42.7467666294079
29.7851584589448
41.0707357062784
34.4731184356913
45.5649231366296
32.3234557311684
42.7531709131426
29.3400476622490
34.5464261172900
30.3995679113844
36.5655486413335
26.2757364937206
25.2811267107899
33.3022289258649
44.2013731161753
43.0720423800666
32.3901326691761
33.6785039524386
42.6026866432663
43.0487231334880
54.5277668907171
28.6066309915674
35.9173313622126
32.6327896966257
44.8002352879072
35.3552146255093
40.2674452587951
32.2062878957995
47.3505220544894
35.3018717088116
38.1050998051675
37.4863602453439
41.4282911171622
42.8180438236903
29.9501614582476
20.5706944519939
48.9927095026913
36.8404158434538
40.4564778806193
41.5035495744130
41.1614780006754
32.8791805477093
29.3371228295361
39.8122672557349
31.6028336200765
28.3232100650826
42.7515847405888
24.5548340991816
34.3593053175329
39.4685994885392
45.6258544303568
32.4778310778133
39.3028062234467
44.6003168553719
49.6277063146995
35.7570952910167
37.8017302400023
28.6838591397897
19.7055839759178
32.8914503353145
29.3804289041218
41.3820568004727
39.1398115236821
34.0895259260891
29.2110837509796
31.6116905568725
32.8421168978356
33.5193265766702
39.0854351202688
30.6724479931237
41.2594887244914
44.8242570972682
46.3940278711747
34.4291893090225
46.4553935496317
36.1952553424065
32.9017182960123
50.8206889377218
35.3212241297924
24.1855042167490
42.4070488412267
31.7070600220084
38.4934364884761
54.7811810508393
34.2219113888102
40.8774571014716
35.5553988310925
39.8659897904217
51.4234068915334
36.0794890426701
28.6358950683623
49.3245148071425
32.8818557368151
46.2637392111780
32.9714047898781
27.0697541469367
35.6087396157655
36.4504055738401
33.5729610765134
29.5998298246790
38.4062514553022
37.1506547760255
49.6782072884009
45.0741749393315
36.2827947273222
38.2657530633947
38.5266502059116
58.7096156792086
38.7659390099267
43.0809687902067
37.6367027616130
53.4224774312651
30.7411479957840
40.1953095769613
31.2114884328702
44.6091528488613
44.0516262089241
27.9364288857437
39.1218046296614
26.4713046147075
29.6190871604198
35.4801239299483
43.4117886736103
39.9370914129484
42.6764592962090
47.2244708910388
43.4958549541057
40.1147858772116
51.6811394841863
37.1427490873359
42.4889048987129
27.9154291598214
32.6817985923204
46.2644098882635
37.9914281455365
32.8514936055751
32.6427250012482
46.3316095454142
33.4397880761738
45.6695924359586
27.3275627976874
28.9197173706458
54.5804241974784
35.8475980523225
27.7018615607193
45.9592070105334
38.4290756383519
43.8312228925725
38.9734936304298
47.3515462489567
33.0562683437135
33.4427367384372
29.9001842515145
36.6770076135087
38.3325466394805
26.9091208715583
36.2522442323096
38.3053068056584
28.9392605534160
48.4602058639744
38.5873684990930
28.0518565859665
24.4972600059041
36.7244336283103
43.3272161916067
39.2212077029625
28.1225404872911
34.9023722314465
24.1674248716476
41.3090029146864
33.6058060071719
32.1037003257838
41.1698542203547
34.1358832196554
48.3624969992102
26.7502482364259
39.3500093648396
35.9176315733835
26.9456398757051
37.0478905269647
30.9030640882144
28.7312508378453
31.1679565239962
32.0422808440411
17.1477945396162
35.3653032754923
29.4060974417205
37.7864748661694
29.1934198853945
32.0468742950354
24.0389850880164
41.5316434305527
37.5697326835768
51.5175787828797
31.1414327243588
38.8520290655890
30.2615038982768
47.8209193412549
33.0713587403945
41.8091551150110
37.0025761566380
44.0478265264394
41.2467273573431
33.6217041944092
42.6936678543900
34.1659987514201
33.9145233865910
33.0089786689952
42.8658117755332
45.6367837739343
32.4641662859259
39.0997302674965
48.0345708163876
32.8803214690751
43.0025174411845
45.9852142978803
33.2272411405102
26.2161922964091
35.3954835782142
34.7595084290702
34.9243666310592
35.9049299776327
38.1967494694757
25.5036520921173
34.3369974400450
38.4215827473869
34.3399522971602
42.1687347286087
32.3956096233827
33.8978633809668
43.9701477752434
32.5662096215099
42.3233392384956
41.5999698393665
44.3774981654235
38.9625482237720
34.8241285002491
37.2852208205336
36.0821105677718
37.1641659373249
43.7780578160687
40.6682492842779
32.0632764175023
37.3783866042311
32.8793267227850
35.6649685581096
39.8699021941867
43.2986675780937
30.7822151557047
41.2596512486341
20.8813158220796
36.2121762466983
38.7123602085136
30.0695910589909
21.4751200749320
36.1763701229778
27.0509778471806
37.7527487752360
38.9432871963204
36.1283890187356
40.3014656975362
27.3514948482776
36.5251655928887
35.2185803489208
41.2261612384044
42.1761616873109
44.1493352884085
38.0358742407690
37.4468852029875
48.7411609092310
39.6747874031472
37.2692103165390
24.4765196902423
35.3755605154440
29.7161543344759
39.8480289624452
24.6115445889719
39.7181690692374
39.8525921311910
35.3440457899229
47.2384097797935
39.7553341969008
31.4373216473033
35.0142503842950
37.8395329200940
39.3576006011396
29.8632487016762
35.8093165501291
46.0270037502677
46.7574020910603
36.1290282135286
39.3010932370102
45.6264074871744
35.4684909208130
30.4329909191554
37.4543473081387
34.8793608055385
40.6935679225574
42.0301799367243
34.4350263694931
33.3516836253340
46.4359102263931
36.7387638280721
41.7900420994794
38.8471178177844
24.4172712743099
38.0341981089013
34.8794101028341
33.9827791487778
32.4053972504248
33.9507214692800
43.3203205157436
38.4004165132877
37.8629912223552
33.2891114541707
37.0480082880908
38.3885541822565
40.2148454047122
45.9443081001001
42.4463645839401
28.5432864413977
30.4049765698015
30.3772690797802
25.8471476652101
38.6853871816703
29.0951398432584
39.9053588924725
38.9686307289788
33.7421379323275
25.2996035300886
35.0746458387855
29.8494936509218
36.8287656552208
33.3748212705971
31.5601103097858
26.2035125892951
43.4077024410628
34.6260247683001
26.0792857461583
36.5310166887896
39.2367994537197
21.3180327301166
33.0037578002082
40.0149459300146
37.0894793444439
32.9557207912998
41.6847848250837
38.4785927974865
37.7294268439746
41.9647845708289
42.5913696791931
15.1315899486157
29.4081134848892
27.3369587929353
39.9162060468259
37.8452021428816
41.4749658443341
27.9933523921580
43.0120919178370
36.5135595663779
37.8077215753977
34.9983135185015
37.1513606360695
30.8788590618380
26.0712707119102
41.4005149537762
27.5591010117534
42.9386784423490
30.9717419432017
38.6702173779724
30.7445855894481
28.2126424287693
45.1298937037128
42.2648559654080
38.1787050953714
47.1237762764088
35.0475392031338
28.1103586784227
32.4299025420608
37.5313389579751
33.0213725486483
39.6983170701980
26.7681459321812
36.4004852944710
23.3981179126098
36.3171913737510
26.7364528522982
32.1087930262237
31.0181336369039
21.4067482344166
29.6360550230970
37.4338776889280
44.3011922853679
26.0288305349096
35.9213881919076
35.0495841243317
35.8993698901102
44.6029074623306
36.7608707114831
38.6527750437128
43.1671180297480
35.9613226151263
27.3250349002587
47.3051821752101
48.6296880659659
38.5170254878458
34.5854499235450
28.0672253917325
40.7459782180448
42.0093308933928
31.7737374088705
32.9355365476803
26.1958888423765
33.8839752988347
35.9545011896257
34.7027989631374
45.1890423289329
41.8391002533228
31.9130329882249
27.4441331052641
29.5757474664496
36.6604985611198
35.1945302134497
45.7286540266809
47.5657944582900
36.0341401860563
37.4304493800576
36.3301085898454
38.8563175146091
40.0220690360559
36.6438546484741
38.4349135220789
42.3921948963767
40.2057739061440
35.5997170130657
40.8295925001999
40.8699765500077
22.0307996997593
45.9851444481598
50.4843387002293
41.1134119890647
32.1665122774105
36.6147193746393
40.0262377778649
25.9249398838992
48.4416499377087
35.2474817692099
35.0015782494386
37.0870083057203
48.0055660071060
30.8398812620337
40.3365877851538
32.3815259099040
39.2402335441039
24.2728536321068
39.4995237066910
52.0512477534223
23.8288436736403
27.6645432238596
39.2579880399893
29.3893121431293
45.4482655589956
37.0027337863473
37.9207194031487
32.9638649382623
38.7120286901319
30.7166166097795
48.4749893188956
45.3058929509653
35.0586486419381
43.1314378312067
31.0371464620456
40.1306902140564
36.5832904229460
38.6667192133926
36.6602415804552
35.2837406180815
35.2176253626090
45.2834497902752
20.5643074516452
41.6682196258094
38.0887067229973
50.3471564141061
29.6603515499314
38.1050687308964
37.0804786796424
35.6303280727126
37.3416290946900
47.8726867829792
35.1049117109453
32.2698692781978
33.1580061379489
41.0976322400039
42.6938868836251
31.6699798912779
47.6933210556682
34.5373242854561
27.2240157633915
34.9898808638647
36.0080320756451
34.7675669523501
22.0051206880062
26.0962486163517
31.8992292410378
44.1327769190641
22.7954885474698
48.9665011131140
36.1265453118850
43.8674933231780
36.3784527187611
37.0758547103259
36.2341647468674
21.9083612623868
43.2187680422172
30.3206620891678
42.9642946332664
32.2541545406329
40.7283468636629
34.4528363600095
43.9656491618087
39.0554258158525
27.6048799735519
37.4923362307206
41.1555887466278
39.6890186940731
20.8279273200171
37.7831771004815
38.6635271521841
44.7003970384734
26.8456360424122
39.8481886266748
50.6232614556917
43.8815803536110
33.8558242061752
47.7401662292514
26.4427106411129
35.8953202319319
41.7231799817107
41.6769207704122
47.3764719547878
26.8637739096958
30.1107347757765
30.8024649031669
46.5626292344092
41.1963643981474
30.2100738566294
43.0120247190004
16.8739977009711
25.0112196929369
36.8541384017246
34.2703429983518
38.2984610357748
44.8488278735680
38.6551871068114
51.1587798323843
44.7237483208246
49.2358203143839
30.9918500975554
30.8749998202840
32.1632321046941
36.0760430956080
46.5692161406942
35.9278026462639
47.8356068901566
38.8319995056441
43.4159790252314
36.6222825529530
32.7118524184842
53.6072905484526
26.8373713208521
40.1881978799504
49.1574943639311
34.4817422658765
45.7372418363231
35.2669464329227
51.6637427688999
30.9468818420136
58.1314907107639
37.6932640928306
32.6846207920794
40.7421760292133
28.0446527229914
40.3421302608371
49.9444040033095
47.5196290581411
37.0967392696266
41.6385249665261
42.1877356605794
35.6426027326199
37.0932536610438
33.9362553404795
41.2386106540444
43.8082629671686
46.1275851271306
46.1780706153309
35.3510411205249
46.6899132482845
40.4935207590889
32.5524438469985
40.7697554014238
36.2643536969439
38.3121202447020
42.2993015404549
28.7011005899705
37.1930139500388
45.9445244694515
31.5178510810244
40.1970571634584
40.2442649474326
36.9074065379611
35.6773252843275
52.7012348225230
28.5901458336975
23.4348740336174
31.3207832345432
42.5443958036061
42.4464105857397
38.1396145194042
37.4435115905600
26.0948481384993
38.2110694723421
41.2393665196097
42.1409993374473
26.7443404869804
42.2560925499853
45.6527717103987
43.0429106230172
41.3033910208321
53.3494479080637
41.2725790737733
39.3833812710155
36.4488986152195
42.4693015357952
40.0324389316815
38.8632176482380
36.1585580508256
34.0736772828548
48.4159497423705
37.8167714175882
52.3339205543520
35.7964399409814
32.4061634434804
33.6457615400673
35.7296918543657
34.8777678190143
34.4893033797350
45.6569531392654
42.0289196184289
29.5817548721675
41.9080145077475
35.9477330970411
35.0691674058726
33.8834342661729
35.1481897425733
30.7291307313156
28.4889093550736
36.1254876807953
49.5884364661869
30.4620369824371
43.9750078485782
38.0157018780378
23.6960240727155
26.0674619159133
37.7753746245106
38.6281719555425
41.3864128213242
41.5508985950523
35.6040971097287
23.5878742780618
35.8246201521882
29.1802530506679
35.1442454364537
42.9440559974952
37.7208535753711
31.9914382222757
33.2237759038467
23.8480414170945
40.0325554969350
26.2205283703640
41.2267340524287
32.2455624342973
































































































































































































































































































































































































































































































































































































































































































































































































































































































































































































































































































































































































































































































































































































































































































































































































































































































































































































































































































































































































































































































































































































































































































































































































































































































































































































































































































































































































































































































































































































































































































































































































































































































































































































































































































































































































































































































































































































































































































































































































































































































































































































































































































































































































































































































































































































































































































































































































































































































































































































































































































































































































































































































































































































































































































































































































































































































































































































































































































































































































































































































































































































































































































































































































































































































































































































































































































































































































































































































































































































































































































































































































































































































































































































































































































































































































































































































































































































































































































































































































































































































































































































































































































































































































































































































































































































































































































































































































































































































































































































































































































































































































































































































































































































































































































































































































































































































































































































































































































































































































































































































































































































































































































































































































































































































































































































































































































































































































































































































































































































































































































































































































































































































































































































































































































































































































































































































































































































































































































































































































































































































































































































































































































































































































































































































































































































































































































































































































































































































































































































































































































































































































































































































































































































































































































































































































































































































































































































































































































































































































































































































































































































































































































































































































































































































































































































































































































































































































































































































































































































































































































































































































































































































































































































































































































































































































































































































































































































































































































































































































































































































































































































































































































































































































































































































































































































































































































































































































































































































































































































































































































































































































































































































































































































































































































































































































































































































































































































































































































































































































































































































































































































































































































































































































































































































































































































































































































































































































































































































































































































































































































































































































































































































































































































































































































































































































































































































































































































































































































































































































































































































































































































































































































































































































































































































































































































































































































































































































































































































































































































































































































































































































































































































































































































































































































































































































































































































































































































































































































































































































































































































































































































































































































































































































































































































































































































































































































































































































































































































































































































































































































































































































































































































































































































































































































































































































































































































































































































































































































































































































































































































































































































































































































































































































































































































































































































































































































































































































































































































































































































































































































































































































































































































































































































































































































































































































































































































































































































































































































































































































































































































































































































































































































































































































































































































































































































































































































































































































































































































































































































































































































































































































































































































































































































































































































































































































































































































































































































































































































































































































































































































































































































































































































































































































































































































































































































































































































































































































































































































































































































































































































































































































































































































































































































































































































































































































































































































































































































































































































































































































































































































































































































































































































































































































































































































































































































































































































































































































































































































































































































































































































































































































































































































































































































































































































































































































































































































































































































































































































































































































































































































































































































































































































































































































































































































































































































































































































































































































































































































































































































































































































































































































































































































































































































































































































































































































































































































































































































































































































































































































































































































































































































































































































































































































































































































































































































































































































































































































































































































































































































































































































































































































































































































































































































































































































































































































































































































































































































































































































































































































































































































































































































































































































































































































































































































































































































































































































































































































































































































































































































































































































































































































































































































































































































































































































































































































































































































































































































































































































































































































































































































































































































































































































































































































































































































































































































































































































































































































































































































































































































































































































































































































































































































































































































































































































































































































































































































































































































































































































































































































































































































































































































































































































































































































































































































































































































































































































































































































































































































































































































































































































































































































































































































































































































































































































































































































































































































































































































































































































































































































































































































































































































































































































































































































































































































































































































































































































































































































































































































































































































































































































































































































































































































































































































































































































































































































































































































































































































































































































































































































































































































































































































































































































































































































































































































































































































































































































































































































































































































































































































































































































































































































































































































































































































































































































































































































































































































































































































































































































































































































































































































































































































































































































































































































































































































































































































































































































































































































































































































































































































































































































































































































































































































































































































































































































































































































































































































































































































































































































































































































































































































































































































































































































































































































































































































































































































































































































































































































































































































































































































































































































































































































































































































































































































































































































































































































































































































































































































































































































































































































































































































































































































































































































































































































































































































































































































































































































































































































































































































































































































































































































































































































































































































































































































































































































































































































































































































































































































































































































































































































































































































































































































































































































































































































































































































































































