12.4372492416933
16.8024405621981
19.2203359155583
7.94065597479201
9.77818231421363
14.5702215537754
9.61273585874490
9.24849430448005
21.5743135594252
10.7065110568289
29.8191713275621
13.3359972564822
9.10096382643069
4.73310627834406
31.5232516649259
2.59145316880317
19.8473404772050
17.6936379124503
11.8128664849596
11.5243478574712
21.8665791933718
19.0665445356520
14.2743003946954
20.7091477131267
10.9374221335011
11.5375038327187
30.4924798474460
14.9943175479913
28.6225614524906
15.3703575163364
18.7435372231251
16.9895306789211
8.59432198256500
30.9832132989785
13.0103920851756
18.7273214238155
21.0267611294369
14.2385681532554
17.8373096112867
21.1408122491568
17.8677447962551
9.50517433085790
18.5173895696883
3.89258453215855
5.69752388190695
24.1021033899201
21.8587195115839
17.4957459675202
15.6844435407572
19.4815141289403
10.8227062909514
22.1248794505190
29.8061929353348
3.86795865153701
26.7850639225017
17.1187853546360
16.1712432654388
13.2994045163684
14.6132907460982
15.0953285709222
10.4370588559278
10.7313042124245
3.37760915737745
20.8152010208886
15.1014073035463
9.94498445750922
13.1071097111453
17.2649212445925
11.6487796722446
12.5703865148849
31.5448432061407
21.1939595946581
7.25406420498854
14.6518634081130
17.4674719896841
8.91596287004382
17.8921989556902
15.3683803678201
10.9772373952147
5.56819365536078
15.2373369160920
21.4377428647444
17.8100246889245
12.6486020293946
8.44089732901070
21.9047486347048
14.2267273239491
9.10230416005200
21.2436136406780
16.5700981426212
6.23162394725485
11.9448191084514
20.6954801529730
10.7519031734056
1.77377207385842
19.7453896971546
4.71066983512961
11.9035927462930
3.22745243281586
9.65231883487072
8.62208195925439
3.90119369262037
24.8208754866866
7.50804922333358
16.4886534066187
11.7791999195361
10.3892059013189
13.7432805330460
12.2969878437770
17.3924378330037
23.7131609642430
9.91379571672223
17.0042647711802
10.8592561725009
20.4365762350473
10.6003666467769
22.6068611433012
9.42543831235450
12.3718987859585
8.13475403070062
15.4888550193357
4.54927204066760
9.80059071826285
25.9775077035812
16.0869926207480
13.7406863049018
11.8453554882114
8.35462624971938
21.8780372670036
14.6760403361261
14.2636861154472
19.0269238635676
24.7998012707784
16.1126970646878
13.4543835287166
25.2174131895006
21.1681619842749
20.7845404587159
13.8644599754192
14.3223821670838
5.01367672272555
0.865921262240394
17.1828899993569
11.5848790239691
10.9489002390527
30.4930530950510
20.3773195725665
22.9072070302252
13.6755373155463
9.33108243611640
13.3907006519450
11.1529017096595
19.4315002290328
11.3373822026957
10.6585390593775
9.50485470656211
18.0403308446880
20.4270453419872
19.2355059652716
25.0874329677231
5.35701697255105
19.8910972118182
13.6930787895345
19.8670230697027
11.2289384511627
4.96507820381513
26.7913201170528
16.1715587366370
17.1789589127397
26.6304499423506
13.0606143506996
12.8127307474958
4.46262789320373
17.2138106085492
16.2111398415688
17.7255040570247
20.8039131588002
25.4798323748411
15.0018637368828
17.8581189440602
15.7946307130778
17.5661272361668
19.3931023667721
15.6650162862986
14.0102237012833
14.7586015072567
16.0581541990479
24.4887278725968
16.0303073111528
22.4442923998263
5.46845364979900
17.5577962495297
27.1826673486249
11.8157946659715
15.3983308848878
23.2074952590752
11.7755763587181
16.9904983986021
12.4127572631796
15.5824438777042
12.4541652325798
17.5916744323103
4.66594672830713
8.15010075778821
22.9454214101289
14.5943381506528
7.89729261266164
12.7724928571746
13.3146264649670
17.0742312428291
15.9697950738261
10.2486571105682
20.2777310586293
14.6832506783239
7.93119220956093
16.6155526077949
23.8472800318485
17.0505162895116
10.4718000937566
23.3382000034814
23.9415739896106
8.48502076956798
21.1670700773253
17.4517700781325
13.1413682563879
7.99709693699414
18.4773623431484
20.0037195915760
5.56307926422049
15.0155475577816
20.4857571412433
22.6901683837053
15.0610770229091
12.2696085715886
16.5017352940865
27.3550208251099
18.8728661659246
16.3967000483923
4.45323300311133
8.69570085744099
21.8002117794759
21.0250670058385
27.5699791611891
16.8547722693011
15.7328523968160
17.0506252383894
9.25047780563253
10.8139981963194
7.51718679584325
12.3676849963160
16.0261263046346
24.1065721150084
16.6748583231642
9.12617262602456
29.8124003149696
20.1123576964512
15.0533948652787
16.1387232201590
20.2289851548144
13.8904976062199
21.5903766979388
15.9662148624056
21.7175529507815
10.3241897690122
41.3879485150074
17.6753345241328
20.5533396500924
21.8796204039284
13.7543434905051
10.9100059440864
13.2326763776796
8.97442989166493
8.84501412717922
19.6827448547935
20.2745851888516
24.1146173598608
17.2011129642823
14.1300473050624
25.7072602278053
8.48740627973588
11.3976612807190
8.55864437192456
25.0528975603622
13.9183612332631
10.1027926876681
20.8014040934741
8.76167142713078
27.1413552787329
23.7387812882212
9.69542324964207
13.9625475737775
19.6008918128742
17.0240702139647
14.7797245999376
11.6845769756376
7.15591227034681
13.7209575037604
23.7563031187515
5.61300496640614
14.4226368848592
17.6115071245365
15.3490042896078
9.08104939359433
20.0107445154472
11.5218302096499
8.01838787959276
10.2618225787674
17.1558476598972
25.6119568607789
16.2950779375982
9.81757275736218
14.8600532438481
14.4260184132698
12.1157335667305
18.5381702341304
24.7564451648455
15.9284572609559
4.78694137106357
23.6972100207788
10.1419155690629
7.77632886714547
6.92209034468635
11.0031679828538
15.5066083853433
7.06030097863399
15.9883025545960
20.5282025666740
22.8779976352149
36.6946992002605
22.5249100848372
31.0344564390566
7.36117207011499
17.6170488365560
8.59822782287722
12.7845053580496
9.56132877062598
21.8901004358134
9.05558470834435
11.1868606563951
8.73951742260406
17.8417459732197
19.8972491108218
12.5799282628360
10.2742410123571
13.6190878511778
20.3734767612207
9.94933640605744
12.0102276223226
11.8013348355175
28.3755571215390
19.8925026720722
4.37755306964976
19.0332857913078
24.2831832873369
15.3330572704859
25.0866339941193
18.0381565173385
28.2396948492649
17.6368959560944
20.2500955841201
17.4314060702056
9.91175021376144
17.8217274396283
7.77714369634508
13.9965429848874
18.3726463538081
10.0845627584938
14.3262312030904
16.0064045577044
17.6241145126245
25.0779792908540
13.1117124209617
20.7311726520716
23.0022654377107
18.9513863725612
25.7858693679310
16.5360036637333
11.7437696861668
9.22445565553328
18.8216440571062
23.2564731732823
11.0621116810173
18.9238014723269
12.5580637719714
22.7765255734696
9.69713417923048
13.3388287719312
25.3616058001066
13.5182203536560
10.5950684315865
35.4143899366934
17.8556556595786
17.9941866329101
10.6828596142793
24.8297300108157
14.2707588876696
11.2991388583378
7.36469384265904
12.5157791036055
14.5917891312203
12.4807101496710
11.0569865344270
8.86608183415876
18.0918764277672
27.0574699030804
3.11223167725348
16.7199108134583
14.2736503277893
6.01436287397094
15.2817570354328
22.1890276679714
21.0232170252319
13.5504221270372
25.2848045754758
16.7325429549725
18.9869977451465
12.0898212137318
10.6599818527050
21.0486807175082
5.49907091607300
14.3160704147088
7.80130759319232
16.0966911689950
22.3484860013917
21.6389220722752
16.4505510119752
19.6787835151428
11.9416124881929
21.3048222132925
15.2841302975112
18.8959966252114
10.0772765069189
11.0883202667717
15.1003011748111
17.3831725149036
8.47956892996926
20.8931177582859
17.4039776278814
13.4146411136638
7.14566385295306
17.4447545010069
11.0309142055407
7.98142641277235
27.3537235383046
22.0755360080814
32.1164116205716
15.1824386822407
21.0114521124862
16.5671162642296
14.2004595420888
11.7354522388360
19.9552274186490
19.1997450700934
9.58474515496369
17.4859066342012
13.6411285273030
26.0066246025892
13.6635319478530
25.6292261636769
12.6161542291025
2.30217112013855
15.7926658955985
10.7347892720863
26.3116349693021
18.6702392088770
6.79733817005598
24.8053109460454
9.20588283925013
11.1727500268510
14.2807374112824
11.1667038409953
18.9715702693399
18.8820272464627
18.7115231680828
9.53897348827430
18.4012235978589
17.1979353882959
5.44574641209371
13.6119892374333
11.4725068515996
4.38526617464664
9.04792542105647
32.9897677626639
16.2593635454313
20.1570705016875
8.53996877921693
11.5395386298586
10.6701105510908
19.9624140458412
25.8266577838654
11.3203502901147
9.82848566667317
19.3846184164249
11.4400625326088
11.8222054752910
11.3831089064499
10.9748765022664
9.20981849223968
15.4167742452823
9.45063654734960
7.71595226916289
15.5008440391329
17.0190989628299
19.2323803276688
24.6852414040779
12.5238752718518
13.0068860431696
10.0100518730974
20.5270477983294
8.01410165516385
33.2129827111387
14.7514465778784
12.1932357920283
8.72187443360657
18.1761801288447
5.08359402424112
15.1668197811209
13.0306804994981
10.1574362065435
11.3763262328859
17.4027721716972
18.0343702453094
12.1842534487633
18.1008475904334
7.54080362850008
14.5806643967276
23.0540538656524
26.7850836313721
24.8933473484383
11.8820820671295
10.5017671721906
19.3804791999579
10.4469079620910
24.7520037019228
10.8914750415176
19.5422819708651
7.60997089571307
19.9225677053637
9.52737019659150
10.3201938993412
24.1094952642647
4.88186010246095
20.5974098625070
4.98734755155483
10.9488342677246
24.1047193686216
25.7151615253531
16.7725304630399
13.3461904169321
9.58364505225961
13.7138024517892
9.00094371330029
14.7439739228778
12.9775419852914
21.2290494544245
13.7943386492496
25.5927521921003
6.59742289068156
17.5488387801273
22.4998138489855
14.3689647216631
5.83316552777306
12.4139166061360
17.4874775269648
17.5496883452043
11.6076091849269
8.50664350260430
7.32747954601125
5.82879863809002
6.69459810017002
28.4900741381977
9.72801423578317
22.6354085472297
11.9158189298932
4.17621972094381
13.9480221920529
19.5700319663025
13.1223756496299
16.4239669169784
9.80755735228706
17.0526866860939
19.5172302642306
20.3937527710718
21.1461019950746
11.6355544418820
28.8684804404388
18.7535335800590
10.7319982719902
26.5723711077879
8.59512400666797
10.4757668196653
14.8190598416675
15.6092924495122
13.2976508544028
5.49426799537482
8.67254878139063
17.7607483200230
16.9300250721137
9.77647114423707
10.3631684277348
11.0550340130684
5.71584418592529
25.0513394170871
13.2129946747284
15.9503544242753
19.6826672759606
8.41892463560519
21.6275400616899
16.1476050246747
12.8169320334665
15.0140452867207
12.7484772672229
20.0824625452782
24.1705859792434
32.9076346339326
9.78122550366773
10.4727591574236
10.7150590940974
14.4118619511845
15.8163781675831
20.8814913828012
10.2728492864297
12.8057862098957
25.7655647936718
8.93976956078846
15.3243253399815
6.98478999300623
11.0309314090742
9.27867324123444
5.79934044033457
20.5735064631676
15.9839807825397
19.9925946646777
9.97810261662006
16.9632661858765
21.3340613529937
22.0317545176780
21.7219014252896
26.2495045164690
11.0716586855809
16.3822936402111
18.3702203054628
15.4362701395123
14.7524733605623
11.7076050940404
27.1259531933976
15.1125883946596
15.9396711744314
12.1893340880665
11.6784877399002
13.0057326687119
12.1231724859007
8.75505187516899
11.3774422740790
13.2889120308688
15.1613058249117
24.0330053983059
6.08666489595903
14.6376197418296
14.3851871597140
15.2674713917531
30.4963372879187
17.3211119630496
13.9712324814241
4.61987338922832
10.8493556186531
15.3374304906741
16.4022114706129
14.3630683791888
17.1399814872829
5.87643205053032
21.0077628500133
15.8863756609901
17.5098869116337
8.91663502802487
20.9652994095005
14.5045286245917
22.0989974764128
19.6127826569816
17.9072030916081
16.7623000362987
18.7719036174411
13.8875857778863
11.1218812021348
19.5647835750871
3.04867633080325
20.6800927818736
13.0467970266010
16.2248531417082
19.1858884925875
8.23098276756791
11.7186201836394
29.9722216812051
5.33354631460158
17.3427585149797
23.4135160115904
16.9334920595871
13.9418114275872
32.5745373077132
20.0644193222590
17.7360665143261
5.56939552649118
15.5565569718112
10.6703096473345
22.7425790417446
17.6041262328183
19.8657563528093
29.6140411268185
4.77655054030626
13.7933769626586
13.6254655736969
9.53777875346247
5.10646551666610
9.08097363480921
20.6010550198527
21.3793699226614
16.8596864890662
18.6003954200469
23.1615407669832
15.6038239951320
20.9183427414793
12.7985253916129
22.8017357899700
21.5224639802138
14.2847507790651
12.8230949312715
14.6569615874301
11.8855639617984
17.5884640850786
11.8348595135895
31.6289771668971
15.8673321152518
8.63825179865116
13.0197480977936
13.6303915660886
31.1409162126509
16.7678394744970
6.38894744609000
3.16587477010699
12.6733809571243
3.33640032669942
16.2666743893766
28.2752981985619
26.7544641325985
18.1033406906046
16.2332937521164
14.3583231360657
10.6403761741773
9.90875676863652
21.2568705647939
10.2428587451160
22.2499609843276
9.74943574467774
11.4698337398587
31.5599191517041
14.4298568780151
13.0383406984938
10.5086132850581
10.8182407688866
10.8034327081720
22.8680558480602
6.44226341979277
17.0316116891503
19.0739999661057
27.7002247903013
10.2070120123374
20.6056915132068
13.6643080860320
15.5444837960673
3.19605015448757
12.3255233310558
9.79739965282911
10.3746804120671
26.8931875430419
18.4018631939812
30.2608804103582
14.4623172742130
8.14740305916978
25.3902645994109
15.5269193365361
19.1179328475825
11.4303230065515
23.0908904212137
15.8484037321523
16.0971798269138
13.7768001172261
10.9544012918142
22.2231387296089
27.3350341778184
18.8646004654326
13.5942988863291
25.8094750640148
16.1901146858199
9.19848337770961
7.35907902635241
9.10092420902454
21.8574877296660
17.2274236646110
4.72111065866921
17.1503144202344
8.36226441237659
17.5629645401225
10.1744612658361
13.6942382193717
16.9772613109418
13.7255063511551
8.91973736814039
15.1118170429634
26.0020435337686
17.9125193209582
9.99537448564730
15.2103620801742
8.51040228250110
19.2688186754897
18.0803500099694
25.9233213562614
4.53105653406576
17.5253421270456
26.7158333195167
17.2743975858060
6.77325825147875
15.3249779738830
8.37445579903554
13.6351807101725
19.3579753281406
17.0034779311175
22.9964516887802
23.4698557984833
23.4544567903522
16.0765751744456
20.1358140901811
13.7054342241353
28.8282156862856
14.4068454958380
10.0429627598682
16.5088782191644
14.0128532876071
11.7128386930752
16.6766740243779
15.2275725686959
17.5866163203557
27.8157641507401
17.1401730104148
18.7307787116927
11.5686160534443
22.8497577715301
15.9829492053626
7.74565724648335
6.01843930935587
31.2008876448486
16.6731310718773
12.3967351937678
22.2622487337510
20.1056450712232
7.18389878729510
26.0041173714856
23.2747924830706
19.0228277099489
20.9092599517669
16.4472755592682
12.2025129013495
8.74713471086390
5.82674371974605
11.9645946910081
8.90249951074978
6.32360402009012
7.23364499664840
18.6294671177143
12.1984835262831
18.2937812771494
23.0383904413915
12.7382129744482
13.9377697677928
21.7727990550136
17.1409233509342
19.6359333727328
18.7274679930423
15.6407863953223
15.0259085984841
14.9176584842428
21.1289317628909
14.9065307707144
11.7188175475173
10.0691305180863
18.4911808606590
19.8370282436559
8.68275661632871
21.2077731020963
11.6550227756105
7.08306968764250
26.3724428231895
34.2549519314945
20.8307335775771
11.6767127461842
22.5670984034279
13.8256891681247
23.2722511263952
17.0930935613189
17.6605385421170
16.7589096653362
12.2741791873478
21.7495975693368
23.0483826096518
15.3113527090065
10.5782374480224
19.2727216673852
18.8445330921199
14.7093068912169
7.23424019420983
20.3445855190023
19.7053398219467
18.5979192340864
10.8734113239406
14.4960393959868
14.1733994588454
17.1311258923049
14.6300455805852
11.1148914056054
21.3035430201102
11.2072199233351
17.4134887206947
20.7692637700064
15.4084338496811
26.3816041200095
17.8050599414885
19.2149449627367
15.5328381160817
13.2813561986815
24.0470090909036
13.8851000510550
26.6902090078393
11.4657062864352
8.49795667743723
11.2376276717998
7.47436478520610
11.8916957007821
20.6059636983690
9.19181233955524
15.5018433157609
3.43215188132752
19.9079562524233
13.5655847831931
8.85318815691274
25.7099817719196
14.9964183575046
16.7101087903819
19.8827580674815
24.8212571371073
10.7981377443198
8.65909693983154
11.1600609963566
10.2213140588674
14.2163439331707
11.6091078927409
18.9387819359535
12.3283796327052
26.3246423035167
19.1083095683527
24.3620854954989
24.0012698676987
12.1280961688511
12.3617549111605
11.9443940473722
24.4070352552804
20.9010397410559
13.1141393383249
28.8487341997877
8.36707533995003
9.77477195712560
22.6669567899575
1.91959047028266
11.1048112001240
16.0096246576864
7.40284154598084
12.1615788327380
19.5439550244468
7.58076722321033
7.10559504715122
12.6286378220337
8.86859683771903
21.9557357547726
6.35924735276117
27.5408336293584
7.10340734053735
20.4564163563379
13.5562065053945
14.4837475954948
16.7234137250174
20.7790662776266
19.6098441032584
19.0713755627328
14.3302562419508
20.3830734272361
6.09708586539504
9.54036251875284
21.6596374002475
12.6316571234696
2.90805828345995
16.5132112083023
17.2441350713801
13.3484424915756
7.15615439185042
20.3928301309553
8.07877187386796
22.0118407337960
16.0713373460985
17.0219738269567
17.4898551949409
20.2147566031105
7.80743072399621
29.3015195902687
8.79571789508787
16.6283293699668
9.91037458424251
21.8178160650511
7.95656917825767
14.1773617513415
8.37947241244340
5.76318240644872
13.6821421144534
8.23094337086315
22.9862954899218
10.2098134778065
16.8363837782940
5.90602899586516
20.5785600294481
29.6600398667702
14.1439196042116
32.7357498424582
23.4071448995258
7.19099496699170
26.5163889716926
11.9326842277838
23.3470291135318
13.4367861983437
13.6611342174373
8.07910213304053
25.4053453479775
13.4357770101472
7.53877395180410
15.0373315372110
7.87777622429071
16.6762627932640
12.8257730266055
17.9222837861139
23.4024064183579
26.0304736476327
13.9868330257425
19.3384087256423
12.4771384701782
11.7726381984881
18.6468862360449
26.8682868474899
9.23000120345583
27.6413020080459
21.0475336058646
19.1550774545550
15.9619046038404
21.1425930023046
18.3598858245361
8.08816602518148
5.43401230636893
11.9093803877448
23.4545666815654
12.9158323201565
13.8033231794140
8.15871725319612
3.55706865737787
13.4936461388314
10.6658837552263
31.1989749003072
21.5106512105050
14.1802588492136
15.3173174874062
9.97964211071720
8.60461849564110
19.3662107016319
7.12612597744384
20.9440010900449
4.98075269381045
27.4290767865800
21.7747606533918
2.82658125303342
24.5212535825557
17.2330010511808
18.7391313375754
27.7040607140632
9.20216601398279
18.7571912959403
19.8908670320042
5.87951466959646
10.2256520264529
12.9908168399835
8.73950088620626
9.00685835585860
14.7673612802017
7.78184405089822
17.1793198584810
22.9970411346090
14.5014838054594
14.1690938995265
6.79257272084738
17.8976550236169
8.78241146041336
11.7223627690837
12.3251731112589
13.9580280716189
26.0931487270433
19.1781778133682
16.1549747526884
20.9146697860616
8.05265652507916
13.4545660299729
24.8567273123977
20.5047219522724
8.42520021236291
25.5662368777652
9.33151709959319
21.3256795059290
11.4571426023245
23.3246524056330
6.99652407863363
16.6104380517192
24.2401581654646
18.7325073839569
24.5209832822850
3.97610830461143
15.0544125325801
22.4009874541280
14.8915074259156
13.4451946362855
14.5905633638355
17.3581453078951
13.4902381996613
19.8481085102359
29.3831300180903
14.4378662487934
24.5301603742434
11.4183211761668
14.1876959683382
11.1502147445688
10.4139425912854
13.4716212186952
10.9828730592866
18.2266023838784
20.0585303920801
26.0770218951475
17.6957380254230
5.49738615525597
11.3022182585588
8.46646360542582
18.2923976433763
17.8071247682746
12.9115604513939
10.2402016547527
7.45864993205205
12.5497308963360
8.49275971342649
7.99280479834207
12.3008529842446
4.17389789967363
15.3089572039672
16.5589431407925
17.7042512222347
8.87883136060146
11.8691751282935
12.6967738752055
16.6964469137149
21.3941993830314
22.3358135079070
11.0695228055052
12.4426486605545
19.4945270910094
15.9646882858921
7.85516574759565
17.2165245043824
11.9325237369785
21.4509764786297
18.3410279311529
7.97994750794766
20.0360911608852
14.3366438007715
24.4141377844887
14.4954066937427
11.9357685336974
18.5426211145701
10.8289766520203
12.4270631800156
17.3438663730121
14.1829542332619
10.4148529238436
12.2494364356080
20.2136034309175
7.48509414102455
21.9978858302338
22.6643815660168
15.4439528272525
16.2040083794171
21.3224314266121
15.8530434671580
18.9234023732520
10.2730405688871
8.16765928354630
3.93761722619149
7.11784351752693
10.6930022168706
10.3725203075289
15.6500155741137
11.9141459531307
17.7664833394231
15.8671668924512
10.8208941284905
22.8249437105549
11.2560500528738
9.20812728504553
15.6782728732759
23.1161544939847
29.8073968870145
17.2938469548103
7.78711607015075
23.4592764447862
13.3085842232936
24.6681401822269
16.3057493476994
11.3013665536518
12.2038017149124
9.36871032213079
16.0698864488023
4.50720286763310
20.1686572765764
19.6627150576923
19.2310455452219
13.9671942128689
9.89179114518701
7.38823794216186
22.5938429694132
15.3573692711349
13.0135197648446
11.2266867975374
9.81392509370741
14.7700757086753
17.7073788071527
16.3151204131658
24.1510371868373
14.7484101441342
11.1399516738808
16.2611911067425
14.1966856360913
4.83846531876586
13.0527176794720
20.4916471647450
20.5387923856297
10.4385768254106
8.84344873734224
34.4992258029597
17.7523305076855
18.7508023439025
19.2461104938738
18.5883727991183
7.63309871873802
27.4777831825222
7.94362499429574
20.4267339577060
15.3933285199303
29.3924416456646
11.9340518294878
20.0900005441414
11.2737065377807
19.4280347444717
9.36185787864781
10.7228877146037
5.91272534877107
21.1351220993137
15.4654102069619
15.0537790571006
15.2938476274775
4.41088885713526
17.9521174810132
15.8674867612059
15.5959902720167
16.8951808409972
10.7271489953452
19.9469334550452
13.4069846339324
10.1326141153209
14.8714976229699
11.0216851221580
28.1057146030998
21.5181256098295
22.8734860085996
5.73578661140737
23.2395918148835
28.8857849297886
19.5764826784589
8.43406456086862
7.56528332450279
16.3616151928867
24.4290686099593
8.58077892313396
9.78426888236418
17.2710706117958
12.2657816571142
15.9520772893000
15.1781468450533
10.9052741610379
13.4895924675284
10.3916034692679
7.31176210884900
18.3824242914258
9.25209150400060
7.53765766136934
15.8739276796545
9.50948936534449
13.6458901568238
21.6406330793718
23.8378116759677
10.9578550382819
13.8279097057364
19.6494213759591
4.99205954107281
7.53019042322304
8.18397909210428
5.25465746851305
10.8663744132990
11.6108605994560
17.5653738911559
26.8676869607359
20.7901765091136
30.6341928690801
10.4812679166215
29.5982696355868
11.3169875368845
17.8922556772476
22.8113690007856
28.6172280960700
14.2638899307650
9.72014681387195
6.25012626832451
15.5139662151070
3.76110941032044
29.2264296269934
26.2916336291604
8.39919035621887
17.2534185070669
16.3363131626325
13.3474371867561
19.0812211846753
15.2006323708226
16.1817522494475
24.4423396740165
2.81846679065055
9.10473318684298
25.2489160553498
13.5448652658489
11.2327901753928
19.7665579967808
18.9940072332933
21.1712652957375
15.0657962628067
21.0536921163106
9.86001869877030
20.1117273614178
9.46041056013955
12.9650824846316
10.5084118890535
15.7876248792654
23.5275037092952
8.53735246900349
16.6531727145190
16.8257875069906
10.7913238209684
8.34269922447166
27.6812342493177
22.1026210072598
9.29517210776648
20.2101717869987
15.8839097872690
3.00816020517525
11.3084369312562
6.09345282053615
22.6875241738714
16.3784025970453
9.92656021086861
9.80168606071935
17.8953583910046
10.6198153356120
13.9008498403263
16.4613290053537
13.1479993675844
8.48302013571227
26.1801738802935
21.5565862298649
19.2392111090866
15.1905212280553
21.9589067253472
12.9622601350382
18.2020560833110
3.77928099775606
15.2477712586233
13.0974467049880
14.4541179547560
14.3944870531221
16.6257373906393
13.6980776494368
25.8923726687730
11.9044342336627
8.54824761515482
14.1891212572907
8.79131969497663
16.9981831996930
15.7772686093506
17.5890026007730
10.5768015165266
13.7432355197836
8.54819583664296
23.0868706499365
7.99020762934231
7.33695521180278
23.9777603201383
8.90862056942600
17.8261775092138
17.5964558953813
16.2969914119877
23.9034871661019
12.4748684057188
8.06787643745242
22.3316138661293
14.1854267873617
20.9769124020314
14.9599725026519
26.2727041695369
19.2280731756981
15.6451002513966
8.06673076345058
8.56946279296434
10.1733393786898
15.5689007694827
13.5208570830403
13.3816708478052
4.07071081208184
13.8519517231327
17.1395452222747
5.28771729774768
22.3674954414123
19.5391718204764
32.2349223359294
14.8784064637313
21.5345862555588
16.9599381158371
15.6499883079477
11.8836187901666
14.4410640622497
25.2744032604629
21.2445413941182
11.8322500937447
13.7158254395798
23.2013377373483
15.2292589300990
26.8944240960836
26.7286594898924
17.4242445661211
13.6453464935853
8.00877038564598
16.9618846648036
23.4828153853941
14.1974898394118
27.1063103490682
10.2279347788300
18.4208168691202
18.9385034755231
4.26569110696028
14.4135867347583
13.1757307231895
21.8484343526052
5.94552822527990
8.62873659190035
14.1773011767543
22.9064827441491
13.9225329428808
18.1935755005778
9.42414112479222
12.3402467209898
13.4554777019956
6.85772546785740
27.1163162684093
12.5642130229354
24.2554959657002
16.1685082110255
22.6272857530041
13.1466409741576
11.0161678688598
13.0121180660029
23.5304130184767
2.34268198832023
9.66506170873213
13.3378844100892
15.3293692058741
5.83820675293364
7.33718106700386
7.79069259180466
17.9860215866350
5.83310640139540
15.3603039305868
7.93964534220516
18.2178836578127
13.8954370112494
18.5615734796380
12.9004047320229
24.2834022138995
7.46480323090301
27.7879839088697
12.7745612415809
22.2494388636595
12.9769258401210
26.2075270684607
12.3588885055089
21.4126285553736
18.4610823669686
9.25188458045170
17.3952796638858
23.9733563825031
26.2749639379562
11.9611866212178
15.5896092867044
4.11772588937147
18.7573888925831
23.6002402106419
21.6897266373737
25.5988451036370
9.06162431548008
20.4469355072726
8.73803314816326
16.7013401610050
20.2019226451568
12.7593817136294
14.9201708483506
15.2333949520814
17.6162101346005
22.8907561187939
13.2010382360631
23.1684617724181
8.20380485750362
15.1929873717120
3.99575698330116
3.29491151086034
21.9157280529669
18.2992889917204
11.2790558329853
19.4170356174675
15.5793512617310
16.9867985440135
8.97639294705841
24.2895242723834
8.99602497463680
18.0084838681661
17.0211760042865
16.3529464181289
15.3724097444935
24.8030017556787
18.9527521068999
10.0756564063060
17.3338646586370
8.91442664953838
17.3918221201805
13.8625526170652
9.93154970806168
7.18007671609433
11.4182457604660
19.7206280868054
12.2085725455517
30.1735559081127
18.6642401734681
20.6714827277442
16.3325674579963
14.8643247482958
2.32150388481799
20.1478616094240
10.3067180349760
20.6701607915202
3.97594542981918
13.0052599729840
14.8506766426598
23.4561051523905
12.7673484552983
5.43100415249335
23.8377985702644
18.3968197085801
11.6082325876940
25.6746016519906
12.6973708786504
4.73393233158228
18.2037849579531
11.8333336579343
7.83917969305462
5.63459409579785
20.7182569478443
16.2899390825968
15.0230358678131
13.3627215898895
10.7873290433731
16.7379572095880
0.923378849443713
19.5938547090689
6.71741386904961
13.5199415028320
15.9937697329304
6.77800899150333
17.1953891982822
7.69151797101847
16.1092335501103
14.0783661211094
9.36388458920763
8.45111673094154
23.4562075225302
13.5814229019054
13.4247373743623
10.8906386054446
9.11629536873395
14.4024267190781
15.5037622867000
26.4103779279586
12.1903598508791
20.1213329062182
27.8959536373217
13.9866270801791
14.6426161794947
7.80627137709803
6.43104743220698
15.8689094020352
16.4700450892583
10.3952279845129
7.30735081545973
13.3612913694747
10.6982973482746
15.3091394066290
23.0977967227060
18.4997715004483
26.1715932896796
19.2299391959257
14.2863827987388
12.4263366669385
23.1639608215602
25.8040168210300
21.3879102479906
6.65958574387326
24.0627261439763
15.0043513788501
7.03120613416283
16.1220115541269
9.85475164109172
9.29515671545671
18.9509271966361
16.9406483865760
13.1415841702932
7.74953466151355
18.4022797244907
17.7409027635603
16.3853936903268
20.2301904345461
14.6012621772914
20.2436669386280
16.3518309278013
14.7638097674686
9.74379295654418
16.0923344885073
12.6890017660965
20.6010240035708
13.8505356213289
24.5038908126240
27.4767861343062
23.5131098072990
16.0054261789557
11.8383622605705
14.6292468275028
19.6712764466595
23.0339419381486
15.6388868492262
23.7102930040626
21.9384352104474
30.8548312368242
18.9190397299916
16.8894809626465
13.1719784516222
9.44737321010449
13.7358366319639
8.82190385313737
15.3625382642485
12.9014718530121
23.2493914189081
27.0604083148352
10.3385088279319
17.9465515482084
22.2756342789605
14.7693170966027
27.5938380376290
24.4453971457553
21.5760193018754
17.8293613054338
23.8911673208327
19.0638189661699
15.8390634524267
10.3604092883245
9.78101109293410
16.1943866595805
9.72198225723541
3.20883593330977
7.76900524697493
24.5412613267208
19.0387432269044
13.8975345626625
8.41010108651281
11.0546525160224
14.2217284325781
11.3474002005614
15.4063000830740
16.4431033600717
27.0387685085619
19.6787644922134
19.4603029350136
23.9856805188012
23.2222204246278
9.66905520040888
19.0406774545970
19.7058448870912
2.59658330503760
9.63689074201840
9.89643763321428
21.7292924137557
5.60914596440492
14.2483455731709
25.6443030238609
27.6046130718204
8.28997021379450
10.5040873515979
11.8649127541209
29.9996660391828
18.0977063756709
18.7417959172247
11.4844943302002
6.06159620872259
19.2259039309183
19.4970793319820
17.7511591900360
22.5173159273125
18.7036633781433
13.0470823891167
6.88579599029771
10.1165630502065
7.78535692502277
13.7649371872886
16.4586158293126
21.1885168717020
7.64408251198271
6.09539650063882
21.3716261801530
16.4252826727952
12.3210267774696
12.6342757204202
17.6892561428399
14.1247967592458
16.5998582971090
12.2088501121113
19.5920564809159
14.7005132867938
26.9090613139049
5.53937694800598
16.8804895108364
22.0944649733819
17.1241398022441
8.40148647978439
28.5954274073601
9.62990133594317
9.09898196431337
17.1480073910418
15.1541091008347
23.3940647021504
11.4715355338377
17.6599413888184
26.8230803524577
7.55037165290557
24.0709964825077
13.6541007525432
26.0654456822073
14.9536071352333
10.7953979982213
22.9222478044803
11.3946845832827
23.0846591039229
25.5621297112897
18.2102005371962
14.7800117341530
24.7514531122134
29.4026319213094
8.04533989524371
15.4681989552759
6.78733627132176
12.0845850303972
29.2920104778487
11.0065253423367
14.0251642227810
20.1194598991620
8.61048336273871
7.89460610021805
14.8523205252318
14.5293033921107
6.86936830938624
12.2974468426987
20.8181264098910
22.9277153153122
5.25883957079887
17.7793115339437
20.8477288228838
14.0134801504409
7.70104348021098
18.4201202864395
16.7919090857026
15.1406512742484
8.95177022605026
23.7286114965794
4.09908098867295
9.01627788558005
17.7052623318563
11.9546601517776
24.5848494148510
4.74971409139540
17.2289620531969
19.5341688804515
25.1958853044321
27.6909310753467
19.5262699856988
16.5846703914066
4.19829157277100
7.81730347514410
14.8912429702829
21.5426226572857
17.5847137566446
12.0557998065701
9.39371603573367
12.0282877250837
10.7500700595345
24.4766680593989
22.1667657801042
11.9321656507987
20.4677944168394
9.66744163737252
17.5486220738980
16.5122320717733
8.63113491378740
14.2063879709024
15.4542799044666
17.9681126385049
11.3746163492621
16.3078520047982
12.3037906801766
8.61264974237118
21.7241516221371
16.0733935722983
19.2240791584721
15.8175595345024
15.7568085055191
23.9808859383510
9.74262799094783
13.9034468086227
6.08107320806122
13.9807554178914
7.66043081295693
12.7628174607725
27.7158196187665
11.5593335267739
9.26684144369051
21.2658461031698
17.5063741167153
24.7179589752653
28.6147807248235
7.69215799544575
21.5414344529444
16.0409221749125
9.84071827967858
20.9033839350235
19.3508908501805
13.0870171434326
12.6527531302725
10.6511005412586
8.79487978999463
18.6455854981816
16.2342390252368
24.5039222614299
22.1113772693629
15.4363955553102
13.7888812178545
26.2138976846252
15.2543911117422
10.7695186095990
4.32936910646344
25.5023400654058
9.56832718898136
9.66023635011070
12.1272113218209
9.86620705651873
10.6874086153988
14.9439350367164
10.0320198056597
14.6853235869728
18.2841014222739
17.5834433275982
5.24475507111629
16.9018463275495
22.8908644802353
4.04629139800880
16.4865612319731
18.8480267834593
4.11950303070650
22.0015459849984
14.8002055979233
14.1043590322283
14.7029643015142
16.2814260005074
13.3372599700763
27.2039653264758
10.8526242946533
26.1189611845877
24.2391201428105
29.6656142746109
12.0355605124979
9.70748600617070
20.5505057803476
18.3776009020873
14.6495937344968
19.4685961010932
8.93805927587192
26.9554208850095
18.4609318553417
10.7480693270931
8.67988661561889
11.1870122968557
10.1866775928955
16.1927416494984
17.9976854034067
7.79727230088189
10.5957802101639
11.8804118990042
15.8088717173499
9.29512713239577
25.1766081379771
20.0245557097511
34.3485717246060
20.9363140733989
28.5936028684739
11.1491098653480
23.6768953740089
14.7964998115264
10.0395498549487
13.5452729409968
20.4513669973721
18.8523295844545
8.21974882949594
19.3859834922557
7.96886300281289
26.0691765428753
19.2765817568157
20.0893381667988
18.2719450442083
16.0632672423763
18.9042825933702
27.8186301665130
10.9681016915144
23.1907682332863
14.9362928539849
11.4299957187481
16.3124037276209
10.0521130504984
22.5390842555437
22.2352885191535
23.8101432844093
11.5175072596634
11.8662071938804
11.9246914203261
7.70876096920900
11.0776700893880
15.0931281042201
5.48670234531636
9.62476155237105
28.1833826911200
11.3531789127363
20.4222180057799
5.92308725561257
13.3915174532239
7.38368236112578
17.0491352476649
19.4353143732382
18.3447554896325
14.7708680242635
24.3859549458802
11.1816199832160
13.3596528222331
20.0983000094933
14.4655447768136
8.40663181413341
20.9724440757962
10.4182664071332
7.03655146645002
13.1581168211146
17.4111251002168
8.27908318897690
18.1511600866171
12.5096667537199
13.3278946657002
9.43235721015696
17.6896314334132
14.3625677007142
25.2281242071225
6.64881451966439
4.48843419134112
10.7157957699883
20.4388309214984
9.75789714990319
18.1091904186797
15.9208875163918
12.6267081182174
15.7800685499430
17.6184423389243
30.2902320784523
8.30513931443055
11.1360722128292
8.69777943199712
17.3480005894051
22.3805875191962
27.3357162518124
35.0067903964359
16.5539399151696
15.4468968796325
13.8148364059261
9.21203848122662
30.2623571616621
10.6374769819848
17.7000641583583
8.88007103293662
15.5131627689166
16.8228044944028
14.3700043775219
16.0900346417250
6.98649755778244
10.8919826557381
10.8523500323663
4.64691150938987
16.7197193825853
21.5437305770774
22.1322340910266
10.5348229508127
8.38135477414004
13.5793948148298
20.6402329390925
26.9381606968627
7.50154813873777
34.8652886371661
12.9282299616150
20.2153065770495
19.5980010376058
15.1237193233047
5.07760123483521
13.3886989061671
10.6989332692563
6.75519917915083
26.1076315829146
13.1873508821901
11.1866134324926
15.6331392272953
7.72362908631687
10.4258276970656
10.4590790184605
30.6128341298809
14.2990479574691
14.2957645392648
11.7704253372595
3.98556939219480
9.72060321687908
17.0651592146103
8.03760457101493
18.9143832767553
11.3167306095886
12.9117994532288
18.0080061393842
10.7740403134299
8.52301203272646
10.8839205776227
15.4958841135316
20.4101242897979
26.2251825857324
25.7308136602868
9.72318692302067
3.81956665318410
4.04855277875934
18.1286359887665
4.92022087203410
15.8755408679516
14.5805305202829
12.8773012755002
21.5852003107172
15.9831192250950
8.95753811546454
20.8252869288523
5.71512381649566
24.6217869519098
12.0396608689780
22.4506976738720
13.1712432967887
6.78375062115346
20.5092381818536
11.0006256917504
20.5771357528204
11.9768738466972
8.57844356337442
28.5478401615604
8.90383598287840
14.8326230401942
5.06494240659259
17.9950994055326
13.5925487477515
8.79774302070707
6.52289906559959
31.2828513282038
16.2405995264953
20.0954125519259
26.0094599626059
9.63087377888943
12.1344343565945
13.4050649353929
5.37565736259297
16.3596834508609
22.4807786620037
22.7005965582493
16.2059279885479
17.4873795092816
18.5895559640353
21.1151384663445
29.5344722225419
20.8502766247837
29.2628616715608
19.3822355815835
18.6268804429159
12.9464405638191
10.6517067716869
26.5606145874319
14.2450401884305
13.9558571551302
24.5080533446229
19.8638221033718
12.5924886666616
14.9889605476831
11.7978047572419
13.9029389589755
13.7681265530209
17.9473917238690
15.8437074720534
10.4179322658770
8.65232611241624
9.93418766011595
9.90355542268028
8.87894453524742
19.6054673024236
19.7318679310785
23.4177144914614
20.5632004383972
19.2833078787977
11.3214296938196
5.97824428908689
18.1651633909525
12.4152877722750
24.0635209316924
26.6260895556614
5.43632813895556
12.9327260811052
5.94733417308965
19.6712351831195
14.5014875423179
20.8133323785140
13.6170203278838
25.7189783070790
24.5590269770608
18.9313315619927
16.7332549980570
17.3679464970858
25.9690692906099
8.96269628515884
14.5278219293189
3.86582696198368
11.1024196885184
16.0956265531976
10.7801029313268
10.1916460026293
15.9091570113724
13.9758811321505
28.1805667496238
9.69790074926011
22.7330673455959
21.0877837893507
12.9097176859140
20.2069632218698
16.3398602473206
20.6082450524056
20.7290910639999
17.9459010887055
8.76770438897777
8.22818870347539
16.5763685712523
12.1815234031545
14.9979371248182
22.6891344878970
14.3540854624877
11.9565748368042
14.5074848405918
16.3177587961705
17.4294079956836
4.82762204920809
12.9254740238995
18.4165678921372
25.9285990977661
25.8072603667745
18.1447919186195
18.7220978300777
20.5577785546007
6.60368165419866
27.5659251247641
15.8581287297714
10.3053513506333
13.0090354897702
4.72335277454066
20.1371978468927
10.2810582300820
12.0190688019039
16.4542418524829
24.4675955028278
14.6494586391443
13.5343084102920
11.1264475573518
31.3594125489573
20.3842229533039
8.63122716158600
20.4079057788887
14.9937539752392
8.59946466746041
16.9651248006020
23.3891831333910
21.5093025185872
13.0465627923150
15.1450607493004
19.1132225616195
8.38092916886905
11.7691188480702
4.42952958848905
11.2217775890854
22.9102708942954
5.77055149205862
18.6535221029703
31.0136421372208
19.9306994829484
14.3277580091269
13.2135942865671
11.6775081151759
2.79457749758349
18.2919971369996
13.2937551848979
18.8105625320696
15.5423623846602
39.0545209399629
8.83919510424450
15.8861571108339
25.2210669389699
22.1696017269143
10.7501060456735
18.9841363982695
12.7329932955236
12.4275867625215
16.3896173127990
16.8037267747366
22.4964801444582
13.2139157712617
16.9417781247690
30.5640657108065
6.69695640496487
15.0225496615455
8.03289020340749
21.4036790823447
9.09862691893673
10.9217484528074
15.9903392656347
17.4514451637732
23.1433086929541
27.6803998516080
13.9123071576931
17.3402224621514
23.3248398899114
30.4776997653432
16.9723323491499
6.59737570996226
6.46258705501133
19.4225992560213
22.1763559844714
4.38422087605084
10.8515017716443
17.9304683388360
19.0438917127382
12.2714608291311
13.0606513336816
12.0271682540156
7.98279674608567
15.4027574743485
18.3259479176385
25.2541420284376
16.8023422765994
14.0350587248504
20.7672163924995
6.58810751537192
18.8715675452279
13.1763177181639
21.1938133840987
14.7877047624031
18.7714421323989
24.5045131338311
15.7546585358109
2.63382054608889
18.0398626529389
10.6178619550689
22.0428060227867
12.7301327232869
16.9233926244149
13.1669825010516
18.6816114200569
21.8062269611137
6.96462438473174
18.3207253255023
9.94040352161319
22.0090946333107
14.8172139873898
16.9519359566983
11.6536057686023
13.8917859365742
19.9688716821958
15.5069722670159
8.79486092954289
23.9322529986648
26.5800724111203
10.7064756619172
16.3921298714505
7.29931223746456
26.2184200123196
22.4000532844545
5.53304296441840
13.0639018941509
25.4786277864880
12.0490582026628
8.01332357639450
17.7860380614711
12.9647269165224
5.18937117121758
17.2737157709654
21.5329292669456
18.7487304855555
22.2816322101860
22.4136094268639
17.6734394717044
8.40986370118446
13.1681496517164
8.65417622076186
10.0404004033156
13.1037283366224
3.26540172873109
18.5364449856364
15.7092447746542
13.6497604350260
22.7228520998135
9.99476153322829
28.8069810506065
15.4065153886270
6.68611864648691
22.7168718846258
17.8947107345411
9.70358252940119
18.1930780268211
2.45446994277787
17.8882117442913
12.5781219791549
15.8137068798990
3.65692643076122
15.5197349534703
17.7803888748840
22.4808070871577
19.5838223500929
14.9697857733503
8.46870578246759
22.3394129884936
16.5893505316664
19.9535991234664
4.88007160542753
14.8738095970736
15.1243432634280
19.2672519733573
15.0833621881728
13.7559897830000
18.4463293315201
13.6888003930220
20.4261156681832
20.0688279560616
24.3090640145708
21.6670285286192
8.12025889119306
14.1580050381401
19.4258163797561
2.43422972555098
23.8273235881099
6.81795791568120
16.3082418111211
11.1271154663956
13.5232589836918
11.2206534706718
18.4243694073610
12.7976841451881
11.1399640297848
18.0626939360751
4.24740550807196
22.8700924803033
22.4238133342659
16.6467095763246
26.7687869070005
17.1823965653805
14.5660011945626
17.3379618299546
13.1384608269348
22.2592243249849
12.3637848541173
22.1284642854876
11.8268028716386
6.79314280430472
15.5324383281602
10.1042763165305
14.7942757709866
14.7958148535321
19.0270445381410
12.5904848675498
7.83200600980362
13.3952606879075
10.4749806076002
7.68518057432616
31.6651618630002
15.2382274097088
27.0225077357746
16.2522378483734
25.4955439294172
7.18404517461437
22.3003385406791
10.0162258477732
15.3453043890468
20.5615409246024
19.6457623773576
8.81388400990165
9.70471095138851
31.1434266472076
17.9649442805732
24.9123259981881
18.1242279694888
13.9588739774238
16.6815853283224
22.5213110777881
12.7830550314234
28.7802128935837
10.1842069391779
15.7430695904579
2.59730721134409
26.2296048681638
17.4491367497077
12.4919128689885
14.1910106507606
11.0921574073802
19.5728030626403
6.92960085574919
9.38705410285890
13.3573502929436
11.1820524195024
14.7987115739851
19.2894114214016
5.59160831693351
15.5225466572128
26.6856816156155
18.0876942126408
16.0864634711922
2.07388507155050
18.3786567910607
16.7894265455435
18.1261460586634
21.5434361031382
20.1371881331754
19.4012962378806
17.6416497850966
5.50896719881323
14.8585014537133
17.7069490475039
6.63917858925334
13.2538740619828
14.6590597791946
12.9765925929768
10.4154118641559
13.5516099392102
14.4195545196930
5.24644284634837
11.0396261463077
14.0839299338110
23.2378252803727
19.7673187914699
19.2746031121370
9.92677356201304
33.5675838834135
9.41023000834729
7.87316963236536
9.16127104534081
28.4543046292982
3.51574438429474
9.85708086656491
16.4861977538789
14.7732115729790
12.6558885615772
17.9600591227201
24.9969584685737
8.11270159952281
14.9193863949100
8.45392913248035
15.7645873880649
25.4750721092208
26.6533159149476
20.9007668112919
7.44536347966975
14.4970248509824
8.91101217833305
9.09542915935801
33.3099247668019
10.3900817047846
16.8825177438112
17.7686034819847
19.2838816144416
26.9863648775303
4.97983543704006
13.4296285262556
6.98836270954621
7.57929697267497
5.07529757842828
8.85442471875503
5.13438529408341
21.2987599159575
26.6356651551055
12.7921594702888
8.87857724300465
14.0069505227226
16.6404742032792
21.3298827298323
2.50668397627224
31.9073953162978
21.4280930095918
10.4817332621137
7.50491127409911
8.09671909417635
23.8389315145331
6.89416837253167
11.6695901650401
10.3028958574762
31.5820773282886
13.9219769390306
9.85354756217273
19.5592139701369
7.72102080297677
8.37127801480753
6.94657195027879
20.9529939785249
9.51663310223211
16.9133105056343
12.8285199387926
12.8701857783794
13.4052504527144
23.1618800409925
6.01163851624497
8.64859128471221
12.9715438876797
11.2580836090384
22.6900224228558
9.49936509335566
8.63630686744653
2.18191623578908
26.9064894353314
14.7527321137476
11.1193639719590
25.8059733507574
16.6943336572623
8.05017387628174
7.91841970746689
9.07445995114861
3.42978777881373
10.4084189943682
18.0090584310480
10.5824098186861
9.79869936645675
12.9616974964740
6.66591118084392
16.1803391463251
7.80049257611338
30.2520414542035
7.47056215546220
28.6727450910268
19.4461637689931
10.0135003435362
17.0694273041013
10.6805604057091
20.4475453740761
21.9454833267828
11.9352801345423
27.6177916730067
27.1739241214809
23.4171023252494
7.58753090887938
16.7710271577981
6.28089795331846
13.8560130578466
13.3039004344591
18.2275078059207
10.6516155429141
16.3048479908431
19.5805906397126
7.21259348516258
9.14272882999381
12.2167667530161
22.5037261866874
22.9373427240612
22.5128237275603
11.9421858423197
11.9477592950310
28.1540917386266
21.3921491019696
19.8947107980513
24.9425580887466
18.3484514469205
25.3521610474058
19.2847857936146
15.1389756603675
12.3954327429622
9.24337692080659
26.9471544533463
9.03499152517588
22.6391689533217
33.2663452248440
16.9544181517503
14.4998742966965
11.9067356168683
8.85521385490492
12.8424817987023
11.5638347052351
11.1136157273140
16.3818823600953
14.2824582861747
11.1097606321468
15.3023441210848
9.16754759845838
9.41802071350451
23.6347882558740
8.78559643038537
24.7648962963082
14.8312937523670
15.2868978710332
3.44421273849337
5.19817001068645
18.2134405830557
17.9485148051447
16.8948866037153
22.7471690559507
13.3486353464502
18.7424317412362
12.8832368506366
16.6186390179822
19.6405225636310
15.6024326421115
10.2467905121750
19.6865485898367
27.4582102345237
11.9569977131762
24.3087609723326
21.1891104651635
16.4735976011951
12.8605642465640
12.4183998586774
13.5017451220203
23.0732004374426
31.2259750143835
16.3170769061404
18.6804723309557
10.3306350425567
14.8279320999288
30.3246891832381
11.0251153084945
28.6801314864746
17.8867051295788
16.0804121946547
18.3570344919870
13.1243069541367
27.0538491392630
14.5320519315064
18.2345970594986
11.6807504807868
10.9651477536785
24.1238812588771
5.47257930396920
9.85254387354662
18.7462480699282
13.0980390768121
11.8488705147216
23.1177124097520
4.71160079166306
13.8831846011137
12.7281857564226
14.4420614237477
10.9347628040118
23.4635408736384
22.1959480355177
15.8140242054323
13.1655524237345
19.6405704115232
8.74832776077806
26.6855372811641
19.5769537880642
6.20383026847125
12.4863251684593
15.3605850300859
9.71990302677964
11.1787998615996
18.8181122869298
12.5785174174066
24.3738062797832
5.75636986751199
20.6901184255770
10.4069114496377
26.5426662964410
18.2977002787919
6.21508977638425
16.0211273994092
8.60345482349969
22.6188565312772
21.1222070393792
28.6577662228060
10.6990415430182
14.7593717283664
7.25418633893561
12.4638135724795
9.42351620528861
6.98932558262956
13.5657971394128
12.1672644092623
17.9681376018774
16.2060941751089
13.1275586937595
30.0115752360069
12.1343283305052
13.1249937601814
11.8652053252356
14.5509673963623
13.2952118753933
15.6124564425333
16.7607048208757
16.2699570009420
18.7119707358685
34.9236973074101
5.81394449061908
10.5502702684244
20.1727646223813
24.3570071043078
17.3551349358165
9.71523110949894
11.0324033278894
8.01987149186944
14.2710983095205
14.1724263515462
19.6385439549372
11.9330084006507
11.6895591216136
22.2431580266388
4.29417245509539
13.4968949584895
10.9830662528094
21.9884450828066
9.50141747793981
12.9950832064131
13.4942068105132
19.0771272362062
19.4135558403072
25.0967917423750
10.7904527657555
18.5562367028824
25.9085211067710
21.7988867735235
17.4683789462560
10.5910254068716
12.2261316586278
15.3090599256388
22.3363809067181
7.65979043214630
12.8098336218704
11.7818927172165
19.5445626880342
15.5420399964097
15.8228677137885
15.1276510678294
5.15732115362229
15.8492301431205
9.50567596479072
22.3904582258452
16.0513129061177
8.18757944999619
18.6934010993612
17.1829383011172
13.5608203484155
15.9486406180872
26.0346184168311
9.76152231343042
8.79435667516391
17.0345251500299
16.6359655360938
7.98358425752493
13.8958787606687
16.8115067849375
21.1475870730455
15.2780626575132
25.3476696180931
17.1989852978948
16.1194956763541
18.0980726783075
8.72928286112445
17.8036195373750
7.32659347599551
16.5794725240099
15.0964059290746
16.4683806493413
7.48063339217342
18.7300564324430
14.6106561012844
18.0545118630330
6.44806428628003
21.0087752608285
23.6855616224315
6.50321785319391
24.3382274156603
8.51119729591554
15.3284410456543
10.2468340388629
2.94754857127071
13.0714095422032
27.9177683979565
20.2775190722661
14.6466396562488
12.9196343191284
15.4914934783965
6.71582776552526
22.1372442160265
24.1320240758064
17.6604957357488
21.0745554375318
24.9181891061610
18.0305559065937
10.6563847626669
9.65392661530012
16.8503061346078
3.86310658020200
14.2954082816826
11.3282921161179
27.6430042382897
17.1791181749355
19.0928471295614
18.2358627640701
4.28065049992405
23.4752451601682
29.6888449350930
16.8321016219009
13.7551109637081
18.6169324175279
9.17084911819369
18.3815970212057
8.22734466386938
20.2159702534803
17.3330611119662
10.6493629042352
9.14908210500376
21.4804054853743
12.8297919742488
9.31131358187447
22.1179004159527
5.31829701502276
11.6172725284767
28.4067039269892
21.3423085383791
17.7449985567765
5.15148651824888
14.8131493007260
15.9741283615132
10.6084267688899
8.93522978858966
7.67714801277141
17.5800938171018
12.5907870662004
18.8196878824172
19.6693751396962
6.04006643092607
30.3625766373673
23.6824138260736
3.55990630494680
12.2615146181049
7.55839291714846
16.2779912347931
28.0911525432831
8.07447312336849
23.9100795514904
16.3812146133918
8.19098171710815
22.2832942072845
14.9956448444207
16.4088228058109
21.8649673133188
13.3253905792663
10.7455451972857
19.3999889128834
12.3463072391545
18.5044565935560
9.34776488899886
23.8507426804219
19.7446132030992
14.1316110697825
23.8113679533873
21.2528688649321
16.6412979985995
2.43957421157873
9.06492401016688
7.93004005389633
13.9970810650542
7.33064666618164
23.8020132735132
16.1660933817698
3.26783368303835
8.72729073784642
14.5051437958713
16.0073354054196
6.34337894047802
16.1405417957267
18.8599405042116
30.1674085128040
23.4959129271965
24.8562187952412
6.91093508782278
22.9847889119367
9.81348730841896
17.0144034788176
17.2731789570486
17.3401047175731
18.6055388661979
7.92369266503946
13.8106780542304
10.6561916696351
27.6056700575461
21.5452567436199
12.0553668278033
10.5610814075122
17.0392438183154
15.6850874827525
16.3177291073237
6.39565672872154
22.3449769771553
9.24911788256589
23.5125371900801
18.6076075331812
10.4284681691464
22.2879834630906
14.7782098001212
19.0269069374002
12.1021881005916
14.3877825563914
17.1061481689596
12.2152208185894
22.0174771976355
16.0850532400423
12.9364417735558
9.48816967228137
19.4711924609152
18.0885805844461
16.7608758763049
17.1108278601592
18.4812761258551
8.41268117026314
21.3409415014896
16.8433737606484
4.57372786903637
24.7355278808406
21.9594437751415
9.07821736411636
5.82531070845153
16.6755762643484
17.0757832485072
8.27648220084475
12.8989323081409
8.61421899959016
10.2417463039193
8.02736162547197
15.4975589769389
10.9216462980633
12.3412488525270
14.3271327508333
4.49672073971689
14.1706683349798
21.0194286723117
2.60748800188994
12.1168618437283
10.1416877185851
7.38025790535805
9.49657700368401
28.3840459931279
6.02883253955523
28.3747368040657
8.27155298236069
13.3889356600889
21.8355439615504
19.5093041160493
26.5944735430051
14.0558761697733
14.9609699390327
15.0875910879404
23.8837192196295
25.3579212156675
30.0953361140177
25.8013422326243
13.5373847542134
19.4708123017916
17.9176434006066
6.14774183013568
21.7682046678751
15.6090895131459
19.1650302303065
7.46665962063358
14.3384579624728
17.7978757479650
16.7459777513885
11.6987577465986
7.24778824815136
15.1079978555863
14.9881351133522
10.9351471183519
19.8167688034780
21.4198654930161
12.7626422918610
15.6742039842539
4.23466164055642
11.9756914159476
10.5781610774274
24.6956799319314
4.75289155741008
28.3205063070913
12.8923165466723
17.0531502519153
7.94956289741770
19.3881661695994
19.6716995974013
5.45070789989704
12.9810382431453
17.3221675840525
24.4333003981881
14.9412068886687
13.2986344146360
16.5773246753178
11.1536040973714
24.1288945981783
4.69417418189823
33.8838995598204
14.6283825520800
19.6737061666911
15.3433144538590
14.2787408451341
10.6171393315680
23.1811788367201
10.1382627894329
28.4914802845851
3.18522922823460
19.2053801735347
18.3853892356104
11.5033513039679
15.9066006352709
10.7105360262687
25.5936274232884
18.7159006197778
13.9117575402607
24.6403161473996
11.4405769522345
14.7915473130603
19.0100863527760
13.3447818064778
2.85111668095152
13.4745694016544
10.1059560705556
6.49552461391688
16.6033125988430
13.3817663180165
21.9469990691210
11.2707737329786
10.7829513671612
23.5599795569181
10.4678927268099
11.4936155899699
17.8911044856271
8.30237540659900
21.3864554130623
7.45482745555523
18.5586213520832
15.1619489984870
11.2777869832694
13.5504418625372
24.1087252132916
16.5380550785151
6.59789069400214
20.6061469233963
9.66317789187387
13.4058352046003
15.9902406412443
20.7464675501373
12.4991470224972
16.5932375602231
23.3066079925265
14.9682237919332
14.1381595898936
15.7600531352816
11.2680193064265
14.6984628590237
19.3683827264953
24.7525807104956
17.7779328519938
13.4028285016175
14.3782476890927
11.7311536056306
19.5586854097636
24.2720667219007
24.5672117635356
21.9161562172750
17.6900078468044
6.34531787462220
12.0233731818862
18.3434964745002
12.9212124398448
9.62441988745296
23.9105360006337
25.0614400559904
10.9816274618109
5.36255693582828
5.78138619039586
14.2171905917062
10.0862031695976
13.1058536562866
14.1567085772082
8.12316629707899
16.4309617935165
17.0828861173983
16.5846055322398
5.77836755667204
19.6559655394387
16.5699527781463
18.1216134498299
16.4975407312727
22.3167956349831
6.30947184661791
17.4120473804777
14.9402137133309
3.70926967474731
32.5685401629794
21.4801045700434
12.6039096442334
10.3048042203625
14.8236274335940
15.6171586034752
11.7160910742859
24.4279303153910
6.47748083208280
15.4089338401461
20.3605741706957
6.30659566882164
13.4188437229144
19.0122004439360
21.6873770711190
10.7006482164213
14.7730361771032
13.2007917787758
20.7885335093652
12.9289526658156
17.0581048527701
27.0316675980842
10.4873836917091
16.9922739520054
8.35299852388350
11.5888078624378
29.2782462412873
20.3135419308500
18.0427881251762
16.9933495285656
9.94128096122426
28.2398320708534
21.2176517531983
20.2683711198014
26.0325010388937
7.98272674529199
12.4655744997974
13.7838064094393
15.4157947946546
18.1381388076726
17.4528260740918
20.4569870959557
21.1597398524297
4.67822441210338
23.2567474767506
12.9581256903188
6.53910815402223
20.6923799771220
28.5259729800755
7.81205515367755
15.0249747374164
13.9682068948165
26.0059945808654
5.94449347628543
23.4877729457265
15.1926982277672
10.1521176652953
6.33322954660574
17.3195030482979
14.6006487336180
18.7922699628039
16.3854695459849
24.5791912350671
17.0403795723570
20.2476913928477
10.0093710776452
14.6463404307731
31.6291430621444
13.9189778823878
8.30964019196981
8.63347862567575
8.79426594378405
18.3364188556572
25.6484119759879
19.1278544582005
21.0774712202887
20.5268416818199
14.8036954974088
15.9904193831807
14.3388291496935
16.6520593156192
14.1831275125622
14.8888749329827
15.7213243293941
19.1221530903296
10.6083961096860
30.3819663975474
8.10922831183245
20.7169727448124
18.8921445219964
16.6977921956766
15.1344257961774
12.8234898405231
18.2931313077176
15.8877532198514
11.2095676375139
29.2782497823965
9.49142683153592
22.5758752851357
24.1046129572744
10.9968112919155
10.6461348760759
11.9148992715004
3.88112501859963
16.0430902956701
16.5973198143556
18.6980406855077
18.0061768787825
15.5898674378600
8.61640950802595
16.0315656199543
7.82856831163911
15.1295745777632
11.0092375626108
28.9260545783019
14.4877053056203
10.4339071120123
22.7314843239591
13.3680295755586
20.6672436090447
25.2381717678698
23.8137817567076
10.0557938799729
26.4665015099986
30.1476972667383
21.3236475732554
7.66658579681986
12.9501761999596
15.9179867785000
16.3251810957796
3.23902197701714
12.7951598380013
10.5125324916930
12.4210306854947
15.1606165052810
12.5530443658262
18.4138902618757
5.04347250017287
12.3887462049232
16.3756505439051
29.9121481711027
7.04688170044027
5.17081358415675
14.2184024401472
9.96382931297501
17.3409984717237
14.9064556236551
29.6536425559424
13.4016796141379
5.88614549004694
18.5621742713536
12.9905401252642
4.59620832208463
12.0085874041332
12.2355199288179
25.8075456447308
6.81336696501811
20.1681933514135
18.4301083149530
17.3869781000035
18.4515909075613
16.9073216903210
17.3895240417902
3.89951441848854
15.4046671126513
18.8711664881003
22.4869293628543
7.79043117780396
23.0120779020952
11.2166603880121
20.2484730569986
14.1464887184064
14.3460577598865
22.6266020184207
18.9561611587473
28.9112695432024
11.1099297306509
21.5144602614800
11.9542918430997
23.7999054704005
11.0399779930985
29.4303447320958
9.27397836659651
14.5158208341795
17.2267229318289
15.5615601762805
16.4325195905923
29.3440638740585
22.8508125587341
14.6378841893253
12.1756760880043
30.6027591506060
21.5340271927942
11.5029914165838
9.26824279839496
6.22415529257585
15.9332934659756
15.2322068003950
5.69848407297941
12.6482933992100
10.7386619082640
18.8760745863646
23.2299155551629
12.5803343059753
24.2288042404573
9.72986993007101
17.1807450671529
13.8197883021883
14.4856250130949
8.63618774532490
14.3510637514577
11.2018407563222
26.3037656913302
20.5032643162010
11.3072081067786
7.56193164872575
16.3297260825348
16.3835632739920
13.8691603495273
16.5507439416008
6.92543600793481
11.2646825765132
33.1594194804448
22.8862709487588
19.7519086009429
13.1380967840704
17.3297726324987
14.6815916658583
10.1006037052248
14.6914063509931
15.2463451717092
17.3996154088417
9.43215574616959
25.2343055812915
18.3849886433063
7.71504486222212
21.8138153223342
14.8887016394983
10.0512743961700
24.1804303973275
7.94904759319631
16.6033634446133
20.1359309644625
14.0971627141776
16.6508834609458
19.2603711427272
4.08427391037428
15.7099546361535
12.8376284838751
11.6496732942516
20.8686400924929
12.8302184504746
13.7955069371481
15.1961165587166
16.2235367855348
26.9232667404905
11.9725395472306
17.2682464982291
21.7855724752369
21.0681877286586
22.3093951513706
15.4821965553987
30.8551629926354
14.5900980806710
11.1466155843646
9.08870815181674
9.75218632596814
14.1236594766973
10.6150854037262
29.2794007196186
17.3479604542321
5.41834864695877
28.0961930708148
24.9260726447268
7.45814191940593
22.0222413280994
13.4910972070473
27.8348162953521
15.6515678694788
27.2427543034510
7.74205556360841
19.0418702445427
8.87862608603380
11.9381010989018
21.1270931921549
18.5750318110091
10.5316873435552
11.8716789802454
14.4340445645010
14.7352591834552
20.2209737020748
18.9970037587510
5.44973950019632
27.6004958746178
9.50334974943046
15.8547708498105
27.6934586287972
11.8349740994309
26.9615950815989
4.97931637978549
19.0139852485506
17.1077684395131
11.7387494018741
25.3875123572594
17.2467662229764
14.2804544560038
7.36460661698234
13.5844712407219
11.8160586247329
15.2442167237579
13.6818933517989
11.7915569804882
10.8621976510281
11.9070368233453
22.8632431867922
8.62658558874831
18.0482847542363
6.87610957083292
12.5204030737832
9.89414946940362
16.1645249095821
20.0645177734627
8.95596135599077
18.0926552475418
19.7662899956593
12.7016854456643
15.1016370814558
22.3760609259449
14.4946965370097
8.95464012138958
10.8810038663719
9.75277214017123
11.2368359689238
11.7380038607124
15.3084828477547
3.00563669793939
23.2801757561149
22.8883002789635
16.2496225206348
18.4252585304549
18.6830637115952
6.91299839957308
23.6583251030161
5.77210810162977
21.1939714916318
14.7673104058424
19.0039569750329
3.87934876984527
16.5149838498256
14.1739935170015
12.1698659179138
17.0093799092943
15.7574551096457
20.2005671285684
7.33052996583466
18.3710133539992
9.84991100413095
21.7114027191474
22.3596987325411
23.6074276329760
16.2287654604532
15.0163408674392
20.7946825503925
21.3682888042187
11.9805194783031
24.5387988526354
20.5279981732608
22.0580835439148
8.26401811116118
16.1960365660988
12.7935289396632
15.9353685134671
19.6374485532337
8.23522957680531
6.99610409585220
12.7683289636702
3.45026879677511
22.4659592805070
19.5065693441979
20.2100673857090
9.00410618773457
8.31954926901692
15.0104024149921
18.0150587800873
21.4036964330603
7.47779049566114
26.5074982175308
13.8457169835910
22.6357722914687
5.50644626837491
15.8922297859677
24.1533117613134
11.3382557208858
11.1558025107161
5.77725720099079
21.3402264148462
18.5788750652024
12.1397829635624
19.1276167362590
8.25286119173223
15.6423538768946
8.62071732572180
27.7725641498944
16.3267449899115
16.4903842311694
16.8908562701836
15.5781912172916
13.3167599720390
13.8203032265179
14.9357676229781
19.4475159190602
13.1895431520921
11.3223640013912
13.7612877238869
12.9727218271638
15.6709874099273
14.6999886513562
15.1726779504905
22.7684095527136
13.5802705302468
32.6286410301211
13.8381208472285
17.4151382639501
4.80360690627366
6.59075412377066
7.17522434283416
15.3793695811922
3.59291920588259
14.5312115110888
18.0685223132164
18.6114210381690
21.1477161403235
5.61468251105973
5.51483695444389
24.8704878695554
8.64744034792377
17.5840994536229
12.1443078334008
3.81211149411976
14.6803199738834
10.4648458919566
16.4669322209017
20.3261607163306
12.8223403160266
14.8684428162468
18.4880968410759
25.2113219027960
7.26265532270395
21.3305436665665
5.82618541157077
16.1511732452383
10.2912989602868
23.1275232841738
9.38319961526983
18.0807012617356
19.6641853063100
9.73862263596347
15.6800722377163
9.89877518915345
14.1127696562936
18.3378828726219
21.5523166406514
16.1830573535102
11.7074458452773
6.52501852797370
12.4600274495685
19.4159586013671
20.5855887408585
18.6356704522698
25.1927728577483
17.0863530297252
2.81156909941762
15.3933580569673
11.4839191719301
19.3861286114995
8.84007268273287
14.8255999354630
25.6925376512812
12.1219110486796
6.39113841029906
11.2766376803372
13.1914891536172
11.9592951830825
17.7823603966656
15.4778522894005
16.9712795475179
10.3758034739484
22.4612087940520
14.9101889280451
7.17656303390418
12.1097405693640
12.9737254241024
12.9168101240206
23.4029404306621
13.2903572464889
15.8400750380167
2.34253714132775
7.17655281106466
18.8278447239614
15.3097036270068
20.4632143979215
30.4376868176608
10.3774874699997
7.98423255735954
11.4694653794325
17.7188579826692
15.1733106618332
13.0895260011813
13.8369491211033
23.3042362721652
17.3109941178374
8.82437474895532
17.1508968347110
16.6512737762010
19.8198933130327
15.0354827358958
18.7517911629796
6.87156121926451
18.1757708993071
13.7699960802500
20.1706318304014
19.9563604026386
12.4734044879215
18.1011420462909
27.3870561108602
6.91651045036441
23.8808856283305
20.5249344571621
17.7388620587680
18.2394206082567
20.8056708043745
21.8835738466092
11.7663359407251
15.5027137386362
10.8688084581522
5.40317922523397
16.1006200532775
12.1917144897479
10.8152006223278
14.2794399646660
9.86293784012295
17.9525322627979
17.0714678562917
3.03289356555748
14.7050788429746
11.4566400904672
20.9305034944241
19.3514730511659
22.0227576608834
24.5114334115918
14.4627504348239
11.5220215196163
23.5547241389068
10.2194329916146
25.6639237541729
19.1748640063209
10.9982356113560
13.5197233825253
5.52743985805364
13.3768775274277
24.8649970726883
17.6816399007106
17.9717002788523
12.6894431608523
20.7784705135484
11.6046270125325
8.05959236579617
36.4571974821159
18.2905279781121
16.8907926510303
9.42581041952892
5.54264181866373
8.01637556298980
20.0857521239833
20.9621886094940
23.1670176173909
18.6950853189842
16.4740662336291
10.6381020882486
14.0712115776041
12.7173255366409
15.2130466073334
16.4630265971965
18.2634744172624
13.5225474190331
13.2012363289050
28.0705614804732
22.4965125648421
14.6726326079700
15.6585604252115
24.6727982036007
13.8888666942267
14.3584989995473
12.2112509614693
22.7015698322231
16.2355726714551
39.3474389342636
9.96886046478734
18.6986225595470
26.0398802910075
19.8412254092332
8.82922305132224
24.6239985676575
10.3926387322951
16.4944732642695
16.3867515408027
20.7878038544239
28.8089412491140
9.24719514750824
15.2162762085998
12.2163120924443
3.91336591058132
14.4971503046170
14.2686053053688
19.7384926851799
14.8408128575487
5.57976804113755
12.6677228345153
19.7383975208222
25.4934152696574
24.2134271070041
18.5419870283635
5.91193101126865
31.3078627513345
19.7265648397738
7.46101362684722
13.7594990210400
4.18225332848215
23.7043885583683
25.3765978299318
12.9471527214481
17.5100372537125
15.8912747638570
17.0373325469951
16.8902069848822
14.0743784479635
15.7134571880392
6.80388626007225
14.9206807733427
13.9057561732543
22.2440394203683
16.3546711362870
13.5001491965830
12.9300188041665
14.5452203347010
23.0242681935670
29.6807247423307
26.5620530718561
11.6507911054829
8.87068109335467
20.2780976581557
11.6669195404100
15.1979465669708
14.1363195469436
10.1653505180146
18.1731721078765
13.6133974532444
12.7903970810136
21.9294060475182
28.3516492647253
21.6100799149402
19.2656604198792
16.3569761591194
1.73377387798986
16.1987606755332
18.1148762947170
19.5600877229628
10.3312546646765
22.3242299095243
21.4257878515587
26.3719595369950
10.7584818735777
18.9546464986821
17.6079079921494
21.2461198225111
14.3416467170580
9.38367335482219
17.4942445193934
13.2693650106589
13.1995833642581
8.95187081826475
25.7766948288565
12.1267288072093
13.2624785954248
14.2127910777581
20.8392587592555
21.6138734795997
13.4756908536919
17.3657758772823
21.9871283207000
14.1435744308891
12.6234550345775
19.8651797357210
15.1952419118617
17.5927478033535
14.4919133416675
14.9720547714734
14.3784799655596
14.3747496043618
14.2435894393092
13.1215192071231
20.1890906610575
21.6333851513835
6.06149245764605
18.7618919186446
20.6990072993586
13.4090927754267
19.4111440094241
10.4333713222956
13.4484713886932
9.29986508727949
7.20570356661998
20.2713232518255
18.1799339844814
25.0856637512345
14.7186634450958
17.5302683667421
11.6524876077233
14.2941225008471
20.0130600769198
15.7395409955310
11.5603726061057
33.3043221002260
14.0857027989377
29.3801736396434
15.6864677537328
22.9624775339466
18.7211094165624
19.5781179796144
12.8041735670991
21.5188091042255
20.3123770772069
2.35157197134172
14.8431111883459
25.7835677477575
21.7832228526474
25.3417384013430
16.7889733129367
12.3892739750964
16.4395691938688
8.78981178979391
8.63100056635962
19.9511741561167
13.9952555281995
10.0448569223260
25.1059756224001
13.5751864900634
27.3502575872696
17.5352371760407
13.5636888295614
30.6495011544152
9.06766786886243
15.3163407962346
13.2991067488046
17.6157431986902
12.0895538644071
18.3909855351066
11.9155031674638
14.9958801052456
14.8142644340683
21.6699813402435
13.7933797848823
31.3411358651626
15.3729704023556
5.84920853022868
22.5266733546167
11.2202630051884
14.9311417498495
14.3888772182891
16.6372691479101
5.13101989534245
12.6096922067908
21.0946994092568
13.0089232050616
8.13463750577738
29.1501084536181
27.9341527151049
22.8454304921225
18.3197194429500
34.2905254215447
6.93509408426447
12.8274225478474
16.6250643396950
20.9760489227595
12.5561726287751
14.1712614248027
12.4978541761531
14.1129568500014
19.0907820553690
16.7320227958367
30.2067726376103
17.1845105985012
14.4818192475945
17.3125529553815
14.8848338082761
18.6245841559617
16.5239808248164
9.85396442166299
20.2298988176016
6.85220632004758
17.0574330675076
18.8089862167662
6.64407624306043
18.0920173259371
10.5930109987671
21.2351745886395
13.9501681142164
4.61661936594301
8.71644695631288
5.93927870115556
9.96903448747671
17.2216054553227
17.1545037195018
6.79202652895290
19.3015223022480
14.9133519709688
15.3730771510082
14.3527561459951
24.7311991153058
6.49759720226639
20.3776141225635
13.4076458460686
16.5913494008173
23.7527149153523
24.9645435936670
10.8125295286221
16.8324785311017
17.6982154165328
10.6568800227834
13.9873710154911
24.6682084079894
12.7760808564285
































































































































































































































































































































































































































































































































































































































































































































































































































































































































































































































































































































































































































































































































































































































































































































































































































































































































































































































































































































































































































































































































































































































































































































































































































































































































































































































































































































































































































































































































































































































































































































































































































































































































































































































































































































































































































































































































































































































































































































































































































































































































































































































































































































































































































































































































































































































































































































































































































































































































































































































































































































































































































































































































































































































































































































































































































































































































































































































































































































































































































































































































































































































































































































































































































































































































































































































































































































































































































































































































































































































































































































































































































































































































































































































































































































































































































































































































































































































































































































































































































































































































































































































































































































































































































































































































































































































































































































































































































































































































































































































































































































































































































































































































































































































































































































































































































































































































































































































































































































































































































































































































































































































































































































































































































































































































































































































































































































































































































































































































































































































































































































































































































































































































































































































































































































































































































































































































































































































































































































































































































































































































































































































































































































































































































































































































































































































































































































































































































































































































































































































































































































































































































































































































































































































































































































































































































































































































































































































































































































































































































































































































































































































































































































































































































































































































































































































































































































































































































































































































































































































































































































































































































































































































































































































































































































































































































































































































































































































































































































































































































































































































































































































































































































































































































































































































































































































































































































































































































































































































































































































































































































































































































































































































































































































































































































































































































































































































































































































































































































































































































































































































































































































































































































































































































































































































































































































































































































































































































































































































































































































































































































































































































































































































































































































































































































































































































































































































































































































































































































































































































































































































































































































































































































































































































































































































































































































































































































































































































































































































































































































































































































































































































































































































































































































































































































































































































































































































































































































































































































































































































































































































































































































































































































































































































































































































































































































































































































































































































































































































































































































































































































































































































































































































































































































































































































































































































































































































































































































































































































































































































































































































































































































































































































































































































































































































































































































































































































































































































































































































































































































































































































































































































































































































































































































































































































































































































































































































































































































































































































































































































































































































































































































































































































































































































































































































































































































































































































































































































































































































































































































































































































































































































































































































































































































































































































































































































































































































































































































































































































































































































































































































































































































































































































































































































































































































































































































































































































































































































































































































































































































































































































































































































































































































































































































































































































































































































































































































































































































































































































































































































































































































































































































































































































































































































































































































































































































































































































































































































































































































































































































































































































































































































































































































































































































































































































































































































































































































































































































































































































































































































































































































































































































































































































































































































































































































































































































































































































































































































































































































































































































































































































































































































































































































































































































































































































































































































































































































































































































































































































































































































































































































































































































































































































































































































































































































































































































































































































































































































































































































































































































































































































































































































































































































































































































































































































































































































































































































































































































































































































































































































































































































































































































































































































































































































































































































































































































































































































































































































































































































































































































































































































































































































































































































































































































































































































































































































































































































































































































































































































































































































































































































































































































































































































































































































































































































































































































































































































































































































































































































































































































































































































































































































































































































































































































































































































































































































































































































































































































































































































































































































































































































































































































































































































































































































































































































































































































































































































































































































































































































































































































































































































































































































































































































































































































































































































































































































































































































































































































































































































































































































































































































































































































































































































































































































































































































































































































































































































































































































































































































































































































































































































































































































































































































































































































































































































































































































































































































































































































































































































































































































































































































































































































































































































































































































































































































































































































































































































































































































































































































































































































































































































































































































































































































































































































































































































































































































































































































































































































































































































































































































































































































































































































































































































































































































































































































































































































































































































































































































































































































































































































































































































































































































































































































































































































































































































































































































































































































































































































































































































































































































































































































































































































































































































































































































































































































































































































































































































































































































































































































































































































































































































































































































































































































































































































































































































































































































































































































































































































































































































































































































































































































































































































































































































































































































































































































































































































































































































































































































































































































































































































































































































































































































































































































































































































































































































































































































































































































































































































































































































































































































































































































































































































































































































































































































































































































































